event_sequence,source_channel,source_event_exchange_time_ms,source_local_receive_ts_ns,candidate_age_seconds_at_eval,side,quote_px,bid,ask,spread_ticks,order_size_btc,same_side_top_qty_btc,same_side_top_order_count,top_depth_multiple_of_order,rolling_trade_count_last_3s,touch_trade_qty_btc,strict_trade_through_qty_btc,at_or_through_trade_qty_btc,required_depletion_qty_btc,queue_depletion_multiple,public_depletion_status,quality_bucket,dynamic_size_btc,allowed,skip_reason,bbo_history_count,bbo_history_span_ms,last_l2_age_ms,same_touch_bbo_count,bbo_history_status,freshness_source,touch_stability_ms,last_touch_change_ms,previous_top_qty,current_top_qty,reset_qty_delta,previous_order_count,current_order_count,reset_order_count_delta,top_reset_status,top_reset_reason,fresh_touch_evidence_status,fresh_touch_evidence_reason,fresh_touch_block_reason,queue_reset_block_reason,local_receive_ordering_status,exchange_time_ordering_status,inference_scope
1,l2Book,1783579370923,1783579371847583030,0.924775,buy,62792,62792,62793,1,0.005,12.58018,47,2516.036,0,0,0,0,12.58518,0,not_depleted,,0.0,False,missing_same_side_strict_through_support;missing_touch_freshness_or_queue_reset_evidence;missing_recent_same_side_at_or_through_throughput,1,0,0,1,bbo_history_too_sparse,synthetic_current_event_only,,,,12.58018,,,47,,missing,bbo_history_too_sparse,block,bbo_history_too_sparse,bbo_history_too_sparse,bbo_history_too_sparse,latest_l2_received_before_or_at_candidate,latest_l2_exchange_time_equal_candidate,event_driven_current_l2_plus_rolling_public_trades_proxy_not_exact_queue_or_fill_probability
2,trades,1783579371012,1783579371848845655,0.836966,buy,62792,62792,62793,1,0.005,12.58018,47,2516.036,3,0.03804,0,0.03804,12.58518,0.003022602775645640348409796284,touched_quote_without_depletion,,0.005,False,missing_same_side_strict_through_support;missing_touch_freshness_or_queue_reset_evidence,1,0,89,1,bbo_history_too_sparse,synthetic_current_event_only,,,,12.58018,,,47,,missing,bbo_history_too_sparse,block,bbo_history_too_sparse,bbo_history_too_sparse,bbo_history_too_sparse,latest_l2_received_before_or_at_candidate,latest_l2_exchange_time_before_candidate,event_driven_current_l2_plus_rolling_public_trades_proxy_not_exact_queue_or_fill_probability
3,l2Book,1783579371530,1783579371947547813,0.417724,buy,62792,62792,62793,1,0.005,24.42246,61,4884.492,3,0.03804,0,0.03804,24.42746,0.001557263833407157354878485115,touched_quote_without_depletion,,0.005,False,missing_same_side_strict_through_support,2,607,0,2,same_touch_stable_enough,real_bbo_history_touch_stability,607,1783579370923,12.58018,24.42246,11.84228,47,61,14,not_reset,history_present_no_reset,pass,,,history_present_no_reset,latest_l2_received_before_or_at_candidate,latest_l2_exchange_time_equal_candidate,event_driven_current_l2_plus_rolling_public_trades_proxy_not_exact_queue_or_fill_probability
4,trades,1783579372017,1783579372425145430,0.40829,buy,62792,62792,62793,1,0.005,24.42246,61,4884.492,4,0.03848,0,0.03848,24.42746,0.001575276348830373686007468644,touched_quote_without_depletion,,0.005,False,missing_same_side_strict_through_support,2,607,487,2,same_touch_stable_enough,real_bbo_history_touch_stability,1094,1783579370923,12.58018,24.42246,11.84228,47,61,14,not_reset,history_present_no_reset,pass,,,history_present_no_reset,latest_l2_received_before_or_at_candidate,latest_l2_exchange_time_before_candidate,event_driven_current_l2_plus_rolling_public_trades_proxy_not_exact_queue_or_fill_probability
5,l2Book,1783579372136,1783579372541907484,0.406049,buy,62792,62792,62793,1,0.005,23.35818,63,4671.636,3,0.00044,0,0.00044,23.36318,0.00001883305269231328954363233087,touched_quote_without_depletion,,0.00011,False,missing_same_side_strict_through_support,3,1213,0,3,same_touch_stable_enough,real_bbo_history_touch_stability,1213,1783579370923,24.42246,23.35818,-1.06428,61,63,2,not_reset,history_present_no_reset,pass,,,history_present_no_reset,latest_l2_received_before_or_at_candidate,latest_l2_exchange_time_equal_candidate,event_driven_current_l2_plus_rolling_public_trades_proxy_not_exact_queue_or_fill_probability
6,l2Book,1783579372743,1783579373157533898,0.414686,buy,62792,62792,62793,1,0.005,25.78148,70,5156.296,3,0.00044,0,0.00044,25.78648,0.0000170632052145155135559409427,touched_quote_without_depletion,,0.00011,False,missing_same_side_strict_through_support,4,1820,0,4,same_touch_stable_enough,real_bbo_history_touch_stability,1820,1783579370923,24.42246,25.78148,1.35902,63,70,7,not_reset,history_present_no_reset,pass,,,history_present_no_reset,latest_l2_received_before_or_at_candidate,latest_l2_exchange_time_equal_candidate,event_driven_current_l2_plus_rolling_public_trades_proxy_not_exact_queue_or_fill_probability
7,trades,1783579372819,1783579373181410323,0.362542,buy,62792,62792,62793,1,0.005,25.78148,70,5156.296,4,0.00044,0,0.00044,25.78648,0.0000170632052145155135559409427,touched_quote_without_depletion,,0.00011,False,missing_same_side_strict_through_support,4,1820,76,4,same_touch_stable_enough,real_bbo_history_touch_stability,1896,1783579370923,24.42246,25.78148,1.35902,63,70,7,not_reset,history_present_no_reset,pass,,,history_present_no_reset,latest_l2_received_before_or_at_candidate,latest_l2_exchange_time_before_candidate,event_driven_current_l2_plus_rolling_public_trades_proxy_not_exact_queue_or_fill_probability
8,trades,1783579372947,1783579373248807774,0.30195,buy,62792,62792,62793,1,0.005,25.78148,70,5156.296,5,0.00044,0,0.00044,25.78648,0.0000170632052145155135559409427,touched_quote_without_depletion,,0.00011,False,missing_same_side_strict_through_support,4,1820,204,4,same_touch_stable_enough,real_bbo_history_touch_stability,2024,1783579370923,24.42246,25.78148,1.35902,63,70,7,not_reset,history_present_no_reset,pass,,,history_present_no_reset,latest_l2_received_before_or_at_candidate,latest_l2_exchange_time_before_candidate,event_driven_current_l2_plus_rolling_public_trades_proxy_not_exact_queue_or_fill_probability
9,trades,1783579373022,1783579373417557644,0.395767,buy,62792,62792,62793,1,0.005,25.78148,70,5156.296,31,0.00044,0,0.00044,25.78648,0.0000170632052145155135559409427,touched_quote_without_depletion,,0.00011,False,missing_same_side_strict_through_support,4,1820,279,4,same_touch_stable_enough,real_bbo_history_touch_stability,2099,1783579370923,24.42246,25.78148,1.35902,63,70,7,not_reset,history_present_no_reset,pass,,,history_present_no_reset,latest_l2_received_before_or_at_candidate,latest_l2_exchange_time_before_candidate,event_driven_current_l2_plus_rolling_public_trades_proxy_not_exact_queue_or_fill_probability
10,l2Book,1783579373352,1783579373750949400,0.399113,buy,62805,62805,62806,1,0.005,7.59035,52,1518.07,31,0,0.00112,0.00112,7.59535,0.0001474586424588728630017049906,strict_trade_through_seen_but_visible_top_not_depleted,,0.00028,False,missing_touch_freshness_or_queue_reset_evidence,5,2429,0,1,same_touch_seen_but_not_stable,real_bbo_history_insufficient,0,1783579373352,,7.59035,,,52,,missing,no_prior_same_touch_bbo,block,no_prior_same_touch_bbo,same_touch_seen_but_not_stable,no_prior_same_touch_bbo,latest_l2_received_before_or_at_candidate,latest_l2_exchange_time_equal_candidate,event_driven_current_l2_plus_rolling_public_trades_proxy_not_exact_queue_or_fill_probability
11,l2Book,1783579373966,1783579374296436702,0.330604,buy,62805,62805,62806,1,0.005,8.59928,46,1719.856,31,0,0.00112,0.00112,8.60428,0.0001301677769668118657226403604,strict_trade_through_seen_but_visible_top_not_depleted,,0.00028,False,outside_quality_a_b_queue_bands,6,3043,0,2,same_touch_stable_enough,real_bbo_history_touch_stability,614,1783579373352,7.59035,8.59928,1.00893,52,46,-6,reset_supported,same_touch_top_qty_or_order_count_reduced,pass,,,,latest_l2_received_before_or_at_candidate,latest_l2_exchange_time_equal_candidate,event_driven_current_l2_plus_rolling_public_trades_proxy_not_exact_queue_or_fill_probability
12,trades,1783579373966,1783579374296791716,0.330851,buy,62805,62805,62806,1,0.005,8.59928,46,1719.856,32,0.0184,0.00112,0.01952,8.60428,0.002268638398564435374023160567,strict_trade_through_seen_but_visible_top_not_depleted,,0.002,False,outside_quality_a_b_queue_bands,6,3043,0,2,same_touch_stable_enough,real_bbo_history_touch_stability,614,1783579373352,7.59035,8.59928,1.00893,52,46,-6,reset_supported,same_touch_top_qty_or_order_count_reduced,pass,,,,latest_l2_received_before_or_at_candidate,latest_l2_exchange_time_equal_candidate,event_driven_current_l2_plus_rolling_public_trades_proxy_not_exact_queue_or_fill_probability
13,l2Book,1783579374565,1783579374943319317,0.378503,buy,62805,62805,62806,1,0.005,2.65682,21,531.364,31,0.0184,0.00112,0.01952,2.66182,0.007333328324229286728629283723,strict_trade_through_seen_but_visible_top_not_depleted,,0.002,False,outside_quality_a_b_queue_bands,7,3642,0,3,same_touch_stable_enough,real_bbo_history_touch_stability,1213,1783579373352,8.59928,2.65682,-5.94246,52,21,-31,reset_supported,same_touch_top_qty_or_order_count_reduced,pass,,,,latest_l2_received_before_or_at_candidate,latest_l2_exchange_time_equal_candidate,event_driven_current_l2_plus_rolling_public_trades_proxy_not_exact_queue_or_fill_probability
14,l2Book,1783579375227,1783579375516004579,0.289197,buy,62805,62805,62806,1,0.005,19.2638,58,3852.76,29,0.0184,0.00068,0.01908,19.2688,0.0009902017769658722909574026405,strict_trade_through_seen_but_visible_top_not_depleted,,0.002,False,outside_quality_a_b_queue_bands,8,4304,0,4,same_touch_stable_enough,real_bbo_history_touch_stability,1875,1783579373352,8.59928,19.2638,10.66452,52,58,6,not_reset,history_present_no_reset,pass,,,history_present_no_reset,latest_l2_received_before_or_at_candidate,latest_l2_exchange_time_equal_candidate,event_driven_current_l2_plus_rolling_public_trades_proxy_not_exact_queue_or_fill_probability
15,l2Book,1783579375768,1783579376193354583,0.425524,buy,62806,62806,62807,1,0.005,68.64857,413,13729.714,29,0,0.01908,0.01908,68.65357,0.0002779170842827255742126738639,strict_trade_through_seen_but_visible_top_not_depleted,,0.00477,False,missing_touch_freshness_or_queue_reset_evidence,9,4845,0,1,same_touch_seen_but_not_stable,real_bbo_history_insufficient,0,1783579375768,,68.64857,,,413,,missing,no_prior_same_touch_bbo,block,no_prior_same_touch_bbo,same_touch_seen_but_not_stable,no_prior_same_touch_bbo,latest_l2_received_before_or_at_candidate,latest_l2_exchange_time_equal_candidate,event_driven_current_l2_plus_rolling_public_trades_proxy_not_exact_queue_or_fill_probability
16,trades,1783579375965,1783579376291343388,0.326514,buy,62806,62806,62807,1,0.005,68.64857,413,13729.714,35,0,0.01908,0.01908,68.65357,0.0002779170842827255742126738639,strict_trade_through_seen_but_visible_top_not_depleted,,0.00477,False,missing_touch_freshness_or_queue_reset_evidence,9,4845,197,1,same_touch_seen_but_not_stable,real_bbo_history_insufficient,197,1783579375768,,68.64857,,,413,,missing,no_prior_same_touch_bbo,block,no_prior_same_touch_bbo,same_touch_seen_but_not_stable,no_prior_same_touch_bbo,latest_l2_received_before_or_at_candidate,latest_l2_exchange_time_before_candidate,event_driven_current_l2_plus_rolling_public_trades_proxy_not_exact_queue_or_fill_probability
17,trades,1783579376038,1783579376848290819,0.810441,buy,62806,62806,62807,1,0.005,68.64857,413,13729.714,10,0,0.0184,0.0184,68.65357,0.0002680122825368003441044653614,strict_trade_through_seen_but_visible_top_not_depleted,,0.002,False,outside_quality_a_b_queue_bands,9,4845,270,1,same_touch_stable_enough,real_bbo_history_touch_stability,270,1783579375768,,68.64857,,,413,,missing,no_prior_same_touch_bbo,pass,,,no_prior_same_touch_bbo,latest_l2_received_before_or_at_candidate,latest_l2_exchange_time_before_candidate,event_driven_current_l2_plus_rolling_public_trades_proxy_not_exact_queue_or_fill_probability
18,l2Book,1783579376375,1783579376848645456,0.47371,buy,62808,62808,62809,1,0.005,68.5316,341,13706.32,10,0.08287,0.0184,0.10127,68.5366,0.001477604666703629885345931955,strict_trade_through_seen_but_visible_top_not_depleted,,0.005,False,missing_touch_freshness_or_queue_reset_evidence,10,5452,0,1,same_touch_seen_but_not_stable,real_bbo_history_insufficient,0,1783579376375,,68.5316,,,341,,missing,no_prior_same_touch_bbo,block,no_prior_same_touch_bbo,same_touch_seen_but_not_stable,no_prior_same_touch_bbo,latest_l2_received_before_or_at_candidate,latest_l2_exchange_time_equal_candidate,event_driven_current_l2_plus_rolling_public_trades_proxy_not_exact_queue_or_fill_probability
19,l2Book,1783579376841,1783579377109123008,0.268301,buy,62808,62808,62809,1,0.005,59.44713,283,11889.426,10,0.08287,0.0184,0.10127,59.45213,0.001703387246176041127542444653,strict_trade_through_seen_but_visible_top_not_depleted,,0.002,False,outside_quality_a_b_queue_bands,11,5918,0,2,same_touch_stable_enough,real_bbo_history_touch_stability,466,1783579376375,68.5316,59.44713,-9.08447,341,283,-58,reset_supported,same_touch_top_qty_or_order_count_reduced,pass,,,,latest_l2_received_before_or_at_candidate,latest_l2_exchange_time_equal_candidate,event_driven_current_l2_plus_rolling_public_trades_proxy_not_exact_queue_or_fill_probability
20,l2Book,1783579377368,1783579377774253657,0.406428,buy,62808,62808,62809,1,0.005,49.51224,254,9902.448,9,0.08287,0,0.08287,49.51724,0.001673558542438956613898512922,touched_quote_without_depletion,,0.005,False,missing_same_side_strict_through_support,12,6445,0,3,same_touch_stable_enough,real_bbo_history_touch_stability,993,1783579376375,68.5316,49.51224,-19.01936,341,254,-87,reset_supported,same_touch_top_qty_or_order_count_reduced,pass,,,,latest_l2_received_before_or_at_candidate,latest_l2_exchange_time_equal_candidate,event_driven_current_l2_plus_rolling_public_trades_proxy_not_exact_queue_or_fill_probability
21,l2Book,1783579377969,1783579378381809894,0.41299,buy,62808,62808,62809,1,0.005,29.1745,161,5834.9,9,0.08287,0,0.08287,29.1795,0.002840007539539745369180417759,touched_quote_without_depletion,,0.005,False,missing_same_side_strict_through_support,13,7046,0,4,same_touch_stable_enough,real_bbo_history_touch_stability,1594,1783579376375,68.5316,29.1745,-39.3571,341,161,-180,reset_supported,same_touch_top_qty_or_order_count_reduced,pass,,,,latest_l2_received_before_or_at_candidate,latest_l2_exchange_time_equal_candidate,event_driven_current_l2_plus_rolling_public_trades_proxy_not_exact_queue_or_fill_probability
22,l2Book,1783579378569,1783579378875205430,0.306403,buy,62808,62808,62809,1,0.005,29.57497,164,5914.994,9,0.08287,0,0.08287,29.57997,0.002801557946137200274374855688,touched_quote_without_depletion,,0.005,False,missing_same_side_strict_through_support,14,7646,0,5,same_touch_stable_enough,real_bbo_history_touch_stability,2194,1783579376375,68.5316,29.57497,-38.95663,341,164,-177,reset_supported,same_touch_top_qty_or_order_count_reduced,pass,,,,latest_l2_received_before_or_at_candidate,latest_l2_exchange_time_equal_candidate,event_driven_current_l2_plus_rolling_public_trades_proxy_not_exact_queue_or_fill_probability
23,l2Book,1783579379171,1783579379546224498,0.375423,buy,62808,62808,62809,1,0.005,30.96824,166,6193.648,0,0,0,0,30.97324,0,not_depleted,,0.0,False,missing_same_side_strict_through_support;missing_recent_same_side_at_or_through_throughput,15,8248,0,6,same_touch_stable_enough,real_bbo_history_touch_stability,2796,1783579376375,68.5316,30.96824,-37.56336,341,166,-175,reset_supported,same_touch_top_qty_or_order_count_reduced,pass,,,,latest_l2_received_before_or_at_candidate,latest_l2_exchange_time_equal_candidate,event_driven_current_l2_plus_rolling_public_trades_proxy_not_exact_queue_or_fill_probability
24,l2Book,1783579379774,1783579380088421920,0.314594,buy,62808,62808,62809,1,0.005,33.59759,169,6719.518,0,0,0,0,33.60259,0,not_depleted,,0.0,False,missing_same_side_strict_through_support;missing_recent_same_side_at_or_through_throughput,16,8851,0,7,same_touch_stable_enough,real_bbo_history_touch_stability,3399,1783579376375,68.5316,33.59759,-34.93401,341,169,-172,reset_supported,same_touch_top_qty_or_order_count_reduced,pass,,,,latest_l2_received_before_or_at_candidate,latest_l2_exchange_time_equal_candidate,event_driven_current_l2_plus_rolling_public_trades_proxy_not_exact_queue_or_fill_probability
25,l2Book,1783579380379,1783579380751982149,0.37316,buy,62808,62808,62809,1,0.005,12.59868,49,2519.736,0,0,0,0,12.60368,0,not_depleted,,0.0,False,missing_same_side_strict_through_support;missing_recent_same_side_at_or_through_throughput,17,9456,0,8,same_touch_stable_enough,real_bbo_history_touch_stability,4004,1783579376375,68.5316,12.59868,-55.93292,341,49,-292,reset_supported,same_touch_top_qty_or_order_count_reduced,pass,,,,latest_l2_received_before_or_at_candidate,latest_l2_exchange_time_equal_candidate,event_driven_current_l2_plus_rolling_public_trades_proxy_not_exact_queue_or_fill_probability
26,l2Book,1783579380975,1783579381318572714,0.343755,buy,62808,62808,62809,1,0.005,12.59869,49,2519.738,0,0,0,0,12.60369,0,not_depleted,,0.0,False,missing_same_side_strict_through_support;missing_recent_same_side_at_or_through_throughput,18,10052,0,9,same_touch_stable_enough,real_bbo_history_touch_stability,4600,1783579376375,68.5316,12.59869,-55.93291,341,49,-292,reset_supported,same_touch_top_qty_or_order_count_reduced,pass,,,,latest_l2_received_before_or_at_candidate,latest_l2_exchange_time_equal_candidate,event_driven_current_l2_plus_rolling_public_trades_proxy_not_exact_queue_or_fill_probability
27,l2Book,1783579381519,1783579381894062687,0.375255,buy,62808,62808,62809,1,0.005,12.99693,51,2599.386,0,0,0,0,13.00193,0,not_depleted,,0.0,False,missing_same_side_strict_through_support;missing_recent_same_side_at_or_through_throughput,19,10596,0,10,same_touch_stable_enough,real_bbo_history_touch_stability,5144,1783579376375,68.5316,12.99693,-55.53467,341,51,-290,reset_supported,same_touch_top_qty_or_order_count_reduced,pass,,,,latest_l2_received_before_or_at_candidate,latest_l2_exchange_time_equal_candidate,event_driven_current_l2_plus_rolling_public_trades_proxy_not_exact_queue_or_fill_probability
28,l2Book,1783579382076,1783579382401974458,0.326161,buy,62808,62808,62809,1,0.005,9.43679,45,1887.358,0,0,0,0,9.44179,0,not_depleted,,0.0,False,missing_same_side_strict_through_support;missing_recent_same_side_at_or_through_throughput,20,11153,0,11,same_touch_stable_enough,real_bbo_history_touch_stability,5701,1783579376375,68.5316,9.43679,-59.09481,341,45,-296,reset_supported,same_touch_top_qty_or_order_count_reduced,pass,,,,latest_l2_received_before_or_at_candidate,latest_l2_exchange_time_equal_candidate,event_driven_current_l2_plus_rolling_public_trades_proxy_not_exact_queue_or_fill_probability
29,trades,1783579382076,1783579382402428868,0.326523,buy,62808,62808,62809,1,0.005,9.43679,45,1887.358,3,0.03115,0,0.03115,9.44179,0.003299162552863387133160131712,touched_quote_without_depletion,,0.005,False,missing_same_side_strict_through_support,20,11153,0,11,same_touch_stable_enough,real_bbo_history_touch_stability,5701,1783579376375,68.5316,9.43679,-59.09481,341,45,-296,reset_supported,same_touch_top_qty_or_order_count_reduced,pass,,,,latest_l2_received_before_or_at_candidate,latest_l2_exchange_time_equal_candidate,event_driven_current_l2_plus_rolling_public_trades_proxy_not_exact_queue_or_fill_probability
30,l2Book,1783579382591,1783579382904600557,0.313807,buy,62808,62808,62809,1,0.005,9.25589,46,1851.178,3,0.03115,0,0.03115,9.26089,0.003363607601429236282905854621,touched_quote_without_depletion,,0.005,False,missing_same_side_strict_through_support,21,11668,0,12,same_touch_stable_enough,real_bbo_history_touch_stability,6216,1783579376375,68.5316,9.25589,-59.27571,341,46,-295,reset_supported,same_touch_top_qty_or_order_count_reduced,pass,,,,latest_l2_received_before_or_at_candidate,latest_l2_exchange_time_equal_candidate,event_driven_current_l2_plus_rolling_public_trades_proxy_not_exact_queue_or_fill_probability
31,l2Book,1783579383125,1783579383483922719,0.359143,buy,62808,62808,62809,1,0.005,14.60864,57,2921.728,3,0.03115,0,0.03115,14.61364,0.002131570231646598657144968673,touched_quote_without_depletion,,0.005,False,missing_same_side_strict_through_support,22,12202,0,13,same_touch_stable_enough,real_bbo_history_touch_stability,6750,1783579376375,68.5316,14.60864,-53.92296,341,57,-284,reset_supported,same_touch_top_qty_or_order_count_reduced,pass,,,,latest_l2_received_before_or_at_candidate,latest_l2_exchange_time_equal_candidate,event_driven_current_l2_plus_rolling_public_trades_proxy_not_exact_queue_or_fill_probability
32,trades,1783579383506,1783579383717290977,0.211485,buy,62808,62808,62809,1,0.005,14.60864,57,2921.728,4,0.03212,0,0.03212,14.61364,0.002197946575938643623354619383,touched_quote_without_depletion,,0.005,False,missing_same_side_strict_through_support,22,12202,381,13,same_touch_stable_enough,real_bbo_history_touch_stability,7131,1783579376375,68.5316,14.60864,-53.92296,341,57,-284,reset_supported,same_touch_top_qty_or_order_count_reduced,pass,,,,latest_l2_received_before_or_at_candidate,latest_l2_exchange_time_before_candidate,event_driven_current_l2_plus_rolling_public_trades_proxy_not_exact_queue_or_fill_probability
33,l2Book,1783579383739,1783579384130131388,0.391355,buy,62808,62808,62809,1,0.005,8.68346,47,1736.692,4,0.03212,0,0.03212,8.68846,0.00369685767097966728280961183,touched_quote_without_depletion,,0.005,False,missing_same_side_strict_through_support,23,12816,0,14,same_touch_stable_enough,real_bbo_history_touch_stability,7364,1783579376375,68.5316,8.68346,-59.84814,341,47,-294,reset_supported,same_touch_top_qty_or_order_count_reduced,pass,,,,latest_l2_received_before_or_at_candidate,latest_l2_exchange_time_equal_candidate,event_driven_current_l2_plus_rolling_public_trades_proxy_not_exact_queue_or_fill_probability
34,trades,1783579383942,1783579384216123946,0.274357,buy,62808,62808,62809,1,0.005,8.68346,47,1736.692,5,0.03212,0,0.03212,8.68846,0.00369685767097966728280961183,touched_quote_without_depletion,,0.005,False,missing_same_side_strict_through_support,23,12816,203,14,same_touch_stable_enough,real_bbo_history_touch_stability,7567,1783579376375,68.5316,8.68346,-59.84814,341,47,-294,reset_supported,same_touch_top_qty_or_order_count_reduced,pass,,,,latest_l2_received_before_or_at_candidate,latest_l2_exchange_time_before_candidate,event_driven_current_l2_plus_rolling_public_trades_proxy_not_exact_queue_or_fill_probability
35,trades,1783579384045,1783579384373839287,0.329037,buy,62808,62808,62809,1,0.005,8.68346,47,1736.692,6,0.0329,0,0.0329,8.68846,0.003786631923263731432267628556,touched_quote_without_depletion,,0.005,False,missing_same_side_strict_through_support,23,12816,306,14,same_touch_stable_enough,real_bbo_history_touch_stability,7670,1783579376375,68.5316,8.68346,-59.84814,341,47,-294,reset_supported,same_touch_top_qty_or_order_count_reduced,pass,,,,latest_l2_received_before_or_at_candidate,latest_l2_exchange_time_before_candidate,event_driven_current_l2_plus_rolling_public_trades_proxy_not_exact_queue_or_fill_probability
36,l2Book,1783579384247,1783579384648442403,0.401654,buy,62808,62808,62809,1,0.005,10.22414,48,2044.828,6,0.0329,0,0.0329,10.22914,0.003216301663678471503958299525,touched_quote_without_depletion,,0.005,False,missing_same_side_strict_through_support,24,13324,0,15,same_touch_stable_enough,real_bbo_history_touch_stability,7872,1783579376375,68.5316,10.22414,-58.30746,341,48,-293,reset_supported,same_touch_top_qty_or_order_count_reduced,pass,,,,latest_l2_received_before_or_at_candidate,latest_l2_exchange_time_equal_candidate,event_driven_current_l2_plus_rolling_public_trades_proxy_not_exact_queue_or_fill_probability
37,trades,1783579384247,1783579384648867754,0.401967,buy,62808,62808,62809,1,0.005,10.22414,48,2044.828,7,0.03436,0,0.03436,10.22914,0.00335903115999976537617043075,touched_quote_without_depletion,,0.005,False,missing_same_side_strict_through_support,24,13324,0,15,same_touch_stable_enough,real_bbo_history_touch_stability,7872,1783579376375,68.5316,10.22414,-58.30746,341,48,-293,reset_supported,same_touch_top_qty_or_order_count_reduced,pass,,,,latest_l2_received_before_or_at_candidate,latest_l2_exchange_time_equal_candidate,event_driven_current_l2_plus_rolling_public_trades_proxy_not_exact_queue_or_fill_probability
38,l2Book,1783579384794,1783579385132181250,0.338422,buy,62808,62808,62809,1,0.005,8.2569,45,1651.38,7,0.03436,0,0.03436,8.2619,0.004158849659279342524116728598,touched_quote_without_depletion,,0.005,False,missing_same_side_strict_through_support,25,13871,0,16,same_touch_stable_enough,real_bbo_history_touch_stability,8419,1783579376375,68.5316,8.2569,-60.2747,341,45,-296,reset_supported,same_touch_top_qty_or_order_count_reduced,pass,,,,latest_l2_received_before_or_at_candidate,latest_l2_exchange_time_equal_candidate,event_driven_current_l2_plus_rolling_public_trades_proxy_not_exact_queue_or_fill_probability
39,l2Book,1783579385339,1783579385641467696,0.30269,buy,62808,62808,62809,1,0.005,10.19794,48,2039.588,4,0.00321,0,0.00321,10.20294,0.0003146151991484807320242988786,touched_quote_without_depletion,,0.0008,False,missing_same_side_strict_through_support,26,14416,0,17,same_touch_stable_enough,real_bbo_history_touch_stability,8964,1783579376375,68.5316,10.19794,-58.33366,341,48,-293,reset_supported,same_touch_top_qty_or_order_count_reduced,pass,,,,latest_l2_received_before_or_at_candidate,latest_l2_exchange_time_equal_candidate,event_driven_current_l2_plus_rolling_public_trades_proxy_not_exact_queue_or_fill_probability
40,l2Book,1783579385971,1783579386328609686,0.357844,buy,62808,62808,62809,1,0.005,7.45096,41,1490.192,4,0.00321,0,0.00321,7.45596,0.0004305280607728582234883234352,touched_quote_without_depletion,,0.0008,False,missing_same_side_strict_through_support,27,15048,0,18,same_touch_stable_enough,real_bbo_history_touch_stability,9596,1783579376375,68.5316,7.45096,-61.08064,341,41,-300,reset_supported,same_touch_top_qty_or_order_count_reduced,pass,,,,latest_l2_received_before_or_at_candidate,latest_l2_exchange_time_equal_candidate,event_driven_current_l2_plus_rolling_public_trades_proxy_not_exact_queue_or_fill_probability
41,trades,1783579386072,1783579386692594630,0.620807,buy,62808,62808,62809,1,0.005,7.45096,41,1490.192,6,0.00321,0,0.00321,7.45596,0.0004305280607728582234883234352,touched_quote_without_depletion,,0.0008,False,missing_same_side_strict_through_support,27,15048,101,18,same_touch_stable_enough,real_bbo_history_touch_stability,9697,1783579376375,68.5316,7.45096,-61.08064,341,41,-300,reset_supported,same_touch_top_qty_or_order_count_reduced,pass,,,,latest_l2_received_before_or_at_candidate,latest_l2_exchange_time_before_candidate,event_driven_current_l2_plus_rolling_public_trades_proxy_not_exact_queue_or_fill_probability
42,l2Book,1783579386478,1783579386846626795,0.368849,buy,62808,62808,62809,1,0.005,9.19275,43,1838.55,6,0.00321,0,0.00321,9.19775,0.0003489983963469326737517327607,touched_quote_without_depletion,,0.0008,False,missing_same_side_strict_through_support,28,15555,0,19,same_touch_stable_enough,real_bbo_history_touch_stability,10103,1783579376375,68.5316,9.19275,-59.33885,341,43,-298,reset_supported,same_touch_top_qty_or_order_count_reduced,pass,,,,latest_l2_received_before_or_at_candidate,latest_l2_exchange_time_equal_candidate,event_driven_current_l2_plus_rolling_public_trades_proxy_not_exact_queue_or_fill_probability
43,trades,1783579386780,1783579387061522562,0.281754,buy,62808,62808,62809,1,0.005,9.19275,43,1838.55,7,0.00831,0,0.00831,9.19775,0.0009034818297953303797124296703,touched_quote_without_depletion,,0.00207,False,missing_same_side_strict_through_support,28,15555,302,19,same_touch_stable_enough,real_bbo_history_touch_stability,10405,1783579376375,68.5316,9.19275,-59.33885,341,43,-298,reset_supported,same_touch_top_qty_or_order_count_reduced,pass,,,,latest_l2_received_before_or_at_candidate,latest_l2_exchange_time_before_candidate,event_driven_current_l2_plus_rolling_public_trades_proxy_not_exact_queue_or_fill_probability
44,l2Book,1783579386984,1783579387412419831,0.428667,buy,62808,62808,62809,1,0.005,7.44489,41,1488.978,6,0.00831,0,0.00831,7.44989,0.001115452711382315712044070449,touched_quote_without_depletion,,0.00207,False,missing_same_side_strict_through_support,29,16061,0,20,same_touch_stable_enough,real_bbo_history_touch_stability,10609,1783579376375,68.5316,7.44489,-61.08671,341,41,-300,reset_supported,same_touch_top_qty_or_order_count_reduced,pass,,,,latest_l2_received_before_or_at_candidate,latest_l2_exchange_time_equal_candidate,event_driven_current_l2_plus_rolling_public_trades_proxy_not_exact_queue_or_fill_probability
45,trades,1783579387085,1783579387452929781,0.368148,buy,62808,62808,62809,1,0.005,7.44489,41,1488.978,6,0.01291,0,0.01291,7.44989,0.001732911492652911653729115463,touched_quote_without_depletion,,0.00322,False,missing_same_side_strict_through_support,29,16061,101,20,same_touch_stable_enough,real_bbo_history_touch_stability,10710,1783579376375,68.5316,7.44489,-61.08671,341,41,-300,reset_supported,same_touch_top_qty_or_order_count_reduced,pass,,,,latest_l2_received_before_or_at_candidate,latest_l2_exchange_time_before_candidate,event_driven_current_l2_plus_rolling_public_trades_proxy_not_exact_queue_or_fill_probability
46,l2Book,1783579387490,1783579387874111329,0.38434,buy,62808,62808,62809,1,0.005,9.60566,46,1921.132,5,0.01145,0,0.01145,9.61066,0.001191385399129716377439218534,touched_quote_without_depletion,,0.00286,False,missing_same_side_strict_through_support,30,16567,0,21,same_touch_stable_enough,real_bbo_history_touch_stability,11115,1783579376375,68.5316,9.60566,-58.92594,341,46,-295,reset_supported,same_touch_top_qty_or_order_count_reduced,pass,,,,latest_l2_received_before_or_at_candidate,latest_l2_exchange_time_equal_candidate,event_driven_current_l2_plus_rolling_public_trades_proxy_not_exact_queue_or_fill_probability
47,trades,1783579387895,1783579388129851339,0.235079,buy,62808,62808,62809,1,0.005,9.60566,46,1921.132,6,0.01145,0,0.01145,9.61066,0.001191385399129716377439218534,touched_quote_without_depletion,,0.00286,False,missing_same_side_strict_through_support,30,16567,405,21,same_touch_stable_enough,real_bbo_history_touch_stability,11520,1783579376375,68.5316,9.60566,-58.92594,341,46,-295,reset_supported,same_touch_top_qty_or_order_count_reduced,pass,,,,latest_l2_received_before_or_at_candidate,latest_l2_exchange_time_before_candidate,event_driven_current_l2_plus_rolling_public_trades_proxy_not_exact_queue_or_fill_probability
48,l2Book,1783579387997,1783579388265563696,0.26881,buy,62808,62808,62809,1,0.005,9.85421,45,1970.842,6,0.01145,0,0.01145,9.85921,0.001161350655884193561147394162,touched_quote_without_depletion,,0.00286,False,missing_same_side_strict_through_support,31,17074,0,22,same_touch_stable_enough,real_bbo_history_touch_stability,11622,1783579376375,68.5316,9.85421,-58.67739,341,45,-296,reset_supported,same_touch_top_qty_or_order_count_reduced,pass,,,,latest_l2_received_before_or_at_candidate,latest_l2_exchange_time_equal_candidate,event_driven_current_l2_plus_rolling_public_trades_proxy_not_exact_queue_or_fill_probability
49,trades,1783579388052,1783579388303541569,0.251774,buy,62808,62808,62809,1,0.005,9.85421,45,1970.842,8,0.01215,0,0.01215,9.85921,0.00123235025930069447754941826,touched_quote_without_depletion,,0.00303,False,missing_same_side_strict_through_support,31,17074,55,22,same_touch_stable_enough,real_bbo_history_touch_stability,11677,1783579376375,68.5316,9.85421,-58.67739,341,45,-296,reset_supported,same_touch_top_qty_or_order_count_reduced,pass,,,,latest_l2_received_before_or_at_candidate,latest_l2_exchange_time_before_candidate,event_driven_current_l2_plus_rolling_public_trades_proxy_not_exact_queue_or_fill_probability
50,l2Book,1783579388503,1783579388871132634,0.368385,buy,62808,62808,62809,1,0.005,12.39355,48,2478.71,8,0.01215,0,0.01215,12.39855,0.0009799533009908416710018510229,touched_quote_without_depletion,,0.00303,False,missing_same_side_strict_through_support,32,17580,0,23,same_touch_stable_enough,real_bbo_history_touch_stability,12128,1783579376375,68.5316,12.39355,-56.13805,341,48,-293,reset_supported,same_touch_top_qty_or_order_count_reduced,pass,,,,latest_l2_received_before_or_at_candidate,latest_l2_exchange_time_equal_candidate,event_driven_current_l2_plus_rolling_public_trades_proxy_not_exact_queue_or_fill_probability
51,trades,1783579388605,1783579388890655504,0.285889,buy,62808,62808,62809,1,0.005,12.39355,48,2478.71,9,0.01215,0,0.01215,12.39855,0.0009799533009908416710018510229,touched_quote_without_depletion,,0.00303,False,missing_same_side_strict_through_support,32,17580,102,23,same_touch_stable_enough,real_bbo_history_touch_stability,12230,1783579376375,68.5316,12.39355,-56.13805,341,48,-293,reset_supported,same_touch_top_qty_or_order_count_reduced,pass,,,,latest_l2_received_before_or_at_candidate,latest_l2_exchange_time_before_candidate,event_driven_current_l2_plus_rolling_public_trades_proxy_not_exact_queue_or_fill_probability
52,l2Book,1783579389108,1783579389523722585,0.415983,buy,62808,62808,62809,1,0.005,7.86329,44,1572.658,7,0.01215,0,0.01215,7.86829,0.00154417287619037935815787166,touched_quote_without_depletion,,0.00303,False,missing_same_side_strict_through_support,33,18185,0,24,same_touch_stable_enough,real_bbo_history_touch_stability,12733,1783579376375,68.5316,7.86329,-60.66831,341,44,-297,reset_supported,same_touch_top_qty_or_order_count_reduced,pass,,,,latest_l2_received_before_or_at_candidate,latest_l2_exchange_time_equal_candidate,event_driven_current_l2_plus_rolling_public_trades_proxy_not_exact_queue_or_fill_probability
53,trades,1783579389313,1783579389663599780,0.350868,buy,62808,62808,62809,1,0.005,7.86329,44,1572.658,13,0.52607,0,0.52607,7.86829,0.0668595082285985900367169995,touched_quote_without_depletion,,0.005,False,missing_same_side_strict_through_support,33,18185,205,24,same_touch_stable_enough,real_bbo_history_touch_stability,12938,1783579376375,68.5316,7.86329,-60.66831,341,44,-297,reset_supported,same_touch_top_qty_or_order_count_reduced,pass,,,,latest_l2_received_before_or_at_candidate,latest_l2_exchange_time_before_candidate,event_driven_current_l2_plus_rolling_public_trades_proxy_not_exact_queue_or_fill_probability
54,l2Book,1783579389612,1783579389975038366,0.363307,buy,62808,62808,62809,1,0.005,7.34937,39,1469.874,13,0.52607,0,0.52607,7.35437,0.07153161997560634017597700415,touched_quote_without_depletion,,0.005,False,missing_same_side_strict_through_support,34,18689,0,25,same_touch_stable_enough,real_bbo_history_touch_stability,13237,1783579376375,68.5316,7.34937,-61.18223,341,39,-302,reset_supported,same_touch_top_qty_or_order_count_reduced,pass,,,,latest_l2_received_before_or_at_candidate,latest_l2_exchange_time_equal_candidate,event_driven_current_l2_plus_rolling_public_trades_proxy_not_exact_queue_or_fill_probability
55,l2Book,1783579390120,1783579390488227630,0.368488,buy,62808,62808,62809,1,0.005,9.30185,45,1860.37,10,0.51462,0,0.51462,9.30685,0.05529475601304415564879631669,touched_quote_without_depletion,,0.005,False,missing_same_side_strict_through_support,35,19197,0,26,same_touch_stable_enough,real_bbo_history_touch_stability,13745,1783579376375,68.5316,9.30185,-59.22975,341,45,-296,reset_supported,same_touch_top_qty_or_order_count_reduced,pass,,,,latest_l2_received_before_or_at_candidate,latest_l2_exchange_time_equal_candidate,event_driven_current_l2_plus_rolling_public_trades_proxy_not_exact_queue_or_fill_probability
56,l2Book,1783579390721,1783579391124494149,0.403736,buy,62808,62808,62809,1,0.005,7.55671,43,1511.342,10,0.51462,0,0.51462,7.56171,0.06805603494447684452326259537,touched_quote_without_depletion,,0.005,False,missing_same_side_strict_through_support,36,19798,0,27,same_touch_stable_enough,real_bbo_history_touch_stability,14346,1783579376375,68.5316,7.55671,-60.97489,341,43,-298,reset_supported,same_touch_top_qty_or_order_count_reduced,pass,,,,latest_l2_received_before_or_at_candidate,latest_l2_exchange_time_equal_candidate,event_driven_current_l2_plus_rolling_public_trades_proxy_not_exact_queue_or_fill_probability
57,trades,1783579391022,1783579391330439839,0.308682,buy,62808,62808,62809,1,0.005,7.55671,43,1511.342,10,0.51496,0,0.51496,7.56171,0.06810099831916325804612977752,touched_quote_without_depletion,,0.005,False,missing_same_side_strict_through_support,36,19798,301,27,same_touch_stable_enough,real_bbo_history_touch_stability,14647,1783579376375,68.5316,7.55671,-60.97489,341,43,-298,reset_supported,same_touch_top_qty_or_order_count_reduced,pass,,,,latest_l2_received_before_or_at_candidate,latest_l2_exchange_time_before_candidate,event_driven_current_l2_plus_rolling_public_trades_proxy_not_exact_queue_or_fill_probability
58,trades,1783579391123,1783579391919842137,0.797088,buy,62808,62808,62809,1,0.005,7.55671,43,1511.342,9,0.51426,0,0.51426,7.56171,0.06800842666539711255787381426,touched_quote_without_depletion,,0.005,False,missing_same_side_strict_through_support,36,19798,402,27,same_touch_stable_enough,real_bbo_history_touch_stability,14748,1783579376375,68.5316,7.55671,-60.97489,341,43,-298,reset_supported,same_touch_top_qty_or_order_count_reduced,pass,,,,latest_l2_received_before_or_at_candidate,latest_l2_exchange_time_before_candidate,event_driven_current_l2_plus_rolling_public_trades_proxy_not_exact_queue_or_fill_probability
59,l2Book,1783579391223,1783579391920317576,0.697447,buy,62808,62808,62809,1,0.005,9.70351,47,1940.702,9,0.51426,0,0.51426,9.70851,0.0529700232064446552560588597,touched_quote_without_depletion,,0.005,False,missing_same_side_strict_through_support,37,20300,0,28,same_touch_stable_enough,real_bbo_history_touch_stability,14848,1783579376375,68.5316,9.70351,-58.82809,341,47,-294,reset_supported,same_touch_top_qty_or_order_count_reduced,pass,,,,latest_l2_received_before_or_at_candidate,latest_l2_exchange_time_equal_candidate,event_driven_current_l2_plus_rolling_public_trades_proxy_not_exact_queue_or_fill_probability
60,l2Book,1783579391829,1783579392266555354,0.437802,buy,62808,62808,62809,1,0.005,0.0418,2,8.36,8,0.51426,0,0.51426,0.0468,10.98846153846153846153846154,depleted_top_plus_order_proxy,,0.005,False,missing_same_side_strict_through_support,38,20906,0,29,same_touch_stable_enough,real_bbo_history_touch_stability,15454,1783579376375,68.5316,0.0418,-68.4898,341,2,-339,reset_supported,same_touch_top_qty_or_order_count_reduced,pass,,,,latest_l2_received_before_or_at_candidate,latest_l2_exchange_time_equal_candidate,event_driven_current_l2_plus_rolling_public_trades_proxy_not_exact_queue_or_fill_probability
61,trades,1783579391931,1783579392267695086,0.336883,buy,62808,62808,62809,1,0.005,0.0418,2,8.36,33,0.55606,0.2129,0.76896,0.0468,16.43076923076923076923076923,depleted_top_plus_order_proxy,quality_a,0.005,True,,38,20906,102,29,same_touch_stable_enough,real_bbo_history_touch_stability,15556,1783579376375,68.5316,0.0418,-68.4898,341,2,-339,reset_supported,same_touch_top_qty_or_order_count_reduced,pass,,,,latest_l2_received_before_or_at_candidate,latest_l2_exchange_time_before_candidate,event_driven_current_l2_plus_rolling_public_trades_proxy_not_exact_queue_or_fill_probability
62,l2Book,1783579392845,1783579393233082852,0.388373,buy,62796,62796,62797,1,0.005,11.97566,46,2395.132,27,0.00017,0.10462,0.10479,11.98066,0.008746596598184073331519298603,strict_trade_through_seen_but_visible_top_not_depleted,,0.002,False,outside_quality_a_b_queue_bands,40,21922,0,2,same_touch_stable_enough,real_bbo_history_touch_stability,508,1783579392337,1.41357,11.97566,10.56209,2,46,44,not_reset,history_present_no_reset,pass,,,history_present_no_reset,latest_l2_received_before_or_at_candidate,latest_l2_exchange_time_equal_candidate,event_driven_current_l2_plus_rolling_public_trades_proxy_not_exact_queue_or_fill_probability
63,l2Book,1783579393459,1783579393848474355,0.38975,buy,62796,62796,62797,1,0.005,11.26445,47,2252.89,27,0.00017,0.10462,0.10479,11.26945,0.009298590436977847188638309767,strict_trade_through_seen_but_visible_top_not_depleted,,0.002,False,outside_quality_a_b_queue_bands,41,22536,0,3,same_touch_stable_enough,real_bbo_history_touch_stability,1122,1783579392337,11.97566,11.26445,-0.71121,46,47,1,not_reset,history_present_no_reset,pass,,,history_present_no_reset,latest_l2_received_before_or_at_candidate,latest_l2_exchange_time_equal_candidate,event_driven_current_l2_plus_rolling_public_trades_proxy_not_exact_queue_or_fill_probability
64,l2Book,1783579394059,1783579394480309927,0.421586,buy,62796,62796,62797,1,0.005,5.03553,35,1007.106,26,0.00017,0.10462,0.10479,5.04053,0.02078948047129964507700579106,strict_trade_through_seen_but_visible_top_not_depleted,,0.002,False,outside_quality_a_b_queue_bands,42,23136,0,4,same_touch_stable_enough,real_bbo_history_touch_stability,1722,1783579392337,11.97566,5.03553,-6.94013,47,35,-12,reset_supported,same_touch_top_qty_or_order_count_reduced,pass,,,,latest_l2_received_before_or_at_candidate,latest_l2_exchange_time_equal_candidate,event_driven_current_l2_plus_rolling_public_trades_proxy_not_exact_queue_or_fill_probability
65,trades,1783579394059,1783579394480800522,0.421947,buy,62796,62796,62797,1,0.005,5.03553,35,1007.106,27,0.00071,0.10462,0.10533,5.04053,0.02089661206262039904533848623,strict_trade_through_seen_but_visible_top_not_depleted,,0.002,False,outside_quality_a_b_queue_bands,42,23136,0,4,same_touch_stable_enough,real_bbo_history_touch_stability,1722,1783579392337,11.97566,5.03553,-6.94013,47,35,-12,reset_supported,same_touch_top_qty_or_order_count_reduced,pass,,,,latest_l2_received_before_or_at_candidate,latest_l2_exchange_time_equal_candidate,event_driven_current_l2_plus_rolling_public_trades_proxy_not_exact_queue_or_fill_probability
66,l2Book,1783579394660,1783579395042088220,0.38237,buy,62796,62796,62797,1,0.005,1.77556,24,355.112,26,0.00071,0.10462,0.10533,1.78056,0.05915554656961854697398571236,strict_trade_through_seen_but_visible_top_not_depleted,,0.002,False,outside_quality_a_b_queue_bands,43,23737,0,5,same_touch_stable_enough,real_bbo_history_touch_stability,2323,1783579392337,11.97566,1.77556,-10.2001,47,24,-23,reset_supported,same_touch_top_qty_or_order_count_reduced,pass,,,,latest_l2_received_before_or_at_candidate,latest_l2_exchange_time_equal_candidate,event_driven_current_l2_plus_rolling_public_trades_proxy_not_exact_queue_or_fill_probability
67,trades,1783579395055,1783579395346377495,0.291688,buy,62796,62796,62797,1,0.005,1.77556,24,355.112,2,0.00054,0,0.00054,1.78056,0.000303275374039627982207844723,touched_quote_without_depletion,,0.00013,False,missing_same_side_strict_through_support,43,23737,395,5,same_touch_stable_enough,real_bbo_history_touch_stability,2718,1783579392337,11.97566,1.77556,-10.2001,47,24,-23,reset_supported,same_touch_top_qty_or_order_count_reduced,pass,,,,latest_l2_received_before_or_at_candidate,latest_l2_exchange_time_before_candidate,event_driven_current_l2_plus_rolling_public_trades_proxy_not_exact_queue_or_fill_probability
68,l2Book,1783579395200,1783579395518724773,0.318982,buy,62796,62796,62797,1,0.005,3.52297,26,704.594,2,0.00054,0,0.00054,3.52797,0.0001530625260418881112934633798,touched_quote_without_depletion,,0.00013,False,missing_same_side_strict_through_support,44,24277,0,6,same_touch_stable_enough,real_bbo_history_touch_stability,2863,1783579392337,11.97566,3.52297,-8.45269,47,26,-21,reset_supported,same_touch_top_qty_or_order_count_reduced,pass,,,,latest_l2_received_before_or_at_candidate,latest_l2_exchange_time_equal_candidate,event_driven_current_l2_plus_rolling_public_trades_proxy_not_exact_queue_or_fill_probability
69,l2Book,1783579395755,1783579396086026195,0.331299,buy,62796,62796,62797,1,0.005,6.37,31,1274,2,0.00054,0,0.00054,6.375,0.00008470588235294117647058823529,touched_quote_without_depletion,,0.00013,False,missing_same_side_strict_through_support,45,24832,0,7,same_touch_stable_enough,real_bbo_history_touch_stability,3418,1783579392337,11.97566,6.37,-5.60566,47,31,-16,reset_supported,same_touch_top_qty_or_order_count_reduced,pass,,,,latest_l2_received_before_or_at_candidate,latest_l2_exchange_time_equal_candidate,event_driven_current_l2_plus_rolling_public_trades_proxy_not_exact_queue_or_fill_probability
70,trades,1783579396068,1783579396394727717,0.327002,buy,62796,62796,62797,1,0.005,6.37,31,1274,4,0.00054,0,0.00054,6.375,0.00008470588235294117647058823529,touched_quote_without_depletion,,0.00013,False,missing_same_side_strict_through_support,45,24832,313,7,same_touch_stable_enough,real_bbo_history_touch_stability,3731,1783579392337,11.97566,6.37,-5.60566,47,31,-16,reset_supported,same_touch_top_qty_or_order_count_reduced,pass,,,,latest_l2_received_before_or_at_candidate,latest_l2_exchange_time_before_candidate,event_driven_current_l2_plus_rolling_public_trades_proxy_not_exact_queue_or_fill_probability
71,l2Book,1783579396304,1783579396739865394,0.436148,buy,62796,62796,62797,1,0.005,3.58819,27,717.638,4,0.00054,0,0.00054,3.59319,0.0001502842877777128401225651858,touched_quote_without_depletion,,0.00013,False,missing_same_side_strict_through_support,46,25381,0,8,same_touch_stable_enough,real_bbo_history_touch_stability,3967,1783579392337,11.97566,3.58819,-8.38747,47,27,-20,reset_supported,same_touch_top_qty_or_order_count_reduced,pass,,,,latest_l2_received_before_or_at_candidate,latest_l2_exchange_time_equal_candidate,event_driven_current_l2_plus_rolling_public_trades_proxy_not_exact_queue_or_fill_probability
72,l2Book,1783579396871,1783579397192580127,0.321861,buy,62796,62796,62797,1,0.005,1.56864,20,313.728,4,0.00054,0,0.00054,1.57364,0.0003431534531404895655931470984,touched_quote_without_depletion,,0.00013,False,missing_same_side_strict_through_support,47,25948,0,9,same_touch_stable_enough,real_bbo_history_touch_stability,4534,1783579392337,11.97566,1.56864,-10.40702,47,20,-27,reset_supported,same_touch_top_qty_or_order_count_reduced,pass,,,,latest_l2_received_before_or_at_candidate,latest_l2_exchange_time_equal_candidate,event_driven_current_l2_plus_rolling_public_trades_proxy_not_exact_queue_or_fill_probability
73,trades,1783579396871,1783579397193144599,0.322303,buy,62796,62796,62797,1,0.005,1.56864,20,313.728,8,0.12784,0,0.12784,1.57364,0.08123840268422256678782949086,touched_quote_without_depletion,,0.005,False,missing_same_side_strict_through_support,47,25948,0,9,same_touch_stable_enough,real_bbo_history_touch_stability,4534,1783579392337,11.97566,1.56864,-10.40702,47,20,-27,reset_supported,same_touch_top_qty_or_order_count_reduced,pass,,,,latest_l2_received_before_or_at_candidate,latest_l2_exchange_time_equal_candidate,event_driven_current_l2_plus_rolling_public_trades_proxy_not_exact_queue_or_fill_probability
74,trades,1783579397012,1783579397286019937,0.274296,buy,62796,62796,62797,1,0.005,1.56864,20,313.728,9,0.12784,0,0.12784,1.57364,0.08123840268422256678782949086,touched_quote_without_depletion,,0.005,False,missing_same_side_strict_through_support,47,25948,141,9,same_touch_stable_enough,real_bbo_history_touch_stability,4675,1783579392337,11.97566,1.56864,-10.40702,47,20,-27,reset_supported,same_touch_top_qty_or_order_count_reduced,pass,,,,latest_l2_received_before_or_at_candidate,latest_l2_exchange_time_before_candidate,event_driven_current_l2_plus_rolling_public_trades_proxy_not_exact_queue_or_fill_probability
75,l2Book,1783579397403,1783579397769773811,0.367062,buy,62796,62796,62797,1,0.005,1.63908,22,327.816,8,0.1273,0,0.1273,1.64408,0.077429322174103449953773539,touched_quote_without_depletion,,0.005,False,missing_same_side_strict_through_support,48,26480,0,10,same_touch_stable_enough,real_bbo_history_touch_stability,5066,1783579392337,11.97566,1.63908,-10.33658,47,22,-25,reset_supported,same_touch_top_qty_or_order_count_reduced,pass,,,,latest_l2_received_before_or_at_candidate,latest_l2_exchange_time_equal_candidate,event_driven_current_l2_plus_rolling_public_trades_proxy_not_exact_queue_or_fill_probability
76,trades,1783579397670,1783579397926964305,0.257258,buy,62796,62796,62797,1,0.005,1.63908,22,327.816,9,0.14405,0,0.14405,1.64408,0.08761739088122232494769110992,touched_quote_without_depletion,,0.005,False,missing_same_side_strict_through_support,48,26480,267,10,same_touch_stable_enough,real_bbo_history_touch_stability,5333,1783579392337,11.97566,1.63908,-10.33658,47,22,-25,reset_supported,same_touch_top_qty_or_order_count_reduced,pass,,,,latest_l2_received_before_or_at_candidate,latest_l2_exchange_time_before_candidate,event_driven_current_l2_plus_rolling_public_trades_proxy_not_exact_queue_or_fill_probability
77,l2Book,1783579398008,1783579398363775908,0.356095,buy,62796,62796,62797,1,0.005,1.62433,23,324.866,9,0.14405,0,0.14405,1.62933,0.08841057367138639809001245911,touched_quote_without_depletion,,0.005,False,missing_same_side_strict_through_support,49,27085,0,11,same_touch_stable_enough,real_bbo_history_touch_stability,5671,1783579392337,11.97566,1.62433,-10.35133,47,23,-24,reset_supported,same_touch_top_qty_or_order_count_reduced,pass,,,,latest_l2_received_before_or_at_candidate,latest_l2_exchange_time_equal_candidate,event_driven_current_l2_plus_rolling_public_trades_proxy_not_exact_queue_or_fill_probability
78,l2Book,1783579398548,1783579398858256290,0.310551,buy,62796,62796,62797,1,0.005,1.62433,23,324.866,8,0.14405,0,0.14405,1.62933,0.08841057367138639809001245911,touched_quote_without_depletion,,0.005,False,missing_same_side_strict_through_support,50,27625,0,12,same_touch_stable_enough,real_bbo_history_touch_stability,6211,1783579392337,11.97566,1.62433,-10.35133,47,23,-24,reset_supported,same_touch_top_qty_or_order_count_reduced,pass,,,,latest_l2_received_before_or_at_candidate,latest_l2_exchange_time_equal_candidate,event_driven_current_l2_plus_rolling_public_trades_proxy_not_exact_queue_or_fill_probability
79,trades,1783579399006,1783579399277022331,0.271299,buy,62796,62796,62797,1,0.005,1.62433,23,324.866,9,0.14405,0,0.14405,1.62933,0.08841057367138639809001245911,touched_quote_without_depletion,,0.005,False,missing_same_side_strict_through_support,50,27625,458,12,same_touch_stable_enough,real_bbo_history_touch_stability,6669,1783579392337,11.97566,1.62433,-10.35133,47,23,-24,reset_supported,same_touch_top_qty_or_order_count_reduced,pass,,,,latest_l2_received_before_or_at_candidate,latest_l2_exchange_time_before_candidate,event_driven_current_l2_plus_rolling_public_trades_proxy_not_exact_queue_or_fill_probability
80,l2Book,1783579399083,1783579399407740237,0.325029,buy,62796,62796,62797,1,0.005,1.62433,23,324.866,7,0.14405,0,0.14405,1.62933,0.08841057367138639809001245911,touched_quote_without_depletion,,0.005,False,missing_same_side_strict_through_support,51,28160,0,13,same_touch_stable_enough,real_bbo_history_touch_stability,6746,1783579392337,11.97566,1.62433,-10.35133,47,23,-24,reset_supported,same_touch_top_qty_or_order_count_reduced,pass,,,,latest_l2_received_before_or_at_candidate,latest_l2_exchange_time_equal_candidate,event_driven_current_l2_plus_rolling_public_trades_proxy_not_exact_queue_or_fill_probability
81,trades,1783579399217,1783579399434014206,0.217306,buy,62796,62796,62797,1,0.005,1.62433,23,324.866,8,0.14405,0,0.14405,1.62933,0.08841057367138639809001245911,touched_quote_without_depletion,,0.005,False,missing_same_side_strict_through_support,51,28160,134,13,same_touch_stable_enough,real_bbo_history_touch_stability,6880,1783579392337,11.97566,1.62433,-10.35133,47,23,-24,reset_supported,same_touch_top_qty_or_order_count_reduced,pass,,,,latest_l2_received_before_or_at_candidate,latest_l2_exchange_time_before_candidate,event_driven_current_l2_plus_rolling_public_trades_proxy_not_exact_queue_or_fill_probability
82,l2Book,1783579399625,1783579399947432242,0.322725,buy,62796,62796,62797,1,0.005,2.15508,25,431.016,8,0.14405,0,0.14405,2.16008,0.06668734491315136476426799007,touched_quote_without_depletion,,0.005,False,missing_same_side_strict_through_support,52,28702,0,14,same_touch_stable_enough,real_bbo_history_touch_stability,7288,1783579392337,11.97566,2.15508,-9.82058,47,25,-22,reset_supported,same_touch_top_qty_or_order_count_reduced,pass,,,,latest_l2_received_before_or_at_candidate,latest_l2_exchange_time_equal_candidate,event_driven_current_l2_plus_rolling_public_trades_proxy_not_exact_queue_or_fill_probability
83,l2Book,1783579400148,1783579400446082582,0.298382,buy,62796,62796,62797,1,0.005,4.69027,32,938.054,3,0.01675,0,0.01675,4.69527,0.003567419977977837270274126941,touched_quote_without_depletion,,0.00418,False,missing_same_side_strict_through_support,53,29225,0,15,same_touch_stable_enough,real_bbo_history_touch_stability,7811,1783579392337,11.97566,4.69027,-7.28539,47,32,-15,reset_supported,same_touch_top_qty_or_order_count_reduced,pass,,,,latest_l2_received_before_or_at_candidate,latest_l2_exchange_time_equal_candidate,event_driven_current_l2_plus_rolling_public_trades_proxy_not_exact_queue_or_fill_probability
84,l2Book,1783579400699,1783579400991501142,0.292803,buy,62796,62796,62797,1,0.005,4.49211,32,898.422,2,0,0,0,4.49711,0,not_depleted,,0.0,False,missing_same_side_strict_through_support;missing_recent_same_side_at_or_through_throughput,54,29776,0,16,same_touch_stable_enough,real_bbo_history_touch_stability,8362,1783579392337,11.97566,4.49211,-7.48355,47,32,-15,reset_supported,same_touch_top_qty_or_order_count_reduced,pass,,,,latest_l2_received_before_or_at_candidate,latest_l2_exchange_time_equal_candidate,event_driven_current_l2_plus_rolling_public_trades_proxy_not_exact_queue_or_fill_probability
85,trades,1783579401033,1783579401303138825,0.270476,buy,62796,62796,62797,1,0.005,4.49211,32,898.422,3,0,0,0,4.49711,0,not_depleted,,0.0,False,missing_same_side_strict_through_support;missing_recent_same_side_at_or_through_throughput,54,29776,334,16,same_touch_stable_enough,real_bbo_history_touch_stability,8696,1783579392337,11.97566,4.49211,-7.48355,47,32,-15,reset_supported,same_touch_top_qty_or_order_count_reduced,pass,,,,latest_l2_received_before_or_at_candidate,latest_l2_exchange_time_before_candidate,event_driven_current_l2_plus_rolling_public_trades_proxy_not_exact_queue_or_fill_probability
86,l2Book,1783579401233,1783579401736247844,0.503544,buy,62796,62796,62797,1,0.005,6.604,34,1320.8,3,0,0,0,6.609,0,not_depleted,,0.0,False,missing_same_side_strict_through_support;missing_recent_same_side_at_or_through_throughput,55,30310,0,17,same_touch_stable_enough,real_bbo_history_touch_stability,8896,1783579392337,11.97566,6.604,-5.37166,47,34,-13,reset_supported,same_touch_top_qty_or_order_count_reduced,pass,,,,latest_l2_received_before_or_at_candidate,latest_l2_exchange_time_equal_candidate,event_driven_current_l2_plus_rolling_public_trades_proxy_not_exact_queue_or_fill_probability
87,l2Book,1783579401754,1783579402089830220,0.336143,buy,62796,62796,62797,1,0.005,7.00384,33,1400.768,3,0,0,0,7.00884,0,not_depleted,,0.0,False,missing_same_side_strict_through_support;missing_recent_same_side_at_or_through_throughput,56,30831,0,18,same_touch_stable_enough,real_bbo_history_touch_stability,9417,1783579392337,11.97566,7.00384,-4.97182,47,33,-14,reset_supported,same_touch_top_qty_or_order_count_reduced,pass,,,,latest_l2_received_before_or_at_candidate,latest_l2_exchange_time_equal_candidate,event_driven_current_l2_plus_rolling_public_trades_proxy_not_exact_queue_or_fill_probability
88,trades,1783579401837,1783579402090440395,0.253613,buy,62796,62796,62797,1,0.005,7.00384,33,1400.768,4,0,0,0,7.00884,0,not_depleted,,0.0,False,missing_same_side_strict_through_support;missing_recent_same_side_at_or_through_throughput,56,30831,83,18,same_touch_stable_enough,real_bbo_history_touch_stability,9500,1783579392337,11.97566,7.00384,-4.97182,47,33,-14,reset_supported,same_touch_top_qty_or_order_count_reduced,pass,,,,latest_l2_received_before_or_at_candidate,latest_l2_exchange_time_before_candidate,event_driven_current_l2_plus_rolling_public_trades_proxy_not_exact_queue_or_fill_probability
89,trades,1783579402038,1783579402296237467,0.258532,buy,62796,62796,62797,1,0.005,7.00384,33,1400.768,5,0.00045,0,0.00045,7.00884,0.00006420463300631773588782166521,touched_quote_without_depletion,,0.00011,False,missing_same_side_strict_through_support,56,30831,284,18,same_touch_stable_enough,real_bbo_history_touch_stability,9701,1783579392337,11.97566,7.00384,-4.97182,47,33,-14,reset_supported,same_touch_top_qty_or_order_count_reduced,pass,,,,latest_l2_received_before_or_at_candidate,latest_l2_exchange_time_before_candidate,event_driven_current_l2_plus_rolling_public_trades_proxy_not_exact_queue_or_fill_probability
90,l2Book,1783579402308,1783579402568786641,0.261108,buy,62796,62796,62797,1,0.005,6.80427,32,1360.854,4,0.00045,0,0.00045,6.80927,0.00006608637930350830558929224425,touched_quote_without_depletion,,0.00011,False,missing_same_side_strict_through_support,57,31385,0,19,same_touch_stable_enough,real_bbo_history_touch_stability,9971,1783579392337,11.97566,6.80427,-5.17139,47,32,-15,reset_supported,same_touch_top_qty_or_order_count_reduced,pass,,,,latest_l2_received_before_or_at_candidate,latest_l2_exchange_time_equal_candidate,event_driven_current_l2_plus_rolling_public_trades_proxy_not_exact_queue_or_fill_probability
91,l2Book,1783579402817,1783579403192659884,0.375992,buy,62796,62796,62797,1,0.005,7.00339,33,1400.678,4,0.00045,0,0.00045,7.00839,0.00006420875550590078463099228211,touched_quote_without_depletion,,0.00011,False,missing_same_side_strict_through_support,58,31894,0,20,same_touch_stable_enough,real_bbo_history_touch_stability,10480,1783579392337,11.97566,7.00339,-4.97227,47,33,-14,reset_supported,same_touch_top_qty_or_order_count_reduced,pass,,,,latest_l2_received_before_or_at_candidate,latest_l2_exchange_time_equal_candidate,event_driven_current_l2_plus_rolling_public_trades_proxy_not_exact_queue_or_fill_probability
92,trades,1783579403046,1783579403316719367,0.271044,buy,62796,62796,62797,1,0.005,7.00339,33,1400.678,6,0.00114,0,0.00114,7.00839,0.0001626621806149486543985137813,touched_quote_without_depletion,,0.00028,False,missing_same_side_strict_through_support,58,31894,229,20,same_touch_stable_enough,real_bbo_history_touch_stability,10709,1783579392337,11.97566,7.00339,-4.97227,47,33,-14,reset_supported,same_touch_top_qty_or_order_count_reduced,pass,,,,latest_l2_received_before_or_at_candidate,latest_l2_exchange_time_before_candidate,event_driven_current_l2_plus_rolling_public_trades_proxy_not_exact_queue_or_fill_probability
93,l2Book,1783579403446,1783579403752156328,0.306482,buy,62796,62796,62797,1,0.005,7.0027,33,1400.54,6,0.00114,0,0.00114,7.0077,0.0001626781968406181771479943491,touched_quote_without_depletion,,0.00028,False,missing_same_side_strict_through_support,59,32523,0,21,same_touch_stable_enough,real_bbo_history_touch_stability,11109,1783579392337,11.97566,7.0027,-4.97296,47,33,-14,reset_supported,same_touch_top_qty_or_order_count_reduced,pass,,,,latest_l2_received_before_or_at_candidate,latest_l2_exchange_time_equal_candidate,event_driven_current_l2_plus_rolling_public_trades_proxy_not_exact_queue_or_fill_probability
94,l2Book,1783579404100,1783579404392185556,0.292502,buy,62796,62796,62797,1,0.005,4.61398,32,922.796,5,0.00114,0,0.00114,4.61898,0.0002468077367730537910967356429,touched_quote_without_depletion,,0.00028,False,missing_same_side_strict_through_support,60,33177,0,22,same_touch_stable_enough,real_bbo_history_touch_stability,11763,1783579392337,11.97566,4.61398,-7.36168,47,32,-15,reset_supported,same_touch_top_qty_or_order_count_reduced,pass,,,,latest_l2_received_before_or_at_candidate,latest_l2_exchange_time_equal_candidate,event_driven_current_l2_plus_rolling_public_trades_proxy_not_exact_queue_or_fill_probability
95,l2Book,1783579404657,1783579405022692214,0.366045,buy,62796,62796,62797,1,0.005,3.61692,29,723.384,5,0.00114,0,0.00114,3.62192,0.0003147501877457260237664001414,touched_quote_without_depletion,,0.00028,False,missing_same_side_strict_through_support,61,33734,0,23,same_touch_stable_enough,real_bbo_history_touch_stability,12320,1783579392337,11.97566,3.61692,-8.35874,47,29,-18,reset_supported,same_touch_top_qty_or_order_count_reduced,pass,,,,latest_l2_received_before_or_at_candidate,latest_l2_exchange_time_equal_candidate,event_driven_current_l2_plus_rolling_public_trades_proxy_not_exact_queue_or_fill_probability
96,trades,1783579404722,1783579405023269362,0.301455,buy,62796,62796,62797,1,0.005,3.61692,29,723.384,6,0.08114,0,0.08114,3.62192,0.02240248266113000839333833989,touched_quote_without_depletion,,0.005,False,missing_same_side_strict_through_support,61,33734,65,23,same_touch_stable_enough,real_bbo_history_touch_stability,12385,1783579392337,11.97566,3.61692,-8.35874,47,29,-18,reset_supported,same_touch_top_qty_or_order_count_reduced,pass,,,,latest_l2_received_before_or_at_candidate,latest_l2_exchange_time_before_candidate,event_driven_current_l2_plus_rolling_public_trades_proxy_not_exact_queue_or_fill_probability
97,l2Book,1783579405193,1783579405484954765,0.292301,buy,62796,62796,62797,1,0.005,3.53788,30,707.576,3,0.08069,0,0.08069,3.54288,0.02277525628866910536061057671,touched_quote_without_depletion,,0.005,False,missing_same_side_strict_through_support,62,34270,0,24,same_touch_stable_enough,real_bbo_history_touch_stability,12856,1783579392337,11.97566,3.53788,-8.43778,47,30,-17,reset_supported,same_touch_top_qty_or_order_count_reduced,pass,,,,latest_l2_received_before_or_at_candidate,latest_l2_exchange_time_equal_candidate,event_driven_current_l2_plus_rolling_public_trades_proxy_not_exact_queue_or_fill_probability
98,l2Book,1783579405735,1783579406018531056,0.283859,buy,62796,62796,62797,1,0.005,10.34417,40,2068.834,3,0.08069,0,0.08069,10.34917,0.007796760513161925062589560322,touched_quote_without_depletion,,0.005,False,missing_same_side_strict_through_support,63,34812,0,25,same_touch_stable_enough,real_bbo_history_touch_stability,13398,1783579392337,11.97566,10.34417,-1.63149,47,40,-7,reset_supported,same_touch_top_qty_or_order_count_reduced,pass,,,,latest_l2_received_before_or_at_candidate,latest_l2_exchange_time_equal_candidate,event_driven_current_l2_plus_rolling_public_trades_proxy_not_exact_queue_or_fill_probability
99,trades,1783579406072,1783579406335626021,0.263991,buy,62796,62796,62797,1,0.005,10.34417,40,2068.834,3,0.16288,0,0.16288,10.34917,0.01573846018569605098766374502,touched_quote_without_depletion,,0.005,False,missing_same_side_strict_through_support,63,34812,337,25,same_touch_stable_enough,real_bbo_history_touch_stability,13735,1783579392337,11.97566,10.34417,-1.63149,47,40,-7,reset_supported,same_touch_top_qty_or_order_count_reduced,pass,,,,latest_l2_received_before_or_at_candidate,latest_l2_exchange_time_before_candidate,event_driven_current_l2_plus_rolling_public_trades_proxy_not_exact_queue_or_fill_probability
100,l2Book,1783579406273,1783579407018677736,0.746013,buy,62796,62796,62797,1,0.005,8.66628,40,1733.256,3,0.16288,0,0.16288,8.67128,0.01878384736740135251081731878,touched_quote_without_depletion,,0.005,False,missing_same_side_strict_through_support,64,35350,0,26,same_touch_stable_enough,real_bbo_history_touch_stability,13936,1783579392337,11.97566,8.66628,-3.30938,47,40,-7,reset_supported,same_touch_top_qty_or_order_count_reduced,pass,,,,latest_l2_received_before_or_at_candidate,latest_l2_exchange_time_equal_candidate,event_driven_current_l2_plus_rolling_public_trades_proxy_not_exact_queue_or_fill_probability
101,l2Book,1783579406809,1783579407147456928,0.338797,buy,62796,62796,62797,1,0.005,8.66628,40,1733.256,3,0.16288,0,0.16288,8.67128,0.01878384736740135251081731878,touched_quote_without_depletion,,0.005,False,missing_same_side_strict_through_support,65,35886,0,27,same_touch_stable_enough,real_bbo_history_touch_stability,14472,1783579392337,11.97566,8.66628,-3.30938,47,40,-7,reset_supported,same_touch_top_qty_or_order_count_reduced,pass,,,,latest_l2_received_before_or_at_candidate,latest_l2_exchange_time_equal_candidate,event_driven_current_l2_plus_rolling_public_trades_proxy_not_exact_queue_or_fill_probability
102,trades,1783579407077,1783579407277612085,0.20098,buy,62796,62796,62797,1,0.005,8.66628,40,1733.256,4,0.16288,0,0.16288,8.67128,0.01878384736740135251081731878,touched_quote_without_depletion,,0.005,False,missing_same_side_strict_through_support,65,35886,268,27,same_touch_stable_enough,real_bbo_history_touch_stability,14740,1783579392337,11.97566,8.66628,-3.30938,47,40,-7,reset_supported,same_touch_top_qty_or_order_count_reduced,pass,,,,latest_l2_received_before_or_at_candidate,latest_l2_exchange_time_before_candidate,event_driven_current_l2_plus_rolling_public_trades_proxy_not_exact_queue_or_fill_probability
103,l2Book,1783579407349,1783579407629819883,0.281167,buy,62796,62796,62797,1,0.005,12.81057,42,2562.114,4,0.16288,0,0.16288,12.81557,0.01270954003606550469467998692,touched_quote_without_depletion,,0.005,False,missing_same_side_strict_through_support,66,36426,0,28,same_touch_stable_enough,real_bbo_history_touch_stability,15012,1783579392337,11.97566,12.81057,0.83491,47,42,-5,reset_supported,same_touch_top_qty_or_order_count_reduced,pass,,,,latest_l2_received_before_or_at_candidate,latest_l2_exchange_time_equal_candidate,event_driven_current_l2_plus_rolling_public_trades_proxy_not_exact_queue_or_fill_probability
104,trades,1783579407417,1783579407657299871,0.240622,buy,62796,62796,62797,1,0.005,12.81057,42,2562.114,5,0.16288,0,0.16288,12.81557,0.01270954003606550469467998692,touched_quote_without_depletion,,0.005,False,missing_same_side_strict_through_support,66,36426,68,28,same_touch_stable_enough,real_bbo_history_touch_stability,15080,1783579392337,11.97566,12.81057,0.83491,47,42,-5,reset_supported,same_touch_top_qty_or_order_count_reduced,pass,,,,latest_l2_received_before_or_at_candidate,latest_l2_exchange_time_before_candidate,event_driven_current_l2_plus_rolling_public_trades_proxy_not_exact_queue_or_fill_probability
105,trades,1783579407820,1783579408044055586,0.224397,buy,62796,62796,62797,1,0.005,12.81057,42,2562.114,6,0.14657,0,0.14657,12.81557,0.01143686937061714773513780503,touched_quote_without_depletion,,0.005,False,missing_same_side_strict_through_support,66,36426,471,28,same_touch_stable_enough,real_bbo_history_touch_stability,15483,1783579392337,11.97566,12.81057,0.83491,47,42,-5,reset_supported,same_touch_top_qty_or_order_count_reduced,pass,,,,latest_l2_received_before_or_at_candidate,latest_l2_exchange_time_before_candidate,event_driven_current_l2_plus_rolling_public_trades_proxy_not_exact_queue_or_fill_probability
106,l2Book,1783579407887,1783579408233632784,0.347007,buy,62796,62796,62797,1,0.005,10.87431,47,2174.862,6,0.14657,0,0.14657,10.87931,0.01347236175823650580781317933,touched_quote_without_depletion,,0.005,False,missing_same_side_strict_through_support,67,36964,0,29,same_touch_stable_enough,real_bbo_history_touch_stability,15550,1783579392337,12.81057,10.87431,-1.93626,47,47,0,not_reset,history_present_no_reset,pass,,,history_present_no_reset,latest_l2_received_before_or_at_candidate,latest_l2_exchange_time_equal_candidate,event_driven_current_l2_plus_rolling_public_trades_proxy_not_exact_queue_or_fill_probability
107,l2Book,1783579408424,1783579408686997204,0.263381,buy,62796,62796,62797,1,0.005,9.20872,49,1841.744,6,0.14657,0,0.14657,9.21372,0.01590779837025653047846038299,touched_quote_without_depletion,,0.005,False,missing_same_side_strict_through_support,68,37501,0,30,same_touch_stable_enough,real_bbo_history_touch_stability,16087,1783579392337,12.81057,9.20872,-3.60185,47,49,2,not_reset,history_present_no_reset,pass,,,history_present_no_reset,latest_l2_received_before_or_at_candidate,latest_l2_exchange_time_equal_candidate,event_driven_current_l2_plus_rolling_public_trades_proxy_not_exact_queue_or_fill_probability
108,l2Book,1783579409028,1783579409355119347,0.327527,buy,62796,62796,62797,1,0.005,8.07888,45,1615.776,6,0.14657,0,0.14657,8.08388,0.01813114494524906356848444064,touched_quote_without_depletion,,0.005,False,missing_same_side_strict_through_support,69,38105,0,31,same_touch_stable_enough,real_bbo_history_touch_stability,16691,1783579392337,12.81057,8.07888,-4.73169,49,45,-4,reset_supported,same_touch_top_qty_or_order_count_reduced,pass,,,,latest_l2_received_before_or_at_candidate,latest_l2_exchange_time_equal_candidate,event_driven_current_l2_plus_rolling_public_trades_proxy_not_exact_queue_or_fill_probability
109,trades,1783579409428,1783579409624740540,0.197081,buy,62796,62796,62797,1,0.005,8.07888,45,1615.776,5,0.06701,0,0.06701,8.08388,0.008289336308802208840309356398,touched_quote_without_depletion,,0.005,False,missing_same_side_strict_through_support,69,38105,400,31,same_touch_stable_enough,real_bbo_history_touch_stability,17091,1783579392337,12.81057,8.07888,-4.73169,49,45,-4,reset_supported,same_touch_top_qty_or_order_count_reduced,pass,,,,latest_l2_received_before_or_at_candidate,latest_l2_exchange_time_before_candidate,event_driven_current_l2_plus_rolling_public_trades_proxy_not_exact_queue_or_fill_probability
110,l2Book,1783579409542,1783579409845417768,0.303798,buy,62796,62796,62797,1,0.005,7.8098,43,1561.96,5,0.06701,0,0.06701,7.8148,0.008574755591953728822234734094,touched_quote_without_depletion,,0.005,False,missing_same_side_strict_through_support,70,38619,0,32,same_touch_stable_enough,real_bbo_history_touch_stability,17205,1783579392337,12.81057,7.8098,-5.00077,49,43,-6,reset_supported,same_touch_top_qty_or_order_count_reduced,pass,,,,latest_l2_received_before_or_at_candidate,latest_l2_exchange_time_equal_candidate,event_driven_current_l2_plus_rolling_public_trades_proxy_not_exact_queue_or_fill_probability
111,l2Book,1783579410101,1783579410390053565,0.289418,buy,62796,62796,62797,1,0.005,13.52346,50,2704.692,4,0.06701,0,0.06701,13.52846,0.004953261494656450179843086353,touched_quote_without_depletion,,0.005,False,missing_same_side_strict_through_support,71,39178,0,33,same_touch_stable_enough,real_bbo_history_touch_stability,17764,1783579392337,12.81057,13.52346,0.71289,49,50,1,not_reset,history_present_no_reset,pass,,,history_present_no_reset,latest_l2_received_before_or_at_candidate,latest_l2_exchange_time_equal_candidate,event_driven_current_l2_plus_rolling_public_trades_proxy_not_exact_queue_or_fill_probability
112,l2Book,1783579410640,1783579410929699271,0.290073,buy,62796,62796,62797,1,0.005,14.57132,55,2914.264,3,0.06701,0,0.06701,14.57632,0.004597182279203530109108471823,touched_quote_without_depletion,,0.005,False,missing_same_side_strict_through_support,72,39717,0,34,same_touch_stable_enough,real_bbo_history_touch_stability,18303,1783579392337,13.52346,14.57132,1.04786,50,55,5,not_reset,history_present_no_reset,pass,,,history_present_no_reset,latest_l2_received_before_or_at_candidate,latest_l2_exchange_time_equal_candidate,event_driven_current_l2_plus_rolling_public_trades_proxy_not_exact_queue_or_fill_probability
113,l2Book,1783579411162,1783579411421333558,0.2597,buy,62796,62796,62797,1,0.005,14.92101,57,2984.202,1,0.00332,0,0.00332,14.92601,0.0002224305088901856557780679498,touched_quote_without_depletion,,0.00083,False,missing_same_side_strict_through_support,73,40239,0,35,same_touch_stable_enough,real_bbo_history_touch_stability,18825,1783579392337,14.57132,14.92101,0.34969,55,57,2,not_reset,history_present_no_reset,pass,,,history_present_no_reset,latest_l2_received_before_or_at_candidate,latest_l2_exchange_time_equal_candidate,event_driven_current_l2_plus_rolling_public_trades_proxy_not_exact_queue_or_fill_probability
114,l2Book,1783579411716,1783579412029362807,0.313738,buy,62796,62796,62797,1,0.005,14.95468,57,2990.936,1,0.00332,0,0.00332,14.95968,0.0002219298808530663757513529701,touched_quote_without_depletion,,0.00083,False,missing_same_side_strict_through_support,74,40793,0,36,same_touch_stable_enough,real_bbo_history_touch_stability,19379,1783579392337,14.92101,14.95468,0.03367,57,57,0,not_reset,history_present_no_reset,pass,,,history_present_no_reset,latest_l2_received_before_or_at_candidate,latest_l2_exchange_time_equal_candidate,event_driven_current_l2_plus_rolling_public_trades_proxy_not_exact_queue_or_fill_probability
115,trades,1783579412054,1783579412364009365,0.310373,buy,62796,62796,62797,1,0.005,14.95468,57,2990.936,4,0.03448,0,0.03448,14.95968,0.00230486213608847248069477422,touched_quote_without_depletion,,0.005,False,missing_same_side_strict_through_support,74,40793,338,36,same_touch_stable_enough,real_bbo_history_touch_stability,19717,1783579392337,14.92101,14.95468,0.03367,57,57,0,not_reset,history_present_no_reset,pass,,,history_present_no_reset,latest_l2_received_before_or_at_candidate,latest_l2_exchange_time_before_candidate,event_driven_current_l2_plus_rolling_public_trades_proxy_not_exact_queue_or_fill_probability
116,l2Book,1783579412256,1783579412583341070,0.327702,buy,62797,62797,62798,1,0.005,0.05724,2,11.448,4,0,0.03448,0.03448,0.06224,0.5539845758354755784061696658,strict_trade_through_seen_but_visible_top_not_depleted,,0.005,False,missing_touch_freshness_or_queue_reset_evidence,75,41333,0,1,same_touch_seen_but_not_stable,real_bbo_history_insufficient,0,1783579412256,,0.05724,,,2,,missing,no_prior_same_touch_bbo,block,no_prior_same_touch_bbo,same_touch_seen_but_not_stable,no_prior_same_touch_bbo,latest_l2_received_before_or_at_candidate,latest_l2_exchange_time_equal_candidate,event_driven_current_l2_plus_rolling_public_trades_proxy_not_exact_queue_or_fill_probability
117,trades,1783579412256,1783579412583902137,0.328105,buy,62797,62797,62798,1,0.005,0.05724,2,11.448,5,0,0.03448,0.03448,0.06224,0.5539845758354755784061696658,strict_trade_through_seen_but_visible_top_not_depleted,,0.005,False,missing_touch_freshness_or_queue_reset_evidence,75,41333,0,1,same_touch_seen_but_not_stable,real_bbo_history_insufficient,0,1783579412256,,0.05724,,,2,,missing,no_prior_same_touch_bbo,block,no_prior_same_touch_bbo,same_touch_seen_but_not_stable,no_prior_same_touch_bbo,latest_l2_received_before_or_at_candidate,latest_l2_exchange_time_equal_candidate,event_driven_current_l2_plus_rolling_public_trades_proxy_not_exact_queue_or_fill_probability
118,trades,1783579412324,1783579412627181829,0.303566,buy,62797,62797,62798,1,0.005,0.05724,2,11.448,13,0,0.03448,0.03448,0.06224,0.5539845758354755784061696658,strict_trade_through_seen_but_visible_top_not_depleted,,0.005,False,missing_touch_freshness_or_queue_reset_evidence,75,41333,68,1,same_touch_seen_but_not_stable,real_bbo_history_insufficient,68,1783579412256,,0.05724,,,2,,missing,no_prior_same_touch_bbo,block,no_prior_same_touch_bbo,same_touch_seen_but_not_stable,no_prior_same_touch_bbo,latest_l2_received_before_or_at_candidate,latest_l2_exchange_time_before_candidate,event_driven_current_l2_plus_rolling_public_trades_proxy_not_exact_queue_or_fill_probability
119,trades,1783579412656,1783579412893706924,0.238083,buy,62797,62797,62798,1,0.005,0.05724,2,11.448,13,0,0.03116,0.03116,0.06224,0.5006426735218508997429305913,strict_trade_through_seen_but_visible_top_not_depleted,quality_a,0.005,True,,75,41333,400,1,same_touch_stable_enough,real_bbo_history_touch_stability,400,1783579412256,,0.05724,,,2,,missing,no_prior_same_touch_bbo,pass,,,no_prior_same_touch_bbo,latest_l2_received_before_or_at_candidate,latest_l2_exchange_time_before_candidate,event_driven_current_l2_plus_rolling_public_trades_proxy_not_exact_queue_or_fill_probability
120,l2Book,1783579413459,1783579413846249367,0.387653,buy,62805,62805,62806,1,0.005,36.55362,136,7310.724,13,0,0.03116,0.03116,36.55862,0.0008523297651826026255914473796,strict_trade_through_seen_but_visible_top_not_depleted,,0.002,False,outside_quality_a_b_queue_bands,77,42536,0,2,same_touch_stable_enough,real_bbo_history_touch_stability,604,1783579412855,45.20884,36.55362,-8.65522,270,136,-134,reset_supported,same_touch_top_qty_or_order_count_reduced,pass,,,,latest_l2_received_before_or_at_candidate,latest_l2_exchange_time_equal_candidate,event_driven_current_l2_plus_rolling_public_trades_proxy_not_exact_queue_or_fill_probability
121,l2Book,1783579414152,1783579414445996686,0.2944,buy,62805,62805,62806,1,0.005,32.14386,100,6428.772,13,0,0.03116,0.03116,32.14886,0.0009692412110413868485538834036,strict_trade_through_seen_but_visible_top_not_depleted,,0.002,False,outside_quality_a_b_queue_bands,78,43229,0,3,same_touch_stable_enough,real_bbo_history_touch_stability,1297,1783579412855,45.20884,32.14386,-13.06498,270,100,-170,reset_supported,same_touch_top_qty_or_order_count_reduced,pass,,,,latest_l2_received_before_or_at_candidate,latest_l2_exchange_time_equal_candidate,event_driven_current_l2_plus_rolling_public_trades_proxy_not_exact_queue_or_fill_probability
122,l2Book,1783579414605,1783579414919222467,0.314593,buy,62805,62805,62806,1,0.005,31.85119,94,6370.238,13,0,0.03116,0.03116,31.85619,0.0009781458485776233755511880109,strict_trade_through_seen_but_visible_top_not_depleted,,0.002,False,outside_quality_a_b_queue_bands,79,43682,0,4,same_touch_stable_enough,real_bbo_history_touch_stability,1750,1783579412855,45.20884,31.85119,-13.35765,270,94,-176,reset_supported,same_touch_top_qty_or_order_count_reduced,pass,,,,latest_l2_received_before_or_at_candidate,latest_l2_exchange_time_equal_candidate,event_driven_current_l2_plus_rolling_public_trades_proxy_not_exact_queue_or_fill_probability
123,l2Book,1783579415119,1783579415462099381,0.343473,buy,62805,62805,62806,1,0.005,28.14708,88,5629.416,10,0,0,0,28.15208,0,not_depleted,,0.0,False,missing_same_side_strict_through_support;missing_recent_same_side_at_or_through_throughput,80,44196,0,5,same_touch_stable_enough,real_bbo_history_touch_stability,2264,1783579412855,45.20884,28.14708,-17.06176,270,88,-182,reset_supported,same_touch_top_qty_or_order_count_reduced,pass,,,,latest_l2_received_before_or_at_candidate,latest_l2_exchange_time_equal_candidate,event_driven_current_l2_plus_rolling_public_trades_proxy_not_exact_queue_or_fill_probability
124,trades,1783579415321,1783579415546102639,0.225474,buy,62805,62805,62806,1,0.005,28.14708,88,5629.416,12,0,0,0,28.15208,0,not_depleted,,0.0,False,missing_same_side_strict_through_support;missing_recent_same_side_at_or_through_throughput,80,44196,202,5,same_touch_stable_enough,real_bbo_history_touch_stability,2466,1783579412855,45.20884,28.14708,-17.06176,270,88,-182,reset_supported,same_touch_top_qty_or_order_count_reduced,pass,,,,latest_l2_received_before_or_at_candidate,latest_l2_exchange_time_before_candidate,event_driven_current_l2_plus_rolling_public_trades_proxy_not_exact_queue_or_fill_probability
125,l2Book,1783579415671,1783579415998103195,0.3275,buy,62805,62805,62806,1,0.005,30.43276,86,6086.552,3,0,0,0,30.43776,0,not_depleted,,0.0,False,missing_same_side_strict_through_support;missing_recent_same_side_at_or_through_throughput,81,44748,0,6,same_touch_stable_enough,real_bbo_history_touch_stability,2816,1783579412855,45.20884,30.43276,-14.77608,270,86,-184,reset_supported,same_touch_top_qty_or_order_count_reduced,pass,,,,latest_l2_received_before_or_at_candidate,latest_l2_exchange_time_equal_candidate,event_driven_current_l2_plus_rolling_public_trades_proxy_not_exact_queue_or_fill_probability
126,trades,1783579416023,1783579416254357396,0.23176,buy,62805,62805,62806,1,0.005,30.43276,86,6086.552,14,0,0,0,30.43776,0,not_depleted,,0.0,False,missing_same_side_strict_through_support;missing_recent_same_side_at_or_through_throughput,81,44748,352,6,same_touch_stable_enough,real_bbo_history_touch_stability,3168,1783579412855,45.20884,30.43276,-14.77608,270,86,-184,reset_supported,same_touch_top_qty_or_order_count_reduced,pass,,,,latest_l2_received_before_or_at_candidate,latest_l2_exchange_time_before_candidate,event_driven_current_l2_plus_rolling_public_trades_proxy_not_exact_queue_or_fill_probability
127,l2Book,1783579416221,1783579416486119966,0.265506,buy,62811,62811,62812,1,0.005,16.44657,64,3289.314,14,0,0,0,16.45157,0,not_depleted,,0.0,False,missing_same_side_strict_through_support;missing_touch_freshness_or_queue_reset_evidence;missing_recent_same_side_at_or_through_throughput,82,45298,0,1,same_touch_seen_but_not_stable,real_bbo_history_insufficient,0,1783579416221,,16.44657,,,64,,missing,no_prior_same_touch_bbo,block,no_prior_same_touch_bbo,same_touch_seen_but_not_stable,no_prior_same_touch_bbo,latest_l2_received_before_or_at_candidate,latest_l2_exchange_time_equal_candidate,event_driven_current_l2_plus_rolling_public_trades_proxy_not_exact_queue_or_fill_probability
128,trades,1783579416700,1783579416950286212,0.250657,buy,62811,62811,62812,1,0.005,16.44657,64,3289.314,15,0.0013,0,0.0013,16.45157,0.00007901981391441667877290738817,touched_quote_without_depletion,,0.00032,False,missing_same_side_strict_through_support,82,45298,479,1,same_touch_stable_enough,real_bbo_history_touch_stability,479,1783579416221,,16.44657,,,64,,missing,no_prior_same_touch_bbo,pass,,,no_prior_same_touch_bbo,latest_l2_received_before_or_at_candidate,latest_l2_exchange_time_before_candidate,event_driven_current_l2_plus_rolling_public_trades_proxy_not_exact_queue_or_fill_probability
129,l2Book,1783579416766,1783579417058575084,0.292989,buy,62811,62811,62812,1,0.005,14.61818,43,2923.636,15,0.0013,0,0.0013,14.62318,0.00008889995199402592322600145796,touched_quote_without_depletion,,0.00032,False,missing_same_side_strict_through_support,83,45843,0,2,same_touch_stable_enough,real_bbo_history_touch_stability,545,1783579416221,16.44657,14.61818,-1.82839,64,43,-21,reset_supported,same_touch_top_qty_or_order_count_reduced,pass,,,,latest_l2_received_before_or_at_candidate,latest_l2_exchange_time_equal_candidate,event_driven_current_l2_plus_rolling_public_trades_proxy_not_exact_queue_or_fill_probability
130,trades,1783579417103,1783579417380244549,0.277631,buy,62811,62811,62812,1,0.005,14.61818,43,2923.636,16,0.00669,0,0.00669,14.62318,0.0004574928298769487895245767337,touched_quote_without_depletion,,0.00167,False,missing_same_side_strict_through_support,83,45843,337,2,same_touch_stable_enough,real_bbo_history_touch_stability,882,1783579416221,16.44657,14.61818,-1.82839,64,43,-21,reset_supported,same_touch_top_qty_or_order_count_reduced,pass,,,,latest_l2_received_before_or_at_candidate,latest_l2_exchange_time_before_candidate,event_driven_current_l2_plus_rolling_public_trades_proxy_not_exact_queue_or_fill_probability
131,l2Book,1783579417302,1783579417598891383,0.297316,buy,62811,62811,62812,1,0.005,11.93954,26,2387.908,16,0.00669,0,0.00669,11.94454,0.0005600885425474735736997824948,touched_quote_without_depletion,,0.00167,False,missing_same_side_strict_through_support,84,46379,0,3,same_touch_stable_enough,real_bbo_history_touch_stability,1081,1783579416221,16.44657,11.93954,-4.50703,64,26,-38,reset_supported,same_touch_top_qty_or_order_count_reduced,pass,,,,latest_l2_received_before_or_at_candidate,latest_l2_exchange_time_equal_candidate,event_driven_current_l2_plus_rolling_public_trades_proxy_not_exact_queue_or_fill_probability
132,l2Book,1783579417840,1783579418157338423,0.317771,buy,62811,62811,62812,1,0.005,15.59065,29,3118.13,16,0.00669,0,0.00669,15.59565,0.0004289657693010551019034153754,touched_quote_without_depletion,,0.00167,False,missing_same_side_strict_through_support,85,46917,0,4,same_touch_stable_enough,real_bbo_history_touch_stability,1619,1783579416221,16.44657,15.59065,-0.85592,64,29,-35,reset_supported,same_touch_top_qty_or_order_count_reduced,pass,,,,latest_l2_received_before_or_at_candidate,latest_l2_exchange_time_equal_candidate,event_driven_current_l2_plus_rolling_public_trades_proxy_not_exact_queue_or_fill_probability
133,trades,1783579418030,1783579418263003600,0.233444,buy,62811,62811,62812,1,0.005,15.59065,29,3118.13,18,0.00739,0,0.00739,15.59565,0.0004738500799902536925360597346,touched_quote_without_depletion,,0.00184,False,missing_same_side_strict_through_support,85,46917,190,4,same_touch_stable_enough,real_bbo_history_touch_stability,1809,1783579416221,16.44657,15.59065,-0.85592,64,29,-35,reset_supported,same_touch_top_qty_or_order_count_reduced,pass,,,,latest_l2_received_before_or_at_candidate,latest_l2_exchange_time_before_candidate,event_driven_current_l2_plus_rolling_public_trades_proxy_not_exact_queue_or_fill_probability
134,l2Book,1783579418381,1783579418707896576,0.327293,buy,62811,62811,62812,1,0.005,31.07662,78,6215.324,15,0.00739,0,0.00739,31.08162,0.0002377610948206689355316743464,touched_quote_without_depletion,,0.00184,False,missing_same_side_strict_through_support,86,47458,0,5,same_touch_stable_enough,real_bbo_history_touch_stability,2160,1783579416221,16.44657,31.07662,14.63005,64,78,14,not_reset,history_present_no_reset,pass,,,history_present_no_reset,latest_l2_received_before_or_at_candidate,latest_l2_exchange_time_equal_candidate,event_driven_current_l2_plus_rolling_public_trades_proxy_not_exact_queue_or_fill_probability
135,l2Book,1783579418916,1783579419287779683,0.3722,buy,62811,62811,62812,1,0.005,27.32166,68,5464.332,15,0.00739,0,0.00739,27.32666,0.000270431878612314860286621197,touched_quote_without_depletion,,0.00184,False,missing_same_side_strict_through_support,87,47993,0,6,same_touch_stable_enough,real_bbo_history_touch_stability,2695,1783579416221,31.07662,27.32166,-3.75496,78,68,-10,reset_supported,same_touch_top_qty_or_order_count_reduced,pass,,,,latest_l2_received_before_or_at_candidate,latest_l2_exchange_time_equal_candidate,event_driven_current_l2_plus_rolling_public_trades_proxy_not_exact_queue_or_fill_probability
136,trades,1783579419047,1783579419335026683,0.28846,buy,62811,62811,62812,1,0.005,27.32166,68,5464.332,6,0.00739,0,0.00739,27.32666,0.000270431878612314860286621197,touched_quote_without_depletion,,0.00184,False,missing_same_side_strict_through_support,87,47993,131,6,same_touch_stable_enough,real_bbo_history_touch_stability,2826,1783579416221,31.07662,27.32166,-3.75496,78,68,-10,reset_supported,same_touch_top_qty_or_order_count_reduced,pass,,,,latest_l2_received_before_or_at_candidate,latest_l2_exchange_time_before_candidate,event_driven_current_l2_plus_rolling_public_trades_proxy_not_exact_queue_or_fill_probability
137,l2Book,1783579419457,1783579419749953008,0.29333,buy,62812,62812,62813,1,0.005,89.70384,579,17940.768,6,0,0.00739,0.00739,89.70884,0.00008237761183847656485135690084,strict_trade_through_seen_but_visible_top_not_depleted,,0.00184,False,missing_touch_freshness_or_queue_reset_evidence,88,48534,0,1,same_touch_seen_but_not_stable,real_bbo_history_insufficient,0,1783579419457,,89.70384,,,579,,missing,no_prior_same_touch_bbo,block,no_prior_same_touch_bbo,same_touch_seen_but_not_stable,no_prior_same_touch_bbo,latest_l2_received_before_or_at_candidate,latest_l2_exchange_time_equal_candidate,event_driven_current_l2_plus_rolling_public_trades_proxy_not_exact_queue_or_fill_probability
138,trades,1783579419595,1783579419849095852,0.254514,buy,62812,62812,62813,1,0.005,89.70384,579,17940.768,12,0,0.00739,0.00739,89.70884,0.00008237761183847656485135690084,strict_trade_through_seen_but_visible_top_not_depleted,,0.00184,False,missing_touch_freshness_or_queue_reset_evidence,88,48534,138,1,same_touch_seen_but_not_stable,real_bbo_history_insufficient,138,1783579419457,,89.70384,,,579,,missing,no_prior_same_touch_bbo,block,no_prior_same_touch_bbo,same_touch_seen_but_not_stable,no_prior_same_touch_bbo,latest_l2_received_before_or_at_candidate,latest_l2_exchange_time_before_candidate,event_driven_current_l2_plus_rolling_public_trades_proxy_not_exact_queue_or_fill_probability
139,l2Book,1783579419984,1783579420295510881,0.311898,buy,62817,62817,62818,1,0.005,28.86667,125,5773.334,11,0,0.00609,0.00609,28.87167,0.0002109334167368912155064116485,strict_trade_through_seen_but_visible_top_not_depleted,,0.00152,False,missing_touch_freshness_or_queue_reset_evidence,89,49061,0,1,same_touch_seen_but_not_stable,real_bbo_history_insufficient,0,1783579419984,,28.86667,,,125,,missing,no_prior_same_touch_bbo,block,no_prior_same_touch_bbo,same_touch_seen_but_not_stable,no_prior_same_touch_bbo,latest_l2_received_before_or_at_candidate,latest_l2_exchange_time_equal_candidate,event_driven_current_l2_plus_rolling_public_trades_proxy_not_exact_queue_or_fill_probability
140,l2Book,1783579420535,1783579420825789345,0.291202,buy,62817,62817,62818,1,0.005,22.64365,84,4528.73,10,0,0.0007,0.0007,22.64865,0.00003090691939696184982327865016,strict_trade_through_seen_but_visible_top_not_depleted,,0.00017,False,outside_quality_a_b_queue_bands,90,49612,0,2,same_touch_stable_enough,real_bbo_history_touch_stability,551,1783579419984,28.86667,22.64365,-6.22302,125,84,-41,reset_supported,same_touch_top_qty_or_order_count_reduced,pass,,,,latest_l2_received_before_or_at_candidate,latest_l2_exchange_time_equal_candidate,event_driven_current_l2_plus_rolling_public_trades_proxy_not_exact_queue_or_fill_probability
141,l2Book,1783579421047,1783579421385653781,0.339161,buy,62817,62817,62818,1,0.005,27.7341,98,5546.82,8,0,0,0,27.7391,0,not_depleted,,0.0,False,missing_same_side_strict_through_support;missing_recent_same_side_at_or_through_throughput,91,50124,0,3,same_touch_stable_enough,real_bbo_history_touch_stability,1063,1783579419984,28.86667,27.7341,-1.13257,125,98,-27,reset_supported,same_touch_top_qty_or_order_count_reduced,pass,,,,latest_l2_received_before_or_at_candidate,latest_l2_exchange_time_equal_candidate,event_driven_current_l2_plus_rolling_public_trades_proxy_not_exact_queue_or_fill_probability
142,trades,1783579421047,1783579421386382061,0.33965,buy,62817,62817,62818,1,0.005,27.7341,98,5546.82,9,0.00035,0,0.00035,27.7391,0.00001261756870266158599233572827,touched_quote_without_depletion,,8e-05,False,missing_same_side_strict_through_support,91,50124,0,3,same_touch_stable_enough,real_bbo_history_touch_stability,1063,1783579419984,28.86667,27.7341,-1.13257,125,98,-27,reset_supported,same_touch_top_qty_or_order_count_reduced,pass,,,,latest_l2_received_before_or_at_candidate,latest_l2_exchange_time_equal_candidate,event_driven_current_l2_plus_rolling_public_trades_proxy_not_exact_queue_or_fill_probability
143,l2Book,1783579421674,1783579422118031378,0.444449,buy,62817,62817,62818,1,0.005,34.32904,125,6865.808,9,0.00035,0,0.00035,34.33404,0.00001019396493975075464466168269,touched_quote_without_depletion,,8e-05,False,missing_same_side_strict_through_support,92,50751,0,4,same_touch_stable_enough,real_bbo_history_touch_stability,1690,1783579419984,28.86667,34.32904,5.46237,125,125,0,not_reset,history_present_no_reset,pass,,,history_present_no_reset,latest_l2_received_before_or_at_candidate,latest_l2_exchange_time_equal_candidate,event_driven_current_l2_plus_rolling_public_trades_proxy_not_exact_queue_or_fill_probability
144,trades,1783579421875,1783579422118666948,0.243935,buy,62817,62817,62818,1,0.005,34.32904,125,6865.808,11,0.00035,0,0.00035,34.33404,0.00001019396493975075464466168269,touched_quote_without_depletion,,8e-05,False,missing_same_side_strict_through_support,92,50751,201,4,same_touch_stable_enough,real_bbo_history_touch_stability,1891,1783579419984,28.86667,34.32904,5.46237,125,125,0,not_reset,history_present_no_reset,pass,,,history_present_no_reset,latest_l2_received_before_or_at_candidate,latest_l2_exchange_time_before_candidate,event_driven_current_l2_plus_rolling_public_trades_proxy_not_exact_queue_or_fill_probability
145,l2Book,1783579422277,1783579422573125098,0.296552,buy,62817,62817,62818,1,0.005,30.00815,111,6001.63,9,0.00035,0,0.00035,30.01315,0.00001166155501838360851826616,touched_quote_without_depletion,,8e-05,False,missing_same_side_strict_through_support,93,51354,0,5,same_touch_stable_enough,real_bbo_history_touch_stability,2293,1783579419984,34.32904,30.00815,-4.32089,125,111,-14,reset_supported,same_touch_top_qty_or_order_count_reduced,pass,,,,latest_l2_received_before_or_at_candidate,latest_l2_exchange_time_equal_candidate,event_driven_current_l2_plus_rolling_public_trades_proxy_not_exact_queue_or_fill_probability
146,l2Book,1783579422890,1783579423183164026,0.293617,buy,62817,62817,62818,1,0.005,29.80903,110,5961.806,3,0.00035,0,0.00035,29.81403,0.00001173943945182855185964460356,touched_quote_without_depletion,,8e-05,False,missing_same_side_strict_through_support,94,51967,0,6,same_touch_stable_enough,real_bbo_history_touch_stability,2906,1783579419984,34.32904,29.80903,-4.52001,125,110,-15,reset_supported,same_touch_top_qty_or_order_count_reduced,pass,,,,latest_l2_received_before_or_at_candidate,latest_l2_exchange_time_equal_candidate,event_driven_current_l2_plus_rolling_public_trades_proxy_not_exact_queue_or_fill_probability
147,l2Book,1783579423489,1783579423768785075,0.280245,buy,62817,62817,62818,1,0.005,32.71584,104,6543.168,3,0.00035,0,0.00035,32.72084,0.00001069654691016489796716710207,touched_quote_without_depletion,,8e-05,False,missing_same_side_strict_through_support,95,52566,0,7,same_touch_stable_enough,real_bbo_history_touch_stability,3505,1783579419984,34.32904,32.71584,-1.6132,125,104,-21,reset_supported,same_touch_top_qty_or_order_count_reduced,pass,,,,latest_l2_received_before_or_at_candidate,latest_l2_exchange_time_equal_candidate,event_driven_current_l2_plus_rolling_public_trades_proxy_not_exact_queue_or_fill_probability
148,l2Book,1783579424093,1783579424494058304,0.40151,buy,62817,62817,62818,1,0.005,30.09237,105,6018.474,2,0,0,0,30.09737,0,not_depleted,,0.0,False,missing_same_side_strict_through_support;missing_recent_same_side_at_or_through_throughput,96,53170,0,8,same_touch_stable_enough,real_bbo_history_touch_stability,4109,1783579419984,34.32904,30.09237,-4.23667,125,105,-20,reset_supported,same_touch_top_qty_or_order_count_reduced,pass,,,,latest_l2_received_before_or_at_candidate,latest_l2_exchange_time_equal_candidate,event_driven_current_l2_plus_rolling_public_trades_proxy_not_exact_queue_or_fill_probability
149,trades,1783579424093,1783579424494696909,0.401938,buy,62817,62817,62818,1,0.005,30.09237,105,6018.474,3,0.00052,0,0.00052,30.09737,0.00001727725711582108337040744756,touched_quote_without_depletion,,0.00013,False,missing_same_side_strict_through_support,96,53170,0,8,same_touch_stable_enough,real_bbo_history_touch_stability,4109,1783579419984,34.32904,30.09237,-4.23667,125,105,-20,reset_supported,same_touch_top_qty_or_order_count_reduced,pass,,,,latest_l2_received_before_or_at_candidate,latest_l2_exchange_time_equal_candidate,event_driven_current_l2_plus_rolling_public_trades_proxy_not_exact_queue_or_fill_probability
150,l2Book,1783579424697,1783579424985523651,0.28901,buy,62817,62817,62818,1,0.005,27.90526,104,5581.052,3,0.00052,0,0.00052,27.91026,0.00001863114137955002927238943672,touched_quote_without_depletion,,0.00013,False,missing_same_side_strict_through_support,97,53774,0,9,same_touch_stable_enough,real_bbo_history_touch_stability,4713,1783579419984,34.32904,27.90526,-6.42378,125,104,-21,reset_supported,same_touch_top_qty_or_order_count_reduced,pass,,,,latest_l2_received_before_or_at_candidate,latest_l2_exchange_time_equal_candidate,event_driven_current_l2_plus_rolling_public_trades_proxy_not_exact_queue_or_fill_probability
151,trades,1783579425098,1783579425424528067,0.326956,buy,62817,62817,62818,1,0.005,27.90526,104,5581.052,2,0.00052,0,0.00052,27.91026,0.00001863114137955002927238943672,touched_quote_without_depletion,,0.00013,False,missing_same_side_strict_through_support,97,53774,401,9,same_touch_stable_enough,real_bbo_history_touch_stability,5114,1783579419984,34.32904,27.90526,-6.42378,125,104,-21,reset_supported,same_touch_top_qty_or_order_count_reduced,pass,,,,latest_l2_received_before_or_at_candidate,latest_l2_exchange_time_before_candidate,event_driven_current_l2_plus_rolling_public_trades_proxy_not_exact_queue_or_fill_probability
152,l2Book,1783579425303,1783579425589644060,0.287107,buy,62817,62817,62818,1,0.005,23.85209,78,4770.418,2,0.00052,0,0.00052,23.85709,0.00002179645547717680572106656763,touched_quote_without_depletion,,0.00013,False,missing_same_side_strict_through_support,98,54380,0,10,same_touch_stable_enough,real_bbo_history_touch_stability,5319,1783579419984,34.32904,23.85209,-10.47695,125,78,-47,reset_supported,same_touch_top_qty_or_order_count_reduced,pass,,,,latest_l2_received_before_or_at_candidate,latest_l2_exchange_time_equal_candidate,event_driven_current_l2_plus_rolling_public_trades_proxy_not_exact_queue_or_fill_probability
153,l2Book,1783579425914,1783579426207713634,0.294143,buy,62817,62817,62818,1,0.005,24.03521,78,4807.042,2,0.00052,0,0.00052,24.04021,0.00002163042668928432821510294627,touched_quote_without_depletion,,0.00013,False,missing_same_side_strict_through_support,99,54991,0,11,same_touch_stable_enough,real_bbo_history_touch_stability,5930,1783579419984,34.32904,24.03521,-10.29383,125,78,-47,reset_supported,same_touch_top_qty_or_order_count_reduced,pass,,,,latest_l2_received_before_or_at_candidate,latest_l2_exchange_time_equal_candidate,event_driven_current_l2_plus_rolling_public_trades_proxy_not_exact_queue_or_fill_probability
154,trades,1783579426116,1783579426411115506,0.295562,buy,62817,62817,62818,1,0.005,24.03521,78,4807.042,3,0.00052,0,0.00052,24.04021,0.00002163042668928432821510294627,touched_quote_without_depletion,,0.00013,False,missing_same_side_strict_through_support,99,54991,202,11,same_touch_stable_enough,real_bbo_history_touch_stability,6132,1783579419984,34.32904,24.03521,-10.29383,125,78,-47,reset_supported,same_touch_top_qty_or_order_count_reduced,pass,,,,latest_l2_received_before_or_at_candidate,latest_l2_exchange_time_before_candidate,event_driven_current_l2_plus_rolling_public_trades_proxy_not_exact_queue_or_fill_probability
155,trades,1783579426315,1783579426513493974,0.198978,buy,62817,62817,62818,1,0.005,24.03521,78,4807.042,4,0.01644,0,0.01644,24.04021,0.0006838542591766045304928700706,touched_quote_without_depletion,,0.00411,False,missing_same_side_strict_through_support,99,54991,401,11,same_touch_stable_enough,real_bbo_history_touch_stability,6331,1783579419984,34.32904,24.03521,-10.29383,125,78,-47,reset_supported,same_touch_top_qty_or_order_count_reduced,pass,,,,latest_l2_received_before_or_at_candidate,latest_l2_exchange_time_before_candidate,event_driven_current_l2_plus_rolling_public_trades_proxy_not_exact_queue_or_fill_probability
156,l2Book,1783579426432,1783579426883483877,0.451964,buy,62817,62817,62818,1,0.005,27.28598,80,5457.196,4,0.01644,0,0.01644,27.29098,0.0006023968358776416237159676934,touched_quote_without_depletion,,0.00411,False,missing_same_side_strict_through_support,100,55509,0,12,same_touch_stable_enough,real_bbo_history_touch_stability,6448,1783579419984,34.32904,27.28598,-7.04306,125,80,-45,reset_supported,same_touch_top_qty_or_order_count_reduced,pass,,,,latest_l2_received_before_or_at_candidate,latest_l2_exchange_time_equal_candidate,event_driven_current_l2_plus_rolling_public_trades_proxy_not_exact_queue_or_fill_probability
157,l2Book,1783579426986,1783579427252238610,0.266742,buy,62817,62817,62818,1,0.005,24.91656,80,4983.312,4,0.01644,0,0.01644,24.92156,0.0006596697799014186912857782579,touched_quote_without_depletion,,0.00411,False,missing_same_side_strict_through_support,101,56063,0,13,same_touch_stable_enough,real_bbo_history_touch_stability,7002,1783579419984,34.32904,24.91656,-9.41248,125,80,-45,reset_supported,same_touch_top_qty_or_order_count_reduced,pass,,,,latest_l2_received_before_or_at_candidate,latest_l2_exchange_time_equal_candidate,event_driven_current_l2_plus_rolling_public_trades_proxy_not_exact_queue_or_fill_probability
158,l2Book,1783579427521,1783579427810592075,0.290069,buy,62817,62817,62818,1,0.005,27.78473,81,5556.946,3,0.01592,0,0.01592,27.78973,0.0005728735039887037405545142036,touched_quote_without_depletion,,0.00398,False,missing_same_side_strict_through_support,102,56598,0,14,same_touch_stable_enough,real_bbo_history_touch_stability,7537,1783579419984,34.32904,27.78473,-6.54431,125,81,-44,reset_supported,same_touch_top_qty_or_order_count_reduced,pass,,,,latest_l2_received_before_or_at_candidate,latest_l2_exchange_time_equal_candidate,event_driven_current_l2_plus_rolling_public_trades_proxy_not_exact_queue_or_fill_probability
159,trades,1783579427725,1783579427933269024,0.208749,buy,62817,62817,62818,1,0.005,27.78473,81,5556.946,4,0.01592,0,0.01592,27.78973,0.0005728735039887037405545142036,touched_quote_without_depletion,,0.00398,False,missing_same_side_strict_through_support,102,56598,204,14,same_touch_stable_enough,real_bbo_history_touch_stability,7741,1783579419984,34.32904,27.78473,-6.54431,125,81,-44,reset_supported,same_touch_top_qty_or_order_count_reduced,pass,,,,latest_l2_received_before_or_at_candidate,latest_l2_exchange_time_before_candidate,event_driven_current_l2_plus_rolling_public_trades_proxy_not_exact_queue_or_fill_probability
160,l2Book,1783579428050,1783579428402446269,0.352908,buy,62817,62817,62818,1,0.005,24.91656,80,4983.312,4,0.01592,0,0.01592,24.92156,0.0006388043124106195599312402594,touched_quote_without_depletion,,0.00398,False,missing_same_side_strict_through_support,103,57127,0,15,same_touch_stable_enough,real_bbo_history_touch_stability,8066,1783579419984,34.32904,24.91656,-9.41248,125,80,-45,reset_supported,same_touch_top_qty_or_order_count_reduced,pass,,,,latest_l2_received_before_or_at_candidate,latest_l2_exchange_time_equal_candidate,event_driven_current_l2_plus_rolling_public_trades_proxy_not_exact_queue_or_fill_probability
161,trades,1783579428331,1783579428539582223,0.209015,buy,62817,62817,62818,1,0.005,24.91656,80,4983.312,4,0.01658,0,0.01658,24.92156,0.0006652874057643261497273846421,touched_quote_without_depletion,,0.00414,False,missing_same_side_strict_through_support,103,57127,281,15,same_touch_stable_enough,real_bbo_history_touch_stability,8347,1783579419984,34.32904,24.91656,-9.41248,125,80,-45,reset_supported,same_touch_top_qty_or_order_count_reduced,pass,,,,latest_l2_received_before_or_at_candidate,latest_l2_exchange_time_before_candidate,event_driven_current_l2_plus_rolling_public_trades_proxy_not_exact_queue_or_fill_probability
162,l2Book,1783579428600,1783579428910921892,0.311382,buy,62817,62817,62818,1,0.005,27.78409,81,5556.818,4,0.01658,0,0.01658,27.78909,0.0005966370255377200188995033662,touched_quote_without_depletion,,0.00414,False,missing_same_side_strict_through_support,104,57677,0,16,same_touch_stable_enough,real_bbo_history_touch_stability,8616,1783579419984,34.32904,27.78409,-6.54495,125,81,-44,reset_supported,same_touch_top_qty_or_order_count_reduced,pass,,,,latest_l2_received_before_or_at_candidate,latest_l2_exchange_time_equal_candidate,event_driven_current_l2_plus_rolling_public_trades_proxy_not_exact_queue_or_fill_probability
163,trades,1783579429066,1783579429330539870,0.26498,buy,62817,62817,62818,1,0.005,27.78409,81,5556.818,5,0.01658,0,0.01658,27.78909,0.0005966370255377200188995033662,touched_quote_without_depletion,,0.00414,False,missing_same_side_strict_through_support,104,57677,466,16,same_touch_stable_enough,real_bbo_history_touch_stability,9082,1783579419984,34.32904,27.78409,-6.54495,125,81,-44,reset_supported,same_touch_top_qty_or_order_count_reduced,pass,,,,latest_l2_received_before_or_at_candidate,latest_l2_exchange_time_before_candidate,event_driven_current_l2_plus_rolling_public_trades_proxy_not_exact_queue_or_fill_probability
164,l2Book,1783579429131,1783579429517223186,0.386738,buy,62817,62817,62818,1,0.005,27.78409,81,5556.818,4,0.01658,0,0.01658,27.78909,0.0005966370255377200188995033662,touched_quote_without_depletion,,0.00414,False,missing_same_side_strict_through_support,105,58208,0,17,same_touch_stable_enough,real_bbo_history_touch_stability,9147,1783579419984,34.32904,27.78409,-6.54495,125,81,-44,reset_supported,same_touch_top_qty_or_order_count_reduced,pass,,,,latest_l2_received_before_or_at_candidate,latest_l2_exchange_time_equal_candidate,event_driven_current_l2_plus_rolling_public_trades_proxy_not_exact_queue_or_fill_probability
165,trades,1783579429603,1783579429813711961,0.211195,buy,62817,62817,62818,1,0.005,27.78409,81,5556.818,4,0.00066,0,0.00066,27.78909,0.00002375032791645930111421424739,touched_quote_without_depletion,,0.00016,False,missing_same_side_strict_through_support,105,58208,472,17,same_touch_stable_enough,real_bbo_history_touch_stability,9619,1783579419984,34.32904,27.78409,-6.54495,125,81,-44,reset_supported,same_touch_top_qty_or_order_count_reduced,pass,,,,latest_l2_received_before_or_at_candidate,latest_l2_exchange_time_before_candidate,event_driven_current_l2_plus_rolling_public_trades_proxy_not_exact_queue_or_fill_probability
166,l2Book,1783579429672,1783579429965663329,0.294134,buy,62817,62817,62818,1,0.005,24.9159,80,4983.18,4,0.00066,0,0.00066,24.9209,0.00002648379472651469248702895963,touched_quote_without_depletion,,0.00016,False,missing_same_side_strict_through_support,106,58749,0,18,same_touch_stable_enough,real_bbo_history_touch_stability,9688,1783579419984,34.32904,24.9159,-9.41314,125,80,-45,reset_supported,same_touch_top_qty_or_order_count_reduced,pass,,,,latest_l2_received_before_or_at_candidate,latest_l2_exchange_time_equal_candidate,event_driven_current_l2_plus_rolling_public_trades_proxy_not_exact_queue_or_fill_probability
167,l2Book,1783579430187,1783579430507509851,0.320999,buy,62817,62817,62818,1,0.005,24.9159,80,4983.18,4,0.00066,0,0.00066,24.9209,0.00002648379472651469248702895963,touched_quote_without_depletion,,0.00016,False,missing_same_side_strict_through_support,107,59264,0,19,same_touch_stable_enough,real_bbo_history_touch_stability,10203,1783579419984,34.32904,24.9159,-9.41314,125,80,-45,reset_supported,same_touch_top_qty_or_order_count_reduced,pass,,,,latest_l2_received_before_or_at_candidate,latest_l2_exchange_time_equal_candidate,event_driven_current_l2_plus_rolling_public_trades_proxy_not_exact_queue_or_fill_probability
168,trades,1783579430343,1783579430586805382,0.244294,buy,62817,62817,62818,1,0.005,24.9159,80,4983.18,5,0.00066,0,0.00066,24.9209,0.00002648379472651469248702895963,touched_quote_without_depletion,,0.00016,False,missing_same_side_strict_through_support,107,59264,156,19,same_touch_stable_enough,real_bbo_history_touch_stability,10359,1783579419984,34.32904,24.9159,-9.41314,125,80,-45,reset_supported,same_touch_top_qty_or_order_count_reduced,pass,,,,latest_l2_received_before_or_at_candidate,latest_l2_exchange_time_before_candidate,event_driven_current_l2_plus_rolling_public_trades_proxy_not_exact_queue_or_fill_probability
169,trades,1783579430477,1783579430680103510,0.203571,buy,62817,62817,62818,1,0.005,24.9159,80,4983.18,6,0.00654,0,0.00654,24.9209,0.0002624303295627364982805596909,touched_quote_without_depletion,,0.00163,False,missing_same_side_strict_through_support,107,59264,290,19,same_touch_stable_enough,real_bbo_history_touch_stability,10493,1783579419984,34.32904,24.9159,-9.41314,125,80,-45,reset_supported,same_touch_top_qty_or_order_count_reduced,pass,,,,latest_l2_received_before_or_at_candidate,latest_l2_exchange_time_before_candidate,event_driven_current_l2_plus_rolling_public_trades_proxy_not_exact_queue_or_fill_probability
170,l2Book,1783579430745,1783579431045655453,0.301137,buy,62817,62817,62818,1,0.005,29.37162,82,5874.324,5,0.00654,0,0.00654,29.37662,0.0002226260202841579460128496743,touched_quote_without_depletion,,0.00163,False,missing_same_side_strict_through_support,108,59822,0,20,same_touch_stable_enough,real_bbo_history_touch_stability,10761,1783579419984,34.32904,29.37162,-4.95742,125,82,-43,reset_supported,same_touch_top_qty_or_order_count_reduced,pass,,,,latest_l2_received_before_or_at_candidate,latest_l2_exchange_time_equal_candidate,event_driven_current_l2_plus_rolling_public_trades_proxy_not_exact_queue_or_fill_probability
171,trades,1783579431068,1783579431322135209,0.254617,buy,62817,62817,62818,1,0.005,29.37162,82,5874.324,7,0.01172,0,0.01172,29.37662,0.0003989567213654940561575838201,touched_quote_without_depletion,,0.00293,False,missing_same_side_strict_through_support,107,59215,323,20,same_touch_stable_enough,real_bbo_history_touch_stability,11084,1783579419984,34.32904,29.37162,-4.95742,125,82,-43,reset_supported,same_touch_top_qty_or_order_count_reduced,pass,,,,latest_l2_received_before_or_at_candidate,latest_l2_exchange_time_before_candidate,event_driven_current_l2_plus_rolling_public_trades_proxy_not_exact_queue_or_fill_probability
172,l2Book,1783579431253,1783579431617561748,0.365079,buy,62817,62817,62818,1,0.005,24.90484,80,4980.968,7,0.01172,0,0.01172,24.90984,0.0004704967996582876485758238511,touched_quote_without_depletion,,0.00293,False,missing_same_side_strict_through_support,108,59723,0,21,same_touch_stable_enough,real_bbo_history_touch_stability,11269,1783579419984,34.32904,24.90484,-9.4242,125,80,-45,reset_supported,same_touch_top_qty_or_order_count_reduced,pass,,,,latest_l2_received_before_or_at_candidate,latest_l2_exchange_time_equal_candidate,event_driven_current_l2_plus_rolling_public_trades_proxy_not_exact_queue_or_fill_probability
173,l2Book,1783579431753,1783579432041529207,0.28904,buy,62817,62817,62818,1,0.005,24.90635,81,4981.27,6,0.01106,0,0.01106,24.91135,0.0004439743329847639730484297318,touched_quote_without_depletion,,0.00276,False,missing_same_side_strict_through_support,108,59617,0,22,same_touch_stable_enough,real_bbo_history_touch_stability,11769,1783579419984,34.32904,24.90635,-9.42269,125,81,-44,reset_supported,same_touch_top_qty_or_order_count_reduced,pass,,,,latest_l2_received_before_or_at_candidate,latest_l2_exchange_time_equal_candidate,event_driven_current_l2_plus_rolling_public_trades_proxy_not_exact_queue_or_fill_probability
174,trades,1783579432029,1783579432346874308,0.318362,buy,62817,62817,62818,1,0.005,24.90635,81,4981.27,11,0.0115,0,0.0115,24.91135,0.0004616369646767437332782045132,touched_quote_without_depletion,,0.00287,False,missing_same_side_strict_through_support,108,59617,276,22,same_touch_stable_enough,real_bbo_history_touch_stability,12045,1783579419984,34.32904,24.90635,-9.42269,125,81,-44,reset_supported,same_touch_top_qty_or_order_count_reduced,pass,,,,latest_l2_received_before_or_at_candidate,latest_l2_exchange_time_before_candidate,event_driven_current_l2_plus_rolling_public_trades_proxy_not_exact_queue_or_fill_probability
175,l2Book,1783579432294,1783579432717355226,0.423838,buy,62838,62838,62841,3,0.005,0.45027,9,90.054,10,0,0.0115,0.0115,0.45527,0.02525973598084653063017550025,strict_trade_through_seen_but_visible_top_not_depleted,,0.00287,False,missing_touch_freshness_or_queue_reset_evidence,108,59551,0,1,same_touch_seen_but_not_stable,real_bbo_history_insufficient,0,1783579432294,,0.45027,,,9,,missing,no_prior_same_touch_bbo,block,no_prior_same_touch_bbo,same_touch_seen_but_not_stable,no_prior_same_touch_bbo,latest_l2_received_before_or_at_candidate,latest_l2_exchange_time_equal_candidate,event_driven_current_l2_plus_rolling_public_trades_proxy_not_exact_queue_or_fill_probability
176,trades,1783579432294,1783579432719336135,0.425738,buy,62838,62838,62841,3,0.005,0.45027,9,90.054,54,0,0.0115,0.0115,0.45527,0.02525973598084653063017550025,strict_trade_through_seen_but_visible_top_not_depleted,,0.00287,False,missing_touch_freshness_or_queue_reset_evidence,108,59551,0,1,same_touch_seen_but_not_stable,real_bbo_history_insufficient,0,1783579432294,,0.45027,,,9,,missing,no_prior_same_touch_bbo,block,no_prior_same_touch_bbo,same_touch_seen_but_not_stable,no_prior_same_touch_bbo,latest_l2_received_before_or_at_candidate,latest_l2_exchange_time_equal_candidate,event_driven_current_l2_plus_rolling_public_trades_proxy_not_exact_queue_or_fill_probability
177,trades,1783579432513,1783579432829526308,0.317053,buy,62838,62838,62841,3,0.005,0.45027,9,90.054,55,0,0.0115,0.0115,0.45527,0.02525973598084653063017550025,strict_trade_through_seen_but_visible_top_not_depleted,,0.00287,False,missing_touch_freshness_or_queue_reset_evidence,108,59551,219,1,same_touch_seen_but_not_stable,real_bbo_history_insufficient,219,1783579432294,,0.45027,,,9,,missing,no_prior_same_touch_bbo,block,no_prior_same_touch_bbo,same_touch_seen_but_not_stable,no_prior_same_touch_bbo,latest_l2_received_before_or_at_candidate,latest_l2_exchange_time_before_candidate,event_driven_current_l2_plus_rolling_public_trades_proxy_not_exact_queue_or_fill_probability
178,l2Book,1783579432819,1783579433124482970,0.305979,buy,62840,62840,62841,1,0.005,2.32957,5,465.914,54,0,0.0115,0.0115,2.33457,0.004925960669416637753419259221,strict_trade_through_seen_but_visible_top_not_depleted,,0.00287,False,missing_touch_freshness_or_queue_reset_evidence,108,59467,0,1,same_touch_seen_but_not_stable,real_bbo_history_insufficient,0,1783579432819,,2.32957,,,5,,missing,no_prior_same_touch_bbo,block,no_prior_same_touch_bbo,same_touch_seen_but_not_stable,no_prior_same_touch_bbo,latest_l2_received_before_or_at_candidate,latest_l2_exchange_time_equal_candidate,event_driven_current_l2_plus_rolling_public_trades_proxy_not_exact_queue_or_fill_probability
179,trades,1783579432965,1783579433196308559,0.231782,buy,62840,62840,62841,1,0.005,2.32957,5,465.914,55,0.00007,0.0115,0.01157,2.33457,0.004955944777839173809309637321,strict_trade_through_seen_but_visible_top_not_depleted,,0.00289,False,missing_touch_freshness_or_queue_reset_evidence,108,59467,146,1,same_touch_seen_but_not_stable,real_bbo_history_insufficient,146,1783579432819,,2.32957,,,5,,missing,no_prior_same_touch_bbo,block,no_prior_same_touch_bbo,same_touch_seen_but_not_stable,no_prior_same_touch_bbo,latest_l2_received_before_or_at_candidate,latest_l2_exchange_time_before_candidate,event_driven_current_l2_plus_rolling_public_trades_proxy_not_exact_queue_or_fill_probability
180,trades,1783579433022,1783579433282182935,0.260675,buy,62840,62840,62841,1,0.005,2.32957,5,465.914,58,0.00075,0.0115,0.01225,2.33457,0.005247218973943809780816167431,strict_trade_through_seen_but_visible_top_not_depleted,,0.00306,False,missing_touch_freshness_or_queue_reset_evidence,108,59467,203,1,same_touch_seen_but_not_stable,real_bbo_history_insufficient,203,1783579432819,,2.32957,,,5,,missing,no_prior_same_touch_bbo,block,no_prior_same_touch_bbo,same_touch_seen_but_not_stable,no_prior_same_touch_bbo,latest_l2_received_before_or_at_candidate,latest_l2_exchange_time_before_candidate,event_driven_current_l2_plus_rolling_public_trades_proxy_not_exact_queue_or_fill_probability
181,l2Book,1783579433369,1783579433647713488,0.279204,buy,62840,62840,62841,1,0.005,4.31904,6,863.808,57,0.00075,0.0115,0.01225,4.32404,0.002832998769669105743702648449,strict_trade_through_seen_but_visible_top_not_depleted,,0.002,False,outside_quality_a_b_queue_bands,108,59403,0,2,same_touch_stable_enough,real_bbo_history_touch_stability,550,1783579432819,2.32957,4.31904,1.98947,5,6,1,not_reset,history_present_no_reset,pass,,,history_present_no_reset,latest_l2_received_before_or_at_candidate,latest_l2_exchange_time_equal_candidate,event_driven_current_l2_plus_rolling_public_trades_proxy_not_exact_queue_or_fill_probability
182,trades,1783579433832,1783579434063878931,0.232367,buy,62840,62840,62841,1,0.005,4.31904,6,863.808,59,0.00292,0.04324,0.04616,4.32404,0.01067520189452456499014810224,strict_trade_through_seen_but_visible_top_not_depleted,,0.002,False,outside_quality_a_b_queue_bands,108,59403,463,2,same_touch_stable_enough,real_bbo_history_touch_stability,1013,1783579432819,2.32957,4.31904,1.98947,5,6,1,not_reset,history_present_no_reset,pass,,,history_present_no_reset,latest_l2_received_before_or_at_candidate,latest_l2_exchange_time_before_candidate,event_driven_current_l2_plus_rolling_public_trades_proxy_not_exact_queue_or_fill_probability
183,l2Book,1783579433917,1783579434218798389,0.302315,buy,62839,62839,62840,1,0.005,0.14112,4,28.224,59,0.03762,0.00562,0.04324,0.14612,0.2959211606898439638653161785,strict_trade_through_seen_but_visible_top_not_depleted,,0.005,False,missing_touch_freshness_or_queue_reset_evidence,109,59951,0,1,same_touch_seen_but_not_stable,real_bbo_history_insufficient,0,1783579433917,,0.14112,,,4,,missing,no_prior_same_touch_bbo,block,no_prior_same_touch_bbo,same_touch_seen_but_not_stable,no_prior_same_touch_bbo,latest_l2_received_before_or_at_candidate,latest_l2_exchange_time_equal_candidate,event_driven_current_l2_plus_rolling_public_trades_proxy_not_exact_queue_or_fill_probability
184,l2Book,1783579434438,1783579434829020265,0.391547,buy,62839,62839,62840,1,0.005,0.13878,1,27.756,57,0.03762,0.00044,0.03806,0.14378,0.2647099735707330644039504799,strict_trade_through_seen_but_visible_top_not_depleted,quality_b,0.002,True,,109,59873,0,2,same_touch_stable_enough,real_bbo_history_touch_stability,521,1783579433917,0.14112,0.13878,-0.00234,4,1,-3,reset_supported,same_touch_top_qty_or_order_count_reduced,pass,,,,latest_l2_received_before_or_at_candidate,latest_l2_exchange_time_equal_candidate,event_driven_current_l2_plus_rolling_public_trades_proxy_not_exact_queue_or_fill_probability
185,trades,1783579434999,1783579435313957824,0.315363,buy,62839,62839,62840,1,0.005,0.22562,4,45.124,59,0.03841,0.00044,0.03885,0.23062,0.1684589367791171624317058364,strict_trade_through_seen_but_visible_top_not_depleted,,0.002,False,outside_quality_a_b_queue_bands,109,59772,0,3,same_touch_stable_enough,real_bbo_history_touch_stability,1082,1783579433917,0.14112,0.22562,0.0845,4,4,0,not_reset,history_present_no_reset,pass,,,history_present_no_reset,latest_l2_received_before_or_at_candidate,latest_l2_exchange_time_equal_candidate,event_driven_current_l2_plus_rolling_public_trades_proxy_not_exact_queue_or_fill_probability
186,l2Book,1783579435533,1783579435822185354,0.28969,buy,62839,62839,62840,1,0.005,0.23179,6,46.358,9,0.03841,0,0.03841,0.23679,0.1622112420288018919717893492,touched_quote_without_depletion,,0.005,False,missing_same_side_strict_through_support,109,59765,0,4,same_touch_stable_enough,real_bbo_history_touch_stability,1616,1783579433917,0.22562,0.23179,0.00617,4,6,2,not_reset,history_present_no_reset,pass,,,history_present_no_reset,latest_l2_received_before_or_at_candidate,latest_l2_exchange_time_equal_candidate,event_driven_current_l2_plus_rolling_public_trades_proxy_not_exact_queue_or_fill_probability
187,trades,1783579435938,1783579436135055463,0.197586,buy,62839,62839,62840,1,0.005,0.23179,6,46.358,11,0.03841,0,0.03841,0.23679,0.1622112420288018919717893492,touched_quote_without_depletion,,0.005,False,missing_same_side_strict_through_support,108,59158,405,4,same_touch_stable_enough,real_bbo_history_touch_stability,2021,1783579433917,0.22562,0.23179,0.00617,4,6,2,not_reset,history_present_no_reset,pass,,,history_present_no_reset,latest_l2_received_before_or_at_candidate,latest_l2_exchange_time_before_candidate,event_driven_current_l2_plus_rolling_public_trades_proxy_not_exact_queue_or_fill_probability
188,trades,1783579436003,1783579436241851053,0.23933,buy,62839,62839,62840,1,0.005,0.23179,6,46.358,11,0.03841,0,0.03841,0.23679,0.1622112420288018919717893492,touched_quote_without_depletion,,0.005,False,missing_same_side_strict_through_support,108,59158,470,4,same_touch_stable_enough,real_bbo_history_touch_stability,2086,1783579433917,0.22562,0.23179,0.00617,4,6,2,not_reset,history_present_no_reset,pass,,,history_present_no_reset,latest_l2_received_before_or_at_candidate,latest_l2_exchange_time_before_candidate,event_driven_current_l2_plus_rolling_public_trades_proxy_not_exact_queue_or_fill_probability
189,l2Book,1783579436137,1783579436428277485,0.29177,buy,62839,62839,62840,1,0.005,0.48163,7,96.326,8,0.03841,0,0.03841,0.48663,0.07893060436060251114810019933,touched_quote_without_depletion,,0.005,False,missing_same_side_strict_through_support,109,59762,0,5,same_touch_stable_enough,real_bbo_history_touch_stability,2220,1783579433917,0.23179,0.48163,0.24984,6,7,1,not_reset,history_present_no_reset,pass,,,history_present_no_reset,latest_l2_received_before_or_at_candidate,latest_l2_exchange_time_equal_candidate,event_driven_current_l2_plus_rolling_public_trades_proxy_not_exact_queue_or_fill_probability
190,l2Book,1783579436741,1783579437172610304,0.432106,buy,62839,62839,62840,1,0.005,0.48343,9,96.686,8,0.03841,0,0.03841,0.48843,0.07863972319472595868394652253,touched_quote_without_depletion,,0.005,False,missing_same_side_strict_through_support,109,59900,0,6,same_touch_stable_enough,real_bbo_history_touch_stability,2824,1783579433917,0.48163,0.48343,0.0018,7,9,2,not_reset,history_present_no_reset,pass,,,history_present_no_reset,latest_l2_received_before_or_at_candidate,latest_l2_exchange_time_equal_candidate,event_driven_current_l2_plus_rolling_public_trades_proxy_not_exact_queue_or_fill_probability
191,trades,1783579437009,1783579437271259970,0.262737,buy,62839,62839,62840,1,0.005,0.48343,9,96.686,7,0.08366,0,0.08366,0.48843,0.1712835001945007472923448601,touched_quote_without_depletion,,0.005,False,missing_same_side_strict_through_support,108,59373,268,6,same_touch_stable_enough,real_bbo_history_touch_stability,3092,1783579433917,0.48163,0.48343,0.0018,7,9,2,not_reset,history_present_no_reset,pass,,,history_present_no_reset,latest_l2_received_before_or_at_candidate,latest_l2_exchange_time_before_candidate,event_driven_current_l2_plus_rolling_public_trades_proxy_not_exact_queue_or_fill_probability
192,l2Book,1783579437354,1783579437701325425,0.347803,buy,62839,62839,62840,1,0.005,0.46958,8,93.916,7,0.08366,0,0.08366,0.47458,0.1762821863542500737494205403,touched_quote_without_depletion,,0.005,False,missing_same_side_strict_through_support,109,59986,0,7,same_touch_stable_enough,real_bbo_history_touch_stability,3437,1783579433917,0.48343,0.46958,-0.01385,9,8,-1,reset_supported,same_touch_top_qty_or_order_count_reduced,pass,,,,latest_l2_received_before_or_at_candidate,latest_l2_exchange_time_equal_candidate,event_driven_current_l2_plus_rolling_public_trades_proxy_not_exact_queue_or_fill_probability
193,trades,1783579437354,1783579437702029345,0.348312,buy,62839,62839,62840,1,0.005,0.46958,8,93.916,8,0.08385,0,0.08385,0.47458,0.1766825403514686670319018922,touched_quote_without_depletion,,0.005,False,missing_same_side_strict_through_support,109,59986,0,7,same_touch_stable_enough,real_bbo_history_touch_stability,3437,1783579433917,0.48343,0.46958,-0.01385,9,8,-1,reset_supported,same_touch_top_qty_or_order_count_reduced,pass,,,,latest_l2_received_before_or_at_candidate,latest_l2_exchange_time_equal_candidate,event_driven_current_l2_plus_rolling_public_trades_proxy_not_exact_queue_or_fill_probability
194,l2Book,1783579437879,1783579438142679837,0.264186,buy,62839,62839,62840,1,0.005,0.40077,8,80.154,8,0.08385,0,0.08385,0.40577,0.206644158020553515538359169,touched_quote_without_depletion,,0.005,False,missing_same_side_strict_through_support,109,59910,0,8,same_touch_stable_enough,real_bbo_history_touch_stability,3962,1783579433917,0.48343,0.40077,-0.08266,9,8,-1,reset_supported,same_touch_top_qty_or_order_count_reduced,pass,,,,latest_l2_received_before_or_at_candidate,latest_l2_exchange_time_equal_candidate,event_driven_current_l2_plus_rolling_public_trades_proxy_not_exact_queue_or_fill_probability
195,trades,1783579438158,1783579438388835432,0.2313,buy,62839,62839,62840,1,0.005,0.40077,8,80.154,7,0.08306,0,0.08306,0.40577,0.2046972422801094215935135668,touched_quote_without_depletion,,0.005,False,missing_same_side_strict_through_support,108,59310,279,8,same_touch_stable_enough,real_bbo_history_touch_stability,4241,1783579433917,0.48343,0.40077,-0.08266,9,8,-1,reset_supported,same_touch_top_qty_or_order_count_reduced,pass,,,,latest_l2_received_before_or_at_candidate,latest_l2_exchange_time_before_candidate,event_driven_current_l2_plus_rolling_public_trades_proxy_not_exact_queue_or_fill_probability
196,l2Book,1783579438428,1783579438754920271,0.32742,buy,62839,62839,62840,1,0.005,0.0145,3,2.9,7,0.08306,0,0.08306,0.0195,4.259487179487179487179487179,depleted_top_plus_order_proxy,,0.005,False,missing_same_side_strict_through_support,109,59859,0,9,same_touch_stable_enough,real_bbo_history_touch_stability,4511,1783579433917,0.48343,0.0145,-0.46893,9,3,-6,reset_supported,same_touch_top_qty_or_order_count_reduced,pass,,,,latest_l2_received_before_or_at_candidate,latest_l2_exchange_time_equal_candidate,event_driven_current_l2_plus_rolling_public_trades_proxy_not_exact_queue_or_fill_probability
197,trades,1783579438767,1783579439056622066,0.290103,buy,62839,62839,62840,1,0.005,0.0145,3,2.9,11,0.08343,0.00034,0.08377,0.0195,4.295897435897435897435897436,depleted_top_plus_order_proxy,quality_a,0.005,True,,108,59257,339,9,same_touch_stable_enough,real_bbo_history_touch_stability,4850,1783579433917,0.48343,0.0145,-0.46893,9,3,-6,reset_supported,same_touch_top_qty_or_order_count_reduced,pass,,,,latest_l2_received_before_or_at_candidate,latest_l2_exchange_time_before_candidate,event_driven_current_l2_plus_rolling_public_trades_proxy_not_exact_queue_or_fill_probability
198,l2Book,1783579439497,1783579439883431225,0.386933,buy,62823,62823,62824,1,0.005,0.01413,1,2.826,33,0.03797,0,0.03797,0.01913,1.984840564558285415577626764,depleted_top_plus_order_proxy,,0.005,False,missing_same_side_strict_through_support,109,59723,0,2,same_touch_stable_enough,real_bbo_history_touch_stability,527,1783579438970,0.038,0.01413,-0.02387,2,1,-1,reset_supported,same_touch_top_qty_or_order_count_reduced,pass,,,,latest_l2_received_before_or_at_candidate,latest_l2_exchange_time_equal_candidate,event_driven_current_l2_plus_rolling_public_trades_proxy_not_exact_queue_or_fill_probability
199,trades,1783579439698,1783579439952589207,0.255085,buy,62823,62823,62824,1,0.005,0.01413,1,2.826,34,0.03827,0,0.03827,0.01913,2.00052273915316257187663356,depleted_top_plus_order_proxy,,0.005,False,missing_same_side_strict_through_support,109,59723,201,2,same_touch_stable_enough,real_bbo_history_touch_stability,728,1783579438970,0.038,0.01413,-0.02387,2,1,-1,reset_supported,same_touch_top_qty_or_order_count_reduced,pass,,,,latest_l2_received_before_or_at_candidate,latest_l2_exchange_time_before_candidate,event_driven_current_l2_plus_rolling_public_trades_proxy_not_exact_queue_or_fill_probability
200,trades,1783579439982,1783579440223581852,0.242093,buy,62823,62823,62824,1,0.005,0.01413,1,2.826,39,0.05227,0.0015,0.05377,0.01913,2.810768426555148980658651333,depleted_top_plus_order_proxy,quality_a,0.005,True,,108,59118,485,2,same_touch_stable_enough,real_bbo_history_touch_stability,1012,1783579438970,0.038,0.01413,-0.02387,2,1,-1,reset_supported,same_touch_top_qty_or_order_count_reduced,pass,,,,latest_l2_received_before_or_at_candidate,latest_l2_exchange_time_before_candidate,event_driven_current_l2_plus_rolling_public_trades_proxy_not_exact_queue_or_fill_probability
201,l2Book,1783579440630,1783579440930102019,0.3006,buy,62821,62821,62822,1,0.005,0.0758,3,15.16,36,0.00133,0,0.00133,0.0808,0.01646039603960396039603960396,touched_quote_without_depletion,,0.00033,False,missing_same_side_strict_through_support,109,59655,0,2,same_touch_stable_enough,real_bbo_history_touch_stability,583,1783579440047,0.00101,0.0758,0.07479,2,3,1,not_reset,history_present_no_reset,pass,,,history_present_no_reset,latest_l2_received_before_or_at_candidate,latest_l2_exchange_time_equal_candidate,event_driven_current_l2_plus_rolling_public_trades_proxy_not_exact_queue_or_fill_probability
202,trades,1783579440712,1783579440987163652,0.275701,buy,62821,62821,62822,1,0.005,0.0758,3,15.16,38,0.00244,0,0.00244,0.0808,0.0301980198019801980198019802,touched_quote_without_depletion,,0.00061,False,missing_same_side_strict_through_support,109,59655,82,2,same_touch_stable_enough,real_bbo_history_touch_stability,665,1783579440047,0.00101,0.0758,0.07479,2,3,1,not_reset,history_present_no_reset,pass,,,history_present_no_reset,latest_l2_received_before_or_at_candidate,latest_l2_exchange_time_before_candidate,event_driven_current_l2_plus_rolling_public_trades_proxy_not_exact_queue_or_fill_probability
203,l2Book,1783579441116,1783579441456494066,0.341035,buy,62821,62821,62822,1,0.005,0.08535,3,17.07,38,0.00244,0,0.00244,0.09035,0.02700608743774211400110680686,touched_quote_without_depletion,,0.00061,False,missing_same_side_strict_through_support,109,59597,0,3,same_touch_stable_enough,real_bbo_history_touch_stability,1069,1783579440047,0.0758,0.08535,0.00955,3,3,0,not_reset,history_present_no_reset,pass,,,history_present_no_reset,latest_l2_received_before_or_at_candidate,latest_l2_exchange_time_equal_candidate,event_driven_current_l2_plus_rolling_public_trades_proxy_not_exact_queue_or_fill_probability
204,trades,1783579441116,1783579441457231969,0.341552,buy,62821,62821,62822,1,0.005,0.08535,3,17.07,39,0.00591,0,0.00591,0.09035,0.06541228555617044825677919203,touched_quote_without_depletion,,0.00147,False,missing_same_side_strict_through_support,109,59597,0,3,same_touch_stable_enough,real_bbo_history_touch_stability,1069,1783579440047,0.0758,0.08535,0.00955,3,3,0,not_reset,history_present_no_reset,pass,,,history_present_no_reset,latest_l2_received_before_or_at_candidate,latest_l2_exchange_time_equal_candidate,event_driven_current_l2_plus_rolling_public_trades_proxy_not_exact_queue_or_fill_probability
205,l2Book,1783579441641,1783579442001600461,0.361125,buy,62821,62821,62822,1,0.005,0.0163,3,3.26,38,0.00591,0,0.00591,0.0213,0.2774647887323943661971830986,touched_quote_without_depletion,,0.00147,False,missing_same_side_strict_through_support,109,59565,0,4,same_touch_stable_enough,real_bbo_history_touch_stability,1594,1783579440047,0.08535,0.0163,-0.06905,3,3,0,reset_supported,same_touch_top_qty_or_order_count_reduced,pass,,,,latest_l2_received_before_or_at_candidate,latest_l2_exchange_time_equal_candidate,event_driven_current_l2_plus_rolling_public_trades_proxy_not_exact_queue_or_fill_probability
206,trades,1783579442045,1783579442288882445,0.244407,buy,62821,62821,62822,1,0.005,0.0163,3,3.26,16,0.02221,0.01485,0.03706,0.0213,1.739906103286384976525821596,depleted_top_plus_order_proxy,quality_a,0.005,True,,109,59565,404,4,same_touch_stable_enough,real_bbo_history_touch_stability,1998,1783579440047,0.08535,0.0163,-0.06905,3,3,0,reset_supported,same_touch_top_qty_or_order_count_reduced,pass,,,,latest_l2_received_before_or_at_candidate,latest_l2_exchange_time_before_candidate,event_driven_current_l2_plus_rolling_public_trades_proxy_not_exact_queue_or_fill_probability
207,trades,1783579442318,1783579442530245689,0.212771,buy,62819,62819,62820,1,0.005,0.24525,3,49.05,33,0.25976,1.84388,2.10364,0.25025,8.406153846153846153846153846,depleted_top_plus_order_proxy,,0.005,False,missing_touch_freshness_or_queue_reset_evidence,109,59593,134,1,same_touch_seen_but_not_stable,real_bbo_history_insufficient,134,1783579442184,,0.24525,,,3,,missing,no_prior_same_touch_bbo,block,no_prior_same_touch_bbo,same_touch_seen_but_not_stable,no_prior_same_touch_bbo,latest_l2_received_before_or_at_candidate,latest_l2_exchange_time_before_candidate,event_driven_current_l2_plus_rolling_public_trades_proxy_not_exact_queue_or_fill_probability
208,trades,1783579442551,1783579442792317056,0.241812,buy,62819,62819,62820,1,0.005,0.24525,3,49.05,35,0.25976,2.84388,3.10364,0.25025,12.40215784215784215784215784,depleted_top_plus_order_proxy,,0.002,False,outside_quality_a_b_queue_bands,109,59593,367,1,same_touch_stable_enough,real_bbo_history_touch_stability,367,1783579442184,,0.24525,,,3,,missing,no_prior_same_touch_bbo,pass,,,no_prior_same_touch_bbo,latest_l2_received_before_or_at_candidate,latest_l2_exchange_time_before_candidate,event_driven_current_l2_plus_rolling_public_trades_proxy_not_exact_queue_or_fill_probability
209,l2Book,1783579442694,1783579443001294493,0.307801,buy,62815,62815,62816,1,0.005,9.33829,25,1867.658,35,2.45552,0,2.45552,9.34329,0.2628110654812170017199508952,touched_quote_without_depletion,,0.005,False,missing_same_side_strict_through_support;missing_touch_freshness_or_queue_reset_evidence,109,59569,0,1,same_touch_seen_but_not_stable,real_bbo_history_insufficient,0,1783579442694,,9.33829,,,25,,missing,no_prior_same_touch_bbo,block,no_prior_same_touch_bbo,same_touch_seen_but_not_stable,no_prior_same_touch_bbo,latest_l2_received_before_or_at_candidate,latest_l2_exchange_time_equal_candidate,event_driven_current_l2_plus_rolling_public_trades_proxy_not_exact_queue_or_fill_probability
210,trades,1783579442756,1783579443002407768,0.246734,buy,62815,62815,62816,1,0.005,9.33829,25,1867.658,48,2.45552,0,2.45552,9.34329,0.2628110654812170017199508952,touched_quote_without_depletion,,0.005,False,missing_same_side_strict_through_support;missing_touch_freshness_or_queue_reset_evidence,109,59569,62,1,same_touch_seen_but_not_stable,real_bbo_history_insufficient,62,1783579442694,,9.33829,,,25,,missing,no_prior_same_touch_bbo,block,no_prior_same_touch_bbo,same_touch_seen_but_not_stable,no_prior_same_touch_bbo,latest_l2_received_before_or_at_candidate,latest_l2_exchange_time_before_candidate,event_driven_current_l2_plus_rolling_public_trades_proxy_not_exact_queue_or_fill_probability
211,l2Book,1783579443243,1783579443534386723,0.291906,buy,62815,62815,62816,1,0.005,14.42466,42,2884.932,43,2.45552,0,2.45552,14.42966,0.1701717157576824401960960965,touched_quote_without_depletion,,0.005,False,missing_same_side_strict_through_support,109,59504,0,2,same_touch_stable_enough,real_bbo_history_touch_stability,549,1783579442694,9.33829,14.42466,5.08637,25,42,17,not_reset,history_present_no_reset,pass,,,history_present_no_reset,latest_l2_received_before_or_at_candidate,latest_l2_exchange_time_equal_candidate,event_driven_current_l2_plus_rolling_public_trades_proxy_not_exact_queue_or_fill_probability
212,l2Book,1783579443801,1783579444131828171,0.331334,buy,62815,62815,62816,1,0.005,15.6907,51,3138.14,41,2.45552,0,2.45552,15.6957,0.1564453958727549583643927955,touched_quote_without_depletion,,0.005,False,missing_same_side_strict_through_support,109,59554,0,3,same_touch_stable_enough,real_bbo_history_touch_stability,1107,1783579442694,14.42466,15.6907,1.26604,42,51,9,not_reset,history_present_no_reset,pass,,,history_present_no_reset,latest_l2_received_before_or_at_candidate,latest_l2_exchange_time_equal_candidate,event_driven_current_l2_plus_rolling_public_trades_proxy_not_exact_queue_or_fill_probability
213,trades,1783579443801,1783579444132527909,0.331824,buy,62815,62815,62816,1,0.005,15.6907,51,3138.14,42,2.45783,0,2.45783,15.6957,0.1565925699395375803564033461,touched_quote_without_depletion,,0.005,False,missing_same_side_strict_through_support,109,59554,0,3,same_touch_stable_enough,real_bbo_history_touch_stability,1107,1783579442694,14.42466,15.6907,1.26604,42,51,9,not_reset,history_present_no_reset,pass,,,history_present_no_reset,latest_l2_received_before_or_at_candidate,latest_l2_exchange_time_equal_candidate,event_driven_current_l2_plus_rolling_public_trades_proxy_not_exact_queue_or_fill_probability
214,l2Book,1783579444302,1783579444571829139,0.270365,buy,62815,62815,62816,1,0.005,15.6907,51,3138.14,41,2.45783,0,2.45783,15.6957,0.1565925699395375803564033461,touched_quote_without_depletion,,0.005,False,missing_same_side_strict_through_support,109,59508,0,4,same_touch_stable_enough,real_bbo_history_touch_stability,1608,1783579442694,15.6907,15.6907,0,51,51,0,not_reset,history_present_no_reset,pass,,,history_present_no_reset,latest_l2_received_before_or_at_candidate,latest_l2_exchange_time_equal_candidate,event_driven_current_l2_plus_rolling_public_trades_proxy_not_exact_queue_or_fill_probability
215,l2Book,1783579444807,1783579445169812190,0.363326,buy,62815,62815,62816,1,0.005,15.61972,50,3123.944,41,2.45783,0,2.45783,15.62472,0.1573039388865848476004690004,touched_quote_without_depletion,,0.005,False,missing_same_side_strict_through_support,109,59468,0,5,same_touch_stable_enough,real_bbo_history_touch_stability,2113,1783579442694,15.6907,15.61972,-0.07098,51,50,-1,reset_supported,same_touch_top_qty_or_order_count_reduced,pass,,,,latest_l2_received_before_or_at_candidate,latest_l2_exchange_time_equal_candidate,event_driven_current_l2_plus_rolling_public_trades_proxy_not_exact_queue_or_fill_probability
216,trades,1783579444807,1783579445170517061,0.363846,buy,62815,62815,62816,1,0.005,15.61972,50,3123.944,42,2.45783,0,2.45783,15.62472,0.1573039388865848476004690004,touched_quote_without_depletion,,0.005,False,missing_same_side_strict_through_support,109,59468,0,5,same_touch_stable_enough,real_bbo_history_touch_stability,2113,1783579442694,15.6907,15.61972,-0.07098,51,50,-1,reset_supported,same_touch_top_qty_or_order_count_reduced,pass,,,,latest_l2_received_before_or_at_candidate,latest_l2_exchange_time_equal_candidate,event_driven_current_l2_plus_rolling_public_trades_proxy_not_exact_queue_or_fill_probability
217,l2Book,1783579445342,1783579445660915506,0.319416,buy,62815,62815,62816,1,0.005,15.6907,51,3138.14,18,1.00231,0,1.00231,15.6957,0.06385889128869690424766018719,touched_quote_without_depletion,,0.005,False,missing_same_side_strict_through_support,109,59371,0,6,same_touch_stable_enough,real_bbo_history_touch_stability,2648,1783579442694,15.6907,15.6907,0,51,51,0,not_reset,history_present_no_reset,pass,,,history_present_no_reset,latest_l2_received_before_or_at_candidate,latest_l2_exchange_time_equal_candidate,event_driven_current_l2_plus_rolling_public_trades_proxy_not_exact_queue_or_fill_probability
218,l2Book,1783579445880,1783579446190454311,0.310939,buy,62815,62815,62816,1,0.005,15.69071,51,3138.142,2,0.00231,0,0.00231,15.69571,0.0001471739730155564800827742103,touched_quote_without_depletion,,0.00057,False,missing_same_side_strict_through_support,110,59909,0,7,same_touch_stable_enough,real_bbo_history_touch_stability,3186,1783579442694,15.6907,15.69071,0.00001,51,51,0,not_reset,history_present_no_reset,pass,,,history_present_no_reset,latest_l2_received_before_or_at_candidate,latest_l2_exchange_time_equal_candidate,event_driven_current_l2_plus_rolling_public_trades_proxy_not_exact_queue_or_fill_probability
219,trades,1783579446015,1783579446301835258,0.287333,buy,62815,62815,62816,1,0.005,15.69071,51,3138.142,9,0.00231,0,0.00231,15.69571,0.0001471739730155564800827742103,touched_quote_without_depletion,,0.00057,False,missing_same_side_strict_through_support,109,59402,135,7,same_touch_stable_enough,real_bbo_history_touch_stability,3321,1783579442694,15.6907,15.69071,0.00001,51,51,0,not_reset,history_present_no_reset,pass,,,history_present_no_reset,latest_l2_received_before_or_at_candidate,latest_l2_exchange_time_before_candidate,event_driven_current_l2_plus_rolling_public_trades_proxy_not_exact_queue_or_fill_probability
220,l2Book,1783579446439,1783579446997976359,0.55949,buy,62819,62819,62820,1,0.005,17.91937,46,3583.874,9,0,0.00231,0.00231,17.92437,0.0001288748223786944813123139056,strict_trade_through_seen_but_visible_top_not_depleted,,0.00057,False,missing_touch_freshness_or_queue_reset_evidence,110,59961,0,1,same_touch_seen_but_not_stable,real_bbo_history_insufficient,0,1783579446439,,17.91937,,,46,,missing,no_prior_same_touch_bbo,block,no_prior_same_touch_bbo,same_touch_seen_but_not_stable,no_prior_same_touch_bbo,latest_l2_received_before_or_at_candidate,latest_l2_exchange_time_equal_candidate,event_driven_current_l2_plus_rolling_public_trades_proxy_not_exact_queue_or_fill_probability
221,l2Book,1783579446948,1783579447292811975,0.345306,buy,62819,62819,62820,1,0.005,10.72025,48,2144.05,8,0,0,0,10.72525,0,not_depleted,,0.0,False,missing_same_side_strict_through_support;missing_recent_same_side_at_or_through_throughput,110,59964,0,2,same_touch_stable_enough,real_bbo_history_touch_stability,509,1783579446439,17.91937,10.72025,-7.19912,46,48,2,not_reset,history_present_no_reset,pass,,,history_present_no_reset,latest_l2_received_before_or_at_candidate,latest_l2_exchange_time_equal_candidate,event_driven_current_l2_plus_rolling_public_trades_proxy_not_exact_queue_or_fill_probability
222,trades,1783579447012,1783579447324444797,0.312917,buy,62819,62819,62820,1,0.005,10.72025,48,2144.05,9,0.00538,0,0.00538,10.72525,0.0005016200088576023868907484674,touched_quote_without_depletion,,0.00134,False,missing_same_side_strict_through_support,109,59458,64,2,same_touch_stable_enough,real_bbo_history_touch_stability,573,1783579446439,17.91937,10.72025,-7.19912,46,48,2,not_reset,history_present_no_reset,pass,,,history_present_no_reset,latest_l2_received_before_or_at_candidate,latest_l2_exchange_time_before_candidate,event_driven_current_l2_plus_rolling_public_trades_proxy_not_exact_queue_or_fill_probability
223,trades,1783579447100,1783579447346507332,0.247005,buy,62819,62819,62820,1,0.005,10.72025,48,2144.05,12,0.00538,0,0.00538,10.72525,0.0005016200088576023868907484674,touched_quote_without_depletion,,0.00134,False,missing_same_side_strict_through_support,109,59458,152,2,same_touch_stable_enough,real_bbo_history_touch_stability,661,1783579446439,17.91937,10.72025,-7.19912,46,48,2,not_reset,history_present_no_reset,pass,,,history_present_no_reset,latest_l2_received_before_or_at_candidate,latest_l2_exchange_time_before_candidate,event_driven_current_l2_plus_rolling_public_trades_proxy_not_exact_queue_or_fill_probability
224,l2Book,1783579447500,1783579447760320837,0.260827,buy,62819,62819,62820,1,0.005,12.5227,44,2504.54,12,0.00538,0,0.00538,12.5277,0.0004294483424730796554834486777,touched_quote_without_depletion,,0.00134,False,missing_same_side_strict_through_support,109,59503,0,3,same_touch_stable_enough,real_bbo_history_touch_stability,1061,1783579446439,17.91937,12.5227,-5.39667,48,44,-4,reset_supported,same_touch_top_qty_or_order_count_reduced,pass,,,,latest_l2_received_before_or_at_candidate,latest_l2_exchange_time_equal_candidate,event_driven_current_l2_plus_rolling_public_trades_proxy_not_exact_queue_or_fill_probability
225,trades,1783579447639,1783579447920787919,0.282256,buy,62819,62819,62820,1,0.005,12.5227,44,2504.54,13,0.00538,0,0.00538,12.5277,0.0004294483424730796554834486777,touched_quote_without_depletion,,0.00134,False,missing_same_side_strict_through_support,109,59503,139,3,same_touch_stable_enough,real_bbo_history_touch_stability,1200,1783579446439,17.91937,12.5227,-5.39667,48,44,-4,reset_supported,same_touch_top_qty_or_order_count_reduced,pass,,,,latest_l2_received_before_or_at_candidate,latest_l2_exchange_time_before_candidate,event_driven_current_l2_plus_rolling_public_trades_proxy_not_exact_queue_or_fill_probability
226,l2Book,1783579448032,1783579448376812256,0.345342,buy,62819,62819,62820,1,0.005,10.80583,45,2161.166,12,0.00538,0,0.00538,10.81083,0.0004976491166728179057482172969,touched_quote_without_depletion,,0.00134,False,missing_same_side_strict_through_support,109,59529,0,4,same_touch_stable_enough,real_bbo_history_touch_stability,1593,1783579446439,17.91937,10.80583,-7.11354,48,45,-3,reset_supported,same_touch_top_qty_or_order_count_reduced,pass,,,,latest_l2_received_before_or_at_candidate,latest_l2_exchange_time_equal_candidate,event_driven_current_l2_plus_rolling_public_trades_proxy_not_exact_queue_or_fill_probability
227,trades,1783579448032,1783579448377581428,0.345896,buy,62819,62819,62820,1,0.005,10.80583,45,2161.166,14,0.00608,0,0.00608,10.81083,0.0005623990017417719083548626701,touched_quote_without_depletion,,0.00152,False,missing_same_side_strict_through_support,109,59529,0,4,same_touch_stable_enough,real_bbo_history_touch_stability,1593,1783579446439,17.91937,10.80583,-7.11354,48,45,-3,reset_supported,same_touch_top_qty_or_order_count_reduced,pass,,,,latest_l2_received_before_or_at_candidate,latest_l2_exchange_time_equal_candidate,event_driven_current_l2_plus_rolling_public_trades_proxy_not_exact_queue_or_fill_probability
228,l2Book,1783579448581,1783579448878052124,0.297552,buy,62819,62819,62820,1,0.005,12.64858,45,2529.716,14,0.00608,0,0.00608,12.65358,0.000480496428678682238544348714,touched_quote_without_depletion,,0.00152,False,missing_same_side_strict_through_support,109,59473,0,5,same_touch_stable_enough,real_bbo_history_touch_stability,2142,1783579446439,17.91937,12.64858,-5.27079,48,45,-3,reset_supported,same_touch_top_qty_or_order_count_reduced,pass,,,,latest_l2_received_before_or_at_candidate,latest_l2_exchange_time_equal_candidate,event_driven_current_l2_plus_rolling_public_trades_proxy_not_exact_queue_or_fill_probability
229,trades,1783579448847,1783579449061171930,0.214664,buy,62819,62819,62820,1,0.005,12.64858,45,2529.716,15,0.00608,0,0.00608,12.65358,0.000480496428678682238544348714,touched_quote_without_depletion,,0.00152,False,missing_same_side_strict_through_support,109,59473,266,5,same_touch_stable_enough,real_bbo_history_touch_stability,2408,1783579446439,17.91937,12.64858,-5.27079,48,45,-3,reset_supported,same_touch_top_qty_or_order_count_reduced,pass,,,,latest_l2_received_before_or_at_candidate,latest_l2_exchange_time_before_candidate,event_driven_current_l2_plus_rolling_public_trades_proxy_not_exact_queue_or_fill_probability
230,l2Book,1783579449115,1783579449422424162,0.307915,buy,62819,62819,62820,1,0.005,13.71533,48,2743.066,8,0.00608,0,0.00608,13.72033,0.0004431380294788827965508118245,touched_quote_without_depletion,,0.00152,False,missing_same_side_strict_through_support,109,59503,0,6,same_touch_stable_enough,real_bbo_history_touch_stability,2676,1783579446439,17.91937,13.71533,-4.20404,48,48,0,not_reset,history_present_no_reset,pass,,,history_present_no_reset,latest_l2_received_before_or_at_candidate,latest_l2_exchange_time_equal_candidate,event_driven_current_l2_plus_rolling_public_trades_proxy_not_exact_queue_or_fill_probability
231,l2Book,1783579449661,1783579449958653580,0.298141,buy,62819,62819,62820,1,0.005,12.91866,47,2583.732,8,0.00608,0,0.00608,12.92366,0.0004704549639962673112725033001,touched_quote_without_depletion,,0.00152,False,missing_same_side_strict_through_support,109,59541,0,7,same_touch_stable_enough,real_bbo_history_touch_stability,3222,1783579446439,17.91937,12.91866,-5.00071,48,47,-1,reset_supported,same_touch_top_qty_or_order_count_reduced,pass,,,,latest_l2_received_before_or_at_candidate,latest_l2_exchange_time_equal_candidate,event_driven_current_l2_plus_rolling_public_trades_proxy_not_exact_queue_or_fill_probability
232,l2Book,1783579450201,1783579450570509304,0.370028,buy,62819,62819,62820,1,0.005,12.91866,47,2583.732,4,0.0007,0,0.0007,12.92366,0.00005416422282851761807413689311,touched_quote_without_depletion,,0.00017,False,missing_same_side_strict_through_support,109,59480,0,8,same_touch_stable_enough,real_bbo_history_touch_stability,3762,1783579446439,17.91937,12.91866,-5.00071,48,47,-1,reset_supported,same_touch_top_qty_or_order_count_reduced,pass,,,,latest_l2_received_before_or_at_candidate,latest_l2_exchange_time_equal_candidate,event_driven_current_l2_plus_rolling_public_trades_proxy_not_exact_queue_or_fill_probability
233,l2Book,1783579450743,1783579451050633399,0.308116,buy,62819,62819,62820,1,0.005,12.91866,47,2583.732,3,0.0007,0,0.0007,12.92366,0.00005416422282851761807413689311,touched_quote_without_depletion,,0.00017,False,missing_same_side_strict_through_support,109,59520,0,9,same_touch_stable_enough,real_bbo_history_touch_stability,4304,1783579446439,17.91937,12.91866,-5.00071,48,47,-1,reset_supported,same_touch_top_qty_or_order_count_reduced,pass,,,,latest_l2_received_before_or_at_candidate,latest_l2_exchange_time_equal_candidate,event_driven_current_l2_plus_rolling_public_trades_proxy_not_exact_queue_or_fill_probability
234,trades,1783579451009,1783579451248340903,0.239838,buy,62819,62819,62820,1,0.005,12.91866,47,2583.732,5,0.01479,0,0.01479,12.92366,0.001144412650905393673309263784,touched_quote_without_depletion,,0.00369,False,missing_same_side_strict_through_support,109,59520,266,9,same_touch_stable_enough,real_bbo_history_touch_stability,4570,1783579446439,17.91937,12.91866,-5.00071,48,47,-1,reset_supported,same_touch_top_qty_or_order_count_reduced,pass,,,,latest_l2_received_before_or_at_candidate,latest_l2_exchange_time_before_candidate,event_driven_current_l2_plus_rolling_public_trades_proxy_not_exact_queue_or_fill_probability
235,l2Book,1783579451271,1783579451557928674,0.287405,buy,62819,62819,62820,1,0.005,12.04391,40,2408.782,3,0.01409,0,0.01409,12.04891,0.001169400385595045526939781275,touched_quote_without_depletion,,0.00352,False,missing_same_side_strict_through_support,109,59442,0,10,same_touch_stable_enough,real_bbo_history_touch_stability,4832,1783579446439,17.91937,12.04391,-5.87546,48,40,-8,reset_supported,same_touch_top_qty_or_order_count_reduced,pass,,,,latest_l2_received_before_or_at_candidate,latest_l2_exchange_time_equal_candidate,event_driven_current_l2_plus_rolling_public_trades_proxy_not_exact_queue_or_fill_probability
236,l2Book,1783579451815,1783579452288791983,0.474274,buy,62819,62819,62820,1,0.005,3.55633,31,711.266,3,0.01409,0,0.01409,3.56133,0.003956387080107712568057439215,touched_quote_without_depletion,,0.00352,False,missing_same_side_strict_through_support,110,59986,0,11,same_touch_stable_enough,real_bbo_history_touch_stability,5376,1783579446439,17.91937,3.55633,-14.36304,48,31,-17,reset_supported,same_touch_top_qty_or_order_count_reduced,pass,,,,latest_l2_received_before_or_at_candidate,latest_l2_exchange_time_equal_candidate,event_driven_current_l2_plus_rolling_public_trades_proxy_not_exact_queue_or_fill_probability
237,l2Book,1783579452352,1783579452660119583,0.308607,buy,62819,62819,62820,1,0.005,19.03158,57,3806.316,2,0.01409,0,0.01409,19.03658,0.0007401539562253303902276564383,touched_quote_without_depletion,,0.00352,False,missing_same_side_strict_through_support,109,59507,0,12,same_touch_stable_enough,real_bbo_history_touch_stability,5913,1783579446439,17.91937,19.03158,1.11221,48,57,9,not_reset,history_present_no_reset,pass,,,history_present_no_reset,latest_l2_received_before_or_at_candidate,latest_l2_exchange_time_equal_candidate,event_driven_current_l2_plus_rolling_public_trades_proxy_not_exact_queue_or_fill_probability
238,trades,1783579452352,1783579452660861271,0.30917,buy,62819,62819,62820,1,0.005,19.03158,57,3806.316,5,0.01978,0,0.01978,19.03658,0.001039052182692479426451600025,touched_quote_without_depletion,,0.00494,False,missing_same_side_strict_through_support,109,59507,0,12,same_touch_stable_enough,real_bbo_history_touch_stability,5913,1783579446439,17.91937,19.03158,1.11221,48,57,9,not_reset,history_present_no_reset,pass,,,history_present_no_reset,latest_l2_received_before_or_at_candidate,latest_l2_exchange_time_equal_candidate,event_driven_current_l2_plus_rolling_public_trades_proxy_not_exact_queue_or_fill_probability
239,l2Book,1783579452889,1783579453186067971,0.297594,buy,62819,62819,62820,1,0.005,15.00173,51,3000.346,5,0.01978,0,0.01978,15.00673,0.001318075290219788055092615113,touched_quote_without_depletion,,0.00494,False,missing_same_side_strict_through_support,109,59430,0,13,same_touch_stable_enough,real_bbo_history_touch_stability,6450,1783579446439,19.03158,15.00173,-4.02985,57,51,-6,reset_supported,same_touch_top_qty_or_order_count_reduced,pass,,,,latest_l2_received_before_or_at_candidate,latest_l2_exchange_time_equal_candidate,event_driven_current_l2_plus_rolling_public_trades_proxy_not_exact_queue_or_fill_probability
240,l2Book,1783579453430,1783579453721746222,0.292237,buy,62819,62819,62820,1,0.005,14.73968,50,2947.936,5,0.01978,0,0.01978,14.74468,0.001341500798932225046593076282,touched_quote_without_depletion,,0.00494,False,missing_same_side_strict_through_support,110,59971,0,14,same_touch_stable_enough,real_bbo_history_touch_stability,6991,1783579446439,19.03158,14.73968,-4.2919,57,50,-7,reset_supported,same_touch_top_qty_or_order_count_reduced,pass,,,,latest_l2_received_before_or_at_candidate,latest_l2_exchange_time_equal_candidate,event_driven_current_l2_plus_rolling_public_trades_proxy_not_exact_queue_or_fill_probability
241,l2Book,1783579453965,1783579454262405240,0.297902,buy,62819,62819,62820,1,0.005,15.91361,51,3182.722,5,0.01978,0,0.01978,15.91861,0.001242570802350205200077142414,touched_quote_without_depletion,,0.00494,False,missing_same_side_strict_through_support,110,59906,0,15,same_touch_stable_enough,real_bbo_history_touch_stability,7526,1783579446439,19.03158,15.91361,-3.11797,57,51,-6,reset_supported,same_touch_top_qty_or_order_count_reduced,pass,,,,latest_l2_received_before_or_at_candidate,latest_l2_exchange_time_equal_candidate,event_driven_current_l2_plus_rolling_public_trades_proxy_not_exact_queue_or_fill_probability
242,trades,1783579454031,1783579454288468375,0.25794,buy,62819,62819,62820,1,0.005,15.91361,51,3182.722,4,0.00635,0,0.00635,15.91861,0.000398904175678655359984320239,touched_quote_without_depletion,,0.00158,False,missing_same_side_strict_through_support,110,59906,66,15,same_touch_stable_enough,real_bbo_history_touch_stability,7592,1783579446439,19.03158,15.91361,-3.11797,57,51,-6,reset_supported,same_touch_top_qty_or_order_count_reduced,pass,,,,latest_l2_received_before_or_at_candidate,latest_l2_exchange_time_before_candidate,event_driven_current_l2_plus_rolling_public_trades_proxy_not_exact_queue_or_fill_probability
243,l2Book,1783579454493,1783579454751889397,0.259369,buy,62819,62819,62820,1,0.005,17.27895,52,3455.79,4,0.00635,0,0.00635,17.28395,0.0003673928702640310808582528878,touched_quote_without_depletion,,0.00158,False,missing_same_side_strict_through_support,110,59833,0,16,same_touch_stable_enough,real_bbo_history_touch_stability,8054,1783579446439,19.03158,17.27895,-1.75263,57,52,-5,reset_supported,same_touch_top_qty_or_order_count_reduced,pass,,,,latest_l2_received_before_or_at_candidate,latest_l2_exchange_time_equal_candidate,event_driven_current_l2_plus_rolling_public_trades_proxy_not_exact_queue_or_fill_probability
244,l2Book,1783579455097,1783579455399278073,0.302765,buy,62819,62819,62820,1,0.005,15.91295,51,3182.59,4,0.00635,0,0.00635,15.91795,0.0003989207152931124925006046633,touched_quote_without_depletion,,0.00158,False,missing_same_side_strict_through_support,110,59897,0,17,same_touch_stable_enough,real_bbo_history_touch_stability,8658,1783579446439,19.03158,15.91295,-3.11863,57,51,-6,reset_supported,same_touch_top_qty_or_order_count_reduced,pass,,,,latest_l2_received_before_or_at_candidate,latest_l2_exchange_time_equal_candidate,event_driven_current_l2_plus_rolling_public_trades_proxy_not_exact_queue_or_fill_probability
245,trades,1783579455035,1783579455399978767,0.365286,buy,62819,62819,62820,1,0.005,15.91295,51,3182.59,5,0.00635,0,0.00635,15.91795,0.0003989207152931124925006046633,touched_quote_without_depletion,,0.00158,False,missing_same_side_strict_through_support,110,59897,-62,17,same_touch_stable_enough,real_bbo_history_touch_stability,8596,1783579446439,19.03158,15.91295,-3.11863,57,51,-6,reset_supported,same_touch_top_qty_or_order_count_reduced,pass,,,,latest_l2_received_before_or_at_candidate,latest_l2_exchange_time_after_candidate_visible_by_local_receive,event_driven_current_l2_plus_rolling_public_trades_proxy_not_exact_queue_or_fill_probability
246,l2Book,1783579455594,1783579455956189027,0.362691,buy,62819,62819,62820,1,0.005,14.96025,50,2992.05,2,0.00066,0,0.00066,14.96525,0.00004410217002722974891832745861,touched_quote_without_depletion,,0.00016,False,missing_same_side_strict_through_support,110,59839,0,18,same_touch_stable_enough,real_bbo_history_touch_stability,9155,1783579446439,19.03158,14.96025,-4.07133,57,50,-7,reset_supported,same_touch_top_qty_or_order_count_reduced,pass,,,,latest_l2_received_before_or_at_candidate,latest_l2_exchange_time_equal_candidate,event_driven_current_l2_plus_rolling_public_trades_proxy_not_exact_queue_or_fill_probability
247,trades,1783579456062,1783579456305255909,0.243763,buy,62819,62819,62820,1,0.005,14.96025,50,2992.05,3,0.00066,0,0.00066,14.96525,0.00004410217002722974891832745861,touched_quote_without_depletion,,0.00016,False,missing_same_side_strict_through_support,109,59290,468,18,same_touch_stable_enough,real_bbo_history_touch_stability,9623,1783579446439,19.03158,14.96025,-4.07133,57,50,-7,reset_supported,same_touch_top_qty_or_order_count_reduced,pass,,,,latest_l2_received_before_or_at_candidate,latest_l2_exchange_time_before_candidate,event_driven_current_l2_plus_rolling_public_trades_proxy_not_exact_queue_or_fill_probability
248,l2Book,1783579456131,1783579456418782911,0.288335,buy,62819,62819,62820,1,0.005,17.39,52,3478,3,0.00066,0,0.00066,17.395,0.00003794193733831560793331417074,touched_quote_without_depletion,,0.00016,False,missing_same_side_strict_through_support,110,59827,0,19,same_touch_stable_enough,real_bbo_history_touch_stability,9692,1783579446439,19.03158,17.39,-1.64158,57,52,-5,reset_supported,same_touch_top_qty_or_order_count_reduced,pass,,,,latest_l2_received_before_or_at_candidate,latest_l2_exchange_time_equal_candidate,event_driven_current_l2_plus_rolling_public_trades_proxy_not_exact_queue_or_fill_probability
249,l2Book,1783579456671,1783579457067942916,0.397426,buy,62819,62819,62820,1,0.005,14.92876,49,2985.752,3,0.00066,0,0.00066,14.93376,0.00004419516585240421702237078941,touched_quote_without_depletion,,0.00016,False,missing_same_side_strict_through_support,110,59800,0,20,same_touch_stable_enough,real_bbo_history_touch_stability,10232,1783579446439,19.03158,14.92876,-4.10282,57,49,-8,reset_supported,same_touch_top_qty_or_order_count_reduced,pass,,,,latest_l2_received_before_or_at_candidate,latest_l2_exchange_time_equal_candidate,event_driven_current_l2_plus_rolling_public_trades_proxy_not_exact_queue_or_fill_probability
250,trades,1783579456804,1783579457068626390,0.264919,buy,62819,62819,62820,1,0.005,14.92876,49,2985.752,4,0.00066,0,0.00066,14.93376,0.00004419516585240421702237078941,touched_quote_without_depletion,,0.00016,False,missing_same_side_strict_through_support,110,59800,133,20,same_touch_stable_enough,real_bbo_history_touch_stability,10365,1783579446439,19.03158,14.92876,-4.10282,57,49,-8,reset_supported,same_touch_top_qty_or_order_count_reduced,pass,,,,latest_l2_received_before_or_at_candidate,latest_l2_exchange_time_before_candidate,event_driven_current_l2_plus_rolling_public_trades_proxy_not_exact_queue_or_fill_probability
251,trades,1783579457070,1783579457270040819,0.200513,buy,62819,62819,62820,1,0.005,14.92876,49,2985.752,4,0,0,0,14.93376,0,not_depleted,,0.0,False,missing_same_side_strict_through_support;missing_recent_same_side_at_or_through_throughput,109,59268,399,20,same_touch_stable_enough,real_bbo_history_touch_stability,10631,1783579446439,19.03158,14.92876,-4.10282,57,49,-8,reset_supported,same_touch_top_qty_or_order_count_reduced,pass,,,,latest_l2_received_before_or_at_candidate,latest_l2_exchange_time_before_candidate,event_driven_current_l2_plus_rolling_public_trades_proxy_not_exact_queue_or_fill_probability
252,l2Book,1783579457205,1783579457485767173,0.281259,buy,62819,62819,62820,1,0.005,10.34656,42,2069.312,4,0,0,0,10.35156,0,not_depleted,,0.0,False,missing_same_side_strict_through_support;missing_recent_same_side_at_or_through_throughput,110,59802,0,21,same_touch_stable_enough,real_bbo_history_touch_stability,10766,1783579446439,19.03158,10.34656,-8.68502,57,42,-15,reset_supported,same_touch_top_qty_or_order_count_reduced,pass,,,,latest_l2_received_before_or_at_candidate,latest_l2_exchange_time_equal_candidate,event_driven_current_l2_plus_rolling_public_trades_proxy_not_exact_queue_or_fill_probability
253,l2Book,1783579457737,1783579458018917878,0.282424,buy,62819,62819,62820,1,0.005,12.50622,42,2501.244,4,0,0,0,12.51122,0,not_depleted,,0.0,False,missing_same_side_strict_through_support;missing_recent_same_side_at_or_through_throughput,110,59729,0,22,same_touch_stable_enough,real_bbo_history_touch_stability,11298,1783579446439,19.03158,12.50622,-6.52536,57,42,-15,reset_supported,same_touch_top_qty_or_order_count_reduced,pass,,,,latest_l2_received_before_or_at_candidate,latest_l2_exchange_time_equal_candidate,event_driven_current_l2_plus_rolling_public_trades_proxy_not_exact_queue_or_fill_probability
254,l2Book,1783579458262,1783579458555258444,0.293744,buy,62819,62819,62820,1,0.005,13.00726,46,2601.452,3,0,0,0,13.01226,0,not_depleted,,0.0,False,missing_same_side_strict_through_support;missing_recent_same_side_at_or_through_throughput,110,59714,0,23,same_touch_stable_enough,real_bbo_history_touch_stability,11823,1783579446439,19.03158,13.00726,-6.02432,57,46,-11,reset_supported,same_touch_top_qty_or_order_count_reduced,pass,,,,latest_l2_received_before_or_at_candidate,latest_l2_exchange_time_equal_candidate,event_driven_current_l2_plus_rolling_public_trades_proxy_not_exact_queue_or_fill_probability
255,l2Book,1783579458818,1783579459104460094,0.286968,buy,62819,62819,62820,1,0.005,13.00726,46,2601.452,3,0,0,0,13.01226,0,not_depleted,,0.0,False,missing_same_side_strict_through_support;missing_recent_same_side_at_or_through_throughput,110,59735,0,24,same_touch_stable_enough,real_bbo_history_touch_stability,12379,1783579446439,19.03158,13.00726,-6.02432,57,46,-11,reset_supported,same_touch_top_qty_or_order_count_reduced,pass,,,,latest_l2_received_before_or_at_candidate,latest_l2_exchange_time_equal_candidate,event_driven_current_l2_plus_rolling_public_trades_proxy_not_exact_queue_or_fill_probability
256,trades,1783579459030,1783579459261552742,0.232073,buy,62819,62819,62820,1,0.005,13.00726,46,2601.452,4,0,0,0,13.01226,0,not_depleted,,0.0,False,missing_same_side_strict_through_support;missing_recent_same_side_at_or_through_throughput,110,59735,212,24,same_touch_stable_enough,real_bbo_history_touch_stability,12591,1783579446439,19.03158,13.00726,-6.02432,57,46,-11,reset_supported,same_touch_top_qty_or_order_count_reduced,pass,,,,latest_l2_received_before_or_at_candidate,latest_l2_exchange_time_before_candidate,event_driven_current_l2_plus_rolling_public_trades_proxy_not_exact_queue_or_fill_probability
257,trades,1783579459282,1783579459497562403,0.216084,buy,62819,62819,62820,1,0.005,13.00726,46,2601.452,4,0,0,0,13.01226,0,not_depleted,,0.0,False,missing_same_side_strict_through_support;missing_recent_same_side_at_or_through_throughput,109,59193,464,24,same_touch_stable_enough,real_bbo_history_touch_stability,12843,1783579446439,19.03158,13.00726,-6.02432,57,46,-11,reset_supported,same_touch_top_qty_or_order_count_reduced,pass,,,,latest_l2_received_before_or_at_candidate,latest_l2_exchange_time_before_candidate,event_driven_current_l2_plus_rolling_public_trades_proxy_not_exact_queue_or_fill_probability
258,l2Book,1783579459352,1783579459654824172,0.303359,buy,62819,62819,62820,1,0.005,12.57719,43,2515.438,4,0,0,0,12.58219,0,not_depleted,,0.0,False,missing_same_side_strict_through_support;missing_recent_same_side_at_or_through_throughput,110,59727,0,25,same_touch_stable_enough,real_bbo_history_touch_stability,12913,1783579446439,19.03158,12.57719,-6.45439,57,43,-14,reset_supported,same_touch_top_qty_or_order_count_reduced,pass,,,,latest_l2_received_before_or_at_candidate,latest_l2_exchange_time_equal_candidate,event_driven_current_l2_plus_rolling_public_trades_proxy_not_exact_queue_or_fill_probability
259,trades,1783579459631,1783579459843502402,0.212994,buy,62819,62819,62820,1,0.005,12.57719,43,2515.438,5,0.01536,0,0.01536,12.58219,0.001220773172237901351036663729,touched_quote_without_depletion,,0.00384,False,missing_same_side_strict_through_support,109,59204,279,25,same_touch_stable_enough,real_bbo_history_touch_stability,13192,1783579446439,19.03158,12.57719,-6.45439,57,43,-14,reset_supported,same_touch_top_qty_or_order_count_reduced,pass,,,,latest_l2_received_before_or_at_candidate,latest_l2_exchange_time_before_candidate,event_driven_current_l2_plus_rolling_public_trades_proxy_not_exact_queue_or_fill_probability
260,l2Book,1783579459886,1783579460186991920,0.301494,buy,62819,62819,62820,1,0.005,13.06181,44,2612.362,4,0.01536,0,0.01536,13.06681,0.001175497309595838617076394315,touched_quote_without_depletion,,0.00384,False,missing_same_side_strict_through_support,110,59738,0,26,same_touch_stable_enough,real_bbo_history_touch_stability,13447,1783579446439,19.03158,13.06181,-5.96977,57,44,-13,reset_supported,same_touch_top_qty_or_order_count_reduced,pass,,,,latest_l2_received_before_or_at_candidate,latest_l2_exchange_time_equal_candidate,event_driven_current_l2_plus_rolling_public_trades_proxy_not_exact_queue_or_fill_probability
261,l2Book,1783579460438,1783579460750483151,0.312996,buy,62819,62819,62820,1,0.005,13.06181,44,2612.362,3,0.01536,0,0.01536,13.06681,0.001175497309595838617076394315,touched_quote_without_depletion,,0.00384,False,missing_same_side_strict_through_support,110,59739,0,27,same_touch_stable_enough,real_bbo_history_touch_stability,13999,1783579446439,19.03158,13.06181,-5.96977,57,44,-13,reset_supported,same_touch_top_qty_or_order_count_reduced,pass,,,,latest_l2_received_before_or_at_candidate,latest_l2_exchange_time_equal_candidate,event_driven_current_l2_plus_rolling_public_trades_proxy_not_exact_queue_or_fill_probability
262,l2Book,1783579460971,1783579461322007223,0.351489,buy,62819,62819,62820,1,0.005,9.73227,42,1946.454,3,0.01536,0,0.01536,9.73727,0.001577444191236352694338351509,touched_quote_without_depletion,,0.00384,False,missing_same_side_strict_through_support,110,59738,0,28,same_touch_stable_enough,real_bbo_history_touch_stability,14532,1783579446439,19.03158,9.73227,-9.29931,57,42,-15,reset_supported,same_touch_top_qty_or_order_count_reduced,pass,,,,latest_l2_received_before_or_at_candidate,latest_l2_exchange_time_equal_candidate,event_driven_current_l2_plus_rolling_public_trades_proxy_not_exact_queue_or_fill_probability
263,trades,1783579461052,1783579461380080355,0.328542,buy,62819,62819,62820,1,0.005,9.73227,42,1946.454,5,0.01536,0,0.01536,9.73727,0.001577444191236352694338351509,touched_quote_without_depletion,,0.00384,False,missing_same_side_strict_through_support,110,59738,81,28,same_touch_stable_enough,real_bbo_history_touch_stability,14613,1783579446439,19.03158,9.73227,-9.29931,57,42,-15,reset_supported,same_touch_top_qty_or_order_count_reduced,pass,,,,latest_l2_received_before_or_at_candidate,latest_l2_exchange_time_before_candidate,event_driven_current_l2_plus_rolling_public_trades_proxy_not_exact_queue_or_fill_probability
264,l2Book,1783579461517,1783579461856878741,0.340391,buy,62819,62819,62820,1,0.005,1.41353,15,282.706,5,0.01536,0,0.01536,1.41853,0.01082811079074816887905084841,touched_quote_without_depletion,,0.00384,False,missing_same_side_strict_through_support,110,59763,0,29,same_touch_stable_enough,real_bbo_history_touch_stability,15078,1783579446439,19.03158,1.41353,-17.61805,57,15,-42,reset_supported,same_touch_top_qty_or_order_count_reduced,pass,,,,latest_l2_received_before_or_at_candidate,latest_l2_exchange_time_equal_candidate,event_driven_current_l2_plus_rolling_public_trades_proxy_not_exact_queue_or_fill_probability
265,l2Book,1783579462052,1783579462397193015,0.345718,buy,62819,62819,62820,1,0.005,1.35308,14,270.616,4,0.01536,0,0.01536,1.35808,0.01131008482563619227144203582,touched_quote_without_depletion,,0.00384,False,missing_same_side_strict_through_support,110,59744,0,30,same_touch_stable_enough,real_bbo_history_touch_stability,15613,1783579446439,19.03158,1.35308,-17.6785,57,14,-43,reset_supported,same_touch_top_qty_or_order_count_reduced,pass,,,,latest_l2_received_before_or_at_candidate,latest_l2_exchange_time_equal_candidate,event_driven_current_l2_plus_rolling_public_trades_proxy_not_exact_queue_or_fill_probability
266,trades,1783579462052,1783579462398090754,0.346402,buy,62819,62819,62820,1,0.005,1.35308,14,270.616,6,0.01581,0,0.01581,1.35808,0.01164143496701225259189443921,touched_quote_without_depletion,,0.00395,False,missing_same_side_strict_through_support,110,59744,0,30,same_touch_stable_enough,real_bbo_history_touch_stability,15613,1783579446439,19.03158,1.35308,-17.6785,57,14,-43,reset_supported,same_touch_top_qty_or_order_count_reduced,pass,,,,latest_l2_received_before_or_at_candidate,latest_l2_exchange_time_equal_candidate,event_driven_current_l2_plus_rolling_public_trades_proxy_not_exact_queue_or_fill_probability
267,l2Book,1783579462581,1783579462879720251,0.29923,buy,62819,62819,62820,1,0.005,1.44978,20,289.956,5,0.01581,0,0.01581,1.45478,0.01086762259585641815257289762,touched_quote_without_depletion,,0.00395,False,missing_same_side_strict_through_support,110,59764,0,31,same_touch_stable_enough,real_bbo_history_touch_stability,16142,1783579446439,19.03158,1.44978,-17.5818,57,20,-37,reset_supported,same_touch_top_qty_or_order_count_reduced,pass,,,,latest_l2_received_before_or_at_candidate,latest_l2_exchange_time_equal_candidate,event_driven_current_l2_plus_rolling_public_trades_proxy_not_exact_queue_or_fill_probability
268,trades,1783579463053,1783579463311292002,0.258775,buy,62819,62819,62820,1,0.005,1.44978,20,289.956,6,0.00114,0,0.00114,1.45478,0.0007836236406879390698249907202,touched_quote_without_depletion,,0.00028,False,missing_same_side_strict_through_support,109,59135,472,31,same_touch_stable_enough,real_bbo_history_touch_stability,16614,1783579446439,19.03158,1.44978,-17.5818,57,20,-37,reset_supported,same_touch_top_qty_or_order_count_reduced,pass,,,,latest_l2_received_before_or_at_candidate,latest_l2_exchange_time_before_candidate,event_driven_current_l2_plus_rolling_public_trades_proxy_not_exact_queue_or_fill_probability
269,l2Book,1783579463107,1783579463393490426,0.287031,buy,62819,62819,62820,1,0.005,4.74503,24,949.006,6,0.00114,0,0.00114,4.75003,0.0002399984842200996625284471888,touched_quote_without_depletion,,0.00028,False,missing_same_side_strict_through_support,110,59661,0,32,same_touch_stable_enough,real_bbo_history_touch_stability,16668,1783579446439,19.03158,4.74503,-14.28655,57,24,-33,reset_supported,same_touch_top_qty_or_order_count_reduced,pass,,,,latest_l2_received_before_or_at_candidate,latest_l2_exchange_time_equal_candidate,event_driven_current_l2_plus_rolling_public_trades_proxy_not_exact_queue_or_fill_probability
270,l2Book,1783579463659,1783579463949477619,0.290975,buy,62819,62819,62820,1,0.005,2.33797,22,467.594,6,0.00114,0,0.00114,2.34297,0.0004865619278095750265688421107,touched_quote_without_depletion,,0.00028,False,missing_same_side_strict_through_support,110,59559,0,33,same_touch_stable_enough,real_bbo_history_touch_stability,17220,1783579446439,19.03158,2.33797,-16.69361,57,22,-35,reset_supported,same_touch_top_qty_or_order_count_reduced,pass,,,,latest_l2_received_before_or_at_candidate,latest_l2_exchange_time_equal_candidate,event_driven_current_l2_plus_rolling_public_trades_proxy_not_exact_queue_or_fill_probability
271,l2Book,1783579464197,1783579464489245846,0.29276,buy,62819,62819,62820,1,0.005,3.59832,23,719.664,4,0.00114,0,0.00114,3.60332,0.0003163748987045280463572483154,touched_quote_without_depletion,,0.00028,False,missing_same_side_strict_through_support,110,59540,0,34,same_touch_stable_enough,real_bbo_history_touch_stability,17758,1783579446439,19.03158,3.59832,-15.43326,57,23,-34,reset_supported,same_touch_top_qty_or_order_count_reduced,pass,,,,latest_l2_received_before_or_at_candidate,latest_l2_exchange_time_equal_candidate,event_driven_current_l2_plus_rolling_public_trades_proxy_not_exact_queue_or_fill_probability
272,l2Book,1783579464722,1783579464988154760,0.266636,buy,62819,62819,62820,1,0.005,6.1877,26,1237.54,4,0.00114,0,0.00114,6.1927,0.0001840877161819561742051124711,touched_quote_without_depletion,,0.00028,False,missing_same_side_strict_through_support,110,59529,0,35,same_touch_stable_enough,real_bbo_history_touch_stability,18283,1783579446439,19.03158,6.1877,-12.84388,57,26,-31,reset_supported,same_touch_top_qty_or_order_count_reduced,pass,,,,latest_l2_received_before_or_at_candidate,latest_l2_exchange_time_equal_candidate,event_driven_current_l2_plus_rolling_public_trades_proxy_not_exact_queue_or_fill_probability
273,l2Book,1783579465272,1783579465553311904,0.281826,buy,62819,62819,62820,1,0.005,6.31403,27,1262.806,2,0.00069,0,0.00069,6.31903,0.000109193974391639223108610024,touched_quote_without_depletion,,0.00017,False,missing_same_side_strict_through_support,110,59537,0,36,same_touch_stable_enough,real_bbo_history_touch_stability,18833,1783579446439,19.03158,6.31403,-12.71755,57,27,-30,reset_supported,same_touch_top_qty_or_order_count_reduced,pass,,,,latest_l2_received_before_or_at_candidate,latest_l2_exchange_time_equal_candidate,event_driven_current_l2_plus_rolling_public_trades_proxy_not_exact_queue_or_fill_probability
274,l2Book,1783579465818,1783579466095097614,0.277615,buy,62819,62819,62820,1,0.005,6.31403,27,1262.806,2,0.00069,0,0.00069,6.31903,0.000109193974391639223108610024,touched_quote_without_depletion,,0.00017,False,missing_same_side_strict_through_support,110,59545,0,37,same_touch_stable_enough,real_bbo_history_touch_stability,19379,1783579446439,19.03158,6.31403,-12.71755,57,27,-30,reset_supported,same_touch_top_qty_or_order_count_reduced,pass,,,,latest_l2_received_before_or_at_candidate,latest_l2_exchange_time_equal_candidate,event_driven_current_l2_plus_rolling_public_trades_proxy_not_exact_queue_or_fill_probability
275,trades,1783579465893,1783579466120138483,0.227623,buy,62819,62819,62820,1,0.005,6.31403,27,1262.806,3,0.00069,0,0.00069,6.31903,0.000109193974391639223108610024,touched_quote_without_depletion,,0.00017,False,missing_same_side_strict_through_support,110,59545,75,37,same_touch_stable_enough,real_bbo_history_touch_stability,19454,1783579446439,19.03158,6.31403,-12.71755,57,27,-30,reset_supported,same_touch_top_qty_or_order_count_reduced,pass,,,,latest_l2_received_before_or_at_candidate,latest_l2_exchange_time_before_candidate,event_driven_current_l2_plus_rolling_public_trades_proxy_not_exact_queue_or_fill_probability
276,trades,1783579466023,1783579466297123421,0.274607,buy,62819,62819,62820,1,0.005,6.31403,27,1262.806,4,0.00069,0,0.00069,6.31903,0.000109193974391639223108610024,touched_quote_without_depletion,,0.00017,False,missing_same_side_strict_through_support,110,59545,205,37,same_touch_stable_enough,real_bbo_history_touch_stability,19584,1783579446439,19.03158,6.31403,-12.71755,57,27,-30,reset_supported,same_touch_top_qty_or_order_count_reduced,pass,,,,latest_l2_received_before_or_at_candidate,latest_l2_exchange_time_before_candidate,event_driven_current_l2_plus_rolling_public_trades_proxy_not_exact_queue_or_fill_probability
277,l2Book,1783579466363,1783579466709476582,0.347018,buy,62819,62819,62820,1,0.005,3.60077,24,720.154,2,0,0,0,3.60577,0,not_depleted,,0.0,False,missing_same_side_strict_through_support;missing_recent_same_side_at_or_through_throughput,110,59554,0,38,same_touch_stable_enough,real_bbo_history_touch_stability,19924,1783579446439,19.03158,3.60077,-15.43081,57,24,-33,reset_supported,same_touch_top_qty_or_order_count_reduced,pass,,,,latest_l2_received_before_or_at_candidate,latest_l2_exchange_time_equal_candidate,event_driven_current_l2_plus_rolling_public_trades_proxy_not_exact_queue_or_fill_probability
278,trades,1783579466767,1783579467405234204,0.638885,buy,62819,62819,62820,1,0.005,3.60077,24,720.154,92,0,0,0,3.60577,0,not_depleted,,0.0,False,missing_same_side_strict_through_support;missing_recent_same_side_at_or_through_throughput,110,59554,404,38,same_touch_stable_enough,real_bbo_history_touch_stability,20328,1783579446439,19.03158,3.60077,-15.43081,57,24,-33,reset_supported,same_touch_top_qty_or_order_count_reduced,pass,,,,latest_l2_received_before_or_at_candidate,latest_l2_exchange_time_before_candidate,event_driven_current_l2_plus_rolling_public_trades_proxy_not_exact_queue_or_fill_probability
279,l2Book,1783579466902,1783579467406099073,0.504394,buy,62825,62825,62831,6,0.005,0.06,1,12,92,0,0,0,0.065,0,not_depleted,,0.0,False,missing_same_side_strict_through_support;missing_touch_freshness_or_queue_reset_evidence;missing_recent_same_side_at_or_through_throughput,110,59553,0,1,same_touch_seen_but_not_stable,real_bbo_history_insufficient,0,1783579466902,,0.06,,,1,,missing,no_prior_same_touch_bbo,block,no_prior_same_touch_bbo,same_touch_seen_but_not_stable,no_prior_same_touch_bbo,latest_l2_received_before_or_at_candidate,latest_l2_exchange_time_equal_candidate,event_driven_current_l2_plus_rolling_public_trades_proxy_not_exact_queue_or_fill_probability
280,trades,1783579467033,1783579467406549847,0.373836,buy,62825,62825,62831,6,0.005,0.06,1,12,95,0.066,0.01687,0.08287,0.065,1.274923076923076923076923077,depleted_top_plus_order_proxy,,0.005,False,missing_touch_freshness_or_queue_reset_evidence,110,59553,131,1,same_touch_seen_but_not_stable,real_bbo_history_insufficient,131,1783579466902,,0.06,,,1,,missing,no_prior_same_touch_bbo,block,no_prior_same_touch_bbo,same_touch_seen_but_not_stable,no_prior_same_touch_bbo,latest_l2_received_before_or_at_candidate,latest_l2_exchange_time_before_candidate,event_driven_current_l2_plus_rolling_public_trades_proxy_not_exact_queue_or_fill_probability
281,trades,1783579467105,1783579467406936258,0.30222,buy,62825,62825,62831,6,0.005,0.06,1,12,96,0.066,0.01925,0.08525,0.065,1.311538461538461538461538462,depleted_top_plus_order_proxy,,0.005,False,missing_touch_freshness_or_queue_reset_evidence,110,59553,203,1,same_touch_seen_but_not_stable,real_bbo_history_insufficient,203,1783579466902,,0.06,,,1,,missing,no_prior_same_touch_bbo,block,no_prior_same_touch_bbo,same_touch_seen_but_not_stable,no_prior_same_touch_bbo,latest_l2_received_before_or_at_candidate,latest_l2_exchange_time_before_candidate,event_driven_current_l2_plus_rolling_public_trades_proxy_not_exact_queue_or_fill_probability
282,l2Book,1783579467440,1783579467752878119,0.313434,buy,62824,62824,62825,1,0.005,8.90862,11,1781.724,96,0.01925,0,0.01925,8.91362,0.002159616407250926110828148384,touched_quote_without_depletion,,0.00481,False,missing_same_side_strict_through_support;missing_touch_freshness_or_queue_reset_evidence,110,59553,0,1,same_touch_seen_but_not_stable,real_bbo_history_insufficient,0,1783579467440,,8.90862,,,11,,missing,no_prior_same_touch_bbo,block,no_prior_same_touch_bbo,same_touch_seen_but_not_stable,no_prior_same_touch_bbo,latest_l2_received_before_or_at_candidate,latest_l2_exchange_time_equal_candidate,event_driven_current_l2_plus_rolling_public_trades_proxy_not_exact_queue_or_fill_probability
283,l2Book,1783579467976,1783579468292388786,0.316903,buy,62824,62824,62831,7,0.005,32.22366,72,6444.732,96,0.01925,0,0.01925,32.22866,0.0005972944577900539457737305864,touched_quote_without_depletion,,0.00481,False,missing_same_side_strict_through_support;missing_touch_freshness_or_queue_reset_evidence,110,59552,0,1,same_touch_seen_but_not_stable,real_bbo_history_insufficient,0,1783579467976,,32.22366,,,72,,missing,no_prior_same_touch_bbo,block,no_prior_same_touch_bbo,same_touch_seen_but_not_stable,no_prior_same_touch_bbo,latest_l2_received_before_or_at_candidate,latest_l2_exchange_time_equal_candidate,event_driven_current_l2_plus_rolling_public_trades_proxy_not_exact_queue_or_fill_probability
284,l2Book,1783579468513,1783579468810099719,0.297601,buy,62830,62830,62831,1,0.005,84.15314,349,16830.628,96,0,0.08525,0.08525,84.15814,0.001012973908406245670353456006,strict_trade_through_seen_but_visible_top_not_depleted,,0.005,False,missing_touch_freshness_or_queue_reset_evidence,110,59485,0,1,same_touch_seen_but_not_stable,real_bbo_history_insufficient,0,1783579468513,,84.15314,,,349,,missing,no_prior_same_touch_bbo,block,no_prior_same_touch_bbo,same_touch_seen_but_not_stable,no_prior_same_touch_bbo,latest_l2_received_before_or_at_candidate,latest_l2_exchange_time_equal_candidate,event_driven_current_l2_plus_rolling_public_trades_proxy_not_exact_queue_or_fill_probability
285,trades,1783579468843,1783579469065340131,0.222864,buy,62830,62830,62831,1,0.005,84.15314,349,16830.628,105,0,0.08525,0.08525,84.15814,0.001012973908406245670353456006,strict_trade_through_seen_but_visible_top_not_depleted,,0.002,False,outside_quality_a_b_queue_bands,110,59485,330,1,same_touch_stable_enough,real_bbo_history_touch_stability,330,1783579468513,,84.15314,,,349,,missing,no_prior_same_touch_bbo,pass,,,no_prior_same_touch_bbo,latest_l2_received_before_or_at_candidate,latest_l2_exchange_time_before_candidate,event_driven_current_l2_plus_rolling_public_trades_proxy_not_exact_queue_or_fill_probability
286,l2Book,1783579469042,1783579469420376606,0.378887,buy,62835,62835,62836,1,0.005,5.62139,54,1124.278,103,0,0.08525,0.08525,5.62639,0.0151518113746114293534575456,strict_trade_through_seen_but_visible_top_not_depleted,,0.005,False,missing_touch_freshness_or_queue_reset_evidence,110,59500,0,1,same_touch_seen_but_not_stable,real_bbo_history_insufficient,0,1783579469042,,5.62139,,,54,,missing,no_prior_same_touch_bbo,block,no_prior_same_touch_bbo,same_touch_seen_but_not_stable,no_prior_same_touch_bbo,latest_l2_received_before_or_at_candidate,latest_l2_exchange_time_equal_candidate,event_driven_current_l2_plus_rolling_public_trades_proxy_not_exact_queue_or_fill_probability
287,l2Book,1783579469562,1783579469841596807,0.280142,buy,62835,62835,62836,1,0.005,5.0827,45,1016.54,103,0,0.08525,0.08525,5.0877,0.0167560980403718772726379307,strict_trade_through_seen_but_visible_top_not_depleted,,0.002,False,outside_quality_a_b_queue_bands,110,59461,0,2,same_touch_stable_enough,real_bbo_history_touch_stability,520,1783579469042,5.62139,5.0827,-0.53869,54,45,-9,reset_supported,same_touch_top_qty_or_order_count_reduced,pass,,,,latest_l2_received_before_or_at_candidate,latest_l2_exchange_time_equal_candidate,event_driven_current_l2_plus_rolling_public_trades_proxy_not_exact_queue_or_fill_probability
288,l2Book,1783579470115,1783579470432432969,0.317932,buy,62835,62835,62836,1,0.005,4.3867,39,877.34,9,0,0,0,4.3917,0,not_depleted,,0.0,False,missing_same_side_strict_through_support;missing_recent_same_side_at_or_through_throughput,110,59475,0,3,same_touch_stable_enough,real_bbo_history_touch_stability,1073,1783579469042,5.62139,4.3867,-1.23469,54,39,-15,reset_supported,same_touch_top_qty_or_order_count_reduced,pass,,,,latest_l2_received_before_or_at_candidate,latest_l2_exchange_time_equal_candidate,event_driven_current_l2_plus_rolling_public_trades_proxy_not_exact_queue_or_fill_probability
289,trades,1783579470247,1783579470468281508,0.221745,buy,62835,62835,62836,1,0.005,4.3867,39,877.34,10,0.00048,0,0.00048,4.3917,0.0001092970831340938588701414031,touched_quote_without_depletion,,0.00012,False,missing_same_side_strict_through_support,110,59475,132,3,same_touch_stable_enough,real_bbo_history_touch_stability,1205,1783579469042,5.62139,4.3867,-1.23469,54,39,-15,reset_supported,same_touch_top_qty_or_order_count_reduced,pass,,,,latest_l2_received_before_or_at_candidate,latest_l2_exchange_time_before_candidate,event_driven_current_l2_plus_rolling_public_trades_proxy_not_exact_queue_or_fill_probability
290,l2Book,1783579470666,1783579470953308029,0.287837,buy,62835,62835,62836,1,0.005,4.15372,31,830.744,10,0.00048,0,0.00048,4.15872,0.0001154201292705447830101569714,touched_quote_without_depletion,,0.00012,False,missing_same_side_strict_through_support,110,59504,0,4,same_touch_stable_enough,real_bbo_history_touch_stability,1624,1783579469042,5.62139,4.15372,-1.46767,54,31,-23,reset_supported,same_touch_top_qty_or_order_count_reduced,pass,,,,latest_l2_received_before_or_at_candidate,latest_l2_exchange_time_equal_candidate,event_driven_current_l2_plus_rolling_public_trades_proxy_not_exact_queue_or_fill_probability
291,trades,1783579471134,1783579471390254238,0.256735,buy,62835,62835,62836,1,0.005,4.15372,31,830.744,11,0.00048,0,0.00048,4.15872,0.0001154201292705447830101569714,touched_quote_without_depletion,,0.00012,False,missing_same_side_strict_through_support,110,59504,468,4,same_touch_stable_enough,real_bbo_history_touch_stability,2092,1783579469042,5.62139,4.15372,-1.46767,54,31,-23,reset_supported,same_touch_top_qty_or_order_count_reduced,pass,,,,latest_l2_received_before_or_at_candidate,latest_l2_exchange_time_before_candidate,event_driven_current_l2_plus_rolling_public_trades_proxy_not_exact_queue_or_fill_probability
292,l2Book,1783579471269,1783579471578744597,0.310247,buy,62835,62835,62836,1,0.005,4.15372,31,830.744,11,0.00048,0,0.00048,4.15872,0.0001154201292705447830101569714,touched_quote_without_depletion,,0.00012,False,missing_same_side_strict_through_support,110,59553,0,5,same_touch_stable_enough,real_bbo_history_touch_stability,2227,1783579469042,5.62139,4.15372,-1.46767,54,31,-23,reset_supported,same_touch_top_qty_or_order_count_reduced,pass,,,,latest_l2_received_before_or_at_candidate,latest_l2_exchange_time_equal_candidate,event_driven_current_l2_plus_rolling_public_trades_proxy_not_exact_queue_or_fill_probability
293,trades,1783579471269,1783579471579444971,0.310718,buy,62835,62835,62836,1,0.005,4.15372,31,830.744,12,0.00048,0,0.00048,4.15872,0.0001154201292705447830101569714,touched_quote_without_depletion,,0.00012,False,missing_same_side_strict_through_support,110,59553,0,5,same_touch_stable_enough,real_bbo_history_touch_stability,2227,1783579469042,5.62139,4.15372,-1.46767,54,31,-23,reset_supported,same_touch_top_qty_or_order_count_reduced,pass,,,,latest_l2_received_before_or_at_candidate,latest_l2_exchange_time_equal_candidate,event_driven_current_l2_plus_rolling_public_trades_proxy_not_exact_queue_or_fill_probability
294,l2Book,1783579471799,1783579472229422035,0.430925,buy,62835,62835,62836,1,0.005,4.15372,31,830.744,12,0.00048,0,0.00048,4.15872,0.0001154201292705447830101569714,touched_quote_without_depletion,,0.00012,False,missing_same_side_strict_through_support,110,59543,0,6,same_touch_stable_enough,real_bbo_history_touch_stability,2757,1783579469042,5.62139,4.15372,-1.46767,54,31,-23,reset_supported,same_touch_top_qty_or_order_count_reduced,pass,,,,latest_l2_received_before_or_at_candidate,latest_l2_exchange_time_equal_candidate,event_driven_current_l2_plus_rolling_public_trades_proxy_not_exact_queue_or_fill_probability
295,trades,1783579472076,1783579472360330961,0.284822,buy,62835,62835,62836,1,0.005,4.15372,31,830.744,5,0.03163,0,0.03163,4.15872,0.00760570560172360726377346876,touched_quote_without_depletion,,0.005,False,missing_same_side_strict_through_support,110,59543,277,6,same_touch_stable_enough,real_bbo_history_touch_stability,3034,1783579469042,5.62139,4.15372,-1.46767,54,31,-23,reset_supported,same_touch_top_qty_or_order_count_reduced,pass,,,,latest_l2_received_before_or_at_candidate,latest_l2_exchange_time_before_candidate,event_driven_current_l2_plus_rolling_public_trades_proxy_not_exact_queue_or_fill_probability
296,l2Book,1783579472343,1783579472627266052,0.284733,buy,62835,62835,62836,1,0.005,4.60001,32,920.002,5,0.03163,0,0.03163,4.60501,0.006868606148520850117589321196,touched_quote_without_depletion,,0.005,False,missing_same_side_strict_through_support,110,59488,0,7,same_touch_stable_enough,real_bbo_history_touch_stability,3301,1783579469042,5.62139,4.60001,-1.02138,54,32,-22,reset_supported,same_touch_top_qty_or_order_count_reduced,pass,,,,latest_l2_received_before_or_at_candidate,latest_l2_exchange_time_equal_candidate,event_driven_current_l2_plus_rolling_public_trades_proxy_not_exact_queue_or_fill_probability
297,trades,1783579472343,1783579472627909490,0.285183,buy,62835,62835,62836,1,0.005,4.60001,32,920.002,6,0.03163,0,0.03163,4.60501,0.006868606148520850117589321196,touched_quote_without_depletion,,0.005,False,missing_same_side_strict_through_support,110,59488,0,7,same_touch_stable_enough,real_bbo_history_touch_stability,3301,1783579469042,5.62139,4.60001,-1.02138,54,32,-22,reset_supported,same_touch_top_qty_or_order_count_reduced,pass,,,,latest_l2_received_before_or_at_candidate,latest_l2_exchange_time_equal_candidate,event_driven_current_l2_plus_rolling_public_trades_proxy_not_exact_queue_or_fill_probability
298,l2Book,1783579472878,1783579473159529273,0.28201,buy,62835,62835,62836,1,0.005,0.62194,8,124.388,6,0.03163,0,0.03163,0.62694,0.05045139885794493890962452547,touched_quote_without_depletion,,0.005,False,missing_same_side_strict_through_support,110,59419,0,8,same_touch_stable_enough,real_bbo_history_touch_stability,3836,1783579469042,5.62139,0.62194,-4.99945,54,8,-46,reset_supported,same_touch_top_qty_or_order_count_reduced,pass,,,,latest_l2_received_before_or_at_candidate,latest_l2_exchange_time_equal_candidate,event_driven_current_l2_plus_rolling_public_trades_proxy_not_exact_queue_or_fill_probability
299,trades,1783579473202,1783579473443536158,0.242137,buy,62835,62835,62836,1,0.005,0.62194,8,124.388,62,0.03163,0,0.03163,0.62694,0.05045139885794493890962452547,touched_quote_without_depletion,,0.005,False,missing_same_side_strict_through_support,110,59419,324,8,same_touch_stable_enough,real_bbo_history_touch_stability,4160,1783579469042,5.62139,0.62194,-4.99945,54,8,-46,reset_supported,same_touch_top_qty_or_order_count_reduced,pass,,,,latest_l2_received_before_or_at_candidate,latest_l2_exchange_time_before_candidate,event_driven_current_l2_plus_rolling_public_trades_proxy_not_exact_queue_or_fill_probability
300,l2Book,1783579473489,1783579473773365812,0.284917,buy,62835,62835,62836,1,0.005,1.23754,8,247.508,61,0.03115,0,0.03115,1.24254,0.02506961546509569108439164936,touched_quote_without_depletion,,0.005,False,missing_same_side_strict_through_support,110,59337,0,9,same_touch_stable_enough,real_bbo_history_touch_stability,4447,1783579469042,5.62139,1.23754,-4.38385,54,8,-46,reset_supported,same_touch_top_qty_or_order_count_reduced,pass,,,,latest_l2_received_before_or_at_candidate,latest_l2_exchange_time_equal_candidate,event_driven_current_l2_plus_rolling_public_trades_proxy_not_exact_queue_or_fill_probability
301,trades,1783579473489,1783579473774179311,0.285496,buy,62835,62835,62836,1,0.005,1.23754,8,247.508,64,0.04464,0,0.04464,1.24254,0.03592640880776473996812979864,touched_quote_without_depletion,,0.005,False,missing_same_side_strict_through_support,110,59337,0,9,same_touch_stable_enough,real_bbo_history_touch_stability,4447,1783579469042,5.62139,1.23754,-4.38385,54,8,-46,reset_supported,same_touch_top_qty_or_order_count_reduced,pass,,,,latest_l2_received_before_or_at_candidate,latest_l2_exchange_time_equal_candidate,event_driven_current_l2_plus_rolling_public_trades_proxy_not_exact_queue_or_fill_probability
302,trades,1783579473759,1783579473961545764,0.203083,buy,62835,62835,62836,1,0.005,1.23754,8,247.508,66,0.09954,0,0.09954,1.24254,0.08011009705924960162248297842,touched_quote_without_depletion,,0.005,False,missing_same_side_strict_through_support,110,59337,270,9,same_touch_stable_enough,real_bbo_history_touch_stability,4717,1783579469042,5.62139,1.23754,-4.38385,54,8,-46,reset_supported,same_touch_top_qty_or_order_count_reduced,pass,,,,latest_l2_received_before_or_at_candidate,latest_l2_exchange_time_before_candidate,event_driven_current_l2_plus_rolling_public_trades_proxy_not_exact_queue_or_fill_probability
303,l2Book,1783579474014,1783579474351882210,0.338424,buy,62835,62835,62836,1,0.005,2.87097,6,574.194,66,0.09954,0,0.09954,2.87597,0.03461093126840683317280778311,touched_quote_without_depletion,,0.005,False,missing_same_side_strict_through_support,111,59862,0,10,same_touch_stable_enough,real_bbo_history_touch_stability,4972,1783579469042,5.62139,2.87097,-2.75042,54,6,-48,reset_supported,same_touch_top_qty_or_order_count_reduced,pass,,,,latest_l2_received_before_or_at_candidate,latest_l2_exchange_time_equal_candidate,event_driven_current_l2_plus_rolling_public_trades_proxy_not_exact_queue_or_fill_probability
304,l2Book,1783579474561,1783579474858666869,0.298218,buy,62835,62835,62836,1,0.005,2.02387,8,404.774,64,0.09954,0,0.09954,2.02887,0.04906179301778822694406245841,touched_quote_without_depletion,,0.005,False,missing_same_side_strict_through_support,111,59956,0,11,same_touch_stable_enough,real_bbo_history_touch_stability,5519,1783579469042,5.62139,2.02387,-3.59752,54,8,-46,reset_supported,same_touch_top_qty_or_order_count_reduced,pass,,,,latest_l2_received_before_or_at_candidate,latest_l2_exchange_time_equal_candidate,event_driven_current_l2_plus_rolling_public_trades_proxy_not_exact_queue_or_fill_probability
305,l2Book,1783579475098,1783579475440426105,0.342932,buy,62835,62835,62836,1,0.005,5.64756,11,1129.512,62,0.06839,0,0.06839,5.65256,0.01209894277990857239905458766,touched_quote_without_depletion,,0.005,False,missing_same_side_strict_through_support,111,59979,0,12,same_touch_stable_enough,real_bbo_history_touch_stability,6056,1783579469042,5.62139,5.64756,0.02617,54,11,-43,reset_supported,same_touch_top_qty_or_order_count_reduced,pass,,,,latest_l2_received_before_or_at_candidate,latest_l2_exchange_time_equal_candidate,event_driven_current_l2_plus_rolling_public_trades_proxy_not_exact_queue_or_fill_probability
306,trades,1783579475299,1783579475518280155,0.219779,buy,62835,62835,62836,1,0.005,5.64756,11,1129.512,67,0.0764,0,0.0764,5.65256,0.01351599983016544716022474772,touched_quote_without_depletion,,0.005,False,missing_same_side_strict_through_support,110,59427,201,12,same_touch_stable_enough,real_bbo_history_touch_stability,6257,1783579469042,5.62139,5.64756,0.02617,54,11,-43,reset_supported,same_touch_top_qty_or_order_count_reduced,pass,,,,latest_l2_received_before_or_at_candidate,latest_l2_exchange_time_before_candidate,event_driven_current_l2_plus_rolling_public_trades_proxy_not_exact_queue_or_fill_probability
307,l2Book,1783579475623,1783579475931172136,0.308728,buy,62835,62835,62836,1,0.005,0.302,2,60.4,66,0.0764,0,0.0764,0.307,0.2488599348534201954397394137,touched_quote_without_depletion,,0.005,False,missing_same_side_strict_through_support,111,59952,0,13,same_touch_stable_enough,real_bbo_history_touch_stability,6581,1783579469042,5.64756,0.302,-5.34556,54,2,-52,reset_supported,same_touch_top_qty_or_order_count_reduced,pass,,,,latest_l2_received_before_or_at_candidate,latest_l2_exchange_time_equal_candidate,event_driven_current_l2_plus_rolling_public_trades_proxy_not_exact_queue_or_fill_probability
308,trades,1783579476025,1783579476263779272,0.239297,buy,62835,62835,62836,1,0.005,0.302,2,60.4,68,0.0764,0,0.0764,0.307,0.2488599348534201954397394137,touched_quote_without_depletion,,0.005,False,missing_same_side_strict_through_support,110,59402,402,13,same_touch_stable_enough,real_bbo_history_touch_stability,6983,1783579469042,5.64756,0.302,-5.34556,54,2,-52,reset_supported,same_touch_top_qty_or_order_count_reduced,pass,,,,latest_l2_received_before_or_at_candidate,latest_l2_exchange_time_before_candidate,event_driven_current_l2_plus_rolling_public_trades_proxy_not_exact_queue_or_fill_probability
309,l2Book,1783579476158,1783579476479240352,0.321772,buy,62835,62835,62836,1,0.005,0.74222,4,148.444,68,0.0764,0,0.0764,0.74722,0.1022456572361553491608896978,touched_quote_without_depletion,,0.005,False,missing_same_side_strict_through_support,111,59937,0,14,same_touch_stable_enough,real_bbo_history_touch_stability,7116,1783579469042,5.64756,0.74222,-4.90534,54,4,-50,reset_supported,same_touch_top_qty_or_order_count_reduced,pass,,,,latest_l2_received_before_or_at_candidate,latest_l2_exchange_time_equal_candidate,event_driven_current_l2_plus_rolling_public_trades_proxy_not_exact_queue_or_fill_probability
310,l2Book,1783579476712,1783579477239944074,0.528461,buy,62835,62835,62836,1,0.005,0.17292,2,34.584,9,0.06291,0,0.06291,0.17792,0.3535858812949640287769784173,touched_quote_without_depletion,,0.005,False,missing_same_side_strict_through_support,111,59946,0,15,same_touch_stable_enough,real_bbo_history_touch_stability,7670,1783579469042,5.64756,0.17292,-5.47464,54,2,-52,reset_supported,same_touch_top_qty_or_order_count_reduced,pass,,,,latest_l2_received_before_or_at_candidate,latest_l2_exchange_time_equal_candidate,event_driven_current_l2_plus_rolling_public_trades_proxy_not_exact_queue_or_fill_probability
311,trades,1783579476712,1783579477240655130,0.528932,buy,62835,62835,62836,1,0.005,0.17292,2,34.584,10,0.19021,0,0.19021,0.17792,1.069075989208633093525179856,depleted_top_plus_order_proxy,,0.005,False,missing_same_side_strict_through_support,111,59946,0,15,same_touch_stable_enough,real_bbo_history_touch_stability,7670,1783579469042,5.64756,0.17292,-5.47464,54,2,-52,reset_supported,same_touch_top_qty_or_order_count_reduced,pass,,,,latest_l2_received_before_or_at_candidate,latest_l2_exchange_time_equal_candidate,event_driven_current_l2_plus_rolling_public_trades_proxy_not_exact_queue_or_fill_probability
312,trades,1783579476781,1783579477241064515,0.460338,buy,62835,62835,62836,1,0.005,0.17292,2,34.584,10,0.30823,0,0.30823,0.17792,1.732407823741007194244604317,depleted_top_plus_order_proxy,,0.005,False,missing_same_side_strict_through_support,110,59410,69,15,same_touch_stable_enough,real_bbo_history_touch_stability,7739,1783579469042,5.64756,0.17292,-5.47464,54,2,-52,reset_supported,same_touch_top_qty_or_order_count_reduced,pass,,,,latest_l2_received_before_or_at_candidate,latest_l2_exchange_time_before_candidate,event_driven_current_l2_plus_rolling_public_trades_proxy_not_exact_queue_or_fill_probability
313,trades,1783579476915,1783579477321123345,0.406618,buy,62835,62835,62836,1,0.005,0.17292,2,34.584,23,0.30823,0.17109,0.47932,0.17792,2.694019784172661870503597122,depleted_top_plus_order_proxy,quality_b,0.002,True,,110,59410,203,15,same_touch_stable_enough,real_bbo_history_touch_stability,7873,1783579469042,5.64756,0.17292,-5.47464,54,2,-52,reset_supported,same_touch_top_qty_or_order_count_reduced,pass,,,,latest_l2_received_before_or_at_candidate,latest_l2_exchange_time_before_candidate,event_driven_current_l2_plus_rolling_public_trades_proxy_not_exact_queue_or_fill_probability
314,trades,1783579477029,1783579477322241214,0.293578,buy,62835,62835,62836,1,0.005,0.17292,2,34.584,32,0.30823,0.17647,0.4847,0.17792,2.724258093525179856115107914,depleted_top_plus_order_proxy,quality_b,0.002,True,,110,59410,317,15,same_touch_stable_enough,real_bbo_history_touch_stability,7987,1783579469042,5.64756,0.17292,-5.47464,54,2,-52,reset_supported,same_touch_top_qty_or_order_count_reduced,pass,,,,latest_l2_received_before_or_at_candidate,latest_l2_exchange_time_before_candidate,event_driven_current_l2_plus_rolling_public_trades_proxy_not_exact_queue_or_fill_probability
315,l2Book,1783579477768,1783579478056503328,0.289021,buy,62819,62819,62820,1,0.005,9.94374,21,1988.748,32,0.00402,0,0.00402,9.94874,0.0004040712693265679875039452232,touched_quote_without_depletion,,0.001,False,missing_same_side_strict_through_support,111,59928,0,2,same_touch_stable_enough,real_bbo_history_touch_stability,537,1783579477231,0.50346,9.94374,9.44028,4,21,17,not_reset,history_present_no_reset,pass,,,history_present_no_reset,latest_l2_received_before_or_at_candidate,latest_l2_exchange_time_equal_candidate,event_driven_current_l2_plus_rolling_public_trades_proxy_not_exact_queue_or_fill_probability
316,trades,1783579478038,1783579478262742917,0.22527,buy,62819,62819,62820,1,0.005,9.94374,21,1988.748,34,0.00472,0,0.00472,9.94874,0.0004744319381147763435369705108,touched_quote_without_depletion,,0.00118,False,missing_same_side_strict_through_support,110,59387,270,2,same_touch_stable_enough,real_bbo_history_touch_stability,807,1783579477231,0.50346,9.94374,9.44028,4,21,17,not_reset,history_present_no_reset,pass,,,history_present_no_reset,latest_l2_received_before_or_at_candidate,latest_l2_exchange_time_before_candidate,event_driven_current_l2_plus_rolling_public_trades_proxy_not_exact_queue_or_fill_probability
317,l2Book,1783579478325,1783579478622992836,0.298514,buy,62819,62819,62820,1,0.005,10.36868,24,2073.736,29,0.00472,0,0.00472,10.37368,0.0004549976478935151267438363242,touched_quote_without_depletion,,0.00118,False,missing_same_side_strict_through_support,111,59944,0,3,same_touch_stable_enough,real_bbo_history_touch_stability,1094,1783579477231,9.94374,10.36868,0.42494,21,24,3,not_reset,history_present_no_reset,pass,,,history_present_no_reset,latest_l2_received_before_or_at_candidate,latest_l2_exchange_time_equal_candidate,event_driven_current_l2_plus_rolling_public_trades_proxy_not_exact_queue_or_fill_probability
318,trades,1783579478724,1783579478939110211,0.21563,buy,62819,62819,62820,1,0.005,10.36868,24,2073.736,30,0.00788,0,0.00788,10.37368,0.0007596147172459532200723369142,touched_quote_without_depletion,,0.00197,False,missing_same_side_strict_through_support,110,59409,399,3,same_touch_stable_enough,real_bbo_history_touch_stability,1493,1783579477231,9.94374,10.36868,0.42494,21,24,3,not_reset,history_present_no_reset,pass,,,history_present_no_reset,latest_l2_received_before_or_at_candidate,latest_l2_exchange_time_before_candidate,event_driven_current_l2_plus_rolling_public_trades_proxy_not_exact_queue_or_fill_probability
319,l2Book,1783579478844,1783579479158819452,0.315334,buy,62819,62819,62820,1,0.005,11.67131,26,2334.262,30,0.00788,0,0.00788,11.67631,0.000674870742554796849347096814,touched_quote_without_depletion,,0.00197,False,missing_same_side_strict_through_support,111,59928,0,4,same_touch_stable_enough,real_bbo_history_touch_stability,1613,1783579477231,10.36868,11.67131,1.30263,24,26,2,not_reset,history_present_no_reset,pass,,,history_present_no_reset,latest_l2_received_before_or_at_candidate,latest_l2_exchange_time_equal_candidate,event_driven_current_l2_plus_rolling_public_trades_proxy_not_exact_queue_or_fill_probability
320,l2Book,1783579479379,1783579479661136268,0.282652,buy,62819,62819,62820,1,0.005,16.78687,31,3357.374,28,0.00788,0,0.00788,16.79187,0.0004692747144898096519327507895,touched_quote_without_depletion,,0.00197,False,missing_same_side_strict_through_support,111,59922,0,5,same_touch_stable_enough,real_bbo_history_touch_stability,2148,1783579477231,11.67131,16.78687,5.11556,26,31,5,not_reset,history_present_no_reset,pass,,,history_present_no_reset,latest_l2_received_before_or_at_candidate,latest_l2_exchange_time_equal_candidate,event_driven_current_l2_plus_rolling_public_trades_proxy_not_exact_queue_or_fill_probability
321,trades,1783579479379,1783579479661865161,0.283167,buy,62819,62819,62820,1,0.005,16.78687,31,3357.374,29,0.00788,0,0.00788,16.79187,0.0004692747144898096519327507895,touched_quote_without_depletion,,0.00197,False,missing_same_side_strict_through_support,111,59922,0,5,same_touch_stable_enough,real_bbo_history_touch_stability,2148,1783579477231,11.67131,16.78687,5.11556,26,31,5,not_reset,history_present_no_reset,pass,,,history_present_no_reset,latest_l2_received_before_or_at_candidate,latest_l2_exchange_time_equal_candidate,event_driven_current_l2_plus_rolling_public_trades_proxy_not_exact_queue_or_fill_probability
322,l2Book,1783579479896,1783579480210782353,0.315345,buy,62819,62819,62820,1,0.005,25.05328,64,5010.656,26,0.00788,0,0.00788,25.05828,0.0003144669147283851884486884176,touched_quote_without_depletion,,0.00197,False,missing_same_side_strict_through_support,111,59912,0,6,same_touch_stable_enough,real_bbo_history_touch_stability,2665,1783579477231,16.78687,25.05328,8.26641,31,64,33,not_reset,history_present_no_reset,pass,,,history_present_no_reset,latest_l2_received_before_or_at_candidate,latest_l2_exchange_time_equal_candidate,event_driven_current_l2_plus_rolling_public_trades_proxy_not_exact_queue_or_fill_probability
323,trades,1783579480389,1783579480602465095,0.213987,buy,62819,62819,62820,1,0.005,25.05328,64,5010.656,6,0.00386,0,0.00386,25.05828,0.0001540408998542597496715656462,touched_quote_without_depletion,,0.00096,False,missing_same_side_strict_through_support,110,59361,493,6,same_touch_stable_enough,real_bbo_history_touch_stability,3158,1783579477231,16.78687,25.05328,8.26641,31,64,33,not_reset,history_present_no_reset,pass,,,history_present_no_reset,latest_l2_received_before_or_at_candidate,latest_l2_exchange_time_before_candidate,event_driven_current_l2_plus_rolling_public_trades_proxy_not_exact_queue_or_fill_probability
324,l2Book,1783579480450,1783579480766532044,0.317023,buy,62820,62820,62821,1,0.005,37.82773,120,7565.546,6,0,0.00386,0.00386,37.83273,0.0001020280587734482814219328079,strict_trade_through_seen_but_visible_top_not_depleted,,0.00096,False,missing_touch_freshness_or_queue_reset_evidence,111,59915,0,1,same_touch_seen_but_not_stable,real_bbo_history_insufficient,0,1783579480450,,37.82773,,,120,,missing,no_prior_same_touch_bbo,block,no_prior_same_touch_bbo,same_touch_seen_but_not_stable,no_prior_same_touch_bbo,latest_l2_received_before_or_at_candidate,latest_l2_exchange_time_equal_candidate,event_driven_current_l2_plus_rolling_public_trades_proxy_not_exact_queue_or_fill_probability
325,trades,1783579480794,1783579480991458655,0.197937,buy,62820,62820,62821,1,0.005,37.82773,120,7565.546,10,0,0.00386,0.00386,37.83273,0.0001020280587734482814219328079,strict_trade_through_seen_but_visible_top_not_depleted,,0.00096,False,outside_quality_a_b_queue_bands,110,59403,344,1,same_touch_stable_enough,real_bbo_history_touch_stability,344,1783579480450,,37.82773,,,120,,missing,no_prior_same_touch_bbo,pass,,,no_prior_same_touch_bbo,latest_l2_received_before_or_at_candidate,latest_l2_exchange_time_before_candidate,event_driven_current_l2_plus_rolling_public_trades_proxy_not_exact_queue_or_fill_probability
326,l2Book,1783579480997,1783579481259728981,0.263216,buy,62824,62824,62825,1,0.005,57.60916,227,11521.832,10,0,0.00386,0.00386,57.61416,0.00006699741869012756586228107812,strict_trade_through_seen_but_visible_top_not_depleted,,0.00096,False,missing_touch_freshness_or_queue_reset_evidence,111,59950,0,1,same_touch_seen_but_not_stable,real_bbo_history_insufficient,0,1783579480997,,57.60916,,,227,,missing,no_prior_same_touch_bbo,block,no_prior_same_touch_bbo,same_touch_seen_but_not_stable,no_prior_same_touch_bbo,latest_l2_received_before_or_at_candidate,latest_l2_exchange_time_equal_candidate,event_driven_current_l2_plus_rolling_public_trades_proxy_not_exact_queue_or_fill_probability
327,trades,1783579481052,1783579481331962650,0.280451,buy,62824,62824,62825,1,0.005,57.60916,227,11521.832,9,0.00035,0.00316,0.00351,57.61416,0.0000609225232130434601493799441,strict_trade_through_seen_but_visible_top_not_depleted,,0.00087,False,missing_touch_freshness_or_queue_reset_evidence,110,59323,55,1,same_touch_seen_but_not_stable,real_bbo_history_insufficient,55,1783579480997,,57.60916,,,227,,missing,no_prior_same_touch_bbo,block,no_prior_same_touch_bbo,same_touch_seen_but_not_stable,no_prior_same_touch_bbo,latest_l2_received_before_or_at_candidate,latest_l2_exchange_time_before_candidate,event_driven_current_l2_plus_rolling_public_trades_proxy_not_exact_queue_or_fill_probability
328,trades,1783579481456,1783579481686248077,0.230732,buy,62824,62824,62825,1,0.005,57.60916,227,11521.832,12,0.00035,0.00316,0.00351,57.61416,0.0000609225232130434601493799441,strict_trade_through_seen_but_visible_top_not_depleted,,0.00087,False,outside_quality_a_b_queue_bands,110,59323,459,1,same_touch_stable_enough,real_bbo_history_touch_stability,459,1783579480997,,57.60916,,,227,,missing,no_prior_same_touch_bbo,pass,,,no_prior_same_touch_bbo,latest_l2_received_before_or_at_candidate,latest_l2_exchange_time_before_candidate,event_driven_current_l2_plus_rolling_public_trades_proxy_not_exact_queue_or_fill_probability
329,l2Book,1783579481519,1783579481830264456,0.311754,buy,62825,62825,62826,1,0.005,52.47328,181,10494.656,12,0,0.00351,0.00351,52.47828,0.00006688481406021691259698298039,strict_trade_through_seen_but_visible_top_not_depleted,,0.00087,False,missing_touch_freshness_or_queue_reset_evidence,111,59845,0,1,same_touch_seen_but_not_stable,real_bbo_history_insufficient,0,1783579481519,,52.47328,,,181,,missing,no_prior_same_touch_bbo,block,no_prior_same_touch_bbo,same_touch_seen_but_not_stable,no_prior_same_touch_bbo,latest_l2_received_before_or_at_candidate,latest_l2_exchange_time_equal_candidate,event_driven_current_l2_plus_rolling_public_trades_proxy_not_exact_queue_or_fill_probability
330,trades,1783579481886,1783579482618954508,0.733494,buy,62825,62825,62826,1,0.005,52.47328,181,10494.656,14,0,0.00035,0.00035,52.47828,0.00000666942590344043288004103793,strict_trade_through_seen_but_visible_top_not_depleted,,8e-05,False,outside_quality_a_b_queue_bands,110,59242,367,1,same_touch_stable_enough,real_bbo_history_touch_stability,367,1783579481519,,52.47328,,,181,,missing,no_prior_same_touch_bbo,pass,,,no_prior_same_touch_bbo,latest_l2_received_before_or_at_candidate,latest_l2_exchange_time_before_candidate,event_driven_current_l2_plus_rolling_public_trades_proxy_not_exact_queue_or_fill_probability
331,l2Book,1783579482145,1783579482619753845,0.475043,buy,62827,62827,62828,1,0.005,102.40748,402,20481.496,14,0,0.50035,0.50035,102.41248,0.004885635031980477379319395449,strict_trade_through_seen_but_visible_top_not_depleted,,0.005,False,missing_touch_freshness_or_queue_reset_evidence,111,59868,0,1,same_touch_seen_but_not_stable,real_bbo_history_insufficient,0,1783579482145,,102.40748,,,402,,missing,no_prior_same_touch_bbo,block,no_prior_same_touch_bbo,same_touch_seen_but_not_stable,no_prior_same_touch_bbo,latest_l2_received_before_or_at_candidate,latest_l2_exchange_time_equal_candidate,event_driven_current_l2_plus_rolling_public_trades_proxy_not_exact_queue_or_fill_probability
332,l2Book,1783579482616,1783579483059805710,0.444316,buy,62827,62827,62828,1,0.005,47.40805,177,9481.61,13,0,0.50035,0.50035,47.41305,0.01055300175795482467379761479,strict_trade_through_seen_but_visible_top_not_depleted,,0.002,False,outside_quality_a_b_queue_bands,111,59726,0,2,same_touch_stable_enough,real_bbo_history_touch_stability,471,1783579482145,102.40748,47.40805,-54.99943,402,177,-225,reset_supported,same_touch_top_qty_or_order_count_reduced,pass,,,,latest_l2_received_before_or_at_candidate,latest_l2_exchange_time_equal_candidate,event_driven_current_l2_plus_rolling_public_trades_proxy_not_exact_queue_or_fill_probability
333,l2Book,1783579483138,1783579483427489377,0.289986,buy,62827,62827,62828,1,0.005,43.8098,160,8761.96,13,0,0.50035,0.50035,43.8148,0.01141965728475309712699818326,strict_trade_through_seen_but_visible_top_not_depleted,,0.002,False,outside_quality_a_b_queue_bands,111,59649,0,3,same_touch_stable_enough,real_bbo_history_touch_stability,993,1783579482145,102.40748,43.8098,-58.59768,402,160,-242,reset_supported,same_touch_top_qty_or_order_count_reduced,pass,,,,latest_l2_received_before_or_at_candidate,latest_l2_exchange_time_equal_candidate,event_driven_current_l2_plus_rolling_public_trades_proxy_not_exact_queue_or_fill_probability
334,trades,1783579483622,1783579483877249739,0.255756,buy,62827,62827,62828,1,0.005,43.8098,160,8761.96,13,0,0.50035,0.50035,43.8148,0.01141965728475309712699818326,strict_trade_through_seen_but_visible_top_not_depleted,,0.002,False,outside_quality_a_b_queue_bands,110,59045,484,3,same_touch_stable_enough,real_bbo_history_touch_stability,1477,1783579482145,102.40748,43.8098,-58.59768,402,160,-242,reset_supported,same_touch_top_qty_or_order_count_reduced,pass,,,,latest_l2_received_before_or_at_candidate,latest_l2_exchange_time_before_candidate,event_driven_current_l2_plus_rolling_public_trades_proxy_not_exact_queue_or_fill_probability
335,l2Book,1783579483684,1783579483964767054,0.281219,buy,62827,62827,62828,1,0.005,45.70243,166,9140.486,13,0,0.50035,0.50035,45.70743,0.0109467979276017050181994481,strict_trade_through_seen_but_visible_top_not_depleted,,0.002,False,outside_quality_a_b_queue_bands,111,59591,0,4,same_touch_stable_enough,real_bbo_history_touch_stability,1539,1783579482145,102.40748,45.70243,-56.70505,402,166,-236,reset_supported,same_touch_top_qty_or_order_count_reduced,pass,,,,latest_l2_received_before_or_at_candidate,latest_l2_exchange_time_equal_candidate,event_driven_current_l2_plus_rolling_public_trades_proxy_not_exact_queue_or_fill_probability
336,trades,1783579484020,1783579484267533257,0.248016,buy,62827,62827,62828,1,0.005,45.70243,166,9140.486,10,0.0005,0.50035,0.50085,45.70743,0.01095773706813093626134744395,strict_trade_through_seen_but_visible_top_not_depleted,,0.002,False,outside_quality_a_b_queue_bands,111,59591,336,4,same_touch_stable_enough,real_bbo_history_touch_stability,1875,1783579482145,102.40748,45.70243,-56.70505,402,166,-236,reset_supported,same_touch_top_qty_or_order_count_reduced,pass,,,,latest_l2_received_before_or_at_candidate,latest_l2_exchange_time_before_candidate,event_driven_current_l2_plus_rolling_public_trades_proxy_not_exact_queue_or_fill_probability
337,l2Book,1783579484220,1783579484511123932,0.291619,buy,62827,62827,62828,1,0.005,45.70193,166,9140.386,9,0.0005,0.5,0.5005,45.70693,0.01095019945553114155774627611,strict_trade_through_seen_but_visible_top_not_depleted,,0.002,False,outside_quality_a_b_queue_bands,111,59523,0,5,same_touch_stable_enough,real_bbo_history_touch_stability,2075,1783579482145,102.40748,45.70193,-56.70555,402,166,-236,reset_supported,same_touch_top_qty_or_order_count_reduced,pass,,,,latest_l2_received_before_or_at_candidate,latest_l2_exchange_time_equal_candidate,event_driven_current_l2_plus_rolling_public_trades_proxy_not_exact_queue_or_fill_probability
338,l2Book,1783579484741,1783579485040351597,0.299845,buy,62827,62827,62828,1,0.005,45.68889,166,9137.778,6,0.0005,0.5,0.5005,45.69389,0.01095332439413672156167925296,strict_trade_through_seen_but_visible_top_not_depleted,,0.002,False,outside_quality_a_b_queue_bands,111,59438,0,6,same_touch_stable_enough,real_bbo_history_touch_stability,2596,1783579482145,102.40748,45.68889,-56.71859,402,166,-236,reset_supported,same_touch_top_qty_or_order_count_reduced,pass,,,,latest_l2_received_before_or_at_candidate,latest_l2_exchange_time_equal_candidate,event_driven_current_l2_plus_rolling_public_trades_proxy_not_exact_queue_or_fill_probability
339,trades,1783579484826,1783579485070881055,0.245406,buy,62827,62827,62828,1,0.005,45.68889,166,9137.778,11,1.86105,0.5,2.36105,45.69389,0.05167102209945355932707852188,strict_trade_through_seen_but_visible_top_not_depleted,,0.002,False,outside_quality_a_b_queue_bands,111,59438,85,6,same_touch_stable_enough,real_bbo_history_touch_stability,2681,1783579482145,102.40748,45.68889,-56.71859,402,166,-236,reset_supported,same_touch_top_qty_or_order_count_reduced,pass,,,,latest_l2_received_before_or_at_candidate,latest_l2_exchange_time_before_candidate,event_driven_current_l2_plus_rolling_public_trades_proxy_not_exact_queue_or_fill_probability
340,trades,1783579485024,1783579485302008611,0.278499,buy,62827,62827,62828,1,0.005,45.68889,166,9137.778,9,1.86105,0,1.86105,45.69389,0.04072864008732896236236398346,touched_quote_without_depletion,,0.005,False,missing_same_side_strict_through_support,111,59438,283,6,same_touch_stable_enough,real_bbo_history_touch_stability,2879,1783579482145,102.40748,45.68889,-56.71859,402,166,-236,reset_supported,same_touch_top_qty_or_order_count_reduced,pass,,,,latest_l2_received_before_or_at_candidate,latest_l2_exchange_time_before_candidate,event_driven_current_l2_plus_rolling_public_trades_proxy_not_exact_queue_or_fill_probability
341,l2Book,1783579485275,1783579485611780617,0.33727,buy,62827,62827,62828,1,0.005,44.10777,166,8821.554,9,1.86105,0,1.86105,44.11277,0.04218846379404421894158992963,touched_quote_without_depletion,,0.005,False,missing_same_side_strict_through_support,112,59972,0,7,same_touch_stable_enough,real_bbo_history_touch_stability,3130,1783579482145,102.40748,44.10777,-58.29971,402,166,-236,reset_supported,same_touch_top_qty_or_order_count_reduced,pass,,,,latest_l2_received_before_or_at_candidate,latest_l2_exchange_time_equal_candidate,event_driven_current_l2_plus_rolling_public_trades_proxy_not_exact_queue_or_fill_probability
342,l2Book,1783579485842,1783579486149599528,0.308131,buy,62827,62827,62828,1,0.005,45.70089,167,9140.178,9,1.86105,0,1.86105,45.70589,0.04071794685542716704564772724,touched_quote_without_depletion,,0.005,False,missing_same_side_strict_through_support,112,59928,0,8,same_touch_stable_enough,real_bbo_history_touch_stability,3697,1783579482145,102.40748,45.70089,-56.70659,402,167,-235,reset_supported,same_touch_top_qty_or_order_count_reduced,pass,,,,latest_l2_received_before_or_at_candidate,latest_l2_exchange_time_equal_candidate,event_driven_current_l2_plus_rolling_public_trades_proxy_not_exact_queue_or_fill_probability
343,trades,1783579486041,1783579486305981222,0.265488,buy,62827,62827,62828,1,0.005,45.70089,167,9140.178,10,1.86105,0,1.86105,45.70589,0.04071794685542716704564772724,touched_quote_without_depletion,,0.005,False,missing_same_side_strict_through_support,111,59410,199,8,same_touch_stable_enough,real_bbo_history_touch_stability,3896,1783579482145,102.40748,45.70089,-56.70659,402,167,-235,reset_supported,same_touch_top_qty_or_order_count_reduced,pass,,,,latest_l2_received_before_or_at_candidate,latest_l2_exchange_time_before_candidate,event_driven_current_l2_plus_rolling_public_trades_proxy_not_exact_queue_or_fill_probability
344,l2Book,1783579486450,1783579486794762857,0.345271,buy,62827,62827,62828,1,0.005,48.93186,172,9786.372,10,1.86105,0,1.86105,48.93686,0.03802961612167188495543032389,touched_quote_without_depletion,,0.005,False,missing_same_side_strict_through_support,111,59464,0,9,same_touch_stable_enough,real_bbo_history_touch_stability,4305,1783579482145,102.40748,48.93186,-53.47562,402,172,-230,reset_supported,same_touch_top_qty_or_order_count_reduced,pass,,,,latest_l2_received_before_or_at_candidate,latest_l2_exchange_time_equal_candidate,event_driven_current_l2_plus_rolling_public_trades_proxy_not_exact_queue_or_fill_probability
345,trades,1783579486849,1783579487333521804,0.48503,buy,62827,62827,62828,1,0.005,48.93186,172,9786.372,9,1.9983,0,1.9983,48.93686,0.04083425050156466924931432053,touched_quote_without_depletion,,0.005,False,missing_same_side_strict_through_support,111,59464,399,9,same_touch_stable_enough,real_bbo_history_touch_stability,4704,1783579482145,102.40748,48.93186,-53.47562,402,172,-230,reset_supported,same_touch_top_qty_or_order_count_reduced,pass,,,,latest_l2_received_before_or_at_candidate,latest_l2_exchange_time_before_candidate,event_driven_current_l2_plus_rolling_public_trades_proxy_not_exact_queue_or_fill_probability
346,trades,1783579486915,1783579487334501266,0.419794,buy,62827,62827,62828,1,0.005,48.93186,172,9786.372,19,1.9983,0,1.9983,48.93686,0.04083425050156466924931432053,touched_quote_without_depletion,,0.005,False,missing_same_side_strict_through_support,111,59464,465,9,same_touch_stable_enough,real_bbo_history_touch_stability,4770,1783579482145,102.40748,48.93186,-53.47562,402,172,-230,reset_supported,same_touch_top_qty_or_order_count_reduced,pass,,,,latest_l2_received_before_or_at_candidate,latest_l2_exchange_time_before_candidate,event_driven_current_l2_plus_rolling_public_trades_proxy_not_exact_queue_or_fill_probability
347,l2Book,1783579487051,1783579487416495571,0.365987,buy,62833,62833,62834,1,0.005,19.90829,71,3981.658,18,0,1.9978,1.9978,19.91329,0.1003249588591337744792548092,strict_trade_through_seen_but_visible_top_not_depleted,,0.005,False,missing_touch_freshness_or_queue_reset_evidence,111,59530,0,1,same_touch_seen_but_not_stable,real_bbo_history_insufficient,0,1783579487051,,19.90829,,,71,,missing,no_prior_same_touch_bbo,block,no_prior_same_touch_bbo,same_touch_seen_but_not_stable,no_prior_same_touch_bbo,latest_l2_received_before_or_at_candidate,latest_l2_exchange_time_equal_candidate,event_driven_current_l2_plus_rolling_public_trades_proxy_not_exact_queue_or_fill_probability
348,l2Book,1783579487572,1783579487810093003,0.238594,buy,62833,62833,62834,1,0.005,39.79015,129,7958.03,18,0,1.9978,1.9978,39.79515,0.05020209749177977718390306356,strict_trade_through_seen_but_visible_top_not_depleted,,0.002,False,outside_quality_a_b_queue_bands,111,59522,0,2,same_touch_stable_enough,real_bbo_history_touch_stability,521,1783579487051,19.90829,39.79015,19.88186,71,129,58,not_reset,history_present_no_reset,pass,,,history_present_no_reset,latest_l2_received_before_or_at_candidate,latest_l2_exchange_time_equal_candidate,event_driven_current_l2_plus_rolling_public_trades_proxy_not_exact_queue_or_fill_probability
349,trades,1783579487926,1783579488130174968,0.204659,buy,62833,62833,62834,1,0.005,39.79015,129,7958.03,14,0.00016,0.13725,0.13741,39.79515,0.003452933334841054751646871541,strict_trade_through_seen_but_visible_top_not_depleted,,0.002,False,outside_quality_a_b_queue_bands,111,59522,354,2,same_touch_stable_enough,real_bbo_history_touch_stability,875,1783579487051,19.90829,39.79015,19.88186,71,129,58,not_reset,history_present_no_reset,pass,,,history_present_no_reset,latest_l2_received_before_or_at_candidate,latest_l2_exchange_time_before_candidate,event_driven_current_l2_plus_rolling_public_trades_proxy_not_exact_queue_or_fill_probability
350,trades,1783579488055,1783579488340975782,0.286499,buy,62833,62833,62834,1,0.005,39.79015,129,7958.03,15,0.00016,0.13725,0.13741,39.79515,0.003452933334841054751646871541,strict_trade_through_seen_but_visible_top_not_depleted,,0.002,False,outside_quality_a_b_queue_bands,110,58972,483,2,same_touch_stable_enough,real_bbo_history_touch_stability,1004,1783579487051,19.90829,39.79015,19.88186,71,129,58,not_reset,history_present_no_reset,pass,,,history_present_no_reset,latest_l2_received_before_or_at_candidate,latest_l2_exchange_time_before_candidate,event_driven_current_l2_plus_rolling_public_trades_proxy_not_exact_queue_or_fill_probability
351,l2Book,1783579488124,1783579488497576283,0.374063,buy,62835,62835,62836,1,0.005,37.38918,133,7477.836,15,0,0.13741,0.13741,37.39418,0.003674635999505805448869316027,strict_trade_through_seen_but_visible_top_not_depleted,,0.005,False,missing_touch_freshness_or_queue_reset_evidence,111,59524,0,1,same_touch_seen_but_not_stable,real_bbo_history_insufficient,0,1783579488124,,37.38918,,,133,,missing,no_prior_same_touch_bbo,block,no_prior_same_touch_bbo,same_touch_seen_but_not_stable,no_prior_same_touch_bbo,latest_l2_received_before_or_at_candidate,latest_l2_exchange_time_equal_candidate,event_driven_current_l2_plus_rolling_public_trades_proxy_not_exact_queue_or_fill_probability
352,trades,1783579488476,1783579488785689724,0.310199,buy,62835,62835,62836,1,0.005,37.38918,133,7477.836,26,0,0.13741,0.13741,37.39418,0.003674635999505805448869316027,strict_trade_through_seen_but_visible_top_not_depleted,,0.002,False,outside_quality_a_b_queue_bands,111,59524,352,1,same_touch_stable_enough,real_bbo_history_touch_stability,352,1783579488124,,37.38918,,,133,,missing,no_prior_same_touch_bbo,pass,,,no_prior_same_touch_bbo,latest_l2_received_before_or_at_candidate,latest_l2_exchange_time_before_candidate,event_driven_current_l2_plus_rolling_public_trades_proxy_not_exact_queue_or_fill_probability
353,l2Book,1783579488747,1783579489025265827,0.278766,buy,62841,62841,62842,1,0.005,19.3524,76,3870.48,26,0,0.13741,0.13741,19.3574,0.007098577288272185314143428353,strict_trade_through_seen_but_visible_top_not_depleted,,0.005,False,missing_touch_freshness_or_queue_reset_evidence,111,59616,0,1,same_touch_seen_but_not_stable,real_bbo_history_insufficient,0,1783579488747,,19.3524,,,76,,missing,no_prior_same_touch_bbo,block,no_prior_same_touch_bbo,same_touch_seen_but_not_stable,no_prior_same_touch_bbo,latest_l2_received_before_or_at_candidate,latest_l2_exchange_time_equal_candidate,event_driven_current_l2_plus_rolling_public_trades_proxy_not_exact_queue_or_fill_probability
354,trades,1783579488879,1783579489149888307,0.27137,buy,62841,62841,62842,1,0.005,19.3524,76,3870.48,27,0.00806,0.13741,0.14547,19.3574,0.007514955520886069410148057074,strict_trade_through_seen_but_visible_top_not_depleted,,0.005,False,missing_touch_freshness_or_queue_reset_evidence,111,59616,132,1,same_touch_seen_but_not_stable,real_bbo_history_insufficient,132,1783579488747,,19.3524,,,76,,missing,no_prior_same_touch_bbo,block,no_prior_same_touch_bbo,same_touch_seen_but_not_stable,no_prior_same_touch_bbo,latest_l2_received_before_or_at_candidate,latest_l2_exchange_time_before_candidate,event_driven_current_l2_plus_rolling_public_trades_proxy_not_exact_queue_or_fill_probability
355,trades,1783579489004,1783579489299721086,0.296196,buy,62841,62841,62842,1,0.005,19.3524,76,3870.48,28,0.00806,0.13741,0.14547,19.3574,0.007514955520886069410148057074,strict_trade_through_seen_but_visible_top_not_depleted,,0.002,False,outside_quality_a_b_queue_bands,111,59616,257,1,same_touch_stable_enough,real_bbo_history_touch_stability,257,1783579488747,,19.3524,,,76,,missing,no_prior_same_touch_bbo,pass,,,no_prior_same_touch_bbo,latest_l2_received_before_or_at_candidate,latest_l2_exchange_time_before_candidate,event_driven_current_l2_plus_rolling_public_trades_proxy_not_exact_queue_or_fill_probability
356,trades,1783579489141,1783579489377021739,0.236527,buy,62841,62841,62842,1,0.005,19.3524,76,3870.48,39,0.00806,0.13741,0.14547,19.3574,0.007514955520886069410148057074,strict_trade_through_seen_but_visible_top_not_depleted,,0.002,False,outside_quality_a_b_queue_bands,110,59075,394,1,same_touch_stable_enough,real_bbo_history_touch_stability,394,1783579488747,,19.3524,,,76,,missing,no_prior_same_touch_bbo,pass,,,no_prior_same_touch_bbo,latest_l2_received_before_or_at_candidate,latest_l2_exchange_time_before_candidate,event_driven_current_l2_plus_rolling_public_trades_proxy_not_exact_queue_or_fill_probability
357,l2Book,1783579489348,1783579489640768247,0.29328,buy,62846,62846,62847,1,0.005,19.48254,104,3896.508,39,0,0.14547,0.14547,19.48754,0.007464769796495606936534832,strict_trade_through_seen_but_visible_top_not_depleted,,0.005,False,missing_touch_freshness_or_queue_reset_evidence,111,59676,0,1,same_touch_seen_but_not_stable,real_bbo_history_insufficient,0,1783579489348,,19.48254,,,104,,missing,no_prior_same_touch_bbo,block,no_prior_same_touch_bbo,same_touch_seen_but_not_stable,no_prior_same_touch_bbo,latest_l2_received_before_or_at_candidate,latest_l2_exchange_time_equal_candidate,event_driven_current_l2_plus_rolling_public_trades_proxy_not_exact_queue_or_fill_probability
358,l2Book,1783579489880,1783579490221883084,0.342381,buy,62847,62847,62848,1,0.005,104.35314,436,20870.628,38,0,0.00822,0.00822,104.35814,0.00007876721451723842529198009853,strict_trade_through_seen_but_visible_top_not_depleted,,0.00205,False,missing_touch_freshness_or_queue_reset_evidence,111,59693,0,1,same_touch_seen_but_not_stable,real_bbo_history_insufficient,0,1783579489880,,104.35314,,,436,,missing,no_prior_same_touch_bbo,block,no_prior_same_touch_bbo,same_touch_seen_but_not_stable,no_prior_same_touch_bbo,latest_l2_received_before_or_at_candidate,latest_l2_exchange_time_equal_candidate,event_driven_current_l2_plus_rolling_public_trades_proxy_not_exact_queue_or_fill_probability
359,trades,1783579490282,1783579490522948791,0.24147,buy,62847,62847,62848,1,0.005,104.35314,436,20870.628,31,0,0.00822,0.00822,104.35814,0.00007876721451723842529198009853,strict_trade_through_seen_but_visible_top_not_depleted,,0.002,False,outside_quality_a_b_queue_bands,110,59135,402,1,same_touch_stable_enough,real_bbo_history_touch_stability,402,1783579489880,,104.35314,,,436,,missing,no_prior_same_touch_bbo,pass,,,no_prior_same_touch_bbo,latest_l2_received_before_or_at_candidate,latest_l2_exchange_time_before_candidate,event_driven_current_l2_plus_rolling_public_trades_proxy_not_exact_queue_or_fill_probability
360,l2Book,1783579490482,1783579490860150355,0.378622,buy,62847,62847,62848,1,0.005,51.56216,139,10312.432,31,0,0.00822,0.00822,51.56716,0.0001594037755812032308934601014,strict_trade_through_seen_but_visible_top_not_depleted,,0.002,False,outside_quality_a_b_queue_bands,111,59737,0,2,same_touch_stable_enough,real_bbo_history_touch_stability,602,1783579489880,104.35314,51.56216,-52.79098,436,139,-297,reset_supported,same_touch_top_qty_or_order_count_reduced,pass,,,,latest_l2_received_before_or_at_candidate,latest_l2_exchange_time_equal_candidate,event_driven_current_l2_plus_rolling_public_trades_proxy_not_exact_queue_or_fill_probability
361,trades,1783579490684,1783579490960194291,0.276692,buy,62847,62847,62848,1,0.005,51.56216,139,10312.432,34,0.02149,0.00822,0.02971,51.56716,0.0005761418701359547432901094417,strict_trade_through_seen_but_visible_top_not_depleted,,0.002,False,outside_quality_a_b_queue_bands,111,59737,202,2,same_touch_stable_enough,real_bbo_history_touch_stability,804,1783579489880,104.35314,51.56216,-52.79098,436,139,-297,reset_supported,same_touch_top_qty_or_order_count_reduced,pass,,,,latest_l2_received_before_or_at_candidate,latest_l2_exchange_time_before_candidate,event_driven_current_l2_plus_rolling_public_trades_proxy_not_exact_queue_or_fill_probability
362,l2Book,1783579491014,1783579491397353788,0.383869,buy,62849,62849,62850,1,0.005,17.24824,87,3449.648,33,0,0.02955,0.02955,17.25324,0.001712721784430054876649255444,strict_trade_through_seen_but_visible_top_not_depleted,,0.005,False,missing_touch_freshness_or_queue_reset_evidence,111,59761,0,1,same_touch_seen_but_not_stable,real_bbo_history_insufficient,0,1783579491014,,17.24824,,,87,,missing,no_prior_same_touch_bbo,block,no_prior_same_touch_bbo,same_touch_seen_but_not_stable,no_prior_same_touch_bbo,latest_l2_received_before_or_at_candidate,latest_l2_exchange_time_equal_candidate,event_driven_current_l2_plus_rolling_public_trades_proxy_not_exact_queue_or_fill_probability
363,trades,1783579491014,1783579491398116269,0.384415,buy,62849,62849,62850,1,0.005,17.24824,87,3449.648,35,0,0.02955,0.02955,17.25324,0.001712721784430054876649255444,strict_trade_through_seen_but_visible_top_not_depleted,,0.005,False,missing_touch_freshness_or_queue_reset_evidence,111,59761,0,1,same_touch_seen_but_not_stable,real_bbo_history_insufficient,0,1783579491014,,17.24824,,,87,,missing,no_prior_same_touch_bbo,block,no_prior_same_touch_bbo,same_touch_seen_but_not_stable,no_prior_same_touch_bbo,latest_l2_received_before_or_at_candidate,latest_l2_exchange_time_equal_candidate,event_driven_current_l2_plus_rolling_public_trades_proxy_not_exact_queue_or_fill_probability
364,trades,1783579491369,1783579491614453916,0.245969,buy,62849,62849,62850,1,0.005,17.24824,87,3449.648,35,0,0.02955,0.02955,17.25324,0.001712721784430054876649255444,strict_trade_through_seen_but_visible_top_not_depleted,,0.002,False,outside_quality_a_b_queue_bands,110,59261,355,1,same_touch_stable_enough,real_bbo_history_touch_stability,355,1783579491014,,17.24824,,,87,,missing,no_prior_same_touch_bbo,pass,,,no_prior_same_touch_bbo,latest_l2_received_before_or_at_candidate,latest_l2_exchange_time_before_candidate,event_driven_current_l2_plus_rolling_public_trades_proxy_not_exact_queue_or_fill_probability
365,trades,1783579491480,1783579491706420864,0.226909,buy,62849,62849,62850,1,0.005,17.24824,87,3449.648,25,0,0.02955,0.02955,17.25324,0.001712721784430054876649255444,strict_trade_through_seen_but_visible_top_not_depleted,,0.002,False,outside_quality_a_b_queue_bands,110,59261,466,1,same_touch_stable_enough,real_bbo_history_touch_stability,466,1783579491014,,17.24824,,,87,,missing,no_prior_same_touch_bbo,pass,,,no_prior_same_touch_bbo,latest_l2_received_before_or_at_candidate,latest_l2_exchange_time_before_candidate,event_driven_current_l2_plus_rolling_public_trades_proxy_not_exact_queue_or_fill_probability
366,l2Book,1783579491538,1783579491917624729,0.380162,buy,62849,62849,62850,1,0.005,47.79277,180,9558.554,25,0,0.02955,0.02955,47.79777,0.0006182296789159829004574899624,strict_trade_through_seen_but_visible_top_not_depleted,,0.002,False,outside_quality_a_b_queue_bands,111,59785,0,2,same_touch_stable_enough,real_bbo_history_touch_stability,524,1783579491014,17.24824,47.79277,30.54453,87,180,93,not_reset,history_present_no_reset,pass,,,history_present_no_reset,latest_l2_received_before_or_at_candidate,latest_l2_exchange_time_equal_candidate,event_driven_current_l2_plus_rolling_public_trades_proxy_not_exact_queue_or_fill_probability
367,trades,1783579491972,1783579492440582308,0.469061,buy,62849,62849,62850,1,0.005,47.79277,180,9558.554,25,0,0.02149,0.02149,47.79777,0.0004496025651405912869993725649,strict_trade_through_seen_but_visible_top_not_depleted,,0.002,False,outside_quality_a_b_queue_bands,110,59244,434,2,same_touch_stable_enough,real_bbo_history_touch_stability,958,1783579491014,17.24824,47.79277,30.54453,87,180,93,not_reset,history_present_no_reset,pass,,,history_present_no_reset,latest_l2_received_before_or_at_candidate,latest_l2_exchange_time_before_candidate,event_driven_current_l2_plus_rolling_public_trades_proxy_not_exact_queue_or_fill_probability
368,l2Book,1783579492107,1783579492494439119,0.387962,buy,62849,62849,62850,1,0.005,41.63132,126,8326.264,24,0,0.02149,0.02149,41.63632,0.0005161359121075061388710625723,strict_trade_through_seen_but_visible_top_not_depleted,,0.002,False,outside_quality_a_b_queue_bands,111,59813,0,3,same_touch_stable_enough,real_bbo_history_touch_stability,1093,1783579491014,47.79277,41.63132,-6.16145,180,126,-54,reset_supported,same_touch_top_qty_or_order_count_reduced,pass,,,,latest_l2_received_before_or_at_candidate,latest_l2_exchange_time_equal_candidate,event_driven_current_l2_plus_rolling_public_trades_proxy_not_exact_queue_or_fill_probability
369,trades,1783579492107,1783579492495183099,0.388501,buy,62849,62849,62850,1,0.005,41.63132,126,8326.264,26,0.00044,0.02149,0.02193,41.63632,0.0005267036087723410714491578506,strict_trade_through_seen_but_visible_top_not_depleted,,0.002,False,outside_quality_a_b_queue_bands,111,59813,0,3,same_touch_stable_enough,real_bbo_history_touch_stability,1093,1783579491014,47.79277,41.63132,-6.16145,180,126,-54,reset_supported,same_touch_top_qty_or_order_count_reduced,pass,,,,latest_l2_received_before_or_at_candidate,latest_l2_exchange_time_equal_candidate,event_driven_current_l2_plus_rolling_public_trades_proxy_not_exact_queue_or_fill_probability
370,l2Book,1783579492709,1783579493018848709,0.310376,buy,62849,62849,62850,1,0.005,41.63676,127,8327.352,14,0.00044,0.02149,0.02193,41.64176,0.0005266348012187765358620769151,strict_trade_through_seen_but_visible_top_not_depleted,,0.002,False,outside_quality_a_b_queue_bands,111,59890,0,4,same_touch_stable_enough,real_bbo_history_touch_stability,1695,1783579491014,47.79277,41.63676,-6.15601,180,127,-53,reset_supported,same_touch_top_qty_or_order_count_reduced,pass,,,,latest_l2_received_before_or_at_candidate,latest_l2_exchange_time_equal_candidate,event_driven_current_l2_plus_rolling_public_trades_proxy_not_exact_queue_or_fill_probability
371,trades,1783579493111,1783579493381415709,0.270956,buy,62849,62849,62850,1,0.005,41.63676,127,8327.352,35,0.00112,0.02149,0.02261,41.64176,0.0005429645624968781338733041063,strict_trade_through_seen_but_visible_top_not_depleted,,0.002,False,outside_quality_a_b_queue_bands,110,59340,402,4,same_touch_stable_enough,real_bbo_history_touch_stability,2097,1783579491014,47.79277,41.63676,-6.15601,180,127,-53,reset_supported,same_touch_top_qty_or_order_count_reduced,pass,,,,latest_l2_received_before_or_at_candidate,latest_l2_exchange_time_before_candidate,event_driven_current_l2_plus_rolling_public_trades_proxy_not_exact_queue_or_fill_probability
372,l2Book,1783579493246,1783579493605759943,0.360259,buy,62857,62857,62858,1,0.005,6.59271,39,1318.542,35,0,0.02261,0.02261,6.59771,0.00342694662238867728348169289,strict_trade_through_seen_but_visible_top_not_depleted,,0.005,False,missing_touch_freshness_or_queue_reset_evidence,111,59877,0,1,same_touch_seen_but_not_stable,real_bbo_history_insufficient,0,1783579493246,,6.59271,,,39,,missing,no_prior_same_touch_bbo,block,no_prior_same_touch_bbo,same_touch_seen_but_not_stable,no_prior_same_touch_bbo,latest_l2_received_before_or_at_candidate,latest_l2_exchange_time_equal_candidate,event_driven_current_l2_plus_rolling_public_trades_proxy_not_exact_queue_or_fill_probability
373,l2Book,1783579493784,1783579494073231656,0.28975,buy,62857,62857,62858,1,0.005,4.17693,29,835.386,29,0,0.00112,0.00112,4.18193,0.0002678189257113342404105281533,strict_trade_through_seen_but_visible_top_not_depleted,,0.00028,False,outside_quality_a_b_queue_bands,111,59867,0,2,same_touch_stable_enough,real_bbo_history_touch_stability,538,1783579493246,6.59271,4.17693,-2.41578,39,29,-10,reset_supported,same_touch_top_qty_or_order_count_reduced,pass,,,,latest_l2_received_before_or_at_candidate,latest_l2_exchange_time_equal_candidate,event_driven_current_l2_plus_rolling_public_trades_proxy_not_exact_queue_or_fill_probability
374,trades,1783579493917,1783579494114036509,0.197532,buy,62857,62857,62858,1,0.005,4.17693,29,835.386,30,0.00001,0.00112,0.00113,4.18193,0.0002702101661194711532713364404,strict_trade_through_seen_but_visible_top_not_depleted,,0.00028,False,outside_quality_a_b_queue_bands,111,59867,133,2,same_touch_stable_enough,real_bbo_history_touch_stability,671,1783579493246,6.59271,4.17693,-2.41578,39,29,-10,reset_supported,same_touch_top_qty_or_order_count_reduced,pass,,,,latest_l2_received_before_or_at_candidate,latest_l2_exchange_time_before_candidate,event_driven_current_l2_plus_rolling_public_trades_proxy_not_exact_queue_or_fill_probability
375,trades,1783579494169,1783579494401348500,0.232838,buy,62857,62857,62858,1,0.005,4.17693,29,835.386,29,0.00001,0.00112,0.00113,4.18193,0.0002702101661194711532713364404,strict_trade_through_seen_but_visible_top_not_depleted,,0.00028,False,outside_quality_a_b_queue_bands,110,59346,385,2,same_touch_stable_enough,real_bbo_history_touch_stability,923,1783579493246,6.59271,4.17693,-2.41578,39,29,-10,reset_supported,same_touch_top_qty_or_order_count_reduced,pass,,,,latest_l2_received_before_or_at_candidate,latest_l2_exchange_time_before_candidate,event_driven_current_l2_plus_rolling_public_trades_proxy_not_exact_queue_or_fill_probability
376,trades,1783579494254,1783579494460218882,0.206715,buy,62857,62857,62858,1,0.005,4.17693,29,835.386,30,0.00001,0.00112,0.00113,4.18193,0.0002702101661194711532713364404,strict_trade_through_seen_but_visible_top_not_depleted,,0.00028,False,outside_quality_a_b_queue_bands,110,59346,470,2,same_touch_stable_enough,real_bbo_history_touch_stability,1008,1783579493246,6.59271,4.17693,-2.41578,39,29,-10,reset_supported,same_touch_top_qty_or_order_count_reduced,pass,,,,latest_l2_received_before_or_at_candidate,latest_l2_exchange_time_before_candidate,event_driven_current_l2_plus_rolling_public_trades_proxy_not_exact_queue_or_fill_probability
377,l2Book,1783579494319,1783579494607289874,0.28879,buy,62857,62857,62858,1,0.005,0.39933,3,79.866,30,0.00001,0.00112,0.00113,0.40433,0.002794746865184379096282739347,strict_trade_through_seen_but_visible_top_not_depleted,,0.00028,False,outside_quality_a_b_queue_bands,111,59881,0,3,same_touch_stable_enough,real_bbo_history_touch_stability,1073,1783579493246,6.59271,0.39933,-6.19338,39,3,-36,reset_supported,same_touch_top_qty_or_order_count_reduced,pass,,,,latest_l2_received_before_or_at_candidate,latest_l2_exchange_time_equal_candidate,event_driven_current_l2_plus_rolling_public_trades_proxy_not_exact_queue_or_fill_probability
378,l2Book,1783579494862,1783579495162501031,0.300999,buy,62855,62855,62856,1,0.005,0.15155,3,30.31,27,0,0.00112,0.00112,0.15655,0.007154263813478122005748961993,strict_trade_through_seen_but_visible_top_not_depleted,,0.00028,False,missing_touch_freshness_or_queue_reset_evidence,111,59863,0,1,same_touch_seen_but_not_stable,real_bbo_history_insufficient,0,1783579494862,,0.15155,,,3,,missing,no_prior_same_touch_bbo,block,no_prior_same_touch_bbo,same_touch_seen_but_not_stable,no_prior_same_touch_bbo,latest_l2_received_before_or_at_candidate,latest_l2_exchange_time_equal_candidate,event_driven_current_l2_plus_rolling_public_trades_proxy_not_exact_queue_or_fill_probability
379,l2Book,1783579495383,1783579495663342740,0.280852,buy,62855,62855,62856,1,0.005,1.6748,6,334.96,24,0,0.00068,0.00068,1.6798,0.0004048100964400523871889510656,strict_trade_through_seen_but_visible_top_not_depleted,,0.00017,False,outside_quality_a_b_queue_bands,111,59850,0,2,same_touch_stable_enough,real_bbo_history_touch_stability,521,1783579494862,0.15155,1.6748,1.52325,3,6,3,not_reset,history_present_no_reset,pass,,,history_present_no_reset,latest_l2_received_before_or_at_candidate,latest_l2_exchange_time_equal_candidate,event_driven_current_l2_plus_rolling_public_trades_proxy_not_exact_queue_or_fill_probability
380,trades,1783579495734,1783579495950003401,0.216496,buy,62855,62855,62856,1,0.005,1.6748,6,334.96,25,0,0.00068,0.00068,1.6798,0.0004048100964400523871889510656,strict_trade_through_seen_but_visible_top_not_depleted,,0.00017,False,outside_quality_a_b_queue_bands,110,59246,351,2,same_touch_stable_enough,real_bbo_history_touch_stability,872,1783579494862,0.15155,1.6748,1.52325,3,6,3,not_reset,history_present_no_reset,pass,,,history_present_no_reset,latest_l2_received_before_or_at_candidate,latest_l2_exchange_time_before_candidate,event_driven_current_l2_plus_rolling_public_trades_proxy_not_exact_queue_or_fill_probability
381,l2Book,1783579495934,1783579496219239453,0.28571,buy,62855,62855,62856,1,0.005,2.27792,11,455.584,25,0,0.00068,0.00068,2.28292,0.0002978641389098172515900688592,strict_trade_through_seen_but_visible_top_not_depleted,,0.00017,False,outside_quality_a_b_queue_bands,111,59797,0,3,same_touch_stable_enough,real_bbo_history_touch_stability,1072,1783579494862,1.6748,2.27792,0.60312,6,11,5,not_reset,history_present_no_reset,pass,,,history_present_no_reset,latest_l2_received_before_or_at_candidate,latest_l2_exchange_time_equal_candidate,event_driven_current_l2_plus_rolling_public_trades_proxy_not_exact_queue_or_fill_probability
382,trades,1783579495934,1783579496219911848,0.286246,buy,62855,62855,62856,1,0.005,2.27792,11,455.584,26,0.0054,0.00068,0.00608,2.28292,0.0026632558302524836612759098,strict_trade_through_seen_but_visible_top_not_depleted,,0.00152,False,outside_quality_a_b_queue_bands,111,59797,0,3,same_touch_stable_enough,real_bbo_history_touch_stability,1072,1783579494862,1.6748,2.27792,0.60312,6,11,5,not_reset,history_present_no_reset,pass,,,history_present_no_reset,latest_l2_received_before_or_at_candidate,latest_l2_exchange_time_equal_candidate,event_driven_current_l2_plus_rolling_public_trades_proxy_not_exact_queue_or_fill_probability
383,trades,1783579496067,1783579496306368061,0.239848,buy,62855,62855,62856,1,0.005,2.27792,11,455.584,27,0.08828,0.00068,0.08896,2.28292,0.03896763793737844514919489075,strict_trade_through_seen_but_visible_top_not_depleted,,0.002,False,outside_quality_a_b_queue_bands,111,59797,133,3,same_touch_stable_enough,real_bbo_history_touch_stability,1205,1783579494862,1.6748,2.27792,0.60312,6,11,5,not_reset,history_present_no_reset,pass,,,history_present_no_reset,latest_l2_received_before_or_at_candidate,latest_l2_exchange_time_before_candidate,event_driven_current_l2_plus_rolling_public_trades_proxy_not_exact_queue_or_fill_probability
384,l2Book,1783579496470,1783579496759298463,0.289789,buy,62855,62855,62856,1,0.005,2.17881,11,435.762,6,0.08828,0,0.08828,2.18381,0.04042476222748316016503267226,touched_quote_without_depletion,,0.005,False,missing_same_side_strict_through_support,111,59729,0,4,same_touch_stable_enough,real_bbo_history_touch_stability,1608,1783579494862,2.27792,2.17881,-0.09911,11,11,0,not_reset,history_present_no_reset,pass,,,history_present_no_reset,latest_l2_received_before_or_at_candidate,latest_l2_exchange_time_equal_candidate,event_driven_current_l2_plus_rolling_public_trades_proxy_not_exact_queue_or_fill_probability
385,l2Book,1783579497001,1783579497677263687,0.676742,buy,62855,62855,62856,1,0.005,2.1582,8,431.64,5,0.08828,0,0.08828,2.1632,0.04080991124260355029585798817,touched_quote_without_depletion,,0.005,False,missing_same_side_strict_through_support,111,59647,0,5,same_touch_stable_enough,real_bbo_history_touch_stability,2139,1783579494862,2.27792,2.1582,-0.11972,11,8,-3,reset_supported,same_touch_top_qty_or_order_count_reduced,pass,,,,latest_l2_received_before_or_at_candidate,latest_l2_exchange_time_equal_candidate,event_driven_current_l2_plus_rolling_public_trades_proxy_not_exact_queue_or_fill_probability
386,trades,1783579497205,1783579497677950728,0.473219,buy,62855,62855,62856,1,0.005,2.1582,8,431.64,5,0.089,0,0.089,2.1632,0.04114275147928994082840236686,touched_quote_without_depletion,,0.005,False,missing_same_side_strict_through_support,111,59647,204,5,same_touch_stable_enough,real_bbo_history_touch_stability,2343,1783579494862,2.27792,2.1582,-0.11972,11,8,-3,reset_supported,same_touch_top_qty_or_order_count_reduced,pass,,,,latest_l2_received_before_or_at_candidate,latest_l2_exchange_time_before_candidate,event_driven_current_l2_plus_rolling_public_trades_proxy_not_exact_queue_or_fill_probability
387,trades,1783579497482,1783579497722725045,0.241225,buy,62855,62855,62856,1,0.005,2.1582,8,431.64,6,0.16855,0,0.16855,2.1632,0.07791697485207100591715976331,touched_quote_without_depletion,,0.005,False,missing_same_side_strict_through_support,110,59122,481,5,same_touch_stable_enough,real_bbo_history_touch_stability,2620,1783579494862,2.27792,2.1582,-0.11972,11,8,-3,reset_supported,same_touch_top_qty_or_order_count_reduced,pass,,,,latest_l2_received_before_or_at_candidate,latest_l2_exchange_time_before_candidate,event_driven_current_l2_plus_rolling_public_trades_proxy_not_exact_queue_or_fill_probability
388,l2Book,1783579497544,1783579497835241443,0.291724,buy,62855,62855,62856,1,0.005,1.55009,5,310.018,6,0.16855,0,0.16855,1.55509,0.1083860098129368718209235478,touched_quote_without_depletion,,0.005,False,missing_same_side_strict_through_support,111,59665,0,6,same_touch_stable_enough,real_bbo_history_touch_stability,2682,1783579494862,2.27792,1.55009,-0.72783,11,5,-6,reset_supported,same_touch_top_qty_or_order_count_reduced,pass,,,,latest_l2_received_before_or_at_candidate,latest_l2_exchange_time_equal_candidate,event_driven_current_l2_plus_rolling_public_trades_proxy_not_exact_queue_or_fill_probability
389,trades,1783579497793,1783579498011804894,0.219281,buy,62855,62855,62856,1,0.005,1.55009,5,310.018,7,0.18446,0,0.18446,1.55509,0.1186169289237278871319344861,touched_quote_without_depletion,,0.005,False,missing_same_side_strict_through_support,111,59665,249,6,same_touch_stable_enough,real_bbo_history_touch_stability,2931,1783579494862,2.27792,1.55009,-0.72783,11,5,-6,reset_supported,same_touch_top_qty_or_order_count_reduced,pass,,,,latest_l2_received_before_or_at_candidate,latest_l2_exchange_time_before_candidate,event_driven_current_l2_plus_rolling_public_trades_proxy_not_exact_queue_or_fill_probability
390,l2Book,1783579498079,1783579498360218217,0.28174,buy,62855,62855,62856,1,0.005,1.25937,4,251.874,7,0.18446,0,0.18446,1.26437,0.1458908389158236908499885318,touched_quote_without_depletion,,0.005,False,missing_same_side_strict_through_support,111,59651,0,7,same_touch_stable_enough,real_bbo_history_touch_stability,3217,1783579494862,2.27792,1.25937,-1.01855,11,4,-7,reset_supported,same_touch_top_qty_or_order_count_reduced,pass,,,,latest_l2_received_before_or_at_candidate,latest_l2_exchange_time_equal_candidate,event_driven_current_l2_plus_rolling_public_trades_proxy_not_exact_queue_or_fill_probability
391,l2Book,1783579498601,1783579498967666343,0.367167,buy,62855,62855,62856,1,0.005,0.00379,2,0.758,7,0.18446,0,0.18446,0.00879,20.9852104664391353811149033,depleted_top_plus_order_proxy,,0.005,False,missing_same_side_strict_through_support,111,59631,0,8,same_touch_stable_enough,real_bbo_history_touch_stability,3739,1783579494862,2.27792,0.00379,-2.27413,11,2,-9,reset_supported,same_touch_top_qty_or_order_count_reduced,pass,,,,latest_l2_received_before_or_at_candidate,latest_l2_exchange_time_equal_candidate,event_driven_current_l2_plus_rolling_public_trades_proxy_not_exact_queue_or_fill_probability
392,trades,1783579499085,1783579499293210095,0.208693,buy,62855,62855,62856,1,0.005,0.00379,2,0.758,5,0.09797,0,0.09797,0.00879,11.14562002275312855517633675,depleted_top_plus_order_proxy,,0.005,False,missing_same_side_strict_through_support,110,59104,484,8,same_touch_stable_enough,real_bbo_history_touch_stability,4223,1783579494862,2.27792,0.00379,-2.27413,11,2,-9,reset_supported,same_touch_top_qty_or_order_count_reduced,pass,,,,latest_l2_received_before_or_at_candidate,latest_l2_exchange_time_before_candidate,event_driven_current_l2_plus_rolling_public_trades_proxy_not_exact_queue_or_fill_probability
393,l2Book,1783579499157,1783579499456836245,0.300316,buy,62854,62854,62855,1,0.005,0.01429,2,2.858,5,0,0,0,0.01929,0,not_depleted,,0.0,False,missing_same_side_strict_through_support;missing_touch_freshness_or_queue_reset_evidence;missing_recent_same_side_at_or_through_throughput,111,59660,0,1,same_touch_seen_but_not_stable,real_bbo_history_insufficient,0,1783579499157,,0.01429,,,2,,missing,no_prior_same_touch_bbo,block,no_prior_same_touch_bbo,same_touch_seen_but_not_stable,no_prior_same_touch_bbo,latest_l2_received_before_or_at_candidate,latest_l2_exchange_time_equal_candidate,event_driven_current_l2_plus_rolling_public_trades_proxy_not_exact_queue_or_fill_probability
394,l2Book,1783579499690,1783579500030547916,0.341004,buy,62854,62854,62855,1,0.005,7.21062,20,1442.124,5,0,0,0,7.21562,0,not_depleted,,0.0,False,missing_same_side_strict_through_support;missing_recent_same_side_at_or_through_throughput,111,59643,0,2,same_touch_stable_enough,real_bbo_history_touch_stability,533,1783579499157,0.01429,7.21062,7.19633,2,20,18,not_reset,history_present_no_reset,pass,,,history_present_no_reset,latest_l2_received_before_or_at_candidate,latest_l2_exchange_time_equal_candidate,event_driven_current_l2_plus_rolling_public_trades_proxy_not_exact_queue_or_fill_probability
395,l2Book,1783579500222,1783579500551558692,0.330053,buy,62854,62854,62855,1,0.005,1.49867,9,299.734,4,0,0,0,1.50367,0,not_depleted,,0.0,False,missing_same_side_strict_through_support;missing_recent_same_side_at_or_through_throughput,111,59592,0,3,same_touch_stable_enough,real_bbo_history_touch_stability,1065,1783579499157,7.21062,1.49867,-5.71195,20,9,-11,reset_supported,same_touch_top_qty_or_order_count_reduced,pass,,,,latest_l2_received_before_or_at_candidate,latest_l2_exchange_time_equal_candidate,event_driven_current_l2_plus_rolling_public_trades_proxy_not_exact_queue_or_fill_probability
396,trades,1783579500677,1783579500938569447,0.262035,buy,62854,62854,62855,1,0.005,1.49867,9,299.734,3,0,0,0,1.50367,0,not_depleted,,0.0,False,missing_same_side_strict_through_support;missing_recent_same_side_at_or_through_throughput,110,59106,455,3,same_touch_stable_enough,real_bbo_history_touch_stability,1520,1783579499157,7.21062,1.49867,-5.71195,20,9,-11,reset_supported,same_touch_top_qty_or_order_count_reduced,pass,,,,latest_l2_received_before_or_at_candidate,latest_l2_exchange_time_before_candidate,event_driven_current_l2_plus_rolling_public_trades_proxy_not_exact_queue_or_fill_probability
397,l2Book,1783579500800,1783579501178476676,0.378973,buy,62854,62854,62855,1,0.005,0.00649,4,1.298,2,0,0,0,0.01149,0,not_depleted,,0.0,False,missing_same_side_strict_through_support;missing_recent_same_side_at_or_through_throughput,111,59684,0,4,same_touch_stable_enough,real_bbo_history_touch_stability,1643,1783579499157,7.21062,0.00649,-7.20413,20,4,-16,reset_supported,same_touch_top_qty_or_order_count_reduced,pass,,,,latest_l2_received_before_or_at_candidate,latest_l2_exchange_time_equal_candidate,event_driven_current_l2_plus_rolling_public_trades_proxy_not_exact_queue_or_fill_probability
398,trades,1783579501076,1783579501368780277,0.293316,buy,62854,62854,62855,1,0.005,0.00649,4,1.298,29,0.00567,0.12325,0.12892,0.01149,11.22019147084421235857267189,depleted_top_plus_order_proxy,quality_a,0.005,True,,111,59684,276,4,same_touch_stable_enough,real_bbo_history_touch_stability,1919,1783579499157,7.21062,0.00649,-7.20413,20,4,-16,reset_supported,same_touch_top_qty_or_order_count_reduced,pass,,,,latest_l2_received_before_or_at_candidate,latest_l2_exchange_time_before_candidate,event_driven_current_l2_plus_rolling_public_trades_proxy_not_exact_queue_or_fill_probability
399,trades,1783579501604,1783579501839178479,0.235725,buy,62841,62841,62842,1,0.005,1.08989,3,217.978,30,0,0,0,1.09489,0,not_depleted,,0.0,False,missing_same_side_strict_through_support;missing_recent_same_side_at_or_through_throughput,111,59692,271,1,same_touch_stable_enough,real_bbo_history_touch_stability,271,1783579501333,,1.08989,,,3,,missing,no_prior_same_touch_bbo,pass,,,no_prior_same_touch_bbo,latest_l2_received_before_or_at_candidate,latest_l2_exchange_time_before_candidate,event_driven_current_l2_plus_rolling_public_trades_proxy_not_exact_queue_or_fill_probability
400,trades,1783579501822,1783579502134230889,0.312712,buy,62841,62841,62842,1,0.005,1.08989,3,217.978,31,0.007,0,0.007,1.09489,0.006393336316890281215464567217,touched_quote_without_depletion,,0.00175,False,missing_same_side_strict_through_support,110,59149,489,1,same_touch_stable_enough,real_bbo_history_touch_stability,489,1783579501333,,1.08989,,,3,,missing,no_prior_same_touch_bbo,pass,,,no_prior_same_touch_bbo,latest_l2_received_before_or_at_candidate,latest_l2_exchange_time_before_candidate,event_driven_current_l2_plus_rolling_public_trades_proxy_not_exact_queue_or_fill_probability
401,l2Book,1783579501886,1783579502202011700,0.316539,buy,62841,62841,62842,1,0.005,2.30674,10,461.348,31,0.007,0,0.007,2.31174,0.003028022182425359253203214894,touched_quote_without_depletion,,0.00175,False,missing_same_side_strict_through_support,111,59702,0,2,same_touch_stable_enough,real_bbo_history_touch_stability,553,1783579501333,1.08989,2.30674,1.21685,3,10,7,not_reset,history_present_no_reset,pass,,,history_present_no_reset,latest_l2_received_before_or_at_candidate,latest_l2_exchange_time_equal_candidate,event_driven_current_l2_plus_rolling_public_trades_proxy_not_exact_queue_or_fill_probability
402,trades,1783579502018,1783579502598612398,0.5811,buy,62841,62841,62842,1,0.005,2.30674,10,461.348,34,0.04033,0,0.04033,2.31174,0.01744573351674496266881223667,touched_quote_without_depletion,,0.005,False,missing_same_side_strict_through_support,111,59702,132,2,same_touch_stable_enough,real_bbo_history_touch_stability,685,1783579501333,1.08989,2.30674,1.21685,3,10,7,not_reset,history_present_no_reset,pass,,,history_present_no_reset,latest_l2_received_before_or_at_candidate,latest_l2_exchange_time_before_candidate,event_driven_current_l2_plus_rolling_public_trades_proxy_not_exact_queue_or_fill_probability
403,trades,1783579502271,1783579502599327102,0.328655,buy,62841,62841,62842,1,0.005,2.30674,10,461.348,34,0.04052,0,0.04052,2.31174,0.01752792269026793670568489536,touched_quote_without_depletion,,0.005,False,missing_same_side_strict_through_support,110,59192,385,2,same_touch_stable_enough,real_bbo_history_touch_stability,938,1783579501333,1.08989,2.30674,1.21685,3,10,7,not_reset,history_present_no_reset,pass,,,history_present_no_reset,latest_l2_received_before_or_at_candidate,latest_l2_exchange_time_before_candidate,event_driven_current_l2_plus_rolling_public_trades_proxy_not_exact_queue_or_fill_probability
404,l2Book,1783579502442,1783579502769354012,0.327886,buy,62841,62841,62842,1,0.005,5.13703,23,1027.406,34,0.04052,0,0.04052,5.14203,0.007880156280690699976468437563,touched_quote_without_depletion,,0.005,False,missing_same_side_strict_through_support,111,59748,0,3,same_touch_stable_enough,real_bbo_history_touch_stability,1109,1783579501333,2.30674,5.13703,2.83029,10,23,13,not_reset,history_present_no_reset,pass,,,history_present_no_reset,latest_l2_received_before_or_at_candidate,latest_l2_exchange_time_equal_candidate,event_driven_current_l2_plus_rolling_public_trades_proxy_not_exact_queue_or_fill_probability
405,trades,1783579502508,1783579502800115379,0.292659,buy,62841,62841,62842,1,0.005,5.13703,23,1027.406,36,0.05707,0,0.05707,5.14203,0.01109872949010410285432018094,touched_quote_without_depletion,,0.005,False,missing_same_side_strict_through_support,111,59748,66,3,same_touch_stable_enough,real_bbo_history_touch_stability,1175,1783579501333,2.30674,5.13703,2.83029,10,23,13,not_reset,history_present_no_reset,pass,,,history_present_no_reset,latest_l2_received_before_or_at_candidate,latest_l2_exchange_time_before_candidate,event_driven_current_l2_plus_rolling_public_trades_proxy_not_exact_queue_or_fill_probability
406,l2Book,1783579502973,1783579503301422379,0.328966,buy,62841,62841,62842,1,0.005,6.45693,21,1291.386,36,0.05707,0,0.05707,6.46193,0.008831726744177049271657229342,touched_quote_without_depletion,,0.005,False,missing_same_side_strict_through_support,111,59730,0,4,same_touch_stable_enough,real_bbo_history_touch_stability,1640,1783579501333,5.13703,6.45693,1.3199,23,21,-2,reset_supported,same_touch_top_qty_or_order_count_reduced,pass,,,,latest_l2_received_before_or_at_candidate,latest_l2_exchange_time_equal_candidate,event_driven_current_l2_plus_rolling_public_trades_proxy_not_exact_queue_or_fill_probability
407,trades,1783579502973,1783579503302437713,0.329765,buy,62841,62841,62842,1,0.005,6.45693,21,1291.386,46,2.14573,0,2.14573,6.46193,0.3320571408232524957713871862,touched_quote_without_depletion,,0.005,False,missing_same_side_strict_through_support,111,59730,0,4,same_touch_stable_enough,real_bbo_history_touch_stability,1640,1783579501333,5.13703,6.45693,1.3199,23,21,-2,reset_supported,same_touch_top_qty_or_order_count_reduced,pass,,,,latest_l2_received_before_or_at_candidate,latest_l2_exchange_time_equal_candidate,event_driven_current_l2_plus_rolling_public_trades_proxy_not_exact_queue_or_fill_probability
408,trades,1783579503039,1783579503341598987,0.30312,buy,62841,62841,62842,1,0.005,6.45693,21,1291.386,48,2.14635,0,2.14635,6.46193,0.3321530873902998020715173331,touched_quote_without_depletion,,0.005,False,missing_same_side_strict_through_support,111,59730,66,4,same_touch_stable_enough,real_bbo_history_touch_stability,1706,1783579501333,5.13703,6.45693,1.3199,23,21,-2,reset_supported,same_touch_top_qty_or_order_count_reduced,pass,,,,latest_l2_received_before_or_at_candidate,latest_l2_exchange_time_before_candidate,event_driven_current_l2_plus_rolling_public_trades_proxy_not_exact_queue_or_fill_probability
409,trades,1783579503239,1783579503458994055,0.220525,buy,62841,62841,62842,1,0.005,6.45693,21,1291.386,49,2.14635,0,2.14635,6.46193,0.3321530873902998020715173331,touched_quote_without_depletion,,0.005,False,missing_same_side_strict_through_support,111,59730,266,4,same_touch_stable_enough,real_bbo_history_touch_stability,1906,1783579501333,5.13703,6.45693,1.3199,23,21,-2,reset_supported,same_touch_top_qty_or_order_count_reduced,pass,,,,latest_l2_received_before_or_at_candidate,latest_l2_exchange_time_before_candidate,event_driven_current_l2_plus_rolling_public_trades_proxy_not_exact_queue_or_fill_probability
410,l2Book,1783579503511,1783579503805324169,0.294891,buy,62841,62841,62842,1,0.005,3.94724,21,789.448,49,2.14635,0,2.14635,3.95224,0.5430717770175900248972734449,touched_quote_without_depletion,,0.005,False,missing_same_side_strict_through_support,111,59710,0,5,same_touch_stable_enough,real_bbo_history_touch_stability,2178,1783579501333,6.45693,3.94724,-2.50969,23,21,-2,reset_supported,same_touch_top_qty_or_order_count_reduced,pass,,,,latest_l2_received_before_or_at_candidate,latest_l2_exchange_time_equal_candidate,event_driven_current_l2_plus_rolling_public_trades_proxy_not_exact_queue_or_fill_probability
411,l2Book,1783579504049,1783579504491854535,0.443416,buy,62841,62841,62842,1,0.005,0.00017,1,0.034,48,2.14635,0,2.14635,0.00517,415.1547388781431334622823985,depleted_top_plus_order_proxy,,0.005,False,missing_same_side_strict_through_support,111,59747,0,6,same_touch_stable_enough,real_bbo_history_touch_stability,2716,1783579501333,6.45693,0.00017,-6.45676,23,1,-22,reset_supported,same_touch_top_qty_or_order_count_reduced,pass,,,,latest_l2_received_before_or_at_candidate,latest_l2_exchange_time_equal_candidate,event_driven_current_l2_plus_rolling_public_trades_proxy_not_exact_queue_or_fill_probability
412,trades,1783579504317,1783579504555287987,0.238811,buy,62841,62841,62842,1,0.005,0.00017,1,0.034,30,2.14652,0.05583,2.20235,0.00517,425.9864603481624758220502901,depleted_top_plus_order_proxy,quality_a,0.005,True,,110,59242,268,6,same_touch_stable_enough,real_bbo_history_touch_stability,2984,1783579501333,6.45693,0.00017,-6.45676,23,1,-22,reset_supported,same_touch_top_qty_or_order_count_reduced,pass,,,,latest_l2_received_before_or_at_candidate,latest_l2_exchange_time_before_candidate,event_driven_current_l2_plus_rolling_public_trades_proxy_not_exact_queue_or_fill_probability
413,l2Book,1783579505148,1783579505505814011,0.35838,buy,62835,62835,62836,1,0.005,4.17448,25,834.896,26,0.05464,0,0.05464,4.17948,0.01307339669049738244949132428,touched_quote_without_depletion,,0.005,False,missing_same_side_strict_through_support,111,59806,0,2,same_touch_stable_enough,real_bbo_history_touch_stability,552,1783579504596,0.33752,4.17448,3.83696,7,25,18,not_reset,history_present_no_reset,pass,,,history_present_no_reset,latest_l2_received_before_or_at_candidate,latest_l2_exchange_time_equal_candidate,event_driven_current_l2_plus_rolling_public_trades_proxy_not_exact_queue_or_fill_probability
414,trades,1783579505148,1783579505506579695,0.358877,buy,62835,62835,62836,1,0.005,4.17448,25,834.896,27,0.05464,0,0.05464,4.17948,0.01307339669049738244949132428,touched_quote_without_depletion,,0.005,False,missing_same_side_strict_through_support,111,59806,0,2,same_touch_stable_enough,real_bbo_history_touch_stability,552,1783579504596,0.33752,4.17448,3.83696,7,25,18,not_reset,history_present_no_reset,pass,,,history_present_no_reset,latest_l2_received_before_or_at_candidate,latest_l2_exchange_time_equal_candidate,event_driven_current_l2_plus_rolling_public_trades_proxy_not_exact_queue_or_fill_probability
415,trades,1783579505282,1783579505506991842,0.225305,buy,62835,62835,62836,1,0.005,4.17448,25,834.896,27,0.05464,0,0.05464,4.17948,0.01307339669049738244949132428,touched_quote_without_depletion,,0.005,False,missing_same_side_strict_through_support,111,59806,134,2,same_touch_stable_enough,real_bbo_history_touch_stability,686,1783579504596,0.33752,4.17448,3.83696,7,25,18,not_reset,history_present_no_reset,pass,,,history_present_no_reset,latest_l2_received_before_or_at_candidate,latest_l2_exchange_time_before_candidate,event_driven_current_l2_plus_rolling_public_trades_proxy_not_exact_queue_or_fill_probability
416,l2Book,1783579505684,1783579506011495033,0.328017,buy,62835,62835,62836,1,0.005,4.77805,31,955.61,25,0.05464,0,0.05464,4.78305,0.01142367317924755124868023541,touched_quote_without_depletion,,0.005,False,missing_same_side_strict_through_support,111,59804,0,3,same_touch_stable_enough,real_bbo_history_touch_stability,1088,1783579504596,4.17448,4.77805,0.60357,25,31,6,not_reset,history_present_no_reset,pass,,,history_present_no_reset,latest_l2_received_before_or_at_candidate,latest_l2_exchange_time_equal_candidate,event_driven_current_l2_plus_rolling_public_trades_proxy_not_exact_queue_or_fill_probability
417,trades,1783579506011,1783579506255145976,0.244679,buy,62835,62835,62836,1,0.005,4.77805,31,955.61,17,0.05464,0,0.05464,4.78305,0.01142367317924755124868023541,touched_quote_without_depletion,,0.005,False,missing_same_side_strict_through_support,110,59245,327,3,same_touch_stable_enough,real_bbo_history_touch_stability,1415,1783579504596,4.17448,4.77805,0.60357,25,31,6,not_reset,history_present_no_reset,pass,,,history_present_no_reset,latest_l2_received_before_or_at_candidate,latest_l2_exchange_time_before_candidate,event_driven_current_l2_plus_rolling_public_trades_proxy_not_exact_queue_or_fill_probability
418,l2Book,1783579506212,1783579506538900906,0.327425,buy,62835,62835,62836,1,0.005,5.16991,30,1033.982,15,0.05464,0,0.05464,5.17491,0.01055863773476253693300946297,touched_quote_without_depletion,,0.005,False,missing_same_side_strict_through_support,111,59773,0,4,same_touch_stable_enough,real_bbo_history_touch_stability,1616,1783579504596,4.77805,5.16991,0.39186,31,30,-1,reset_supported,same_touch_top_qty_or_order_count_reduced,pass,,,,latest_l2_received_before_or_at_candidate,latest_l2_exchange_time_equal_candidate,event_driven_current_l2_plus_rolling_public_trades_proxy_not_exact_queue_or_fill_probability
419,l2Book,1783579506755,1783579507081175193,0.326644,buy,62835,62835,62836,1,0.005,14.19449,47,2838.898,14,0.05464,0,0.05464,14.19949,0.003848025527677402498258740279,touched_quote_without_depletion,,0.005,False,missing_same_side_strict_through_support,111,59807,0,5,same_touch_stable_enough,real_bbo_history_touch_stability,2159,1783579504596,5.16991,14.19449,9.02458,31,47,16,not_reset,history_present_no_reset,pass,,,history_present_no_reset,latest_l2_received_before_or_at_candidate,latest_l2_exchange_time_equal_candidate,event_driven_current_l2_plus_rolling_public_trades_proxy_not_exact_queue_or_fill_probability
420,trades,1783579506934,1783579507168703935,0.235202,buy,62835,62835,62836,1,0.005,14.19449,47,2838.898,15,0.0548,0,0.0548,14.19949,0.003859293538007350968239000133,touched_quote_without_depletion,,0.005,False,missing_same_side_strict_through_support,111,59807,179,5,same_touch_stable_enough,real_bbo_history_touch_stability,2338,1783579504596,5.16991,14.19449,9.02458,31,47,16,not_reset,history_present_no_reset,pass,,,history_present_no_reset,latest_l2_received_before_or_at_candidate,latest_l2_exchange_time_before_candidate,event_driven_current_l2_plus_rolling_public_trades_proxy_not_exact_queue_or_fill_probability
421,trades,1783579507091,1783579507622572483,0.532397,buy,62835,62835,62836,1,0.005,14.19449,47,2838.898,16,0.06019,0,0.06019,14.19949,0.004238884635997490050699003978,touched_quote_without_depletion,,0.005,False,missing_same_side_strict_through_support,110,59255,336,5,same_touch_stable_enough,real_bbo_history_touch_stability,2495,1783579504596,5.16991,14.19449,9.02458,31,47,16,not_reset,history_present_no_reset,pass,,,history_present_no_reset,latest_l2_received_before_or_at_candidate,latest_l2_exchange_time_before_candidate,event_driven_current_l2_plus_rolling_public_trades_proxy_not_exact_queue_or_fill_probability
422,l2Book,1783579507279,1783579507705126569,0.426621,buy,62835,62835,62836,1,0.005,16.04728,51,3209.456,16,0.06019,0,0.06019,16.05228,0.003749623106499512841789452962,touched_quote_without_depletion,,0.005,False,missing_same_side_strict_through_support,111,59779,0,6,same_touch_stable_enough,real_bbo_history_touch_stability,2683,1783579504596,14.19449,16.04728,1.85279,47,51,4,not_reset,history_present_no_reset,pass,,,history_present_no_reset,latest_l2_received_before_or_at_candidate,latest_l2_exchange_time_equal_candidate,event_driven_current_l2_plus_rolling_public_trades_proxy_not_exact_queue_or_fill_probability
423,l2Book,1783579507830,1783579508118388200,0.28889,buy,62835,62835,62836,1,0.005,22.95686,66,4591.372,6,0.00555,0,0.00555,22.96186,0.0002417051580316228737567427029,touched_quote_without_depletion,,0.00138,False,missing_same_side_strict_through_support,111,59798,0,7,same_touch_stable_enough,real_bbo_history_touch_stability,3234,1783579504596,16.04728,22.95686,6.90958,51,66,15,not_reset,history_present_no_reset,pass,,,history_present_no_reset,latest_l2_received_before_or_at_candidate,latest_l2_exchange_time_equal_candidate,event_driven_current_l2_plus_rolling_public_trades_proxy_not_exact_queue_or_fill_probability
424,trades,1783579507903,1783579508140898971,0.238389,buy,62835,62835,62836,1,0.005,22.95686,66,4591.372,7,0.03049,0,0.03049,22.96186,0.001327854102411564219971727029,touched_quote_without_depletion,,0.005,False,missing_same_side_strict_through_support,111,59798,73,7,same_touch_stable_enough,real_bbo_history_touch_stability,3307,1783579504596,16.04728,22.95686,6.90958,51,66,15,not_reset,history_present_no_reset,pass,,,history_present_no_reset,latest_l2_received_before_or_at_candidate,latest_l2_exchange_time_before_candidate,event_driven_current_l2_plus_rolling_public_trades_proxy_not_exact_queue_or_fill_probability
425,trades,1783579507970,1783579508208108614,0.238584,buy,62835,62835,62836,1,0.005,22.95686,66,4591.372,9,0.03049,0,0.03049,22.96186,0.001327854102411564219971727029,touched_quote_without_depletion,,0.005,False,missing_same_side_strict_through_support,111,59798,140,7,same_touch_stable_enough,real_bbo_history_touch_stability,3374,1783579504596,16.04728,22.95686,6.90958,51,66,15,not_reset,history_present_no_reset,pass,,,history_present_no_reset,latest_l2_received_before_or_at_candidate,latest_l2_exchange_time_before_candidate,event_driven_current_l2_plus_rolling_public_trades_proxy_not_exact_queue_or_fill_probability
426,trades,1783579508033,1783579508324645232,0.292122,buy,62835,62835,62836,1,0.005,22.95686,66,4591.372,11,0.03119,0,0.03119,22.96186,0.001358339437658795933778883766,touched_quote_without_depletion,,0.005,False,missing_same_side_strict_through_support,110,59249,203,7,same_touch_stable_enough,real_bbo_history_touch_stability,3437,1783579504596,16.04728,22.95686,6.90958,51,66,15,not_reset,history_present_no_reset,pass,,,history_present_no_reset,latest_l2_received_before_or_at_candidate,latest_l2_exchange_time_before_candidate,event_driven_current_l2_plus_rolling_public_trades_proxy_not_exact_queue_or_fill_probability
427,trades,1783579508304,1783579508555457691,0.251982,buy,62835,62835,62836,1,0.005,22.95686,66,4591.372,30,0.03119,0,0.03119,22.96186,0.001358339437658795933778883766,touched_quote_without_depletion,,0.005,False,missing_same_side_strict_through_support,110,59249,474,7,same_touch_stable_enough,real_bbo_history_touch_stability,3708,1783579504596,16.04728,22.95686,6.90958,51,66,15,not_reset,history_present_no_reset,pass,,,history_present_no_reset,latest_l2_received_before_or_at_candidate,latest_l2_exchange_time_before_candidate,event_driven_current_l2_plus_rolling_public_trades_proxy_not_exact_queue_or_fill_probability
428,l2Book,1783579508370,1783579508695389595,0.325882,buy,62847,62847,62848,1,0.005,4.23157,3,846.314,30,0,0.03119,0.03119,4.23657,0.007362087726627908898000033046,strict_trade_through_seen_but_visible_top_not_depleted,,0.005,False,missing_touch_freshness_or_queue_reset_evidence,111,59789,0,1,same_touch_seen_but_not_stable,real_bbo_history_insufficient,0,1783579508370,,4.23157,,,3,,missing,no_prior_same_touch_bbo,block,no_prior_same_touch_bbo,same_touch_seen_but_not_stable,no_prior_same_touch_bbo,latest_l2_received_before_or_at_candidate,latest_l2_exchange_time_equal_candidate,event_driven_current_l2_plus_rolling_public_trades_proxy_not_exact_queue_or_fill_probability
429,l2Book,1783579508894,1783579509217028027,0.323537,buy,62848,62848,62849,1,0.005,16.44769,104,3289.538,30,0,0.03119,0.03119,16.45269,0.001895738629974794395323804193,strict_trade_through_seen_but_visible_top_not_depleted,,0.005,False,missing_touch_freshness_or_queue_reset_evidence,111,59779,0,1,same_touch_seen_but_not_stable,real_bbo_history_insufficient,0,1783579508894,,16.44769,,,104,,missing,no_prior_same_touch_bbo,block,no_prior_same_touch_bbo,same_touch_seen_but_not_stable,no_prior_same_touch_bbo,latest_l2_received_before_or_at_candidate,latest_l2_exchange_time_equal_candidate,event_driven_current_l2_plus_rolling_public_trades_proxy_not_exact_queue_or_fill_probability
430,trades,1783579509311,1783579509581813792,0.271297,buy,62848,62848,62849,1,0.005,16.44769,104,3289.538,30,0.00238,0.03119,0.03357,16.45269,0.002040395825849754660180189379,strict_trade_through_seen_but_visible_top_not_depleted,,0.002,False,outside_quality_a_b_queue_bands,110,59233,417,1,same_touch_stable_enough,real_bbo_history_touch_stability,417,1783579508894,,16.44769,,,104,,missing,no_prior_same_touch_bbo,pass,,,no_prior_same_touch_bbo,latest_l2_received_before_or_at_candidate,latest_l2_exchange_time_before_candidate,event_driven_current_l2_plus_rolling_public_trades_proxy_not_exact_queue_or_fill_probability
431,l2Book,1783579509450,1783579509791967764,0.342485,buy,62848,62848,62849,1,0.005,18.39166,73,3678.332,30,0.00238,0.03119,0.03357,18.39666,0.001824787760386939803203407575,strict_trade_through_seen_but_visible_top_not_depleted,,0.002,False,outside_quality_a_b_queue_bands,111,59789,0,2,same_touch_stable_enough,real_bbo_history_touch_stability,556,1783579508894,16.44769,18.39166,1.94397,104,73,-31,reset_supported,same_touch_top_qty_or_order_count_reduced,pass,,,,latest_l2_received_before_or_at_candidate,latest_l2_exchange_time_equal_candidate,event_driven_current_l2_plus_rolling_public_trades_proxy_not_exact_queue_or_fill_probability
432,l2Book,1783579509996,1783579510316918449,0.321433,buy,62848,62848,62849,1,0.005,16.80569,66,3361.138,29,0.00238,0.03103,0.03341,16.81069,0.001987425858189045184938869255,strict_trade_through_seen_but_visible_top_not_depleted,,0.002,False,outside_quality_a_b_queue_bands,111,59795,0,3,same_touch_stable_enough,real_bbo_history_touch_stability,1102,1783579508894,18.39166,16.80569,-1.58597,104,66,-38,reset_supported,same_touch_top_qty_or_order_count_reduced,pass,,,,latest_l2_received_before_or_at_candidate,latest_l2_exchange_time_equal_candidate,event_driven_current_l2_plus_rolling_public_trades_proxy_not_exact_queue_or_fill_probability
433,trades,1783579510462,1783579510668624783,0.207133,buy,62848,62848,62849,1,0.005,16.80569,66,3361.138,29,0.00667,0.02564,0.03231,16.81069,0.001921991304342653394952854404,strict_trade_through_seen_but_visible_top_not_depleted,,0.002,False,outside_quality_a_b_queue_bands,110,59253,466,3,same_touch_stable_enough,real_bbo_history_touch_stability,1568,1783579508894,18.39166,16.80569,-1.58597,104,66,-38,reset_supported,same_touch_top_qty_or_order_count_reduced,pass,,,,latest_l2_received_before_or_at_candidate,latest_l2_exchange_time_before_candidate,event_driven_current_l2_plus_rolling_public_trades_proxy_not_exact_queue_or_fill_probability
434,l2Book,1783579510512,1783579510792856563,0.28135,buy,62848,62848,62849,1,0.005,16.25105,66,3250.21,29,0.00667,0.02564,0.03231,16.25605,0.001987567705561929250955797995,strict_trade_through_seen_but_visible_top_not_depleted,,0.002,False,outside_quality_a_b_queue_bands,111,59769,0,4,same_touch_stable_enough,real_bbo_history_touch_stability,1618,1783579508894,18.39166,16.25105,-2.14061,104,66,-38,reset_supported,same_touch_top_qty_or_order_count_reduced,pass,,,,latest_l2_received_before_or_at_candidate,latest_l2_exchange_time_equal_candidate,event_driven_current_l2_plus_rolling_public_trades_proxy_not_exact_queue_or_fill_probability
435,trades,1783579511000,1783579511238015148,0.238494,buy,62848,62848,62849,1,0.005,16.25105,66,3250.21,27,0.00701,0.0007,0.00771,16.25605,0.0004742849585231344637842526321,strict_trade_through_seen_but_visible_top_not_depleted,,0.00192,False,outside_quality_a_b_queue_bands,110,59241,488,4,same_touch_stable_enough,real_bbo_history_touch_stability,2106,1783579508894,18.39166,16.25105,-2.14061,104,66,-38,reset_supported,same_touch_top_qty_or_order_count_reduced,pass,,,,latest_l2_received_before_or_at_candidate,latest_l2_exchange_time_before_candidate,event_driven_current_l2_plus_rolling_public_trades_proxy_not_exact_queue_or_fill_probability
436,l2Book,1783579511068,1783579511355857137,0.288312,buy,62848,62848,62849,1,0.005,11.98612,63,2397.224,25,0.00701,0,0.00701,11.99112,0.0005845992701265603213044319463,touched_quote_without_depletion,,0.00175,False,missing_same_side_strict_through_support,111,59797,0,5,same_touch_stable_enough,real_bbo_history_touch_stability,2174,1783579508894,18.39166,11.98612,-6.40554,104,63,-41,reset_supported,same_touch_top_qty_or_order_count_reduced,pass,,,,latest_l2_received_before_or_at_candidate,latest_l2_exchange_time_equal_candidate,event_driven_current_l2_plus_rolling_public_trades_proxy_not_exact_queue_or_fill_probability
437,l2Book,1783579511601,1783579511877024495,0.276506,buy,62848,62848,62849,1,0.005,11.21602,51,2243.204,4,0.00701,0,0.00701,11.22102,0.0006247203908379095661535225853,touched_quote_without_depletion,,0.00175,False,missing_same_side_strict_through_support,111,59786,0,6,same_touch_stable_enough,real_bbo_history_touch_stability,2707,1783579508894,18.39166,11.21602,-7.17564,104,51,-53,reset_supported,same_touch_top_qty_or_order_count_reduced,pass,,,,latest_l2_received_before_or_at_candidate,latest_l2_exchange_time_equal_candidate,event_driven_current_l2_plus_rolling_public_trades_proxy_not_exact_queue_or_fill_probability
438,trades,1783579511671,1783579511899775165,0.229244,buy,62848,62848,62849,1,0.005,11.21602,51,2243.204,6,0.00701,0,0.00701,11.22102,0.0006247203908379095661535225853,touched_quote_without_depletion,,0.00175,False,missing_same_side_strict_through_support,111,59786,70,6,same_touch_stable_enough,real_bbo_history_touch_stability,2777,1783579508894,18.39166,11.21602,-7.17564,104,51,-53,reset_supported,same_touch_top_qty_or_order_count_reduced,pass,,,,latest_l2_received_before_or_at_candidate,latest_l2_exchange_time_before_candidate,event_driven_current_l2_plus_rolling_public_trades_proxy_not_exact_queue_or_fill_probability
439,l2Book,1783579512139,1783579512868577431,0.73006,buy,62848,62848,62849,1,0.005,13.44564,52,2689.128,6,0.00701,0,0.00701,13.45064,0.0005211647921585887362980497582,touched_quote_without_depletion,,0.00175,False,missing_same_side_strict_through_support,111,59787,0,7,same_touch_stable_enough,real_bbo_history_touch_stability,3245,1783579508894,18.39166,13.44564,-4.94602,104,52,-52,reset_supported,same_touch_top_qty_or_order_count_reduced,pass,,,,latest_l2_received_before_or_at_candidate,latest_l2_exchange_time_equal_candidate,event_driven_current_l2_plus_rolling_public_trades_proxy_not_exact_queue_or_fill_probability
440,l2Book,1783579512664,1783579513012264288,0.348877,buy,62848,62848,62849,1,0.005,15.3986,55,3079.72,4,0.00463,0,0.00463,15.4036,0.0003005790854086057804669038407,touched_quote_without_depletion,,0.00115,False,missing_same_side_strict_through_support,111,59775,0,8,same_touch_stable_enough,real_bbo_history_touch_stability,3770,1783579508894,18.39166,15.3986,-2.99306,104,55,-49,reset_supported,same_touch_top_qty_or_order_count_reduced,pass,,,,latest_l2_received_before_or_at_candidate,latest_l2_exchange_time_equal_candidate,event_driven_current_l2_plus_rolling_public_trades_proxy_not_exact_queue_or_fill_probability
441,l2Book,1783579513211,1783579513474757186,0.264246,buy,62848,62848,62849,1,0.005,11.22605,52,2245.21,4,0.00463,0,0.00463,11.23105,0.0004122499677234096544846652806,touched_quote_without_depletion,,0.00115,False,missing_same_side_strict_through_support,111,59781,0,9,same_touch_stable_enough,real_bbo_history_touch_stability,4317,1783579508894,18.39166,11.22605,-7.16561,104,52,-52,reset_supported,same_touch_top_qty_or_order_count_reduced,pass,,,,latest_l2_received_before_or_at_candidate,latest_l2_exchange_time_equal_candidate,event_driven_current_l2_plus_rolling_public_trades_proxy_not_exact_queue_or_fill_probability
442,l2Book,1783579513750,1783579514058654639,0.309143,buy,62848,62848,62849,1,0.005,13.84598,41,2769.196,3,0.00034,0,0.00034,13.85098,0.0000245469995624858313274584181,touched_quote_without_depletion,,8e-05,False,missing_same_side_strict_through_support,111,59785,0,10,same_touch_stable_enough,real_bbo_history_touch_stability,4856,1783579508894,18.39166,13.84598,-4.54568,104,41,-63,reset_supported,same_touch_top_qty_or_order_count_reduced,pass,,,,latest_l2_received_before_or_at_candidate,latest_l2_exchange_time_equal_candidate,event_driven_current_l2_plus_rolling_public_trades_proxy_not_exact_queue_or_fill_probability
443,trades,1783579514026,1783579514271148483,0.245744,buy,62848,62848,62849,1,0.005,13.84598,41,2769.196,3,0.00059,0,0.00059,13.85098,0.00004259626394666658965647196083,touched_quote_without_depletion,,0.00014,False,missing_same_side_strict_through_support,110,59257,276,10,same_touch_stable_enough,real_bbo_history_touch_stability,5132,1783579508894,18.39166,13.84598,-4.54568,104,41,-63,reset_supported,same_touch_top_qty_or_order_count_reduced,pass,,,,latest_l2_received_before_or_at_candidate,latest_l2_exchange_time_before_candidate,event_driven_current_l2_plus_rolling_public_trades_proxy_not_exact_queue_or_fill_probability
444,trades,1783579514133,1783579514334351677,0.20184,buy,62848,62848,62849,1,0.005,13.84598,41,2769.196,4,0.00059,0,0.00059,13.85098,0.00004259626394666658965647196083,touched_quote_without_depletion,,0.00014,False,missing_same_side_strict_through_support,110,59257,383,10,same_touch_stable_enough,real_bbo_history_touch_stability,5239,1783579508894,18.39166,13.84598,-4.54568,104,41,-63,reset_supported,same_touch_top_qty_or_order_count_reduced,pass,,,,latest_l2_received_before_or_at_candidate,latest_l2_exchange_time_before_candidate,event_driven_current_l2_plus_rolling_public_trades_proxy_not_exact_queue_or_fill_probability
445,l2Book,1783579514353,1783579514671042864,0.318582,buy,62848,62848,62849,1,0.005,3.62935,22,725.87,4,0.00059,0,0.00059,3.63435,0.00016233989571725342908635657,touched_quote_without_depletion,,0.00014,False,missing_same_side_strict_through_support,111,59860,0,11,same_touch_stable_enough,real_bbo_history_touch_stability,5459,1783579508894,18.39166,3.62935,-14.76231,104,22,-82,reset_supported,same_touch_top_qty_or_order_count_reduced,pass,,,,latest_l2_received_before_or_at_candidate,latest_l2_exchange_time_equal_candidate,event_driven_current_l2_plus_rolling_public_trades_proxy_not_exact_queue_or_fill_probability
446,trades,1783579514823,1783579515066182961,0.243709,buy,62848,62848,62849,1,0.005,3.62935,22,725.87,27,0.01101,0.11678,0.12779,3.63435,0.03516172080289460288634831538,strict_trade_through_seen_but_visible_top_not_depleted,,0.002,False,outside_quality_a_b_queue_bands,110,59256,470,11,same_touch_stable_enough,real_bbo_history_touch_stability,5929,1783579508894,18.39166,3.62935,-14.76231,104,22,-82,reset_supported,same_touch_top_qty_or_order_count_reduced,pass,,,,latest_l2_received_before_or_at_candidate,latest_l2_exchange_time_before_candidate,event_driven_current_l2_plus_rolling_public_trades_proxy_not_exact_queue_or_fill_probability
447,l2Book,1783579514881,1783579515225507982,0.345016,buy,62836,62836,62839,3,0.005,0.70416,1,140.832,27,0.10658,0,0.10658,0.70916,0.1502904845168932257882565289,touched_quote_without_depletion,,0.005,False,missing_same_side_strict_through_support;missing_touch_freshness_or_queue_reset_evidence,111,59784,0,1,same_touch_seen_but_not_stable,real_bbo_history_insufficient,0,1783579514881,,0.70416,,,1,,missing,no_prior_same_touch_bbo,block,no_prior_same_touch_bbo,same_touch_seen_but_not_stable,no_prior_same_touch_bbo,latest_l2_received_before_or_at_candidate,latest_l2_exchange_time_equal_candidate,event_driven_current_l2_plus_rolling_public_trades_proxy_not_exact_queue_or_fill_probability
448,trades,1783579515030,1783579515322332623,0.292836,buy,62836,62836,62839,3,0.005,0.70416,1,140.832,28,0.10658,0,0.10658,0.70916,0.1502904845168932257882565289,touched_quote_without_depletion,,0.005,False,missing_same_side_strict_through_support;missing_touch_freshness_or_queue_reset_evidence,111,59784,149,1,same_touch_seen_but_not_stable,real_bbo_history_insufficient,149,1783579514881,,0.70416,,,1,,missing,no_prior_same_touch_bbo,block,no_prior_same_touch_bbo,same_touch_seen_but_not_stable,no_prior_same_touch_bbo,latest_l2_received_before_or_at_candidate,latest_l2_exchange_time_before_candidate,event_driven_current_l2_plus_rolling_public_trades_proxy_not_exact_queue_or_fill_probability
449,l2Book,1783579515433,1783579515749546314,0.317083,buy,62835,62835,62836,1,0.005,12.81278,37,2562.556,28,0,0,0,12.81778,0,not_depleted,,0.0,False,missing_same_side_strict_through_support;missing_touch_freshness_or_queue_reset_evidence;missing_recent_same_side_at_or_through_throughput,111,59839,0,1,same_touch_seen_but_not_stable,real_bbo_history_insufficient,0,1783579515433,,12.81278,,,37,,missing,no_prior_same_touch_bbo,block,no_prior_same_touch_bbo,same_touch_seen_but_not_stable,no_prior_same_touch_bbo,latest_l2_received_before_or_at_candidate,latest_l2_exchange_time_equal_candidate,event_driven_current_l2_plus_rolling_public_trades_proxy_not_exact_queue_or_fill_probability
450,l2Book,1783579515963,1783579516305279782,0.342963,buy,62835,62835,62836,1,0.005,12.60087,30,2520.174,28,0,0,0,12.60587,0,not_depleted,,0.0,False,missing_same_side_strict_through_support;missing_recent_same_side_at_or_through_throughput,111,59832,0,2,same_touch_stable_enough,real_bbo_history_touch_stability,530,1783579515433,12.81278,12.60087,-0.21191,37,30,-7,reset_supported,same_touch_top_qty_or_order_count_reduced,pass,,,,latest_l2_received_before_or_at_candidate,latest_l2_exchange_time_equal_candidate,event_driven_current_l2_plus_rolling_public_trades_proxy_not_exact_queue_or_fill_probability
451,trades,1783579516094,1783579516357537048,0.26406,buy,62835,62835,62836,1,0.005,12.60087,30,2520.174,29,0,0,0,12.60587,0,not_depleted,,0.0,False,missing_same_side_strict_through_support;missing_recent_same_side_at_or_through_throughput,111,59832,131,2,same_touch_stable_enough,real_bbo_history_touch_stability,661,1783579515433,12.81278,12.60087,-0.21191,37,30,-7,reset_supported,same_touch_top_qty_or_order_count_reduced,pass,,,,latest_l2_received_before_or_at_candidate,latest_l2_exchange_time_before_candidate,event_driven_current_l2_plus_rolling_public_trades_proxy_not_exact_queue_or_fill_probability
452,l2Book,1783579516482,1783579516758368565,0.276861,buy,62835,62835,62836,1,0.005,4.35533,22,871.066,29,0,0,0,4.36033,0,not_depleted,,0.0,False,missing_same_side_strict_through_support;missing_recent_same_side_at_or_through_throughput,111,59811,0,3,same_touch_stable_enough,real_bbo_history_touch_stability,1049,1783579515433,12.81278,4.35533,-8.45745,37,22,-15,reset_supported,same_touch_top_qty_or_order_count_reduced,pass,,,,latest_l2_received_before_or_at_candidate,latest_l2_exchange_time_equal_candidate,event_driven_current_l2_plus_rolling_public_trades_proxy_not_exact_queue_or_fill_probability
453,trades,1783579516655,1783579516882098072,0.227587,buy,62835,62835,62836,1,0.005,4.35533,22,871.066,32,0.044,0,0.044,4.36033,0.01009097935248020218653175333,touched_quote_without_depletion,,0.005,False,missing_same_side_strict_through_support,111,59811,173,3,same_touch_stable_enough,real_bbo_history_touch_stability,1222,1783579515433,12.81278,4.35533,-8.45745,37,22,-15,reset_supported,same_touch_top_qty_or_order_count_reduced,pass,,,,latest_l2_received_before_or_at_candidate,latest_l2_exchange_time_before_candidate,event_driven_current_l2_plus_rolling_public_trades_proxy_not_exact_queue_or_fill_probability
454,l2Book,1783579517005,1783579517345843388,0.34135,buy,62835,62835,62836,1,0.005,4.32133,21,864.266,32,0.044,0,0.044,4.32633,0.01017028289566445463013685965,touched_quote_without_depletion,,0.005,False,missing_same_side_strict_through_support,111,59800,0,4,same_touch_stable_enough,real_bbo_history_touch_stability,1572,1783579515433,12.81278,4.32133,-8.49145,37,21,-16,reset_supported,same_touch_top_qty_or_order_count_reduced,pass,,,,latest_l2_received_before_or_at_candidate,latest_l2_exchange_time_equal_candidate,event_driven_current_l2_plus_rolling_public_trades_proxy_not_exact_queue_or_fill_probability
455,trades,1783579517127,1783579517389910156,0.263415,buy,62835,62835,62836,1,0.005,4.32133,21,864.266,32,0.044,0,0.044,4.32633,0.01017028289566445463013685965,touched_quote_without_depletion,,0.005,False,missing_same_side_strict_through_support,111,59800,122,4,same_touch_stable_enough,real_bbo_history_touch_stability,1694,1783579515433,12.81278,4.32133,-8.49145,37,21,-16,reset_supported,same_touch_top_qty_or_order_count_reduced,pass,,,,latest_l2_received_before_or_at_candidate,latest_l2_exchange_time_before_candidate,event_driven_current_l2_plus_rolling_public_trades_proxy_not_exact_queue_or_fill_probability
456,l2Book,1783579517569,1783579517901025636,0.332571,buy,62835,62835,62836,1,0.005,0.00017,1,0.034,31,0.044,0,0.044,0.00517,8.510638297872340425531914894,depleted_top_plus_order_proxy,,0.005,False,missing_same_side_strict_through_support,111,59832,0,5,same_touch_stable_enough,real_bbo_history_touch_stability,2136,1783579515433,12.81278,0.00017,-12.81261,37,1,-36,reset_supported,same_touch_top_qty_or_order_count_reduced,pass,,,,latest_l2_received_before_or_at_candidate,latest_l2_exchange_time_equal_candidate,event_driven_current_l2_plus_rolling_public_trades_proxy_not_exact_queue_or_fill_probability
457,trades,1783579517910,1783579518197744808,0.288239,buy,62835,62835,62836,1,0.005,0.00017,1,0.034,7,0.04417,0,0.04417,0.00517,8.543520309477756286266924565,depleted_top_plus_order_proxy,,0.005,False,missing_same_side_strict_through_support,110,59307,341,5,same_touch_stable_enough,real_bbo_history_touch_stability,2477,1783579515433,12.81278,0.00017,-12.81261,37,1,-36,reset_supported,same_touch_top_qty_or_order_count_reduced,pass,,,,latest_l2_received_before_or_at_candidate,latest_l2_exchange_time_before_candidate,event_driven_current_l2_plus_rolling_public_trades_proxy_not_exact_queue_or_fill_probability
458,l2Book,1783579518110,1783579518519990391,0.410446,buy,62828,62828,62832,4,0.005,0.00017,1,0.034,6,0,0,0,0.00517,0,not_depleted,,0.0,False,missing_same_side_strict_through_support;missing_touch_freshness_or_queue_reset_evidence;missing_recent_same_side_at_or_through_throughput,111,59848,0,1,same_touch_seen_but_not_stable,real_bbo_history_insufficient,0,1783579518110,,0.00017,,,1,,missing,no_prior_same_touch_bbo,block,no_prior_same_touch_bbo,same_touch_seen_but_not_stable,no_prior_same_touch_bbo,latest_l2_received_before_or_at_candidate,latest_l2_exchange_time_equal_candidate,event_driven_current_l2_plus_rolling_public_trades_proxy_not_exact_queue_or_fill_probability
459,trades,1783579518110,1783579518520896050,0.411198,buy,62828,62828,62832,4,0.005,0.00017,1,0.034,15,0,0,0,0.00517,0,not_depleted,,0.0,False,missing_same_side_strict_through_support;missing_touch_freshness_or_queue_reset_evidence;missing_recent_same_side_at_or_through_throughput,111,59848,0,1,same_touch_seen_but_not_stable,real_bbo_history_insufficient,0,1783579518110,,0.00017,,,1,,missing,no_prior_same_touch_bbo,block,no_prior_same_touch_bbo,same_touch_seen_but_not_stable,no_prior_same_touch_bbo,latest_l2_received_before_or_at_candidate,latest_l2_exchange_time_equal_candidate,event_driven_current_l2_plus_rolling_public_trades_proxy_not_exact_queue_or_fill_probability
460,trades,1783579518177,1783579518567784819,0.39131,buy,62828,62828,62832,4,0.005,0.00017,1,0.034,16,0.00017,0,0.00017,0.00517,0.03288201160541586073500967118,depleted_visible_top_proxy_only,,4e-05,False,missing_same_side_strict_through_support;missing_touch_freshness_or_queue_reset_evidence,111,59848,67,1,same_touch_seen_but_not_stable,real_bbo_history_insufficient,67,1783579518110,,0.00017,,,1,,missing,no_prior_same_touch_bbo,block,no_prior_same_touch_bbo,same_touch_seen_but_not_stable,no_prior_same_touch_bbo,latest_l2_received_before_or_at_candidate,latest_l2_exchange_time_before_candidate,event_driven_current_l2_plus_rolling_public_trades_proxy_not_exact_queue_or_fill_probability
461,trades,1783579518377,1783579518670591045,0.294092,buy,62828,62828,62832,4,0.005,0.00017,1,0.034,22,0.00017,0.0008,0.00097,0.00517,0.1876208897485493230174081238,depleted_visible_top_proxy_only,quality_a,0.00024,True,,110,59292,267,1,same_touch_stable_enough,real_bbo_history_touch_stability,267,1783579518110,,0.00017,,,1,,missing,no_prior_same_touch_bbo,pass,,,no_prior_same_touch_bbo,latest_l2_received_before_or_at_candidate,latest_l2_exchange_time_before_candidate,event_driven_current_l2_plus_rolling_public_trades_proxy_not_exact_queue_or_fill_probability
462,trades,1783579518725,1783579519114273112,0.389709,buy,62824,62824,62825,1,0.005,0.00022,2,0.044,23,0.00012,0,0.00012,0.00522,0.0229885057471264367816091954,touched_quote_without_depletion,,3e-05,False,missing_same_side_strict_through_support;missing_touch_freshness_or_queue_reset_evidence,111,59907,0,1,same_touch_seen_but_not_stable,real_bbo_history_insufficient,0,1783579518725,,0.00022,,,2,,missing,no_prior_same_touch_bbo,block,no_prior_same_touch_bbo,same_touch_seen_but_not_stable,no_prior_same_touch_bbo,latest_l2_received_before_or_at_candidate,latest_l2_exchange_time_equal_candidate,event_driven_current_l2_plus_rolling_public_trades_proxy_not_exact_queue_or_fill_probability
463,trades,1783579519116,1783579519397474996,0.282005,buy,62824,62824,62825,1,0.005,0.00022,2,0.044,23,0.00012,0,0.00012,0.00522,0.0229885057471264367816091954,touched_quote_without_depletion,,3e-05,False,missing_same_side_strict_through_support,110,59373,391,1,same_touch_stable_enough,real_bbo_history_touch_stability,391,1783579518725,,0.00022,,,2,,missing,no_prior_same_touch_bbo,pass,,,no_prior_same_touch_bbo,latest_l2_received_before_or_at_candidate,latest_l2_exchange_time_before_candidate,event_driven_current_l2_plus_rolling_public_trades_proxy_not_exact_queue_or_fill_probability
464,trades,1783579519183,1783579519431497197,0.24898,buy,62824,62824,62825,1,0.005,0.00022,2,0.044,26,0.01489,0,0.01489,0.00522,2.852490421455938697318007663,depleted_top_plus_order_proxy,,0.00372,False,missing_same_side_strict_through_support,110,59373,458,1,same_touch_stable_enough,real_bbo_history_touch_stability,458,1783579518725,,0.00022,,,2,,missing,no_prior_same_touch_bbo,pass,,,no_prior_same_touch_bbo,latest_l2_received_before_or_at_candidate,latest_l2_exchange_time_before_candidate,event_driven_current_l2_plus_rolling_public_trades_proxy_not_exact_queue_or_fill_probability
465,l2Book,1783579519315,1783579519687822176,0.373333,buy,62824,62824,62825,1,0.005,0.4255,1,85.1,26,0.01489,0,0.01489,0.4305,0.03458768873403019744483159117,touched_quote_without_depletion,,0.00372,False,missing_same_side_strict_through_support,111,59963,0,2,same_touch_stable_enough,real_bbo_history_touch_stability,590,1783579518725,0.00022,0.4255,0.42528,2,1,-1,reset_supported,same_touch_top_qty_or_order_count_reduced,pass,,,,latest_l2_received_before_or_at_candidate,latest_l2_exchange_time_equal_candidate,event_driven_current_l2_plus_rolling_public_trades_proxy_not_exact_queue_or_fill_probability
466,trades,1783579519527,1783579519758947725,0.232476,buy,62824,62824,62825,1,0.005,0.4255,1,85.1,42,0.01489,0,0.01489,0.4305,0.03458768873403019744483159117,touched_quote_without_depletion,,0.00372,False,missing_same_side_strict_through_support,110,59429,212,2,same_touch_stable_enough,real_bbo_history_touch_stability,802,1783579518725,0.00022,0.4255,0.42528,2,1,-1,reset_supported,same_touch_top_qty_or_order_count_reduced,pass,,,,latest_l2_received_before_or_at_candidate,latest_l2_exchange_time_before_candidate,event_driven_current_l2_plus_rolling_public_trades_proxy_not_exact_queue_or_fill_probability
467,trades,1783579519592,1783579519817896069,0.226389,buy,62824,62824,62825,1,0.005,0.4255,1,85.1,43,0.01489,0,0.01489,0.4305,0.03458768873403019744483159117,touched_quote_without_depletion,,0.00372,False,missing_same_side_strict_through_support,110,59429,277,2,same_touch_stable_enough,real_bbo_history_touch_stability,867,1783579518725,0.00022,0.4255,0.42528,2,1,-1,reset_supported,same_touch_top_qty_or_order_count_reduced,pass,,,,latest_l2_received_before_or_at_candidate,latest_l2_exchange_time_before_candidate,event_driven_current_l2_plus_rolling_public_trades_proxy_not_exact_queue_or_fill_probability
468,l2Book,1783579519929,1783579520304325196,0.375816,buy,62824,62824,62825,1,0.005,1.06999,8,213.998,40,0.01489,0,0.01489,1.07499,0.01385129163992223183471474153,touched_quote_without_depletion,,0.00372,False,missing_same_side_strict_through_support,110,59491,0,3,same_touch_stable_enough,real_bbo_history_touch_stability,1204,1783579518725,0.4255,1.06999,0.64449,2,8,6,not_reset,history_present_no_reset,pass,,,history_present_no_reset,latest_l2_received_before_or_at_candidate,latest_l2_exchange_time_equal_candidate,event_driven_current_l2_plus_rolling_public_trades_proxy_not_exact_queue_or_fill_probability
469,trades,1783579519993,1783579520305029188,0.312336,buy,62824,62824,62825,1,0.005,1.06999,8,213.998,42,0.07624,0,0.07624,1.07499,0.07092158996827877468627615141,touched_quote_without_depletion,,0.005,False,missing_same_side_strict_through_support,110,59491,64,3,same_touch_stable_enough,real_bbo_history_touch_stability,1268,1783579518725,0.4255,1.06999,0.64449,2,8,6,not_reset,history_present_no_reset,pass,,,history_present_no_reset,latest_l2_received_before_or_at_candidate,latest_l2_exchange_time_before_candidate,event_driven_current_l2_plus_rolling_public_trades_proxy_not_exact_queue_or_fill_probability
470,l2Book,1783579520528,1783579520848494791,0.320997,buy,62824,62824,62825,1,0.005,6.36792,19,1273.584,41,0.07624,0,0.07624,6.37292,0.01196311894704468281415740351,touched_quote_without_depletion,,0.005,False,missing_same_side_strict_through_support,110,59557,0,4,same_touch_stable_enough,real_bbo_history_touch_stability,1803,1783579518725,1.06999,6.36792,5.29793,8,19,11,not_reset,history_present_no_reset,pass,,,history_present_no_reset,latest_l2_received_before_or_at_candidate,latest_l2_exchange_time_equal_candidate,event_driven_current_l2_plus_rolling_public_trades_proxy_not_exact_queue_or_fill_probability
471,l2Book,1783579521198,1783579521501272095,0.303781,buy,62824,62824,62825,1,0.005,7.87507,20,1575.014,30,0.07624,0,0.07624,7.88007,0.009675040957757989459484496965,touched_quote_without_depletion,,0.005,False,missing_same_side_strict_through_support,110,59681,0,5,same_touch_stable_enough,real_bbo_history_touch_stability,2473,1783579518725,6.36792,7.87507,1.50715,19,20,1,not_reset,history_present_no_reset,pass,,,history_present_no_reset,latest_l2_received_before_or_at_candidate,latest_l2_exchange_time_equal_candidate,event_driven_current_l2_plus_rolling_public_trades_proxy_not_exact_queue_or_fill_probability
472,trades,1783579521130,1783579521501980159,0.372299,buy,62824,62824,62825,1,0.005,7.87507,20,1575.014,31,0.07624,0,0.07624,7.88007,0.009675040957757989459484496965,touched_quote_without_depletion,,0.005,False,missing_same_side_strict_through_support,110,59681,-68,5,same_touch_stable_enough,real_bbo_history_touch_stability,2405,1783579518725,6.36792,7.87507,1.50715,19,20,1,not_reset,history_present_no_reset,pass,,,history_present_no_reset,latest_l2_received_before_or_at_candidate,latest_l2_exchange_time_after_candidate_visible_by_local_receive,event_driven_current_l2_plus_rolling_public_trades_proxy_not_exact_queue_or_fill_probability
473,l2Book,1783579521742,1783579522046047827,0.304562,buy,62824,62824,62825,1,0.005,5.77065,22,1154.13,24,0.07612,0,0.07612,5.77565,0.01317946897751768199250300832,touched_quote_without_depletion,,0.005,False,missing_same_side_strict_through_support,110,59690,0,6,same_touch_stable_enough,real_bbo_history_touch_stability,3017,1783579518725,7.87507,5.77065,-2.10442,20,22,2,not_reset,history_present_no_reset,pass,,,history_present_no_reset,latest_l2_received_before_or_at_candidate,latest_l2_exchange_time_equal_candidate,event_driven_current_l2_plus_rolling_public_trades_proxy_not_exact_queue_or_fill_probability
474,trades,1783579522011,1783579522254752737,0.244268,buy,62824,62824,62825,1,0.005,5.77065,22,1154.13,26,0.07657,0,0.07657,5.77565,0.01325738228597647018084544597,touched_quote_without_depletion,,0.005,False,missing_same_side_strict_through_support,110,59690,269,6,same_touch_stable_enough,real_bbo_history_touch_stability,3286,1783579518725,7.87507,5.77065,-2.10442,20,22,2,not_reset,history_present_no_reset,pass,,,history_present_no_reset,latest_l2_received_before_or_at_candidate,latest_l2_exchange_time_before_candidate,event_driven_current_l2_plus_rolling_public_trades_proxy_not_exact_queue_or_fill_probability
475,l2Book,1783579522347,1783579522863312409,0.516855,buy,62824,62824,62825,1,0.005,18.51158,51,3702.316,22,0.0618,0,0.0618,18.51658,0.003337549374668540302798896989,touched_quote_without_depletion,,0.005,False,missing_same_side_strict_through_support,110,59766,0,7,same_touch_stable_enough,real_bbo_history_touch_stability,3622,1783579518725,7.87507,18.51158,10.63651,22,51,29,not_reset,history_present_no_reset,pass,,,history_present_no_reset,latest_l2_received_before_or_at_candidate,latest_l2_exchange_time_equal_candidate,event_driven_current_l2_plus_rolling_public_trades_proxy_not_exact_queue_or_fill_probability
476,trades,1783579522347,1783579522864156389,0.517457,buy,62824,62824,62825,1,0.005,18.51158,51,3702.316,23,0.06292,0,0.06292,18.51658,0.003398035706377743622202372144,touched_quote_without_depletion,,0.005,False,missing_same_side_strict_through_support,110,59766,0,7,same_touch_stable_enough,real_bbo_history_touch_stability,3622,1783579518725,7.87507,18.51158,10.63651,22,51,29,not_reset,history_present_no_reset,pass,,,history_present_no_reset,latest_l2_received_before_or_at_candidate,latest_l2_exchange_time_equal_candidate,event_driven_current_l2_plus_rolling_public_trades_proxy_not_exact_queue_or_fill_probability
477,trades,1783579522616,1783579522864592587,0.248872,buy,62824,62824,62825,1,0.005,18.51158,51,3702.316,8,0.29646,0,0.29646,18.51658,0.01601051598081287149138771847,touched_quote_without_depletion,,0.005,False,missing_same_side_strict_through_support,109,59240,269,7,same_touch_stable_enough,real_bbo_history_touch_stability,3891,1783579518725,7.87507,18.51158,10.63651,22,51,29,not_reset,history_present_no_reset,pass,,,history_present_no_reset,latest_l2_received_before_or_at_candidate,latest_l2_exchange_time_before_candidate,event_driven_current_l2_plus_rolling_public_trades_proxy_not_exact_queue_or_fill_probability
478,trades,1783579522818,1783579523045578472,0.228062,buy,62824,62824,62825,1,0.005,18.51158,51,3702.316,9,0.29683,0,0.29683,18.51658,0.01603049807253823330226208079,touched_quote_without_depletion,,0.005,False,missing_same_side_strict_through_support,109,59240,471,7,same_touch_stable_enough,real_bbo_history_touch_stability,4093,1783579518725,7.87507,18.51158,10.63651,22,51,29,not_reset,history_present_no_reset,pass,,,history_present_no_reset,latest_l2_received_before_or_at_candidate,latest_l2_exchange_time_before_candidate,event_driven_current_l2_plus_rolling_public_trades_proxy_not_exact_queue_or_fill_probability
479,l2Book,1783579522952,1783579523303257034,0.351732,buy,62824,62824,62826,2,0.005,31.32962,73,6265.924,9,0.29683,0,0.29683,31.33462,0.009472908878422652005992094367,touched_quote_without_depletion,,0.005,False,missing_same_side_strict_through_support;missing_touch_freshness_or_queue_reset_evidence,110,59845,0,1,same_touch_seen_but_not_stable,real_bbo_history_insufficient,0,1783579522952,,31.32962,,,73,,missing,no_prior_same_touch_bbo,block,no_prior_same_touch_bbo,same_touch_seen_but_not_stable,no_prior_same_touch_bbo,latest_l2_received_before_or_at_candidate,latest_l2_exchange_time_equal_candidate,event_driven_current_l2_plus_rolling_public_trades_proxy_not_exact_queue_or_fill_probability
480,trades,1783579522952,1783579523303935028,0.352259,buy,62824,62824,62826,2,0.005,31.32962,73,6265.924,10,0.30625,0,0.30625,31.33462,0.009773534831442028018849438736,touched_quote_without_depletion,,0.005,False,missing_same_side_strict_through_support;missing_touch_freshness_or_queue_reset_evidence,110,59845,0,1,same_touch_seen_but_not_stable,real_bbo_history_insufficient,0,1783579522952,,31.32962,,,73,,missing,no_prior_same_touch_bbo,block,no_prior_same_touch_bbo,same_touch_seen_but_not_stable,no_prior_same_touch_bbo,latest_l2_received_before_or_at_candidate,latest_l2_exchange_time_equal_candidate,event_driven_current_l2_plus_rolling_public_trades_proxy_not_exact_queue_or_fill_probability
481,trades,1783579523017,1783579523340341857,0.323875,buy,62824,62824,62826,2,0.005,31.32962,73,6265.924,28,0.24559,0,0.24559,31.33462,0.007837656879196237260895456846,touched_quote_without_depletion,,0.005,False,missing_same_side_strict_through_support;missing_touch_freshness_or_queue_reset_evidence,110,59845,65,1,same_touch_seen_but_not_stable,real_bbo_history_insufficient,65,1783579522952,,31.32962,,,73,,missing,no_prior_same_touch_bbo,block,no_prior_same_touch_bbo,same_touch_seen_but_not_stable,no_prior_same_touch_bbo,latest_l2_received_before_or_at_candidate,latest_l2_exchange_time_before_candidate,event_driven_current_l2_plus_rolling_public_trades_proxy_not_exact_queue_or_fill_probability
482,trades,1783579523155,1783579523417473426,0.262969,buy,62824,62824,62826,2,0.005,31.32962,73,6265.924,29,0.24559,0,0.24559,31.33462,0.007837656879196237260895456846,touched_quote_without_depletion,,0.005,False,missing_same_side_strict_through_support;missing_touch_freshness_or_queue_reset_evidence,109,59293,203,1,same_touch_seen_but_not_stable,real_bbo_history_insufficient,203,1783579522952,,31.32962,,,73,,missing,no_prior_same_touch_bbo,block,no_prior_same_touch_bbo,same_touch_seen_but_not_stable,no_prior_same_touch_bbo,latest_l2_received_before_or_at_candidate,latest_l2_exchange_time_before_candidate,event_driven_current_l2_plus_rolling_public_trades_proxy_not_exact_queue_or_fill_probability
483,l2Book,1783579523568,1783579523949321148,0.38184,buy,62835,62835,62836,1,0.005,11.7893,54,2357.86,29,0.01233,0.24559,0.25792,11.7943,0.02186819056662964313269969392,strict_trade_through_seen_but_visible_top_not_depleted,,0.005,False,missing_touch_freshness_or_queue_reset_evidence,110,59909,0,1,same_touch_seen_but_not_stable,real_bbo_history_insufficient,0,1783579523568,,11.7893,,,54,,missing,no_prior_same_touch_bbo,block,no_prior_same_touch_bbo,same_touch_seen_but_not_stable,no_prior_same_touch_bbo,latest_l2_received_before_or_at_candidate,latest_l2_exchange_time_equal_candidate,event_driven_current_l2_plus_rolling_public_trades_proxy_not_exact_queue_or_fill_probability
484,trades,1783579523966,1783579524184577115,0.219046,buy,62835,62835,62836,1,0.005,11.7893,54,2357.86,30,0.01233,0.24559,0.25792,11.7943,0.02186819056662964313269969392,strict_trade_through_seen_but_visible_top_not_depleted,,0.002,False,outside_quality_a_b_queue_bands,109,59371,398,1,same_touch_stable_enough,real_bbo_history_touch_stability,398,1783579523568,,11.7893,,,54,,missing,no_prior_same_touch_bbo,pass,,,no_prior_same_touch_bbo,latest_l2_received_before_or_at_candidate,latest_l2_exchange_time_before_candidate,event_driven_current_l2_plus_rolling_public_trades_proxy_not_exact_queue_or_fill_probability
485,l2Book,1783579524160,1783579524453640621,0.294187,buy,62835,62835,62836,1,0.005,13.2549,67,2650.98,29,0.01233,0.24559,0.25792,13.2599,0.01945112708240635298908739885,strict_trade_through_seen_but_visible_top_not_depleted,,0.002,False,outside_quality_a_b_queue_bands,110,59963,0,2,same_touch_stable_enough,real_bbo_history_touch_stability,592,1783579523568,11.7893,13.2549,1.4656,54,67,13,not_reset,history_present_no_reset,pass,,,history_present_no_reset,latest_l2_received_before_or_at_candidate,latest_l2_exchange_time_equal_candidate,event_driven_current_l2_plus_rolling_public_trades_proxy_not_exact_queue_or_fill_probability
486,l2Book,1783579524697,1783579525003518481,0.307022,buy,62835,62835,62836,1,0.005,13.5781,60,2715.62,29,0.01233,0.24559,0.25792,13.5831,0.01898830163953736628604663148,strict_trade_through_seen_but_visible_top_not_depleted,,0.002,False,outside_quality_a_b_queue_bands,110,59975,0,3,same_touch_stable_enough,real_bbo_history_touch_stability,1129,1783579523568,13.2549,13.5781,0.3232,67,60,-7,reset_supported,same_touch_top_qty_or_order_count_reduced,pass,,,,latest_l2_received_before_or_at_candidate,latest_l2_exchange_time_equal_candidate,event_driven_current_l2_plus_rolling_public_trades_proxy_not_exact_queue_or_fill_probability
487,l2Book,1783579525300,1783579525664462634,0.364935,buy,62835,62835,62836,1,0.005,35.01563,116,7003.126,27,0.01233,0.24514,0.25747,35.02063,0.007351952263565789650271854047,strict_trade_through_seen_but_visible_top_not_depleted,,0.002,False,outside_quality_a_b_queue_bands,109,59482,0,4,same_touch_stable_enough,real_bbo_history_touch_stability,1732,1783579523568,13.5781,35.01563,21.43753,67,116,49,not_reset,history_present_no_reset,pass,,,history_present_no_reset,latest_l2_received_before_or_at_candidate,latest_l2_exchange_time_equal_candidate,event_driven_current_l2_plus_rolling_public_trades_proxy_not_exact_queue_or_fill_probability
488,trades,1783579525777,1783579526000307508,0.223834,buy,62835,62835,62836,1,0.005,35.01563,116,7003.126,29,0.01233,0.01048,0.02281,35.02063,0.0006513303729830102999289276064,strict_trade_through_seen_but_visible_top_not_depleted,,0.002,False,outside_quality_a_b_queue_bands,109,59482,477,4,same_touch_stable_enough,real_bbo_history_touch_stability,2209,1783579523568,13.5781,35.01563,21.43753,67,116,49,not_reset,history_present_no_reset,pass,,,history_present_no_reset,latest_l2_received_before_or_at_candidate,latest_l2_exchange_time_before_candidate,event_driven_current_l2_plus_rolling_public_trades_proxy_not_exact_queue_or_fill_probability
489,l2Book,1783579525904,1783579526206279195,0.30275,buy,62839,62839,62840,1,0.005,35.24422,137,7048.844,28,0,0.02244,0.02244,35.24922,0.000636609831366481300862827603,strict_trade_through_seen_but_visible_top_not_depleted,,0.005,False,missing_touch_freshness_or_queue_reset_evidence,109,59541,0,1,same_touch_seen_but_not_stable,real_bbo_history_insufficient,0,1783579525904,,35.24422,,,137,,missing,no_prior_same_touch_bbo,block,no_prior_same_touch_bbo,same_touch_seen_but_not_stable,no_prior_same_touch_bbo,latest_l2_received_before_or_at_candidate,latest_l2_exchange_time_equal_candidate,event_driven_current_l2_plus_rolling_public_trades_proxy_not_exact_queue_or_fill_probability
490,trades,1783579525983,1783579526242694379,0.260231,buy,62839,62839,62840,1,0.005,35.24422,137,7048.844,31,0,0.01302,0.01302,35.24922,0.0003693698754185198991637261761,strict_trade_through_seen_but_visible_top_not_depleted,,0.00325,False,missing_touch_freshness_or_queue_reset_evidence,109,59541,79,1,same_touch_seen_but_not_stable,real_bbo_history_insufficient,79,1783579525904,,35.24422,,,137,,missing,no_prior_same_touch_bbo,block,no_prior_same_touch_bbo,same_touch_seen_but_not_stable,no_prior_same_touch_bbo,latest_l2_received_before_or_at_candidate,latest_l2_exchange_time_before_candidate,event_driven_current_l2_plus_rolling_public_trades_proxy_not_exact_queue_or_fill_probability
491,trades,1783579526105,1783579526371274665,0.266746,buy,62839,62839,62840,1,0.005,35.24422,137,7048.844,14,0,0.01233,0.01233,35.24922,0.0003497949741866628538163397658,strict_trade_through_seen_but_visible_top_not_depleted,,0.00308,False,missing_touch_freshness_or_queue_reset_evidence,109,59541,201,1,same_touch_seen_but_not_stable,real_bbo_history_insufficient,201,1783579525904,,35.24422,,,137,,missing,no_prior_same_touch_bbo,block,no_prior_same_touch_bbo,same_touch_seen_but_not_stable,no_prior_same_touch_bbo,latest_l2_received_before_or_at_candidate,latest_l2_exchange_time_before_candidate,event_driven_current_l2_plus_rolling_public_trades_proxy_not_exact_queue_or_fill_probability
492,trades,1783579526180,1783579526426656018,0.247136,buy,62839,62839,62840,1,0.005,35.24422,137,7048.844,14,0,0,0,35.24922,0,not_depleted,,0.0,False,missing_same_side_strict_through_support;missing_recent_same_side_at_or_through_throughput,109,59541,276,1,same_touch_stable_enough,real_bbo_history_touch_stability,276,1783579525904,,35.24422,,,137,,missing,no_prior_same_touch_bbo,pass,,,no_prior_same_touch_bbo,latest_l2_received_before_or_at_candidate,latest_l2_exchange_time_before_candidate,event_driven_current_l2_plus_rolling_public_trades_proxy_not_exact_queue_or_fill_probability
493,l2Book,1783579526508,1783579526847719972,0.340201,buy,62842,62842,62843,1,0.005,35.991,170,7198.2,14,0.08287,0,0.08287,35.996,0.0023022002444716079564396044,touched_quote_without_depletion,,0.005,False,missing_same_side_strict_through_support;missing_touch_freshness_or_queue_reset_evidence,109,59606,0,1,same_touch_seen_but_not_stable,real_bbo_history_insufficient,0,1783579526508,,35.991,,,170,,missing,no_prior_same_touch_bbo,block,no_prior_same_touch_bbo,same_touch_seen_but_not_stable,no_prior_same_touch_bbo,latest_l2_received_before_or_at_candidate,latest_l2_exchange_time_equal_candidate,event_driven_current_l2_plus_rolling_public_trades_proxy_not_exact_queue_or_fill_probability
494,trades,1783579526710,1783579526924121962,0.214595,buy,62842,62842,62843,1,0.005,35.991,170,7198.2,16,0.08287,0,0.08287,35.996,0.0023022002444716079564396044,touched_quote_without_depletion,,0.005,False,missing_same_side_strict_through_support;missing_touch_freshness_or_queue_reset_evidence,109,59606,202,1,same_touch_seen_but_not_stable,real_bbo_history_insufficient,202,1783579526508,,35.991,,,170,,missing,no_prior_same_touch_bbo,block,no_prior_same_touch_bbo,same_touch_seen_but_not_stable,no_prior_same_touch_bbo,latest_l2_received_before_or_at_candidate,latest_l2_exchange_time_before_candidate,event_driven_current_l2_plus_rolling_public_trades_proxy_not_exact_queue_or_fill_probability
495,l2Book,1783579527111,1783579527449274288,0.338809,buy,62842,62842,62843,1,0.005,17.06973,117,3413.946,15,0.08287,0,0.08287,17.07473,0.004853371034271112925358116937,touched_quote_without_depletion,,0.005,False,missing_same_side_strict_through_support,109,59671,0,2,same_touch_stable_enough,real_bbo_history_touch_stability,603,1783579526508,35.991,17.06973,-18.92127,170,117,-53,reset_supported,same_touch_top_qty_or_order_count_reduced,pass,,,,latest_l2_received_before_or_at_candidate,latest_l2_exchange_time_equal_candidate,event_driven_current_l2_plus_rolling_public_trades_proxy_not_exact_queue_or_fill_probability
496,l2Book,1783579527717,1783579528120110918,0.403578,buy,62842,62842,62843,1,0.005,11.17409,81,2234.818,15,0.08287,0,0.08287,11.17909,0.007412946849877762859052033752,touched_quote_without_depletion,,0.005,False,missing_same_side_strict_through_support,109,59741,0,3,same_touch_stable_enough,real_bbo_history_touch_stability,1209,1783579526508,35.991,11.17409,-24.81691,170,81,-89,reset_supported,same_touch_top_qty_or_order_count_reduced,pass,,,,latest_l2_received_before_or_at_candidate,latest_l2_exchange_time_equal_candidate,event_driven_current_l2_plus_rolling_public_trades_proxy_not_exact_queue_or_fill_probability
497,l2Book,1783579528239,1783579528511252625,0.272733,buy,62842,62842,62843,1,0.005,15.18935,86,3037.87,15,0.08287,0,0.08287,15.19435,0.005454000993790455004656336072,touched_quote_without_depletion,,0.005,False,missing_same_side_strict_through_support,109,59726,0,4,same_touch_stable_enough,real_bbo_history_touch_stability,1731,1783579526508,35.991,15.18935,-20.80165,170,86,-84,reset_supported,same_touch_top_qty_or_order_count_reduced,pass,,,,latest_l2_received_before_or_at_candidate,latest_l2_exchange_time_equal_candidate,event_driven_current_l2_plus_rolling_public_trades_proxy_not_exact_queue_or_fill_probability
498,trades,1783579528523,1783579528835678154,0.313133,buy,62842,62842,62843,1,0.005,15.18935,86,3037.87,16,0.08358,0,0.08358,15.19435,0.005500728889356899110524635802,touched_quote_without_depletion,,0.005,False,missing_same_side_strict_through_support,108,59197,284,4,same_touch_stable_enough,real_bbo_history_touch_stability,2015,1783579526508,35.991,15.18935,-20.80165,170,86,-84,reset_supported,same_touch_top_qty_or_order_count_reduced,pass,,,,latest_l2_received_before_or_at_candidate,latest_l2_exchange_time_before_candidate,event_driven_current_l2_plus_rolling_public_trades_proxy_not_exact_queue_or_fill_probability
499,l2Book,1783579528794,1783579529120991745,0.327484,buy,62841,62841,62842,1,0.005,0.00034,2,0.068,11,0,0,0,0.00534,0,not_depleted,,0.0,False,missing_same_side_strict_through_support;missing_touch_freshness_or_queue_reset_evidence;missing_recent_same_side_at_or_through_throughput,109,59752,0,1,same_touch_seen_but_not_stable,real_bbo_history_insufficient,0,1783579528794,,0.00034,,,2,,missing,no_prior_same_touch_bbo,block,no_prior_same_touch_bbo,same_touch_seen_but_not_stable,no_prior_same_touch_bbo,latest_l2_received_before_or_at_candidate,latest_l2_exchange_time_equal_candidate,event_driven_current_l2_plus_rolling_public_trades_proxy_not_exact_queue_or_fill_probability
500,trades,1783579528794,1783579529121669129,0.327971,buy,62841,62841,62842,1,0.005,0.00034,2,0.068,12,0,0,0,0.00534,0,not_depleted,,0.0,False,missing_same_side_strict_through_support;missing_touch_freshness_or_queue_reset_evidence;missing_recent_same_side_at_or_through_throughput,109,59752,0,1,same_touch_seen_but_not_stable,real_bbo_history_insufficient,0,1783579528794,,0.00034,,,2,,missing,no_prior_same_touch_bbo,block,no_prior_same_touch_bbo,same_touch_seen_but_not_stable,no_prior_same_touch_bbo,latest_l2_received_before_or_at_candidate,latest_l2_exchange_time_equal_candidate,event_driven_current_l2_plus_rolling_public_trades_proxy_not_exact_queue_or_fill_probability
501,l2Book,1783579529324,1783579529661860638,0.338333,buy,62840,62840,62841,1,0.005,0.00017,1,0.034,4,0,0,0,0.00517,0,not_depleted,,0.0,False,missing_same_side_strict_through_support;missing_touch_freshness_or_queue_reset_evidence;missing_recent_same_side_at_or_through_throughput,109,59762,0,1,same_touch_seen_but_not_stable,real_bbo_history_insufficient,0,1783579529324,,0.00017,,,1,,missing,no_prior_same_touch_bbo,block,no_prior_same_touch_bbo,same_touch_seen_but_not_stable,no_prior_same_touch_bbo,latest_l2_received_before_or_at_candidate,latest_l2_exchange_time_equal_candidate,event_driven_current_l2_plus_rolling_public_trades_proxy_not_exact_queue_or_fill_probability
502,trades,1783579529375,1783579529701669739,0.327178,buy,62840,62840,62841,1,0.005,0.00017,1,0.034,17,0.00017,0.00509,0.00526,0.00517,1.017408123791102514506769826,depleted_top_plus_order_proxy,,0.00131,False,missing_touch_freshness_or_queue_reset_evidence,109,59762,51,1,same_touch_seen_but_not_stable,real_bbo_history_insufficient,51,1783579529324,,0.00017,,,1,,missing,no_prior_same_touch_bbo,block,no_prior_same_touch_bbo,same_touch_seen_but_not_stable,no_prior_same_touch_bbo,latest_l2_received_before_or_at_candidate,latest_l2_exchange_time_before_candidate,event_driven_current_l2_plus_rolling_public_trades_proxy_not_exact_queue_or_fill_probability
503,trades,1783579529666,1783579529891660860,0.226134,buy,62840,62840,62841,1,0.005,0.00017,1,0.034,18,0.00017,0.00509,0.00526,0.00517,1.017408123791102514506769826,depleted_top_plus_order_proxy,quality_a,0.00131,True,,108,59209,342,1,same_touch_stable_enough,real_bbo_history_touch_stability,342,1783579529324,,0.00017,,,1,,missing,no_prior_same_touch_bbo,pass,,,no_prior_same_touch_bbo,latest_l2_received_before_or_at_candidate,latest_l2_exchange_time_before_candidate,event_driven_current_l2_plus_rolling_public_trades_proxy_not_exact_queue_or_fill_probability
504,l2Book,1783579530468,1783579530814055027,0.346575,buy,62831,62831,62832,1,0.005,0.00017,1,0.034,16,0.00119,0,0.00119,0.00517,0.2301740812379110251450676983,depleted_visible_top_proxy_only,,0.00029,False,missing_same_side_strict_through_support,109,59802,0,2,same_touch_stable_enough,real_bbo_history_touch_stability,596,1783579529872,0.25907,0.00017,-0.2589,3,1,-2,reset_supported,same_touch_top_qty_or_order_count_reduced,pass,,,,latest_l2_received_before_or_at_candidate,latest_l2_exchange_time_equal_candidate,event_driven_current_l2_plus_rolling_public_trades_proxy_not_exact_queue_or_fill_probability
505,l2Book,1783579530983,1783579531312758779,0.330262,buy,62831,62831,62832,1,0.005,0.71129,4,142.258,16,0.00119,0,0.00119,0.71629,0.001661338284772927166371162518,touched_quote_without_depletion,,0.00029,False,missing_same_side_strict_through_support,109,59714,0,3,same_touch_stable_enough,real_bbo_history_touch_stability,1111,1783579529872,0.25907,0.71129,0.45222,3,4,1,not_reset,history_present_no_reset,pass,,,history_present_no_reset,latest_l2_received_before_or_at_candidate,latest_l2_exchange_time_equal_candidate,event_driven_current_l2_plus_rolling_public_trades_proxy_not_exact_queue_or_fill_probability
506,l2Book,1783579531543,1783579531858684506,0.31621,buy,62831,62831,62832,1,0.005,11.92395,38,2384.79,15,0.00119,0,0.00119,11.92895,0.00009975731309126117554353065442,touched_quote_without_depletion,,0.00029,False,missing_same_side_strict_through_support,109,59744,0,4,same_touch_stable_enough,real_bbo_history_touch_stability,1671,1783579529872,0.71129,11.92395,11.21266,4,38,34,not_reset,history_present_no_reset,pass,,,history_present_no_reset,latest_l2_received_before_or_at_candidate,latest_l2_exchange_time_equal_candidate,event_driven_current_l2_plus_rolling_public_trades_proxy_not_exact_queue_or_fill_probability
507,l2Book,1783579532074,1783579532405076543,0.331584,buy,62831,62831,62832,1,0.005,19.3941,46,3878.82,14,0.00119,0,0.00119,19.3991,0.00006134305199725760473424024826,touched_quote_without_depletion,,0.00029,False,missing_same_side_strict_through_support,109,59731,0,5,same_touch_stable_enough,real_bbo_history_touch_stability,2202,1783579529872,11.92395,19.3941,7.47015,38,46,8,not_reset,history_present_no_reset,pass,,,history_present_no_reset,latest_l2_received_before_or_at_candidate,latest_l2_exchange_time_equal_candidate,event_driven_current_l2_plus_rolling_public_trades_proxy_not_exact_queue_or_fill_probability
508,trades,1783579532074,1783579532405864217,0.332149,buy,62831,62831,62832,1,0.005,19.3941,46,3878.82,17,0.03234,0,0.03234,19.3991,0.001667087648396059611012882041,touched_quote_without_depletion,,0.005,False,missing_same_side_strict_through_support,109,59731,0,5,same_touch_stable_enough,real_bbo_history_touch_stability,2202,1783579529872,11.92395,19.3941,7.47015,38,46,8,not_reset,history_present_no_reset,pass,,,history_present_no_reset,latest_l2_received_before_or_at_candidate,latest_l2_exchange_time_equal_candidate,event_driven_current_l2_plus_rolling_public_trades_proxy_not_exact_queue_or_fill_probability
509,l2Book,1783579532607,1783579532907977642,0.301475,buy,62831,62831,62832,1,0.005,31.27601,71,6255.202,4,0.03115,0,0.03115,31.28101,0.0009958118359989015699940634909,touched_quote_without_depletion,,0.005,False,missing_same_side_strict_through_support,109,59729,0,6,same_touch_stable_enough,real_bbo_history_touch_stability,2735,1783579529872,19.3941,31.27601,11.88191,46,71,25,not_reset,history_present_no_reset,pass,,,history_present_no_reset,latest_l2_received_before_or_at_candidate,latest_l2_exchange_time_equal_candidate,event_driven_current_l2_plus_rolling_public_trades_proxy_not_exact_queue_or_fill_probability
510,trades,1783579532686,1783579532996974261,0.311467,buy,62831,62831,62832,1,0.005,31.27601,71,6255.202,4,0.03115,0,0.03115,31.28101,0.0009958118359989015699940634909,touched_quote_without_depletion,,0.005,False,missing_same_side_strict_through_support,109,59729,79,6,same_touch_stable_enough,real_bbo_history_touch_stability,2814,1783579529872,19.3941,31.27601,11.88191,46,71,25,not_reset,history_present_no_reset,pass,,,history_present_no_reset,latest_l2_received_before_or_at_candidate,latest_l2_exchange_time_before_candidate,event_driven_current_l2_plus_rolling_public_trades_proxy_not_exact_queue_or_fill_probability
511,trades,1783579532950,1783579533175878930,0.226383,buy,62831,62831,62832,1,0.005,31.27601,71,6255.202,9,0.03115,0,0.03115,31.28101,0.0009958118359989015699940634909,touched_quote_without_depletion,,0.005,False,missing_same_side_strict_through_support,108,59118,343,6,same_touch_stable_enough,real_bbo_history_touch_stability,3078,1783579529872,19.3941,31.27601,11.88191,46,71,25,not_reset,history_present_no_reset,pass,,,history_present_no_reset,latest_l2_received_before_or_at_candidate,latest_l2_exchange_time_before_candidate,event_driven_current_l2_plus_rolling_public_trades_proxy_not_exact_queue_or_fill_probability
512,l2Book,1783579533151,1783579533445330926,0.294877,buy,62833,62833,62834,1,0.005,59.37874,255,11875.748,9,0,0.03115,0.03115,59.38374,0.000524554364544907410681779221,strict_trade_through_seen_but_visible_top_not_depleted,,0.005,False,missing_touch_freshness_or_queue_reset_evidence,109,59662,0,1,same_touch_seen_but_not_stable,real_bbo_history_insufficient,0,1783579533151,,59.37874,,,255,,missing,no_prior_same_touch_bbo,block,no_prior_same_touch_bbo,same_touch_seen_but_not_stable,no_prior_same_touch_bbo,latest_l2_received_before_or_at_candidate,latest_l2_exchange_time_equal_candidate,event_driven_current_l2_plus_rolling_public_trades_proxy_not_exact_queue_or_fill_probability
513,trades,1783579533287,1783579533510068759,0.223525,buy,62833,62833,62834,1,0.005,59.37874,255,11875.748,14,0,0.03115,0.03115,59.38374,0.000524554364544907410681779221,strict_trade_through_seen_but_visible_top_not_depleted,,0.005,False,missing_touch_freshness_or_queue_reset_evidence,109,59662,136,1,same_touch_seen_but_not_stable,real_bbo_history_insufficient,136,1783579533151,,59.37874,,,255,,missing,no_prior_same_touch_bbo,block,no_prior_same_touch_bbo,same_touch_seen_but_not_stable,no_prior_same_touch_bbo,latest_l2_received_before_or_at_candidate,latest_l2_exchange_time_before_candidate,event_driven_current_l2_plus_rolling_public_trades_proxy_not_exact_queue_or_fill_probability
514,l2Book,1783579533699,1783579534019280605,0.320763,buy,62837,62837,62838,1,0.005,34.77502,94,6955.004,14,0,0.03115,0.03115,34.78002,0.0008956291572000246118317355769,strict_trade_through_seen_but_visible_top_not_depleted,,0.005,False,missing_touch_freshness_or_queue_reset_evidence,109,59685,0,1,same_touch_seen_but_not_stable,real_bbo_history_insufficient,0,1783579533699,,34.77502,,,94,,missing,no_prior_same_touch_bbo,block,no_prior_same_touch_bbo,same_touch_seen_but_not_stable,no_prior_same_touch_bbo,latest_l2_received_before_or_at_candidate,latest_l2_exchange_time_equal_candidate,event_driven_current_l2_plus_rolling_public_trades_proxy_not_exact_queue_or_fill_probability
515,trades,1783579533699,1783579534019982586,0.321288,buy,62837,62837,62838,1,0.005,34.77502,94,6955.004,16,0,0.03115,0.03115,34.78002,0.0008956291572000246118317355769,strict_trade_through_seen_but_visible_top_not_depleted,,0.005,False,missing_touch_freshness_or_queue_reset_evidence,109,59685,0,1,same_touch_seen_but_not_stable,real_bbo_history_insufficient,0,1783579533699,,34.77502,,,94,,missing,no_prior_same_touch_bbo,block,no_prior_same_touch_bbo,same_touch_seen_but_not_stable,no_prior_same_touch_bbo,latest_l2_received_before_or_at_candidate,latest_l2_exchange_time_equal_candidate,event_driven_current_l2_plus_rolling_public_trades_proxy_not_exact_queue_or_fill_probability
516,l2Book,1783579534225,1783579534524869620,0.300361,buy,62837,62837,62838,1,0.005,21.96904,87,4393.808,16,0,0.03115,0.03115,21.97404,0.001417581837477314139775844588,strict_trade_through_seen_but_visible_top_not_depleted,,0.002,False,outside_quality_a_b_queue_bands,109,59664,0,2,same_touch_stable_enough,real_bbo_history_touch_stability,526,1783579533699,34.77502,21.96904,-12.80598,94,87,-7,reset_supported,same_touch_top_qty_or_order_count_reduced,pass,,,,latest_l2_received_before_or_at_candidate,latest_l2_exchange_time_equal_candidate,event_driven_current_l2_plus_rolling_public_trades_proxy_not_exact_queue_or_fill_probability
517,l2Book,1783579534762,1783579535052336964,0.290846,buy,62837,62837,62838,1,0.005,10.21228,49,2042.456,16,0,0.03115,0.03115,10.21728,0.003048756616242287575558269911,strict_trade_through_seen_but_visible_top_not_depleted,,0.002,False,outside_quality_a_b_queue_bands,109,59664,0,3,same_touch_stable_enough,real_bbo_history_touch_stability,1063,1783579533699,34.77502,10.21228,-24.56274,94,49,-45,reset_supported,same_touch_top_qty_or_order_count_reduced,pass,,,,latest_l2_received_before_or_at_candidate,latest_l2_exchange_time_equal_candidate,event_driven_current_l2_plus_rolling_public_trades_proxy_not_exact_queue_or_fill_probability
518,l2Book,1783579535309,1783579535617393283,0.308893,buy,62837,62837,62838,1,0.005,14.11256,55,2822.512,13,0,0,0,14.11756,0,not_depleted,,0.0,False,missing_same_side_strict_through_support;missing_recent_same_side_at_or_through_throughput,109,59686,0,4,same_touch_stable_enough,real_bbo_history_touch_stability,1610,1783579533699,34.77502,14.11256,-20.66246,94,55,-39,reset_supported,same_touch_top_qty_or_order_count_reduced,pass,,,,latest_l2_received_before_or_at_candidate,latest_l2_exchange_time_equal_candidate,event_driven_current_l2_plus_rolling_public_trades_proxy_not_exact_queue_or_fill_probability
519,l2Book,1783579535845,1783579536209022815,0.364513,buy,62837,62837,62838,1,0.005,13.75841,57,2751.682,12,0,0,0,13.76341,0,not_depleted,,0.0,False,missing_same_side_strict_through_support;missing_recent_same_side_at_or_through_throughput,109,59687,0,5,same_touch_stable_enough,real_bbo_history_touch_stability,2146,1783579533699,34.77502,13.75841,-21.01661,94,57,-37,reset_supported,same_touch_top_qty_or_order_count_reduced,pass,,,,latest_l2_received_before_or_at_candidate,latest_l2_exchange_time_equal_candidate,event_driven_current_l2_plus_rolling_public_trades_proxy_not_exact_queue_or_fill_probability
520,trades,1783579536047,1783579536290396979,0.243849,buy,62837,62837,62838,1,0.005,13.75841,57,2751.682,11,0,0,0,13.76341,0,not_depleted,,0.0,False,missing_same_side_strict_through_support;missing_recent_same_side_at_or_through_throughput,109,59687,202,5,same_touch_stable_enough,real_bbo_history_touch_stability,2348,1783579533699,34.77502,13.75841,-21.01661,94,57,-37,reset_supported,same_touch_top_qty_or_order_count_reduced,pass,,,,latest_l2_received_before_or_at_candidate,latest_l2_exchange_time_before_candidate,event_driven_current_l2_plus_rolling_public_trades_proxy_not_exact_queue_or_fill_probability
521,l2Book,1783579536373,1783579536668912470,0.296411,buy,62837,62837,62838,1,0.005,10.69369,38,2138.738,6,0,0,0,10.69869,0,not_depleted,,0.0,False,missing_same_side_strict_through_support;missing_recent_same_side_at_or_through_throughput,109,59661,0,6,same_touch_stable_enough,real_bbo_history_touch_stability,2674,1783579533699,34.77502,10.69369,-24.08133,94,38,-56,reset_supported,same_touch_top_qty_or_order_count_reduced,pass,,,,latest_l2_received_before_or_at_candidate,latest_l2_exchange_time_equal_candidate,event_driven_current_l2_plus_rolling_public_trades_proxy_not_exact_queue_or_fill_probability
522,l2Book,1783579536922,1783579537207975828,0.286465,buy,62837,62837,62838,1,0.005,9.75682,28,1951.364,4,0,0,0,9.76182,0,not_depleted,,0.0,False,missing_same_side_strict_through_support;missing_recent_same_side_at_or_through_throughput,109,59691,0,7,same_touch_stable_enough,real_bbo_history_touch_stability,3223,1783579533699,34.77502,9.75682,-25.0182,94,28,-66,reset_supported,same_touch_top_qty_or_order_count_reduced,pass,,,,latest_l2_received_before_or_at_candidate,latest_l2_exchange_time_equal_candidate,event_driven_current_l2_plus_rolling_public_trades_proxy_not_exact_queue_or_fill_probability
523,trades,1783579537055,1783579537311142416,0.25665,buy,62837,62837,62838,1,0.005,9.75682,28,1951.364,5,0.00538,0,0.00538,9.76182,0.0005511267366126398560924089975,touched_quote_without_depletion,,0.00134,False,missing_same_side_strict_through_support,109,59691,133,7,same_touch_stable_enough,real_bbo_history_touch_stability,3356,1783579533699,34.77502,9.75682,-25.0182,94,28,-66,reset_supported,same_touch_top_qty_or_order_count_reduced,pass,,,,latest_l2_received_before_or_at_candidate,latest_l2_exchange_time_before_candidate,event_driven_current_l2_plus_rolling_public_trades_proxy_not_exact_queue_or_fill_probability
524,l2Book,1783579537460,1783579537894047048,0.434538,buy,62837,62837,62838,1,0.005,9.43297,26,1886.594,5,0.00538,0,0.00538,9.43797,0.0005700378365262869027979533734,touched_quote_without_depletion,,0.00134,False,missing_same_side_strict_through_support,109,59692,0,8,same_touch_stable_enough,real_bbo_history_touch_stability,3761,1783579533699,34.77502,9.43297,-25.34205,94,26,-68,reset_supported,same_touch_top_qty_or_order_count_reduced,pass,,,,latest_l2_received_before_or_at_candidate,latest_l2_exchange_time_equal_candidate,event_driven_current_l2_plus_rolling_public_trades_proxy_not_exact_queue_or_fill_probability
525,l2Book,1783579537984,1783579538272187216,0.288657,buy,62837,62837,62838,1,0.005,5.50721,14,1101.442,5,0.00538,0,0.00538,5.51221,0.0009760150647380996007046175672,touched_quote_without_depletion,,0.00134,False,missing_same_side_strict_through_support,109,59659,0,9,same_touch_stable_enough,real_bbo_history_touch_stability,4285,1783579533699,34.77502,5.50721,-29.26781,94,14,-80,reset_supported,same_touch_top_qty_or_order_count_reduced,pass,,,,latest_l2_received_before_or_at_candidate,latest_l2_exchange_time_equal_candidate,event_driven_current_l2_plus_rolling_public_trades_proxy_not_exact_queue_or_fill_probability
526,trades,1783579538062,1783579538301274832,0.239757,buy,62837,62837,62838,1,0.005,5.50721,14,1101.442,7,0.00608,0,0.00608,5.51221,0.001103005872417777987413396805,touched_quote_without_depletion,,0.00152,False,missing_same_side_strict_through_support,109,59659,78,9,same_touch_stable_enough,real_bbo_history_touch_stability,4363,1783579533699,34.77502,5.50721,-29.26781,94,14,-80,reset_supported,same_touch_top_qty_or_order_count_reduced,pass,,,,latest_l2_received_before_or_at_candidate,latest_l2_exchange_time_before_candidate,event_driven_current_l2_plus_rolling_public_trades_proxy_not_exact_queue_or_fill_probability
527,l2Book,1783579538534,1783579538808841363,0.275326,buy,62837,62837,62838,1,0.005,5.9841,16,1196.82,7,0.00608,0,0.00608,5.9891,0.001015177572590205540064450418,touched_quote_without_depletion,,0.00152,False,missing_same_side_strict_through_support,109,59690,0,10,same_touch_stable_enough,real_bbo_history_touch_stability,4835,1783579533699,34.77502,5.9841,-28.79092,94,16,-78,reset_supported,same_touch_top_qty_or_order_count_reduced,pass,,,,latest_l2_received_before_or_at_candidate,latest_l2_exchange_time_equal_candidate,event_driven_current_l2_plus_rolling_public_trades_proxy_not_exact_queue_or_fill_probability
528,trades,1783579538871,1783579539073375015,0.202886,buy,62837,62837,62838,1,0.005,5.9841,16,1196.82,8,0.00777,0,0.00777,5.9891,0.001297356864971364645773154564,touched_quote_without_depletion,,0.00194,False,missing_same_side_strict_through_support,108,59155,337,10,same_touch_stable_enough,real_bbo_history_touch_stability,5172,1783579533699,34.77502,5.9841,-28.79092,94,16,-78,reset_supported,same_touch_top_qty_or_order_count_reduced,pass,,,,latest_l2_received_before_or_at_candidate,latest_l2_exchange_time_before_candidate,event_driven_current_l2_plus_rolling_public_trades_proxy_not_exact_queue_or_fill_probability
529,trades,1783579538938,1783579539175281754,0.237746,buy,62837,62837,62838,1,0.005,5.9841,16,1196.82,9,0.00777,0,0.00777,5.9891,0.001297356864971364645773154564,touched_quote_without_depletion,,0.00194,False,missing_same_side_strict_through_support,108,59155,404,10,same_touch_stable_enough,real_bbo_history_touch_stability,5239,1783579533699,34.77502,5.9841,-28.79092,94,16,-78,reset_supported,same_touch_top_qty_or_order_count_reduced,pass,,,,latest_l2_received_before_or_at_candidate,latest_l2_exchange_time_before_candidate,event_driven_current_l2_plus_rolling_public_trades_proxy_not_exact_queue_or_fill_probability
530,l2Book,1783579539073,1783579539423548414,0.351038,buy,62837,62837,62838,1,0.005,0.00401,2,0.802,5,0.00777,0,0.00777,0.00901,0.8623751387347391786903440622,depleted_visible_top_proxy_only,,0.00194,False,missing_same_side_strict_through_support,109,59694,0,11,same_touch_stable_enough,real_bbo_history_touch_stability,5374,1783579533699,34.77502,0.00401,-34.77101,94,2,-92,reset_supported,same_touch_top_qty_or_order_count_reduced,pass,,,,latest_l2_received_before_or_at_candidate,latest_l2_exchange_time_equal_candidate,event_driven_current_l2_plus_rolling_public_trades_proxy_not_exact_queue_or_fill_probability
531,trades,1783579539276,1783579539491274016,0.215734,buy,62837,62837,62838,1,0.005,0.00401,2,0.802,7,0.01178,0,0.01178,0.00901,1.30743618201997780244173141,depleted_top_plus_order_proxy,,0.00294,False,missing_same_side_strict_through_support,109,59694,203,11,same_touch_stable_enough,real_bbo_history_touch_stability,5577,1783579533699,34.77502,0.00401,-34.77101,94,2,-92,reset_supported,same_touch_top_qty_or_order_count_reduced,pass,,,,latest_l2_received_before_or_at_candidate,latest_l2_exchange_time_before_candidate,event_driven_current_l2_plus_rolling_public_trades_proxy_not_exact_queue_or_fill_probability
532,trades,1783579539483,1783579539734844887,0.252364,buy,62837,62837,62838,1,0.005,0.00401,2,0.802,12,0.01178,0.00085,0.01263,0.00901,1.40177580466148723640399556,depleted_top_plus_order_proxy,quality_a,0.00315,True,,108,59177,410,11,same_touch_stable_enough,real_bbo_history_touch_stability,5784,1783579533699,34.77502,0.00401,-34.77101,94,2,-92,reset_supported,same_touch_top_qty_or_order_count_reduced,pass,,,,latest_l2_received_before_or_at_candidate,latest_l2_exchange_time_before_candidate,event_driven_current_l2_plus_rolling_public_trades_proxy_not_exact_queue_or_fill_probability
533,l2Book,1783579540152,1783579540443904250,0.292396,buy,62833,62833,62834,1,0.005,16.45106,55,3290.212,11,0,0,0,16.45606,0,not_depleted,,0.0,False,missing_same_side_strict_through_support;missing_recent_same_side_at_or_through_throughput,109,59702,0,2,same_touch_stable_enough,real_bbo_history_touch_stability,533,1783579539619,0.26574,16.45106,16.18532,4,55,51,not_reset,history_present_no_reset,pass,,,history_present_no_reset,latest_l2_received_before_or_at_candidate,latest_l2_exchange_time_equal_candidate,event_driven_current_l2_plus_rolling_public_trades_proxy_not_exact_queue_or_fill_probability
534,trades,1783579540223,1783579540444576876,0.221862,buy,62833,62833,62834,1,0.005,16.45106,55,3290.212,12,0,0,0,16.45606,0,not_depleted,,0.0,False,missing_same_side_strict_through_support;missing_recent_same_side_at_or_through_throughput,109,59702,71,2,same_touch_stable_enough,real_bbo_history_touch_stability,604,1783579539619,0.26574,16.45106,16.18532,4,55,51,not_reset,history_present_no_reset,pass,,,history_present_no_reset,latest_l2_received_before_or_at_candidate,latest_l2_exchange_time_before_candidate,event_driven_current_l2_plus_rolling_public_trades_proxy_not_exact_queue_or_fill_probability
535,l2Book,1783579540689,1783579540955177292,0.266693,buy,62833,62833,62834,1,0.005,15.75567,43,3151.134,12,0,0,0,15.76067,0,not_depleted,,0.0,False,missing_same_side_strict_through_support;missing_recent_same_side_at_or_through_throughput,109,59692,0,3,same_touch_stable_enough,real_bbo_history_touch_stability,1070,1783579539619,16.45106,15.75567,-0.69539,55,43,-12,reset_supported,same_touch_top_qty_or_order_count_reduced,pass,,,,latest_l2_received_before_or_at_candidate,latest_l2_exchange_time_equal_candidate,event_driven_current_l2_plus_rolling_public_trades_proxy_not_exact_queue_or_fill_probability
536,trades,1783579541008,1783579541243385730,0.235854,buy,62833,62833,62834,1,0.005,15.75567,43,3151.134,13,0.00035,0,0.00035,15.76067,0.00002220717774054021815062430722,touched_quote_without_depletion,,8e-05,False,missing_same_side_strict_through_support,108,59170,319,3,same_touch_stable_enough,real_bbo_history_touch_stability,1389,1783579539619,16.45106,15.75567,-0.69539,55,43,-12,reset_supported,same_touch_top_qty_or_order_count_reduced,pass,,,,latest_l2_received_before_or_at_candidate,latest_l2_exchange_time_before_candidate,event_driven_current_l2_plus_rolling_public_trades_proxy_not_exact_queue_or_fill_probability
537,l2Book,1783579541204,1783579541555843478,0.352346,buy,62833,62833,62834,1,0.005,13.76988,42,2753.976,11,0.00035,0,0.00035,13.77488,0.00002540856980242296121635905358,touched_quote_without_depletion,,8e-05,False,missing_same_side_strict_through_support,109,59685,0,4,same_touch_stable_enough,real_bbo_history_touch_stability,1585,1783579539619,16.45106,13.76988,-2.68118,55,42,-13,reset_supported,same_touch_top_qty_or_order_count_reduced,pass,,,,latest_l2_received_before_or_at_candidate,latest_l2_exchange_time_equal_candidate,event_driven_current_l2_plus_rolling_public_trades_proxy_not_exact_queue_or_fill_probability
538,trades,1783579541696,1783579541889428569,0.193917,buy,62833,62833,62834,1,0.005,13.76988,42,2753.976,12,0.00035,0,0.00035,13.77488,0.00002540856980242296121635905358,touched_quote_without_depletion,,8e-05,False,missing_same_side_strict_through_support,108,59059,492,4,same_touch_stable_enough,real_bbo_history_touch_stability,2077,1783579539619,16.45106,13.76988,-2.68118,55,42,-13,reset_supported,same_touch_top_qty_or_order_count_reduced,pass,,,,latest_l2_received_before_or_at_candidate,latest_l2_exchange_time_before_candidate,event_driven_current_l2_plus_rolling_public_trades_proxy_not_exact_queue_or_fill_probability
539,l2Book,1783579541751,1783579542019994103,0.26948,buy,62833,62833,62834,1,0.005,14.244,46,2848.8,12,0.00035,0,0.00035,14.249,0.00002456312723699908765527405432,touched_quote_without_depletion,,8e-05,False,missing_same_side_strict_through_support,109,59606,0,5,same_touch_stable_enough,real_bbo_history_touch_stability,2132,1783579539619,16.45106,14.244,-2.20706,55,46,-9,reset_supported,same_touch_top_qty_or_order_count_reduced,pass,,,,latest_l2_received_before_or_at_candidate,latest_l2_exchange_time_equal_candidate,event_driven_current_l2_plus_rolling_public_trades_proxy_not_exact_queue_or_fill_probability
540,trades,1783579542168,1783579542372032367,0.204532,buy,62833,62833,62834,1,0.005,14.244,46,2848.8,21,0.00035,0,0.00035,14.249,0.00002456312723699908765527405432,touched_quote_without_depletion,,8e-05,False,missing_same_side_strict_through_support,108,59135,417,5,same_touch_stable_enough,real_bbo_history_touch_stability,2549,1783579539619,16.45106,14.244,-2.20706,55,46,-9,reset_supported,same_touch_top_qty_or_order_count_reduced,pass,,,,latest_l2_received_before_or_at_candidate,latest_l2_exchange_time_before_candidate,event_driven_current_l2_plus_rolling_public_trades_proxy_not_exact_queue_or_fill_probability
541,l2Book,1783579542302,1783579542580700123,0.279169,buy,62833,62833,62834,1,0.005,15.37036,51,3074.072,19,0.00035,0,0.00035,15.37536,0.00002276369463869463869463869464,touched_quote_without_depletion,,8e-05,False,missing_same_side_strict_through_support,109,59686,0,6,same_touch_stable_enough,real_bbo_history_touch_stability,2683,1783579539619,16.45106,15.37036,-1.0807,55,51,-4,reset_supported,same_touch_top_qty_or_order_count_reduced,pass,,,,latest_l2_received_before_or_at_candidate,latest_l2_exchange_time_equal_candidate,event_driven_current_l2_plus_rolling_public_trades_proxy_not_exact_queue_or_fill_probability
542,l2Book,1783579542826,1783579543240075737,0.414537,buy,62833,62833,62834,1,0.005,14.92862,46,2985.724,14,0.00035,0,0.00035,14.93362,0.00002343705009234197736382739081,touched_quote_without_depletion,,8e-05,False,missing_same_side_strict_through_support,109,59688,0,7,same_touch_stable_enough,real_bbo_history_touch_stability,3207,1783579539619,16.45106,14.92862,-1.52244,55,46,-9,reset_supported,same_touch_top_qty_or_order_count_reduced,pass,,,,latest_l2_received_before_or_at_candidate,latest_l2_exchange_time_equal_candidate,event_driven_current_l2_plus_rolling_public_trades_proxy_not_exact_queue_or_fill_probability
543,l2Book,1783579543377,1783579543664503819,0.287993,buy,62833,62833,62834,1,0.005,3.23507,17,647.014,13,0.00035,0,0.00035,3.24007,0.0001080223575416580505976722725,touched_quote_without_depletion,,8e-05,False,missing_same_side_strict_through_support,109,59693,0,8,same_touch_stable_enough,real_bbo_history_touch_stability,3758,1783579539619,16.45106,3.23507,-13.21599,55,17,-38,reset_supported,same_touch_top_qty_or_order_count_reduced,pass,,,,latest_l2_received_before_or_at_candidate,latest_l2_exchange_time_equal_candidate,event_driven_current_l2_plus_rolling_public_trades_proxy_not_exact_queue_or_fill_probability
544,l2Book,1783579543913,1783579544227055566,0.31457,buy,62833,62833,62834,1,0.005,3.10386,15,620.772,13,0.00035,0,0.00035,3.10886,0.0001125814607283698847809164774,touched_quote_without_depletion,,8e-05,False,missing_same_side_strict_through_support,109,59693,0,9,same_touch_stable_enough,real_bbo_history_touch_stability,4294,1783579539619,16.45106,3.10386,-13.3472,55,15,-40,reset_supported,same_touch_top_qty_or_order_count_reduced,pass,,,,latest_l2_received_before_or_at_candidate,latest_l2_exchange_time_equal_candidate,event_driven_current_l2_plus_rolling_public_trades_proxy_not_exact_queue_or_fill_probability
545,trades,1783579544043,1783579544257868581,0.215337,buy,62833,62833,62834,1,0.005,3.10386,15,620.772,13,0.00043,0,0.00043,3.10886,0.0001383143660377115727308402437,touched_quote_without_depletion,,0.0001,False,missing_same_side_strict_through_support,109,59693,130,9,same_touch_stable_enough,real_bbo_history_touch_stability,4424,1783579539619,16.45106,3.10386,-13.3472,55,15,-40,reset_supported,same_touch_top_qty_or_order_count_reduced,pass,,,,latest_l2_received_before_or_at_candidate,latest_l2_exchange_time_before_candidate,event_driven_current_l2_plus_rolling_public_trades_proxy_not_exact_queue_or_fill_probability
546,l2Book,1783579544424,1783579544689531235,0.266089,buy,62833,62833,62834,1,0.005,3.20314,16,640.628,13,0.00043,0,0.00043,3.20814,0.0001340340508830662003528524316,touched_quote_without_depletion,,0.0001,False,missing_same_side_strict_through_support,109,59683,0,10,same_touch_stable_enough,real_bbo_history_touch_stability,4805,1783579539619,16.45106,3.20314,-13.24792,55,16,-39,reset_supported,same_touch_top_qty_or_order_count_reduced,pass,,,,latest_l2_received_before_or_at_candidate,latest_l2_exchange_time_equal_candidate,event_driven_current_l2_plus_rolling_public_trades_proxy_not_exact_queue_or_fill_probability
547,l2Book,1783579544982,1783579545238394969,0.256879,buy,62833,62833,62834,1,0.005,3.25899,18,651.798,12,0.00043,0,0.00043,3.26399,0.0001317405996954647532621117099,touched_quote_without_depletion,,0.0001,False,missing_same_side_strict_through_support,109,59707,0,11,same_touch_stable_enough,real_bbo_history_touch_stability,5363,1783579539619,16.45106,3.25899,-13.19207,55,18,-37,reset_supported,same_touch_top_qty_or_order_count_reduced,pass,,,,latest_l2_received_before_or_at_candidate,latest_l2_exchange_time_equal_candidate,event_driven_current_l2_plus_rolling_public_trades_proxy_not_exact_queue_or_fill_probability
548,trades,1783579545048,1783579545306532155,0.259036,buy,62833,62833,62834,1,0.005,3.25899,18,651.798,13,0.00043,0,0.00043,3.26399,0.0001317405996954647532621117099,touched_quote_without_depletion,,0.0001,False,missing_same_side_strict_through_support,109,59707,66,11,same_touch_stable_enough,real_bbo_history_touch_stability,5429,1783579539619,16.45106,3.25899,-13.19207,55,18,-37,reset_supported,same_touch_top_qty_or_order_count_reduced,pass,,,,latest_l2_received_before_or_at_candidate,latest_l2_exchange_time_before_candidate,event_driven_current_l2_plus_rolling_public_trades_proxy_not_exact_queue_or_fill_probability
549,l2Book,1783579545520,1783579545796754414,0.277263,buy,62833,62833,62834,1,0.005,3.03465,15,606.93,2,0.00043,0,0.00043,3.03965,0.0001414636553550573256789432994,touched_quote_without_depletion,,0.0001,False,missing_same_side_strict_through_support,109,59678,0,12,same_touch_stable_enough,real_bbo_history_touch_stability,5901,1783579539619,16.45106,3.03465,-13.41641,55,15,-40,reset_supported,same_touch_top_qty_or_order_count_reduced,pass,,,,latest_l2_received_before_or_at_candidate,latest_l2_exchange_time_equal_candidate,event_driven_current_l2_plus_rolling_public_trades_proxy_not_exact_queue_or_fill_probability
550,l2Book,1783579546057,1783579546373053950,0.316568,buy,62833,62833,62834,1,0.005,3.03465,15,606.93,2,0.00043,0,0.00043,3.03965,0.0001414636553550573256789432994,touched_quote_without_depletion,,0.0001,False,missing_same_side_strict_through_support,109,59607,0,13,same_touch_stable_enough,real_bbo_history_touch_stability,6438,1783579539619,16.45106,3.03465,-13.41641,55,15,-40,reset_supported,same_touch_top_qty_or_order_count_reduced,pass,,,,latest_l2_received_before_or_at_candidate,latest_l2_exchange_time_equal_candidate,event_driven_current_l2_plus_rolling_public_trades_proxy_not_exact_queue_or_fill_probability
551,trades,1783579546057,1783579546373797719,0.31709,buy,62833,62833,62834,1,0.005,3.03465,15,606.93,3,0.00043,0,0.00043,3.03965,0.0001414636553550573256789432994,touched_quote_without_depletion,,0.0001,False,missing_same_side_strict_through_support,109,59607,0,13,same_touch_stable_enough,real_bbo_history_touch_stability,6438,1783579539619,16.45106,3.03465,-13.41641,55,15,-40,reset_supported,same_touch_top_qty_or_order_count_reduced,pass,,,,latest_l2_received_before_or_at_candidate,latest_l2_exchange_time_equal_candidate,event_driven_current_l2_plus_rolling_public_trades_proxy_not_exact_queue_or_fill_probability
552,l2Book,1783579546636,1783579546998862228,0.36337,buy,62833,62833,62834,1,0.005,3.03465,15,606.93,3,0.00043,0,0.00043,3.03965,0.0001414636553550573256789432994,touched_quote_without_depletion,,0.0001,False,missing_same_side_strict_through_support,109,59585,0,14,same_touch_stable_enough,real_bbo_history_touch_stability,7017,1783579539619,16.45106,3.03465,-13.41641,55,15,-40,reset_supported,same_touch_top_qty_or_order_count_reduced,pass,,,,latest_l2_received_before_or_at_candidate,latest_l2_exchange_time_equal_candidate,event_driven_current_l2_plus_rolling_public_trades_proxy_not_exact_queue_or_fill_probability
553,l2Book,1783579547190,1783579547475148867,0.285684,buy,62833,62833,62834,1,0.005,2.97971,16,595.942,2,0,0,0,2.98471,0,not_depleted,,0.0,False,missing_same_side_strict_through_support;missing_recent_same_side_at_or_through_throughput,109,59618,0,15,same_touch_stable_enough,real_bbo_history_touch_stability,7571,1783579539619,16.45106,2.97971,-13.47135,55,16,-39,reset_supported,same_touch_top_qty_or_order_count_reduced,pass,,,,latest_l2_received_before_or_at_candidate,latest_l2_exchange_time_equal_candidate,event_driven_current_l2_plus_rolling_public_trades_proxy_not_exact_queue_or_fill_probability
554,trades,1783579547242,1783579547502080492,0.260566,buy,62833,62833,62834,1,0.005,2.97971,16,595.942,4,0.0005,0,0.0005,2.98471,0.0001675204626245095838456667482,touched_quote_without_depletion,,0.00012,False,missing_same_side_strict_through_support,109,59618,52,15,same_touch_stable_enough,real_bbo_history_touch_stability,7623,1783579539619,16.45106,2.97971,-13.47135,55,16,-39,reset_supported,same_touch_top_qty_or_order_count_reduced,pass,,,,latest_l2_received_before_or_at_candidate,latest_l2_exchange_time_before_candidate,event_driven_current_l2_plus_rolling_public_trades_proxy_not_exact_queue_or_fill_probability
555,l2Book,1783579547730,1783579548012536903,0.28307,buy,62833,62833,62834,1,0.005,2.85475,14,570.95,4,0.0005,0,0.0005,2.85975,0.000174840458082000174840458082,touched_quote_without_depletion,,0.00012,False,missing_same_side_strict_through_support,109,59606,0,16,same_touch_stable_enough,real_bbo_history_touch_stability,8111,1783579539619,16.45106,2.85475,-13.59631,55,14,-41,reset_supported,same_touch_top_qty_or_order_count_reduced,pass,,,,latest_l2_received_before_or_at_candidate,latest_l2_exchange_time_equal_candidate,event_driven_current_l2_plus_rolling_public_trades_proxy_not_exact_queue_or_fill_probability
556,l2Book,1783579548270,1783579548558846603,0.289333,buy,62833,62833,62834,1,0.005,0.00017,1,0.034,3,0.0005,0,0.0005,0.00517,0.09671179883945841392649903288,depleted_visible_top_proxy_only,,0.00012,False,missing_same_side_strict_through_support,109,59523,0,17,same_touch_stable_enough,real_bbo_history_touch_stability,8651,1783579539619,16.45106,0.00017,-16.45089,55,1,-54,reset_supported,same_touch_top_qty_or_order_count_reduced,pass,,,,latest_l2_received_before_or_at_candidate,latest_l2_exchange_time_equal_candidate,event_driven_current_l2_plus_rolling_public_trades_proxy_not_exact_queue_or_fill_probability
557,trades,1783579548741,1783579548953090131,0.212565,buy,62833,62833,62834,1,0.005,0.00017,1,0.034,4,0.0005,0,0.0005,0.00517,0.09671179883945841392649903288,depleted_visible_top_proxy_only,,0.00012,False,missing_same_side_strict_through_support,109,59523,471,17,same_touch_stable_enough,real_bbo_history_touch_stability,9122,1783579539619,16.45106,0.00017,-16.45089,55,1,-54,reset_supported,same_touch_top_qty_or_order_count_reduced,pass,,,,latest_l2_received_before_or_at_candidate,latest_l2_exchange_time_before_candidate,event_driven_current_l2_plus_rolling_public_trades_proxy_not_exact_queue_or_fill_probability
558,l2Book,1783579548807,1783579549120838559,0.314326,buy,62833,62833,62834,1,0.005,0.00017,1,0.034,4,0.0005,0,0.0005,0.00517,0.09671179883945841392649903288,depleted_visible_top_proxy_only,,0.00012,False,missing_same_side_strict_through_support,109,59459,0,18,same_touch_stable_enough,real_bbo_history_touch_stability,9188,1783579539619,16.45106,0.00017,-16.45089,55,1,-54,reset_supported,same_touch_top_qty_or_order_count_reduced,pass,,,,latest_l2_received_before_or_at_candidate,latest_l2_exchange_time_equal_candidate,event_driven_current_l2_plus_rolling_public_trades_proxy_not_exact_queue_or_fill_probability
559,trades,1783579548874,1783579549152697756,0.279195,buy,62833,62833,62834,1,0.005,0.00017,1,0.034,17,0.00067,0.12713,0.1278,0.00517,24.7195357833655705996131528,depleted_top_plus_order_proxy,quality_a,0.005,True,,109,59459,67,18,same_touch_stable_enough,real_bbo_history_touch_stability,9255,1783579539619,16.45106,0.00017,-16.45089,55,1,-54,reset_supported,same_touch_top_qty_or_order_count_reduced,pass,,,,latest_l2_received_before_or_at_candidate,latest_l2_exchange_time_before_candidate,event_driven_current_l2_plus_rolling_public_trades_proxy_not_exact_queue_or_fill_probability
560,l2Book,1783579549880,1783579550189941434,0.31046,buy,62830,62830,62831,1,0.005,1.63109,10,326.218,17,0.0609,0,0.0609,1.63609,0.03722289116124418583329767922,touched_quote_without_depletion,,0.005,False,missing_same_side_strict_through_support,110,60000,0,2,same_touch_stable_enough,real_bbo_history_touch_stability,536,1783579549344,1.30909,1.63109,0.322,7,10,3,not_reset,history_present_no_reset,pass,,,history_present_no_reset,latest_l2_received_before_or_at_candidate,latest_l2_exchange_time_equal_candidate,event_driven_current_l2_plus_rolling_public_trades_proxy_not_exact_queue_or_fill_probability
561,l2Book,1783579550417,1783579550721909293,0.305421,buy,62830,62830,62831,1,0.005,1.39502,8,279.004,15,0.0609,0,0.0609,1.40002,0.04349937858030599562863387666,touched_quote_without_depletion,,0.005,False,missing_same_side_strict_through_support,110,59935,0,3,same_touch_stable_enough,real_bbo_history_touch_stability,1073,1783579549344,1.63109,1.39502,-0.23607,10,8,-2,reset_supported,same_touch_top_qty_or_order_count_reduced,pass,,,,latest_l2_received_before_or_at_candidate,latest_l2_exchange_time_equal_candidate,event_driven_current_l2_plus_rolling_public_trades_proxy_not_exact_queue_or_fill_probability
562,l2Book,1783579550955,1783579551315374674,0.360876,buy,62830,62830,62831,1,0.005,0.48029,6,96.058,15,0.0609,0,0.0609,0.48529,0.125491973871293453398998537,touched_quote_without_depletion,,0.005,False,missing_same_side_strict_through_support,110,59941,0,4,same_touch_stable_enough,real_bbo_history_touch_stability,1611,1783579549344,1.63109,0.48029,-1.1508,10,6,-4,reset_supported,same_touch_top_qty_or_order_count_reduced,pass,,,,latest_l2_received_before_or_at_candidate,latest_l2_exchange_time_equal_candidate,event_driven_current_l2_plus_rolling_public_trades_proxy_not_exact_queue_or_fill_probability
563,trades,1783579551020,1783579551348406123,0.328914,buy,62830,62830,62831,1,0.005,0.48029,6,96.058,16,0.0609,0,0.0609,0.48529,0.125491973871293453398998537,touched_quote_without_depletion,,0.005,False,missing_same_side_strict_through_support,109,59417,65,4,same_touch_stable_enough,real_bbo_history_touch_stability,1676,1783579549344,1.63109,0.48029,-1.1508,10,6,-4,reset_supported,same_touch_top_qty_or_order_count_reduced,pass,,,,latest_l2_received_before_or_at_candidate,latest_l2_exchange_time_before_candidate,event_driven_current_l2_plus_rolling_public_trades_proxy_not_exact_queue_or_fill_probability
564,l2Book,1783579551492,1783579551788544561,0.29704,buy,62830,62830,62831,1,0.005,1.40489,8,280.978,16,0.0609,0,0.0609,1.40989,0.04319485917341069161423940875,touched_quote_without_depletion,,0.005,False,missing_same_side_strict_through_support,110,59954,0,5,same_touch_stable_enough,real_bbo_history_touch_stability,2148,1783579549344,1.63109,1.40489,-0.2262,10,8,-2,reset_supported,same_touch_top_qty_or_order_count_reduced,pass,,,,latest_l2_received_before_or_at_candidate,latest_l2_exchange_time_equal_candidate,event_driven_current_l2_plus_rolling_public_trades_proxy_not_exact_queue_or_fill_probability
565,l2Book,1783579552033,1783579552437844669,0.405319,buy,62830,62830,62831,1,0.005,5.97089,16,1194.178,1,0,0,0,5.97589,0,not_depleted,,0.0,False,missing_same_side_strict_through_support;missing_recent_same_side_at_or_through_throughput,110,59926,0,6,same_touch_stable_enough,real_bbo_history_touch_stability,2689,1783579549344,1.63109,5.97089,4.3398,10,16,6,not_reset,history_present_no_reset,pass,,,history_present_no_reset,latest_l2_received_before_or_at_candidate,latest_l2_exchange_time_equal_candidate,event_driven_current_l2_plus_rolling_public_trades_proxy_not_exact_queue_or_fill_probability
566,trades,1783579552033,1783579552438549777,0.405809,buy,62830,62830,62831,1,0.005,5.97089,16,1194.178,3,0.00044,0,0.00044,5.97589,0.00007362920000200806909096385643,touched_quote_without_depletion,,0.00011,False,missing_same_side_strict_through_support,110,59926,0,6,same_touch_stable_enough,real_bbo_history_touch_stability,2689,1783579549344,1.63109,5.97089,4.3398,10,16,6,not_reset,history_present_no_reset,pass,,,history_present_no_reset,latest_l2_received_before_or_at_candidate,latest_l2_exchange_time_equal_candidate,event_driven_current_l2_plus_rolling_public_trades_proxy_not_exact_queue_or_fill_probability
567,l2Book,1783579552570,1783579553026932809,0.457429,buy,62830,62830,62831,1,0.005,2.58788,13,517.576,3,0.00044,0,0.00044,2.59288,0.0001696954737589090123723427231,touched_quote_without_depletion,,0.00011,False,missing_same_side_strict_through_support,110,59861,0,7,same_touch_stable_enough,real_bbo_history_touch_stability,3226,1783579549344,5.97089,2.58788,-3.38301,16,13,-3,reset_supported,same_touch_top_qty_or_order_count_reduced,pass,,,,latest_l2_received_before_or_at_candidate,latest_l2_exchange_time_equal_candidate,event_driven_current_l2_plus_rolling_public_trades_proxy_not_exact_queue_or_fill_probability
568,trades,1783579553038,1783579553282849002,0.245374,buy,62830,62830,62831,1,0.005,2.58788,13,517.576,6,0.00112,0,0.00112,2.59288,0.000431952115022677486038690568,touched_quote_without_depletion,,0.00028,False,missing_same_side_strict_through_support,109,59324,468,7,same_touch_stable_enough,real_bbo_history_touch_stability,3694,1783579549344,5.97089,2.58788,-3.38301,16,13,-3,reset_supported,same_touch_top_qty_or_order_count_reduced,pass,,,,latest_l2_received_before_or_at_candidate,latest_l2_exchange_time_before_candidate,event_driven_current_l2_plus_rolling_public_trades_proxy_not_exact_queue_or_fill_probability
569,l2Book,1783579553105,1783579553396401164,0.291906,buy,62830,62830,62831,1,0.005,3.78195,16,756.39,6,0.00112,0,0.00112,3.78695,0.0002957525185175405009308282391,touched_quote_without_depletion,,0.00028,False,missing_same_side_strict_through_support,110,59859,0,8,same_touch_stable_enough,real_bbo_history_touch_stability,3761,1783579549344,5.97089,3.78195,-2.18894,16,16,0,not_reset,history_present_no_reset,pass,,,history_present_no_reset,latest_l2_received_before_or_at_candidate,latest_l2_exchange_time_equal_candidate,event_driven_current_l2_plus_rolling_public_trades_proxy_not_exact_queue_or_fill_probability
570,l2Book,1783579553642,1783579553922457671,0.280965,buy,62830,62830,62831,1,0.005,5.18827,17,1037.654,6,0.00112,0,0.00112,5.19327,0.0002156637340249977374563617913,touched_quote_without_depletion,,0.00028,False,missing_same_side_strict_through_support,110,59858,0,9,same_touch_stable_enough,real_bbo_history_touch_stability,4298,1783579549344,5.97089,5.18827,-0.78262,16,17,1,not_reset,history_present_no_reset,pass,,,history_present_no_reset,latest_l2_received_before_or_at_candidate,latest_l2_exchange_time_equal_candidate,event_driven_current_l2_plus_rolling_public_trades_proxy_not_exact_queue_or_fill_probability
571,l2Book,1783579554247,1783579554570024520,0.323507,buy,62830,62830,62831,1,0.005,3.38371,14,676.742,5,0.00112,0,0.00112,3.38871,0.0003305092498325321435000339362,touched_quote_without_depletion,,0.00028,False,missing_same_side_strict_through_support,110,59928,0,10,same_touch_stable_enough,real_bbo_history_touch_stability,4903,1783579549344,5.97089,3.38371,-2.58718,17,14,-3,reset_supported,same_touch_top_qty_or_order_count_reduced,pass,,,,latest_l2_received_before_or_at_candidate,latest_l2_exchange_time_equal_candidate,event_driven_current_l2_plus_rolling_public_trades_proxy_not_exact_queue_or_fill_probability
572,trades,1783579554247,1783579554570697909,0.32401,buy,62830,62830,62831,1,0.005,3.38371,14,676.742,6,0.00112,0,0.00112,3.38871,0.0003305092498325321435000339362,touched_quote_without_depletion,,0.00028,False,missing_same_side_strict_through_support,110,59928,0,10,same_touch_stable_enough,real_bbo_history_touch_stability,4903,1783579549344,5.97089,3.38371,-2.58718,17,14,-3,reset_supported,same_touch_top_qty_or_order_count_reduced,pass,,,,latest_l2_received_before_or_at_candidate,latest_l2_exchange_time_equal_candidate,event_driven_current_l2_plus_rolling_public_trades_proxy_not_exact_queue_or_fill_probability
573,l2Book,1783579554775,1783579555031890012,0.25739,buy,62830,62830,62831,1,0.005,3.78195,16,756.39,6,0.00112,0,0.00112,3.78695,0.0002957525185175405009308282391,touched_quote_without_depletion,,0.00028,False,missing_same_side_strict_through_support,110,59913,0,11,same_touch_stable_enough,real_bbo_history_touch_stability,5431,1783579549344,5.97089,3.78195,-2.18894,17,16,-1,reset_supported,same_touch_top_qty_or_order_count_reduced,pass,,,,latest_l2_received_before_or_at_candidate,latest_l2_exchange_time_equal_candidate,event_driven_current_l2_plus_rolling_public_trades_proxy_not_exact_queue_or_fill_probability
574,l2Book,1783579555320,1783579555625021287,0.305533,buy,62830,62830,62831,1,0.005,3.38371,14,676.742,4,0.00068,0,0.00068,3.38871,0.000200666330255465944267877747,touched_quote_without_depletion,,0.00017,False,missing_same_side_strict_through_support,110,59937,0,12,same_touch_stable_enough,real_bbo_history_touch_stability,5976,1783579549344,5.97089,3.38371,-2.58718,17,14,-3,reset_supported,same_touch_top_qty_or_order_count_reduced,pass,,,,latest_l2_received_before_or_at_candidate,latest_l2_exchange_time_equal_candidate,event_driven_current_l2_plus_rolling_public_trades_proxy_not_exact_queue_or_fill_probability
575,l2Book,1783579555882,1783579556172660690,0.291163,buy,62830,62830,62831,1,0.005,2.31182,7,462.364,4,0.00068,0,0.00068,2.31682,0.0002935057535760223064372717777,touched_quote_without_depletion,,0.00017,False,missing_same_side_strict_through_support,110,59948,0,13,same_touch_stable_enough,real_bbo_history_touch_stability,6538,1783579549344,5.97089,2.31182,-3.65907,17,7,-10,reset_supported,same_touch_top_qty_or_order_count_reduced,pass,,,,latest_l2_received_before_or_at_candidate,latest_l2_exchange_time_equal_candidate,event_driven_current_l2_plus_rolling_public_trades_proxy_not_exact_queue_or_fill_probability
576,trades,1783579556015,1783579556248230207,0.233676,buy,62830,62830,62831,1,0.005,2.31182,7,462.364,5,0.00068,0,0.00068,2.31682,0.0002935057535760223064372717777,touched_quote_without_depletion,,0.00017,False,missing_same_side_strict_through_support,109,59412,133,13,same_touch_stable_enough,real_bbo_history_touch_stability,6671,1783579549344,5.97089,2.31182,-3.65907,17,7,-10,reset_supported,same_touch_top_qty_or_order_count_reduced,pass,,,,latest_l2_received_before_or_at_candidate,latest_l2_exchange_time_before_candidate,event_driven_current_l2_plus_rolling_public_trades_proxy_not_exact_queue_or_fill_probability
577,l2Book,1783579556416,1783579556698853706,0.283359,buy,62830,62830,62831,1,0.005,1.83473,9,366.946,2,0,0,0,1.83973,0,not_depleted,,0.0,False,missing_same_side_strict_through_support;missing_recent_same_side_at_or_through_throughput,110,59946,0,14,same_touch_stable_enough,real_bbo_history_touch_stability,7072,1783579549344,5.97089,1.83473,-4.13616,17,9,-8,reset_supported,same_touch_top_qty_or_order_count_reduced,pass,,,,latest_l2_received_before_or_at_candidate,latest_l2_exchange_time_equal_candidate,event_driven_current_l2_plus_rolling_public_trades_proxy_not_exact_queue_or_fill_probability
578,l2Book,1783579556954,1783579557238757252,0.285276,buy,62830,62830,62831,1,0.005,2.90864,9,581.728,2,0,0,0,2.91364,0,not_depleted,,0.0,False,missing_same_side_strict_through_support;missing_recent_same_side_at_or_through_throughput,110,59953,0,15,same_touch_stable_enough,real_bbo_history_touch_stability,7610,1783579549344,5.97089,2.90864,-3.06225,17,9,-8,reset_supported,same_touch_top_qty_or_order_count_reduced,pass,,,,latest_l2_received_before_or_at_candidate,latest_l2_exchange_time_equal_candidate,event_driven_current_l2_plus_rolling_public_trades_proxy_not_exact_queue_or_fill_probability
579,trades,1783579557021,1783579557268618694,0.24808,buy,62830,62830,62831,1,0.005,2.90864,9,581.728,5,0.08287,0,0.08287,2.91364,0.02844208618772394667838168065,touched_quote_without_depletion,,0.005,False,missing_same_side_strict_through_support,109,59410,67,15,same_touch_stable_enough,real_bbo_history_touch_stability,7677,1783579549344,5.97089,2.90864,-3.06225,17,9,-8,reset_supported,same_touch_top_qty_or_order_count_reduced,pass,,,,latest_l2_received_before_or_at_candidate,latest_l2_exchange_time_before_candidate,event_driven_current_l2_plus_rolling_public_trades_proxy_not_exact_queue_or_fill_probability
580,l2Book,1783579557492,1783579557893600088,0.402168,buy,62830,62830,62831,1,0.005,1.27678,7,255.356,4,0.08287,0,0.08287,1.28178,0.06465228042253740891572656774,touched_quote_without_depletion,,0.005,False,missing_same_side_strict_through_support,110,59948,0,16,same_touch_stable_enough,real_bbo_history_touch_stability,8148,1783579549344,5.97089,1.27678,-4.69411,17,7,-10,reset_supported,same_touch_top_qty_or_order_count_reduced,pass,,,,latest_l2_received_before_or_at_candidate,latest_l2_exchange_time_equal_candidate,event_driven_current_l2_plus_rolling_public_trades_proxy_not_exact_queue_or_fill_probability
581,l2Book,1783579558027,1783579558470432890,0.443917,buy,62830,62830,62831,1,0.005,1.27078,6,254.156,4,0.08287,0,0.08287,1.27578,0.06495634043487121604038313816,touched_quote_without_depletion,,0.005,False,missing_same_side_strict_through_support,110,59948,0,17,same_touch_stable_enough,real_bbo_history_touch_stability,8683,1783579549344,5.97089,1.27078,-4.70011,17,6,-11,reset_supported,same_touch_top_qty_or_order_count_reduced,pass,,,,latest_l2_received_before_or_at_candidate,latest_l2_exchange_time_equal_candidate,event_driven_current_l2_plus_rolling_public_trades_proxy_not_exact_queue_or_fill_probability
582,trades,1783579558027,1783579558471633203,0.444977,buy,62830,62830,62831,1,0.005,1.27078,6,254.156,21,0.08287,0,0.08287,1.27578,0.06495634043487121604038313816,touched_quote_without_depletion,,0.005,False,missing_same_side_strict_through_support,110,59948,0,17,same_touch_stable_enough,real_bbo_history_touch_stability,8683,1783579549344,5.97089,1.27078,-4.70011,17,6,-11,reset_supported,same_touch_top_qty_or_order_count_reduced,pass,,,,latest_l2_received_before_or_at_candidate,latest_l2_exchange_time_equal_candidate,event_driven_current_l2_plus_rolling_public_trades_proxy_not_exact_queue_or_fill_probability
583,trades,1783579558160,1783579558472123920,0.312446,buy,62830,62830,62831,1,0.005,1.27078,6,254.156,23,0.08577,0,0.08577,1.27578,0.0672294596247001834172035931,touched_quote_without_depletion,,0.005,False,missing_same_side_strict_through_support,109,59426,133,17,same_touch_stable_enough,real_bbo_history_touch_stability,8816,1783579549344,5.97089,1.27078,-4.70011,17,6,-11,reset_supported,same_touch_top_qty_or_order_count_reduced,pass,,,,latest_l2_received_before_or_at_candidate,latest_l2_exchange_time_before_candidate,event_driven_current_l2_plus_rolling_public_trades_proxy_not_exact_queue_or_fill_probability
584,l2Book,1783579558563,1783579558865557146,0.303099,buy,62830,62830,62831,1,0.005,1.26788,6,253.576,23,0.08577,0,0.08577,1.27288,0.06738262837030984853246181887,touched_quote_without_depletion,,0.005,False,missing_same_side_strict_through_support,110,59962,0,18,same_touch_stable_enough,real_bbo_history_touch_stability,9219,1783579549344,5.97089,1.26788,-4.70301,17,6,-11,reset_supported,same_touch_top_qty_or_order_count_reduced,pass,,,,latest_l2_received_before_or_at_candidate,latest_l2_exchange_time_equal_candidate,event_driven_current_l2_plus_rolling_public_trades_proxy_not_exact_queue_or_fill_probability
585,trades,1783579558897,1783579559108484679,0.21197,buy,62830,62830,62831,1,0.005,1.26788,6,253.576,25,0.12806,0,0.12806,1.27288,0.1006064986487335805417635598,touched_quote_without_depletion,,0.005,False,missing_same_side_strict_through_support,109,59406,334,18,same_touch_stable_enough,real_bbo_history_touch_stability,9553,1783579549344,5.97089,1.26788,-4.70301,17,6,-11,reset_supported,same_touch_top_qty_or_order_count_reduced,pass,,,,latest_l2_received_before_or_at_candidate,latest_l2_exchange_time_before_candidate,event_driven_current_l2_plus_rolling_public_trades_proxy_not_exact_queue_or_fill_probability
586,l2Book,1783579559105,1783579559478186889,0.373674,buy,62830,62830,62831,1,0.005,0.00022,1,0.044,24,0.12806,0,0.12806,0.00522,24.53256704980842911877394636,depleted_top_plus_order_proxy,,0.005,False,missing_same_side_strict_through_support,110,59948,0,19,same_touch_stable_enough,real_bbo_history_touch_stability,9761,1783579549344,5.97089,0.00022,-5.97067,17,1,-16,reset_supported,same_touch_top_qty_or_order_count_reduced,pass,,,,latest_l2_received_before_or_at_candidate,latest_l2_exchange_time_equal_candidate,event_driven_current_l2_plus_rolling_public_trades_proxy_not_exact_queue_or_fill_probability
587,trades,1783579559174,1783579559505409777,0.331906,buy,62830,62830,62831,1,0.005,0.00022,1,0.044,25,0.12806,0,0.12806,0.00522,24.53256704980842911877394636,depleted_top_plus_order_proxy,,0.005,False,missing_same_side_strict_through_support,109,59415,69,19,same_touch_stable_enough,real_bbo_history_touch_stability,9830,1783579549344,5.97089,0.00022,-5.97067,17,1,-16,reset_supported,same_touch_top_qty_or_order_count_reduced,pass,,,,latest_l2_received_before_or_at_candidate,latest_l2_exchange_time_before_candidate,event_driven_current_l2_plus_rolling_public_trades_proxy_not_exact_queue_or_fill_probability
588,trades,1783579559367,1783579559591017395,0.224542,buy,62830,62830,62831,1,0.005,0.00022,1,0.044,35,0.12828,0.12708,0.25536,0.00522,48.91954022988505747126436782,depleted_top_plus_order_proxy,quality_a,0.005,True,,109,59415,262,19,same_touch_stable_enough,real_bbo_history_touch_stability,10023,1783579549344,5.97089,0.00022,-5.97067,17,1,-16,reset_supported,same_touch_top_qty_or_order_count_reduced,pass,,,,latest_l2_received_before_or_at_candidate,latest_l2_exchange_time_before_candidate,event_driven_current_l2_plus_rolling_public_trades_proxy_not_exact_queue_or_fill_probability
589,trades,1783579559918,1783579560258196958,0.340684,buy,62822,62822,62823,1,0.005,0.00017,1,0.034,47,0.07975,0.00394,0.08369,0.00517,16.18762088974854932301740812,depleted_top_plus_order_proxy,quality_a,0.005,True,,109,59409,287,1,same_touch_stable_enough,real_bbo_history_touch_stability,287,1783579559631,,0.00017,,,1,,missing,no_prior_same_touch_bbo,pass,,,no_prior_same_touch_bbo,latest_l2_received_before_or_at_candidate,latest_l2_exchange_time_before_candidate,event_driven_current_l2_plus_rolling_public_trades_proxy_not_exact_queue_or_fill_probability
590,l2Book,1783579560717,1783579561007605785,0.291102,buy,62819,62819,62820,1,0.005,6.38837,26,1277.674,44,0.00178,0,0.00178,6.39337,0.0002784134189011429027257925007,touched_quote_without_depletion,,0.00044,False,missing_same_side_strict_through_support,110,59917,0,2,same_touch_stable_enough,real_bbo_history_touch_stability,538,1783579560179,0.51064,6.38837,5.87773,4,26,22,not_reset,history_present_no_reset,pass,,,history_present_no_reset,latest_l2_received_before_or_at_candidate,latest_l2_exchange_time_equal_candidate,event_driven_current_l2_plus_rolling_public_trades_proxy_not_exact_queue_or_fill_probability
591,trades,1783579561114,1783579561321815580,0.208304,buy,62819,62819,62820,1,0.005,6.38837,26,1277.674,28,0.01261,0,0.01261,6.39337,0.001972355737271579777175417659,touched_quote_without_depletion,,0.00315,False,missing_same_side_strict_through_support,109,59384,397,2,same_touch_stable_enough,real_bbo_history_touch_stability,935,1783579560179,0.51064,6.38837,5.87773,4,26,22,not_reset,history_present_no_reset,pass,,,history_present_no_reset,latest_l2_received_before_or_at_candidate,latest_l2_exchange_time_before_candidate,event_driven_current_l2_plus_rolling_public_trades_proxy_not_exact_queue_or_fill_probability
592,l2Book,1783579561251,1783579561537829363,0.287327,buy,62819,62819,62820,1,0.005,5.98487,24,1196.974,26,0.01261,0,0.01261,5.98987,0.002105220981423636906977947768,touched_quote_without_depletion,,0.00315,False,missing_same_side_strict_through_support,110,59918,0,3,same_touch_stable_enough,real_bbo_history_touch_stability,1072,1783579560179,6.38837,5.98487,-0.4035,26,24,-2,reset_supported,same_touch_top_qty_or_order_count_reduced,pass,,,,latest_l2_received_before_or_at_candidate,latest_l2_exchange_time_equal_candidate,event_driven_current_l2_plus_rolling_public_trades_proxy_not_exact_queue_or_fill_probability
593,l2Book,1783579561784,1783579562088588308,0.305068,buy,62819,62819,62820,1,0.005,6.57171,27,1314.342,26,0.01261,0,0.01261,6.57671,0.001917372059890127434537937662,touched_quote_without_depletion,,0.00315,False,missing_same_side_strict_through_support,110,59898,0,4,same_touch_stable_enough,real_bbo_history_touch_stability,1605,1783579560179,6.38837,6.57171,0.18334,26,27,1,not_reset,history_present_no_reset,pass,,,history_present_no_reset,latest_l2_received_before_or_at_candidate,latest_l2_exchange_time_equal_candidate,event_driven_current_l2_plus_rolling_public_trades_proxy_not_exact_queue_or_fill_probability
594,trades,1783579562054,1783579562300412010,0.246891,buy,62819,62819,62820,1,0.005,6.57171,27,1314.342,26,0.04376,0,0.04376,6.57671,0.006653782818460902183614603654,touched_quote_without_depletion,,0.005,False,missing_same_side_strict_through_support,109,59342,270,4,same_touch_stable_enough,real_bbo_history_touch_stability,1875,1783579560179,6.38837,6.57171,0.18334,26,27,1,not_reset,history_present_no_reset,pass,,,history_present_no_reset,latest_l2_received_before_or_at_candidate,latest_l2_exchange_time_before_candidate,event_driven_current_l2_plus_rolling_public_trades_proxy_not_exact_queue_or_fill_probability
595,l2Book,1783579562321,1783579562637712007,0.317283,buy,62819,62819,62820,1,0.005,11.4442,34,2288.84,25,0.04376,0,0.04376,11.4492,0.003822101107500960765817699053,touched_quote_without_depletion,,0.005,False,missing_same_side_strict_through_support,110,59879,0,5,same_touch_stable_enough,real_bbo_history_touch_stability,2142,1783579560179,6.57171,11.4442,4.87249,27,34,7,not_reset,history_present_no_reset,pass,,,history_present_no_reset,latest_l2_received_before_or_at_candidate,latest_l2_exchange_time_equal_candidate,event_driven_current_l2_plus_rolling_public_trades_proxy_not_exact_queue_or_fill_probability
596,l2Book,1783579562857,1783579563204432033,0.347907,buy,62819,62819,62820,1,0.005,9.63125,33,1926.25,9,0.04376,0,0.04376,9.63625,0.004541185627188999870281489169,touched_quote_without_depletion,,0.005,False,missing_same_side_strict_through_support,110,59884,0,6,same_touch_stable_enough,real_bbo_history_touch_stability,2678,1783579560179,11.4442,9.63125,-1.81295,34,33,-1,reset_supported,same_touch_top_qty_or_order_count_reduced,pass,,,,latest_l2_received_before_or_at_candidate,latest_l2_exchange_time_equal_candidate,event_driven_current_l2_plus_rolling_public_trades_proxy_not_exact_queue_or_fill_probability
597,l2Book,1783579563381,1783579563686859185,0.3064,buy,62819,62819,62820,1,0.005,11.61095,36,2322.19,3,0.04198,0,0.04198,11.61595,0.00361399627236687485741588075,touched_quote_without_depletion,,0.005,False,missing_same_side_strict_through_support,110,59870,0,7,same_touch_stable_enough,real_bbo_history_touch_stability,3202,1783579560179,11.4442,11.61095,0.16675,34,36,2,not_reset,history_present_no_reset,pass,,,history_present_no_reset,latest_l2_received_before_or_at_candidate,latest_l2_exchange_time_equal_candidate,event_driven_current_l2_plus_rolling_public_trades_proxy_not_exact_queue_or_fill_probability
598,l2Book,1783579563934,1783579564235472744,0.301976,buy,62819,62819,62820,1,0.005,0.44875,3,89.75,3,0.04198,0,0.04198,0.45375,0.09251790633608815426997245179,touched_quote_without_depletion,,0.005,False,missing_same_side_strict_through_support,110,59885,0,8,same_touch_stable_enough,real_bbo_history_touch_stability,3755,1783579560179,11.61095,0.44875,-11.1622,36,3,-33,reset_supported,same_touch_top_qty_or_order_count_reduced,pass,,,,latest_l2_received_before_or_at_candidate,latest_l2_exchange_time_equal_candidate,event_driven_current_l2_plus_rolling_public_trades_proxy_not_exact_queue_or_fill_probability
599,trades,1783579564069,1783579564286937101,0.218446,buy,62819,62819,62820,1,0.005,0.44875,3,89.75,4,0.07088,0,0.07088,0.45375,0.1562093663911845730027548209,touched_quote_without_depletion,,0.005,False,missing_same_side_strict_through_support,109,59338,135,8,same_touch_stable_enough,real_bbo_history_touch_stability,3890,1783579560179,11.61095,0.44875,-11.1622,36,3,-33,reset_supported,same_touch_top_qty_or_order_count_reduced,pass,,,,latest_l2_received_before_or_at_candidate,latest_l2_exchange_time_before_candidate,event_driven_current_l2_plus_rolling_public_trades_proxy_not_exact_queue_or_fill_probability
600,l2Book,1783579564470,1783579564766108805,0.296592,buy,62819,62819,62820,1,0.005,0.41985,3,83.97,3,0.06005,0,0.06005,0.42485,0.1413440037660350712016005649,touched_quote_without_depletion,,0.005,False,missing_same_side_strict_through_support,110,59874,0,9,same_touch_stable_enough,real_bbo_history_touch_stability,4291,1783579560179,11.61095,0.41985,-11.1911,36,3,-33,reset_supported,same_touch_top_qty_or_order_count_reduced,pass,,,,latest_l2_received_before_or_at_candidate,latest_l2_exchange_time_equal_candidate,event_driven_current_l2_plus_rolling_public_trades_proxy_not_exact_queue_or_fill_probability
601,trades,1783579564604,1783579564862305412,0.258786,buy,62819,62819,62820,1,0.005,0.41985,3,83.97,4,0.06005,0,0.06005,0.42485,0.1413440037660350712016005649,touched_quote_without_depletion,,0.005,False,missing_same_side_strict_through_support,109,59322,134,9,same_touch_stable_enough,real_bbo_history_touch_stability,4425,1783579560179,11.61095,0.41985,-11.1911,36,3,-33,reset_supported,same_touch_top_qty_or_order_count_reduced,pass,,,,latest_l2_received_before_or_at_candidate,latest_l2_exchange_time_before_candidate,event_driven_current_l2_plus_rolling_public_trades_proxy_not_exact_queue_or_fill_probability
602,trades,1783579564738,1783579564948319049,0.210778,buy,62819,62819,62820,1,0.005,0.41985,3,83.97,5,0.15845,0,0.15845,0.42485,0.3729551606449335059432740967,touched_quote_without_depletion,,0.005,False,missing_same_side_strict_through_support,109,59322,268,9,same_touch_stable_enough,real_bbo_history_touch_stability,4559,1783579560179,11.61095,0.41985,-11.1911,36,3,-33,reset_supported,same_touch_top_qty_or_order_count_reduced,pass,,,,latest_l2_received_before_or_at_candidate,latest_l2_exchange_time_before_candidate,event_driven_current_l2_plus_rolling_public_trades_proxy_not_exact_queue_or_fill_probability
603,l2Book,1783579565006,1783579565379057739,0.373568,buy,62819,62819,62820,1,0.005,8.03689,32,1607.378,5,0.15845,0,0.15845,8.04189,0.01970307974866604740925329742,touched_quote_without_depletion,,0.005,False,missing_same_side_strict_through_support,110,59858,0,10,same_touch_stable_enough,real_bbo_history_touch_stability,4827,1783579560179,11.61095,8.03689,-3.57406,36,32,-4,reset_supported,same_touch_top_qty_or_order_count_reduced,pass,,,,latest_l2_received_before_or_at_candidate,latest_l2_exchange_time_equal_candidate,event_driven_current_l2_plus_rolling_public_trades_proxy_not_exact_queue_or_fill_probability
604,l2Book,1783579565543,1783579565824199525,0.281686,buy,62819,62819,62820,1,0.005,13.22425,39,2644.85,3,0.1273,0,0.1273,13.22925,0.009622616550446926318574371185,touched_quote_without_depletion,,0.005,False,missing_same_side_strict_through_support,110,59859,0,11,same_touch_stable_enough,real_bbo_history_touch_stability,5364,1783579560179,11.61095,13.22425,1.6133,36,39,3,not_reset,history_present_no_reset,pass,,,history_present_no_reset,latest_l2_received_before_or_at_candidate,latest_l2_exchange_time_equal_candidate,event_driven_current_l2_plus_rolling_public_trades_proxy_not_exact_queue_or_fill_probability
605,trades,1783579566013,1783579566264744984,0.252227,buy,62819,62819,62820,1,0.005,13.22425,39,2644.85,5,0.1273,0,0.1273,13.22925,0.009622616550446926318574371185,touched_quote_without_depletion,,0.005,False,missing_same_side_strict_through_support,109,59331,470,11,same_touch_stable_enough,real_bbo_history_touch_stability,5834,1783579560179,11.61095,13.22425,1.6133,36,39,3,not_reset,history_present_no_reset,pass,,,history_present_no_reset,latest_l2_received_before_or_at_candidate,latest_l2_exchange_time_before_candidate,event_driven_current_l2_plus_rolling_public_trades_proxy_not_exact_queue_or_fill_probability
606,l2Book,1783579566083,1783579566399262753,0.316747,buy,62819,62819,62820,1,0.005,28.41596,70,5683.192,5,0.1273,0,0.1273,28.42096,0.004479088672585303240988340999,touched_quote_without_depletion,,0.005,False,missing_same_side_strict_through_support,110,59871,0,12,same_touch_stable_enough,real_bbo_history_touch_stability,5904,1783579560179,13.22425,28.41596,15.19171,39,70,31,not_reset,history_present_no_reset,pass,,,history_present_no_reset,latest_l2_received_before_or_at_candidate,latest_l2_exchange_time_equal_candidate,event_driven_current_l2_plus_rolling_public_trades_proxy_not_exact_queue_or_fill_probability
607,l2Book,1783579566616,1783579566945416880,0.329887,buy,62819,62819,62821,2,0.005,25.72541,66,5145.082,5,0.1273,0,0.1273,25.73041,0.004947453227523385752500640293,touched_quote_without_depletion,,0.005,False,missing_same_side_strict_through_support;missing_touch_freshness_or_queue_reset_evidence,110,59861,0,1,same_touch_seen_but_not_stable,real_bbo_history_insufficient,0,1783579566616,,25.72541,,,66,,missing,no_prior_same_touch_bbo,block,no_prior_same_touch_bbo,same_touch_seen_but_not_stable,no_prior_same_touch_bbo,latest_l2_received_before_or_at_candidate,latest_l2_exchange_time_equal_candidate,event_driven_current_l2_plus_rolling_public_trades_proxy_not_exact_queue_or_fill_probability
608,trades,1783579566616,1783579566946099059,0.330406,buy,62819,62819,62821,2,0.005,25.72541,66,5145.082,6,0.1273,0,0.1273,25.73041,0.004947453227523385752500640293,touched_quote_without_depletion,,0.005,False,missing_same_side_strict_through_support;missing_touch_freshness_or_queue_reset_evidence,110,59861,0,1,same_touch_seen_but_not_stable,real_bbo_history_insufficient,0,1783579566616,,25.72541,,,66,,missing,no_prior_same_touch_bbo,block,no_prior_same_touch_bbo,same_touch_seen_but_not_stable,no_prior_same_touch_bbo,latest_l2_received_before_or_at_candidate,latest_l2_exchange_time_equal_candidate,event_driven_current_l2_plus_rolling_public_trades_proxy_not_exact_queue_or_fill_probability
609,trades,1783579566685,1783579566984273592,0.299754,buy,62819,62819,62821,2,0.005,25.72541,66,5145.082,9,0.1273,0,0.1273,25.73041,0.004947453227523385752500640293,touched_quote_without_depletion,,0.005,False,missing_same_side_strict_through_support;missing_touch_freshness_or_queue_reset_evidence,110,59861,69,1,same_touch_seen_but_not_stable,real_bbo_history_insufficient,69,1783579566616,,25.72541,,,66,,missing,no_prior_same_touch_bbo,block,no_prior_same_touch_bbo,same_touch_seen_but_not_stable,no_prior_same_touch_bbo,latest_l2_received_before_or_at_candidate,latest_l2_exchange_time_before_candidate,event_driven_current_l2_plus_rolling_public_trades_proxy_not_exact_queue_or_fill_probability
610,trades,1783579567030,1783579567300649640,0.271128,buy,62819,62819,62821,2,0.005,25.72541,66,5145.082,12,0.1273,0,0.1273,25.73041,0.004947453227523385752500640293,touched_quote_without_depletion,,0.005,False,missing_same_side_strict_through_support,109,59337,414,1,same_touch_stable_enough,real_bbo_history_touch_stability,414,1783579566616,,25.72541,,,66,,missing,no_prior_same_touch_bbo,pass,,,no_prior_same_touch_bbo,latest_l2_received_before_or_at_candidate,latest_l2_exchange_time_before_candidate,event_driven_current_l2_plus_rolling_public_trades_proxy_not_exact_queue_or_fill_probability
611,l2Book,1783579567158,1783579567481073438,0.323553,buy,62824,62824,62825,1,0.005,72.68986,234,14537.972,11,0,0.10379,0.10379,72.69486,0.001427748811951766603581050985,strict_trade_through_seen_but_visible_top_not_depleted,,0.005,False,missing_touch_freshness_or_queue_reset_evidence,110,59879,0,1,same_touch_seen_but_not_stable,real_bbo_history_insufficient,0,1783579567158,,72.68986,,,234,,missing,no_prior_same_touch_bbo,block,no_prior_same_touch_bbo,same_touch_seen_but_not_stable,no_prior_same_touch_bbo,latest_l2_received_before_or_at_candidate,latest_l2_exchange_time_equal_candidate,event_driven_current_l2_plus_rolling_public_trades_proxy_not_exact_queue_or_fill_probability
612,l2Book,1783579567690,1783579568162579385,0.473078,buy,62824,62824,62825,1,0.005,48.45664,228,9691.328,10,0,0.10379,0.10379,48.46164,0.002141693925339711986635202606,strict_trade_through_seen_but_visible_top_not_depleted,,0.002,False,outside_quality_a_b_queue_bands,110,59860,0,2,same_touch_stable_enough,real_bbo_history_touch_stability,532,1783579567158,72.68986,48.45664,-24.23322,234,228,-6,reset_supported,same_touch_top_qty_or_order_count_reduced,pass,,,,latest_l2_received_before_or_at_candidate,latest_l2_exchange_time_equal_candidate,event_driven_current_l2_plus_rolling_public_trades_proxy_not_exact_queue_or_fill_probability
613,trades,1783579568023,1783579568291706008,0.269185,buy,62824,62824,62825,1,0.005,48.45664,228,9691.328,11,0.00071,0.00539,0.0061,48.46164,0.000125872752139630437599718045,strict_trade_through_seen_but_visible_top_not_depleted,,0.00152,False,outside_quality_a_b_queue_bands,109,59320,333,2,same_touch_stable_enough,real_bbo_history_touch_stability,865,1783579567158,72.68986,48.45664,-24.23322,234,228,-6,reset_supported,same_touch_top_qty_or_order_count_reduced,pass,,,,latest_l2_received_before_or_at_candidate,latest_l2_exchange_time_before_candidate,event_driven_current_l2_plus_rolling_public_trades_proxy_not_exact_queue_or_fill_probability
614,l2Book,1783579568226,1783579568602427261,0.376935,buy,62824,62824,62825,1,0.005,37.38712,153,7477.424,11,0.00071,0.00539,0.0061,37.39212,0.0001631359762431228825752591723,strict_trade_through_seen_but_visible_top_not_depleted,,0.00152,False,outside_quality_a_b_queue_bands,110,59856,0,3,same_touch_stable_enough,real_bbo_history_touch_stability,1068,1783579567158,72.68986,37.38712,-35.30274,234,153,-81,reset_supported,same_touch_top_qty_or_order_count_reduced,pass,,,,latest_l2_received_before_or_at_candidate,latest_l2_exchange_time_equal_candidate,event_driven_current_l2_plus_rolling_public_trades_proxy_not_exact_queue_or_fill_probability
615,l2Book,1783579568764,1783579569046566210,0.283068,buy,62824,62824,62825,1,0.005,37.41256,153,7482.512,11,0.00071,0.00539,0.0061,37.41756,0.0001630250609606826313634560885,strict_trade_through_seen_but_visible_top_not_depleted,,0.00152,False,outside_quality_a_b_queue_bands,110,59870,0,4,same_touch_stable_enough,real_bbo_history_touch_stability,1606,1783579567158,72.68986,37.41256,-35.2773,234,153,-81,reset_supported,same_touch_top_qty_or_order_count_reduced,pass,,,,latest_l2_received_before_or_at_candidate,latest_l2_exchange_time_equal_candidate,event_driven_current_l2_plus_rolling_public_trades_proxy_not_exact_queue_or_fill_probability
616,l2Book,1783579569301,1783579569608866000,0.308366,buy,62824,62824,62825,1,0.005,37.9288,156,7585.76,9,0.00071,0.00539,0.0061,37.9338,0.0001608064575655484027437272301,strict_trade_through_seen_but_visible_top_not_depleted,,0.00152,False,outside_quality_a_b_queue_bands,110,59851,0,5,same_touch_stable_enough,real_bbo_history_touch_stability,2143,1783579567158,72.68986,37.9288,-34.76106,234,156,-78,reset_supported,same_touch_top_qty_or_order_count_reduced,pass,,,,latest_l2_received_before_or_at_candidate,latest_l2_exchange_time_equal_candidate,event_driven_current_l2_plus_rolling_public_trades_proxy_not_exact_queue_or_fill_probability
617,trades,1783579569301,1783579569609551526,0.30885,buy,62824,62824,62825,1,0.005,37.9288,156,7585.76,10,0.13254,0.00539,0.13793,37.9338,0.00363607126098624445744955686,strict_trade_through_seen_but_visible_top_not_depleted,,0.002,False,outside_quality_a_b_queue_bands,110,59851,0,5,same_touch_stable_enough,real_bbo_history_touch_stability,2143,1783579567158,72.68986,37.9288,-34.76106,234,156,-78,reset_supported,same_touch_top_qty_or_order_count_reduced,pass,,,,latest_l2_received_before_or_at_candidate,latest_l2_exchange_time_equal_candidate,event_driven_current_l2_plus_rolling_public_trades_proxy_not_exact_queue_or_fill_probability
618,l2Book,1783579569804,1783579570093742857,0.29024,buy,62824,62824,62825,1,0.005,37.58342,154,7516.684,6,0.13254,0.00539,0.13793,37.58842,0.003669481185960995434232138515,strict_trade_through_seen_but_visible_top_not_depleted,,0.002,False,outside_quality_a_b_queue_bands,110,59808,0,6,same_touch_stable_enough,real_bbo_history_touch_stability,2646,1783579567158,72.68986,37.58342,-35.10644,234,154,-80,reset_supported,same_touch_top_qty_or_order_count_reduced,pass,,,,latest_l2_received_before_or_at_candidate,latest_l2_exchange_time_equal_candidate,event_driven_current_l2_plus_rolling_public_trades_proxy_not_exact_queue_or_fill_probability
619,l2Book,1783579570340,1783579570630880891,0.291422,buy,62824,62824,62825,1,0.005,22.83041,60,4566.082,3,0.13254,0,0.13254,22.83541,0.005804143652336437138636880179,touched_quote_without_depletion,,0.005,False,missing_same_side_strict_through_support,110,59828,0,7,same_touch_stable_enough,real_bbo_history_touch_stability,3182,1783579567158,72.68986,22.83041,-49.85945,234,60,-174,reset_supported,same_touch_top_qty_or_order_count_reduced,pass,,,,latest_l2_received_before_or_at_candidate,latest_l2_exchange_time_equal_candidate,event_driven_current_l2_plus_rolling_public_trades_proxy_not_exact_queue_or_fill_probability
620,trades,1783579570674,1783579570873089075,0.199564,buy,62824,62824,62825,1,0.005,22.83041,60,4566.082,4,0.13287,0,0.13287,22.83541,0.005818594892756469010190751994,touched_quote_without_depletion,,0.005,False,missing_same_side_strict_through_support,109,59272,334,7,same_touch_stable_enough,real_bbo_history_touch_stability,3516,1783579567158,72.68986,22.83041,-49.85945,234,60,-174,reset_supported,same_touch_top_qty_or_order_count_reduced,pass,,,,latest_l2_received_before_or_at_candidate,latest_l2_exchange_time_before_candidate,event_driven_current_l2_plus_rolling_public_trades_proxy_not_exact_queue_or_fill_probability
621,l2Book,1783579570875,1783579571158564325,0.284075,buy,62824,62824,62825,1,0.005,22.8301,60,4566.02,4,0.13287,0,0.13287,22.8351,0.005818673883626522327469553451,touched_quote_without_depletion,,0.005,False,missing_same_side_strict_through_support,110,59807,0,8,same_touch_stable_enough,real_bbo_history_touch_stability,3717,1783579567158,72.68986,22.8301,-49.85976,234,60,-174,reset_supported,same_touch_top_qty_or_order_count_reduced,pass,,,,latest_l2_received_before_or_at_candidate,latest_l2_exchange_time_equal_candidate,event_driven_current_l2_plus_rolling_public_trades_proxy_not_exact_queue_or_fill_probability
622,trades,1783579571008,1783579571256425168,0.24892,buy,62824,62824,62825,1,0.005,22.8301,60,4566.02,5,0.13322,0,0.13322,22.8351,0.005834001164873374760784931969,touched_quote_without_depletion,,0.005,False,missing_same_side_strict_through_support,110,59807,133,8,same_touch_stable_enough,real_bbo_history_touch_stability,3850,1783579567158,72.68986,22.8301,-49.85976,234,60,-174,reset_supported,same_touch_top_qty_or_order_count_reduced,pass,,,,latest_l2_received_before_or_at_candidate,latest_l2_exchange_time_before_candidate,event_driven_current_l2_plus_rolling_public_trades_proxy_not_exact_queue_or_fill_probability
623,l2Book,1783579571414,1783579571719607029,0.306115,buy,62824,62824,62825,1,0.005,22.83219,61,4566.438,3,0.13251,0,0.13251,22.83719,0.005802377613007554782352820115,touched_quote_without_depletion,,0.005,False,missing_same_side_strict_through_support,110,59813,0,9,same_touch_stable_enough,real_bbo_history_touch_stability,4256,1783579567158,72.68986,22.83219,-49.85767,234,61,-173,reset_supported,same_touch_top_qty_or_order_count_reduced,pass,,,,latest_l2_received_before_or_at_candidate,latest_l2_exchange_time_equal_candidate,event_driven_current_l2_plus_rolling_public_trades_proxy_not_exact_queue_or_fill_probability
624,l2Book,1783579571949,1783579572263730189,0.315252,buy,62824,62824,62825,1,0.005,22.95877,62,4591.754,3,0.13251,0,0.13251,22.96377,0.005770393972766666797307236573,touched_quote_without_depletion,,0.005,False,missing_same_side_strict_through_support,110,59810,0,10,same_touch_stable_enough,real_bbo_history_touch_stability,4791,1783579567158,72.68986,22.95877,-49.73109,234,62,-172,reset_supported,same_touch_top_qty_or_order_count_reduced,pass,,,,latest_l2_received_before_or_at_candidate,latest_l2_exchange_time_equal_candidate,event_driven_current_l2_plus_rolling_public_trades_proxy_not_exact_queue_or_fill_probability
625,l2Book,1783579572484,1783579572766774602,0.283282,buy,62824,62824,62825,1,0.005,22.56053,60,4512.106,2,0.00068,0,0.00068,22.56553,0.00003013445728950306064160691107,touched_quote_without_depletion,,0.00017,False,missing_same_side_strict_through_support,110,59820,0,11,same_touch_stable_enough,real_bbo_history_touch_stability,5326,1783579567158,72.68986,22.56053,-50.12933,234,60,-174,reset_supported,same_touch_top_qty_or_order_count_reduced,pass,,,,latest_l2_received_before_or_at_candidate,latest_l2_exchange_time_equal_candidate,event_driven_current_l2_plus_rolling_public_trades_proxy_not_exact_queue_or_fill_probability
626,trades,1783579572751,1783579573503535039,0.753007,buy,62824,62824,62825,1,0.005,22.56053,60,4512.106,3,0.00548,0,0.00548,22.56553,0.0002428482734507011357588321657,touched_quote_without_depletion,,0.00137,False,missing_same_side_strict_through_support,109,59273,267,11,same_touch_stable_enough,real_bbo_history_touch_stability,5593,1783579567158,72.68986,22.56053,-50.12933,234,60,-174,reset_supported,same_touch_top_qty_or_order_count_reduced,pass,,,,latest_l2_received_before_or_at_candidate,latest_l2_exchange_time_before_candidate,event_driven_current_l2_plus_rolling_public_trades_proxy_not_exact_queue_or_fill_probability
627,l2Book,1783579573019,1783579573504239826,0.485543,buy,62824,62824,62825,1,0.005,19.81207,51,3962.414,3,0.00548,0,0.00548,19.81707,0.0002765292750139147714571326639,touched_quote_without_depletion,,0.00137,False,missing_same_side_strict_through_support,110,59808,0,12,same_touch_stable_enough,real_bbo_history_touch_stability,5861,1783579567158,72.68986,19.81207,-52.87779,234,51,-183,reset_supported,same_touch_top_qty_or_order_count_reduced,pass,,,,latest_l2_received_before_or_at_candidate,latest_l2_exchange_time_equal_candidate,event_driven_current_l2_plus_rolling_public_trades_proxy_not_exact_queue_or_fill_probability
628,l2Book,1783579573561,1783579573899573322,0.339059,buy,62824,62824,62825,1,0.005,21.9228,53,4384.56,3,0.00548,0,0.00548,21.9278,0.0002499110717901476664325650544,touched_quote_without_depletion,,0.00137,False,missing_same_side_strict_through_support,110,59811,0,13,same_touch_stable_enough,real_bbo_history_touch_stability,6403,1783579567158,72.68986,21.9228,-50.76706,234,53,-181,reset_supported,same_touch_top_qty_or_order_count_reduced,pass,,,,latest_l2_received_before_or_at_candidate,latest_l2_exchange_time_equal_candidate,event_driven_current_l2_plus_rolling_public_trades_proxy_not_exact_queue_or_fill_probability
629,trades,1783579574030,1783579574271024291,0.241601,buy,62824,62824,62825,1,0.005,21.9228,53,4384.56,2,0.0055,0,0.0055,21.9278,0.0002508231559937613440472824451,touched_quote_without_depletion,,0.00137,False,missing_same_side_strict_through_support,109,59208,469,13,same_touch_stable_enough,real_bbo_history_touch_stability,6872,1783579567158,72.68986,21.9228,-50.76706,234,53,-181,reset_supported,same_touch_top_qty_or_order_count_reduced,pass,,,,latest_l2_received_before_or_at_candidate,latest_l2_exchange_time_before_candidate,event_driven_current_l2_plus_rolling_public_trades_proxy_not_exact_queue_or_fill_probability
630,l2Book,1783579574082,1783579574352588521,0.271095,buy,62824,62824,62825,1,0.005,21.72316,52,4344.632,2,0.0055,0,0.0055,21.72816,0.0002531277383818970405225292892,touched_quote_without_depletion,,0.00137,False,missing_same_side_strict_through_support,110,59729,0,14,same_touch_stable_enough,real_bbo_history_touch_stability,6924,1783579567158,72.68986,21.72316,-50.9667,234,52,-182,reset_supported,same_touch_top_qty_or_order_count_reduced,pass,,,,latest_l2_received_before_or_at_candidate,latest_l2_exchange_time_equal_candidate,event_driven_current_l2_plus_rolling_public_trades_proxy_not_exact_queue_or_fill_probability
631,trades,1783579574166,1783579574377316341,0.211825,buy,62824,62824,62825,1,0.005,21.72316,52,4344.632,4,0.0055,0,0.0055,21.72816,0.0002531277383818970405225292892,touched_quote_without_depletion,,0.00137,False,missing_same_side_strict_through_support,110,59729,84,14,same_touch_stable_enough,real_bbo_history_touch_stability,7008,1783579567158,72.68986,21.72316,-50.9667,234,52,-182,reset_supported,same_touch_top_qty_or_order_count_reduced,pass,,,,latest_l2_received_before_or_at_candidate,latest_l2_exchange_time_before_candidate,event_driven_current_l2_plus_rolling_public_trades_proxy_not_exact_queue_or_fill_probability
632,trades,1783579574233,1783579574433039949,0.200516,buy,62824,62824,62825,1,0.005,21.72316,52,4344.632,5,0.0055,0,0.0055,21.72816,0.0002531277383818970405225292892,touched_quote_without_depletion,,0.00137,False,missing_same_side_strict_through_support,110,59729,151,14,same_touch_stable_enough,real_bbo_history_touch_stability,7075,1783579567158,72.68986,21.72316,-50.9667,234,52,-182,reset_supported,same_touch_top_qty_or_order_count_reduced,pass,,,,latest_l2_received_before_or_at_candidate,latest_l2_exchange_time_before_candidate,event_driven_current_l2_plus_rolling_public_trades_proxy_not_exact_queue_or_fill_probability
633,trades,1783579574366,1783579574646158976,0.28064,buy,62824,62824,62825,1,0.005,21.72316,52,4344.632,6,0.0055,0,0.0055,21.72816,0.0002531277383818970405225292892,touched_quote_without_depletion,,0.00137,False,missing_same_side_strict_through_support,109,59201,284,14,same_touch_stable_enough,real_bbo_history_touch_stability,7208,1783579567158,72.68986,21.72316,-50.9667,234,52,-182,reset_supported,same_touch_top_qty_or_order_count_reduced,pass,,,,latest_l2_received_before_or_at_candidate,latest_l2_exchange_time_before_candidate,event_driven_current_l2_plus_rolling_public_trades_proxy_not_exact_queue_or_fill_probability
634,l2Book,1783579574634,1783579574929629771,0.296144,buy,62824,62824,62825,1,0.005,10.10842,42,2021.684,6,0.0055,0,0.0055,10.11342,0.0005438318590546026962194786729,touched_quote_without_depletion,,0.00137,False,missing_same_side_strict_through_support,110,59753,0,15,same_touch_stable_enough,real_bbo_history_touch_stability,7476,1783579567158,72.68986,10.10842,-62.58144,234,42,-192,reset_supported,same_touch_top_qty_or_order_count_reduced,pass,,,,latest_l2_received_before_or_at_candidate,latest_l2_exchange_time_equal_candidate,event_driven_current_l2_plus_rolling_public_trades_proxy_not_exact_queue_or_fill_probability
635,trades,1783579574634,1783579574930358378,0.296656,buy,62824,62824,62825,1,0.005,10.10842,42,2021.684,7,0.00584,0,0.00584,10.11342,0.0005774505557961599538039555363,touched_quote_without_depletion,,0.00146,False,missing_same_side_strict_through_support,110,59753,0,15,same_touch_stable_enough,real_bbo_history_touch_stability,7476,1783579567158,72.68986,10.10842,-62.58144,234,42,-192,reset_supported,same_touch_top_qty_or_order_count_reduced,pass,,,,latest_l2_received_before_or_at_candidate,latest_l2_exchange_time_equal_candidate,event_driven_current_l2_plus_rolling_public_trades_proxy_not_exact_queue_or_fill_probability
636,trades,1783579575035,1783579575293097247,0.258579,buy,62824,62824,62825,1,0.005,10.10842,42,2021.684,8,0.00584,0,0.00584,10.11342,0.0005774505557961599538039555363,touched_quote_without_depletion,,0.00146,False,missing_same_side_strict_through_support,109,59201,401,15,same_touch_stable_enough,real_bbo_history_touch_stability,7877,1783579567158,72.68986,10.10842,-62.58144,234,42,-192,reset_supported,same_touch_top_qty_or_order_count_reduced,pass,,,,latest_l2_received_before_or_at_candidate,latest_l2_exchange_time_before_candidate,event_driven_current_l2_plus_rolling_public_trades_proxy_not_exact_queue_or_fill_probability
637,l2Book,1783579575170,1783579575454115406,0.284623,buy,62824,62824,62825,1,0.005,8.80793,35,1761.586,8,0.00584,0,0.00584,8.81293,0.0006626627012809587730754697927,touched_quote_without_depletion,,0.00146,False,missing_same_side_strict_through_support,110,59737,0,16,same_touch_stable_enough,real_bbo_history_touch_stability,8012,1783579567158,72.68986,8.80793,-63.88193,234,35,-199,reset_supported,same_touch_top_qty_or_order_count_reduced,pass,,,,latest_l2_received_before_or_at_candidate,latest_l2_exchange_time_equal_candidate,event_driven_current_l2_plus_rolling_public_trades_proxy_not_exact_queue_or_fill_probability
638,l2Book,1783579575705,1783579575988907354,0.284373,buy,62824,62824,62825,1,0.005,8.80089,35,1760.178,8,0.00584,0,0.00584,8.80589,0.000663192476853560514610107553,touched_quote_without_depletion,,0.00146,False,missing_same_side_strict_through_support,110,59742,0,17,same_touch_stable_enough,real_bbo_history_touch_stability,8547,1783579567158,72.68986,8.80089,-63.88897,234,35,-199,reset_supported,same_touch_top_qty_or_order_count_reduced,pass,,,,latest_l2_received_before_or_at_candidate,latest_l2_exchange_time_equal_candidate,event_driven_current_l2_plus_rolling_public_trades_proxy_not_exact_queue_or_fill_probability
639,trades,1783579575705,1783579575989572727,0.284874,buy,62824,62824,62825,1,0.005,8.80089,35,1760.178,9,0.01288,0,0.01288,8.80589,0.001462657380457852641811333096,touched_quote_without_depletion,,0.00322,False,missing_same_side_strict_through_support,110,59742,0,17,same_touch_stable_enough,real_bbo_history_touch_stability,8547,1783579567158,72.68986,8.80089,-63.88897,234,35,-199,reset_supported,same_touch_top_qty_or_order_count_reduced,pass,,,,latest_l2_received_before_or_at_candidate,latest_l2_exchange_time_equal_candidate,event_driven_current_l2_plus_rolling_public_trades_proxy_not_exact_queue_or_fill_probability
640,trades,1783579576044,1783579576279477211,0.235998,buy,62824,62824,62825,1,0.005,8.80089,35,1760.178,10,0.03336,0,0.03336,8.80589,0.003788373463670338830033080132,touched_quote_without_depletion,,0.005,False,missing_same_side_strict_through_support,109,59223,339,17,same_touch_stable_enough,real_bbo_history_touch_stability,8886,1783579567158,72.68986,8.80089,-63.88897,234,35,-199,reset_supported,same_touch_top_qty_or_order_count_reduced,pass,,,,latest_l2_received_before_or_at_candidate,latest_l2_exchange_time_before_candidate,event_driven_current_l2_plus_rolling_public_trades_proxy_not_exact_queue_or_fill_probability
641,l2Book,1783579576247,1783579576544973489,0.298453,buy,62824,62824,62825,1,0.005,7.85945,30,1571.89,10,0.03336,0,0.03336,7.86445,0.004241873239705255930166763092,touched_quote_without_depletion,,0.005,False,missing_same_side_strict_through_support,110,59765,0,18,same_touch_stable_enough,real_bbo_history_touch_stability,9089,1783579567158,72.68986,7.85945,-64.83041,234,30,-204,reset_supported,same_touch_top_qty_or_order_count_reduced,pass,,,,latest_l2_received_before_or_at_candidate,latest_l2_exchange_time_equal_candidate,event_driven_current_l2_plus_rolling_public_trades_proxy_not_exact_queue_or_fill_probability
642,l2Book,1783579576783,1783579577040339592,0.257825,buy,62824,62824,62825,1,0.005,7.60965,29,1521.93,10,0.03336,0,0.03336,7.61465,0.004381028674988344835284615839,touched_quote_without_depletion,,0.005,False,missing_same_side_strict_through_support,110,59778,0,19,same_touch_stable_enough,real_bbo_history_touch_stability,9625,1783579567158,72.68986,7.60965,-65.08021,234,29,-205,reset_supported,same_touch_top_qty_or_order_count_reduced,pass,,,,latest_l2_received_before_or_at_candidate,latest_l2_exchange_time_equal_candidate,event_driven_current_l2_plus_rolling_public_trades_proxy_not_exact_queue_or_fill_probability
643,trades,1783579576849,1783579577063628952,0.215126,buy,62824,62824,62825,1,0.005,7.60965,29,1521.93,11,0.04013,0,0.04013,7.61465,0.005270104338347790115107063358,touched_quote_without_depletion,,0.005,False,missing_same_side_strict_through_support,110,59778,66,19,same_touch_stable_enough,real_bbo_history_touch_stability,9691,1783579567158,72.68986,7.60965,-65.08021,234,29,-205,reset_supported,same_touch_top_qty_or_order_count_reduced,pass,,,,latest_l2_received_before_or_at_candidate,latest_l2_exchange_time_before_candidate,event_driven_current_l2_plus_rolling_public_trades_proxy_not_exact_queue_or_fill_probability
644,l2Book,1783579577304,1783579577578075651,0.274585,buy,62824,62824,62825,1,0.005,7.60384,30,1520.768,7,0.03943,0,0.03943,7.60884,0.005182130259014514696064051813,touched_quote_without_depletion,,0.005,False,missing_same_side_strict_through_support,110,59735,0,20,same_touch_stable_enough,real_bbo_history_touch_stability,10146,1783579567158,72.68986,7.60384,-65.08602,234,30,-204,reset_supported,same_touch_top_qty_or_order_count_reduced,pass,,,,latest_l2_received_before_or_at_candidate,latest_l2_exchange_time_equal_candidate,event_driven_current_l2_plus_rolling_public_trades_proxy_not_exact_queue_or_fill_probability
645,l2Book,1783579577857,1783579578246580921,0.390053,buy,62824,62824,62825,1,0.005,9.57291,35,1914.582,5,0.03909,0,0.03909,9.57791,0.004081266163494958712286918545,touched_quote_without_depletion,,0.005,False,missing_same_side_strict_through_support,110,59747,0,21,same_touch_stable_enough,real_bbo_history_touch_stability,10699,1783579567158,72.68986,9.57291,-63.11695,234,35,-199,reset_supported,same_touch_top_qty_or_order_count_reduced,pass,,,,latest_l2_received_before_or_at_candidate,latest_l2_exchange_time_equal_candidate,event_driven_current_l2_plus_rolling_public_trades_proxy_not_exact_queue_or_fill_probability
646,l2Book,1783579578410,1783579578722098381,0.312901,buy,62824,62824,62825,1,0.005,5.01274,20,1002.548,4,0.03909,0,0.03909,5.01774,0.007790359803417474799411687333,touched_quote_without_depletion,,0.005,False,missing_same_side_strict_through_support,110,59685,0,22,same_touch_stable_enough,real_bbo_history_touch_stability,11252,1783579567158,72.68986,5.01274,-67.67712,234,20,-214,reset_supported,same_touch_top_qty_or_order_count_reduced,pass,,,,latest_l2_received_before_or_at_candidate,latest_l2_exchange_time_equal_candidate,event_driven_current_l2_plus_rolling_public_trades_proxy_not_exact_queue_or_fill_probability
647,l2Book,1783579578933,1783579579253632671,0.321143,buy,62824,62824,62825,1,0.005,4.84102,17,968.204,3,0.03205,0,0.03205,4.84602,0.006613674726889282338909042885,touched_quote_without_depletion,,0.005,False,missing_same_side_strict_through_support,110,59618,0,23,same_touch_stable_enough,real_bbo_history_touch_stability,11775,1783579567158,72.68986,4.84102,-67.84884,234,17,-217,reset_supported,same_touch_top_qty_or_order_count_reduced,pass,,,,latest_l2_received_before_or_at_candidate,latest_l2_exchange_time_equal_candidate,event_driven_current_l2_plus_rolling_public_trades_proxy_not_exact_queue_or_fill_probability
648,trades,1783579579010,1783579579290472850,0.280941,buy,62824,62824,62825,1,0.005,4.84102,17,968.204,4,0.03205,0,0.03205,4.84602,0.006613674726889282338909042885,touched_quote_without_depletion,,0.005,False,missing_same_side_strict_through_support,110,59618,77,23,same_touch_stable_enough,real_bbo_history_touch_stability,11852,1783579567158,72.68986,4.84102,-67.84884,234,17,-217,reset_supported,same_touch_top_qty_or_order_count_reduced,pass,,,,latest_l2_received_before_or_at_candidate,latest_l2_exchange_time_before_candidate,event_driven_current_l2_plus_rolling_public_trades_proxy_not_exact_queue_or_fill_probability
649,l2Book,1783579579497,1783579579787265053,0.29076,buy,62824,62824,62825,1,0.005,5.32771,18,1065.542,2,0.00677,0,0.00677,5.33271,0.001269523375544516765396955769,touched_quote_without_depletion,,0.00169,False,missing_same_side_strict_through_support,110,59568,0,24,same_touch_stable_enough,real_bbo_history_touch_stability,12339,1783579567158,72.68986,5.32771,-67.36215,234,18,-216,reset_supported,same_touch_top_qty_or_order_count_reduced,pass,,,,latest_l2_received_before_or_at_candidate,latest_l2_exchange_time_equal_candidate,event_driven_current_l2_plus_rolling_public_trades_proxy_not_exact_queue_or_fill_probability
650,l2Book,1783579580101,1783579580404901090,0.304395,buy,62824,62824,62825,1,0.005,7.04074,23,1408.148,1,0,0,0,7.04574,0,not_depleted,,0.0,False,missing_same_side_strict_through_support;missing_recent_same_side_at_or_through_throughput,110,59573,0,25,same_touch_stable_enough,real_bbo_history_touch_stability,12943,1783579567158,72.68986,7.04074,-65.64912,234,23,-211,reset_supported,same_touch_top_qty_or_order_count_reduced,pass,,,,latest_l2_received_before_or_at_candidate,latest_l2_exchange_time_equal_candidate,event_driven_current_l2_plus_rolling_public_trades_proxy_not_exact_queue_or_fill_probability
651,l2Book,1783579580570,1783579580870723955,0.301213,buy,62824,62824,62825,1,0.005,6.29449,22,1258.898,1,0,0,0,6.29949,0,not_depleted,,0.0,False,missing_same_side_strict_through_support;missing_recent_same_side_at_or_through_throughput,110,59372,0,26,same_touch_stable_enough,real_bbo_history_touch_stability,13412,1783579567158,72.68986,6.29449,-66.39537,234,22,-212,reset_supported,same_touch_top_qty_or_order_count_reduced,pass,,,,latest_l2_received_before_or_at_candidate,latest_l2_exchange_time_equal_candidate,event_driven_current_l2_plus_rolling_public_trades_proxy_not_exact_queue_or_fill_probability
652,trades,1783579581040,1783579581311832575,0.272322,buy,62824,62824,62825,1,0.005,6.29449,22,1258.898,2,0,0,0,6.29949,0,not_depleted,,0.0,False,missing_same_side_strict_through_support;missing_recent_same_side_at_or_through_throughput,110,59372,470,26,same_touch_stable_enough,real_bbo_history_touch_stability,13882,1783579567158,72.68986,6.29449,-66.39537,234,22,-212,reset_supported,same_touch_top_qty_or_order_count_reduced,pass,,,,latest_l2_received_before_or_at_candidate,latest_l2_exchange_time_before_candidate,event_driven_current_l2_plus_rolling_public_trades_proxy_not_exact_queue_or_fill_probability
653,l2Book,1783579581106,1783579581428482741,0.322964,buy,62824,62824,62825,1,0.005,6.29449,22,1258.898,2,0,0,0,6.29949,0,not_depleted,,0.0,False,missing_same_side_strict_through_support;missing_recent_same_side_at_or_through_throughput,111,59908,0,27,same_touch_stable_enough,real_bbo_history_touch_stability,13948,1783579567158,72.68986,6.29449,-66.39537,234,22,-212,reset_supported,same_touch_top_qty_or_order_count_reduced,pass,,,,latest_l2_received_before_or_at_candidate,latest_l2_exchange_time_equal_candidate,event_driven_current_l2_plus_rolling_public_trades_proxy_not_exact_queue_or_fill_probability
654,l2Book,1783579581648,1783579581941200515,0.293687,buy,62824,62824,62825,1,0.005,6.7067,21,1341.34,2,0,0,0,6.7117,0,not_depleted,,0.0,False,missing_same_side_strict_through_support;missing_recent_same_side_at_or_through_throughput,111,59906,0,28,same_touch_stable_enough,real_bbo_history_touch_stability,14490,1783579567158,72.68986,6.7067,-65.98316,234,21,-213,reset_supported,same_touch_top_qty_or_order_count_reduced,pass,,,,latest_l2_received_before_or_at_candidate,latest_l2_exchange_time_equal_candidate,event_driven_current_l2_plus_rolling_public_trades_proxy_not_exact_queue_or_fill_probability
655,trades,1783579582049,1783579582289625102,0.241118,buy,62824,62824,62825,1,0.005,6.7067,21,1341.34,3,0.00045,0,0.00045,6.7117,0.00006704709686070593143316894378,touched_quote_without_depletion,,0.00011,False,missing_same_side_strict_through_support,110,59301,401,28,same_touch_stable_enough,real_bbo_history_touch_stability,14891,1783579567158,72.68986,6.7067,-65.98316,234,21,-213,reset_supported,same_touch_top_qty_or_order_count_reduced,pass,,,,latest_l2_received_before_or_at_candidate,latest_l2_exchange_time_before_candidate,event_driven_current_l2_plus_rolling_public_trades_proxy_not_exact_queue_or_fill_probability
656,l2Book,1783579582199,1783579582482092018,0.283582,buy,62824,62824,62825,1,0.005,6.70625,21,1341.25,3,0.00045,0,0.00045,6.71125,0.00006705159247532128888061091451,touched_quote_without_depletion,,0.00011,False,missing_same_side_strict_through_support,111,59852,0,29,same_touch_stable_enough,real_bbo_history_touch_stability,15041,1783579567158,72.68986,6.70625,-65.98361,234,21,-213,reset_supported,same_touch_top_qty_or_order_count_reduced,pass,,,,latest_l2_received_before_or_at_candidate,latest_l2_exchange_time_equal_candidate,event_driven_current_l2_plus_rolling_public_trades_proxy_not_exact_queue_or_fill_probability
657,l2Book,1783579582740,1783579583280489425,0.54095,buy,62824,62824,62825,1,0.005,8.65714,24,1731.428,3,0.00045,0,0.00045,8.66214,0.00005195021091785632649668557654,touched_quote_without_depletion,,0.00011,False,missing_same_side_strict_through_support,111,59788,0,30,same_touch_stable_enough,real_bbo_history_touch_stability,15582,1783579567158,72.68986,8.65714,-64.03272,234,24,-210,reset_supported,same_touch_top_qty_or_order_count_reduced,pass,,,,latest_l2_received_before_or_at_candidate,latest_l2_exchange_time_equal_candidate,event_driven_current_l2_plus_rolling_public_trades_proxy_not_exact_queue_or_fill_probability
658,trades,1783579583059,1783579583340763064,0.282279,buy,62824,62824,62825,1,0.005,8.65714,24,1731.428,6,0.00113,0,0.00113,8.66214,0.0001304527518603947754250104478,touched_quote_without_depletion,,0.00028,False,missing_same_side_strict_through_support,110,59172,319,30,same_touch_stable_enough,real_bbo_history_touch_stability,15901,1783579567158,72.68986,8.65714,-64.03272,234,24,-210,reset_supported,same_touch_top_qty_or_order_count_reduced,pass,,,,latest_l2_received_before_or_at_candidate,latest_l2_exchange_time_before_candidate,event_driven_current_l2_plus_rolling_public_trades_proxy_not_exact_queue_or_fill_probability
659,l2Book,1783579583259,1783579583573427580,0.31499,buy,62824,62824,62825,1,0.005,8.29822,30,1659.644,6,0.00113,0,0.00113,8.30322,0.0001360917812607638964160891799,touched_quote_without_depletion,,0.00028,False,missing_same_side_strict_through_support,111,59691,0,31,same_touch_stable_enough,real_bbo_history_touch_stability,16101,1783579567158,72.68986,8.29822,-64.39164,234,30,-204,reset_supported,same_touch_top_qty_or_order_count_reduced,pass,,,,latest_l2_received_before_or_at_candidate,latest_l2_exchange_time_equal_candidate,event_driven_current_l2_plus_rolling_public_trades_proxy_not_exact_queue_or_fill_probability
660,trades,1783579583337,1783579583594345290,0.257833,buy,62824,62824,62825,1,0.005,8.29822,30,1659.644,12,0.00113,0,0.00113,8.30322,0.0001360917812607638964160891799,touched_quote_without_depletion,,0.00028,False,missing_same_side_strict_through_support,111,59691,78,31,same_touch_stable_enough,real_bbo_history_touch_stability,16179,1783579567158,72.68986,8.29822,-64.39164,234,30,-204,reset_supported,same_touch_top_qty_or_order_count_reduced,pass,,,,latest_l2_received_before_or_at_candidate,latest_l2_exchange_time_before_candidate,event_driven_current_l2_plus_rolling_public_trades_proxy_not_exact_queue_or_fill_probability
661,l2Book,1783579583797,1783579584052227834,0.255827,buy,62824,62824,62825,1,0.005,7.92273,26,1584.546,12,0.00113,0,0.00113,7.92773,0.0001425376494910901355116786268,touched_quote_without_depletion,,0.00028,False,missing_same_side_strict_through_support,111,59637,0,32,same_touch_stable_enough,real_bbo_history_touch_stability,16639,1783579567158,72.68986,7.92273,-64.76713,234,26,-208,reset_supported,same_touch_top_qty_or_order_count_reduced,pass,,,,latest_l2_received_before_or_at_candidate,latest_l2_exchange_time_equal_candidate,event_driven_current_l2_plus_rolling_public_trades_proxy_not_exact_queue_or_fill_probability
662,l2Book,1783579584349,1783579584686084735,0.337617,buy,62824,62824,62825,1,0.005,7.93817,30,1587.634,11,0.00113,0,0.00113,7.94317,0.0001422605836208969466850136658,touched_quote_without_depletion,,0.00028,False,missing_same_side_strict_through_support,111,59652,0,33,same_touch_stable_enough,real_bbo_history_touch_stability,17191,1783579567158,72.68986,7.93817,-64.75169,234,30,-204,reset_supported,same_touch_top_qty_or_order_count_reduced,pass,,,,latest_l2_received_before_or_at_candidate,latest_l2_exchange_time_equal_candidate,event_driven_current_l2_plus_rolling_public_trades_proxy_not_exact_queue_or_fill_probability
663,trades,1783579584465,1783579584718459348,0.253957,buy,62824,62824,62825,1,0.005,7.93817,30,1587.634,12,0.00113,0,0.00113,7.94317,0.0001422605836208969466850136658,touched_quote_without_depletion,,0.00028,False,missing_same_side_strict_through_support,111,59652,116,33,same_touch_stable_enough,real_bbo_history_touch_stability,17307,1783579567158,72.68986,7.93817,-64.75169,234,30,-204,reset_supported,same_touch_top_qty_or_order_count_reduced,pass,,,,latest_l2_received_before_or_at_candidate,latest_l2_exchange_time_before_candidate,event_driven_current_l2_plus_rolling_public_trades_proxy_not_exact_queue_or_fill_probability
664,l2Book,1783579584868,1783579585158574045,0.291106,buy,62824,62824,62825,1,0.005,10.04398,32,2008.796,12,0.00113,0,0.00113,10.04898,0.0001124492237023061046991833997,touched_quote_without_depletion,,0.00028,False,missing_same_side_strict_through_support,111,59568,0,34,same_touch_stable_enough,real_bbo_history_touch_stability,17710,1783579567158,72.68986,10.04398,-62.64588,234,32,-202,reset_supported,same_touch_top_qty_or_order_count_reduced,pass,,,,latest_l2_received_before_or_at_candidate,latest_l2_exchange_time_equal_candidate,event_driven_current_l2_plus_rolling_public_trades_proxy_not_exact_queue_or_fill_probability
665,l2Book,1783579585421,1783579585696266379,0.275776,buy,62824,62824,62825,1,0.005,10.2468,33,2049.36,10,0.00068,0,0.00068,10.2518,0.00006632981525195575411147310716,touched_quote_without_depletion,,0.00017,False,missing_same_side_strict_through_support,111,59517,0,35,same_touch_stable_enough,real_bbo_history_touch_stability,18263,1783579567158,72.68986,10.2468,-62.44306,234,33,-201,reset_supported,same_touch_top_qty_or_order_count_reduced,pass,,,,latest_l2_received_before_or_at_candidate,latest_l2_exchange_time_equal_candidate,event_driven_current_l2_plus_rolling_public_trades_proxy_not_exact_queue_or_fill_probability
666,l2Book,1783579585959,1783579586234774615,0.276278,buy,62824,62824,62825,1,0.005,8.13715,32,1627.43,10,0.00068,0,0.00068,8.14215,0.0000835160246372272679820440547,touched_quote_without_depletion,,0.00017,False,missing_same_side_strict_through_support,111,59451,0,36,same_touch_stable_enough,real_bbo_history_touch_stability,18801,1783579567158,72.68986,8.13715,-64.55271,234,32,-202,reset_supported,same_touch_top_qty_or_order_count_reduced,pass,,,,latest_l2_received_before_or_at_candidate,latest_l2_exchange_time_equal_candidate,event_driven_current_l2_plus_rolling_public_trades_proxy_not_exact_queue_or_fill_probability
667,trades,1783579586029,1783579586272951813,0.244445,buy,62824,62824,62825,1,0.005,8.13715,32,1627.43,11,0.00068,0,0.00068,8.14215,0.0000835160246372272679820440547,touched_quote_without_depletion,,0.00017,False,missing_same_side_strict_through_support,111,59451,70,36,same_touch_stable_enough,real_bbo_history_touch_stability,18871,1783579567158,72.68986,8.13715,-64.55271,234,32,-202,reset_supported,same_touch_top_qty_or_order_count_reduced,pass,,,,latest_l2_received_before_or_at_candidate,latest_l2_exchange_time_before_candidate,event_driven_current_l2_plus_rolling_public_trades_proxy_not_exact_queue_or_fill_probability
668,l2Book,1783579586495,1783579586808468185,0.313932,buy,62824,62824,62825,1,0.005,9.70993,31,1941.986,2,0,0,0,9.71493,0,not_depleted,,0.0,False,missing_same_side_strict_through_support;missing_recent_same_side_at_or_through_throughput,112,59987,0,37,same_touch_stable_enough,real_bbo_history_touch_stability,19337,1783579567158,72.68986,9.70993,-62.97993,234,31,-203,reset_supported,same_touch_top_qty_or_order_count_reduced,pass,,,,latest_l2_received_before_or_at_candidate,latest_l2_exchange_time_equal_candidate,event_driven_current_l2_plus_rolling_public_trades_proxy_not_exact_queue_or_fill_probability
669,l2Book,1783579587032,1783579587376149445,0.344651,buy,62824,62824,62825,1,0.005,9.69953,30,1939.906,2,0,0,0,9.70453,0,not_depleted,,0.0,False,missing_same_side_strict_through_support;missing_recent_same_side_at_or_through_throughput,112,59921,0,38,same_touch_stable_enough,real_bbo_history_touch_stability,19874,1783579567158,72.68986,9.69953,-62.99033,234,30,-204,reset_supported,same_touch_top_qty_or_order_count_reduced,pass,,,,latest_l2_received_before_or_at_candidate,latest_l2_exchange_time_equal_candidate,event_driven_current_l2_plus_rolling_public_trades_proxy_not_exact_queue_or_fill_probability
670,trades,1783579587032,1783579587376848157,0.345137,buy,62824,62824,62825,1,0.005,9.69953,30,1939.906,3,0.08287,0,0.08287,9.70453,0.008539311022790387581881863418,touched_quote_without_depletion,,0.005,False,missing_same_side_strict_through_support,112,59921,0,38,same_touch_stable_enough,real_bbo_history_touch_stability,19874,1783579567158,72.68986,9.69953,-62.99033,234,30,-204,reset_supported,same_touch_top_qty_or_order_count_reduced,pass,,,,latest_l2_received_before_or_at_candidate,latest_l2_exchange_time_equal_candidate,event_driven_current_l2_plus_rolling_public_trades_proxy_not_exact_queue_or_fill_probability
671,l2Book,1783579587568,1783579587857330898,0.289845,buy,62824,62824,62825,1,0.005,9.01237,28,1802.474,2,0.08287,0,0.08287,9.01737,0.009190040998650382539476587963,touched_quote_without_depletion,,0.005,False,missing_same_side_strict_through_support,112,59851,0,39,same_touch_stable_enough,real_bbo_history_touch_stability,20410,1783579567158,72.68986,9.01237,-63.67749,234,28,-206,reset_supported,same_touch_top_qty_or_order_count_reduced,pass,,,,latest_l2_received_before_or_at_candidate,latest_l2_exchange_time_equal_candidate,event_driven_current_l2_plus_rolling_public_trades_proxy_not_exact_queue_or_fill_probability
672,l2Book,1783579588087,1783579588523730745,0.437221,buy,62824,62824,62825,1,0.005,10.26981,35,2053.962,2,0.08287,0,0.08287,10.27481,0.008065355953054119735547421315,touched_quote_without_depletion,,0.005,False,missing_same_side_strict_through_support,112,59848,0,40,same_touch_stable_enough,real_bbo_history_touch_stability,20929,1783579567158,72.68986,10.26981,-62.42005,234,35,-199,reset_supported,same_touch_top_qty_or_order_count_reduced,pass,,,,latest_l2_received_before_or_at_candidate,latest_l2_exchange_time_equal_candidate,event_driven_current_l2_plus_rolling_public_trades_proxy_not_exact_queue_or_fill_probability
673,l2Book,1783579588643,1783579588938496641,0.295995,buy,62824,62824,62825,1,0.005,10.25473,35,2050.946,2,0.08287,0,0.08287,10.25973,0.008077210608856178476431640989,touched_quote_without_depletion,,0.005,False,missing_same_side_strict_through_support,112,59849,0,41,same_touch_stable_enough,real_bbo_history_touch_stability,21485,1783579567158,72.68986,10.25473,-62.43513,234,35,-199,reset_supported,same_touch_top_qty_or_order_count_reduced,pass,,,,latest_l2_received_before_or_at_candidate,latest_l2_exchange_time_equal_candidate,event_driven_current_l2_plus_rolling_public_trades_proxy_not_exact_queue_or_fill_probability
674,l2Book,1783579589163,1783579589435514195,0.273022,buy,62824,62824,62825,1,0.005,9.36915,32,1873.83,1,0.08287,0,0.08287,9.37415,0.008840268184315377927598768955,touched_quote_without_depletion,,0.005,False,missing_same_side_strict_through_support,112,59839,0,42,same_touch_stable_enough,real_bbo_history_touch_stability,22005,1783579567158,72.68986,9.36915,-63.32071,234,32,-202,reset_supported,same_touch_top_qty_or_order_count_reduced,pass,,,,latest_l2_received_before_or_at_candidate,latest_l2_exchange_time_equal_candidate,event_driven_current_l2_plus_rolling_public_trades_proxy_not_exact_queue_or_fill_probability
675,l2Book,1783579589710,1783579590053245954,0.34375,buy,62824,62824,62825,1,0.005,10.10877,33,2021.754,1,0.08287,0,0.08287,10.11377,0.008193779372083802578069305511,touched_quote_without_depletion,,0.005,False,missing_same_side_strict_through_support,112,59838,0,43,same_touch_stable_enough,real_bbo_history_touch_stability,22552,1783579567158,72.68986,10.10877,-62.58109,234,33,-201,reset_supported,same_touch_top_qty_or_order_count_reduced,pass,,,,latest_l2_received_before_or_at_candidate,latest_l2_exchange_time_equal_candidate,event_driven_current_l2_plus_rolling_public_trades_proxy_not_exact_queue_or_fill_probability
676,trades,1783579589991,1783579590198804229,0.208298,buy,62824,62824,62825,1,0.005,10.10877,33,2021.754,2,0.08287,0,0.08287,10.11377,0.008193779372083802578069305511,touched_quote_without_depletion,,0.005,False,missing_same_side_strict_through_support,111,59242,281,43,same_touch_stable_enough,real_bbo_history_touch_stability,22833,1783579567158,72.68986,10.10877,-62.58109,234,33,-201,reset_supported,same_touch_top_qty_or_order_count_reduced,pass,,,,latest_l2_received_before_or_at_candidate,latest_l2_exchange_time_before_candidate,event_driven_current_l2_plus_rolling_public_trades_proxy_not_exact_queue_or_fill_probability
677,trades,1783579590190,1783579590378167363,0.188656,buy,62824,62824,62825,1,0.005,10.10877,33,2021.754,6,1.83469,0,1.83469,10.11377,0.181405153567858474139712491,touched_quote_without_depletion,,0.005,False,missing_same_side_strict_through_support,111,59242,480,43,same_touch_stable_enough,real_bbo_history_touch_stability,23032,1783579567158,72.68986,10.10877,-62.58109,234,33,-201,reset_supported,same_touch_top_qty_or_order_count_reduced,pass,,,,latest_l2_received_before_or_at_candidate,latest_l2_exchange_time_before_candidate,event_driven_current_l2_plus_rolling_public_trades_proxy_not_exact_queue_or_fill_probability
678,l2Book,1783579590256,1783579590557671591,0.302231,buy,62824,62824,62825,1,0.005,7.5335,27,1506.7,6,1.83469,0,1.83469,7.5385,0.2433760031836572262386416396,touched_quote_without_depletion,,0.005,False,missing_same_side_strict_through_support,112,59788,0,44,same_touch_stable_enough,real_bbo_history_touch_stability,23098,1783579567158,72.68986,7.5335,-65.15636,234,27,-207,reset_supported,same_touch_top_qty_or_order_count_reduced,pass,,,,latest_l2_received_before_or_at_candidate,latest_l2_exchange_time_equal_candidate,event_driven_current_l2_plus_rolling_public_trades_proxy_not_exact_queue_or_fill_probability
679,trades,1783579590538,1783579590738686315,0.201215,buy,62824,62824,62825,1,0.005,7.5335,27,1506.7,7,1.8833,0,1.8833,7.5385,0.2498242355906347416594813292,touched_quote_without_depletion,,0.005,False,missing_same_side_strict_through_support,111,59273,282,44,same_touch_stable_enough,real_bbo_history_touch_stability,23380,1783579567158,72.68986,7.5335,-65.15636,234,27,-207,reset_supported,same_touch_top_qty_or_order_count_reduced,pass,,,,latest_l2_received_before_or_at_candidate,latest_l2_exchange_time_before_candidate,event_driven_current_l2_plus_rolling_public_trades_proxy_not_exact_queue_or_fill_probability
680,l2Book,1783579590806,1783579591097505916,0.292017,buy,62824,62824,62825,1,0.005,6.25549,23,1251.098,7,1.8833,0,1.8833,6.26049,0.3008230985114583682746877641,touched_quote_without_depletion,,0.005,False,missing_same_side_strict_through_support,112,59823,0,45,same_touch_stable_enough,real_bbo_history_touch_stability,23648,1783579567158,72.68986,6.25549,-66.43437,234,23,-211,reset_supported,same_touch_top_qty_or_order_count_reduced,pass,,,,latest_l2_received_before_or_at_candidate,latest_l2_exchange_time_equal_candidate,event_driven_current_l2_plus_rolling_public_trades_proxy_not_exact_queue_or_fill_probability
681,trades,1783579590873,1783579591098219348,0.225517,buy,62824,62824,62825,1,0.005,6.25549,23,1251.098,8,1.88349,0,1.88349,6.26049,0.300853447573592482377577474,touched_quote_without_depletion,,0.005,False,missing_same_side_strict_through_support,112,59823,67,45,same_touch_stable_enough,real_bbo_history_touch_stability,23715,1783579567158,72.68986,6.25549,-66.43437,234,23,-211,reset_supported,same_touch_top_qty_or_order_count_reduced,pass,,,,latest_l2_received_before_or_at_candidate,latest_l2_exchange_time_before_candidate,event_driven_current_l2_plus_rolling_public_trades_proxy_not_exact_queue_or_fill_probability
682,trades,1783579591076,1783579591284535400,0.209018,buy,62824,62824,62825,1,0.005,6.25549,23,1251.098,11,1.88349,0,1.88349,6.26049,0.300853447573592482377577474,touched_quote_without_depletion,,0.005,False,missing_same_side_strict_through_support,111,59263,270,45,same_touch_stable_enough,real_bbo_history_touch_stability,23918,1783579567158,72.68986,6.25549,-66.43437,234,23,-211,reset_supported,same_touch_top_qty_or_order_count_reduced,pass,,,,latest_l2_received_before_or_at_candidate,latest_l2_exchange_time_before_candidate,event_driven_current_l2_plus_rolling_public_trades_proxy_not_exact_queue_or_fill_probability
683,l2Book,1783579591344,1783579591619035678,0.275554,buy,62824,62824,62825,1,0.005,7.56656,24,1513.312,11,1.88349,0,1.88349,7.57156,0.2487585121163934512834871546,touched_quote_without_depletion,,0.005,False,missing_same_side_strict_through_support,112,59801,0,46,same_touch_stable_enough,real_bbo_history_touch_stability,24186,1783579567158,72.68986,7.56656,-65.1233,234,24,-210,reset_supported,same_touch_top_qty_or_order_count_reduced,pass,,,,latest_l2_received_before_or_at_candidate,latest_l2_exchange_time_equal_candidate,event_driven_current_l2_plus_rolling_public_trades_proxy_not_exact_queue_or_fill_probability
684,trades,1783579591344,1783579591619769873,0.276088,buy,62824,62824,62825,1,0.005,7.56656,24,1513.312,12,1.89236,0,1.89236,7.57156,0.2499300012150732477851327864,touched_quote_without_depletion,,0.005,False,missing_same_side_strict_through_support,112,59801,0,46,same_touch_stable_enough,real_bbo_history_touch_stability,24186,1783579567158,72.68986,7.56656,-65.1233,234,24,-210,reset_supported,same_touch_top_qty_or_order_count_reduced,pass,,,,latest_l2_received_before_or_at_candidate,latest_l2_exchange_time_equal_candidate,event_driven_current_l2_plus_rolling_public_trades_proxy_not_exact_queue_or_fill_probability
685,l2Book,1783579591879,1783579592155917664,0.277449,buy,62824,62824,62825,1,0.005,11.57636,31,2315.272,12,1.89236,0,1.89236,11.58136,0.1633970449066430885491859333,touched_quote_without_depletion,,0.005,False,missing_same_side_strict_through_support,112,59805,0,47,same_touch_stable_enough,real_bbo_history_touch_stability,24721,1783579567158,72.68986,11.57636,-61.1135,234,31,-203,reset_supported,same_touch_top_qty_or_order_count_reduced,pass,,,,latest_l2_received_before_or_at_candidate,latest_l2_exchange_time_equal_candidate,event_driven_current_l2_plus_rolling_public_trades_proxy_not_exact_queue_or_fill_probability
686,trades,1783579592013,1783579592243577807,0.231072,buy,62824,62824,62825,1,0.005,11.57636,31,2315.272,13,1.92352,0,1.92352,11.58136,0.1660875752070568568803663818,touched_quote_without_depletion,,0.005,False,missing_same_side_strict_through_support,112,59805,134,47,same_touch_stable_enough,real_bbo_history_touch_stability,24855,1783579567158,72.68986,11.57636,-61.1135,234,31,-203,reset_supported,same_touch_top_qty_or_order_count_reduced,pass,,,,latest_l2_received_before_or_at_candidate,latest_l2_exchange_time_before_candidate,event_driven_current_l2_plus_rolling_public_trades_proxy_not_exact_queue_or_fill_probability
687,l2Book,1783579592415,1783579592693670699,0.27922,buy,62824,62824,62825,1,0.005,14.33072,34,2866.144,13,1.92352,0,1.92352,14.33572,0.13417672778207163644379215,touched_quote_without_depletion,,0.005,False,missing_same_side_strict_through_support,112,59808,0,48,same_touch_stable_enough,real_bbo_history_touch_stability,25257,1783579567158,72.68986,14.33072,-58.35914,234,34,-200,reset_supported,same_touch_top_qty_or_order_count_reduced,pass,,,,latest_l2_received_before_or_at_candidate,latest_l2_exchange_time_equal_candidate,event_driven_current_l2_plus_rolling_public_trades_proxy_not_exact_queue_or_fill_probability
688,trades,1783579592818,1783579593310397926,0.492881,buy,62824,62824,62825,1,0.005,14.33072,34,2866.144,15,2.00428,0,2.00428,14.33572,0.1398102083467032001183058821,touched_quote_without_depletion,,0.005,False,missing_same_side_strict_through_support,111,59264,403,48,same_touch_stable_enough,real_bbo_history_touch_stability,25660,1783579567158,72.68986,14.33072,-58.35914,234,34,-200,reset_supported,same_touch_top_qty_or_order_count_reduced,pass,,,,latest_l2_received_before_or_at_candidate,latest_l2_exchange_time_before_candidate,event_driven_current_l2_plus_rolling_public_trades_proxy_not_exact_queue_or_fill_probability
689,l2Book,1783579592945,1783579593311106257,0.366448,buy,62824,62824,62825,1,0.005,3.65175,15,730.35,15,2.00428,0,2.00428,3.65675,0.5481041908798796745744171737,touched_quote_without_depletion,,0.005,False,missing_same_side_strict_through_support,112,59794,0,49,same_touch_stable_enough,real_bbo_history_touch_stability,25787,1783579567158,72.68986,3.65175,-69.03811,234,15,-219,reset_supported,same_touch_top_qty_or_order_count_reduced,pass,,,,latest_l2_received_before_or_at_candidate,latest_l2_exchange_time_equal_candidate,event_driven_current_l2_plus_rolling_public_trades_proxy_not_exact_queue_or_fill_probability
690,l2Book,1783579593493,1783579593778874078,0.286428,buy,62824,62824,62825,1,0.005,8.58955,23,1717.91,9,0.16959,0,0.16959,8.59455,0.0197322721957519590903537707,touched_quote_without_depletion,,0.005,False,missing_same_side_strict_through_support,112,59794,0,50,same_touch_stable_enough,real_bbo_history_touch_stability,26335,1783579567158,72.68986,8.58955,-64.10031,234,23,-211,reset_supported,same_touch_top_qty_or_order_count_reduced,pass,,,,latest_l2_received_before_or_at_candidate,latest_l2_exchange_time_equal_candidate,event_driven_current_l2_plus_rolling_public_trades_proxy_not_exact_queue_or_fill_probability
691,l2Book,1783579594030,1783579594355368218,0.325891,buy,62824,62824,62825,1,0.005,10.3439,25,2068.78,7,0.12079,0,0.12079,10.3489,0.01167177187913691310187556165,touched_quote_without_depletion,,0.005,False,missing_same_side_strict_through_support,112,59805,0,51,same_touch_stable_enough,real_bbo_history_touch_stability,26872,1783579567158,72.68986,10.3439,-62.34596,234,25,-209,reset_supported,same_touch_top_qty_or_order_count_reduced,pass,,,,latest_l2_received_before_or_at_candidate,latest_l2_exchange_time_equal_candidate,event_driven_current_l2_plus_rolling_public_trades_proxy_not_exact_queue_or_fill_probability
692,trades,1783579594231,1783579594420778775,0.190271,buy,62824,62824,62825,1,0.005,10.3439,25,2068.78,5,0.12853,0,0.12853,10.3489,0.01241967745364241610219443612,touched_quote_without_depletion,,0.005,False,missing_same_side_strict_through_support,111,59268,201,51,same_touch_stable_enough,real_bbo_history_touch_stability,27073,1783579567158,72.68986,10.3439,-62.34596,234,25,-209,reset_supported,same_touch_top_qty_or_order_count_reduced,pass,,,,latest_l2_received_before_or_at_candidate,latest_l2_exchange_time_before_candidate,event_driven_current_l2_plus_rolling_public_trades_proxy_not_exact_queue_or_fill_probability
693,l2Book,1783579594565,1783579594842463418,0.277993,buy,62824,62824,62825,1,0.005,10.4118,26,2082.36,4,0.11966,0,0.11966,10.4168,0.01148721296367406497196835881,touched_quote_without_depletion,,0.005,False,missing_same_side_strict_through_support,112,59803,0,52,same_touch_stable_enough,real_bbo_history_touch_stability,27407,1783579567158,72.68986,10.4118,-62.27806,234,26,-208,reset_supported,same_touch_top_qty_or_order_count_reduced,pass,,,,latest_l2_received_before_or_at_candidate,latest_l2_exchange_time_equal_candidate,event_driven_current_l2_plus_rolling_public_trades_proxy_not_exact_queue_or_fill_probability
694,l2Book,1783579595102,1783579595449056600,0.3476,buy,62824,62824,62825,1,0.005,13.54852,33,2709.704,3,0.0885,0,0.0885,13.55352,0.006529669045384520036123457227,touched_quote_without_depletion,,0.005,False,missing_same_side_strict_through_support,112,59793,0,53,same_touch_stable_enough,real_bbo_history_touch_stability,27944,1783579567158,72.68986,13.54852,-59.14134,234,33,-201,reset_supported,same_touch_top_qty_or_order_count_reduced,pass,,,,latest_l2_received_before_or_at_candidate,latest_l2_exchange_time_equal_candidate,event_driven_current_l2_plus_rolling_public_trades_proxy_not_exact_queue_or_fill_probability
695,l2Book,1783579595650,1783579595967146136,0.317701,buy,62824,62824,62825,1,0.005,14.90725,34,2981.45,3,0.0885,0,0.0885,14.91225,0.005934718100890207715133531157,touched_quote_without_depletion,,0.005,False,missing_same_side_strict_through_support,112,59805,0,54,same_touch_stable_enough,real_bbo_history_touch_stability,28492,1783579567158,72.68986,14.90725,-57.78261,234,34,-200,reset_supported,same_touch_top_qty_or_order_count_reduced,pass,,,,latest_l2_received_before_or_at_candidate,latest_l2_exchange_time_equal_candidate,event_driven_current_l2_plus_rolling_public_trades_proxy_not_exact_queue_or_fill_probability
696,trades,1783579596050,1783579596318616471,0.269122,buy,62824,62824,62825,1,0.005,14.90725,34,2981.45,3,0.00774,0,0.00774,14.91225,0.0005190363627219232510184579792,touched_quote_without_depletion,,0.00193,False,missing_same_side_strict_through_support,111,59277,400,54,same_touch_stable_enough,real_bbo_history_touch_stability,28892,1783579567158,72.68986,14.90725,-57.78261,234,34,-200,reset_supported,same_touch_top_qty_or_order_count_reduced,pass,,,,latest_l2_received_before_or_at_candidate,latest_l2_exchange_time_before_candidate,event_driven_current_l2_plus_rolling_public_trades_proxy_not_exact_queue_or_fill_probability
697,l2Book,1783579596183,1783579596487503708,0.305052,buy,62824,62824,62825,1,0.005,12.51962,33,2503.924,3,0.00774,0,0.00774,12.52462,0.0006179828210356881087011023089,touched_quote_without_depletion,,0.00193,False,missing_same_side_strict_through_support,112,59810,0,55,same_touch_stable_enough,real_bbo_history_touch_stability,29025,1783579567158,72.68986,12.51962,-60.17024,234,33,-201,reset_supported,same_touch_top_qty_or_order_count_reduced,pass,,,,latest_l2_received_before_or_at_candidate,latest_l2_exchange_time_equal_candidate,event_driven_current_l2_plus_rolling_public_trades_proxy_not_exact_queue_or_fill_probability
698,l2Book,1783579596720,1783579597080317774,0.360823,buy,62824,62824,62825,1,0.005,3.64401,15,728.802,3,0.00774,0,0.00774,3.64901,0.002121123263570119018583122546,touched_quote_without_depletion,,0.00193,False,missing_same_side_strict_through_support,112,59798,0,56,same_touch_stable_enough,real_bbo_history_touch_stability,29562,1783579567158,72.68986,3.64401,-69.04585,234,15,-219,reset_supported,same_touch_top_qty_or_order_count_reduced,pass,,,,latest_l2_received_before_or_at_candidate,latest_l2_exchange_time_equal_candidate,event_driven_current_l2_plus_rolling_public_trades_proxy_not_exact_queue_or_fill_probability
699,trades,1783579597055,1783579597296570121,0.242075,buy,62824,62824,62825,1,0.005,3.64401,15,728.802,4,0.01312,0,0.01312,3.64901,0.003595495764604646191706791705,touched_quote_without_depletion,,0.00328,False,missing_same_side_strict_through_support,111,59260,335,56,same_touch_stable_enough,real_bbo_history_touch_stability,29897,1783579567158,72.68986,3.64401,-69.04585,234,15,-219,reset_supported,same_touch_top_qty_or_order_count_reduced,pass,,,,latest_l2_received_before_or_at_candidate,latest_l2_exchange_time_before_candidate,event_driven_current_l2_plus_rolling_public_trades_proxy_not_exact_queue_or_fill_probability
700,l2Book,1783579597257,1783579597554951224,0.298507,buy,62824,62824,62825,1,0.005,3.15867,13,631.734,3,0.00538,0,0.00538,3.16367,0.00170055663201282055334469145,touched_quote_without_depletion,,0.00134,False,missing_same_side_strict_through_support,112,59797,0,57,same_touch_stable_enough,real_bbo_history_touch_stability,30099,1783579567158,72.68986,3.15867,-69.53119,234,13,-221,reset_supported,same_touch_top_qty_or_order_count_reduced,pass,,,,latest_l2_received_before_or_at_candidate,latest_l2_exchange_time_equal_candidate,event_driven_current_l2_plus_rolling_public_trades_proxy_not_exact_queue_or_fill_probability
701,l2Book,1783579597796,1783579598095169837,0.299694,buy,62824,62824,62825,1,0.005,7.3786,19,1475.72,3,0.00538,0,0.00538,7.3836,0.0007286418549217184029470718891,touched_quote_without_depletion,,0.00134,False,missing_same_side_strict_through_support,112,59812,0,58,same_touch_stable_enough,real_bbo_history_touch_stability,30638,1783579567158,72.68986,7.3786,-65.31126,234,19,-215,reset_supported,same_touch_top_qty_or_order_count_reduced,pass,,,,latest_l2_received_before_or_at_candidate,latest_l2_exchange_time_equal_candidate,event_driven_current_l2_plus_rolling_public_trades_proxy_not_exact_queue_or_fill_probability
702,trades,1783579598064,1783579598368495745,0.305004,buy,62824,62824,62825,1,0.005,7.3786,19,1475.72,5,0.00608,0,0.00608,7.3836,0.0008234465572349531393899994583,touched_quote_without_depletion,,0.00152,False,missing_same_side_strict_through_support,111,59262,268,58,same_touch_stable_enough,real_bbo_history_touch_stability,30906,1783579567158,72.68986,7.3786,-65.31126,234,19,-215,reset_supported,same_touch_top_qty_or_order_count_reduced,pass,,,,latest_l2_received_before_or_at_candidate,latest_l2_exchange_time_before_candidate,event_driven_current_l2_plus_rolling_public_trades_proxy_not_exact_queue_or_fill_probability
703,l2Book,1783579598330,1783579598633793572,0.304322,buy,62824,62824,62825,1,0.005,7.3779,19,1475.58,5,0.00608,0,0.00608,7.3829,0.0008235246312424656977610424088,touched_quote_without_depletion,,0.00152,False,missing_same_side_strict_through_support,112,59796,0,59,same_touch_stable_enough,real_bbo_history_touch_stability,31172,1783579567158,72.68986,7.3779,-65.31196,234,19,-215,reset_supported,same_touch_top_qty_or_order_count_reduced,pass,,,,latest_l2_received_before_or_at_candidate,latest_l2_exchange_time_equal_candidate,event_driven_current_l2_plus_rolling_public_trades_proxy_not_exact_queue_or_fill_probability
704,l2Book,1783579598869,1783579599163574238,0.295079,buy,62824,62824,62825,1,0.005,2.66528,11,533.056,5,0.00608,0,0.00608,2.67028,0.002276914780472459816948035412,touched_quote_without_depletion,,0.00152,False,missing_same_side_strict_through_support,112,59796,0,60,same_touch_stable_enough,real_bbo_history_touch_stability,31711,1783579567158,72.68986,2.66528,-70.02458,234,11,-223,reset_supported,same_touch_top_qty_or_order_count_reduced,pass,,,,latest_l2_received_before_or_at_candidate,latest_l2_exchange_time_equal_candidate,event_driven_current_l2_plus_rolling_public_trades_proxy_not_exact_queue_or_fill_probability
705,l2Book,1783579599408,1783579599702013576,0.29453,buy,62824,62824,62825,1,0.005,2.11728,9,423.456,3,0.00608,0,0.00608,2.12228,0.002864843470230129860338880826,touched_quote_without_depletion,,0.00152,False,missing_same_side_strict_through_support,112,59789,0,61,same_touch_stable_enough,real_bbo_history_touch_stability,32250,1783579567158,72.68986,2.11728,-70.57258,234,9,-225,reset_supported,same_touch_top_qty_or_order_count_reduced,pass,,,,latest_l2_received_before_or_at_candidate,latest_l2_exchange_time_equal_candidate,event_driven_current_l2_plus_rolling_public_trades_proxy_not_exact_queue_or_fill_probability
706,trades,1783579599408,1783579599702752971,0.295083,buy,62824,62824,62825,1,0.005,2.11728,9,423.456,5,0.11408,0,0.11408,2.12228,0.05375351037563375237951636919,touched_quote_without_depletion,,0.005,False,missing_same_side_strict_through_support,112,59789,0,61,same_touch_stable_enough,real_bbo_history_touch_stability,32250,1783579567158,72.68986,2.11728,-70.57258,234,9,-225,reset_supported,same_touch_top_qty_or_order_count_reduced,pass,,,,latest_l2_received_before_or_at_candidate,latest_l2_exchange_time_equal_candidate,event_driven_current_l2_plus_rolling_public_trades_proxy_not_exact_queue_or_fill_probability
707,l2Book,1783579599943,1783579600223728464,0.281252,buy,62824,62824,62825,1,0.005,4.08735,15,817.47,5,0.11408,0,0.11408,4.09235,0.02787640353342211687661123804,touched_quote_without_depletion,,0.005,False,missing_same_side_strict_through_support,112,59791,0,62,same_touch_stable_enough,real_bbo_history_touch_stability,32785,1783579567158,72.68986,4.08735,-68.60251,234,15,-219,reset_supported,same_touch_top_qty_or_order_count_reduced,pass,,,,latest_l2_received_before_or_at_candidate,latest_l2_exchange_time_equal_candidate,event_driven_current_l2_plus_rolling_public_trades_proxy_not_exact_queue_or_fill_probability
708,l2Book,1783579600483,1783579600830243147,0.347761,buy,62824,62824,62825,1,0.005,4.08829,16,817.658,4,0.1087,0,0.1087,4.09329,0.02655565571948237237039154323,touched_quote_without_depletion,,0.005,False,missing_same_side_strict_through_support,112,59794,0,63,same_touch_stable_enough,real_bbo_history_touch_stability,33325,1783579567158,72.68986,4.08829,-68.60157,234,16,-218,reset_supported,same_touch_top_qty_or_order_count_reduced,pass,,,,latest_l2_received_before_or_at_candidate,latest_l2_exchange_time_equal_candidate,event_driven_current_l2_plus_rolling_public_trades_proxy_not_exact_queue_or_fill_probability
709,trades,1783579600550,1783579600830959266,0.2813,buy,62824,62824,62825,1,0.005,4.08829,16,817.658,5,0.2464,0,0.2464,4.09329,0.06019607699430042826186270702,touched_quote_without_depletion,,0.005,False,missing_same_side_strict_through_support,112,59794,67,63,same_touch_stable_enough,real_bbo_history_touch_stability,33392,1783579567158,72.68986,4.08829,-68.60157,234,16,-218,reset_supported,same_touch_top_qty_or_order_count_reduced,pass,,,,latest_l2_received_before_or_at_candidate,latest_l2_exchange_time_before_candidate,event_driven_current_l2_plus_rolling_public_trades_proxy_not_exact_queue_or_fill_probability
710,l2Book,1783579601021,1783579601346545415,0.326029,buy,62824,62824,62825,1,0.005,3.95025,16,790.05,5,0.2464,0,0.2464,3.95525,0.06229694709563238733329119525,touched_quote_without_depletion,,0.005,False,missing_same_side_strict_through_support,112,59817,0,64,same_touch_stable_enough,real_bbo_history_touch_stability,33863,1783579567158,72.68986,3.95025,-68.73961,234,16,-218,reset_supported,same_touch_top_qty_or_order_count_reduced,pass,,,,latest_l2_received_before_or_at_candidate,latest_l2_exchange_time_equal_candidate,event_driven_current_l2_plus_rolling_public_trades_proxy_not_exact_queue_or_fill_probability
711,trades,1783579601021,1783579601347238553,0.326526,buy,62824,62824,62825,1,0.005,3.95025,16,790.05,6,0.24674,0,0.24674,3.95525,0.06238290879211175020542317173,touched_quote_without_depletion,,0.005,False,missing_same_side_strict_through_support,112,59817,0,64,same_touch_stable_enough,real_bbo_history_touch_stability,33863,1783579567158,72.68986,3.95025,-68.73961,234,16,-218,reset_supported,same_touch_top_qty_or_order_count_reduced,pass,,,,latest_l2_received_before_or_at_candidate,latest_l2_exchange_time_equal_candidate,event_driven_current_l2_plus_rolling_public_trades_proxy_not_exact_queue_or_fill_probability
712,l2Book,1783579601559,1783579601812070068,0.253592,buy,62824,62824,62825,1,0.005,3.95025,16,790.05,4,0.24604,0,0.24604,3.95525,0.0622059288287718854686808672,touched_quote_without_depletion,,0.005,False,missing_same_side_strict_through_support,112,59808,0,65,same_touch_stable_enough,real_bbo_history_touch_stability,34401,1783579567158,72.68986,3.95025,-68.73961,234,16,-218,reset_supported,same_touch_top_qty_or_order_count_reduced,pass,,,,latest_l2_received_before_or_at_candidate,latest_l2_exchange_time_equal_candidate,event_driven_current_l2_plus_rolling_public_trades_proxy_not_exact_queue_or_fill_probability
713,l2Book,1783579602100,1783579602381494279,0.282028,buy,62824,62824,62825,1,0.005,3.95025,16,790.05,4,0.24604,0,0.24604,3.95525,0.0622059288287718854686808672,touched_quote_without_depletion,,0.005,False,missing_same_side_strict_through_support,112,59798,0,66,same_touch_stable_enough,real_bbo_history_touch_stability,34942,1783579567158,72.68986,3.95025,-68.73961,234,16,-218,reset_supported,same_touch_top_qty_or_order_count_reduced,pass,,,,latest_l2_received_before_or_at_candidate,latest_l2_exchange_time_equal_candidate,event_driven_current_l2_plus_rolling_public_trades_proxy_not_exact_queue_or_fill_probability
714,l2Book,1783579602641,1783579602944217559,0.303753,buy,62824,62824,62825,1,0.005,4.42777,17,885.554,2,0.13804,0,0.13804,4.43277,0.03114079909402021760659813164,touched_quote_without_depletion,,0.005,False,missing_same_side_strict_through_support,112,59815,0,67,same_touch_stable_enough,real_bbo_history_touch_stability,35483,1783579567158,72.68986,4.42777,-68.26209,234,17,-217,reset_supported,same_touch_top_qty_or_order_count_reduced,pass,,,,latest_l2_received_before_or_at_candidate,latest_l2_exchange_time_equal_candidate,event_driven_current_l2_plus_rolling_public_trades_proxy_not_exact_queue_or_fill_probability
715,trades,1783579603116,1783579603652749433,0.537239,buy,62824,62824,62825,1,0.005,4.42777,17,885.554,5,0.14501,0,0.14501,4.43277,0.0327131793438414354906751309,touched_quote_without_depletion,,0.005,False,missing_same_side_strict_through_support,111,59264,475,67,same_touch_stable_enough,real_bbo_history_touch_stability,35958,1783579567158,72.68986,4.42777,-68.26209,234,17,-217,reset_supported,same_touch_top_qty_or_order_count_reduced,pass,,,,latest_l2_received_before_or_at_candidate,latest_l2_exchange_time_before_candidate,event_driven_current_l2_plus_rolling_public_trades_proxy_not_exact_queue_or_fill_probability
716,l2Book,1783579603175,1783579603653444331,0.478764,buy,62824,62824,62825,1,0.005,0.07394,2,14.788,5,0.14501,0,0.14501,0.07894,1.836964783379782112997213073,depleted_top_plus_order_proxy,,0.005,False,missing_same_side_strict_through_support,112,59798,0,68,same_touch_stable_enough,real_bbo_history_touch_stability,36017,1783579567158,72.68986,0.07394,-72.61592,234,2,-232,reset_supported,same_touch_top_qty_or_order_count_reduced,pass,,,,latest_l2_received_before_or_at_candidate,latest_l2_exchange_time_equal_candidate,event_driven_current_l2_plus_rolling_public_trades_proxy_not_exact_queue_or_fill_probability
717,trades,1783579603652,1783579603860105403,0.20864,buy,62824,62824,62825,1,0.005,0.07394,2,14.788,8,0.00842,0.00299,0.01141,0.07894,0.1445401570813275905751203446,strict_trade_through_seen_but_visible_top_not_depleted,quality_b,0.002,True,,111,59262,477,68,same_touch_stable_enough,real_bbo_history_touch_stability,36494,1783579567158,72.68986,0.07394,-72.61592,234,2,-232,reset_supported,same_touch_top_qty_or_order_count_reduced,pass,,,,latest_l2_received_before_or_at_candidate,latest_l2_exchange_time_before_candidate,event_driven_current_l2_plus_rolling_public_trades_proxy_not_exact_queue_or_fill_probability
718,trades,1783579604042,1783579604279392594,0.237861,buy,62823,62823,62824,1,0.005,0.58811,3,117.622,8,0.0034,0,0.0034,0.59311,0.005732494815464247778658259008,touched_quote_without_depletion,,0.00085,False,missing_same_side_strict_through_support,111,59297,321,1,same_touch_stable_enough,real_bbo_history_touch_stability,321,1783579603721,,0.58811,,,3,,missing,no_prior_same_touch_bbo,pass,,,no_prior_same_touch_bbo,latest_l2_received_before_or_at_candidate,latest_l2_exchange_time_before_candidate,event_driven_current_l2_plus_rolling_public_trades_proxy_not_exact_queue_or_fill_probability
719,l2Book,1783579604241,1783579604523593490,0.283115,buy,62823,62823,62824,1,0.005,0.75809,4,151.618,8,0.0034,0,0.0034,0.76309,0.004455568805776513910547903917,touched_quote_without_depletion,,0.00085,False,missing_same_side_strict_through_support,112,59817,0,2,same_touch_stable_enough,real_bbo_history_touch_stability,520,1783579603721,0.58811,0.75809,0.16998,3,4,1,not_reset,history_present_no_reset,pass,,,history_present_no_reset,latest_l2_received_before_or_at_candidate,latest_l2_exchange_time_equal_candidate,event_driven_current_l2_plus_rolling_public_trades_proxy_not_exact_queue_or_fill_probability
720,trades,1783579604367,1783579604581450290,0.214928,buy,62823,62823,62824,1,0.005,0.75809,4,151.618,9,0.0034,0,0.0034,0.76309,0.004455568805776513910547903917,touched_quote_without_depletion,,0.00085,False,missing_same_side_strict_through_support,112,59817,126,2,same_touch_stable_enough,real_bbo_history_touch_stability,646,1783579603721,0.58811,0.75809,0.16998,3,4,1,not_reset,history_present_no_reset,pass,,,history_present_no_reset,latest_l2_received_before_or_at_candidate,latest_l2_exchange_time_before_candidate,event_driven_current_l2_plus_rolling_public_trades_proxy_not_exact_queue_or_fill_probability
721,l2Book,1783579604782,1783579605119348976,0.337814,buy,62823,62823,62824,1,0.005,1.06204,8,212.408,9,0.0034,0,0.0034,1.06704,0.003186384765332133753186384765,touched_quote_without_depletion,,0.00085,False,missing_same_side_strict_through_support,112,59800,0,3,same_touch_stable_enough,real_bbo_history_touch_stability,1061,1783579603721,0.75809,1.06204,0.30395,4,8,4,not_reset,history_present_no_reset,pass,,,history_present_no_reset,latest_l2_received_before_or_at_candidate,latest_l2_exchange_time_equal_candidate,event_driven_current_l2_plus_rolling_public_trades_proxy_not_exact_queue_or_fill_probability
722,trades,1783579604926,1783579605143391038,0.217913,buy,62823,62823,62824,1,0.005,1.06204,8,212.408,11,0.1626,0,0.1626,1.06704,0.1523841655420602789023841655,touched_quote_without_depletion,,0.005,False,missing_same_side_strict_through_support,112,59800,144,3,same_touch_stable_enough,real_bbo_history_touch_stability,1205,1783579603721,0.75809,1.06204,0.30395,4,8,4,not_reset,history_present_no_reset,pass,,,history_present_no_reset,latest_l2_received_before_or_at_candidate,latest_l2_exchange_time_before_candidate,event_driven_current_l2_plus_rolling_public_trades_proxy_not_exact_queue_or_fill_probability
723,trades,1783579605047,1783579605313833734,0.267318,buy,62823,62823,62824,1,0.005,1.06204,8,212.408,12,0.1626,0,0.1626,1.06704,0.1523841655420602789023841655,touched_quote_without_depletion,,0.005,False,missing_same_side_strict_through_support,111,59262,265,3,same_touch_stable_enough,real_bbo_history_touch_stability,1326,1783579603721,0.75809,1.06204,0.30395,4,8,4,not_reset,history_present_no_reset,pass,,,history_present_no_reset,latest_l2_received_before_or_at_candidate,latest_l2_exchange_time_before_candidate,event_driven_current_l2_plus_rolling_public_trades_proxy_not_exact_queue_or_fill_probability
724,trades,1783579605124,1783579605352305409,0.22877,buy,62823,62823,62824,1,0.005,1.06204,8,212.408,13,0.16324,0,0.16324,1.06704,0.1529839556155345629029839556,touched_quote_without_depletion,,0.005,False,missing_same_side_strict_through_support,111,59262,342,3,same_touch_stable_enough,real_bbo_history_touch_stability,1403,1783579603721,0.75809,1.06204,0.30395,4,8,4,not_reset,history_present_no_reset,pass,,,history_present_no_reset,latest_l2_received_before_or_at_candidate,latest_l2_exchange_time_before_candidate,event_driven_current_l2_plus_rolling_public_trades_proxy_not_exact_queue_or_fill_probability
725,l2Book,1783579605329,1783579605618523101,0.290005,buy,62823,62823,62824,1,0.005,0.9022,7,180.44,13,0.16324,0,0.16324,0.9072,0.1799382716049382716049382716,touched_quote_without_depletion,,0.005,False,missing_same_side_strict_through_support,112,59809,0,4,same_touch_stable_enough,real_bbo_history_touch_stability,1608,1783579603721,1.06204,0.9022,-0.15984,8,7,-1,reset_supported,same_touch_top_qty_or_order_count_reduced,pass,,,,latest_l2_received_before_or_at_candidate,latest_l2_exchange_time_equal_candidate,event_driven_current_l2_plus_rolling_public_trades_proxy_not_exact_queue_or_fill_probability
726,l2Book,1783579605925,1783579606247566384,0.323036,buy,62823,62823,62824,1,0.005,20.22689,50,4045.378,13,0.16324,0,0.16324,20.23189,0.008068450352389223152162254737,touched_quote_without_depletion,,0.005,False,missing_same_side_strict_through_support,112,59868,0,5,same_touch_stable_enough,real_bbo_history_touch_stability,2204,1783579603721,1.06204,20.22689,19.16485,8,50,42,not_reset,history_present_no_reset,pass,,,history_present_no_reset,latest_l2_received_before_or_at_candidate,latest_l2_exchange_time_equal_candidate,event_driven_current_l2_plus_rolling_public_trades_proxy_not_exact_queue_or_fill_probability
727,trades,1783579606065,1783579606310161694,0.245653,buy,62823,62823,62824,1,0.005,20.22689,50,4045.378,14,0.16324,0,0.16324,20.23189,0.008068450352389223152162254737,touched_quote_without_depletion,,0.005,False,missing_same_side_strict_through_support,111,59289,140,5,same_touch_stable_enough,real_bbo_history_touch_stability,2344,1783579603721,1.06204,20.22689,19.16485,8,50,42,not_reset,history_present_no_reset,pass,,,history_present_no_reset,latest_l2_received_before_or_at_candidate,latest_l2_exchange_time_before_candidate,event_driven_current_l2_plus_rolling_public_trades_proxy_not_exact_queue_or_fill_probability
728,l2Book,1783579606392,1783579606653777266,0.262302,buy,62823,62823,62824,1,0.005,24.74528,58,4949.056,11,0.16324,0,0.16324,24.75028,0.006595480940013607926859817343,touched_quote_without_depletion,,0.005,False,missing_same_side_strict_through_support,112,59756,0,6,same_touch_stable_enough,real_bbo_history_touch_stability,2671,1783579603721,20.22689,24.74528,4.51839,50,58,8,not_reset,history_present_no_reset,pass,,,history_present_no_reset,latest_l2_received_before_or_at_candidate,latest_l2_exchange_time_equal_candidate,event_driven_current_l2_plus_rolling_public_trades_proxy_not_exact_queue_or_fill_probability
729,l2Book,1783579606937,1783579607226214365,0.289696,buy,62823,62823,62824,1,0.005,23.27798,58,4655.596,7,0.16025,0,0.16025,23.28298,0.006882710031104265862874941266,touched_quote_without_depletion,,0.005,False,missing_same_side_strict_through_support,112,59747,0,7,same_touch_stable_enough,real_bbo_history_touch_stability,3216,1783579603721,24.74528,23.27798,-1.4673,58,58,0,not_reset,history_present_no_reset,pass,,,history_present_no_reset,latest_l2_received_before_or_at_candidate,latest_l2_exchange_time_equal_candidate,event_driven_current_l2_plus_rolling_public_trades_proxy_not_exact_queue_or_fill_probability
730,l2Book,1783579607479,1783579607816669269,0.338176,buy,62823,62823,62824,1,0.005,37.059,71,7411.8,5,0.15984,0,0.15984,37.064,0.004312540470537448737319231599,touched_quote_without_depletion,,0.005,False,missing_same_side_strict_through_support,112,59749,0,8,same_touch_stable_enough,real_bbo_history_touch_stability,3758,1783579603721,24.74528,37.059,12.31372,58,71,13,not_reset,history_present_no_reset,pass,,,history_present_no_reset,latest_l2_received_before_or_at_candidate,latest_l2_exchange_time_equal_candidate,event_driven_current_l2_plus_rolling_public_trades_proxy_not_exact_queue_or_fill_probability
731,trades,1783579607661,1783579607892662499,0.23219,buy,62823,62823,62824,1,0.005,37.059,71,7411.8,18,0.15984,0,0.15984,37.064,0.004312540470537448737319231599,touched_quote_without_depletion,,0.005,False,missing_same_side_strict_through_support,112,59749,182,8,same_touch_stable_enough,real_bbo_history_touch_stability,3940,1783579603721,24.74528,37.059,12.31372,58,71,13,not_reset,history_present_no_reset,pass,,,history_present_no_reset,latest_l2_received_before_or_at_candidate,latest_l2_exchange_time_before_candidate,event_driven_current_l2_plus_rolling_public_trades_proxy_not_exact_queue_or_fill_probability
732,l2Book,1783579608001,1783579608562590720,0.562073,buy,62829,62829,62830,1,0.005,54.41197,226,10882.394,16,0,0.00064,0.00064,54.41697,0.00001176103704414266358453989629,strict_trade_through_seen_but_visible_top_not_depleted,,0.00016,False,missing_touch_freshness_or_queue_reset_evidence,112,59731,0,1,same_touch_seen_but_not_stable,real_bbo_history_insufficient,0,1783579608001,,54.41197,,,226,,missing,no_prior_same_touch_bbo,block,no_prior_same_touch_bbo,same_touch_seen_but_not_stable,no_prior_same_touch_bbo,latest_l2_received_before_or_at_candidate,latest_l2_exchange_time_equal_candidate,event_driven_current_l2_plus_rolling_public_trades_proxy_not_exact_queue_or_fill_probability
733,trades,1783579608063,1783579608563293354,0.500596,buy,62829,62829,62830,1,0.005,54.41197,226,10882.394,16,0.02159,0.00064,0.02223,54.41697,0.0004085122710801428304442529601,strict_trade_through_seen_but_visible_top_not_depleted,,0.005,False,missing_touch_freshness_or_queue_reset_evidence,112,59731,62,1,same_touch_seen_but_not_stable,real_bbo_history_insufficient,62,1783579608001,,54.41197,,,226,,missing,no_prior_same_touch_bbo,block,no_prior_same_touch_bbo,same_touch_seen_but_not_stable,no_prior_same_touch_bbo,latest_l2_received_before_or_at_candidate,latest_l2_exchange_time_before_candidate,event_driven_current_l2_plus_rolling_public_trades_proxy_not_exact_queue_or_fill_probability
734,trades,1783579608154,1783579608563864103,0.410157,buy,62829,62829,62830,1,0.005,54.41197,226,10882.394,21,0.02159,0,0.02159,54.41697,0.0003967512340360001668597130638,touched_quote_without_depletion,,0.005,False,missing_same_side_strict_through_support;missing_touch_freshness_or_queue_reset_evidence,112,59731,153,1,same_touch_seen_but_not_stable,real_bbo_history_insufficient,153,1783579608001,,54.41197,,,226,,missing,no_prior_same_touch_bbo,block,no_prior_same_touch_bbo,same_touch_seen_but_not_stable,no_prior_same_touch_bbo,latest_l2_received_before_or_at_candidate,latest_l2_exchange_time_before_candidate,event_driven_current_l2_plus_rolling_public_trades_proxy_not_exact_queue_or_fill_probability
735,l2Book,1783579608566,1783579608862552271,0.297075,buy,62835,62835,62836,1,0.005,62.14576,216,12429.152,21,0,0.02159,0.02159,62.15076,0.0003473811100620491205578177966,strict_trade_through_seen_but_visible_top_not_depleted,,0.005,False,missing_touch_freshness_or_queue_reset_evidence,112,59759,0,1,same_touch_seen_but_not_stable,real_bbo_history_insufficient,0,1783579608566,,62.14576,,,216,,missing,no_prior_same_touch_bbo,block,no_prior_same_touch_bbo,same_touch_seen_but_not_stable,no_prior_same_touch_bbo,latest_l2_received_before_or_at_candidate,latest_l2_exchange_time_equal_candidate,event_driven_current_l2_plus_rolling_public_trades_proxy_not_exact_queue_or_fill_probability
736,trades,1783579608758,1783579609039353717,0.281826,buy,62835,62835,62836,1,0.005,62.14576,216,12429.152,30,0,0.02159,0.02159,62.15076,0.0003473811100620491205578177966,strict_trade_through_seen_but_visible_top_not_depleted,,0.005,False,missing_touch_freshness_or_queue_reset_evidence,112,59759,192,1,same_touch_seen_but_not_stable,real_bbo_history_insufficient,192,1783579608566,,62.14576,,,216,,missing,no_prior_same_touch_bbo,block,no_prior_same_touch_bbo,same_touch_seen_but_not_stable,no_prior_same_touch_bbo,latest_l2_received_before_or_at_candidate,latest_l2_exchange_time_before_candidate,event_driven_current_l2_plus_rolling_public_trades_proxy_not_exact_queue_or_fill_probability
737,trades,1783579609005,1783579609272439431,0.267925,buy,62835,62835,62836,1,0.005,62.14576,216,12429.152,31,0,0.02159,0.02159,62.15076,0.0003473811100620491205578177966,strict_trade_through_seen_but_visible_top_not_depleted,,0.002,False,outside_quality_a_b_queue_bands,111,59222,439,1,same_touch_stable_enough,real_bbo_history_touch_stability,439,1783579608566,,62.14576,,,216,,missing,no_prior_same_touch_bbo,pass,,,no_prior_same_touch_bbo,latest_l2_received_before_or_at_candidate,latest_l2_exchange_time_before_candidate,event_driven_current_l2_plus_rolling_public_trades_proxy_not_exact_queue_or_fill_probability
738,l2Book,1783579609096,1783579609481363068,0.385906,buy,62842,62842,62844,2,0.005,37.09612,143,7419.224,30,0,0.02159,0.02159,37.10112,0.0005819231333178081955477354862,strict_trade_through_seen_but_visible_top_not_depleted,,0.005,False,missing_touch_freshness_or_queue_reset_evidence,112,59752,0,1,same_touch_seen_but_not_stable,real_bbo_history_insufficient,0,1783579609096,,37.09612,,,143,,missing,no_prior_same_touch_bbo,block,no_prior_same_touch_bbo,same_touch_seen_but_not_stable,no_prior_same_touch_bbo,latest_l2_received_before_or_at_candidate,latest_l2_exchange_time_equal_candidate,event_driven_current_l2_plus_rolling_public_trades_proxy_not_exact_queue_or_fill_probability
739,trades,1783579609096,1783579609482151541,0.386459,buy,62842,62842,62844,2,0.005,37.09612,143,7419.224,32,0,0.02159,0.02159,37.10112,0.0005819231333178081955477354862,strict_trade_through_seen_but_visible_top_not_depleted,,0.005,False,missing_touch_freshness_or_queue_reset_evidence,112,59752,0,1,same_touch_seen_but_not_stable,real_bbo_history_insufficient,0,1783579609096,,37.09612,,,143,,missing,no_prior_same_touch_bbo,block,no_prior_same_touch_bbo,same_touch_seen_but_not_stable,no_prior_same_touch_bbo,latest_l2_received_before_or_at_candidate,latest_l2_exchange_time_equal_candidate,event_driven_current_l2_plus_rolling_public_trades_proxy_not_exact_queue_or_fill_probability
740,l2Book,1783579609611,1783579609931981703,0.321474,buy,62843,62843,62844,1,0.005,86.18259,275,17236.518,32,0,0.02159,0.02159,86.18759,0.0002505001010006196947843651273,strict_trade_through_seen_but_visible_top_not_depleted,,0.005,False,missing_touch_freshness_or_queue_reset_evidence,112,59731,0,1,same_touch_seen_but_not_stable,real_bbo_history_insufficient,0,1783579609611,,86.18259,,,275,,missing,no_prior_same_touch_bbo,block,no_prior_same_touch_bbo,same_touch_seen_but_not_stable,no_prior_same_touch_bbo,latest_l2_received_before_or_at_candidate,latest_l2_exchange_time_equal_candidate,event_driven_current_l2_plus_rolling_public_trades_proxy_not_exact_queue_or_fill_probability
741,trades,1783579609892,1783579610135058998,0.243568,buy,62843,62843,62844,1,0.005,86.18259,275,17236.518,36,0,0.02159,0.02159,86.18759,0.0002505001010006196947843651273,strict_trade_through_seen_but_visible_top_not_depleted,,0.002,False,outside_quality_a_b_queue_bands,111,59194,281,1,same_touch_stable_enough,real_bbo_history_touch_stability,281,1783579609611,,86.18259,,,275,,missing,no_prior_same_touch_bbo,pass,,,no_prior_same_touch_bbo,latest_l2_received_before_or_at_candidate,latest_l2_exchange_time_before_candidate,event_driven_current_l2_plus_rolling_public_trades_proxy_not_exact_queue_or_fill_probability
742,l2Book,1783579610159,1783579610460472800,0.301948,buy,62847,62847,62848,1,0.005,67.09671,278,13419.342,36,0,0.02159,0.02159,67.10171,0.0003217503696999674076860336346,strict_trade_through_seen_but_visible_top_not_depleted,,0.005,False,missing_touch_freshness_or_queue_reset_evidence,112,59742,0,1,same_touch_seen_but_not_stable,real_bbo_history_insufficient,0,1783579610159,,67.09671,,,278,,missing,no_prior_same_touch_bbo,block,no_prior_same_touch_bbo,same_touch_seen_but_not_stable,no_prior_same_touch_bbo,latest_l2_received_before_or_at_candidate,latest_l2_exchange_time_equal_candidate,event_driven_current_l2_plus_rolling_public_trades_proxy_not_exact_queue_or_fill_probability
743,trades,1783579610559,1783579610770411822,0.211907,buy,62847,62847,62848,1,0.005,67.09671,278,13419.342,37,0,0.02159,0.02159,67.10171,0.0003217503696999674076860336346,strict_trade_through_seen_but_visible_top_not_depleted,,0.002,False,outside_quality_a_b_queue_bands,111,59204,400,1,same_touch_stable_enough,real_bbo_history_touch_stability,400,1783579610159,,67.09671,,,278,,missing,no_prior_same_touch_bbo,pass,,,no_prior_same_touch_bbo,latest_l2_received_before_or_at_candidate,latest_l2_exchange_time_before_candidate,event_driven_current_l2_plus_rolling_public_trades_proxy_not_exact_queue_or_fill_probability
744,l2Book,1783579610695,1783579611030635819,0.336127,buy,62848,62848,62849,1,0.005,80.57989,326,16115.978,24,0.0005,0.02159,0.02209,80.58489,0.0002741208680684431039119120222,strict_trade_through_seen_but_visible_top_not_depleted,,0.005,False,missing_touch_freshness_or_queue_reset_evidence,112,59740,0,1,same_touch_seen_but_not_stable,real_bbo_history_insufficient,0,1783579610695,,80.57989,,,326,,missing,no_prior_same_touch_bbo,block,no_prior_same_touch_bbo,same_touch_seen_but_not_stable,no_prior_same_touch_bbo,latest_l2_received_before_or_at_candidate,latest_l2_exchange_time_equal_candidate,event_driven_current_l2_plus_rolling_public_trades_proxy_not_exact_queue_or_fill_probability
745,trades,1783579610959,1783579611202622517,0.244468,buy,62848,62848,62849,1,0.005,80.57989,326,16115.978,27,0.0005,0.02159,0.02209,80.58489,0.0002741208680684431039119120222,strict_trade_through_seen_but_visible_top_not_depleted,,0.002,False,outside_quality_a_b_queue_bands,111,59203,264,1,same_touch_stable_enough,real_bbo_history_touch_stability,264,1783579610695,,80.57989,,,326,,missing,no_prior_same_touch_bbo,pass,,,no_prior_same_touch_bbo,latest_l2_received_before_or_at_candidate,latest_l2_exchange_time_before_candidate,event_driven_current_l2_plus_rolling_public_trades_proxy_not_exact_queue_or_fill_probability
746,trades,1783579611018,1783579611284576118,0.267063,buy,62848,62848,62849,1,0.005,80.57989,326,16115.978,28,0.0005,0.02159,0.02209,80.58489,0.0002741208680684431039119120222,strict_trade_through_seen_but_visible_top_not_depleted,,0.002,False,outside_quality_a_b_queue_bands,111,59203,323,1,same_touch_stable_enough,real_bbo_history_touch_stability,323,1783579610695,,80.57989,,,326,,missing,no_prior_same_touch_bbo,pass,,,no_prior_same_touch_bbo,latest_l2_received_before_or_at_candidate,latest_l2_exchange_time_before_candidate,event_driven_current_l2_plus_rolling_public_trades_proxy_not_exact_queue_or_fill_probability
747,l2Book,1783579611219,1783579611576787784,0.358333,buy,62848,62848,62849,1,0.005,19.38254,47,3876.508,21,0.0005,0,0.0005,19.38754,0.00002578975981480889272182030314,touched_quote_without_depletion,,0.00012,False,missing_same_side_strict_through_support,112,59727,0,2,same_touch_stable_enough,real_bbo_history_touch_stability,524,1783579610695,80.57989,19.38254,-61.19735,326,47,-279,reset_supported,same_touch_top_qty_or_order_count_reduced,pass,,,,latest_l2_received_before_or_at_candidate,latest_l2_exchange_time_equal_candidate,event_driven_current_l2_plus_rolling_public_trades_proxy_not_exact_queue_or_fill_probability
748,l2Book,1783579611768,1783579612089110373,0.321627,buy,62848,62848,62849,1,0.005,0.24232,3,48.464,12,0.0005,0,0.0005,0.24732,0.00202167232734918324437975093,touched_quote_without_depletion,,0.00012,False,missing_same_side_strict_through_support,112,59735,0,3,same_touch_stable_enough,real_bbo_history_touch_stability,1073,1783579610695,80.57989,0.24232,-80.33757,326,3,-323,reset_supported,same_touch_top_qty_or_order_count_reduced,pass,,,,latest_l2_received_before_or_at_candidate,latest_l2_exchange_time_equal_candidate,event_driven_current_l2_plus_rolling_public_trades_proxy_not_exact_queue_or_fill_probability
749,trades,1783579611900,1783579612208794544,0.309307,buy,62848,62848,62849,1,0.005,0.24232,3,48.464,15,0.0005,0,0.0005,0.24732,0.00202167232734918324437975093,touched_quote_without_depletion,,0.00012,False,missing_same_side_strict_through_support,112,59735,132,3,same_touch_stable_enough,real_bbo_history_touch_stability,1205,1783579610695,80.57989,0.24232,-80.33757,326,3,-323,reset_supported,same_touch_top_qty_or_order_count_reduced,pass,,,,latest_l2_received_before_or_at_candidate,latest_l2_exchange_time_before_candidate,event_driven_current_l2_plus_rolling_public_trades_proxy_not_exact_queue_or_fill_probability
750,trades,1783579612024,1783579612257826586,0.234366,buy,62848,62848,62849,1,0.005,0.24232,3,48.464,18,0.00067,0.00027,0.00094,0.24732,0.003800743975416464499433931748,strict_trade_through_seen_but_visible_top_not_depleted,,0.00023,False,outside_quality_a_b_queue_bands,112,59735,256,3,same_touch_stable_enough,real_bbo_history_touch_stability,1329,1783579610695,80.57989,0.24232,-80.33757,326,3,-323,reset_supported,same_touch_top_qty_or_order_count_reduced,pass,,,,latest_l2_received_before_or_at_candidate,latest_l2_exchange_time_before_candidate,event_driven_current_l2_plus_rolling_public_trades_proxy_not_exact_queue_or_fill_probability
751,l2Book,1783579612302,1783579612632228860,0.330709,buy,62847,62847,62848,1,0.005,0.07962,2,15.924,16,0.00027,0,0.00027,0.08462,0.003190735050815410068541715906,touched_quote_without_depletion,,6e-05,False,missing_same_side_strict_through_support;missing_touch_freshness_or_queue_reset_evidence,112,59732,0,1,same_touch_seen_but_not_stable,real_bbo_history_insufficient,0,1783579612302,,0.07962,,,2,,missing,no_prior_same_touch_bbo,block,no_prior_same_touch_bbo,same_touch_seen_but_not_stable,no_prior_same_touch_bbo,latest_l2_received_before_or_at_candidate,latest_l2_exchange_time_equal_candidate,event_driven_current_l2_plus_rolling_public_trades_proxy_not_exact_queue_or_fill_probability
752,trades,1783579612302,1783579612632916255,0.331222,buy,62847,62847,62848,1,0.005,0.07962,2,15.924,17,0.00027,0,0.00027,0.08462,0.003190735050815410068541715906,touched_quote_without_depletion,,6e-05,False,missing_same_side_strict_through_support;missing_touch_freshness_or_queue_reset_evidence,112,59732,0,1,same_touch_seen_but_not_stable,real_bbo_history_insufficient,0,1783579612302,,0.07962,,,2,,missing,no_prior_same_touch_bbo,block,no_prior_same_touch_bbo,same_touch_seen_but_not_stable,no_prior_same_touch_bbo,latest_l2_received_before_or_at_candidate,latest_l2_exchange_time_equal_candidate,event_driven_current_l2_plus_rolling_public_trades_proxy_not_exact_queue_or_fill_probability
753,trades,1783579612508,1783579612755625488,0.248108,buy,62847,62847,62848,1,0.005,0.07962,2,15.924,25,0.00027,0.00339,0.00366,0.08462,0.04325218624438666981800992673,strict_trade_through_seen_but_visible_top_not_depleted,,0.00091,False,missing_touch_freshness_or_queue_reset_evidence,112,59732,206,1,same_touch_seen_but_not_stable,real_bbo_history_insufficient,206,1783579612302,,0.07962,,,2,,missing,no_prior_same_touch_bbo,block,no_prior_same_touch_bbo,same_touch_seen_but_not_stable,no_prior_same_touch_bbo,latest_l2_received_before_or_at_candidate,latest_l2_exchange_time_before_candidate,event_driven_current_l2_plus_rolling_public_trades_proxy_not_exact_queue_or_fill_probability
754,l2Book,1783579612833,1783579613140575760,0.308096,buy,62840,62840,62841,1,0.005,0.09617,3,19.234,25,0,0,0,0.10117,0,not_depleted,,0.0,False,missing_same_side_strict_through_support;missing_touch_freshness_or_queue_reset_evidence;missing_recent_same_side_at_or_through_throughput,112,59728,0,1,same_touch_seen_but_not_stable,real_bbo_history_insufficient,0,1783579612833,,0.09617,,,3,,missing,no_prior_same_touch_bbo,block,no_prior_same_touch_bbo,same_touch_seen_but_not_stable,no_prior_same_touch_bbo,latest_l2_received_before_or_at_candidate,latest_l2_exchange_time_equal_candidate,event_driven_current_l2_plus_rolling_public_trades_proxy_not_exact_queue_or_fill_probability
755,trades,1783579613032,1783579613493653502,0.462176,buy,62840,62840,62841,1,0.005,0.09617,3,19.234,23,0.00069,0,0.00069,0.10117,0.00682020361767322328753583078,touched_quote_without_depletion,,0.00017,False,missing_same_side_strict_through_support;missing_touch_freshness_or_queue_reset_evidence,112,59728,199,1,same_touch_seen_but_not_stable,real_bbo_history_insufficient,199,1783579612833,,0.09617,,,3,,missing,no_prior_same_touch_bbo,block,no_prior_same_touch_bbo,same_touch_seen_but_not_stable,no_prior_same_touch_bbo,latest_l2_received_before_or_at_candidate,latest_l2_exchange_time_before_candidate,event_driven_current_l2_plus_rolling_public_trades_proxy_not_exact_queue_or_fill_probability
756,l2Book,1783579613373,1783579613676768656,0.304261,buy,62840,62840,62841,1,0.005,15.80466,37,3160.932,23,0.00069,0,0.00069,15.80966,0.00004364420234211235409237137295,touched_quote_without_depletion,,0.00017,False,missing_same_side_strict_through_support,112,59731,0,2,same_touch_stable_enough,real_bbo_history_touch_stability,540,1783579612833,0.09617,15.80466,15.70849,3,37,34,not_reset,history_present_no_reset,pass,,,history_present_no_reset,latest_l2_received_before_or_at_candidate,latest_l2_exchange_time_equal_candidate,event_driven_current_l2_plus_rolling_public_trades_proxy_not_exact_queue_or_fill_probability
757,l2Book,1783579613911,1783579614219240606,0.308739,buy,62840,62840,62841,1,0.005,12.24995,31,2449.99,22,0.00069,0,0.00069,12.25495,0.00005630377928918518639406933525,touched_quote_without_depletion,,0.00017,False,missing_same_side_strict_through_support,112,59664,0,3,same_touch_stable_enough,real_bbo_history_touch_stability,1078,1783579612833,15.80466,12.24995,-3.55471,37,31,-6,reset_supported,same_touch_top_qty_or_order_count_reduced,pass,,,,latest_l2_received_before_or_at_candidate,latest_l2_exchange_time_equal_candidate,event_driven_current_l2_plus_rolling_public_trades_proxy_not_exact_queue_or_fill_probability
758,l2Book,1783579614440,1783579614701984586,0.262515,buy,62840,62840,62841,1,0.005,10.48823,30,2097.646,18,0.00069,0,0.00069,10.49323,0.00006575668311854405173621468318,touched_quote_without_depletion,,0.00017,False,missing_same_side_strict_through_support,112,59665,0,4,same_touch_stable_enough,real_bbo_history_touch_stability,1607,1783579612833,15.80466,10.48823,-5.31643,37,30,-7,reset_supported,same_touch_top_qty_or_order_count_reduced,pass,,,,latest_l2_received_before_or_at_candidate,latest_l2_exchange_time_equal_candidate,event_driven_current_l2_plus_rolling_public_trades_proxy_not_exact_queue_or_fill_probability
759,trades,1783579614514,1783579614721679202,0.208448,buy,62840,62840,62841,1,0.005,10.48823,30,2097.646,19,0.00119,0,0.00119,10.49323,0.000113406453494300610965355758,touched_quote_without_depletion,,0.00029,False,missing_same_side_strict_through_support,112,59665,74,4,same_touch_stable_enough,real_bbo_history_touch_stability,1681,1783579612833,15.80466,10.48823,-5.31643,37,30,-7,reset_supported,same_touch_top_qty_or_order_count_reduced,pass,,,,latest_l2_received_before_or_at_candidate,latest_l2_exchange_time_before_candidate,event_driven_current_l2_plus_rolling_public_trades_proxy_not_exact_queue_or_fill_probability
760,l2Book,1783579614982,1783579615297339408,0.315868,buy,62840,62840,62841,1,0.005,4.7178,20,943.56,16,0.00119,0,0.00119,4.7228,0.0002519691708308630473447954603,touched_quote_without_depletion,,0.00029,False,missing_same_side_strict_through_support,112,59662,0,5,same_touch_stable_enough,real_bbo_history_touch_stability,2149,1783579612833,15.80466,4.7178,-11.08686,37,20,-17,reset_supported,same_touch_top_qty_or_order_count_reduced,pass,,,,latest_l2_received_before_or_at_candidate,latest_l2_exchange_time_equal_candidate,event_driven_current_l2_plus_rolling_public_trades_proxy_not_exact_queue_or_fill_probability
761,l2Book,1783579615518,1783579615807056884,0.289579,buy,62840,62840,62841,1,0.005,4.83778,20,967.556,3,0.00119,0,0.00119,4.84278,0.000245726628093780844886614713,touched_quote_without_depletion,,0.00029,False,missing_same_side_strict_through_support,112,59636,0,6,same_touch_stable_enough,real_bbo_history_touch_stability,2685,1783579612833,15.80466,4.83778,-10.96688,37,20,-17,reset_supported,same_touch_top_qty_or_order_count_reduced,pass,,,,latest_l2_received_before_or_at_candidate,latest_l2_exchange_time_equal_candidate,event_driven_current_l2_plus_rolling_public_trades_proxy_not_exact_queue_or_fill_probability
762,trades,1783579615518,1783579615807853049,0.290128,buy,62840,62840,62841,1,0.005,4.83778,20,967.556,5,0.00337,0,0.00337,4.84278,0.000695881291324404577536043347,touched_quote_without_depletion,,0.00084,False,missing_same_side_strict_through_support,112,59636,0,6,same_touch_stable_enough,real_bbo_history_touch_stability,2685,1783579612833,15.80466,4.83778,-10.96688,37,20,-17,reset_supported,same_touch_top_qty_or_order_count_reduced,pass,,,,latest_l2_received_before_or_at_candidate,latest_l2_exchange_time_equal_candidate,event_driven_current_l2_plus_rolling_public_trades_proxy_not_exact_queue_or_fill_probability
763,trades,1783579615787,1783579615987252580,0.200737,buy,62840,62840,62841,1,0.005,4.83778,20,967.556,6,0.00337,0,0.00337,4.84278,0.000695881291324404577536043347,touched_quote_without_depletion,,0.00084,False,missing_same_side_strict_through_support,112,59636,269,6,same_touch_stable_enough,real_bbo_history_touch_stability,2954,1783579612833,15.80466,4.83778,-10.96688,37,20,-17,reset_supported,same_touch_top_qty_or_order_count_reduced,pass,,,,latest_l2_received_before_or_at_candidate,latest_l2_exchange_time_before_candidate,event_driven_current_l2_plus_rolling_public_trades_proxy_not_exact_queue_or_fill_probability
764,l2Book,1783579616048,1783579616370258168,0.322728,buy,62840,62840,62841,1,0.005,7.00309,26,1400.618,4,0.00268,0,0.00268,7.00809,0.0003824151801703459858534921783,touched_quote_without_depletion,,0.00067,False,missing_same_side_strict_through_support,112,59632,0,7,same_touch_stable_enough,real_bbo_history_touch_stability,3215,1783579612833,15.80466,7.00309,-8.80157,37,26,-11,reset_supported,same_touch_top_qty_or_order_count_reduced,pass,,,,latest_l2_received_before_or_at_candidate,latest_l2_exchange_time_equal_candidate,event_driven_current_l2_plus_rolling_public_trades_proxy_not_exact_queue_or_fill_probability
765,trades,1783579616048,1783579616370934183,0.323267,buy,62840,62840,62841,1,0.005,7.00309,26,1400.618,5,0.08556,0,0.08556,7.00809,0.01220874731916970244388984731,touched_quote_without_depletion,,0.005,False,missing_same_side_strict_through_support,112,59632,0,7,same_touch_stable_enough,real_bbo_history_touch_stability,3215,1783579612833,15.80466,7.00309,-8.80157,37,26,-11,reset_supported,same_touch_top_qty_or_order_count_reduced,pass,,,,latest_l2_received_before_or_at_candidate,latest_l2_exchange_time_equal_candidate,event_driven_current_l2_plus_rolling_public_trades_proxy_not_exact_queue_or_fill_probability
766,trades,1783579616189,1783579616400653157,0.21212,buy,62840,62840,62841,1,0.005,7.00309,26,1400.618,6,0.08556,0,0.08556,7.00809,0.01220874731916970244388984731,touched_quote_without_depletion,,0.005,False,missing_same_side_strict_through_support,112,59632,141,7,same_touch_stable_enough,real_bbo_history_touch_stability,3356,1783579612833,15.80466,7.00309,-8.80157,37,26,-11,reset_supported,same_touch_top_qty_or_order_count_reduced,pass,,,,latest_l2_received_before_or_at_candidate,latest_l2_exchange_time_before_candidate,event_driven_current_l2_plus_rolling_public_trades_proxy_not_exact_queue_or_fill_probability
767,trades,1783579616390,1783579616602032953,0.212537,buy,62840,62840,62841,1,0.005,7.00309,26,1400.618,7,0.09693,0,0.09693,7.00809,0.01383115799026553597342499882,touched_quote_without_depletion,,0.005,False,missing_same_side_strict_through_support,112,59632,342,7,same_touch_stable_enough,real_bbo_history_touch_stability,3557,1783579612833,15.80466,7.00309,-8.80157,37,26,-11,reset_supported,same_touch_top_qty_or_order_count_reduced,pass,,,,latest_l2_received_before_or_at_candidate,latest_l2_exchange_time_before_candidate,event_driven_current_l2_plus_rolling_public_trades_proxy_not_exact_queue_or_fill_probability
768,l2Book,1783579616593,1783579616937116618,0.344635,buy,62840,62840,62841,1,0.005,6.99077,25,1398.154,7,0.09693,0,0.09693,6.99577,0.01385551554725212521280716776,touched_quote_without_depletion,,0.005,False,missing_same_side_strict_through_support,112,59639,0,8,same_touch_stable_enough,real_bbo_history_touch_stability,3760,1783579612833,15.80466,6.99077,-8.81389,37,25,-12,reset_supported,same_touch_top_qty_or_order_count_reduced,pass,,,,latest_l2_received_before_or_at_candidate,latest_l2_exchange_time_equal_candidate,event_driven_current_l2_plus_rolling_public_trades_proxy_not_exact_queue_or_fill_probability
769,l2Book,1783579617119,1783579617440061311,0.321574,buy,62840,62840,62841,1,0.005,6.82552,23,1365.104,7,0.09693,0,0.09693,6.83052,0.0141907204722334463554751322,touched_quote_without_depletion,,0.005,False,missing_same_side_strict_through_support,112,59627,0,9,same_touch_stable_enough,real_bbo_history_touch_stability,4286,1783579612833,15.80466,6.82552,-8.97914,37,23,-14,reset_supported,same_touch_top_qty_or_order_count_reduced,pass,,,,latest_l2_received_before_or_at_candidate,latest_l2_exchange_time_equal_candidate,event_driven_current_l2_plus_rolling_public_trades_proxy_not_exact_queue_or_fill_probability
770,l2Book,1783579617659,1783579617951230971,0.292728,buy,62840,62840,62841,1,0.005,4.23574,20,847.148,6,0.09643,0,0.09643,4.24074,0.02273895593693553483590128138,touched_quote_without_depletion,,0.005,False,missing_same_side_strict_through_support,112,59632,0,10,same_touch_stable_enough,real_bbo_history_touch_stability,4826,1783579612833,15.80466,4.23574,-11.56892,37,20,-17,reset_supported,same_touch_top_qty_or_order_count_reduced,pass,,,,latest_l2_received_before_or_at_candidate,latest_l2_exchange_time_equal_candidate,event_driven_current_l2_plus_rolling_public_trades_proxy_not_exact_queue_or_fill_probability
771,l2Book,1783579618265,1783579618829097147,0.564573,buy,62840,62840,62841,1,0.005,4.23574,20,847.148,6,0.09643,0,0.09643,4.24074,0.02273895593693553483590128138,touched_quote_without_depletion,,0.005,False,missing_same_side_strict_through_support,112,59702,0,11,same_touch_stable_enough,real_bbo_history_touch_stability,5432,1783579612833,15.80466,4.23574,-11.56892,37,20,-17,reset_supported,same_touch_top_qty_or_order_count_reduced,pass,,,,latest_l2_received_before_or_at_candidate,latest_l2_exchange_time_equal_candidate,event_driven_current_l2_plus_rolling_public_trades_proxy_not_exact_queue_or_fill_probability
772,trades,1783579618334,1783579618829797663,0.496113,buy,62840,62840,62841,1,0.005,4.23574,20,847.148,8,0.18613,0,0.18613,4.24074,0.04389092469710475058598263511,touched_quote_without_depletion,,0.005,False,missing_same_side_strict_through_support,112,59702,69,11,same_touch_stable_enough,real_bbo_history_touch_stability,5501,1783579612833,15.80466,4.23574,-11.56892,37,20,-17,reset_supported,same_touch_top_qty_or_order_count_reduced,pass,,,,latest_l2_received_before_or_at_candidate,latest_l2_exchange_time_before_candidate,event_driven_current_l2_plus_rolling_public_trades_proxy_not_exact_queue_or_fill_probability
773,l2Book,1783579618749,1783579619023636522,0.275147,buy,62840,62840,62841,1,0.005,6.24532,30,1249.064,6,0.18395,0,0.18395,6.25032,0.029430493158750271986074313,touched_quote_without_depletion,,0.005,False,missing_same_side_strict_through_support,112,59644,0,12,same_touch_stable_enough,real_bbo_history_touch_stability,5916,1783579612833,15.80466,6.24532,-9.55934,37,30,-7,reset_supported,same_touch_top_qty_or_order_count_reduced,pass,,,,latest_l2_received_before_or_at_candidate,latest_l2_exchange_time_equal_candidate,event_driven_current_l2_plus_rolling_public_trades_proxy_not_exact_queue_or_fill_probability
774,trades,1783579619086,1783579619369714654,0.284215,buy,62840,62840,62841,1,0.005,6.24532,30,1249.064,5,0.10157,0,0.10157,6.25032,0.01625036798115936464053040484,touched_quote_without_depletion,,0.005,False,missing_same_side_strict_through_support,112,59644,337,12,same_touch_stable_enough,real_bbo_history_touch_stability,6253,1783579612833,15.80466,6.24532,-9.55934,37,30,-7,reset_supported,same_touch_top_qty_or_order_count_reduced,pass,,,,latest_l2_received_before_or_at_candidate,latest_l2_exchange_time_before_candidate,event_driven_current_l2_plus_rolling_public_trades_proxy_not_exact_queue_or_fill_probability
775,l2Book,1783579619288,1783579619583317575,0.295876,buy,62840,62840,62841,1,0.005,6.23183,28,1246.366,4,0.10157,0,0.10157,6.23683,0.01628551684108753966357909387,touched_quote_without_depletion,,0.005,False,missing_same_side_strict_through_support,112,59657,0,13,same_touch_stable_enough,real_bbo_history_touch_stability,6455,1783579612833,15.80466,6.23183,-9.57283,37,28,-9,reset_supported,same_touch_top_qty_or_order_count_reduced,pass,,,,latest_l2_received_before_or_at_candidate,latest_l2_exchange_time_equal_candidate,event_driven_current_l2_plus_rolling_public_trades_proxy_not_exact_queue_or_fill_probability
776,trades,1783579619422,1783579619638885767,0.217416,buy,62840,62840,62841,1,0.005,6.23183,28,1246.366,4,0.0902,0,0.0902,6.23683,0.01446247532801118516938893637,touched_quote_without_depletion,,0.005,False,missing_same_side_strict_through_support,112,59657,134,13,same_touch_stable_enough,real_bbo_history_touch_stability,6589,1783579612833,15.80466,6.23183,-9.57283,37,28,-9,reset_supported,same_touch_top_qty_or_order_count_reduced,pass,,,,latest_l2_received_before_or_at_candidate,latest_l2_exchange_time_before_candidate,event_driven_current_l2_plus_rolling_public_trades_proxy_not_exact_queue_or_fill_probability
777,trades,1783579619623,1783579619845973916,0.223452,buy,62840,62840,62841,1,0.005,6.23183,28,1246.366,5,0.0928,0,0.0928,6.23683,0.01487935377427314837826267511,touched_quote_without_depletion,,0.005,False,missing_same_side_strict_through_support,112,59657,335,13,same_touch_stable_enough,real_bbo_history_touch_stability,6790,1783579612833,15.80466,6.23183,-9.57283,37,28,-9,reset_supported,same_touch_top_qty_or_order_count_reduced,pass,,,,latest_l2_received_before_or_at_candidate,latest_l2_exchange_time_before_candidate,event_driven_current_l2_plus_rolling_public_trades_proxy_not_exact_queue_or_fill_probability
778,trades,1783579619688,1783579619901829594,0.21434,buy,62840,62840,62841,1,0.005,6.23183,28,1246.366,14,2.04106,0,2.04106,6.23683,0.3272592005874779335014743067,touched_quote_without_depletion,,0.005,False,missing_same_side_strict_through_support,111,59109,400,13,same_touch_stable_enough,real_bbo_history_touch_stability,6855,1783579612833,15.80466,6.23183,-9.57283,37,28,-9,reset_supported,same_touch_top_qty_or_order_count_reduced,pass,,,,latest_l2_received_before_or_at_candidate,latest_l2_exchange_time_before_candidate,event_driven_current_l2_plus_rolling_public_trades_proxy_not_exact_queue_or_fill_probability
779,l2Book,1783579619823,1783579620125681745,0.303205,buy,62840,62840,62841,1,0.005,3.79578,19,759.156,14,2.04106,0,2.04106,3.80078,0.5370108240940017575339798673,touched_quote_without_depletion,,0.005,False,missing_same_side_strict_through_support,112,59644,0,14,same_touch_stable_enough,real_bbo_history_touch_stability,6990,1783579612833,15.80466,3.79578,-12.00888,37,19,-18,reset_supported,same_touch_top_qty_or_order_count_reduced,pass,,,,latest_l2_received_before_or_at_candidate,latest_l2_exchange_time_equal_candidate,event_driven_current_l2_plus_rolling_public_trades_proxy_not_exact_queue_or_fill_probability
780,l2Book,1783579620357,1783579620628767846,0.272293,buy,62840,62840,62841,1,0.005,4.69239,27,938.478,14,2.04106,0,2.04106,4.69739,0.4345093764835366022408188377,touched_quote_without_depletion,,0.005,False,missing_same_side_strict_through_support,112,59640,0,15,same_touch_stable_enough,real_bbo_history_touch_stability,7524,1783579612833,15.80466,4.69239,-11.11227,37,27,-10,reset_supported,same_touch_top_qty_or_order_count_reduced,pass,,,,latest_l2_received_before_or_at_candidate,latest_l2_exchange_time_equal_candidate,event_driven_current_l2_plus_rolling_public_trades_proxy_not_exact_queue_or_fill_probability
781,l2Book,1783579620898,1783579621198554810,0.301075,buy,62840,62840,62841,1,0.005,7.12971,32,1425.942,14,2.04106,0,2.04106,7.13471,0.286074696799169132312315427,touched_quote_without_depletion,,0.005,False,missing_same_side_strict_through_support,112,59647,0,16,same_touch_stable_enough,real_bbo_history_touch_stability,8065,1783579612833,15.80466,7.12971,-8.67495,37,32,-5,reset_supported,same_touch_top_qty_or_order_count_reduced,pass,,,,latest_l2_received_before_or_at_candidate,latest_l2_exchange_time_equal_candidate,event_driven_current_l2_plus_rolling_public_trades_proxy_not_exact_queue_or_fill_probability
782,l2Book,1783579621417,1783579621696831391,0.28036,buy,62840,62840,62841,1,0.005,4.58182,27,916.364,12,1.95136,0,1.95136,4.58682,0.4254276383202305736872168518,touched_quote_without_depletion,,0.005,False,missing_same_side_strict_through_support,112,59633,0,17,same_touch_stable_enough,real_bbo_history_touch_stability,8584,1783579612833,15.80466,4.58182,-11.22284,37,27,-10,reset_supported,same_touch_top_qty_or_order_count_reduced,pass,,,,latest_l2_received_before_or_at_candidate,latest_l2_exchange_time_equal_candidate,event_driven_current_l2_plus_rolling_public_trades_proxy_not_exact_queue_or_fill_probability
783,trades,1783579621645,1783579621875255349,0.230772,buy,62840,62840,62841,1,0.005,4.58182,27,916.364,13,1.95136,0,1.95136,4.58682,0.4254276383202305736872168518,touched_quote_without_depletion,,0.005,False,missing_same_side_strict_through_support,112,59633,228,17,same_touch_stable_enough,real_bbo_history_touch_stability,8812,1783579612833,15.80466,4.58182,-11.22284,37,27,-10,reset_supported,same_touch_top_qty_or_order_count_reduced,pass,,,,latest_l2_received_before_or_at_candidate,latest_l2_exchange_time_before_candidate,event_driven_current_l2_plus_rolling_public_trades_proxy_not_exact_queue_or_fill_probability
784,l2Book,1783579621973,1783579622343533374,0.371033,buy,62836,62836,62838,2,0.005,0.6751,1,135.02,13,0,0,0,0.6801,0,not_depleted,,0.0,False,missing_same_side_strict_through_support;missing_touch_freshness_or_queue_reset_evidence;missing_recent_same_side_at_or_through_throughput,112,59652,0,1,same_touch_seen_but_not_stable,real_bbo_history_insufficient,0,1783579621973,,0.6751,,,1,,missing,no_prior_same_touch_bbo,block,no_prior_same_touch_bbo,same_touch_seen_but_not_stable,no_prior_same_touch_bbo,latest_l2_received_before_or_at_candidate,latest_l2_exchange_time_equal_candidate,event_driven_current_l2_plus_rolling_public_trades_proxy_not_exact_queue_or_fill_probability
785,trades,1783579621973,1783579622344585037,0.371906,buy,62836,62836,62838,2,0.005,0.6751,1,135.02,26,0.12349,0,0.12349,0.6801,0.1815762387884134686075577121,touched_quote_without_depletion,,0.005,False,missing_same_side_strict_through_support;missing_touch_freshness_or_queue_reset_evidence,112,59652,0,1,same_touch_seen_but_not_stable,real_bbo_history_insufficient,0,1783579621973,,0.6751,,,1,,missing,no_prior_same_touch_bbo,block,no_prior_same_touch_bbo,same_touch_seen_but_not_stable,no_prior_same_touch_bbo,latest_l2_received_before_or_at_candidate,latest_l2_exchange_time_equal_candidate,event_driven_current_l2_plus_rolling_public_trades_proxy_not_exact_queue_or_fill_probability
786,trades,1783579622031,1783579622345012083,0.314272,buy,62836,62836,62838,2,0.005,0.6751,1,135.02,27,0.15464,0,0.15464,0.6801,0.2273783267166593148066460815,touched_quote_without_depletion,,0.005,False,missing_same_side_strict_through_support;missing_touch_freshness_or_queue_reset_evidence,112,59652,58,1,same_touch_seen_but_not_stable,real_bbo_history_insufficient,58,1783579621973,,0.6751,,,1,,missing,no_prior_same_touch_bbo,block,no_prior_same_touch_bbo,same_touch_seen_but_not_stable,no_prior_same_touch_bbo,latest_l2_received_before_or_at_candidate,latest_l2_exchange_time_before_candidate,event_driven_current_l2_plus_rolling_public_trades_proxy_not_exact_queue_or_fill_probability
787,trades,1783579622084,1783579622426285837,0.34277,buy,62836,62836,62838,2,0.005,0.6751,1,135.02,31,0.15464,0.00157,0.15621,0.6801,0.2296868107631230701367445964,strict_trade_through_seen_but_visible_top_not_depleted,,0.005,False,missing_touch_freshness_or_queue_reset_evidence,112,59652,111,1,same_touch_seen_but_not_stable,real_bbo_history_insufficient,111,1783579621973,,0.6751,,,1,,missing,no_prior_same_touch_bbo,block,no_prior_same_touch_bbo,same_touch_seen_but_not_stable,no_prior_same_touch_bbo,latest_l2_received_before_or_at_candidate,latest_l2_exchange_time_before_candidate,event_driven_current_l2_plus_rolling_public_trades_proxy_not_exact_queue_or_fill_probability
788,l2Book,1783579622524,1783579622866651027,0.343159,buy,62833,62833,62834,1,0.005,0.07805,1,15.61,29,0,0,0,0.08305,0,not_depleted,,0.0,False,missing_same_side_strict_through_support;missing_touch_freshness_or_queue_reset_evidence;missing_recent_same_side_at_or_through_throughput,112,59667,0,1,same_touch_seen_but_not_stable,real_bbo_history_insufficient,0,1783579622524,,0.07805,,,1,,missing,no_prior_same_touch_bbo,block,no_prior_same_touch_bbo,same_touch_seen_but_not_stable,no_prior_same_touch_bbo,latest_l2_received_before_or_at_candidate,latest_l2_exchange_time_equal_candidate,event_driven_current_l2_plus_rolling_public_trades_proxy_not_exact_queue_or_fill_probability
789,trades,1783579622524,1783579622867417830,0.343721,buy,62833,62833,62834,1,0.005,0.07805,1,15.61,31,0.00152,0,0.00152,0.08305,0.01830222757375075255869957857,touched_quote_without_depletion,,0.00038,False,missing_same_side_strict_through_support;missing_touch_freshness_or_queue_reset_evidence,112,59667,0,1,same_touch_seen_but_not_stable,real_bbo_history_insufficient,0,1783579622524,,0.07805,,,1,,missing,no_prior_same_touch_bbo,block,no_prior_same_touch_bbo,same_touch_seen_but_not_stable,no_prior_same_touch_bbo,latest_l2_received_before_or_at_candidate,latest_l2_exchange_time_equal_candidate,event_driven_current_l2_plus_rolling_public_trades_proxy_not_exact_queue_or_fill_probability
790,trades,1783579622589,1783579622893407628,0.304948,buy,62833,62833,62834,1,0.005,0.07805,1,15.61,32,0.00152,0,0.00152,0.08305,0.01830222757375075255869957857,touched_quote_without_depletion,,0.00038,False,missing_same_side_strict_through_support;missing_touch_freshness_or_queue_reset_evidence,112,59667,65,1,same_touch_seen_but_not_stable,real_bbo_history_insufficient,65,1783579622524,,0.07805,,,1,,missing,no_prior_same_touch_bbo,block,no_prior_same_touch_bbo,same_touch_seen_but_not_stable,no_prior_same_touch_bbo,latest_l2_received_before_or_at_candidate,latest_l2_exchange_time_before_candidate,event_driven_current_l2_plus_rolling_public_trades_proxy_not_exact_queue_or_fill_probability
791,l2Book,1783579623090,1783579623698419922,0.608928,buy,62832,62832,62834,2,0.005,0.07974,2,15.948,22,0,0,0,0.08474,0,not_depleted,,0.0,False,missing_same_side_strict_through_support;missing_touch_freshness_or_queue_reset_evidence;missing_recent_same_side_at_or_through_throughput,112,59709,0,1,same_touch_seen_but_not_stable,real_bbo_history_insufficient,0,1783579623090,,0.07974,,,2,,missing,no_prior_same_touch_bbo,block,no_prior_same_touch_bbo,same_touch_seen_but_not_stable,no_prior_same_touch_bbo,latest_l2_received_before_or_at_candidate,latest_l2_exchange_time_equal_candidate,event_driven_current_l2_plus_rolling_public_trades_proxy_not_exact_queue_or_fill_probability
792,trades,1783579623042,1783579623699121483,0.657442,buy,62832,62832,62834,2,0.005,0.07974,2,15.948,23,0,0,0,0.08474,0,not_depleted,,0.0,False,missing_same_side_strict_through_support;missing_touch_freshness_or_queue_reset_evidence;missing_recent_same_side_at_or_through_throughput,112,59709,-48,1,same_touch_seen_but_not_stable,real_bbo_history_insufficient,0,1783579623090,,0.07974,,,2,,missing,no_prior_same_touch_bbo,block,no_prior_same_touch_bbo,same_touch_seen_but_not_stable,no_prior_same_touch_bbo,latest_l2_received_before_or_at_candidate,latest_l2_exchange_time_after_candidate_visible_by_local_receive,event_driven_current_l2_plus_rolling_public_trades_proxy_not_exact_queue_or_fill_probability
793,trades,1783579623460,1783579623699645641,0.239948,buy,62832,62832,62834,2,0.005,0.07974,2,15.948,27,0.02013,0,0.02013,0.08474,0.2375501534104319093698371489,touched_quote_without_depletion,,0.005,False,missing_same_side_strict_through_support,111,59156,370,1,same_touch_stable_enough,real_bbo_history_touch_stability,370,1783579623090,,0.07974,,,2,,missing,no_prior_same_touch_bbo,pass,,,no_prior_same_touch_bbo,latest_l2_received_before_or_at_candidate,latest_l2_exchange_time_before_candidate,event_driven_current_l2_plus_rolling_public_trades_proxy_not_exact_queue_or_fill_probability
794,l2Book,1783579623597,1783579623897481177,0.301014,buy,62832,62832,62833,1,0.005,0.006,1,1.2,27,0.02013,0,0.02013,0.011,1.83,depleted_top_plus_order_proxy,,0.005,False,missing_same_side_strict_through_support;missing_touch_freshness_or_queue_reset_evidence,112,59663,0,1,same_touch_seen_but_not_stable,real_bbo_history_insufficient,0,1783579623597,,0.006,,,1,,missing,no_prior_same_touch_bbo,block,no_prior_same_touch_bbo,same_touch_seen_but_not_stable,no_prior_same_touch_bbo,latest_l2_received_before_or_at_candidate,latest_l2_exchange_time_equal_candidate,event_driven_current_l2_plus_rolling_public_trades_proxy_not_exact_queue_or_fill_probability
795,l2Book,1783579624129,1783579624469479810,0.341004,buy,62832,62832,62833,1,0.005,1.28866,4,257.732,27,0.02013,0,0.02013,1.29366,0.01556050275961226288205556329,touched_quote_without_depletion,,0.005,False,missing_same_side_strict_through_support,112,59659,0,2,same_touch_stable_enough,real_bbo_history_touch_stability,532,1783579623597,0.006,1.28866,1.28266,1,4,3,not_reset,history_present_no_reset,pass,,,history_present_no_reset,latest_l2_received_before_or_at_candidate,latest_l2_exchange_time_equal_candidate,event_driven_current_l2_plus_rolling_public_trades_proxy_not_exact_queue_or_fill_probability
796,trades,1783579624607,1783579624842563510,0.236082,buy,62832,62832,62833,1,0.005,1.28866,4,257.732,30,0.09987,0.04766,0.14753,1.29366,0.1140407835134424810228344387,strict_trade_through_seen_but_visible_top_not_depleted,,0.002,False,outside_quality_a_b_queue_bands,111,59123,478,2,same_touch_stable_enough,real_bbo_history_touch_stability,1010,1783579623597,0.006,1.28866,1.28266,1,4,3,not_reset,history_present_no_reset,pass,,,history_present_no_reset,latest_l2_received_before_or_at_candidate,latest_l2_exchange_time_before_candidate,event_driven_current_l2_plus_rolling_public_trades_proxy_not_exact_queue_or_fill_probability
797,l2Book,1783579624672,1783579624964317576,0.292817,buy,62831,62831,62832,1,0.005,1.02909,3,205.818,29,0.04766,0,0.04766,1.03409,0.04608883172644547379821872371,touched_quote_without_depletion,,0.005,False,missing_same_side_strict_through_support;missing_touch_freshness_or_queue_reset_evidence,112,59666,0,1,same_touch_seen_but_not_stable,real_bbo_history_insufficient,0,1783579624672,,1.02909,,,3,,missing,no_prior_same_touch_bbo,block,no_prior_same_touch_bbo,same_touch_seen_but_not_stable,no_prior_same_touch_bbo,latest_l2_received_before_or_at_candidate,latest_l2_exchange_time_equal_candidate,event_driven_current_l2_plus_rolling_public_trades_proxy_not_exact_queue_or_fill_probability
798,l2Book,1783579625211,1783579625565795249,0.355323,buy,62831,62831,62832,1,0.005,0.94952,2,189.904,11,0.04766,0,0.04766,0.95452,0.04993085529899844948246238947,touched_quote_without_depletion,,0.005,False,missing_same_side_strict_through_support,112,59668,0,2,same_touch_stable_enough,real_bbo_history_touch_stability,539,1783579624672,1.02909,0.94952,-0.07957,3,2,-1,reset_supported,same_touch_top_qty_or_order_count_reduced,pass,,,,latest_l2_received_before_or_at_candidate,latest_l2_exchange_time_equal_candidate,event_driven_current_l2_plus_rolling_public_trades_proxy_not_exact_queue_or_fill_probability
799,l2Book,1783579625750,1783579626064676725,0.315187,buy,62831,62831,62832,1,0.005,0.07974,2,15.948,8,0.04766,0,0.04766,0.08474,0.5624262449846589568090630163,touched_quote_without_depletion,,0.005,False,missing_same_side_strict_through_support,112,59667,0,3,same_touch_stable_enough,real_bbo_history_touch_stability,1078,1783579624672,1.02909,0.07974,-0.94935,3,2,-1,reset_supported,same_touch_top_qty_or_order_count_reduced,pass,,,,latest_l2_received_before_or_at_candidate,latest_l2_exchange_time_equal_candidate,event_driven_current_l2_plus_rolling_public_trades_proxy_not_exact_queue_or_fill_probability
800,trades,1783579625923,1783579626189279990,0.266786,buy,62831,62831,62832,1,0.005,0.07974,2,15.948,10,0.1274,0,0.1274,0.08474,1.503422232711824404059476044,depleted_top_plus_order_proxy,,0.005,False,missing_same_side_strict_through_support,112,59667,173,3,same_touch_stable_enough,real_bbo_history_touch_stability,1251,1783579624672,1.02909,0.07974,-0.94935,3,2,-1,reset_supported,same_touch_top_qty_or_order_count_reduced,pass,,,,latest_l2_received_before_or_at_candidate,latest_l2_exchange_time_before_candidate,event_driven_current_l2_plus_rolling_public_trades_proxy_not_exact_queue_or_fill_probability
801,trades,1783579626020,1783579626315387826,0.295887,buy,62831,62831,62832,1,0.005,0.07974,2,15.948,14,0.1274,0.07974,0.20714,0.08474,2.444418220438989851309889072,depleted_top_plus_order_proxy,quality_a,0.005,True,,112,59667,270,3,same_touch_stable_enough,real_bbo_history_touch_stability,1348,1783579624672,1.02909,0.07974,-0.94935,3,2,-1,reset_supported,same_touch_top_qty_or_order_count_reduced,pass,,,,latest_l2_received_before_or_at_candidate,latest_l2_exchange_time_before_candidate,event_driven_current_l2_plus_rolling_public_trades_proxy_not_exact_queue_or_fill_probability
802,trades,1783579626350,1783579626652112867,0.302603,buy,62825,62825,62827,2,0.005,0.7896,4,157.92,25,0.1267,0,0.1267,0.7946,0.1594512962496853762899572112,touched_quote_without_depletion,,0.005,False,missing_same_side_strict_through_support;missing_touch_freshness_or_queue_reset_evidence,112,59671,63,1,same_touch_seen_but_not_stable,real_bbo_history_insufficient,63,1783579626287,,0.7896,,,4,,missing,no_prior_same_touch_bbo,block,no_prior_same_touch_bbo,same_touch_seen_but_not_stable,no_prior_same_touch_bbo,latest_l2_received_before_or_at_candidate,latest_l2_exchange_time_before_candidate,event_driven_current_l2_plus_rolling_public_trades_proxy_not_exact_queue_or_fill_probability
803,trades,1783579626416,1783579626667014570,0.251582,buy,62825,62825,62827,2,0.005,0.7896,4,157.92,26,0.12688,0,0.12688,0.7946,0.1596778253209161842436446011,touched_quote_without_depletion,,0.005,False,missing_same_side_strict_through_support;missing_touch_freshness_or_queue_reset_evidence,112,59671,129,1,same_touch_seen_but_not_stable,real_bbo_history_insufficient,129,1783579626287,,0.7896,,,4,,missing,no_prior_same_touch_bbo,block,no_prior_same_touch_bbo,same_touch_seen_but_not_stable,no_prior_same_touch_bbo,latest_l2_received_before_or_at_candidate,latest_l2_exchange_time_before_candidate,event_driven_current_l2_plus_rolling_public_trades_proxy_not_exact_queue_or_fill_probability
804,l2Book,1783579626827,1783579627227324626,0.400815,buy,62825,62825,62826,1,0.005,5.80226,17,1160.452,22,0.12688,0,0.12688,5.80726,0.02184851375691806462944658927,touched_quote_without_depletion,,0.005,False,missing_same_side_strict_through_support;missing_touch_freshness_or_queue_reset_evidence,112,59669,0,1,same_touch_seen_but_not_stable,real_bbo_history_insufficient,0,1783579626827,,5.80226,,,17,,missing,no_prior_same_touch_bbo,block,no_prior_same_touch_bbo,same_touch_seen_but_not_stable,no_prior_same_touch_bbo,latest_l2_received_before_or_at_candidate,latest_l2_exchange_time_equal_candidate,event_driven_current_l2_plus_rolling_public_trades_proxy_not_exact_queue_or_fill_probability
805,trades,1783579627021,1783579627277144277,0.256631,buy,62825,62825,62826,1,0.005,5.80226,17,1160.452,23,0.13226,0,0.13226,5.80726,0.02277494033330692960191208935,touched_quote_without_depletion,,0.005,False,missing_same_side_strict_through_support;missing_touch_freshness_or_queue_reset_evidence,112,59669,194,1,same_touch_seen_but_not_stable,real_bbo_history_insufficient,194,1783579626827,,5.80226,,,17,,missing,no_prior_same_touch_bbo,block,no_prior_same_touch_bbo,same_touch_seen_but_not_stable,no_prior_same_touch_bbo,latest_l2_received_before_or_at_candidate,latest_l2_exchange_time_before_candidate,event_driven_current_l2_plus_rolling_public_trades_proxy_not_exact_queue_or_fill_probability
806,l2Book,1783579627340,1783579627688236812,0.348768,buy,62825,62825,62826,1,0.005,16.19994,59,3239.988,23,0.13226,0,0.13226,16.20494,0.00816170871351575507221871849,touched_quote_without_depletion,,0.005,False,missing_same_side_strict_through_support,112,59650,0,2,same_touch_stable_enough,real_bbo_history_touch_stability,513,1783579626827,5.80226,16.19994,10.39768,17,59,42,not_reset,history_present_no_reset,pass,,,history_present_no_reset,latest_l2_received_before_or_at_candidate,latest_l2_exchange_time_equal_candidate,event_driven_current_l2_plus_rolling_public_trades_proxy_not_exact_queue_or_fill_probability
807,l2Book,1783579627888,1783579628214736962,0.327258,buy,62825,62825,62826,1,0.005,28.22421,79,5644.842,20,0.13226,0,0.13226,28.22921,0.004685217900182116325607411614,touched_quote_without_depletion,,0.005,False,missing_same_side_strict_through_support,112,59662,0,3,same_touch_stable_enough,real_bbo_history_touch_stability,1061,1783579626827,16.19994,28.22421,12.02427,59,79,20,not_reset,history_present_no_reset,pass,,,history_present_no_reset,latest_l2_received_before_or_at_candidate,latest_l2_exchange_time_equal_candidate,event_driven_current_l2_plus_rolling_public_trades_proxy_not_exact_queue_or_fill_probability
808,trades,1783579628024,1783579628301477262,0.278023,buy,62825,62825,62826,1,0.005,28.22421,79,5644.842,30,0.13296,0,0.13296,28.22921,0.004710014910087813296936046032,touched_quote_without_depletion,,0.005,False,missing_same_side_strict_through_support,112,59662,136,3,same_touch_stable_enough,real_bbo_history_touch_stability,1197,1783579626827,16.19994,28.22421,12.02427,59,79,20,not_reset,history_present_no_reset,pass,,,history_present_no_reset,latest_l2_received_before_or_at_candidate,latest_l2_exchange_time_before_candidate,event_driven_current_l2_plus_rolling_public_trades_proxy_not_exact_queue_or_fill_probability
809,l2Book,1783579628437,1783579628811709318,0.375272,buy,62831,62831,62832,1,0.005,34.96652,122,6993.304,30,0.07974,0.22458,0.30432,34.97152,0.008701938034148930329593909558,strict_trade_through_seen_but_visible_top_not_depleted,,0.005,False,missing_touch_freshness_or_queue_reset_evidence,112,59673,0,1,same_touch_seen_but_not_stable,real_bbo_history_insufficient,0,1783579628437,,34.96652,,,122,,missing,no_prior_same_touch_bbo,block,no_prior_same_touch_bbo,same_touch_seen_but_not_stable,no_prior_same_touch_bbo,latest_l2_received_before_or_at_candidate,latest_l2_exchange_time_equal_candidate,event_driven_current_l2_plus_rolling_public_trades_proxy_not_exact_queue_or_fill_probability
810,trades,1783579628832,1783579629055172276,0.223675,buy,62831,62831,62832,1,0.005,34.96652,122,6993.304,31,0.08133,0.22458,0.30591,34.97152,0.008747403601559211609904287832,strict_trade_through_seen_but_visible_top_not_depleted,,0.002,False,outside_quality_a_b_queue_bands,111,59136,395,1,same_touch_stable_enough,real_bbo_history_touch_stability,395,1783579628437,,34.96652,,,122,,missing,no_prior_same_touch_bbo,pass,,,no_prior_same_touch_bbo,latest_l2_received_before_or_at_candidate,latest_l2_exchange_time_before_candidate,event_driven_current_l2_plus_rolling_public_trades_proxy_not_exact_queue_or_fill_probability
811,l2Book,1783579628954,1783579629313439805,0.359957,buy,62831,62831,62833,2,0.005,47.38197,144,9476.394,29,0.00159,0.22458,0.22617,47.38697,0.004772831012406997113341494508,strict_trade_through_seen_but_visible_top_not_depleted,,0.005,False,missing_touch_freshness_or_queue_reset_evidence,112,59653,0,1,same_touch_seen_but_not_stable,real_bbo_history_insufficient,0,1783579628954,,47.38197,,,144,,missing,no_prior_same_touch_bbo,block,no_prior_same_touch_bbo,same_touch_seen_but_not_stable,no_prior_same_touch_bbo,latest_l2_received_before_or_at_candidate,latest_l2_exchange_time_equal_candidate,event_driven_current_l2_plus_rolling_public_trades_proxy_not_exact_queue_or_fill_probability
812,trades,1783579629301,1783579629608515082,0.308047,buy,62831,62831,62833,2,0.005,47.38197,144,9476.394,21,0.00159,0.0098,0.01139,47.38697,0.0002403614326891970514257400294,strict_trade_through_seen_but_visible_top_not_depleted,,0.002,False,outside_quality_a_b_queue_bands,112,59653,347,1,same_touch_stable_enough,real_bbo_history_touch_stability,347,1783579628954,,47.38197,,,144,,missing,no_prior_same_touch_bbo,pass,,,no_prior_same_touch_bbo,latest_l2_received_before_or_at_candidate,latest_l2_exchange_time_before_candidate,event_driven_current_l2_plus_rolling_public_trades_proxy_not_exact_queue_or_fill_probability
813,l2Book,1783579629509,1783579629839597645,0.331089,buy,62836,62836,62837,1,0.005,56.37369,285,11274.738,19,0,0.00767,0.00767,56.37869,0.0001360443103591090889128498729,strict_trade_through_seen_but_visible_top_not_depleted,,0.00191,False,missing_touch_freshness_or_queue_reset_evidence,112,59705,0,1,same_touch_seen_but_not_stable,real_bbo_history_insufficient,0,1783579629509,,56.37369,,,285,,missing,no_prior_same_touch_bbo,block,no_prior_same_touch_bbo,same_touch_seen_but_not_stable,no_prior_same_touch_bbo,latest_l2_received_before_or_at_candidate,latest_l2_exchange_time_equal_candidate,event_driven_current_l2_plus_rolling_public_trades_proxy_not_exact_queue_or_fill_probability
814,trades,1783579629967,1783579630192419800,0.225909,buy,62836,62836,62837,1,0.005,56.37369,285,11274.738,22,0,0.00767,0.00767,56.37869,0.0001360443103591090889128498729,strict_trade_through_seen_but_visible_top_not_depleted,,0.00191,False,outside_quality_a_b_queue_bands,111,59169,458,1,same_touch_stable_enough,real_bbo_history_touch_stability,458,1783579629509,,56.37369,,,285,,missing,no_prior_same_touch_bbo,pass,,,no_prior_same_touch_bbo,latest_l2_received_before_or_at_candidate,latest_l2_exchange_time_before_candidate,event_driven_current_l2_plus_rolling_public_trades_proxy_not_exact_queue_or_fill_probability
815,l2Book,1783579630035,1783579630411299866,0.3768,buy,62837,62837,62839,2,0.005,35.37504,149,7075.008,21,0,0.00229,0.00229,35.38004,0.00006472576062661319772391438789,strict_trade_through_seen_but_visible_top_not_depleted,,0.00057,False,missing_touch_freshness_or_queue_reset_evidence,112,59695,0,1,same_touch_seen_but_not_stable,real_bbo_history_insufficient,0,1783579630035,,35.37504,,,149,,missing,no_prior_same_touch_bbo,block,no_prior_same_touch_bbo,same_touch_seen_but_not_stable,no_prior_same_touch_bbo,latest_l2_received_before_or_at_candidate,latest_l2_exchange_time_equal_candidate,event_driven_current_l2_plus_rolling_public_trades_proxy_not_exact_queue_or_fill_probability
816,trades,1783579630235,1783579630473108847,0.238599,buy,62837,62837,62839,2,0.005,35.37504,149,7075.008,28,0,0.00229,0.00229,35.38004,0.00006472576062661319772391438789,strict_trade_through_seen_but_visible_top_not_depleted,,0.00057,False,missing_touch_freshness_or_queue_reset_evidence,112,59695,200,1,same_touch_seen_but_not_stable,real_bbo_history_insufficient,200,1783579630035,,35.37504,,,149,,missing,no_prior_same_touch_bbo,block,no_prior_same_touch_bbo,same_touch_seen_but_not_stable,no_prior_same_touch_bbo,latest_l2_received_before_or_at_candidate,latest_l2_exchange_time_before_candidate,event_driven_current_l2_plus_rolling_public_trades_proxy_not_exact_queue_or_fill_probability
817,l2Book,1783579630576,1783579630856731220,0.281231,buy,62842,62842,62843,1,0.005,51.58541,252,10317.082,28,0,0.00229,0.00229,51.59041,0.00004438809460905621800640855539,strict_trade_through_seen_but_visible_top_not_depleted,,0.00057,False,missing_touch_freshness_or_queue_reset_evidence,112,59701,0,1,same_touch_seen_but_not_stable,real_bbo_history_insufficient,0,1783579630576,,51.58541,,,252,,missing,no_prior_same_touch_bbo,block,no_prior_same_touch_bbo,same_touch_seen_but_not_stable,no_prior_same_touch_bbo,latest_l2_received_before_or_at_candidate,latest_l2_exchange_time_equal_candidate,event_driven_current_l2_plus_rolling_public_trades_proxy_not_exact_queue_or_fill_probability
818,trades,1783579631044,1783579631313214637,0.269751,buy,62842,62842,62843,1,0.005,51.58541,252,10317.082,19,0.00035,0.00159,0.00194,51.59041,0.00003760388800941880477398803382,strict_trade_through_seen_but_visible_top_not_depleted,,0.00048,False,outside_quality_a_b_queue_bands,111,59162,468,1,same_touch_stable_enough,real_bbo_history_touch_stability,468,1783579630576,,51.58541,,,252,,missing,no_prior_same_touch_bbo,pass,,,no_prior_same_touch_bbo,latest_l2_received_before_or_at_candidate,latest_l2_exchange_time_before_candidate,event_driven_current_l2_plus_rolling_public_trades_proxy_not_exact_queue_or_fill_probability
819,l2Book,1783579631178,1783579631462021906,0.284534,buy,62842,62842,62843,1,0.005,37.95629,131,7591.258,19,0.00035,0.00159,0.00194,37.96129,0.00005110469112087602923925925594,strict_trade_through_seen_but_visible_top_not_depleted,,0.00048,False,outside_quality_a_b_queue_bands,112,59764,0,2,same_touch_stable_enough,real_bbo_history_touch_stability,602,1783579630576,51.58541,37.95629,-13.62912,252,131,-121,reset_supported,same_touch_top_qty_or_order_count_reduced,pass,,,,latest_l2_received_before_or_at_candidate,latest_l2_exchange_time_equal_candidate,event_driven_current_l2_plus_rolling_public_trades_proxy_not_exact_queue_or_fill_probability
820,l2Book,1783579631725,1783579632033907300,0.309399,buy,62842,62842,62843,1,0.005,29.38566,110,5877.132,19,0.00035,0.00159,0.00194,29.39066,0.00006600736424428713067348606666,strict_trade_through_seen_but_visible_top_not_depleted,,0.00048,False,outside_quality_a_b_queue_bands,112,59776,0,3,same_touch_stable_enough,real_bbo_history_touch_stability,1149,1783579630576,51.58541,29.38566,-22.19975,252,110,-142,reset_supported,same_touch_top_qty_or_order_count_reduced,pass,,,,latest_l2_received_before_or_at_candidate,latest_l2_exchange_time_equal_candidate,event_driven_current_l2_plus_rolling_public_trades_proxy_not_exact_queue_or_fill_probability
821,trades,1783579632129,1783579632373352124,0.244881,buy,62842,62842,62843,1,0.005,29.38566,110,5877.132,30,0.00035,0,0.00035,29.39066,0.00001190854509561881223490728007,touched_quote_without_depletion,,8e-05,False,missing_same_side_strict_through_support,111,59241,404,3,same_touch_stable_enough,real_bbo_history_touch_stability,1553,1783579630576,51.58541,29.38566,-22.19975,252,110,-142,reset_supported,same_touch_top_qty_or_order_count_reduced,pass,,,,latest_l2_received_before_or_at_candidate,latest_l2_exchange_time_before_candidate,event_driven_current_l2_plus_rolling_public_trades_proxy_not_exact_queue_or_fill_probability
822,trades,1783579632194,1783579632417500098,0.224027,buy,62842,62842,62843,1,0.005,29.38566,110,5877.132,36,0.00035,0,0.00035,29.39066,0.00001190854509561881223490728007,touched_quote_without_depletion,,8e-05,False,missing_same_side_strict_through_support,111,59241,469,3,same_touch_stable_enough,real_bbo_history_touch_stability,1618,1783579630576,51.58541,29.38566,-22.19975,252,110,-142,reset_supported,same_touch_top_qty_or_order_count_reduced,pass,,,,latest_l2_received_before_or_at_candidate,latest_l2_exchange_time_before_candidate,event_driven_current_l2_plus_rolling_public_trades_proxy_not_exact_queue_or_fill_probability
823,l2Book,1783579632264,1783579632577386967,0.313883,buy,62851,62851,62852,1,0.005,5.67384,32,1134.768,36,0,0.00035,0.00035,5.67884,0.000061632305189087912320121715,strict_trade_through_seen_but_visible_top_not_depleted,,8e-05,False,missing_touch_freshness_or_queue_reset_evidence,112,59780,0,1,same_touch_seen_but_not_stable,real_bbo_history_insufficient,0,1783579632264,,5.67384,,,32,,missing,no_prior_same_touch_bbo,block,no_prior_same_touch_bbo,same_touch_seen_but_not_stable,no_prior_same_touch_bbo,latest_l2_received_before_or_at_candidate,latest_l2_exchange_time_equal_candidate,event_driven_current_l2_plus_rolling_public_trades_proxy_not_exact_queue_or_fill_probability
824,l2Book,1783579632804,1783579633173725915,0.370254,buy,62851,62851,62852,1,0.005,45.75856,172,9151.712,29,0,0.00035,0.00035,45.76356,0.000007648006405096107033631124851,strict_trade_through_seen_but_visible_top_not_depleted,,8e-05,False,outside_quality_a_b_queue_bands,112,59785,0,2,same_touch_stable_enough,real_bbo_history_touch_stability,540,1783579632264,5.67384,45.75856,40.08472,32,172,140,not_reset,history_present_no_reset,pass,,,history_present_no_reset,latest_l2_received_before_or_at_candidate,latest_l2_exchange_time_equal_candidate,event_driven_current_l2_plus_rolling_public_trades_proxy_not_exact_queue_or_fill_probability
825,trades,1783579633087,1783579633314057440,0.227543,buy,62851,62851,62852,1,0.005,45.75856,172,9151.712,29,0,0.00035,0.00035,45.76356,0.000007648006405096107033631124851,strict_trade_through_seen_but_visible_top_not_depleted,,8e-05,False,outside_quality_a_b_queue_bands,111,59243,283,2,same_touch_stable_enough,real_bbo_history_touch_stability,823,1783579632264,5.67384,45.75856,40.08472,32,172,140,not_reset,history_present_no_reset,pass,,,history_present_no_reset,latest_l2_received_before_or_at_candidate,latest_l2_exchange_time_before_candidate,event_driven_current_l2_plus_rolling_public_trades_proxy_not_exact_queue_or_fill_probability
826,l2Book,1783579633345,1783579633877744122,0.533245,buy,62853,62853,62854,1,0.005,82.9836,414,16596.72,22,0,0.00035,0.00035,82.9886,0.000004217446733647754028866615415,strict_trade_through_seen_but_visible_top_not_depleted,,8e-05,False,missing_touch_freshness_or_queue_reset_evidence,112,59784,0,1,same_touch_seen_but_not_stable,real_bbo_history_insufficient,0,1783579633345,,82.9836,,,414,,missing,no_prior_same_touch_bbo,block,no_prior_same_touch_bbo,same_touch_seen_but_not_stable,no_prior_same_touch_bbo,latest_l2_received_before_or_at_candidate,latest_l2_exchange_time_equal_candidate,event_driven_current_l2_plus_rolling_public_trades_proxy_not_exact_queue_or_fill_probability
827,trades,1783579633615,1783579633878684659,0.264001,buy,62853,62853,62854,1,0.005,82.9836,414,16596.72,31,0,0.00035,0.00035,82.9886,0.000004217446733647754028866615415,strict_trade_through_seen_but_visible_top_not_depleted,,8e-05,False,outside_quality_a_b_queue_bands,111,59263,270,1,same_touch_stable_enough,real_bbo_history_touch_stability,270,1783579633345,,82.9836,,,414,,missing,no_prior_same_touch_bbo,pass,,,no_prior_same_touch_bbo,latest_l2_received_before_or_at_candidate,latest_l2_exchange_time_before_candidate,event_driven_current_l2_plus_rolling_public_trades_proxy_not_exact_queue_or_fill_probability
828,l2Book,1783579633890,1783579634202606395,0.313147,buy,62859,62859,62860,1,0.005,21.16239,88,4232.478,31,0,0.00035,0.00035,21.16739,0.00001653486802104558001718681425,strict_trade_through_seen_but_visible_top_not_depleted,,8e-05,False,missing_touch_freshness_or_queue_reset_evidence,112,59808,0,1,same_touch_seen_but_not_stable,real_bbo_history_insufficient,0,1783579633890,,21.16239,,,88,,missing,no_prior_same_touch_bbo,block,no_prior_same_touch_bbo,same_touch_seen_but_not_stable,no_prior_same_touch_bbo,latest_l2_received_before_or_at_candidate,latest_l2_exchange_time_equal_candidate,event_driven_current_l2_plus_rolling_public_trades_proxy_not_exact_queue_or_fill_probability
829,trades,1783579634018,1783579634321240235,0.30372,buy,62859,62859,62860,1,0.005,21.16239,88,4232.478,32,0.00064,0.00035,0.00099,21.16739,0.00004677005525952892633432841744,strict_trade_through_seen_but_visible_top_not_depleted,,0.00024,False,missing_touch_freshness_or_queue_reset_evidence,112,59808,128,1,same_touch_seen_but_not_stable,real_bbo_history_insufficient,128,1783579633890,,21.16239,,,88,,missing,no_prior_same_touch_bbo,block,no_prior_same_touch_bbo,same_touch_seen_but_not_stable,no_prior_same_touch_bbo,latest_l2_received_before_or_at_candidate,latest_l2_exchange_time_before_candidate,event_driven_current_l2_plus_rolling_public_trades_proxy_not_exact_queue_or_fill_probability
830,l2Book,1783579634425,1783579634755685852,0.331238,buy,62859,62859,62860,1,0.005,32.66764,125,6533.528,31,0.00064,0,0.00064,32.67264,0.00001958825488237252943135296076,touched_quote_without_depletion,,0.00016,False,missing_same_side_strict_through_support,112,59791,0,2,same_touch_stable_enough,real_bbo_history_touch_stability,535,1783579633890,21.16239,32.66764,11.50525,88,125,37,not_reset,history_present_no_reset,pass,,,history_present_no_reset,latest_l2_received_before_or_at_candidate,latest_l2_exchange_time_equal_candidate,event_driven_current_l2_plus_rolling_public_trades_proxy_not_exact_queue_or_fill_probability
831,l2Book,1783579634953,1783579635230669385,0.278221,buy,62859,62859,62860,1,0.005,22.34053,91,4468.106,31,0.00064,0,0.00064,22.34553,0.0000286410749711463545505521686,touched_quote_without_depletion,,0.00016,False,missing_same_side_strict_through_support,112,59783,0,3,same_touch_stable_enough,real_bbo_history_touch_stability,1063,1783579633890,32.66764,22.34053,-10.32711,125,91,-34,reset_supported,same_touch_top_qty_or_order_count_reduced,pass,,,,latest_l2_received_before_or_at_candidate,latest_l2_exchange_time_equal_candidate,event_driven_current_l2_plus_rolling_public_trades_proxy_not_exact_queue_or_fill_probability
832,trades,1783579635032,1783579635306249756,0.274724,buy,62859,62859,62860,1,0.005,22.34053,91,4468.106,32,0.00064,0,0.00064,22.34553,0.0000286410749711463545505521686,touched_quote_without_depletion,,0.00016,False,missing_same_side_strict_through_support,112,59783,79,3,same_touch_stable_enough,real_bbo_history_touch_stability,1142,1783579633890,32.66764,22.34053,-10.32711,125,91,-34,reset_supported,same_touch_top_qty_or_order_count_reduced,pass,,,,latest_l2_received_before_or_at_candidate,latest_l2_exchange_time_before_candidate,event_driven_current_l2_plus_rolling_public_trades_proxy_not_exact_queue_or_fill_probability
833,l2Book,1783579635503,1783579635791589385,0.28909,buy,62859,62859,62860,1,0.005,22.34053,91,4468.106,14,0.00064,0,0.00064,22.34553,0.0000286410749711463545505521686,touched_quote_without_depletion,,0.00016,False,missing_same_side_strict_through_support,112,59798,0,4,same_touch_stable_enough,real_bbo_history_touch_stability,1613,1783579633890,32.66764,22.34053,-10.32711,125,91,-34,reset_supported,same_touch_top_qty_or_order_count_reduced,pass,,,,latest_l2_received_before_or_at_candidate,latest_l2_exchange_time_equal_candidate,event_driven_current_l2_plus_rolling_public_trades_proxy_not_exact_queue_or_fill_probability
834,l2Book,1783579636042,1783579636374999427,0.333507,buy,62859,62859,62860,1,0.005,17.84633,71,3569.266,14,0.00064,0,0.00064,17.85133,0.00003585167043576024867614906004,touched_quote_without_depletion,,0.00016,False,missing_same_side_strict_through_support,112,59795,0,5,same_touch_stable_enough,real_bbo_history_touch_stability,2152,1783579633890,32.66764,17.84633,-14.82131,125,71,-54,reset_supported,same_touch_top_qty_or_order_count_reduced,pass,,,,latest_l2_received_before_or_at_candidate,latest_l2_exchange_time_equal_candidate,event_driven_current_l2_plus_rolling_public_trades_proxy_not_exact_queue_or_fill_probability
835,trades,1783579636042,1783579636375695138,0.333965,buy,62859,62859,62860,1,0.005,17.84633,71,3569.266,15,0.00064,0,0.00064,17.85133,0.00003585167043576024867614906004,touched_quote_without_depletion,,0.00016,False,missing_same_side_strict_through_support,112,59795,0,5,same_touch_stable_enough,real_bbo_history_touch_stability,2152,1783579633890,32.66764,17.84633,-14.82131,125,71,-54,reset_supported,same_touch_top_qty_or_order_count_reduced,pass,,,,latest_l2_received_before_or_at_candidate,latest_l2_exchange_time_equal_candidate,event_driven_current_l2_plus_rolling_public_trades_proxy_not_exact_queue_or_fill_probability
836,trades,1783579636442,1783579636693889818,0.252381,buy,62859,62859,62860,1,0.005,17.84633,71,3569.266,13,0.00287,0,0.00287,17.85133,0.0001607723346103623651571059411,touched_quote_without_depletion,,0.00071,False,missing_same_side_strict_through_support,111,59259,400,5,same_touch_stable_enough,real_bbo_history_touch_stability,2552,1783579633890,32.66764,17.84633,-14.82131,125,71,-54,reset_supported,same_touch_top_qty_or_order_count_reduced,pass,,,,latest_l2_received_before_or_at_candidate,latest_l2_exchange_time_before_candidate,event_driven_current_l2_plus_rolling_public_trades_proxy_not_exact_queue_or_fill_probability
837,l2Book,1783579636558,1783579636794470168,0.236979,buy,62859,62859,62860,1,0.005,20.28177,80,4056.354,13,0.00287,0,0.00287,20.28677,0.0001414715107432085048531629234,touched_quote_without_depletion,,0.00071,False,missing_same_side_strict_through_support,112,59775,0,6,same_touch_stable_enough,real_bbo_history_touch_stability,2668,1783579633890,32.66764,20.28177,-12.38587,125,80,-45,reset_supported,same_touch_top_qty_or_order_count_reduced,pass,,,,latest_l2_received_before_or_at_candidate,latest_l2_exchange_time_equal_candidate,event_driven_current_l2_plus_rolling_public_trades_proxy_not_exact_queue_or_fill_probability
838,l2Book,1783579637064,1783579637385862767,0.322386,buy,62859,62859,62860,1,0.005,20.0841,80,4016.82,3,0.00223,0,0.00223,20.0891,0.0001110054706283506976420048683,touched_quote_without_depletion,,0.00055,False,missing_same_side_strict_through_support,112,59760,0,7,same_touch_stable_enough,real_bbo_history_touch_stability,3174,1783579633890,32.66764,20.0841,-12.58354,125,80,-45,reset_supported,same_touch_top_qty_or_order_count_reduced,pass,,,,latest_l2_received_before_or_at_candidate,latest_l2_exchange_time_equal_candidate,event_driven_current_l2_plus_rolling_public_trades_proxy_not_exact_queue_or_fill_probability
839,trades,1783579637518,1783579637786389181,0.26889,buy,62859,62859,62860,1,0.005,20.0841,80,4016.82,5,0.00223,0,0.00223,20.0891,0.0001110054706283506976420048683,touched_quote_without_depletion,,0.00055,False,missing_same_side_strict_through_support,111,59207,454,7,same_touch_stable_enough,real_bbo_history_touch_stability,3628,1783579633890,32.66764,20.0841,-12.58354,125,80,-45,reset_supported,same_touch_top_qty_or_order_count_reduced,pass,,,,latest_l2_received_before_or_at_candidate,latest_l2_exchange_time_before_candidate,event_driven_current_l2_plus_rolling_public_trades_proxy_not_exact_queue_or_fill_probability
840,l2Book,1783579637570,1783579637874090804,0.304564,buy,62859,62859,62860,1,0.005,48.9763,114,9795.26,5,0.00223,0,0.00223,48.9813,0.00004552757889235279586291094765,touched_quote_without_depletion,,0.00055,False,missing_same_side_strict_through_support,112,59713,0,8,same_touch_stable_enough,real_bbo_history_touch_stability,3680,1783579633890,32.66764,48.9763,16.30866,125,114,-11,reset_supported,same_touch_top_qty_or_order_count_reduced,pass,,,,latest_l2_received_before_or_at_candidate,latest_l2_exchange_time_equal_candidate,event_driven_current_l2_plus_rolling_public_trades_proxy_not_exact_queue_or_fill_probability
841,trades,1783579637652,1783579637934220184,0.282745,buy,62859,62859,62860,1,0.005,48.9763,114,9795.26,24,0.00223,0,0.00223,48.9813,0.00004552757889235279586291094765,touched_quote_without_depletion,,0.00055,False,missing_same_side_strict_through_support,112,59713,82,8,same_touch_stable_enough,real_bbo_history_touch_stability,3762,1783579633890,32.66764,48.9763,16.30866,125,114,-11,reset_supported,same_touch_top_qty_or_order_count_reduced,pass,,,,latest_l2_received_before_or_at_candidate,latest_l2_exchange_time_before_candidate,event_driven_current_l2_plus_rolling_public_trades_proxy_not_exact_queue_or_fill_probability
842,trades,1783579637854,1783579638114943415,0.261444,buy,62859,62859,62860,1,0.005,48.9763,114,9795.26,27,0.00223,0,0.00223,48.9813,0.00004552757889235279586291094765,touched_quote_without_depletion,,0.00055,False,missing_same_side_strict_through_support,112,59713,284,8,same_touch_stable_enough,real_bbo_history_touch_stability,3964,1783579633890,32.66764,48.9763,16.30866,125,114,-11,reset_supported,same_touch_top_qty_or_order_count_reduced,pass,,,,latest_l2_received_before_or_at_candidate,latest_l2_exchange_time_before_candidate,event_driven_current_l2_plus_rolling_public_trades_proxy_not_exact_queue_or_fill_probability
843,trades,1783579637926,1783579638209838406,0.284404,buy,62859,62859,62860,1,0.005,48.9763,114,9795.26,43,0.00223,0,0.00223,48.9813,0.00004552757889235279586291094765,touched_quote_without_depletion,,0.00055,False,missing_same_side_strict_through_support,111,59160,356,8,same_touch_stable_enough,real_bbo_history_touch_stability,4036,1783579633890,32.66764,48.9763,16.30866,125,114,-11,reset_supported,same_touch_top_qty_or_order_count_reduced,pass,,,,latest_l2_received_before_or_at_candidate,latest_l2_exchange_time_before_candidate,event_driven_current_l2_plus_rolling_public_trades_proxy_not_exact_queue_or_fill_probability
844,l2Book,1783579638176,1783579638596787221,0.421287,buy,62873,62873,62874,1,0.005,16.16405,62,3232.81,42,0,0.00223,0.00223,16.16905,0.0001379178121163581039083928864,strict_trade_through_seen_but_visible_top_not_depleted,,0.00055,False,missing_touch_freshness_or_queue_reset_evidence,112,59766,0,1,same_touch_seen_but_not_stable,real_bbo_history_insufficient,0,1783579638176,,16.16405,,,62,,missing,no_prior_same_touch_bbo,block,no_prior_same_touch_bbo,same_touch_seen_but_not_stable,no_prior_same_touch_bbo,latest_l2_received_before_or_at_candidate,latest_l2_exchange_time_equal_candidate,event_driven_current_l2_plus_rolling_public_trades_proxy_not_exact_queue_or_fill_probability
845,l2Book,1783579638663,1783579638995852317,0.333383,buy,62873,62873,62874,1,0.005,19.77995,71,3955.99,42,0,0.00223,0.00223,19.78495,0.000112711935081968870277660545,strict_trade_through_seen_but_visible_top_not_depleted,,0.00055,False,outside_quality_a_b_queue_bands,112,59730,0,2,same_touch_stable_enough,real_bbo_history_touch_stability,487,1783579638176,16.16405,19.77995,3.6159,62,71,9,not_reset,history_present_no_reset,pass,,,history_present_no_reset,latest_l2_received_before_or_at_candidate,latest_l2_exchange_time_equal_candidate,event_driven_current_l2_plus_rolling_public_trades_proxy_not_exact_queue_or_fill_probability
846,trades,1783579639067,1783579639342209510,0.275707,buy,62873,62873,62874,1,0.005,19.77995,71,3955.99,42,0,0.00223,0.00223,19.78495,0.000112711935081968870277660545,strict_trade_through_seen_but_visible_top_not_depleted,,0.00055,False,outside_quality_a_b_queue_bands,111,59166,404,2,same_touch_stable_enough,real_bbo_history_touch_stability,891,1783579638176,16.16405,19.77995,3.6159,62,71,9,not_reset,history_present_no_reset,pass,,,history_present_no_reset,latest_l2_received_before_or_at_candidate,latest_l2_exchange_time_before_candidate,event_driven_current_l2_plus_rolling_public_trades_proxy_not_exact_queue_or_fill_probability
847,l2Book,1783579639183,1783579639453795421,0.271365,buy,62873,62873,62874,1,0.005,8.30104,37,1660.208,42,0,0.00223,0.00223,8.30604,0.0002684793234802625559231595321,strict_trade_through_seen_but_visible_top_not_depleted,,0.00055,False,outside_quality_a_b_queue_bands,112,59686,0,3,same_touch_stable_enough,real_bbo_history_touch_stability,1007,1783579638176,19.77995,8.30104,-11.47891,71,37,-34,reset_supported,same_touch_top_qty_or_order_count_reduced,pass,,,,latest_l2_received_before_or_at_candidate,latest_l2_exchange_time_equal_candidate,event_driven_current_l2_plus_rolling_public_trades_proxy_not_exact_queue_or_fill_probability
848,trades,1783579639268,1783579639490657117,0.223153,buy,62873,62873,62874,1,0.005,8.30104,37,1660.208,44,0.1591,0.00223,0.16133,8.30604,0.01942321491348464490900597637,strict_trade_through_seen_but_visible_top_not_depleted,,0.002,False,outside_quality_a_b_queue_bands,112,59686,85,3,same_touch_stable_enough,real_bbo_history_touch_stability,1092,1783579638176,19.77995,8.30104,-11.47891,71,37,-34,reset_supported,same_touch_top_qty_or_order_count_reduced,pass,,,,latest_l2_received_before_or_at_candidate,latest_l2_exchange_time_before_candidate,event_driven_current_l2_plus_rolling_public_trades_proxy_not_exact_queue_or_fill_probability
849,trades,1783579639586,1783579639841149411,0.255668,buy,62873,62873,62874,1,0.005,8.30104,37,1660.208,44,0.1591,0,0.1591,8.30604,0.01915473559000438235308281684,touched_quote_without_depletion,,0.005,False,missing_same_side_strict_through_support,111,59082,403,3,same_touch_stable_enough,real_bbo_history_touch_stability,1410,1783579638176,19.77995,8.30104,-11.47891,71,37,-34,reset_supported,same_touch_top_qty_or_order_count_reduced,pass,,,,latest_l2_received_before_or_at_candidate,latest_l2_exchange_time_before_candidate,event_driven_current_l2_plus_rolling_public_trades_proxy_not_exact_queue_or_fill_probability
850,l2Book,1783579639712,1783579640021849559,0.31041,buy,62873,62873,62874,1,0.005,2.19671,15,439.342,44,0.1591,0,0.1591,2.20171,0.07226201452507369272065803398,touched_quote_without_depletion,,0.005,False,missing_same_side_strict_through_support,112,59611,0,4,same_touch_stable_enough,real_bbo_history_touch_stability,1536,1783579638176,19.77995,2.19671,-17.58324,71,15,-56,reset_supported,same_touch_top_qty_or_order_count_reduced,pass,,,,latest_l2_received_before_or_at_candidate,latest_l2_exchange_time_equal_candidate,event_driven_current_l2_plus_rolling_public_trades_proxy_not_exact_queue_or_fill_probability
851,trades,1783579639712,1783579640022607462,0.310916,buy,62873,62873,62874,1,0.005,2.19671,15,439.342,45,0.16421,0,0.16421,2.20171,0.07458293780743149642777659183,touched_quote_without_depletion,,0.005,False,missing_same_side_strict_through_support,112,59611,0,4,same_touch_stable_enough,real_bbo_history_touch_stability,1536,1783579638176,19.77995,2.19671,-17.58324,71,15,-56,reset_supported,same_touch_top_qty_or_order_count_reduced,pass,,,,latest_l2_received_before_or_at_candidate,latest_l2_exchange_time_equal_candidate,event_driven_current_l2_plus_rolling_public_trades_proxy_not_exact_queue_or_fill_probability
852,trades,1783579639848,1783579640062916654,0.215452,buy,62873,62873,62874,1,0.005,2.19671,15,439.342,48,0.29141,0,0.29141,2.20171,0.1323562140336374908593774839,touched_quote_without_depletion,,0.005,False,missing_same_side_strict_through_support,112,59611,136,4,same_touch_stable_enough,real_bbo_history_touch_stability,1672,1783579638176,19.77995,2.19671,-17.58324,71,15,-56,reset_supported,same_touch_top_qty_or_order_count_reduced,pass,,,,latest_l2_received_before_or_at_candidate,latest_l2_exchange_time_before_candidate,event_driven_current_l2_plus_rolling_public_trades_proxy_not_exact_queue_or_fill_probability
853,trades,1783579639990,1783579640239318870,0.249976,buy,62873,62873,62874,1,0.005,2.19671,15,439.342,113,0.37083,0,0.37083,2.20171,0.1684281762811632776342025062,touched_quote_without_depletion,,0.005,False,missing_same_side_strict_through_support,112,59611,278,4,same_touch_stable_enough,real_bbo_history_touch_stability,1814,1783579638176,19.77995,2.19671,-17.58324,71,15,-56,reset_supported,same_touch_top_qty_or_order_count_reduced,pass,,,,latest_l2_received_before_or_at_candidate,latest_l2_exchange_time_before_candidate,event_driven_current_l2_plus_rolling_public_trades_proxy_not_exact_queue_or_fill_probability
854,l2Book,1783579640250,1783579640548036802,0.298606,buy,62873,62873,62874,1,0.005,2.09909,16,419.818,113,0.37083,0,0.37083,2.10409,0.1762424611114543579409626014,touched_quote_without_depletion,,0.005,False,missing_same_side_strict_through_support,112,59680,0,5,same_touch_stable_enough,real_bbo_history_touch_stability,2074,1783579638176,19.77995,2.09909,-17.68086,71,16,-55,reset_supported,same_touch_top_qty_or_order_count_reduced,pass,,,,latest_l2_received_before_or_at_candidate,latest_l2_exchange_time_equal_candidate,event_driven_current_l2_plus_rolling_public_trades_proxy_not_exact_queue_or_fill_probability
855,trades,1783579640250,1783579640548825202,0.299137,buy,62873,62873,62874,1,0.005,2.09909,16,419.818,114,0.39243,0,0.39243,2.10409,0.1865081816842435447152925968,touched_quote_without_depletion,,0.005,False,missing_same_side_strict_through_support,112,59680,0,5,same_touch_stable_enough,real_bbo_history_touch_stability,2074,1783579638176,19.77995,2.09909,-17.68086,71,16,-55,reset_supported,same_touch_top_qty_or_order_count_reduced,pass,,,,latest_l2_received_before_or_at_candidate,latest_l2_exchange_time_equal_candidate,event_driven_current_l2_plus_rolling_public_trades_proxy_not_exact_queue_or_fill_probability
856,trades,1783579640393,1783579640607874556,0.215406,buy,62873,62873,62874,1,0.005,2.09909,16,419.818,115,0.39263,0,0.39263,2.10409,0.186603234652510111259499356,touched_quote_without_depletion,,0.005,False,missing_same_side_strict_through_support,112,59680,143,5,same_touch_stable_enough,real_bbo_history_touch_stability,2217,1783579638176,19.77995,2.09909,-17.68086,71,16,-55,reset_supported,same_touch_top_qty_or_order_count_reduced,pass,,,,latest_l2_received_before_or_at_candidate,latest_l2_exchange_time_before_candidate,event_driven_current_l2_plus_rolling_public_trades_proxy_not_exact_queue_or_fill_probability
857,trades,1783579640678,1783579640913172654,0.235735,buy,62873,62873,62874,1,0.005,2.09909,16,419.818,99,0.49227,0.02756,0.51983,2.10409,0.2470569224700464333749982178,strict_trade_through_seen_but_visible_top_not_depleted,,0.002,False,outside_quality_a_b_queue_bands,111,59144,428,5,same_touch_stable_enough,real_bbo_history_touch_stability,2502,1783579638176,19.77995,2.09909,-17.68086,71,16,-55,reset_supported,same_touch_top_qty_or_order_count_reduced,pass,,,,latest_l2_received_before_or_at_candidate,latest_l2_exchange_time_before_candidate,event_driven_current_l2_plus_rolling_public_trades_proxy_not_exact_queue_or_fill_probability
858,l2Book,1783579640805,1783579641047876472,0.243392,buy,62869,62869,62870,1,0.005,0.006,1,1.2,99,0.02739,0,0.02739,0.011,2.49,depleted_top_plus_order_proxy,,0.005,False,missing_same_side_strict_through_support;missing_touch_freshness_or_queue_reset_evidence,112,59699,0,1,same_touch_seen_but_not_stable,real_bbo_history_insufficient,0,1783579640805,,0.006,,,1,,missing,no_prior_same_touch_bbo,block,no_prior_same_touch_bbo,same_touch_seen_but_not_stable,no_prior_same_touch_bbo,latest_l2_received_before_or_at_candidate,latest_l2_exchange_time_equal_candidate,event_driven_current_l2_plus_rolling_public_trades_proxy_not_exact_queue_or_fill_probability
859,trades,1783579641093,1783579641409408346,0.316964,buy,62869,62869,62870,1,0.005,0.006,1,1.2,81,0.02739,0,0.02739,0.011,2.49,depleted_top_plus_order_proxy,,0.005,False,missing_same_side_strict_through_support,112,59699,288,1,same_touch_stable_enough,real_bbo_history_touch_stability,288,1783579640805,,0.006,,,1,,missing,no_prior_same_touch_bbo,pass,,,no_prior_same_touch_bbo,latest_l2_received_before_or_at_candidate,latest_l2_exchange_time_before_candidate,event_driven_current_l2_plus_rolling_public_trades_proxy_not_exact_queue_or_fill_probability
860,trades,1783579641152,1783579641428888196,0.277386,buy,62869,62869,62870,1,0.005,0.006,1,1.2,83,0.0283,0,0.0283,0.011,2.572727272727272727272727273,depleted_top_plus_order_proxy,,0.005,False,missing_same_side_strict_through_support,111,59157,347,1,same_touch_stable_enough,real_bbo_history_touch_stability,347,1783579640805,,0.006,,,1,,missing,no_prior_same_touch_bbo,pass,,,no_prior_same_touch_bbo,latest_l2_received_before_or_at_candidate,latest_l2_exchange_time_before_candidate,event_driven_current_l2_plus_rolling_public_trades_proxy_not_exact_queue_or_fill_probability
861,trades,1783579641284,1783579641494958569,0.211477,buy,62869,62869,62870,1,0.005,0.006,1,1.2,84,0.02847,0,0.02847,0.011,2.588181818181818181818181818,depleted_top_plus_order_proxy,,0.005,False,missing_same_side_strict_through_support,111,59157,479,1,same_touch_stable_enough,real_bbo_history_touch_stability,479,1783579640805,,0.006,,,1,,missing,no_prior_same_touch_bbo,pass,,,no_prior_same_touch_bbo,latest_l2_received_before_or_at_candidate,latest_l2_exchange_time_before_candidate,event_driven_current_l2_plus_rolling_public_trades_proxy_not_exact_queue_or_fill_probability
862,l2Book,1783579641345,1783579641615997228,0.271493,buy,62868,62868,62869,1,0.005,0.07987,3,15.974,84,0,0,0,0.08487,0,not_depleted,,0.0,False,missing_same_side_strict_through_support;missing_touch_freshness_or_queue_reset_evidence;missing_recent_same_side_at_or_through_throughput,112,59697,0,1,same_touch_seen_but_not_stable,real_bbo_history_insufficient,0,1783579641345,,0.07987,,,3,,missing,no_prior_same_touch_bbo,block,no_prior_same_touch_bbo,same_touch_seen_but_not_stable,no_prior_same_touch_bbo,latest_l2_received_before_or_at_candidate,latest_l2_exchange_time_equal_candidate,event_driven_current_l2_plus_rolling_public_trades_proxy_not_exact_queue_or_fill_probability
863,trades,1783579641484,1783579641699560276,0.216091,buy,62868,62868,62869,1,0.005,0.07987,3,15.974,97,0.07987,0.07923,0.1591,0.08487,1.874631789796158831153528927,depleted_top_plus_order_proxy,,0.005,False,missing_touch_freshness_or_queue_reset_evidence,112,59697,139,1,same_touch_seen_but_not_stable,real_bbo_history_insufficient,139,1783579641345,,0.07987,,,3,,missing,no_prior_same_touch_bbo,block,no_prior_same_touch_bbo,same_touch_seen_but_not_stable,no_prior_same_touch_bbo,latest_l2_received_before_or_at_candidate,latest_l2_exchange_time_before_candidate,event_driven_current_l2_plus_rolling_public_trades_proxy_not_exact_queue_or_fill_probability
864,l2Book,1783579641898,1783579642211212941,0.313718,buy,62863,62863,62864,1,0.005,4.78035,4,956.07,97,0,0,0,4.78535,0,not_depleted,,0.0,False,missing_same_side_strict_through_support;missing_touch_freshness_or_queue_reset_evidence;missing_recent_same_side_at_or_through_throughput,112,59699,0,1,same_touch_seen_but_not_stable,real_bbo_history_insufficient,0,1783579641898,,4.78035,,,4,,missing,no_prior_same_touch_bbo,block,no_prior_same_touch_bbo,same_touch_seen_but_not_stable,no_prior_same_touch_bbo,latest_l2_received_before_or_at_candidate,latest_l2_exchange_time_equal_candidate,event_driven_current_l2_plus_rolling_public_trades_proxy_not_exact_queue_or_fill_probability
865,trades,1783579642001,1783579642241479369,0.241036,buy,62863,62863,62864,1,0.005,4.78035,4,956.07,100,0.00045,0,0.00045,4.78535,0.00009403700878723604334061249438,touched_quote_without_depletion,,0.00011,False,missing_same_side_strict_through_support;missing_touch_freshness_or_queue_reset_evidence,112,59699,103,1,same_touch_seen_but_not_stable,real_bbo_history_insufficient,103,1783579641898,,4.78035,,,4,,missing,no_prior_same_touch_bbo,block,no_prior_same_touch_bbo,same_touch_seen_but_not_stable,no_prior_same_touch_bbo,latest_l2_received_before_or_at_candidate,latest_l2_exchange_time_before_candidate,event_driven_current_l2_plus_rolling_public_trades_proxy_not_exact_queue_or_fill_probability
866,l2Book,1783579642402,1783579642673626115,0.272217,buy,62863,62863,62864,1,0.005,8.63549,31,1727.098,97,0.00045,0,0.00045,8.64049,0.00005208037970068827115128887366,touched_quote_without_depletion,,0.00011,False,missing_same_side_strict_through_support,112,59662,0,2,same_touch_stable_enough,real_bbo_history_touch_stability,504,1783579641898,4.78035,8.63549,3.85514,4,31,27,not_reset,history_present_no_reset,pass,,,history_present_no_reset,latest_l2_received_before_or_at_candidate,latest_l2_exchange_time_equal_candidate,event_driven_current_l2_plus_rolling_public_trades_proxy_not_exact_queue_or_fill_probability
867,trades,1783579642890,1783579643099876953,0.210428,buy,62863,62863,62864,1,0.005,8.63549,31,1727.098,95,0.15955,0,0.15955,8.64049,0.01846538795832180813819586621,touched_quote_without_depletion,,0.005,False,missing_same_side_strict_through_support,111,59143,488,2,same_touch_stable_enough,real_bbo_history_touch_stability,992,1783579641898,4.78035,8.63549,3.85514,4,31,27,not_reset,history_present_no_reset,pass,,,history_present_no_reset,latest_l2_received_before_or_at_candidate,latest_l2_exchange_time_before_candidate,event_driven_current_l2_plus_rolling_public_trades_proxy_not_exact_queue_or_fill_probability
868,l2Book,1783579643007,1783579643350749457,0.344315,buy,62863,62863,62864,1,0.005,2.60524,12,521.048,30,0.15955,0,0.15955,2.61024,0.06112464754198847615544930734,touched_quote_without_depletion,,0.005,False,missing_same_side_strict_through_support,112,59748,0,3,same_touch_stable_enough,real_bbo_history_touch_stability,1109,1783579641898,8.63549,2.60524,-6.03025,31,12,-19,reset_supported,same_touch_top_qty_or_order_count_reduced,pass,,,,latest_l2_received_before_or_at_candidate,latest_l2_exchange_time_equal_candidate,event_driven_current_l2_plus_rolling_public_trades_proxy_not_exact_queue_or_fill_probability
869,trades,1783579643007,1783579643351547669,0.344854,buy,62863,62863,62864,1,0.005,2.60524,12,521.048,32,0.16023,0,0.16023,2.61024,0.06138515998528870908422214049,touched_quote_without_depletion,,0.005,False,missing_same_side_strict_through_support,112,59748,0,3,same_touch_stable_enough,real_bbo_history_touch_stability,1109,1783579641898,8.63549,2.60524,-6.03025,31,12,-19,reset_supported,same_touch_top_qty_or_order_count_reduced,pass,,,,latest_l2_received_before_or_at_candidate,latest_l2_exchange_time_equal_candidate,event_driven_current_l2_plus_rolling_public_trades_proxy_not_exact_queue_or_fill_probability
870,l2Book,1783579643536,1783579643903257291,0.367797,buy,62863,62863,62864,1,0.005,0.07953,1,15.906,30,0.16023,0,0.16023,0.08453,1.895540044954454039985803857,depleted_top_plus_order_proxy,,0.005,False,missing_same_side_strict_through_support,112,59739,0,4,same_touch_stable_enough,real_bbo_history_touch_stability,1638,1783579641898,8.63549,0.07953,-8.55596,31,1,-30,reset_supported,same_touch_top_qty_or_order_count_reduced,pass,,,,latest_l2_received_before_or_at_candidate,latest_l2_exchange_time_equal_candidate,event_driven_current_l2_plus_rolling_public_trades_proxy_not_exact_queue_or_fill_probability
871,trades,1783579643810,1783579644027217313,0.217714,buy,62863,62863,62864,1,0.005,0.07953,1,15.906,27,0.16023,0.01628,0.17651,0.08453,2.088134390157340589139950313,depleted_top_plus_order_proxy,quality_a,0.005,True,,111,59187,274,4,same_touch_stable_enough,real_bbo_history_touch_stability,1912,1783579641898,8.63549,0.07953,-8.55596,31,1,-30,reset_supported,same_touch_top_qty_or_order_count_reduced,pass,,,,latest_l2_received_before_or_at_candidate,latest_l2_exchange_time_before_candidate,event_driven_current_l2_plus_rolling_public_trades_proxy_not_exact_queue_or_fill_probability
872,trades,1783579644097,1783579645709646228,1.613131,buy,62858,62858,62859,1,0.005,0.19179,2,38.358,35,0.00128,0,0.00128,0.19679,0.006504395548554296458153361451,touched_quote_without_depletion,,0.00032,False,missing_same_side_strict_through_support;missing_touch_freshness_or_queue_reset_evidence,112,59748,0,1,same_touch_seen_but_not_stable,real_bbo_history_insufficient,0,1783579644097,,0.19179,,,2,,missing,no_prior_same_touch_bbo,block,no_prior_same_touch_bbo,same_touch_seen_but_not_stable,no_prior_same_touch_bbo,latest_l2_received_before_or_at_candidate,latest_l2_exchange_time_equal_candidate,event_driven_current_l2_plus_rolling_public_trades_proxy_not_exact_queue_or_fill_probability
873,l2Book,1783579644614,1783579645710345076,1.096652,buy,62857,62857,62858,1,0.005,0.15237,3,30.474,19,0,0,0,0.15737,0,not_depleted,,0.0,False,missing_same_side_strict_through_support;missing_touch_freshness_or_queue_reset_evidence;missing_recent_same_side_at_or_through_throughput,112,59746,0,1,same_touch_seen_but_not_stable,real_bbo_history_insufficient,0,1783579644614,,0.15237,,,3,,missing,no_prior_same_touch_bbo,block,no_prior_same_touch_bbo,same_touch_seen_but_not_stable,no_prior_same_touch_bbo,latest_l2_received_before_or_at_candidate,latest_l2_exchange_time_equal_candidate,event_driven_current_l2_plus_rolling_public_trades_proxy_not_exact_queue_or_fill_probability
874,trades,1783579645018,1783579645710767839,0.693053,buy,62857,62857,62858,1,0.005,0.15237,3,30.474,17,0,0,0,0.15737,0,not_depleted,,0.0,False,missing_same_side_strict_through_support;missing_recent_same_side_at_or_through_throughput,111,59193,404,1,same_touch_stable_enough,real_bbo_history_touch_stability,404,1783579644614,,0.15237,,,3,,missing,no_prior_same_touch_bbo,pass,,,no_prior_same_touch_bbo,latest_l2_received_before_or_at_candidate,latest_l2_exchange_time_before_candidate,event_driven_current_l2_plus_rolling_public_trades_proxy_not_exact_queue_or_fill_probability
875,trades,1783579645113,1783579645711219159,0.598506,buy,62857,62857,62858,1,0.005,0.15237,3,30.474,19,0,0.0057,0.0057,0.15737,0.03622037237084577746711571456,strict_trade_through_seen_but_visible_top_not_depleted,,0.00142,False,outside_quality_a_b_queue_bands,111,59193,499,1,same_touch_stable_enough,real_bbo_history_touch_stability,499,1783579644614,,0.15237,,,3,,missing,no_prior_same_touch_bbo,pass,,,no_prior_same_touch_bbo,latest_l2_received_before_or_at_candidate,latest_l2_exchange_time_before_candidate,event_driven_current_l2_plus_rolling_public_trades_proxy_not_exact_queue_or_fill_probability
876,l2Book,1783579645218,1783579645711643076,0.493926,buy,62856,62856,62857,1,0.005,0.07401,1,14.802,19,0.0057,0,0.0057,0.07901,0.07214276673838754588026832047,touched_quote_without_depletion,,0.00142,False,missing_same_side_strict_through_support;missing_touch_freshness_or_queue_reset_evidence,112,59797,0,1,same_touch_seen_but_not_stable,real_bbo_history_insufficient,0,1783579645218,,0.07401,,,1,,missing,no_prior_same_touch_bbo,block,no_prior_same_touch_bbo,same_touch_seen_but_not_stable,no_prior_same_touch_bbo,latest_l2_received_before_or_at_candidate,latest_l2_exchange_time_equal_candidate,event_driven_current_l2_plus_rolling_public_trades_proxy_not_exact_queue_or_fill_probability
877,trades,1783579645355,1783579645712210080,0.357533,buy,62856,62856,62857,1,0.005,0.07401,1,14.802,26,0.07971,0.07849,0.1582,0.07901,2.002278192633843817238324263,depleted_top_plus_order_proxy,,0.005,False,missing_touch_freshness_or_queue_reset_evidence,112,59797,137,1,same_touch_seen_but_not_stable,real_bbo_history_insufficient,137,1783579645218,,0.07401,,,1,,missing,no_prior_same_touch_bbo,block,no_prior_same_touch_bbo,same_touch_seen_but_not_stable,no_prior_same_touch_bbo,latest_l2_received_before_or_at_candidate,latest_l2_exchange_time_before_candidate,event_driven_current_l2_plus_rolling_public_trades_proxy_not_exact_queue_or_fill_probability
878,l2Book,1783579645727,1783579646022523373,0.29602,buy,62853,62853,62854,1,0.005,3.1994,16,639.88,26,0.07798,0,0.07798,3.2044,0.02433528897765572338035201598,touched_quote_without_depletion,,0.005,False,missing_same_side_strict_through_support;missing_touch_freshness_or_queue_reset_evidence,112,59768,0,1,same_touch_seen_but_not_stable,real_bbo_history_insufficient,0,1783579645727,,3.1994,,,16,,missing,no_prior_same_touch_bbo,block,no_prior_same_touch_bbo,same_touch_seen_but_not_stable,no_prior_same_touch_bbo,latest_l2_received_before_or_at_candidate,latest_l2_exchange_time_equal_candidate,event_driven_current_l2_plus_rolling_public_trades_proxy_not_exact_queue_or_fill_probability
879,trades,1783579646025,1783579646280137829,0.255617,buy,62853,62853,62854,1,0.005,3.1994,16,639.88,22,0.07798,0,0.07798,3.2044,0.02433528897765572338035201598,touched_quote_without_depletion,,0.005,False,missing_same_side_strict_through_support,111,59232,298,1,same_touch_stable_enough,real_bbo_history_touch_stability,298,1783579645727,,3.1994,,,16,,missing,no_prior_same_touch_bbo,pass,,,no_prior_same_touch_bbo,latest_l2_received_before_or_at_candidate,latest_l2_exchange_time_before_candidate,event_driven_current_l2_plus_rolling_public_trades_proxy_not_exact_queue_or_fill_probability
880,trades,1783579646169,1783579646353887828,0.185371,buy,62853,62853,62854,1,0.005,3.1994,16,639.88,23,0.07798,0,0.07798,3.2044,0.02433528897765572338035201598,touched_quote_without_depletion,,0.005,False,missing_same_side_strict_through_support,111,59232,442,1,same_touch_stable_enough,real_bbo_history_touch_stability,442,1783579645727,,3.1994,,,16,,missing,no_prior_same_touch_bbo,pass,,,no_prior_same_touch_bbo,latest_l2_received_before_or_at_candidate,latest_l2_exchange_time_before_candidate,event_driven_current_l2_plus_rolling_public_trades_proxy_not_exact_queue_or_fill_probability
881,l2Book,1783579646275,1783579646578385825,0.303891,buy,62853,62853,62854,1,0.005,0.07972,2,15.944,23,0.07798,0,0.07798,0.08472,0.9204438149197355996222851747,touched_quote_without_depletion,,0.005,False,missing_same_side_strict_through_support,112,59780,0,2,same_touch_stable_enough,real_bbo_history_touch_stability,548,1783579645727,3.1994,0.07972,-3.11968,16,2,-14,reset_supported,same_touch_top_qty_or_order_count_reduced,pass,,,,latest_l2_received_before_or_at_candidate,latest_l2_exchange_time_equal_candidate,event_driven_current_l2_plus_rolling_public_trades_proxy_not_exact_queue_or_fill_probability
882,trades,1783579646462,1783579646710656036,0.249233,buy,62853,62853,62854,1,0.005,0.07972,2,15.944,37,0.1577,0.03121,0.18891,0.08472,2.229815864022662889518413598,depleted_top_plus_order_proxy,quality_a,0.005,True,,112,59780,187,2,same_touch_stable_enough,real_bbo_history_touch_stability,735,1783579645727,3.1994,0.07972,-3.11968,16,2,-14,reset_supported,same_touch_top_qty_or_order_count_reduced,pass,,,,latest_l2_received_before_or_at_candidate,latest_l2_exchange_time_before_candidate,event_driven_current_l2_plus_rolling_public_trades_proxy_not_exact_queue_or_fill_probability
883,trades,1783579646993,1783579647280463634,0.28791,buy,62840,62840,62841,1,0.005,0.00107,2,0.214,50,0.0005,0,0.0005,0.00607,0.0823723228995057660626029654,touched_quote_without_depletion,,0.00012,False,missing_same_side_strict_through_support;missing_touch_freshness_or_queue_reset_evidence,112,59905,56,1,same_touch_seen_but_not_stable,real_bbo_history_insufficient,56,1783579646937,,0.00107,,,2,,missing,no_prior_same_touch_bbo,block,no_prior_same_touch_bbo,same_touch_seen_but_not_stable,no_prior_same_touch_bbo,latest_l2_received_before_or_at_candidate,latest_l2_exchange_time_before_candidate,event_driven_current_l2_plus_rolling_public_trades_proxy_not_exact_queue_or_fill_probability
884,trades,1783579647086,1783579647390075512,0.304645,buy,62840,62840,62841,1,0.005,0.00107,2,0.214,61,0.00157,0.0823,0.08387,0.00607,13.81713344316309719934102142,depleted_top_plus_order_proxy,,0.005,False,missing_touch_freshness_or_queue_reset_evidence,111,59369,149,1,same_touch_seen_but_not_stable,real_bbo_history_insufficient,149,1783579646937,,0.00107,,,2,,missing,no_prior_same_touch_bbo,block,no_prior_same_touch_bbo,same_touch_seen_but_not_stable,no_prior_same_touch_bbo,latest_l2_received_before_or_at_candidate,latest_l2_exchange_time_before_candidate,event_driven_current_l2_plus_rolling_public_trades_proxy_not_exact_queue_or_fill_probability
885,l2Book,1783579647407,1783579647725282970,0.318806,buy,62835,62835,62836,1,0.005,0.21651,2,43.302,53,0.06732,0,0.06732,0.22151,0.3039140445126630851880276285,touched_quote_without_depletion,,0.005,False,missing_same_side_strict_through_support;missing_touch_freshness_or_queue_reset_evidence,112,59839,0,1,same_touch_seen_but_not_stable,real_bbo_history_insufficient,0,1783579647407,,0.21651,,,2,,missing,no_prior_same_touch_bbo,block,no_prior_same_touch_bbo,same_touch_seen_but_not_stable,no_prior_same_touch_bbo,latest_l2_received_before_or_at_candidate,latest_l2_exchange_time_equal_candidate,event_driven_current_l2_plus_rolling_public_trades_proxy_not_exact_queue_or_fill_probability
886,l2Book,1783579647932,1783579648196875176,0.265406,buy,62835,62835,62836,1,0.005,5.43308,26,1086.616,53,0.06732,0,0.06732,5.43808,0.01237936918912557373190537837,touched_quote_without_depletion,,0.005,False,missing_same_side_strict_through_support,112,59845,0,2,same_touch_stable_enough,real_bbo_history_touch_stability,525,1783579647407,0.21651,5.43308,5.21657,2,26,24,not_reset,history_present_no_reset,pass,,,history_present_no_reset,latest_l2_received_before_or_at_candidate,latest_l2_exchange_time_equal_candidate,event_driven_current_l2_plus_rolling_public_trades_proxy_not_exact_queue_or_fill_probability
887,l2Book,1783579648468,1783579649004870508,0.537371,buy,62835,62835,62836,1,0.005,5.11472,24,1022.944,43,0.06732,0,0.06732,5.11972,0.0131491565945012617877540178,touched_quote_without_depletion,,0.005,False,missing_same_side_strict_through_support,112,59825,0,3,same_touch_stable_enough,real_bbo_history_touch_stability,1061,1783579647407,5.43308,5.11472,-0.31836,26,24,-2,reset_supported,same_touch_top_qty_or_order_count_reduced,pass,,,,latest_l2_received_before_or_at_candidate,latest_l2_exchange_time_equal_candidate,event_driven_current_l2_plus_rolling_public_trades_proxy_not_exact_queue_or_fill_probability
888,l2Book,1783579648996,1783579649279906509,0.284423,buy,62835,62835,62836,1,0.005,4.99109,22,998.218,43,0.06732,0,0.06732,4.99609,0.01347453708800281820383539928,touched_quote_without_depletion,,0.005,False,missing_same_side_strict_through_support,112,59833,0,4,same_touch_stable_enough,real_bbo_history_touch_stability,1589,1783579647407,5.43308,4.99109,-0.44199,26,22,-4,reset_supported,same_touch_top_qty_or_order_count_reduced,pass,,,,latest_l2_received_before_or_at_candidate,latest_l2_exchange_time_equal_candidate,event_driven_current_l2_plus_rolling_public_trades_proxy_not_exact_queue_or_fill_probability
889,l2Book,1783579649549,1783579649806694668,0.258264,buy,62835,62835,62836,1,0.005,6.07804,30,1215.608,21,0.06732,0,0.06732,6.08304,0.01106683500355085615087193245,touched_quote_without_depletion,,0.005,False,missing_same_side_strict_through_support,112,59839,0,5,same_touch_stable_enough,real_bbo_history_touch_stability,2142,1783579647407,5.43308,6.07804,0.64496,26,30,4,not_reset,history_present_no_reset,pass,,,history_present_no_reset,latest_l2_received_before_or_at_candidate,latest_l2_exchange_time_equal_candidate,event_driven_current_l2_plus_rolling_public_trades_proxy_not_exact_queue_or_fill_probability
890,l2Book,1783579650082,1783579650395586503,0.314098,buy,62835,62835,62836,1,0.005,5.42081,25,1084.162,11,0.06732,0,0.06732,5.42581,0.01240736406177142214710798941,touched_quote_without_depletion,,0.005,False,missing_same_side_strict_through_support,112,59826,0,6,same_touch_stable_enough,real_bbo_history_touch_stability,2675,1783579647407,6.07804,5.42081,-0.65723,30,25,-5,reset_supported,same_touch_top_qty_or_order_count_reduced,pass,,,,latest_l2_received_before_or_at_candidate,latest_l2_exchange_time_equal_candidate,event_driven_current_l2_plus_rolling_public_trades_proxy_not_exact_queue_or_fill_probability
891,trades,1783579650420,1783579650633175893,0.213665,buy,62835,62835,62836,1,0.005,5.42081,25,1084.162,1,0,0,0,5.42581,0,not_depleted,,0.0,False,missing_same_side_strict_through_support;missing_recent_same_side_at_or_through_throughput,111,59276,338,6,same_touch_stable_enough,real_bbo_history_touch_stability,3013,1783579647407,6.07804,5.42081,-0.65723,30,25,-5,reset_supported,same_touch_top_qty_or_order_count_reduced,pass,,,,latest_l2_received_before_or_at_candidate,latest_l2_exchange_time_before_candidate,event_driven_current_l2_plus_rolling_public_trades_proxy_not_exact_queue_or_fill_probability
892,l2Book,1783579650621,1783579650929006375,0.30851,buy,62835,62835,62836,1,0.005,4.95427,24,990.854,1,0,0,0,4.95927,0,not_depleted,,0.0,False,missing_same_side_strict_through_support;missing_recent_same_side_at_or_through_throughput,112,59815,0,7,same_touch_stable_enough,real_bbo_history_touch_stability,3214,1783579647407,6.07804,4.95427,-1.12377,30,24,-6,reset_supported,same_touch_top_qty_or_order_count_reduced,pass,,,,latest_l2_received_before_or_at_candidate,latest_l2_exchange_time_equal_candidate,event_driven_current_l2_plus_rolling_public_trades_proxy_not_exact_queue_or_fill_probability
893,l2Book,1783579651158,1783579651438426026,0.28093,buy,62835,62835,62836,1,0.005,4.95932,24,991.864,1,0,0,0,4.96432,0,not_depleted,,0.0,False,missing_same_side_strict_through_support;missing_recent_same_side_at_or_through_throughput,112,59814,0,8,same_touch_stable_enough,real_bbo_history_touch_stability,3751,1783579647407,6.07804,4.95932,-1.11872,30,24,-6,reset_supported,same_touch_top_qty_or_order_count_reduced,pass,,,,latest_l2_received_before_or_at_candidate,latest_l2_exchange_time_equal_candidate,event_driven_current_l2_plus_rolling_public_trades_proxy_not_exact_queue_or_fill_probability
894,trades,1783579651631,1783579651883265544,0.252736,buy,62835,62835,62836,1,0.005,4.95932,24,991.864,3,0,0,0,4.96432,0,not_depleted,,0.0,False,missing_same_side_strict_through_support;missing_recent_same_side_at_or_through_throughput,111,59279,473,8,same_touch_stable_enough,real_bbo_history_touch_stability,4224,1783579647407,6.07804,4.95932,-1.11872,30,24,-6,reset_supported,same_touch_top_qty_or_order_count_reduced,pass,,,,latest_l2_received_before_or_at_candidate,latest_l2_exchange_time_before_candidate,event_driven_current_l2_plus_rolling_public_trades_proxy_not_exact_queue_or_fill_probability
895,l2Book,1783579651698,1783579652019447566,0.321925,buy,62836,62836,62839,3,0.005,71.15523,249,14231.046,3,0,0,0,71.16023,0,not_depleted,,0.0,False,missing_same_side_strict_through_support;missing_touch_freshness_or_queue_reset_evidence;missing_recent_same_side_at_or_through_throughput,112,59819,0,1,same_touch_seen_but_not_stable,real_bbo_history_insufficient,0,1783579651698,,71.15523,,,249,,missing,no_prior_same_touch_bbo,block,no_prior_same_touch_bbo,same_touch_seen_but_not_stable,no_prior_same_touch_bbo,latest_l2_received_before_or_at_candidate,latest_l2_exchange_time_equal_candidate,event_driven_current_l2_plus_rolling_public_trades_proxy_not_exact_queue_or_fill_probability
896,trades,1783579651698,1783579652020200622,0.322515,buy,62836,62836,62839,3,0.005,71.15523,249,14231.046,7,0,0,0,71.16023,0,not_depleted,,0.0,False,missing_same_side_strict_through_support;missing_touch_freshness_or_queue_reset_evidence;missing_recent_same_side_at_or_through_throughput,112,59819,0,1,same_touch_seen_but_not_stable,real_bbo_history_insufficient,0,1783579651698,,71.15523,,,249,,missing,no_prior_same_touch_bbo,block,no_prior_same_touch_bbo,same_touch_seen_but_not_stable,no_prior_same_touch_bbo,latest_l2_received_before_or_at_candidate,latest_l2_exchange_time_equal_candidate,event_driven_current_l2_plus_rolling_public_trades_proxy_not_exact_queue_or_fill_probability
897,trades,1783579652014,1783579652302497192,0.288989,buy,62836,62836,62839,3,0.005,71.15523,249,14231.046,9,0,0,0,71.16023,0,not_depleted,,0.0,False,missing_same_side_strict_through_support;missing_recent_same_side_at_or_through_throughput,111,59283,316,1,same_touch_stable_enough,real_bbo_history_touch_stability,316,1783579651698,,71.15523,,,249,,missing,no_prior_same_touch_bbo,pass,,,no_prior_same_touch_bbo,latest_l2_received_before_or_at_candidate,latest_l2_exchange_time_before_candidate,event_driven_current_l2_plus_rolling_public_trades_proxy_not_exact_queue_or_fill_probability
898,l2Book,1783579652234,1783579652542438243,0.308952,buy,62848,62848,62849,1,0.005,0.19233,1,38.466,9,0,0.03115,0.03115,0.19733,0.1578573962398013479957431713,strict_trade_through_seen_but_visible_top_not_depleted,,0.005,False,missing_touch_freshness_or_queue_reset_evidence,112,59819,0,1,same_touch_seen_but_not_stable,real_bbo_history_insufficient,0,1783579652234,,0.19233,,,1,,missing,no_prior_same_touch_bbo,block,no_prior_same_touch_bbo,same_touch_seen_but_not_stable,no_prior_same_touch_bbo,latest_l2_received_before_or_at_candidate,latest_l2_exchange_time_equal_candidate,event_driven_current_l2_plus_rolling_public_trades_proxy_not_exact_queue_or_fill_probability
899,trades,1783579652234,1783579652543516663,0.309845,buy,62848,62848,62849,1,0.005,0.19233,1,38.466,21,0,0.03115,0.03115,0.19733,0.1578573962398013479957431713,strict_trade_through_seen_but_visible_top_not_depleted,,0.005,False,missing_touch_freshness_or_queue_reset_evidence,112,59819,0,1,same_touch_seen_but_not_stable,real_bbo_history_insufficient,0,1783579652234,,0.19233,,,1,,missing,no_prior_same_touch_bbo,block,no_prior_same_touch_bbo,same_touch_seen_but_not_stable,no_prior_same_touch_bbo,latest_l2_received_before_or_at_candidate,latest_l2_exchange_time_equal_candidate,event_driven_current_l2_plus_rolling_public_trades_proxy_not_exact_queue_or_fill_probability
900,l2Book,1783579652784,1783579653077293865,0.293818,buy,62848,62848,62849,1,0.005,24.43594,94,4887.188,21,0,0.03115,0.03115,24.44094,0.001274500898901597074416941411,strict_trade_through_seen_but_visible_top_not_depleted,,0.002,False,outside_quality_a_b_queue_bands,112,59839,0,2,same_touch_stable_enough,real_bbo_history_touch_stability,550,1783579652234,0.19233,24.43594,24.24361,1,94,93,not_reset,history_present_no_reset,pass,,,history_present_no_reset,latest_l2_received_before_or_at_candidate,latest_l2_exchange_time_equal_candidate,event_driven_current_l2_plus_rolling_public_trades_proxy_not_exact_queue_or_fill_probability
901,trades,1783579653046,1783579653343177117,0.297703,buy,62848,62848,62849,1,0.005,24.43594,94,4887.188,23,0,0.03115,0.03115,24.44094,0.001274500898901597074416941411,strict_trade_through_seen_but_visible_top_not_depleted,,0.002,False,outside_quality_a_b_queue_bands,111,59291,262,2,same_touch_stable_enough,real_bbo_history_touch_stability,812,1783579652234,0.19233,24.43594,24.24361,1,94,93,not_reset,history_present_no_reset,pass,,,history_present_no_reset,latest_l2_received_before_or_at_candidate,latest_l2_exchange_time_before_candidate,event_driven_current_l2_plus_rolling_public_trades_proxy_not_exact_queue_or_fill_probability
902,trades,1783579653115,1783579653373761108,0.259274,buy,62848,62848,62849,1,0.005,24.43594,94,4887.188,25,0,0.03115,0.03115,24.44094,0.001274500898901597074416941411,strict_trade_through_seen_but_visible_top_not_depleted,,0.002,False,outside_quality_a_b_queue_bands,111,59291,331,2,same_touch_stable_enough,real_bbo_history_touch_stability,881,1783579652234,0.19233,24.43594,24.24361,1,94,93,not_reset,history_present_no_reset,pass,,,history_present_no_reset,latest_l2_received_before_or_at_candidate,latest_l2_exchange_time_before_candidate,event_driven_current_l2_plus_rolling_public_trades_proxy_not_exact_queue_or_fill_probability
903,l2Book,1783579653319,1783579653836817240,0.51831,buy,62848,62848,62849,1,0.005,33.6302,103,6726.04,25,0,0.03115,0.03115,33.6352,0.000926113119589001997906954619,strict_trade_through_seen_but_visible_top_not_depleted,,0.002,False,outside_quality_a_b_queue_bands,112,59826,0,3,same_touch_stable_enough,real_bbo_history_touch_stability,1085,1783579652234,24.43594,33.6302,9.19426,94,103,9,not_reset,history_present_no_reset,pass,,,history_present_no_reset,latest_l2_received_before_or_at_candidate,latest_l2_exchange_time_equal_candidate,event_driven_current_l2_plus_rolling_public_trades_proxy_not_exact_queue_or_fill_probability
904,trades,1783579653719,1783579653910696688,0.192246,buy,62848,62848,62849,1,0.005,33.6302,103,6726.04,25,0,0.03115,0.03115,33.6352,0.000926113119589001997906954619,strict_trade_through_seen_but_visible_top_not_depleted,,0.002,False,outside_quality_a_b_queue_bands,111,59289,400,3,same_touch_stable_enough,real_bbo_history_touch_stability,1485,1783579652234,24.43594,33.6302,9.19426,94,103,9,not_reset,history_present_no_reset,pass,,,history_present_no_reset,latest_l2_received_before_or_at_candidate,latest_l2_exchange_time_before_candidate,event_driven_current_l2_plus_rolling_public_trades_proxy_not_exact_queue_or_fill_probability
905,l2Book,1783579653833,1783579654164775917,0.332253,buy,62851,62851,62852,1,0.005,13.18411,80,2636.822,25,0,0.03115,0.03115,13.18911,0.002361796967346545748727548713,strict_trade_through_seen_but_visible_top_not_depleted,,0.005,False,missing_touch_freshness_or_queue_reset_evidence,112,59803,0,1,same_touch_seen_but_not_stable,real_bbo_history_insufficient,0,1783579653833,,13.18411,,,80,,missing,no_prior_same_touch_bbo,block,no_prior_same_touch_bbo,same_touch_seen_but_not_stable,no_prior_same_touch_bbo,latest_l2_received_before_or_at_candidate,latest_l2_exchange_time_equal_candidate,event_driven_current_l2_plus_rolling_public_trades_proxy_not_exact_queue_or_fill_probability
906,trades,1783579653919,1783579654240693286,0.322211,buy,62851,62851,62852,1,0.005,13.18411,80,2636.822,28,0,0.03115,0.03115,13.18911,0.002361796967346545748727548713,strict_trade_through_seen_but_visible_top_not_depleted,,0.005,False,missing_touch_freshness_or_queue_reset_evidence,112,59803,86,1,same_touch_seen_but_not_stable,real_bbo_history_insufficient,86,1783579653833,,13.18411,,,80,,missing,no_prior_same_touch_bbo,block,no_prior_same_touch_bbo,same_touch_seen_but_not_stable,no_prior_same_touch_bbo,latest_l2_received_before_or_at_candidate,latest_l2_exchange_time_before_candidate,event_driven_current_l2_plus_rolling_public_trades_proxy_not_exact_queue_or_fill_probability
907,l2Book,1783579654381,1783579654692152969,0.311669,buy,62854,62854,62855,1,0.005,46.80305,178,9360.61,28,0,0.03115,0.03115,46.80805,0.0006654838216930634794656047411,strict_trade_through_seen_but_visible_top_not_depleted,,0.005,False,missing_touch_freshness_or_queue_reset_evidence,112,59816,0,1,same_touch_seen_but_not_stable,real_bbo_history_insufficient,0,1783579654381,,46.80305,,,178,,missing,no_prior_same_touch_bbo,block,no_prior_same_touch_bbo,same_touch_seen_but_not_stable,no_prior_same_touch_bbo,latest_l2_received_before_or_at_candidate,latest_l2_exchange_time_equal_candidate,event_driven_current_l2_plus_rolling_public_trades_proxy_not_exact_queue_or_fill_probability
908,l2Book,1783579654923,1783579655216778357,0.294284,buy,62854,62854,62855,1,0.005,44.04372,184,8808.744,22,0,0.03115,0.03115,44.04872,0.000707171513723894814650686785,strict_trade_through_seen_but_visible_top_not_depleted,,0.002,False,outside_quality_a_b_queue_bands,112,59821,0,2,same_touch_stable_enough,real_bbo_history_touch_stability,542,1783579654381,46.80305,44.04372,-2.75933,178,184,6,not_reset,history_present_no_reset,pass,,,history_present_no_reset,latest_l2_received_before_or_at_candidate,latest_l2_exchange_time_equal_candidate,event_driven_current_l2_plus_rolling_public_trades_proxy_not_exact_queue_or_fill_probability
909,l2Book,1783579655442,1783579655750377642,0.308879,buy,62854,62854,62855,1,0.005,55.82942,203,11165.884,8,0,0,0,55.83442,0,not_depleted,,0.0,False,missing_same_side_strict_through_support;missing_recent_same_side_at_or_through_throughput,112,59792,0,3,same_touch_stable_enough,real_bbo_history_touch_stability,1061,1783579654381,46.80305,55.82942,9.02637,184,203,19,not_reset,history_present_no_reset,pass,,,history_present_no_reset,latest_l2_received_before_or_at_candidate,latest_l2_exchange_time_equal_candidate,event_driven_current_l2_plus_rolling_public_trades_proxy_not_exact_queue_or_fill_probability
910,trades,1783579655662,1783579655910599642,0.249104,buy,62854,62854,62855,1,0.005,55.82942,203,11165.884,15,0,0,0,55.83442,0,not_depleted,,0.0,False,missing_same_side_strict_through_support;missing_recent_same_side_at_or_through_throughput,111,59259,220,3,same_touch_stable_enough,real_bbo_history_touch_stability,1281,1783579654381,46.80305,55.82942,9.02637,184,203,19,not_reset,history_present_no_reset,pass,,,history_present_no_reset,latest_l2_received_before_or_at_candidate,latest_l2_exchange_time_before_candidate,event_driven_current_l2_plus_rolling_public_trades_proxy_not_exact_queue_or_fill_probability
911,l2Book,1783579656068,1783579656397017111,0.329487,buy,62858,62858,62859,1,0.005,0.122,2,24.4,13,0,0,0,0.127,0,not_depleted,,0.0,False,missing_same_side_strict_through_support;missing_touch_freshness_or_queue_reset_evidence;missing_recent_same_side_at_or_through_throughput,112,59885,0,1,same_touch_seen_but_not_stable,real_bbo_history_insufficient,0,1783579656068,,0.122,,,2,,missing,no_prior_same_touch_bbo,block,no_prior_same_touch_bbo,same_touch_seen_but_not_stable,no_prior_same_touch_bbo,latest_l2_received_before_or_at_candidate,latest_l2_exchange_time_equal_candidate,event_driven_current_l2_plus_rolling_public_trades_proxy_not_exact_queue_or_fill_probability
912,trades,1783579656011,1783579656397747747,0.387102,buy,62858,62858,62859,1,0.005,0.122,2,24.4,16,0,0,0,0.127,0,not_depleted,,0.0,False,missing_same_side_strict_through_support;missing_touch_freshness_or_queue_reset_evidence;missing_recent_same_side_at_or_through_throughput,112,59885,-57,1,same_touch_seen_but_not_stable,real_bbo_history_insufficient,0,1783579656068,,0.122,,,2,,missing,no_prior_same_touch_bbo,block,no_prior_same_touch_bbo,same_touch_seen_but_not_stable,no_prior_same_touch_bbo,latest_l2_received_before_or_at_candidate,latest_l2_exchange_time_after_candidate_visible_by_local_receive,event_driven_current_l2_plus_rolling_public_trades_proxy_not_exact_queue_or_fill_probability
913,trades,1783579656397,1783579656645101253,0.248565,buy,62858,62858,62859,1,0.005,0.122,2,24.4,22,0.08554,0.07356,0.1591,0.127,1.252755905511811023622047244,depleted_top_plus_order_proxy,quality_b,0.002,True,,111,59348,329,1,same_touch_stable_enough,real_bbo_history_touch_stability,329,1783579656068,,0.122,,,2,,missing,no_prior_same_touch_bbo,pass,,,no_prior_same_touch_bbo,latest_l2_received_before_or_at_candidate,latest_l2_exchange_time_before_candidate,event_driven_current_l2_plus_rolling_public_trades_proxy_not_exact_queue_or_fill_probability
914,l2Book,1783579657087,1783579657442258497,0.355787,buy,62854,62854,62855,1,0.005,3.65927,20,731.854,18,0.07322,0,0.07322,3.66427,0.01998215197024236751112772803,touched_quote_without_depletion,,0.005,False,missing_same_side_strict_through_support,112,59830,0,2,same_touch_stable_enough,real_bbo_history_touch_stability,554,1783579656533,0.10988,3.65927,3.54939,3,20,17,not_reset,history_present_no_reset,pass,,,history_present_no_reset,latest_l2_received_before_or_at_candidate,latest_l2_exchange_time_equal_candidate,event_driven_current_l2_plus_rolling_public_trades_proxy_not_exact_queue_or_fill_probability
915,trades,1783579657087,1783579657442987035,0.356305,buy,62854,62854,62855,1,0.005,3.65927,20,731.854,19,0.07861,0,0.07861,3.66427,0.02145311344415122248087613631,touched_quote_without_depletion,,0.005,False,missing_same_side_strict_through_support,112,59830,0,2,same_touch_stable_enough,real_bbo_history_touch_stability,554,1783579656533,0.10988,3.65927,3.54939,3,20,17,not_reset,history_present_no_reset,pass,,,history_present_no_reset,latest_l2_received_before_or_at_candidate,latest_l2_exchange_time_equal_candidate,event_driven_current_l2_plus_rolling_public_trades_proxy_not_exact_queue_or_fill_probability
916,l2Book,1783579657602,1783579657898132299,0.296642,buy,62854,62854,62855,1,0.005,6.52445,24,1304.89,19,0.07861,0,0.07861,6.52945,0.01203929886897058710917458591,touched_quote_without_depletion,,0.005,False,missing_same_side_strict_through_support,112,59806,0,3,same_touch_stable_enough,real_bbo_history_touch_stability,1069,1783579656533,3.65927,6.52445,2.86518,20,24,4,not_reset,history_present_no_reset,pass,,,history_present_no_reset,latest_l2_received_before_or_at_candidate,latest_l2_exchange_time_equal_candidate,event_driven_current_l2_plus_rolling_public_trades_proxy_not_exact_queue_or_fill_probability
917,trades,1783579658002,1783579658302434538,0.300926,buy,62854,62854,62855,1,0.005,6.52445,24,1304.89,21,0.07931,0,0.07931,6.52945,0.01214650544839151842804524118,touched_quote_without_depletion,,0.005,False,missing_same_side_strict_through_support,111,59272,400,3,same_touch_stable_enough,real_bbo_history_touch_stability,1469,1783579656533,3.65927,6.52445,2.86518,20,24,4,not_reset,history_present_no_reset,pass,,,history_present_no_reset,latest_l2_received_before_or_at_candidate,latest_l2_exchange_time_before_candidate,event_driven_current_l2_plus_rolling_public_trades_proxy_not_exact_queue_or_fill_probability
918,l2Book,1783579658136,1783579658442864306,0.307402,buy,62854,62854,62855,1,0.005,6.03737,23,1207.474,21,0.07931,0,0.07931,6.04237,0.01312564440774067129288673153,touched_quote_without_depletion,,0.005,False,missing_same_side_strict_through_support,112,59806,0,4,same_touch_stable_enough,real_bbo_history_touch_stability,1603,1783579656533,6.52445,6.03737,-0.48708,24,23,-1,reset_supported,same_touch_top_qty_or_order_count_reduced,pass,,,,latest_l2_received_before_or_at_candidate,latest_l2_exchange_time_equal_candidate,event_driven_current_l2_plus_rolling_public_trades_proxy_not_exact_queue_or_fill_probability
919,l2Book,1783579658672,1783579658975087326,0.30361,buy,62854,62854,62855,1,0.005,6.03737,23,1207.474,14,0.07931,0,0.07931,6.04237,0.01312564440774067129288673153,touched_quote_without_depletion,,0.005,False,missing_same_side_strict_through_support,112,59803,0,5,same_touch_stable_enough,real_bbo_history_touch_stability,2139,1783579656533,6.52445,6.03737,-0.48708,24,23,-1,reset_supported,same_touch_top_qty_or_order_count_reduced,pass,,,,latest_l2_received_before_or_at_candidate,latest_l2_exchange_time_equal_candidate,event_driven_current_l2_plus_rolling_public_trades_proxy_not_exact_queue_or_fill_probability
920,trades,1783579658807,1783579659004939054,0.19843,buy,62854,62854,62855,1,0.005,6.03737,23,1207.474,15,0.07931,0,0.07931,6.04237,0.01312564440774067129288673153,touched_quote_without_depletion,,0.005,False,missing_same_side_strict_through_support,112,59803,135,5,same_touch_stable_enough,real_bbo_history_touch_stability,2274,1783579656533,6.52445,6.03737,-0.48708,24,23,-1,reset_supported,same_touch_top_qty_or_order_count_reduced,pass,,,,latest_l2_received_before_or_at_candidate,latest_l2_exchange_time_before_candidate,event_driven_current_l2_plus_rolling_public_trades_proxy_not_exact_queue_or_fill_probability
921,l2Book,1783579659208,1783579659488400919,0.280898,buy,62854,62854,62855,1,0.005,7.00105,25,1400.21,12,0.07931,0,0.07931,7.00605,0.01132021609894305635843306856,touched_quote_without_depletion,,0.005,False,missing_same_side_strict_through_support,112,59800,0,6,same_touch_stable_enough,real_bbo_history_touch_stability,2675,1783579656533,6.52445,7.00105,0.4766,24,25,1,not_reset,history_present_no_reset,pass,,,history_present_no_reset,latest_l2_received_before_or_at_candidate,latest_l2_exchange_time_equal_candidate,event_driven_current_l2_plus_rolling_public_trades_proxy_not_exact_queue_or_fill_probability
922,l2Book,1783579659731,1783579660065228990,0.334749,buy,62854,62854,62855,1,0.005,6.51466,24,1302.932,4,0.00609,0,0.00609,6.51966,0.0009340977903755717322682471172,touched_quote_without_depletion,,0.00152,False,missing_same_side_strict_through_support,112,59788,0,7,same_touch_stable_enough,real_bbo_history_touch_stability,3198,1783579656533,7.00105,6.51466,-0.48639,25,24,-1,reset_supported,same_touch_top_qty_or_order_count_reduced,pass,,,,latest_l2_received_before_or_at_candidate,latest_l2_exchange_time_equal_candidate,event_driven_current_l2_plus_rolling_public_trades_proxy_not_exact_queue_or_fill_probability
923,l2Book,1783579660285,1783579660573274357,0.288774,buy,62854,62854,62855,1,0.005,6.77598,24,1355.196,3,0.0007,0,0.0007,6.78098,0.0001032299166197216331562694478,touched_quote_without_depletion,,0.00017,False,missing_same_side_strict_through_support,112,59802,0,8,same_touch_stable_enough,real_bbo_history_touch_stability,3752,1783579656533,7.00105,6.77598,-0.22507,25,24,-1,reset_supported,same_touch_top_qty_or_order_count_reduced,pass,,,,latest_l2_received_before_or_at_candidate,latest_l2_exchange_time_equal_candidate,event_driven_current_l2_plus_rolling_public_trades_proxy_not_exact_queue_or_fill_probability
924,l2Book,1783579660834,1783579661147337226,0.313812,buy,62854,62854,62855,1,0.005,13.42576,20,2685.152,3,0.0007,0,0.0007,13.43076,0.00005211916525944920466153814081,touched_quote_without_depletion,,0.00017,False,missing_same_side_strict_through_support,112,59813,0,9,same_touch_stable_enough,real_bbo_history_touch_stability,4301,1783579656533,7.00105,13.42576,6.42471,25,20,-5,reset_supported,same_touch_top_qty_or_order_count_reduced,pass,,,,latest_l2_received_before_or_at_candidate,latest_l2_exchange_time_equal_candidate,event_driven_current_l2_plus_rolling_public_trades_proxy_not_exact_queue_or_fill_probability
925,trades,1783579661027,1783579661364373881,0.337886,buy,62854,62854,62855,1,0.005,13.42576,20,2685.152,5,0.11005,0,0.11005,13.43076,0.008193877338289121390003246279,touched_quote_without_depletion,,0.005,False,missing_same_side_strict_through_support,111,59275,193,9,same_touch_stable_enough,real_bbo_history_touch_stability,4494,1783579656533,7.00105,13.42576,6.42471,25,20,-5,reset_supported,same_touch_top_qty_or_order_count_reduced,pass,,,,latest_l2_received_before_or_at_candidate,latest_l2_exchange_time_before_candidate,event_driven_current_l2_plus_rolling_public_trades_proxy_not_exact_queue_or_fill_probability
926,trades,1783579661226,1783579661446155907,0.220664,buy,62854,62854,62855,1,0.005,13.42576,20,2685.152,7,0.11495,0,0.11495,13.43076,0.008558711495105265822634013265,touched_quote_without_depletion,,0.005,False,missing_same_side_strict_through_support,111,59275,392,9,same_touch_stable_enough,real_bbo_history_touch_stability,4693,1783579656533,7.00105,13.42576,6.42471,25,20,-5,reset_supported,same_touch_top_qty_or_order_count_reduced,pass,,,,latest_l2_received_before_or_at_candidate,latest_l2_exchange_time_before_candidate,event_driven_current_l2_plus_rolling_public_trades_proxy_not_exact_queue_or_fill_probability
927,l2Book,1783579661352,1783579661653481792,0.302007,buy,62854,62854,62855,1,0.005,10.74247,39,2148.494,7,0.11495,0,0.11495,10.74747,0.01069554043881955474172060959,touched_quote_without_depletion,,0.005,False,missing_same_side_strict_through_support,112,59793,0,10,same_touch_stable_enough,real_bbo_history_touch_stability,4819,1783579656533,13.42576,10.74247,-2.68329,25,39,14,not_reset,history_present_no_reset,pass,,,history_present_no_reset,latest_l2_received_before_or_at_candidate,latest_l2_exchange_time_equal_candidate,event_driven_current_l2_plus_rolling_public_trades_proxy_not_exact_queue_or_fill_probability
928,l2Book,1783579661890,1783579662152706280,0.263258,buy,62854,62854,62855,1,0.005,9.74694,39,1949.388,6,0.11495,0,0.11495,9.75194,0.0117873981997428204029147021,touched_quote_without_depletion,,0.005,False,missing_same_side_strict_through_support,112,59790,0,11,same_touch_stable_enough,real_bbo_history_touch_stability,5357,1783579656533,13.42576,9.74694,-3.67882,39,39,0,not_reset,history_present_no_reset,pass,,,history_present_no_reset,latest_l2_received_before_or_at_candidate,latest_l2_exchange_time_equal_candidate,event_driven_current_l2_plus_rolling_public_trades_proxy_not_exact_queue_or_fill_probability
929,l2Book,1783579662442,1783579662734942412,0.293464,buy,62854,62854,62855,1,0.005,11.64181,39,2328.362,6,0.11495,0,0.11495,11.64681,0.009869655296171226284278699489,touched_quote_without_depletion,,0.005,False,missing_same_side_strict_through_support,112,59801,0,12,same_touch_stable_enough,real_bbo_history_touch_stability,5909,1783579656533,13.42576,11.64181,-1.78395,39,39,0,not_reset,history_present_no_reset,pass,,,history_present_no_reset,latest_l2_received_before_or_at_candidate,latest_l2_exchange_time_equal_candidate,event_driven_current_l2_plus_rolling_public_trades_proxy_not_exact_queue_or_fill_probability
930,trades,1783579662442,1783579662735650816,0.293934,buy,62854,62854,62855,1,0.005,11.64181,39,2328.362,7,0.13077,0,0.13077,11.64681,0.01122796714293441723527729911,touched_quote_without_depletion,,0.005,False,missing_same_side_strict_through_support,112,59801,0,12,same_touch_stable_enough,real_bbo_history_touch_stability,5909,1783579656533,13.42576,11.64181,-1.78395,39,39,0,not_reset,history_present_no_reset,pass,,,history_present_no_reset,latest_l2_received_before_or_at_candidate,latest_l2_exchange_time_equal_candidate,event_driven_current_l2_plus_rolling_public_trades_proxy_not_exact_queue_or_fill_probability
931,l2Book,1783579662971,1783579663229301821,0.258837,buy,62854,62854,62855,1,0.005,9.3328,36,1866.56,7,0.13077,0,0.13077,9.3378,0.01400436933753132429480177344,touched_quote_without_depletion,,0.005,False,missing_same_side_strict_through_support,112,59796,0,13,same_touch_stable_enough,real_bbo_history_touch_stability,6438,1783579656533,13.42576,9.3328,-4.09296,39,36,-3,reset_supported,same_touch_top_qty_or_order_count_reduced,pass,,,,latest_l2_received_before_or_at_candidate,latest_l2_exchange_time_equal_candidate,event_driven_current_l2_plus_rolling_public_trades_proxy_not_exact_queue_or_fill_probability
932,l2Book,1783579663578,1783579664083467411,0.505975,buy,62854,62854,62855,1,0.005,13.04304,41,2608.608,7,0.13077,0,0.13077,13.04804,0.01002219490436877875910864774,touched_quote_without_depletion,,0.005,False,missing_same_side_strict_through_support,112,59857,0,14,same_touch_stable_enough,real_bbo_history_touch_stability,7045,1783579656533,13.42576,13.04304,-0.38272,39,41,2,not_reset,history_present_no_reset,pass,,,history_present_no_reset,latest_l2_received_before_or_at_candidate,latest_l2_exchange_time_equal_candidate,event_driven_current_l2_plus_rolling_public_trades_proxy_not_exact_queue_or_fill_probability
933,l2Book,1783579664050,1783579664429172951,0.379663,buy,62854,62854,62855,1,0.005,8.85499,35,1770.998,3,0.02072,0,0.02072,8.85999,0.002338603090974143311674166675,touched_quote_without_depletion,,0.005,False,missing_same_side_strict_through_support,112,59809,0,15,same_touch_stable_enough,real_bbo_history_touch_stability,7517,1783579656533,13.42576,8.85499,-4.57077,41,35,-6,reset_supported,same_touch_top_qty_or_order_count_reduced,pass,,,,latest_l2_received_before_or_at_candidate,latest_l2_exchange_time_equal_candidate,event_driven_current_l2_plus_rolling_public_trades_proxy_not_exact_queue_or_fill_probability
934,trades,1783579664050,1783579664429869779,0.380156,buy,62854,62854,62855,1,0.005,8.85499,35,1770.998,4,0.02124,0,0.02124,8.85999,0.002397293902137587062739348464,touched_quote_without_depletion,,0.005,False,missing_same_side_strict_through_support,112,59809,0,15,same_touch_stable_enough,real_bbo_history_touch_stability,7517,1783579656533,13.42576,8.85499,-4.57077,41,35,-6,reset_supported,same_touch_top_qty_or_order_count_reduced,pass,,,,latest_l2_received_before_or_at_candidate,latest_l2_exchange_time_equal_candidate,event_driven_current_l2_plus_rolling_public_trades_proxy_not_exact_queue_or_fill_probability
935,trades,1783579664185,1783579664430346399,0.245631,buy,62854,62854,62855,1,0.005,8.85499,35,1770.998,8,0.02143,0,0.02143,8.85999,0.00241873862160115304870547258,touched_quote_without_depletion,,0.005,False,missing_same_side_strict_through_support,112,59809,135,15,same_touch_stable_enough,real_bbo_history_touch_stability,7652,1783579656533,13.42576,8.85499,-4.57077,41,35,-6,reset_supported,same_touch_top_qty_or_order_count_reduced,pass,,,,latest_l2_received_before_or_at_candidate,latest_l2_exchange_time_before_candidate,event_driven_current_l2_plus_rolling_public_trades_proxy_not_exact_queue_or_fill_probability
936,l2Book,1783579664589,1783579664872384432,0.283891,buy,62854,62854,62855,1,0.005,17.38998,45,3477.996,6,0.01653,0,0.01653,17.39498,0.0009502741595563777595605168848,touched_quote_without_depletion,,0.00413,False,missing_same_side_strict_through_support,112,59807,0,16,same_touch_stable_enough,real_bbo_history_touch_stability,8056,1783579656533,13.42576,17.38998,3.96422,41,45,4,not_reset,history_present_no_reset,pass,,,history_present_no_reset,latest_l2_received_before_or_at_candidate,latest_l2_exchange_time_equal_candidate,event_driven_current_l2_plus_rolling_public_trades_proxy_not_exact_queue_or_fill_probability
937,trades,1783579664589,1783579664873144757,0.28445,buy,62854,62854,62855,1,0.005,17.38998,45,3477.996,9,0.01653,0,0.01653,17.39498,0.0009502741595563777595605168848,touched_quote_without_depletion,,0.00413,False,missing_same_side_strict_through_support,112,59807,0,16,same_touch_stable_enough,real_bbo_history_touch_stability,8056,1783579656533,13.42576,17.38998,3.96422,41,45,4,not_reset,history_present_no_reset,pass,,,history_present_no_reset,latest_l2_received_before_or_at_candidate,latest_l2_exchange_time_equal_candidate,event_driven_current_l2_plus_rolling_public_trades_proxy_not_exact_queue_or_fill_probability
938,trades,1783579665058,1783579665371315441,0.313805,buy,62854,62854,62855,1,0.005,17.38998,45,3477.996,10,0.01653,0,0.01653,17.39498,0.0009502741595563777595605168848,touched_quote_without_depletion,,0.00413,False,missing_same_side_strict_through_support,111,59260,469,16,same_touch_stable_enough,real_bbo_history_touch_stability,8525,1783579656533,13.42576,17.38998,3.96422,41,45,4,not_reset,history_present_no_reset,pass,,,history_present_no_reset,latest_l2_received_before_or_at_candidate,latest_l2_exchange_time_before_candidate,event_driven_current_l2_plus_rolling_public_trades_proxy_not_exact_queue_or_fill_probability
939,l2Book,1783579665192,1783579665527228137,0.335717,buy,62854,62854,62855,1,0.005,14.02584,37,2805.168,10,0.01653,0,0.01653,14.03084,0.001178119057732822838832172557,touched_quote_without_depletion,,0.00413,False,missing_same_side_strict_through_support,112,59863,0,17,same_touch_stable_enough,real_bbo_history_touch_stability,8659,1783579656533,17.38998,14.02584,-3.36414,45,37,-8,reset_supported,same_touch_top_qty_or_order_count_reduced,pass,,,,latest_l2_received_before_or_at_candidate,latest_l2_exchange_time_equal_candidate,event_driven_current_l2_plus_rolling_public_trades_proxy_not_exact_queue_or_fill_probability
940,trades,1783579665622,1783579665878322008,0.256837,buy,62854,62854,62855,1,0.005,14.02584,37,2805.168,10,0.0217,0,0.0217,14.03084,0.00154659307639457081685772199,touched_quote_without_depletion,,0.005,False,missing_same_side_strict_through_support,111,59267,430,17,same_touch_stable_enough,real_bbo_history_touch_stability,9089,1783579656533,17.38998,14.02584,-3.36414,45,37,-8,reset_supported,same_touch_top_qty_or_order_count_reduced,pass,,,,latest_l2_received_before_or_at_candidate,latest_l2_exchange_time_before_candidate,event_driven_current_l2_plus_rolling_public_trades_proxy_not_exact_queue_or_fill_probability
941,l2Book,1783579665704,1783579666005105134,0.301616,buy,62854,62854,62855,1,0.005,18.63529,49,3727.058,10,0.0217,0,0.0217,18.64029,0.001164144978431129558606652579,touched_quote_without_depletion,,0.005,False,missing_same_side_strict_through_support,112,59779,0,18,same_touch_stable_enough,real_bbo_history_touch_stability,9171,1783579656533,17.38998,18.63529,1.24531,45,49,4,not_reset,history_present_no_reset,pass,,,history_present_no_reset,latest_l2_received_before_or_at_candidate,latest_l2_exchange_time_equal_candidate,event_driven_current_l2_plus_rolling_public_trades_proxy_not_exact_queue_or_fill_probability
942,trades,1783579665798,1783579666027297408,0.229802,buy,62854,62854,62855,1,0.005,18.63529,49,3727.058,11,0.0217,0,0.0217,18.64029,0.001164144978431129558606652579,touched_quote_without_depletion,,0.005,False,missing_same_side_strict_through_support,112,59779,94,18,same_touch_stable_enough,real_bbo_history_touch_stability,9265,1783579656533,17.38998,18.63529,1.24531,45,49,4,not_reset,history_present_no_reset,pass,,,history_present_no_reset,latest_l2_received_before_or_at_candidate,latest_l2_exchange_time_before_candidate,event_driven_current_l2_plus_rolling_public_trades_proxy_not_exact_queue_or_fill_probability
943,trades,1783579666066,1783579666352832163,0.287339,buy,62854,62854,62855,1,0.005,18.63529,49,3727.058,13,0.02369,0,0.02369,18.64029,0.001270902974149007338405142838,touched_quote_without_depletion,,0.005,False,missing_same_side_strict_through_support,111,59312,362,18,same_touch_stable_enough,real_bbo_history_touch_stability,9533,1783579656533,17.38998,18.63529,1.24531,45,49,4,not_reset,history_present_no_reset,pass,,,history_present_no_reset,latest_l2_received_before_or_at_candidate,latest_l2_exchange_time_before_candidate,event_driven_current_l2_plus_rolling_public_trades_proxy_not_exact_queue_or_fill_probability
944,l2Book,1783579666267,1783579666553139439,0.286638,buy,62854,62854,62855,1,0.005,16.02333,43,3204.666,13,0.02369,0,0.02369,16.02833,0.001478008002081314772031771245,touched_quote_without_depletion,,0.005,False,missing_same_side_strict_through_support,112,59875,0,19,same_touch_stable_enough,real_bbo_history_touch_stability,9734,1783579656533,18.63529,16.02333,-2.61196,49,43,-6,reset_supported,same_touch_top_qty_or_order_count_reduced,pass,,,,latest_l2_received_before_or_at_candidate,latest_l2_exchange_time_equal_candidate,event_driven_current_l2_plus_rolling_public_trades_proxy_not_exact_queue_or_fill_probability
945,trades,1783579666267,1783579666553847832,0.287166,buy,62854,62854,62855,1,0.005,16.02333,43,3204.666,14,0.02369,0,0.02369,16.02833,0.001478008002081314772031771245,touched_quote_without_depletion,,0.005,False,missing_same_side_strict_through_support,112,59875,0,19,same_touch_stable_enough,real_bbo_history_touch_stability,9734,1783579656533,18.63529,16.02333,-2.61196,49,43,-6,reset_supported,same_touch_top_qty_or_order_count_reduced,pass,,,,latest_l2_received_before_or_at_candidate,latest_l2_exchange_time_equal_candidate,event_driven_current_l2_plus_rolling_public_trades_proxy_not_exact_queue_or_fill_probability
946,l2Book,1783579666804,1783579667080333525,0.276872,buy,62854,62854,62855,1,0.005,16.07315,44,3214.63,14,0.02369,0,0.02369,16.07815,0.001473428224018310564337314927,touched_quote_without_depletion,,0.005,False,missing_same_side_strict_through_support,112,59867,0,20,same_touch_stable_enough,real_bbo_history_touch_stability,10271,1783579656533,18.63529,16.07315,-2.56214,49,44,-5,reset_supported,same_touch_top_qty_or_order_count_reduced,pass,,,,latest_l2_received_before_or_at_candidate,latest_l2_exchange_time_equal_candidate,event_driven_current_l2_plus_rolling_public_trades_proxy_not_exact_queue_or_fill_probability
947,l2Book,1783579667415,1783579667730929720,0.316482,buy,62854,62854,62855,1,0.005,12.69401,46,2538.802,9,0.02298,0,0.02298,12.69901,0.001809589881415952897115601925,touched_quote_without_depletion,,0.005,False,missing_same_side_strict_through_support,112,59936,0,21,same_touch_stable_enough,real_bbo_history_touch_stability,10882,1783579656533,18.63529,12.69401,-5.94128,49,46,-3,reset_supported,same_touch_top_qty_or_order_count_reduced,pass,,,,latest_l2_received_before_or_at_candidate,latest_l2_exchange_time_equal_candidate,event_driven_current_l2_plus_rolling_public_trades_proxy_not_exact_queue_or_fill_probability
948,trades,1783579667415,1783579667731686936,0.316981,buy,62854,62854,62855,1,0.005,12.69401,46,2538.802,10,0.02458,0,0.02458,12.69901,0.001935583954969718111884312242,touched_quote_without_depletion,,0.005,False,missing_same_side_strict_through_support,112,59936,0,21,same_touch_stable_enough,real_bbo_history_touch_stability,10882,1783579656533,18.63529,12.69401,-5.94128,49,46,-3,reset_supported,same_touch_top_qty_or_order_count_reduced,pass,,,,latest_l2_received_before_or_at_candidate,latest_l2_exchange_time_equal_candidate,event_driven_current_l2_plus_rolling_public_trades_proxy_not_exact_queue_or_fill_probability
949,trades,1783579667816,1783579668028063158,0.212543,buy,62854,62854,62855,1,0.005,12.69401,46,2538.802,8,0.02458,0,0.02458,12.69901,0.001935583954969718111884312242,touched_quote_without_depletion,,0.005,False,missing_same_side_strict_through_support,111,59414,401,21,same_touch_stable_enough,real_bbo_history_touch_stability,11283,1783579656533,18.63529,12.69401,-5.94128,49,46,-3,reset_supported,same_touch_top_qty_or_order_count_reduced,pass,,,,latest_l2_received_before_or_at_candidate,latest_l2_exchange_time_before_candidate,event_driven_current_l2_plus_rolling_public_trades_proxy_not_exact_queue_or_fill_probability
950,l2Book,1783579667953,1783579668227148252,0.274664,buy,62854,62854,62855,1,0.005,10.18307,38,2036.614,8,0.02458,0,0.02458,10.18807,0.002412625747565534983564109787,touched_quote_without_depletion,,0.005,False,missing_same_side_strict_through_support,112,59952,0,22,same_touch_stable_enough,real_bbo_history_touch_stability,11420,1783579656533,18.63529,10.18307,-8.45222,49,38,-11,reset_supported,same_touch_top_qty_or_order_count_reduced,pass,,,,latest_l2_received_before_or_at_candidate,latest_l2_exchange_time_equal_candidate,event_driven_current_l2_plus_rolling_public_trades_proxy_not_exact_queue_or_fill_probability
951,trades,1783579668285,1783579668502351871,0.217892,buy,62854,62854,62855,1,0.005,10.18307,38,2036.614,10,0.0253,0,0.0253,10.18807,0.002483296640089830556719771262,touched_quote_without_depletion,,0.005,False,missing_same_side_strict_through_support,111,59387,332,22,same_touch_stable_enough,real_bbo_history_touch_stability,11752,1783579656533,18.63529,10.18307,-8.45222,49,38,-11,reset_supported,same_touch_top_qty_or_order_count_reduced,pass,,,,latest_l2_received_before_or_at_candidate,latest_l2_exchange_time_before_candidate,event_driven_current_l2_plus_rolling_public_trades_proxy_not_exact_queue_or_fill_probability
952,l2Book,1783579668489,1783579668947954706,0.459498,buy,62854,62854,62855,1,0.005,15.94587,41,3189.174,10,0.0253,0,0.0253,15.95087,0.00158612038089458443332558036,touched_quote_without_depletion,,0.005,False,missing_same_side_strict_through_support,112,59923,0,23,same_touch_stable_enough,real_bbo_history_touch_stability,11956,1783579656533,18.63529,15.94587,-2.68942,49,41,-8,reset_supported,same_touch_top_qty_or_order_count_reduced,pass,,,,latest_l2_received_before_or_at_candidate,latest_l2_exchange_time_equal_candidate,event_driven_current_l2_plus_rolling_public_trades_proxy_not_exact_queue_or_fill_probability
953,trades,1783579668624,1783579668948700504,0.324996,buy,62854,62854,62855,1,0.005,15.94587,41,3189.174,10,0.01897,0,0.01897,15.95087,0.001189276823145069830046887725,touched_quote_without_depletion,,0.00474,False,missing_same_side_strict_through_support,111,59393,135,23,same_touch_stable_enough,real_bbo_history_touch_stability,12091,1783579656533,18.63529,15.94587,-2.68942,49,41,-8,reset_supported,same_touch_top_qty_or_order_count_reduced,pass,,,,latest_l2_received_before_or_at_candidate,latest_l2_exchange_time_before_candidate,event_driven_current_l2_plus_rolling_public_trades_proxy_not_exact_queue_or_fill_probability
954,l2Book,1783579669025,1783579669357539411,0.333076,buy,62854,62854,62855,1,0.005,14.30599,39,2861.198,9,0.01897,0,0.01897,14.31099,0.001325554696076232322152415731,touched_quote_without_depletion,,0.00474,False,missing_same_side_strict_through_support,112,59929,0,24,same_touch_stable_enough,real_bbo_history_touch_stability,12492,1783579656533,18.63529,14.30599,-4.3293,49,39,-10,reset_supported,same_touch_top_qty_or_order_count_reduced,pass,,,,latest_l2_received_before_or_at_candidate,latest_l2_exchange_time_equal_candidate,event_driven_current_l2_plus_rolling_public_trades_proxy_not_exact_queue_or_fill_probability
955,trades,1783579669025,1783579669358270281,0.33355,buy,62854,62854,62855,1,0.005,14.30599,39,2861.198,10,0.01897,0,0.01897,14.31099,0.001325554696076232322152415731,touched_quote_without_depletion,,0.00474,False,missing_same_side_strict_through_support,112,59929,0,24,same_touch_stable_enough,real_bbo_history_touch_stability,12492,1783579656533,18.63529,14.30599,-4.3293,49,39,-10,reset_supported,same_touch_top_qty_or_order_count_reduced,pass,,,,latest_l2_received_before_or_at_candidate,latest_l2_exchange_time_equal_candidate,event_driven_current_l2_plus_rolling_public_trades_proxy_not_exact_queue_or_fill_probability
956,trades,1783579669293,1783579669491860551,0.199344,buy,62854,62854,62855,1,0.005,14.30599,39,2861.198,8,0.01737,0,0.01737,14.31099,0.001213752507688147360874404915,touched_quote_without_depletion,,0.00434,False,missing_same_side_strict_through_support,111,59414,268,24,same_touch_stable_enough,real_bbo_history_touch_stability,12760,1783579656533,18.63529,14.30599,-4.3293,49,39,-10,reset_supported,same_touch_top_qty_or_order_count_reduced,pass,,,,latest_l2_received_before_or_at_candidate,latest_l2_exchange_time_before_candidate,event_driven_current_l2_plus_rolling_public_trades_proxy_not_exact_queue_or_fill_probability
957,trades,1783579669493,1783579669706829087,0.21433,buy,62854,62854,62855,1,0.005,14.30599,39,2861.198,9,0.01737,0,0.01737,14.31099,0.001213752507688147360874404915,touched_quote_without_depletion,,0.00434,False,missing_same_side_strict_through_support,111,59414,468,24,same_touch_stable_enough,real_bbo_history_touch_stability,12960,1783579656533,18.63529,14.30599,-4.3293,49,39,-10,reset_supported,same_touch_top_qty_or_order_count_reduced,pass,,,,latest_l2_received_before_or_at_candidate,latest_l2_exchange_time_before_candidate,event_driven_current_l2_plus_rolling_public_trades_proxy_not_exact_queue_or_fill_probability
958,l2Book,1783579669628,1783579669920061153,0.292527,buy,62854,62854,62855,1,0.005,14.30557,39,2861.114,9,0.01737,0,0.01737,14.31057,0.00121378813003255635519759171,touched_quote_without_depletion,,0.00434,False,missing_same_side_strict_through_support,111,59469,0,25,same_touch_stable_enough,real_bbo_history_touch_stability,13095,1783579656533,18.63529,14.30557,-4.32972,49,39,-10,reset_supported,same_touch_top_qty_or_order_count_reduced,pass,,,,latest_l2_received_before_or_at_candidate,latest_l2_exchange_time_equal_candidate,event_driven_current_l2_plus_rolling_public_trades_proxy_not_exact_queue_or_fill_probability
959,l2Book,1783579670231,1783579670582861532,0.352407,buy,62854,62854,62855,1,0.005,14.30557,39,2861.114,9,0.01737,0,0.01737,14.31057,0.00121378813003255635519759171,touched_quote_without_depletion,,0.00434,False,missing_same_side_strict_through_support,111,59536,0,26,same_touch_stable_enough,real_bbo_history_touch_stability,13698,1783579656533,18.63529,14.30557,-4.32972,49,39,-10,reset_supported,same_touch_top_qty_or_order_count_reduced,pass,,,,latest_l2_received_before_or_at_candidate,latest_l2_exchange_time_equal_candidate,event_driven_current_l2_plus_rolling_public_trades_proxy_not_exact_queue_or_fill_probability
960,trades,1783579670231,1783579670583624803,0.352923,buy,62854,62854,62855,1,0.005,14.30557,39,2861.114,10,0.01737,0,0.01737,14.31057,0.00121378813003255635519759171,touched_quote_without_depletion,,0.00434,False,missing_same_side_strict_through_support,111,59536,0,26,same_touch_stable_enough,real_bbo_history_touch_stability,13698,1783579656533,18.63529,14.30557,-4.32972,49,39,-10,reset_supported,same_touch_top_qty_or_order_count_reduced,pass,,,,latest_l2_received_before_or_at_candidate,latest_l2_exchange_time_equal_candidate,event_driven_current_l2_plus_rolling_public_trades_proxy_not_exact_queue_or_fill_probability
961,l2Book,1783579670835,1783579671136067864,0.301558,buy,62854,62854,62855,1,0.005,15.98757,41,3197.514,8,0.01577,0,0.01577,15.99257,0.000986082912252377197661163903,touched_quote_without_depletion,,0.00394,False,missing_same_side_strict_through_support,111,59616,0,27,same_touch_stable_enough,real_bbo_history_touch_stability,14302,1783579656533,18.63529,15.98757,-2.64772,49,41,-8,reset_supported,same_touch_top_qty_or_order_count_reduced,pass,,,,latest_l2_received_before_or_at_candidate,latest_l2_exchange_time_equal_candidate,event_driven_current_l2_plus_rolling_public_trades_proxy_not_exact_queue_or_fill_probability
962,trades,1783579671037,1783579671303075962,0.266608,buy,62854,62854,62855,1,0.005,15.98757,41,3197.514,9,0.01577,0,0.01577,15.99257,0.000986082912252377197661163903,touched_quote_without_depletion,,0.00394,False,missing_same_side_strict_through_support,111,59616,202,27,same_touch_stable_enough,real_bbo_history_touch_stability,14504,1783579656533,18.63529,15.98757,-2.64772,49,41,-8,reset_supported,same_touch_top_qty_or_order_count_reduced,pass,,,,latest_l2_received_before_or_at_candidate,latest_l2_exchange_time_before_candidate,event_driven_current_l2_plus_rolling_public_trades_proxy_not_exact_queue_or_fill_probability
963,l2Book,1783579671445,1783579671748223105,0.303714,buy,62854,62854,62855,1,0.005,15.99792,42,3199.584,6,0.01505,0,0.01505,16.00292,0.000940453367260474963319194247,touched_quote_without_depletion,,0.00376,False,missing_same_side_strict_through_support,111,59677,0,28,same_touch_stable_enough,real_bbo_history_touch_stability,14912,1783579656533,18.63529,15.99792,-2.63737,49,42,-7,reset_supported,same_touch_top_qty_or_order_count_reduced,pass,,,,latest_l2_received_before_or_at_candidate,latest_l2_exchange_time_equal_candidate,event_driven_current_l2_plus_rolling_public_trades_proxy_not_exact_queue_or_fill_probability
964,l2Book,1783579671980,1783579672249178341,0.269702,buy,62854,62854,62855,1,0.005,16.74194,46,3348.388,5,0.00039,0,0.00039,16.74694,0.00002328783646445261044704286276,touched_quote_without_depletion,,9e-05,False,missing_same_side_strict_through_support,111,59678,0,29,same_touch_stable_enough,real_bbo_history_touch_stability,15447,1783579656533,18.63529,16.74194,-1.89335,49,46,-3,reset_supported,same_touch_top_qty_or_order_count_reduced,pass,,,,latest_l2_received_before_or_at_candidate,latest_l2_exchange_time_equal_candidate,event_driven_current_l2_plus_rolling_public_trades_proxy_not_exact_queue_or_fill_probability
965,trades,1783579672052,1783579672309893315,0.258384,buy,62854,62854,62855,1,0.005,16.74194,46,3348.388,7,0.00083,0,0.00083,16.74694,0.0000495612929884504273616553233,touched_quote_without_depletion,,0.0002,False,missing_same_side_strict_through_support,111,59678,72,29,same_touch_stable_enough,real_bbo_history_touch_stability,15519,1783579656533,18.63529,16.74194,-1.89335,49,46,-3,reset_supported,same_touch_top_qty_or_order_count_reduced,pass,,,,latest_l2_received_before_or_at_candidate,latest_l2_exchange_time_before_candidate,event_driven_current_l2_plus_rolling_public_trades_proxy_not_exact_queue_or_fill_probability
966,l2Book,1783579672519,1783579672837038381,0.318551,buy,62854,62854,62855,1,0.005,17.32184,48,3464.368,5,0.00044,0,0.00044,17.32684,0.00002539412841579884156603281383,touched_quote_without_depletion,,0.00011,False,missing_same_side_strict_through_support,111,59686,0,30,same_touch_stable_enough,real_bbo_history_touch_stability,15986,1783579656533,18.63529,17.32184,-1.31345,49,48,-1,reset_supported,same_touch_top_qty_or_order_count_reduced,pass,,,,latest_l2_received_before_or_at_candidate,latest_l2_exchange_time_equal_candidate,event_driven_current_l2_plus_rolling_public_trades_proxy_not_exact_queue_or_fill_probability
967,l2Book,1783579673055,1783579673396476625,0.341992,buy,62854,62854,62855,1,0.005,15.74728,45,3149.456,5,0.00044,0,0.00044,15.75228,0.00002793246437975962844743745032,touched_quote_without_depletion,,0.00011,False,missing_same_side_strict_through_support,111,59682,0,31,same_touch_stable_enough,real_bbo_history_touch_stability,16522,1783579656533,18.63529,15.74728,-2.88801,49,45,-4,reset_supported,same_touch_top_qty_or_order_count_reduced,pass,,,,latest_l2_received_before_or_at_candidate,latest_l2_exchange_time_equal_candidate,event_driven_current_l2_plus_rolling_public_trades_proxy_not_exact_queue_or_fill_probability
968,trades,1783579673055,1783579673397234614,0.342532,buy,62854,62854,62855,1,0.005,15.74728,45,3149.456,8,0.00113,0,0.00113,15.75228,0.00007173564715710995487637345197,touched_quote_without_depletion,,0.00028,False,missing_same_side_strict_through_support,111,59682,0,31,same_touch_stable_enough,real_bbo_history_touch_stability,16522,1783579656533,18.63529,15.74728,-2.88801,49,45,-4,reset_supported,same_touch_top_qty_or_order_count_reduced,pass,,,,latest_l2_received_before_or_at_candidate,latest_l2_exchange_time_equal_candidate,event_driven_current_l2_plus_rolling_public_trades_proxy_not_exact_queue_or_fill_probability
969,trades,1783579673458,1783579673955085596,0.497627,buy,62854,62854,62855,1,0.005,15.74728,45,3149.456,8,0.00225,0,0.00225,15.75228,0.0001428364655783162818334869619,touched_quote_without_depletion,,0.00056,False,missing_same_side_strict_through_support,110,59144,403,31,same_touch_stable_enough,real_bbo_history_touch_stability,16925,1783579656533,18.63529,15.74728,-2.88801,49,45,-4,reset_supported,same_touch_top_qty_or_order_count_reduced,pass,,,,latest_l2_received_before_or_at_candidate,latest_l2_exchange_time_before_candidate,event_driven_current_l2_plus_rolling_public_trades_proxy_not_exact_queue_or_fill_probability
970,l2Book,1783579673590,1783579673955955925,0.366255,buy,62854,62854,62855,1,0.005,16.57063,47,3314.126,8,0.00225,0,0.00225,16.57563,0.0001357414469314288506681194018,touched_quote_without_depletion,,0.00056,False,missing_same_side_strict_through_support,111,59679,0,32,same_touch_stable_enough,real_bbo_history_touch_stability,17057,1783579656533,18.63529,16.57063,-2.06466,49,47,-2,reset_supported,same_touch_top_qty_or_order_count_reduced,pass,,,,latest_l2_received_before_or_at_candidate,latest_l2_exchange_time_equal_candidate,event_driven_current_l2_plus_rolling_public_trades_proxy_not_exact_queue_or_fill_probability
971,trades,1783579673792,1783579674030670736,0.239216,buy,62854,62854,62855,1,0.005,16.57063,47,3314.126,11,0.00225,0,0.00225,16.57563,0.0001357414469314288506681194018,touched_quote_without_depletion,,0.00056,False,missing_same_side_strict_through_support,111,59679,202,32,same_touch_stable_enough,real_bbo_history_touch_stability,17259,1783579656533,18.63529,16.57063,-2.06466,49,47,-2,reset_supported,same_touch_top_qty_or_order_count_reduced,pass,,,,latest_l2_received_before_or_at_candidate,latest_l2_exchange_time_before_candidate,event_driven_current_l2_plus_rolling_public_trades_proxy_not_exact_queue_or_fill_probability
972,trades,1783579673862,1783579674105495420,0.244018,buy,62854,62854,62855,1,0.005,16.57063,47,3314.126,15,0.00225,0,0.00225,16.57563,0.0001357414469314288506681194018,touched_quote_without_depletion,,0.00056,False,missing_same_side_strict_through_support,111,59679,272,32,same_touch_stable_enough,real_bbo_history_touch_stability,17329,1783579656533,18.63529,16.57063,-2.06466,49,47,-2,reset_supported,same_touch_top_qty_or_order_count_reduced,pass,,,,latest_l2_received_before_or_at_candidate,latest_l2_exchange_time_before_candidate,event_driven_current_l2_plus_rolling_public_trades_proxy_not_exact_queue_or_fill_probability
973,trades,1783579673993,1783579674218998107,0.226523,buy,62854,62854,62855,1,0.005,16.57063,47,3314.126,22,0.00225,0,0.00225,16.57563,0.0001357414469314288506681194018,touched_quote_without_depletion,,0.00056,False,missing_same_side_strict_through_support,110,59150,403,32,same_touch_stable_enough,real_bbo_history_touch_stability,17460,1783579656533,18.63529,16.57063,-2.06466,49,47,-2,reset_supported,same_touch_top_qty_or_order_count_reduced,pass,,,,latest_l2_received_before_or_at_candidate,latest_l2_exchange_time_before_candidate,event_driven_current_l2_plus_rolling_public_trades_proxy_not_exact_queue_or_fill_probability
974,trades,1783579674067,1783579674378581252,0.312067,buy,62854,62854,62855,1,0.005,16.57063,47,3314.126,22,0.00225,0,0.00225,16.57563,0.0001357414469314288506681194018,touched_quote_without_depletion,,0.00056,False,missing_same_side_strict_through_support,110,59150,477,32,same_touch_stable_enough,real_bbo_history_touch_stability,17534,1783579656533,18.63529,16.57063,-2.06466,49,47,-2,reset_supported,same_touch_top_qty_or_order_count_reduced,pass,,,,latest_l2_received_before_or_at_candidate,latest_l2_exchange_time_before_candidate,event_driven_current_l2_plus_rolling_public_trades_proxy_not_exact_queue_or_fill_probability
975,l2Book,1783579674119,1783579674485985173,0.367472,buy,62862,62862,62863,1,0.005,17.09219,73,3418.438,22,0,0.60405,0.60405,17.09719,0.03533036715390072871623933524,strict_trade_through_seen_but_visible_top_not_depleted,,0.005,False,missing_touch_freshness_or_queue_reset_evidence,111,59679,0,1,same_touch_seen_but_not_stable,real_bbo_history_insufficient,0,1783579674119,,17.09219,,,73,,missing,no_prior_same_touch_bbo,block,no_prior_same_touch_bbo,same_touch_seen_but_not_stable,no_prior_same_touch_bbo,latest_l2_received_before_or_at_candidate,latest_l2_exchange_time_equal_candidate,event_driven_current_l2_plus_rolling_public_trades_proxy_not_exact_queue_or_fill_probability
976,trades,1783579674266,1783579674584026433,0.318518,buy,62862,62862,62863,1,0.005,17.09219,73,3418.438,23,0.00072,0.60405,0.60477,17.09719,0.0353724793372478167464945994,strict_trade_through_seen_but_visible_top_not_depleted,,0.005,False,missing_touch_freshness_or_queue_reset_evidence,111,59679,147,1,same_touch_seen_but_not_stable,real_bbo_history_insufficient,147,1783579674119,,17.09219,,,73,,missing,no_prior_same_touch_bbo,block,no_prior_same_touch_bbo,same_touch_seen_but_not_stable,no_prior_same_touch_bbo,latest_l2_received_before_or_at_candidate,latest_l2_exchange_time_before_candidate,event_driven_current_l2_plus_rolling_public_trades_proxy_not_exact_queue_or_fill_probability
977,l2Book,1783579674660,1783579674984984400,0.325659,buy,62865,62865,62866,1,0.005,0.25558,1,51.116,23,0,0.60477,0.60477,0.26058,2.320861155883030163481464426,depleted_top_plus_order_proxy,,0.005,False,missing_touch_freshness_or_queue_reset_evidence,111,59678,0,1,same_touch_seen_but_not_stable,real_bbo_history_insufficient,0,1783579674660,,0.25558,,,1,,missing,no_prior_same_touch_bbo,block,no_prior_same_touch_bbo,same_touch_seen_but_not_stable,no_prior_same_touch_bbo,latest_l2_received_before_or_at_candidate,latest_l2_exchange_time_equal_candidate,event_driven_current_l2_plus_rolling_public_trades_proxy_not_exact_queue_or_fill_probability
978,trades,1783579674660,1783579674985968966,0.326269,buy,62865,62865,62866,1,0.005,0.25558,1,51.116,27,0,0.60477,0.60477,0.26058,2.320861155883030163481464426,depleted_top_plus_order_proxy,,0.005,False,missing_touch_freshness_or_queue_reset_evidence,111,59678,0,1,same_touch_seen_but_not_stable,real_bbo_history_insufficient,0,1783579674660,,0.25558,,,1,,missing,no_prior_same_touch_bbo,block,no_prior_same_touch_bbo,same_touch_seen_but_not_stable,no_prior_same_touch_bbo,latest_l2_received_before_or_at_candidate,latest_l2_exchange_time_equal_candidate,event_driven_current_l2_plus_rolling_public_trades_proxy_not_exact_queue_or_fill_probability
979,trades,1783579675004,1783579675264383076,0.2609,buy,62865,62865,62866,1,0.005,0.25558,1,51.116,28,0.00032,0.60477,0.60509,0.26058,2.322089185662752321743802287,depleted_top_plus_order_proxy,,0.002,False,outside_quality_a_b_queue_bands,110,59142,344,1,same_touch_stable_enough,real_bbo_history_touch_stability,344,1783579674660,,0.25558,,,1,,missing,no_prior_same_touch_bbo,pass,,,no_prior_same_touch_bbo,latest_l2_received_before_or_at_candidate,latest_l2_exchange_time_before_candidate,event_driven_current_l2_plus_rolling_public_trades_proxy_not_exact_queue_or_fill_probability
980,l2Book,1783579675203,1783579675532390893,0.329889,buy,62865,62865,62866,1,0.005,53.41836,237,10683.672,25,0.00032,0.60433,0.60465,53.42336,0.01131808257661068117018472818,strict_trade_through_seen_but_visible_top_not_depleted,,0.002,False,outside_quality_a_b_queue_bands,111,59685,0,2,same_touch_stable_enough,real_bbo_history_touch_stability,543,1783579674660,0.25558,53.41836,53.16278,1,237,236,not_reset,history_present_no_reset,pass,,,history_present_no_reset,latest_l2_received_before_or_at_candidate,latest_l2_exchange_time_equal_candidate,event_driven_current_l2_plus_rolling_public_trades_proxy_not_exact_queue_or_fill_probability
981,l2Book,1783579675724,1783579676074486199,0.350984,buy,62865,62865,62866,1,0.005,48.86275,235,9772.55,25,0.00032,0.60433,0.60465,48.86775,0.01237319090811424712617216876,strict_trade_through_seen_but_visible_top_not_depleted,,0.002,False,outside_quality_a_b_queue_bands,111,59676,0,3,same_touch_stable_enough,real_bbo_history_touch_stability,1064,1783579674660,53.41836,48.86275,-4.55561,237,235,-2,reset_supported,same_touch_top_qty_or_order_count_reduced,pass,,,,latest_l2_received_before_or_at_candidate,latest_l2_exchange_time_equal_candidate,event_driven_current_l2_plus_rolling_public_trades_proxy_not_exact_queue_or_fill_probability
982,trades,1783579675872,1783579676075230839,0.203521,buy,62865,62865,62866,1,0.005,48.86275,235,9772.55,27,0.00032,0.60433,0.60465,48.86775,0.01237319090811424712617216876,strict_trade_through_seen_but_visible_top_not_depleted,,0.002,False,outside_quality_a_b_queue_bands,111,59676,148,3,same_touch_stable_enough,real_bbo_history_touch_stability,1212,1783579674660,53.41836,48.86275,-4.55561,237,235,-2,reset_supported,same_touch_top_qty_or_order_count_reduced,pass,,,,latest_l2_received_before_or_at_candidate,latest_l2_exchange_time_before_candidate,event_driven_current_l2_plus_rolling_public_trades_proxy_not_exact_queue_or_fill_probability
983,trades,1783579676008,1783579676270906939,0.263443,buy,62865,62865,62866,1,0.005,48.86275,235,9772.55,32,0.00032,0.60433,0.60465,48.86775,0.01237319090811424712617216876,strict_trade_through_seen_but_visible_top_not_depleted,,0.002,False,outside_quality_a_b_queue_bands,111,59676,284,3,same_touch_stable_enough,real_bbo_history_touch_stability,1348,1783579674660,53.41836,48.86275,-4.55561,237,235,-2,reset_supported,same_touch_top_qty_or_order_count_reduced,pass,,,,latest_l2_received_before_or_at_candidate,latest_l2_exchange_time_before_candidate,event_driven_current_l2_plus_rolling_public_trades_proxy_not_exact_queue_or_fill_probability
984,l2Book,1783579676266,1783579676542323471,0.276865,buy,62868,62868,62869,1,0.005,61.03193,294,12206.386,29,0,0.60396,0.60396,61.03693,0.009894993080418690782776918826,strict_trade_through_seen_but_visible_top_not_depleted,,0.005,False,missing_touch_freshness_or_queue_reset_evidence,111,59673,0,1,same_touch_seen_but_not_stable,real_bbo_history_insufficient,0,1783579676266,,61.03193,,,294,,missing,no_prior_same_touch_bbo,block,no_prior_same_touch_bbo,same_touch_seen_but_not_stable,no_prior_same_touch_bbo,latest_l2_received_before_or_at_candidate,latest_l2_exchange_time_equal_candidate,event_driven_current_l2_plus_rolling_public_trades_proxy_not_exact_queue_or_fill_probability
985,l2Book,1783579676815,1783579677106983162,0.292518,buy,62868,62868,62869,1,0.005,49.56249,215,9912.498,25,0,0.55307,0.55307,49.56749,0.01115791822422317531107586848,strict_trade_through_seen_but_visible_top_not_depleted,,0.002,False,outside_quality_a_b_queue_bands,111,59696,0,2,same_touch_stable_enough,real_bbo_history_touch_stability,549,1783579676266,61.03193,49.56249,-11.46944,294,215,-79,reset_supported,same_touch_top_qty_or_order_count_reduced,pass,,,,latest_l2_received_before_or_at_candidate,latest_l2_exchange_time_equal_candidate,event_driven_current_l2_plus_rolling_public_trades_proxy_not_exact_queue_or_fill_probability
986,trades,1783579677024,1783579677294161643,0.270662,buy,62868,62868,62869,1,0.005,49.56249,215,9912.498,18,0.08287,0.00104,0.08391,49.56749,0.001692843434275167050016048826,strict_trade_through_seen_but_visible_top_not_depleted,,0.002,False,outside_quality_a_b_queue_bands,111,59696,209,2,same_touch_stable_enough,real_bbo_history_touch_stability,758,1783579676266,61.03193,49.56249,-11.46944,294,215,-79,reset_supported,same_touch_top_qty_or_order_count_reduced,pass,,,,latest_l2_received_before_or_at_candidate,latest_l2_exchange_time_before_candidate,event_driven_current_l2_plus_rolling_public_trades_proxy_not_exact_queue_or_fill_probability
987,l2Book,1783579677416,1783579677718523166,0.303002,buy,62868,62868,62869,1,0.005,10.62943,30,2125.886,16,0.08287,0.00032,0.08319,10.63443,0.007822704178785322767651862864,strict_trade_through_seen_but_visible_top_not_depleted,,0.002,False,outside_quality_a_b_queue_bands,111,59757,0,3,same_touch_stable_enough,real_bbo_history_touch_stability,1150,1783579676266,61.03193,10.62943,-50.4025,294,30,-264,reset_supported,same_touch_top_qty_or_order_count_reduced,pass,,,,latest_l2_received_before_or_at_candidate,latest_l2_exchange_time_equal_candidate,event_driven_current_l2_plus_rolling_public_trades_proxy_not_exact_queue_or_fill_probability
988,l2Book,1783579677953,1783579678269216119,0.316784,buy,62868,62868,62869,1,0.005,7.41569,28,1483.138,12,0.08287,0.00032,0.08319,7.42069,0.01121054780620131012075696465,strict_trade_through_seen_but_visible_top_not_depleted,,0.002,False,outside_quality_a_b_queue_bands,111,59688,0,4,same_touch_stable_enough,real_bbo_history_touch_stability,1687,1783579676266,61.03193,7.41569,-53.61624,294,28,-266,reset_supported,same_touch_top_qty_or_order_count_reduced,pass,,,,latest_l2_received_before_or_at_candidate,latest_l2_exchange_time_equal_candidate,event_driven_current_l2_plus_rolling_public_trades_proxy_not_exact_queue_or_fill_probability
989,trades,1783579677953,1783579678269996653,0.317289,buy,62868,62868,62869,1,0.005,7.41569,28,1483.138,13,0.08309,0.00032,0.08341,7.42069,0.01124019464497236779868179374,strict_trade_through_seen_but_visible_top_not_depleted,,0.002,False,outside_quality_a_b_queue_bands,111,59688,0,4,same_touch_stable_enough,real_bbo_history_touch_stability,1687,1783579676266,61.03193,7.41569,-53.61624,294,28,-266,reset_supported,same_touch_top_qty_or_order_count_reduced,pass,,,,latest_l2_received_before_or_at_candidate,latest_l2_exchange_time_equal_candidate,event_driven_current_l2_plus_rolling_public_trades_proxy_not_exact_queue_or_fill_probability
990,trades,1783579678024,1783579678300710583,0.277205,buy,62868,62868,62869,1,0.005,7.41569,28,1483.138,13,0.08309,0,0.08309,7.42069,0.01119707197039628390351840597,touched_quote_without_depletion,,0.005,False,missing_same_side_strict_through_support,111,59688,71,4,same_touch_stable_enough,real_bbo_history_touch_stability,1758,1783579676266,61.03193,7.41569,-53.61624,294,28,-266,reset_supported,same_touch_top_qty_or_order_count_reduced,pass,,,,latest_l2_received_before_or_at_candidate,latest_l2_exchange_time_before_candidate,event_driven_current_l2_plus_rolling_public_trades_proxy_not_exact_queue_or_fill_probability
991,l2Book,1783579678483,1783579679154049939,0.671556,buy,62868,62868,62869,1,0.005,4.90133,24,980.266,13,0.08309,0,0.08309,4.90633,0.01693526525936901920580148502,touched_quote_without_depletion,,0.005,False,missing_same_side_strict_through_support,111,59734,0,5,same_touch_stable_enough,real_bbo_history_touch_stability,2217,1783579676266,61.03193,4.90133,-56.1306,294,24,-270,reset_supported,same_touch_top_qty_or_order_count_reduced,pass,,,,latest_l2_received_before_or_at_candidate,latest_l2_exchange_time_equal_candidate,event_driven_current_l2_plus_rolling_public_trades_proxy_not_exact_queue_or_fill_probability
992,l2Book,1783579679025,1783579679369886522,0.345373,buy,62868,62868,62869,1,0.005,0.25216,4,50.432,6,0.08309,0,0.08309,0.25716,0.3231062373619536475346088039,touched_quote_without_depletion,,0.005,False,missing_same_side_strict_through_support,111,59737,0,6,same_touch_stable_enough,real_bbo_history_touch_stability,2759,1783579676266,61.03193,0.25216,-60.77977,294,4,-290,reset_supported,same_touch_top_qty_or_order_count_reduced,pass,,,,latest_l2_received_before_or_at_candidate,latest_l2_exchange_time_equal_candidate,event_driven_current_l2_plus_rolling_public_trades_proxy_not_exact_queue_or_fill_probability
993,trades,1783579679230,1783579679515441032,0.285928,buy,62868,62868,62869,1,0.005,0.25216,4,50.432,8,0.24219,0,0.24219,0.25716,0.9417872141857209519365375642,touched_quote_without_depletion,,0.005,False,missing_same_side_strict_through_support,111,59737,205,6,same_touch_stable_enough,real_bbo_history_touch_stability,2964,1783579676266,61.03193,0.25216,-60.77977,294,4,-290,reset_supported,same_touch_top_qty_or_order_count_reduced,pass,,,,latest_l2_received_before_or_at_candidate,latest_l2_exchange_time_before_candidate,event_driven_current_l2_plus_rolling_public_trades_proxy_not_exact_queue_or_fill_probability
994,l2Book,1783579679564,1783579679876827600,0.313338,buy,62868,62868,62869,1,0.005,0.01353,2,2.706,8,0.24219,0,0.24219,0.01853,13.07015650296815974096060443,depleted_top_plus_order_proxy,,0.005,False,missing_same_side_strict_through_support,111,59741,0,7,same_touch_stable_enough,real_bbo_history_touch_stability,3298,1783579676266,61.03193,0.01353,-61.0184,294,2,-292,reset_supported,same_touch_top_qty_or_order_count_reduced,pass,,,,latest_l2_received_before_or_at_candidate,latest_l2_exchange_time_equal_candidate,event_driven_current_l2_plus_rolling_public_trades_proxy_not_exact_queue_or_fill_probability
995,trades,1783579679832,1783579680076688723,0.24518,buy,62868,62868,62869,1,0.005,0.01353,2,2.706,9,0.24219,0,0.24219,0.01853,13.07015650296815974096060443,depleted_top_plus_order_proxy,,0.005,False,missing_same_side_strict_through_support,110,59207,268,7,same_touch_stable_enough,real_bbo_history_touch_stability,3566,1783579676266,61.03193,0.01353,-61.0184,294,2,-292,reset_supported,same_touch_top_qty_or_order_count_reduced,pass,,,,latest_l2_received_before_or_at_candidate,latest_l2_exchange_time_before_candidate,event_driven_current_l2_plus_rolling_public_trades_proxy_not_exact_queue_or_fill_probability
996,trades,1783579679966,1783579680184651723,0.219139,buy,62868,62868,62869,1,0.005,0.01353,2,2.706,12,0.25707,0,0.25707,0.01853,13.87317862924986508364813815,depleted_top_plus_order_proxy,,0.005,False,missing_same_side_strict_through_support,110,59207,402,7,same_touch_stable_enough,real_bbo_history_touch_stability,3700,1783579676266,61.03193,0.01353,-61.0184,294,2,-292,reset_supported,same_touch_top_qty_or_order_count_reduced,pass,,,,latest_l2_received_before_or_at_candidate,latest_l2_exchange_time_before_candidate,event_driven_current_l2_plus_rolling_public_trades_proxy_not_exact_queue_or_fill_probability
997,l2Book,1783579680087,1783579680407310522,0.320813,buy,62868,62868,62869,1,0.005,0.00465,1,0.93,8,0.1742,0,0.1742,0.00965,18.05181347150259067357512953,depleted_top_plus_order_proxy,,0.005,False,missing_same_side_strict_through_support,111,59730,0,8,same_touch_stable_enough,real_bbo_history_touch_stability,3821,1783579676266,61.03193,0.00465,-61.02728,294,1,-293,reset_supported,same_touch_top_qty_or_order_count_reduced,pass,,,,latest_l2_received_before_or_at_candidate,latest_l2_exchange_time_equal_candidate,event_driven_current_l2_plus_rolling_public_trades_proxy_not_exact_queue_or_fill_probability
998,trades,1783579680234,1783579680511799719,0.2783,buy,62868,62868,62869,1,0.005,0.00465,1,0.93,9,0.17493,0,0.17493,0.00965,18.12746113989637305699481865,depleted_top_plus_order_proxy,,0.005,False,missing_same_side_strict_through_support,111,59730,147,8,same_touch_stable_enough,real_bbo_history_touch_stability,3968,1783579676266,61.03193,0.00465,-61.02728,294,1,-293,reset_supported,same_touch_top_qty_or_order_count_reduced,pass,,,,latest_l2_received_before_or_at_candidate,latest_l2_exchange_time_before_candidate,event_driven_current_l2_plus_rolling_public_trades_proxy_not_exact_queue_or_fill_probability
999,l2Book,1783579680636,1783579680974610669,0.339098,buy,62868,62868,62869,1,0.005,1.39864,5,279.728,9,0.17493,0,0.17493,1.40364,0.1246259724715739078396169958,touched_quote_without_depletion,,0.005,False,missing_same_side_strict_through_support,111,59738,0,9,same_touch_stable_enough,real_bbo_history_touch_stability,4370,1783579676266,61.03193,1.39864,-59.63329,294,5,-289,reset_supported,same_touch_top_qty_or_order_count_reduced,pass,,,,latest_l2_received_before_or_at_candidate,latest_l2_exchange_time_equal_candidate,event_driven_current_l2_plus_rolling_public_trades_proxy_not_exact_queue_or_fill_probability
1000,trades,1783579680836,1783579681052496729,0.217018,buy,62868,62868,62869,1,0.005,1.39864,5,279.728,26,1.57357,0.68972,2.26329,1.40364,1.612443361545695477472856288,depleted_top_plus_order_proxy,,0.002,False,outside_quality_a_b_queue_bands,111,59738,200,9,same_touch_stable_enough,real_bbo_history_touch_stability,4570,1783579676266,61.03193,1.39864,-59.63329,294,5,-289,reset_supported,same_touch_top_qty_or_order_count_reduced,pass,,,,latest_l2_received_before_or_at_candidate,latest_l2_exchange_time_before_candidate,event_driven_current_l2_plus_rolling_public_trades_proxy_not_exact_queue_or_fill_probability
1001,trades,1783579681087,1783579681347094379,0.260646,buy,62868,62868,62869,1,0.005,1.39864,5,279.728,25,1.57335,0.68972,2.26307,1.40364,1.612286626200450257900886267,depleted_top_plus_order_proxy,,0.002,False,outside_quality_a_b_queue_bands,110,59219,451,9,same_touch_stable_enough,real_bbo_history_touch_stability,4821,1783579676266,61.03193,1.39864,-59.63329,294,5,-289,reset_supported,same_touch_top_qty_or_order_count_reduced,pass,,,,latest_l2_received_before_or_at_candidate,latest_l2_exchange_time_before_candidate,event_driven_current_l2_plus_rolling_public_trades_proxy_not_exact_queue_or_fill_probability
1002,l2Book,1783579681190,1783579681543167041,0.353688,buy,62863,62863,62864,1,0.005,3.23383,6,646.766,25,0.6445,0,0.6445,3.23883,0.1989916111682305029902773532,touched_quote_without_depletion,,0.005,False,missing_same_side_strict_through_support;missing_touch_freshness_or_queue_reset_evidence,111,59773,0,1,same_touch_seen_but_not_stable,real_bbo_history_insufficient,0,1783579681190,,3.23383,,,6,,missing,no_prior_same_touch_bbo,block,no_prior_same_touch_bbo,same_touch_seen_but_not_stable,no_prior_same_touch_bbo,latest_l2_received_before_or_at_candidate,latest_l2_exchange_time_equal_candidate,event_driven_current_l2_plus_rolling_public_trades_proxy_not_exact_queue_or_fill_probability
1003,trades,1783579681254,1783579681543904031,0.290215,buy,62863,62863,62864,1,0.005,3.23383,6,646.766,26,0.6445,0,0.6445,3.23883,0.1989916111682305029902773532,touched_quote_without_depletion,,0.005,False,missing_same_side_strict_through_support;missing_touch_freshness_or_queue_reset_evidence,111,59773,64,1,same_touch_seen_but_not_stable,real_bbo_history_insufficient,64,1783579681190,,3.23383,,,6,,missing,no_prior_same_touch_bbo,block,no_prior_same_touch_bbo,same_touch_seen_but_not_stable,no_prior_same_touch_bbo,latest_l2_received_before_or_at_candidate,latest_l2_exchange_time_before_candidate,event_driven_current_l2_plus_rolling_public_trades_proxy_not_exact_queue_or_fill_probability
1004,l2Book,1783579681729,1783579682025220413,0.296759,buy,62863,62863,62864,1,0.005,5.96602,25,1193.204,26,0.6445,0,0.6445,5.97102,0.1079380072416438062508583123,touched_quote_without_depletion,,0.005,False,missing_same_side_strict_through_support,111,59756,0,2,same_touch_stable_enough,real_bbo_history_touch_stability,539,1783579681190,3.23383,5.96602,2.73219,6,25,19,not_reset,history_present_no_reset,pass,,,history_present_no_reset,latest_l2_received_before_or_at_candidate,latest_l2_exchange_time_equal_candidate,event_driven_current_l2_plus_rolling_public_trades_proxy_not_exact_queue_or_fill_probability
1005,trades,1783579681796,1783579682025967706,0.230268,buy,62863,62863,62864,1,0.005,5.96602,25,1193.204,27,0.64497,0,0.64497,5.97102,0.1080167207612769677542530422,touched_quote_without_depletion,,0.005,False,missing_same_side_strict_through_support,111,59756,67,2,same_touch_stable_enough,real_bbo_history_touch_stability,606,1783579681190,3.23383,5.96602,2.73219,6,25,19,not_reset,history_present_no_reset,pass,,,history_present_no_reset,latest_l2_received_before_or_at_candidate,latest_l2_exchange_time_before_candidate,event_driven_current_l2_plus_rolling_public_trades_proxy_not_exact_queue_or_fill_probability
1006,trades,1783579682043,1783579682319478576,0.276998,buy,62863,62863,62864,1,0.005,5.96602,25,1193.204,30,0.67613,0,0.67613,5.97102,0.1132352596373818878516568359,touched_quote_without_depletion,,0.005,False,missing_same_side_strict_through_support,110,59205,314,2,same_touch_stable_enough,real_bbo_history_touch_stability,853,1783579681190,3.23383,5.96602,2.73219,6,25,19,not_reset,history_present_no_reset,pass,,,history_present_no_reset,latest_l2_received_before_or_at_candidate,latest_l2_exchange_time_before_candidate,event_driven_current_l2_plus_rolling_public_trades_proxy_not_exact_queue_or_fill_probability
1007,l2Book,1783579682269,1783579682577954521,0.30949,buy,62863,62863,62864,1,0.005,0.09604,5,19.208,28,0.67613,0,0.67613,0.10104,6.691706254948535233570863025,depleted_top_plus_order_proxy,,0.005,False,missing_same_side_strict_through_support,111,59745,0,3,same_touch_stable_enough,real_bbo_history_touch_stability,1079,1783579681190,5.96602,0.09604,-5.86998,25,5,-20,reset_supported,same_touch_top_qty_or_order_count_reduced,pass,,,,latest_l2_received_before_or_at_candidate,latest_l2_exchange_time_equal_candidate,event_driven_current_l2_plus_rolling_public_trades_proxy_not_exact_queue_or_fill_probability
1008,trades,1783579682445,1783579682696212760,0.251756,buy,62863,62863,62864,1,0.005,0.09604,5,19.208,36,0.75605,0.00254,0.75859,0.10104,7.507818685669041963578780681,depleted_top_plus_order_proxy,quality_a,0.005,True,,111,59745,176,3,same_touch_stable_enough,real_bbo_history_touch_stability,1255,1783579681190,5.96602,0.09604,-5.86998,25,5,-20,reset_supported,same_touch_top_qty_or_order_count_reduced,pass,,,,latest_l2_received_before_or_at_candidate,latest_l2_exchange_time_before_candidate,event_driven_current_l2_plus_rolling_public_trades_proxy_not_exact_queue_or_fill_probability
1009,trades,1783579683017,1783579683309297289,0.292851,buy,62855,62855,62856,1,0.005,0.00017,1,0.034,44,0,0,0,0.00517,0,not_depleted,,0.0,False,missing_same_side_strict_through_support;missing_touch_freshness_or_queue_reset_evidence;missing_recent_same_side_at_or_through_throughput,111,59720,207,1,same_touch_seen_but_not_stable,real_bbo_history_insufficient,207,1783579682810,,0.00017,,,1,,missing,no_prior_same_touch_bbo,block,no_prior_same_touch_bbo,same_touch_seen_but_not_stable,no_prior_same_touch_bbo,latest_l2_received_before_or_at_candidate,latest_l2_exchange_time_before_candidate,event_driven_current_l2_plus_rolling_public_trades_proxy_not_exact_queue_or_fill_probability
1010,trades,1783579683208,1783579683482576801,0.275064,buy,62855,62855,62856,1,0.005,0.00017,1,0.034,51,0.00639,0.00901,0.0154,0.00517,2.978723404255319148936170213,depleted_top_plus_order_proxy,quality_a,0.00385,True,,110,59213,398,1,same_touch_stable_enough,real_bbo_history_touch_stability,398,1783579682810,,0.00017,,,1,,missing,no_prior_same_touch_bbo,pass,,,no_prior_same_touch_bbo,latest_l2_received_before_or_at_candidate,latest_l2_exchange_time_before_candidate,event_driven_current_l2_plus_rolling_public_trades_proxy_not_exact_queue_or_fill_probability
1011,trades,1783579683609,1783579684113925830,0.50545,buy,62854,62854,62855,1,0.005,0.07089,1,14.178,51,0.00943,0,0.00943,0.07589,0.124258795625247068124917644,touched_quote_without_depletion,,0.00235,False,missing_same_side_strict_through_support;missing_touch_freshness_or_queue_reset_evidence,110,59267,213,1,same_touch_seen_but_not_stable,real_bbo_history_insufficient,213,1783579683396,,0.07089,,,1,,missing,no_prior_same_touch_bbo,block,no_prior_same_touch_bbo,same_touch_seen_but_not_stable,no_prior_same_touch_bbo,latest_l2_received_before_or_at_candidate,latest_l2_exchange_time_before_candidate,event_driven_current_l2_plus_rolling_public_trades_proxy_not_exact_queue_or_fill_probability
1012,l2Book,1783579683927,1783579684245808917,0.319309,buy,62854,62854,62855,1,0.005,0.58044,7,116.088,34,0.00943,0,0.00943,0.58544,0.01610754304454769062585405849,touched_quote_without_depletion,,0.00235,False,missing_same_side_strict_through_support,111,59798,0,2,same_touch_stable_enough,real_bbo_history_touch_stability,531,1783579683396,0.07089,0.58044,0.50955,1,7,6,not_reset,history_present_no_reset,pass,,,history_present_no_reset,latest_l2_received_before_or_at_candidate,latest_l2_exchange_time_equal_candidate,event_driven_current_l2_plus_rolling_public_trades_proxy_not_exact_queue_or_fill_probability
1013,trades,1783579684409,1783579684623888192,0.215393,buy,62854,62854,62855,1,0.005,0.58044,7,116.088,33,0.00943,0,0.00943,0.58544,0.01610754304454769062585405849,touched_quote_without_depletion,,0.00235,False,missing_same_side_strict_through_support,110,59255,482,2,same_touch_stable_enough,real_bbo_history_touch_stability,1013,1783579683396,0.07089,0.58044,0.50955,1,7,6,not_reset,history_present_no_reset,pass,,,history_present_no_reset,latest_l2_received_before_or_at_candidate,latest_l2_exchange_time_before_candidate,event_driven_current_l2_plus_rolling_public_trades_proxy_not_exact_queue_or_fill_probability
1014,l2Book,1783579684472,1783579684779803361,0.308313,buy,62854,62854,62855,1,0.005,3.64461,7,728.922,33,0.00943,0,0.00943,3.64961,0.002583837725126794369809376892,touched_quote_without_depletion,,0.00235,False,missing_same_side_strict_through_support,111,59800,0,3,same_touch_stable_enough,real_bbo_history_touch_stability,1076,1783579683396,0.58044,3.64461,3.06417,7,7,0,not_reset,history_present_no_reset,pass,,,history_present_no_reset,latest_l2_received_before_or_at_candidate,latest_l2_exchange_time_equal_candidate,event_driven_current_l2_plus_rolling_public_trades_proxy_not_exact_queue_or_fill_probability
1015,trades,1783579684811,1783579685025321894,0.214823,buy,62854,62854,62855,1,0.005,3.64461,7,728.922,33,0.00943,0,0.00943,3.64961,0.002583837725126794369809376892,touched_quote_without_depletion,,0.00235,False,missing_same_side_strict_through_support,110,59261,339,3,same_touch_stable_enough,real_bbo_history_touch_stability,1415,1783579683396,0.58044,3.64461,3.06417,7,7,0,not_reset,history_present_no_reset,pass,,,history_present_no_reset,latest_l2_received_before_or_at_candidate,latest_l2_exchange_time_before_candidate,event_driven_current_l2_plus_rolling_public_trades_proxy_not_exact_queue_or_fill_probability
1016,l2Book,1783579685013,1783579685353903011,0.341438,buy,62854,62854,62855,1,0.005,1.25808,6,251.616,33,0.00943,0,0.00943,1.26308,0.007465877062418849162365012509,touched_quote_without_depletion,,0.00235,False,missing_same_side_strict_through_support,111,59802,0,4,same_touch_stable_enough,real_bbo_history_touch_stability,1617,1783579683396,3.64461,1.25808,-2.38653,7,6,-1,reset_supported,same_touch_top_qty_or_order_count_reduced,pass,,,,latest_l2_received_before_or_at_candidate,latest_l2_exchange_time_equal_candidate,event_driven_current_l2_plus_rolling_public_trades_proxy_not_exact_queue_or_fill_probability
1017,l2Book,1783579685616,1783579685930496762,0.315019,buy,62854,62854,62855,1,0.005,1.84819,11,369.638,11,0.00943,0,0.00943,1.85319,0.005088523033256169092213966188,touched_quote_without_depletion,,0.00235,False,missing_same_side_strict_through_support,111,59866,0,5,same_touch_stable_enough,real_bbo_history_touch_stability,2220,1783579683396,3.64461,1.84819,-1.79642,7,11,4,not_reset,history_present_no_reset,pass,,,history_present_no_reset,latest_l2_received_before_or_at_candidate,latest_l2_exchange_time_equal_candidate,event_driven_current_l2_plus_rolling_public_trades_proxy_not_exact_queue_or_fill_probability
1018,trades,1783579685616,1783579685931305642,0.31563,buy,62854,62854,62855,1,0.005,1.84819,11,369.638,14,0.00943,0,0.00943,1.85319,0.005088523033256169092213966188,touched_quote_without_depletion,,0.00235,False,missing_same_side_strict_through_support,111,59866,0,5,same_touch_stable_enough,real_bbo_history_touch_stability,2220,1783579683396,3.64461,1.84819,-1.79642,7,11,4,not_reset,history_present_no_reset,pass,,,history_present_no_reset,latest_l2_received_before_or_at_candidate,latest_l2_exchange_time_equal_candidate,event_driven_current_l2_plus_rolling_public_trades_proxy_not_exact_queue_or_fill_probability
1019,trades,1783579685885,1783579686090808571,0.206352,buy,62854,62854,62855,1,0.005,1.84819,11,369.638,19,0.00943,0,0.00943,1.85319,0.005088523033256169092213966188,touched_quote_without_depletion,,0.00235,False,missing_same_side_strict_through_support,110,59329,269,5,same_touch_stable_enough,real_bbo_history_touch_stability,2489,1783579683396,3.64461,1.84819,-1.79642,7,11,4,not_reset,history_present_no_reset,pass,,,history_present_no_reset,latest_l2_received_before_or_at_candidate,latest_l2_exchange_time_before_candidate,event_driven_current_l2_plus_rolling_public_trades_proxy_not_exact_queue_or_fill_probability
1020,trades,1783579686018,1783579686282021660,0.264547,buy,62854,62854,62855,1,0.005,1.84819,11,369.638,20,0.00943,0,0.00943,1.85319,0.005088523033256169092213966188,touched_quote_without_depletion,,0.00235,False,missing_same_side_strict_through_support,110,59329,402,5,same_touch_stable_enough,real_bbo_history_touch_stability,2622,1783579683396,3.64461,1.84819,-1.79642,7,11,4,not_reset,history_present_no_reset,pass,,,history_present_no_reset,latest_l2_received_before_or_at_candidate,latest_l2_exchange_time_before_candidate,event_driven_current_l2_plus_rolling_public_trades_proxy_not_exact_queue_or_fill_probability
1021,l2Book,1783579686153,1783579686464087334,0.311627,buy,62854,62854,62855,1,0.005,1.87306,11,374.612,20,0.00943,0,0.00943,1.87806,0.005021138834755013151869482338,touched_quote_without_depletion,,0.00235,False,missing_same_side_strict_through_support,111,59866,0,6,same_touch_stable_enough,real_bbo_history_touch_stability,2757,1783579683396,3.64461,1.87306,-1.77155,11,11,0,not_reset,history_present_no_reset,pass,,,history_present_no_reset,latest_l2_received_before_or_at_candidate,latest_l2_exchange_time_equal_candidate,event_driven_current_l2_plus_rolling_public_trades_proxy_not_exact_queue_or_fill_probability
1022,trades,1783579686287,1783579686556096543,0.269613,buy,62854,62854,62855,1,0.005,1.87306,11,374.612,15,0.00115,0,0.00115,1.87806,0.0006123340042384162380328636998,touched_quote_without_depletion,,0.00028,False,missing_same_side_strict_through_support,111,59866,134,6,same_touch_stable_enough,real_bbo_history_touch_stability,2891,1783579683396,3.64461,1.87306,-1.77155,11,11,0,not_reset,history_present_no_reset,pass,,,history_present_no_reset,latest_l2_received_before_or_at_candidate,latest_l2_exchange_time_before_candidate,event_driven_current_l2_plus_rolling_public_trades_proxy_not_exact_queue_or_fill_probability
1023,l2Book,1783579686672,1783579687023322780,0.351822,buy,62854,62854,62855,1,0.005,1.87345,12,374.69,14,0.00073,0,0.00073,1.87845,0.0003886182757060342303494902712,touched_quote_without_depletion,,0.00018,False,missing_same_side_strict_through_support,111,59845,0,7,same_touch_stable_enough,real_bbo_history_touch_stability,3276,1783579683396,3.64461,1.87345,-1.77116,11,12,1,not_reset,history_present_no_reset,pass,,,history_present_no_reset,latest_l2_received_before_or_at_candidate,latest_l2_exchange_time_equal_candidate,event_driven_current_l2_plus_rolling_public_trades_proxy_not_exact_queue_or_fill_probability
1024,trades,1783579687027,1783579687284228332,0.257694,buy,62854,62854,62855,1,0.005,1.87345,12,374.69,16,0.00611,0,0.00611,1.87845,0.003252681732279272804706007613,touched_quote_without_depletion,,0.00152,False,missing_same_side_strict_through_support,110,59332,355,7,same_touch_stable_enough,real_bbo_history_touch_stability,3631,1783579683396,3.64461,1.87345,-1.77116,11,12,1,not_reset,history_present_no_reset,pass,,,history_present_no_reset,latest_l2_received_before_or_at_candidate,latest_l2_exchange_time_before_candidate,event_driven_current_l2_plus_rolling_public_trades_proxy_not_exact_queue_or_fill_probability
1025,l2Book,1783579687225,1783579687498944754,0.274499,buy,62854,62854,62855,1,0.005,1.86962,12,373.924,16,0.00611,0,0.00611,1.87462,0.003259327223650659867066392122,touched_quote_without_depletion,,0.00152,False,missing_same_side_strict_through_support,111,59885,0,8,same_touch_stable_enough,real_bbo_history_touch_stability,3829,1783579683396,3.64461,1.86962,-1.77499,12,12,0,not_reset,history_present_no_reset,pass,,,history_present_no_reset,latest_l2_received_before_or_at_candidate,latest_l2_exchange_time_equal_candidate,event_driven_current_l2_plus_rolling_public_trades_proxy_not_exact_queue_or_fill_probability
1026,l2Book,1783579687760,1783579688060138633,0.300636,buy,62854,62854,62855,1,0.005,1.25282,7,250.564,15,0.00611,0,0.00611,1.25782,0.004857610786917046954254185814,touched_quote_without_depletion,,0.00152,False,missing_same_side_strict_through_support,111,59872,0,9,same_touch_stable_enough,real_bbo_history_touch_stability,4364,1783579683396,3.64461,1.25282,-2.39179,12,7,-5,reset_supported,same_touch_top_qty_or_order_count_reduced,pass,,,,latest_l2_received_before_or_at_candidate,latest_l2_exchange_time_equal_candidate,event_driven_current_l2_plus_rolling_public_trades_proxy_not_exact_queue_or_fill_probability
1027,trades,1783579688028,1783579688273540364,0.246063,buy,62854,62854,62855,1,0.005,1.25282,7,250.564,16,0.00681,0,0.00681,1.25782,0.005414129207676774101222750473,touched_quote_without_depletion,,0.0017,False,missing_same_side_strict_through_support,110,59323,268,9,same_touch_stable_enough,real_bbo_history_touch_stability,4632,1783579683396,3.64461,1.25282,-2.39179,12,7,-5,reset_supported,same_touch_top_qty_or_order_count_reduced,pass,,,,latest_l2_received_before_or_at_candidate,latest_l2_exchange_time_before_candidate,event_driven_current_l2_plus_rolling_public_trades_proxy_not_exact_queue_or_fill_probability
1028,l2Book,1783579688280,1783579688576360994,0.296877,buy,62854,62854,62855,1,0.005,4.65844,16,931.688,16,0.00681,0,0.00681,4.66344,0.001460295404250939220832690031,touched_quote_without_depletion,,0.0017,False,missing_same_side_strict_through_support,111,59843,0,10,same_touch_stable_enough,real_bbo_history_touch_stability,4884,1783579683396,3.64461,4.65844,1.01383,12,16,4,not_reset,history_present_no_reset,pass,,,history_present_no_reset,latest_l2_received_before_or_at_candidate,latest_l2_exchange_time_equal_candidate,event_driven_current_l2_plus_rolling_public_trades_proxy_not_exact_queue_or_fill_probability
1029,trades,1783579688566,1783579689052123606,0.486615,buy,62854,62854,62855,1,0.005,4.65844,16,931.688,19,0.00681,0,0.00681,4.66344,0.001460295404250939220832690031,touched_quote_without_depletion,,0.0017,False,missing_same_side_strict_through_support,110,59326,286,10,same_touch_stable_enough,real_bbo_history_touch_stability,5170,1783579683396,3.64461,4.65844,1.01383,12,16,4,not_reset,history_present_no_reset,pass,,,history_present_no_reset,latest_l2_received_before_or_at_candidate,latest_l2_exchange_time_before_candidate,event_driven_current_l2_plus_rolling_public_trades_proxy_not_exact_queue_or_fill_probability
1030,l2Book,1783579688833,1783579689137715978,0.305267,buy,62854,62854,62855,1,0.005,1.80349,9,360.698,16,0.00681,0,0.00681,1.80849,0.003765572383590730388335019823,touched_quote_without_depletion,,0.0017,False,missing_same_side_strict_through_support,111,59879,0,11,same_touch_stable_enough,real_bbo_history_touch_stability,5437,1783579683396,4.65844,1.80349,-2.85495,16,9,-7,reset_supported,same_touch_top_qty_or_order_count_reduced,pass,,,,latest_l2_received_before_or_at_candidate,latest_l2_exchange_time_equal_candidate,event_driven_current_l2_plus_rolling_public_trades_proxy_not_exact_queue_or_fill_probability
1031,l2Book,1783579689380,1783579689703100556,0.32362,buy,62854,62854,62855,1,0.005,6.04629,15,1209.258,7,0.00608,0,0.00608,6.05129,0.00100474444292043514688603587,touched_quote_without_depletion,,0.00152,False,missing_same_side_strict_through_support,111,59871,0,12,same_touch_stable_enough,real_bbo_history_touch_stability,5984,1783579683396,4.65844,6.04629,1.38785,16,15,-1,reset_supported,same_touch_top_qty_or_order_count_reduced,pass,,,,latest_l2_received_before_or_at_candidate,latest_l2_exchange_time_equal_candidate,event_driven_current_l2_plus_rolling_public_trades_proxy_not_exact_queue_or_fill_probability
1032,trades,1783579689380,1783579689703839911,0.324151,buy,62854,62854,62855,1,0.005,6.04629,15,1209.258,9,0.02304,0,0.02304,6.05129,0.003807452625803754240831293823,touched_quote_without_depletion,,0.005,False,missing_same_side_strict_through_support,111,59871,0,12,same_touch_stable_enough,real_bbo_history_touch_stability,5984,1783579683396,4.65844,6.04629,1.38785,16,15,-1,reset_supported,same_touch_top_qty_or_order_count_reduced,pass,,,,latest_l2_received_before_or_at_candidate,latest_l2_exchange_time_equal_candidate,event_driven_current_l2_plus_rolling_public_trades_proxy_not_exact_queue_or_fill_probability
1033,l2Book,1783579689909,1783579690179761902,0.271265,buy,62854,62854,62855,1,0.005,5.84733,14,1169.466,9,0.02304,0,0.02304,5.85233,0.003936893510789719650122258998,touched_quote_without_depletion,,0.005,False,missing_same_side_strict_through_support,111,59874,0,13,same_touch_stable_enough,real_bbo_history_touch_stability,6513,1783579683396,6.04629,5.84733,-0.19896,16,14,-2,reset_supported,same_touch_top_qty_or_order_count_reduced,pass,,,,latest_l2_received_before_or_at_candidate,latest_l2_exchange_time_equal_candidate,event_driven_current_l2_plus_rolling_public_trades_proxy_not_exact_queue_or_fill_probability
1034,trades,1783579690190,1783579690419344017,0.22983,buy,62854,62854,62855,1,0.005,5.84733,14,1169.466,8,0.01844,0,0.01844,5.85233,0.003150881785545244372754099649,touched_quote_without_depletion,,0.00461,False,missing_same_side_strict_through_support,110,59333,281,13,same_touch_stable_enough,real_bbo_history_touch_stability,6794,1783579683396,6.04629,5.84733,-0.19896,16,14,-2,reset_supported,same_touch_top_qty_or_order_count_reduced,pass,,,,latest_l2_received_before_or_at_candidate,latest_l2_exchange_time_before_candidate,event_driven_current_l2_plus_rolling_public_trades_proxy_not_exact_queue_or_fill_probability
1035,l2Book,1783579690453,1783579690753488158,0.301004,buy,62854,62854,62855,1,0.005,6.82073,21,1364.146,8,0.01844,0,0.01844,6.82573,0.00270154254563248180048141371,touched_quote_without_depletion,,0.00461,False,missing_same_side_strict_through_support,111,59877,0,14,same_touch_stable_enough,real_bbo_history_touch_stability,7057,1783579683396,6.04629,6.82073,0.77444,16,21,5,not_reset,history_present_no_reset,pass,,,history_present_no_reset,latest_l2_received_before_or_at_candidate,latest_l2_exchange_time_equal_candidate,event_driven_current_l2_plus_rolling_public_trades_proxy_not_exact_queue_or_fill_probability
1036,l2Book,1783579690993,1783579691287708960,0.295187,buy,62854,62854,62855,1,0.005,6.80469,20,1360.938,8,0.01844,0,0.01844,6.80969,0.002707905939917969834162788614,touched_quote_without_depletion,,0.00461,False,missing_same_side_strict_through_support,111,59815,0,15,same_touch_stable_enough,real_bbo_history_touch_stability,7597,1783579683396,6.82073,6.80469,-0.01604,21,20,-1,reset_supported,same_touch_top_qty_or_order_count_reduced,pass,,,,latest_l2_received_before_or_at_candidate,latest_l2_exchange_time_equal_candidate,event_driven_current_l2_plus_rolling_public_trades_proxy_not_exact_queue_or_fill_probability
1037,trades,1783579691058,1783579691288403743,0.230686,buy,62854,62854,62855,1,0.005,6.80469,20,1360.938,8,0.01809,0,0.01809,6.80969,0.002656508592902173226681390783,touched_quote_without_depletion,,0.00452,False,missing_same_side_strict_through_support,111,59815,65,15,same_touch_stable_enough,real_bbo_history_touch_stability,7662,1783579683396,6.82073,6.80469,-0.01604,21,20,-1,reset_supported,same_touch_top_qty_or_order_count_reduced,pass,,,,latest_l2_received_before_or_at_candidate,latest_l2_exchange_time_before_candidate,event_driven_current_l2_plus_rolling_public_trades_proxy_not_exact_queue_or_fill_probability
1038,trades,1783579691260,1783579691490791716,0.231337,buy,62854,62854,62855,1,0.005,6.80469,20,1360.938,10,0.01809,0,0.01809,6.80969,0.002656508592902173226681390783,touched_quote_without_depletion,,0.00452,False,missing_same_side_strict_through_support,110,59268,267,15,same_touch_stable_enough,real_bbo_history_touch_stability,7864,1783579683396,6.82073,6.80469,-0.01604,21,20,-1,reset_supported,same_touch_top_qty_or_order_count_reduced,pass,,,,latest_l2_received_before_or_at_candidate,latest_l2_exchange_time_before_candidate,event_driven_current_l2_plus_rolling_public_trades_proxy_not_exact_queue_or_fill_probability
1039,l2Book,1783579691515,1783579691825247469,0.310736,buy,62854,62854,62855,1,0.005,17.38744,46,3477.488,10,0.01809,0,0.01809,17.39244,0.001040107081007610203053740591,touched_quote_without_depletion,,0.00452,False,missing_same_side_strict_through_support,111,59790,0,16,same_touch_stable_enough,real_bbo_history_touch_stability,8119,1783579683396,6.82073,17.38744,10.56671,21,46,25,not_reset,history_present_no_reset,pass,,,history_present_no_reset,latest_l2_received_before_or_at_candidate,latest_l2_exchange_time_equal_candidate,event_driven_current_l2_plus_rolling_public_trades_proxy_not_exact_queue_or_fill_probability
1040,l2Book,1783579692050,1783579692436677576,0.387176,buy,62854,62854,62855,1,0.005,10.68209,39,2136.418,7,0.01809,0,0.01809,10.68709,0.001692696515141165649395672723,touched_quote_without_depletion,,0.00452,False,missing_same_side_strict_through_support,111,59786,0,17,same_touch_stable_enough,real_bbo_history_touch_stability,8654,1783579683396,17.38744,10.68209,-6.70535,46,39,-7,reset_supported,same_touch_top_qty_or_order_count_reduced,pass,,,,latest_l2_received_before_or_at_candidate,latest_l2_exchange_time_equal_candidate,event_driven_current_l2_plus_rolling_public_trades_proxy_not_exact_queue_or_fill_probability
1041,trades,1783579692267,1783579692480564058,0.214063,buy,62854,62854,62855,1,0.005,10.68209,39,2136.418,8,0.01881,0,0.01881,10.68709,0.001760067520718923486187540294,touched_quote_without_depletion,,0.0047,False,missing_same_side_strict_through_support,110,59246,217,17,same_touch_stable_enough,real_bbo_history_touch_stability,8871,1783579683396,17.38744,10.68209,-6.70535,46,39,-7,reset_supported,same_touch_top_qty_or_order_count_reduced,pass,,,,latest_l2_received_before_or_at_candidate,latest_l2_exchange_time_before_candidate,event_driven_current_l2_plus_rolling_public_trades_proxy_not_exact_queue_or_fill_probability
1042,trades,1783579692409,1783579692701787644,0.293282,buy,62854,62854,62855,1,0.005,10.68209,39,2136.418,7,0.00185,0,0.00185,10.68709,0.0001731060559984055528679930645,touched_quote_without_depletion,,0.00046,False,missing_same_side_strict_through_support,110,59246,359,17,same_touch_stable_enough,real_bbo_history_touch_stability,9013,1783579683396,17.38744,10.68209,-6.70535,46,39,-7,reset_supported,same_touch_top_qty_or_order_count_reduced,pass,,,,latest_l2_received_before_or_at_candidate,latest_l2_exchange_time_before_candidate,event_driven_current_l2_plus_rolling_public_trades_proxy_not_exact_queue_or_fill_probability
1043,l2Book,1783579692604,1783579692920548527,0.31707,buy,62854,62854,62855,1,0.005,0.06711,4,13.422,7,0.00185,0,0.00185,0.07211,0.02565524892525308556372209125,touched_quote_without_depletion,,0.00046,False,missing_same_side_strict_through_support,111,59800,0,18,same_touch_stable_enough,real_bbo_history_touch_stability,9208,1783579683396,17.38744,0.06711,-17.32033,46,4,-42,reset_supported,same_touch_top_qty_or_order_count_reduced,pass,,,,latest_l2_received_before_or_at_candidate,latest_l2_exchange_time_equal_candidate,event_driven_current_l2_plus_rolling_public_trades_proxy_not_exact_queue_or_fill_probability
1044,trades,1783579692604,1783579692921285705,0.31758,buy,62854,62854,62855,1,0.005,0.06711,4,13.422,8,0.01535,0,0.01535,0.07211,0.2128692275689918180557481625,touched_quote_without_depletion,,0.00383,False,missing_same_side_strict_through_support,111,59800,0,18,same_touch_stable_enough,real_bbo_history_touch_stability,9208,1783579683396,17.38744,0.06711,-17.32033,46,4,-42,reset_supported,same_touch_top_qty_or_order_count_reduced,pass,,,,latest_l2_received_before_or_at_candidate,latest_l2_exchange_time_equal_candidate,event_driven_current_l2_plus_rolling_public_trades_proxy_not_exact_queue_or_fill_probability
1045,trades,1783579692804,1783579693031986960,0.228507,buy,62854,62854,62855,1,0.005,0.06711,4,13.422,16,0.08246,0.06009,0.14255,0.07211,1.976840937456663430869504923,depleted_top_plus_order_proxy,quality_a,0.005,True,,111,59800,200,18,same_touch_stable_enough,real_bbo_history_touch_stability,9408,1783579683396,17.38744,0.06711,-17.32033,46,4,-42,reset_supported,same_touch_top_qty_or_order_count_reduced,pass,,,,latest_l2_received_before_or_at_candidate,latest_l2_exchange_time_before_candidate,event_driven_current_l2_plus_rolling_public_trades_proxy_not_exact_queue_or_fill_probability
1046,l2Book,1783579693134,1783579693404312423,0.270867,buy,62853,62853,62854,1,0.005,0.37521,3,75.042,16,0.06009,0,0.06009,0.38021,0.1580442387101864758949001867,touched_quote_without_depletion,,0.005,False,missing_same_side_strict_through_support;missing_touch_freshness_or_queue_reset_evidence,111,59789,0,1,same_touch_seen_but_not_stable,real_bbo_history_insufficient,0,1783579693134,,0.37521,,,3,,missing,no_prior_same_touch_bbo,block,no_prior_same_touch_bbo,same_touch_seen_but_not_stable,no_prior_same_touch_bbo,latest_l2_received_before_or_at_candidate,latest_l2_exchange_time_equal_candidate,event_driven_current_l2_plus_rolling_public_trades_proxy_not_exact_queue_or_fill_probability
1047,trades,1783579693475,1783579693743221758,0.26873,buy,62853,62853,62854,1,0.005,0.37521,3,75.042,16,0.06026,0,0.06026,0.38021,0.1584913600378738065805738934,touched_quote_without_depletion,,0.005,False,missing_same_side_strict_through_support,110,59244,341,1,same_touch_stable_enough,real_bbo_history_touch_stability,341,1783579693134,,0.37521,,,3,,missing,no_prior_same_touch_bbo,pass,,,no_prior_same_touch_bbo,latest_l2_received_before_or_at_candidate,latest_l2_exchange_time_before_candidate,event_driven_current_l2_plus_rolling_public_trades_proxy_not_exact_queue_or_fill_probability
1048,trades,1783579693609,1783579694362589410,0.754118,buy,62853,62853,62854,1,0.005,0.37521,3,75.042,19,0.06026,0.07972,0.13998,0.38021,0.3681649614686620551800320875,strict_trade_through_seen_but_visible_top_not_depleted,,0.002,False,outside_quality_a_b_queue_bands,110,59244,475,1,same_touch_stable_enough,real_bbo_history_touch_stability,475,1783579693134,,0.37521,,,3,,missing,no_prior_same_touch_bbo,pass,,,no_prior_same_touch_bbo,latest_l2_received_before_or_at_candidate,latest_l2_exchange_time_before_candidate,event_driven_current_l2_plus_rolling_public_trades_proxy_not_exact_queue_or_fill_probability
1049,l2Book,1783579693675,1783579694363386755,0.6887,buy,62850,62850,62851,1,0.005,0.00017,1,0.034,19,0,0,0,0.00517,0,not_depleted,,0.0,False,missing_same_side_strict_through_support;missing_touch_freshness_or_queue_reset_evidence;missing_recent_same_side_at_or_through_throughput,111,59785,0,1,same_touch_seen_but_not_stable,real_bbo_history_insufficient,0,1783579693675,,0.00017,,,1,,missing,no_prior_same_touch_bbo,block,no_prior_same_touch_bbo,same_touch_seen_but_not_stable,no_prior_same_touch_bbo,latest_l2_received_before_or_at_candidate,latest_l2_exchange_time_equal_candidate,event_driven_current_l2_plus_rolling_public_trades_proxy_not_exact_queue_or_fill_probability
1050,trades,1783579693742,1783579694364048111,0.622362,buy,62850,62850,62851,1,0.005,0.00017,1,0.034,28,0.00617,0.12113,0.1273,0.00517,24.62282398452611218568665377,depleted_top_plus_order_proxy,,0.005,False,missing_touch_freshness_or_queue_reset_evidence,111,59785,67,1,same_touch_seen_but_not_stable,real_bbo_history_insufficient,67,1783579693675,,0.00017,,,1,,missing,no_prior_same_touch_bbo,block,no_prior_same_touch_bbo,same_touch_seen_but_not_stable,no_prior_same_touch_bbo,latest_l2_received_before_or_at_candidate,latest_l2_exchange_time_before_candidate,event_driven_current_l2_plus_rolling_public_trades_proxy_not_exact_queue_or_fill_probability
1051,trades,1783579694013,1783579694364517623,0.351796,buy,62850,62850,62851,1,0.005,0.00017,1,0.034,30,0.00617,0.12562,0.13179,0.00517,25.49129593810444874274661509,depleted_top_plus_order_proxy,quality_a,0.005,True,,110,59250,338,1,same_touch_stable_enough,real_bbo_history_touch_stability,338,1783579693675,,0.00017,,,1,,missing,no_prior_same_touch_bbo,pass,,,no_prior_same_touch_bbo,latest_l2_received_before_or_at_candidate,latest_l2_exchange_time_before_candidate,event_driven_current_l2_plus_rolling_public_trades_proxy_not_exact_queue_or_fill_probability
1052,l2Book,1783579694209,1783579694502741191,0.294276,buy,62846,62846,62847,1,0.005,9.71105,23,1942.21,28,0.12291,0,0.12291,9.71605,0.0126502024999871346895085966,touched_quote_without_depletion,,0.005,False,missing_same_side_strict_through_support;missing_touch_freshness_or_queue_reset_evidence,111,59784,0,1,same_touch_seen_but_not_stable,real_bbo_history_insufficient,0,1783579694209,,9.71105,,,23,,missing,no_prior_same_touch_bbo,block,no_prior_same_touch_bbo,same_touch_seen_but_not_stable,no_prior_same_touch_bbo,latest_l2_received_before_or_at_candidate,latest_l2_exchange_time_equal_candidate,event_driven_current_l2_plus_rolling_public_trades_proxy_not_exact_queue_or_fill_probability
1053,l2Book,1783579694744,1783579695026541358,0.283046,buy,62846,62846,62847,1,0.005,10.21835,28,2043.67,26,0.12291,0,0.12291,10.22335,0.01202247795487780424224936053,touched_quote_without_depletion,,0.005,False,missing_same_side_strict_through_support,111,59791,0,2,same_touch_stable_enough,real_bbo_history_touch_stability,535,1783579694209,9.71105,10.21835,0.5073,23,28,5,not_reset,history_present_no_reset,pass,,,history_present_no_reset,latest_l2_received_before_or_at_candidate,latest_l2_exchange_time_equal_candidate,event_driven_current_l2_plus_rolling_public_trades_proxy_not_exact_queue_or_fill_probability
1054,l2Book,1783579695330,1783579695649948903,0.320426,buy,62846,62846,62847,1,0.005,12.2654,33,2453.08,25,0.12291,0,0.12291,12.2704,0.01001678836875733472421436954,touched_quote_without_depletion,,0.005,False,missing_same_side_strict_through_support,111,59827,0,3,same_touch_stable_enough,real_bbo_history_touch_stability,1121,1783579694209,10.21835,12.2654,2.04705,28,33,5,not_reset,history_present_no_reset,pass,,,history_present_no_reset,latest_l2_received_before_or_at_candidate,latest_l2_exchange_time_equal_candidate,event_driven_current_l2_plus_rolling_public_trades_proxy_not_exact_queue_or_fill_probability
1055,trades,1783579695330,1783579695650626600,0.320922,buy,62846,62846,62847,1,0.005,12.2654,33,2453.08,26,0.12904,0,0.12904,12.2704,0.01051636458469161559525361846,touched_quote_without_depletion,,0.005,False,missing_same_side_strict_through_support,111,59827,0,3,same_touch_stable_enough,real_bbo_history_touch_stability,1121,1783579694209,10.21835,12.2654,2.04705,28,33,5,not_reset,history_present_no_reset,pass,,,history_present_no_reset,latest_l2_received_before_or_at_candidate,latest_l2_exchange_time_equal_candidate,event_driven_current_l2_plus_rolling_public_trades_proxy_not_exact_queue_or_fill_probability
1056,trades,1783579695752,1783579695964100763,0.212657,buy,62846,62846,62847,1,0.005,12.2654,33,2453.08,27,0.12904,0,0.12904,12.2704,0.01051636458469161559525361846,touched_quote_without_depletion,,0.005,False,missing_same_side_strict_through_support,110,59288,422,3,same_touch_stable_enough,real_bbo_history_touch_stability,1543,1783579694209,10.21835,12.2654,2.04705,28,33,5,not_reset,history_present_no_reset,pass,,,history_present_no_reset,latest_l2_received_before_or_at_candidate,latest_l2_exchange_time_before_candidate,event_driven_current_l2_plus_rolling_public_trades_proxy_not_exact_queue_or_fill_probability
1057,l2Book,1783579695874,1783579696149902506,0.276415,buy,62846,62846,62847,1,0.005,9.81799,26,1963.598,19,0.12904,0,0.12904,9.82299,0.01313652971243989864593163589,touched_quote_without_depletion,,0.005,False,missing_same_side_strict_through_support,111,59832,0,4,same_touch_stable_enough,real_bbo_history_touch_stability,1665,1783579694209,12.2654,9.81799,-2.44741,33,26,-7,reset_supported,same_touch_top_qty_or_order_count_reduced,pass,,,,latest_l2_received_before_or_at_candidate,latest_l2_exchange_time_equal_candidate,event_driven_current_l2_plus_rolling_public_trades_proxy_not_exact_queue_or_fill_probability
1058,trades,1783579696021,1783579696257165623,0.236664,buy,62846,62846,62847,1,0.005,9.81799,26,1963.598,21,0.12904,0,0.12904,9.82299,0.01313652971243989864593163589,touched_quote_without_depletion,,0.005,False,missing_same_side_strict_through_support,111,59832,147,4,same_touch_stable_enough,real_bbo_history_touch_stability,1812,1783579694209,12.2654,9.81799,-2.44741,33,26,-7,reset_supported,same_touch_top_qty_or_order_count_reduced,pass,,,,latest_l2_received_before_or_at_candidate,latest_l2_exchange_time_before_candidate,event_driven_current_l2_plus_rolling_public_trades_proxy_not_exact_queue_or_fill_probability
1059,l2Book,1783579696421,1783579696690598014,0.270133,buy,62846,62846,62847,1,0.005,9.81799,26,1963.598,21,0.12904,0,0.12904,9.82299,0.01313652971243989864593163589,touched_quote_without_depletion,,0.005,False,missing_same_side_strict_through_support,111,59863,0,5,same_touch_stable_enough,real_bbo_history_touch_stability,2212,1783579694209,12.2654,9.81799,-2.44741,33,26,-7,reset_supported,same_touch_top_qty_or_order_count_reduced,pass,,,,latest_l2_received_before_or_at_candidate,latest_l2_exchange_time_equal_candidate,event_driven_current_l2_plus_rolling_public_trades_proxy_not_exact_queue_or_fill_probability
1060,l2Book,1783579696959,1783579697240396413,0.281871,buy,62846,62846,62847,1,0.005,10.98735,28,2197.47,8,0.01062,0,0.01062,10.99235,0.0009661264424804523145642196619,touched_quote_without_depletion,,0.00265,False,missing_same_side_strict_through_support,111,59895,0,6,same_touch_stable_enough,real_bbo_history_touch_stability,2750,1783579694209,12.2654,10.98735,-1.27805,33,28,-5,reset_supported,same_touch_top_qty_or_order_count_reduced,pass,,,,latest_l2_received_before_or_at_candidate,latest_l2_exchange_time_equal_candidate,event_driven_current_l2_plus_rolling_public_trades_proxy_not_exact_queue_or_fill_probability
1061,l2Book,1783579697561,1783579697945215459,0.384735,buy,62846,62846,62847,1,0.005,10.30377,30,2060.754,6,0.00613,0,0.00613,10.30877,0.0005946393216649512987485412906,touched_quote_without_depletion,,0.00153,False,missing_same_side_strict_through_support,111,59991,0,7,same_touch_stable_enough,real_bbo_history_touch_stability,3352,1783579694209,12.2654,10.30377,-1.96163,33,30,-3,reset_supported,same_touch_top_qty_or_order_count_reduced,pass,,,,latest_l2_received_before_or_at_candidate,latest_l2_exchange_time_equal_candidate,event_driven_current_l2_plus_rolling_public_trades_proxy_not_exact_queue_or_fill_probability
1062,l2Book,1783579698237,1783579698569262125,0.332804,buy,62846,62846,62847,1,0.005,64.25741,78,12851.482,6,0.00613,0,0.00613,64.26241,0.00009539013553957904784461086971,touched_quote_without_depletion,,0.00153,False,missing_same_side_strict_through_support,110,59574,0,8,same_touch_stable_enough,real_bbo_history_touch_stability,4028,1783579694209,12.2654,64.25741,51.99201,33,78,45,not_reset,history_present_no_reset,pass,,,history_present_no_reset,latest_l2_received_before_or_at_candidate,latest_l2_exchange_time_equal_candidate,event_driven_current_l2_plus_rolling_public_trades_proxy_not_exact_queue_or_fill_probability
1063,trades,1783579698175,1783579698570013956,0.395329,buy,62846,62846,62847,1,0.005,64.25741,78,12851.482,7,0.00613,0,0.00613,64.26241,0.00009539013553957904784461086971,touched_quote_without_depletion,,0.00153,False,missing_same_side_strict_through_support,110,59574,-62,8,same_touch_stable_enough,real_bbo_history_touch_stability,3966,1783579694209,12.2654,64.25741,51.99201,33,78,45,not_reset,history_present_no_reset,pass,,,history_present_no_reset,latest_l2_received_before_or_at_candidate,latest_l2_exchange_time_after_candidate_visible_by_local_receive,event_driven_current_l2_plus_rolling_public_trades_proxy_not_exact_queue_or_fill_probability
1064,trades,1783579698373,1783579698673545946,0.30108,buy,62846,62846,62847,1,0.005,64.25741,78,12851.482,23,0,0,0,64.26241,0,not_depleted,,0.0,False,missing_same_side_strict_through_support;missing_recent_same_side_at_or_through_throughput,110,59574,136,8,same_touch_stable_enough,real_bbo_history_touch_stability,4164,1783579694209,12.2654,64.25741,51.99201,33,78,45,not_reset,history_present_no_reset,pass,,,history_present_no_reset,latest_l2_received_before_or_at_candidate,latest_l2_exchange_time_before_candidate,event_driven_current_l2_plus_rolling_public_trades_proxy_not_exact_queue_or_fill_probability
1065,trades,1783579698442,1783579698703383075,0.261878,buy,62846,62846,62847,1,0.005,64.25741,78,12851.482,24,0,0,0,64.26241,0,not_depleted,,0.0,False,missing_same_side_strict_through_support;missing_recent_same_side_at_or_through_throughput,110,59574,205,8,same_touch_stable_enough,real_bbo_history_touch_stability,4233,1783579694209,12.2654,64.25741,51.99201,33,78,45,not_reset,history_present_no_reset,pass,,,history_present_no_reset,latest_l2_received_before_or_at_candidate,latest_l2_exchange_time_before_candidate,event_driven_current_l2_plus_rolling_public_trades_proxy_not_exact_queue_or_fill_probability
1066,trades,1783579698574,1783579698863090267,0.289624,buy,62846,62846,62847,1,0.005,64.25741,78,12851.482,25,0,0,0,64.26241,0,not_depleted,,0.0,False,missing_same_side_strict_through_support;missing_recent_same_side_at_or_through_throughput,110,59574,337,8,same_touch_stable_enough,real_bbo_history_touch_stability,4365,1783579694209,12.2654,64.25741,51.99201,33,78,45,not_reset,history_present_no_reset,pass,,,history_present_no_reset,latest_l2_received_before_or_at_candidate,latest_l2_exchange_time_before_candidate,event_driven_current_l2_plus_rolling_public_trades_proxy_not_exact_queue_or_fill_probability
1067,l2Book,1783579698809,1783579699296740326,0.488242,buy,62870,62870,62872,2,0.005,0.19028,1,38.056,22,0,0.00072,0.00072,0.19528,0.00368701351904956984842277755,strict_trade_through_seen_but_visible_top_not_depleted,,0.00018,False,missing_touch_freshness_or_queue_reset_evidence,110,59626,0,1,same_touch_seen_but_not_stable,real_bbo_history_insufficient,0,1783579698809,,0.19028,,,1,,missing,no_prior_same_touch_bbo,block,no_prior_same_touch_bbo,same_touch_seen_but_not_stable,no_prior_same_touch_bbo,latest_l2_received_before_or_at_candidate,latest_l2_exchange_time_equal_candidate,event_driven_current_l2_plus_rolling_public_trades_proxy_not_exact_queue_or_fill_probability
1068,trades,1783579698809,1783579699297691966,0.489033,buy,62870,62870,62872,2,0.005,0.19028,1,38.056,32,0,0.00072,0.00072,0.19528,0.00368701351904956984842277755,strict_trade_through_seen_but_visible_top_not_depleted,,0.00018,False,missing_touch_freshness_or_queue_reset_evidence,110,59626,0,1,same_touch_seen_but_not_stable,real_bbo_history_insufficient,0,1783579698809,,0.19028,,,1,,missing,no_prior_same_touch_bbo,block,no_prior_same_touch_bbo,same_touch_seen_but_not_stable,no_prior_same_touch_bbo,latest_l2_received_before_or_at_candidate,latest_l2_exchange_time_equal_candidate,event_driven_current_l2_plus_rolling_public_trades_proxy_not_exact_queue_or_fill_probability
1069,trades,1783579699058,1783579699368253273,0.310726,buy,62870,62870,62872,2,0.005,0.19028,1,38.056,32,0,0.00072,0.00072,0.19528,0.00368701351904956984842277755,strict_trade_through_seen_but_visible_top_not_depleted,,0.00018,False,missing_touch_freshness_or_queue_reset_evidence,110,59626,249,1,same_touch_seen_but_not_stable,real_bbo_history_insufficient,249,1783579698809,,0.19028,,,1,,missing,no_prior_same_touch_bbo,block,no_prior_same_touch_bbo,same_touch_seen_but_not_stable,no_prior_same_touch_bbo,latest_l2_received_before_or_at_candidate,latest_l2_exchange_time_before_candidate,event_driven_current_l2_plus_rolling_public_trades_proxy_not_exact_queue_or_fill_probability
1070,l2Book,1783579699270,1783579699595019334,0.32555,buy,62871,62871,62872,1,0.005,41.15751,180,8231.502,32,0,0.00072,0.00072,41.16251,0.00001749164470291048820880942392,strict_trade_through_seen_but_visible_top_not_depleted,,0.00018,False,missing_touch_freshness_or_queue_reset_evidence,110,59558,0,1,same_touch_seen_but_not_stable,real_bbo_history_insufficient,0,1783579699270,,41.15751,,,180,,missing,no_prior_same_touch_bbo,block,no_prior_same_touch_bbo,same_touch_seen_but_not_stable,no_prior_same_touch_bbo,latest_l2_received_before_or_at_candidate,latest_l2_exchange_time_equal_candidate,event_driven_current_l2_plus_rolling_public_trades_proxy_not_exact_queue_or_fill_probability
1071,l2Book,1783579699782,1783579700101237800,0.319765,buy,62871,62871,62872,1,0.005,43.94815,147,8789.63,32,0,0.00072,0.00072,43.95315,0.00001638107848925503632845427461,strict_trade_through_seen_but_visible_top_not_depleted,,0.00018,False,outside_quality_a_b_queue_bands,110,59532,0,2,same_touch_stable_enough,real_bbo_history_touch_stability,512,1783579699270,41.15751,43.94815,2.79064,180,147,-33,reset_supported,same_touch_top_qty_or_order_count_reduced,pass,,,,latest_l2_received_before_or_at_candidate,latest_l2_exchange_time_equal_candidate,event_driven_current_l2_plus_rolling_public_trades_proxy_not_exact_queue_or_fill_probability
1072,trades,1783579699981,1783579700226353639,0.245864,buy,62871,62871,62872,1,0.005,43.94815,147,8789.63,45,0,0.00072,0.00072,43.95315,0.00001638107848925503632845427461,strict_trade_through_seen_but_visible_top_not_depleted,,0.00018,False,outside_quality_a_b_queue_bands,110,59532,199,2,same_touch_stable_enough,real_bbo_history_touch_stability,711,1783579699270,41.15751,43.94815,2.79064,180,147,-33,reset_supported,same_touch_top_qty_or_order_count_reduced,pass,,,,latest_l2_received_before_or_at_candidate,latest_l2_exchange_time_before_candidate,event_driven_current_l2_plus_rolling_public_trades_proxy_not_exact_queue_or_fill_probability
1073,trades,1783579700184,1783579700421281718,0.23788,buy,62871,62871,62872,1,0.005,43.94815,147,8789.63,46,0,0.00072,0.00072,43.95315,0.00001638107848925503632845427461,strict_trade_through_seen_but_visible_top_not_depleted,,0.00018,False,outside_quality_a_b_queue_bands,110,59532,402,2,same_touch_stable_enough,real_bbo_history_touch_stability,914,1783579699270,41.15751,43.94815,2.79064,180,147,-33,reset_supported,same_touch_top_qty_or_order_count_reduced,pass,,,,latest_l2_received_before_or_at_candidate,latest_l2_exchange_time_before_candidate,event_driven_current_l2_plus_rolling_public_trades_proxy_not_exact_queue_or_fill_probability
1074,l2Book,1783579700327,1783579700638699191,0.312236,buy,62878,62878,62879,1,0.005,20.58122,75,4116.244,46,0.00053,0.00072,0.00125,20.58622,0.00006072022935730794677216118355,strict_trade_through_seen_but_visible_top_not_depleted,,0.00031,False,missing_touch_freshness_or_queue_reset_evidence,110,59522,0,1,same_touch_seen_but_not_stable,real_bbo_history_insufficient,0,1783579700327,,20.58122,,,75,,missing,no_prior_same_touch_bbo,block,no_prior_same_touch_bbo,same_touch_seen_but_not_stable,no_prior_same_touch_bbo,latest_l2_received_before_or_at_candidate,latest_l2_exchange_time_equal_candidate,event_driven_current_l2_plus_rolling_public_trades_proxy_not_exact_queue_or_fill_probability
1075,trades,1783579700786,1783579701015302489,0.229799,buy,62878,62878,62879,1,0.005,20.58122,75,4116.244,64,0.00053,0.00072,0.00125,20.58622,0.00006072022935730794677216118355,strict_trade_through_seen_but_visible_top_not_depleted,,0.00031,False,outside_quality_a_b_queue_bands,110,59522,459,1,same_touch_stable_enough,real_bbo_history_touch_stability,459,1783579700327,,20.58122,,,75,,missing,no_prior_same_touch_bbo,pass,,,no_prior_same_touch_bbo,latest_l2_received_before_or_at_candidate,latest_l2_exchange_time_before_candidate,event_driven_current_l2_plus_rolling_public_trades_proxy_not_exact_queue_or_fill_probability
1076,l2Book,1783579700903,1783579701198210118,0.29574,buy,62878,62878,62879,1,0.005,17.5195,70,3503.9,64,0.00053,0.00072,0.00125,17.5245,0.00007132871123284544494850067049,strict_trade_through_seen_but_visible_top_not_depleted,,0.00031,False,outside_quality_a_b_queue_bands,110,59558,0,2,same_touch_stable_enough,real_bbo_history_touch_stability,576,1783579700327,20.58122,17.5195,-3.06172,75,70,-5,reset_supported,same_touch_top_qty_or_order_count_reduced,pass,,,,latest_l2_received_before_or_at_candidate,latest_l2_exchange_time_equal_candidate,event_driven_current_l2_plus_rolling_public_trades_proxy_not_exact_queue_or_fill_probability
1077,trades,1783579700853,1783579701199051638,0.346399,buy,62878,62878,62879,1,0.005,17.5195,70,3503.9,68,0.00504,0.00072,0.00576,17.5245,0.0003286827013609518103226910896,strict_trade_through_seen_but_visible_top_not_depleted,,0.00144,False,outside_quality_a_b_queue_bands,110,59558,-50,2,same_touch_stable_enough,real_bbo_history_touch_stability,526,1783579700327,20.58122,17.5195,-3.06172,75,70,-5,reset_supported,same_touch_top_qty_or_order_count_reduced,pass,,,,latest_l2_received_before_or_at_candidate,latest_l2_exchange_time_after_candidate_visible_by_local_receive,event_driven_current_l2_plus_rolling_public_trades_proxy_not_exact_queue_or_fill_probability
1078,trades,1783579701056,1783579701356699086,0.301207,buy,62878,62878,62879,1,0.005,17.5195,70,3503.9,69,0.00504,0.00072,0.00576,17.5245,0.0003286827013609518103226910896,strict_trade_through_seen_but_visible_top_not_depleted,,0.00144,False,outside_quality_a_b_queue_bands,110,59558,153,2,same_touch_stable_enough,real_bbo_history_touch_stability,729,1783579700327,20.58122,17.5195,-3.06172,75,70,-5,reset_supported,same_touch_top_qty_or_order_count_reduced,pass,,,,latest_l2_received_before_or_at_candidate,latest_l2_exchange_time_before_candidate,event_driven_current_l2_plus_rolling_public_trades_proxy_not_exact_queue_or_fill_probability
1079,trades,1783579701125,1783579701380972586,0.256525,buy,62878,62878,62879,1,0.005,17.5195,70,3503.9,70,0.00684,0.00072,0.00756,17.5245,0.0004313960455362492510485320551,strict_trade_through_seen_but_visible_top_not_depleted,,0.00189,False,outside_quality_a_b_queue_bands,110,59558,222,2,same_touch_stable_enough,real_bbo_history_touch_stability,798,1783579700327,20.58122,17.5195,-3.06172,75,70,-5,reset_supported,same_touch_top_qty_or_order_count_reduced,pass,,,,latest_l2_received_before_or_at_candidate,latest_l2_exchange_time_before_candidate,event_driven_current_l2_plus_rolling_public_trades_proxy_not_exact_queue_or_fill_probability
1080,trades,1783579701260,1783579701520499841,0.261115,buy,62878,62878,62879,1,0.005,17.5195,70,3503.9,104,0.00684,0.00072,0.00756,17.5245,0.0004313960455362492510485320551,strict_trade_through_seen_but_visible_top_not_depleted,,0.00189,False,outside_quality_a_b_queue_bands,110,59558,357,2,same_touch_stable_enough,real_bbo_history_touch_stability,933,1783579700327,20.58122,17.5195,-3.06172,75,70,-5,reset_supported,same_touch_top_qty_or_order_count_reduced,pass,,,,latest_l2_received_before_or_at_candidate,latest_l2_exchange_time_before_candidate,event_driven_current_l2_plus_rolling_public_trades_proxy_not_exact_queue_or_fill_probability
1081,trades,1783579701322,1783579701553283641,0.231838,buy,62878,62878,62879,1,0.005,17.5195,70,3503.9,108,0.00684,0.00072,0.00756,17.5245,0.0004313960455362492510485320551,strict_trade_through_seen_but_visible_top_not_depleted,,0.00189,False,outside_quality_a_b_queue_bands,110,59558,419,2,same_touch_stable_enough,real_bbo_history_touch_stability,995,1783579700327,20.58122,17.5195,-3.06172,75,70,-5,reset_supported,same_touch_top_qty_or_order_count_reduced,pass,,,,latest_l2_received_before_or_at_candidate,latest_l2_exchange_time_before_candidate,event_driven_current_l2_plus_rolling_public_trades_proxy_not_exact_queue_or_fill_probability
1082,l2Book,1783579701397,1783579701758632481,0.362146,buy,62884,62884,62885,1,0.005,43.24117,154,8648.234,91,0,0.00756,0.00756,43.24617,0.0001748131684262444512427343277,strict_trade_through_seen_but_visible_top_not_depleted,,0.00189,False,missing_touch_freshness_or_queue_reset_evidence,110,59499,0,1,same_touch_seen_but_not_stable,real_bbo_history_insufficient,0,1783579701397,,43.24117,,,154,,missing,no_prior_same_touch_bbo,block,no_prior_same_touch_bbo,same_touch_seen_but_not_stable,no_prior_same_touch_bbo,latest_l2_received_before_or_at_candidate,latest_l2_exchange_time_equal_candidate,event_driven_current_l2_plus_rolling_public_trades_proxy_not_exact_queue_or_fill_probability
1083,trades,1783579701397,1783579701759362250,0.362657,buy,62884,62884,62885,1,0.005,43.24117,154,8648.234,92,0,0.00756,0.00756,43.24617,0.0001748131684262444512427343277,strict_trade_through_seen_but_visible_top_not_depleted,,0.00189,False,missing_touch_freshness_or_queue_reset_evidence,110,59499,0,1,same_touch_seen_but_not_stable,real_bbo_history_insufficient,0,1783579701397,,43.24117,,,154,,missing,no_prior_same_touch_bbo,block,no_prior_same_touch_bbo,same_touch_seen_but_not_stable,no_prior_same_touch_bbo,latest_l2_received_before_or_at_candidate,latest_l2_exchange_time_equal_candidate,event_driven_current_l2_plus_rolling_public_trades_proxy_not_exact_queue_or_fill_probability
1084,l2Book,1783579701929,1783579702257001207,0.328519,buy,62884,62884,62885,1,0.005,42.91788,157,8583.576,80,0,0.00684,0.00684,42.92288,0.0001593555698033309973608481071,strict_trade_through_seen_but_visible_top_not_depleted,,0.00171,False,outside_quality_a_b_queue_bands,110,59527,0,2,same_touch_stable_enough,real_bbo_history_touch_stability,532,1783579701397,43.24117,42.91788,-0.32329,154,157,3,not_reset,history_present_no_reset,pass,,,history_present_no_reset,latest_l2_received_before_or_at_candidate,latest_l2_exchange_time_equal_candidate,event_driven_current_l2_plus_rolling_public_trades_proxy_not_exact_queue_or_fill_probability
1085,trades,1783579702060,1783579702329905211,0.270438,buy,62884,62884,62885,1,0.005,42.91788,157,8583.576,80,0.00045,0.00684,0.00729,42.92288,0.0001698394888693396156082723247,strict_trade_through_seen_but_visible_top_not_depleted,,0.00182,False,outside_quality_a_b_queue_bands,110,59527,131,2,same_touch_stable_enough,real_bbo_history_touch_stability,663,1783579701397,43.24117,42.91788,-0.32329,154,157,3,not_reset,history_present_no_reset,pass,,,history_present_no_reset,latest_l2_received_before_or_at_candidate,latest_l2_exchange_time_before_candidate,event_driven_current_l2_plus_rolling_public_trades_proxy_not_exact_queue_or_fill_probability
1086,l2Book,1783579702479,1783579702784426727,0.305994,buy,62884,62884,62885,1,0.005,24.66212,58,4932.424,80,0.00045,0.00684,0.00729,24.66712,0.000295535109084481690606767227,strict_trade_through_seen_but_visible_top_not_depleted,,0.00182,False,outside_quality_a_b_queue_bands,110,59472,0,3,same_touch_stable_enough,real_bbo_history_touch_stability,1082,1783579701397,43.24117,24.66212,-18.57905,157,58,-99,reset_supported,same_touch_top_qty_or_order_count_reduced,pass,,,,latest_l2_received_before_or_at_candidate,latest_l2_exchange_time_equal_candidate,event_driven_current_l2_plus_rolling_public_trades_proxy_not_exact_queue_or_fill_probability
1087,trades,1783579702607,1783579702848196268,0.241709,buy,62884,62884,62885,1,0.005,24.66212,58,4932.424,81,0.00045,0.00684,0.00729,24.66712,0.000295535109084481690606767227,strict_trade_through_seen_but_visible_top_not_depleted,,0.00182,False,outside_quality_a_b_queue_bands,110,59472,128,3,same_touch_stable_enough,real_bbo_history_touch_stability,1210,1783579701397,43.24117,24.66212,-18.57905,157,58,-99,reset_supported,same_touch_top_qty_or_order_count_reduced,pass,,,,latest_l2_received_before_or_at_candidate,latest_l2_exchange_time_before_candidate,event_driven_current_l2_plus_rolling_public_trades_proxy_not_exact_queue_or_fill_probability
1088,trades,1783579702875,1783579703080240800,0.205778,buy,62884,62884,62885,1,0.005,24.66212,58,4932.424,82,0.00045,0.00684,0.00729,24.66712,0.000295535109084481690606767227,strict_trade_through_seen_but_visible_top_not_depleted,,0.00182,False,outside_quality_a_b_queue_bands,110,59472,396,3,same_touch_stable_enough,real_bbo_history_touch_stability,1478,1783579701397,43.24117,24.66212,-18.57905,157,58,-99,reset_supported,same_touch_top_qty_or_order_count_reduced,pass,,,,latest_l2_received_before_or_at_candidate,latest_l2_exchange_time_before_candidate,event_driven_current_l2_plus_rolling_public_trades_proxy_not_exact_queue_or_fill_probability
1089,l2Book,1783579703075,1783579703466901598,0.392483,buy,62884,62884,62885,1,0.005,25.63344,62,5126.688,69,0.00045,0.00634,0.00679,25.63844,0.0002648367061334464967447317387,strict_trade_through_seen_but_visible_top_not_depleted,,0.00169,False,outside_quality_a_b_queue_bands,110,59539,0,4,same_touch_stable_enough,real_bbo_history_touch_stability,1678,1783579701397,43.24117,25.63344,-17.60773,157,62,-95,reset_supported,same_touch_top_qty_or_order_count_reduced,pass,,,,latest_l2_received_before_or_at_candidate,latest_l2_exchange_time_equal_candidate,event_driven_current_l2_plus_rolling_public_trades_proxy_not_exact_queue_or_fill_probability
1090,trades,1783579703009,1783579703467701899,0.458998,buy,62884,62884,62885,1,0.005,25.63344,62,5126.688,71,0.00113,0.00634,0.00747,25.63844,0.0002913593806799477659327166551,strict_trade_through_seen_but_visible_top_not_depleted,,0.00186,False,outside_quality_a_b_queue_bands,110,59539,-66,4,same_touch_stable_enough,real_bbo_history_touch_stability,1612,1783579701397,43.24117,25.63344,-17.60773,157,62,-95,reset_supported,same_touch_top_qty_or_order_count_reduced,pass,,,,latest_l2_received_before_or_at_candidate,latest_l2_exchange_time_after_candidate_visible_by_local_receive,event_driven_current_l2_plus_rolling_public_trades_proxy_not_exact_queue_or_fill_probability
1091,l2Book,1783579703553,1783579703856673359,0.304175,buy,62884,62884,62885,1,0.005,26.11441,67,5222.882,70,0.00113,0.00631,0.00744,26.11941,0.0002848456377843144236412690792,strict_trade_through_seen_but_visible_top_not_depleted,,0.00186,False,outside_quality_a_b_queue_bands,110,59456,0,5,same_touch_stable_enough,real_bbo_history_touch_stability,2156,1783579701397,43.24117,26.11441,-17.12676,157,67,-90,reset_supported,same_touch_top_qty_or_order_count_reduced,pass,,,,latest_l2_received_before_or_at_candidate,latest_l2_exchange_time_equal_candidate,event_driven_current_l2_plus_rolling_public_trades_proxy_not_exact_queue_or_fill_probability
1092,trades,1783579703808,1783579704303398405,0.495967,buy,62884,62884,62885,1,0.005,26.11441,67,5222.882,82,0.00664,0.00631,0.01295,26.11941,0.0004957998668423214766336605612,strict_trade_through_seen_but_visible_top_not_depleted,,0.002,False,outside_quality_a_b_queue_bands,110,59456,255,5,same_touch_stable_enough,real_bbo_history_touch_stability,2411,1783579701397,43.24117,26.11441,-17.12676,157,67,-90,reset_supported,same_touch_top_qty_or_order_count_reduced,pass,,,,latest_l2_received_before_or_at_candidate,latest_l2_exchange_time_before_candidate,event_driven_current_l2_plus_rolling_public_trades_proxy_not_exact_queue_or_fill_probability
1093,trades,1783579703888,1783579704304297486,0.4166,buy,62884,62884,62885,1,0.005,26.11441,67,5222.882,80,0.00664,0.0018,0.00844,26.11941,0.0003231313417875824913349880415,strict_trade_through_seen_but_visible_top_not_depleted,,0.002,False,outside_quality_a_b_queue_bands,110,59456,335,5,same_touch_stable_enough,real_bbo_history_touch_stability,2491,1783579701397,43.24117,26.11441,-17.12676,157,67,-90,reset_supported,same_touch_top_qty_or_order_count_reduced,pass,,,,latest_l2_received_before_or_at_candidate,latest_l2_exchange_time_before_candidate,event_driven_current_l2_plus_rolling_public_trades_proxy_not_exact_queue_or_fill_probability
1094,trades,1783579703953,1783579704304767395,0.352053,buy,62884,62884,62885,1,0.005,26.11441,67,5222.882,83,1.94829,0.0018,1.95009,26.11941,0.07466056851973302612884441111,strict_trade_through_seen_but_visible_top_not_depleted,,0.002,False,outside_quality_a_b_queue_bands,110,59456,400,5,same_touch_stable_enough,real_bbo_history_touch_stability,2556,1783579701397,43.24117,26.11441,-17.12676,157,67,-90,reset_supported,same_touch_top_qty_or_order_count_reduced,pass,,,,latest_l2_received_before_or_at_candidate,latest_l2_exchange_time_before_candidate,event_driven_current_l2_plus_rolling_public_trades_proxy_not_exact_queue_or_fill_probability
1095,l2Book,1783579704098,1783579704450208203,0.352736,buy,62884,62884,62885,1,0.005,8.97023,43,1794.046,82,1.94829,0.0018,1.95009,8.97523,0.2172746547999327036744462259,strict_trade_through_seen_but_visible_top_not_depleted,,0.002,False,outside_quality_a_b_queue_bands,110,59484,0,6,same_touch_stable_enough,real_bbo_history_touch_stability,2701,1783579701397,43.24117,8.97023,-34.27094,157,43,-114,reset_supported,same_touch_top_qty_or_order_count_reduced,pass,,,,latest_l2_received_before_or_at_candidate,latest_l2_exchange_time_equal_candidate,event_driven_current_l2_plus_rolling_public_trades_proxy_not_exact_queue_or_fill_probability
1096,trades,1783579704226,1783579704494299074,0.268827,buy,62884,62884,62885,1,0.005,8.97023,43,1794.046,82,1.94871,0,1.94871,8.97523,0.2171208982945283853449995153,touched_quote_without_depletion,,0.005,False,missing_same_side_strict_through_support,110,59484,128,6,same_touch_stable_enough,real_bbo_history_touch_stability,2829,1783579701397,43.24117,8.97023,-34.27094,157,43,-114,reset_supported,same_touch_top_qty_or_order_count_reduced,pass,,,,latest_l2_received_before_or_at_candidate,latest_l2_exchange_time_before_candidate,event_driven_current_l2_plus_rolling_public_trades_proxy_not_exact_queue_or_fill_probability
1097,trades,1783579704293,1783579704523813235,0.23136,buy,62884,62884,62885,1,0.005,8.97023,43,1794.046,55,4.02253,0,4.02253,8.97523,0.4481812722348062389487511741,touched_quote_without_depletion,,0.005,False,missing_same_side_strict_through_support,110,59484,195,6,same_touch_stable_enough,real_bbo_history_touch_stability,2896,1783579701397,43.24117,8.97023,-34.27094,157,43,-114,reset_supported,same_touch_top_qty_or_order_count_reduced,pass,,,,latest_l2_received_before_or_at_candidate,latest_l2_exchange_time_before_candidate,event_driven_current_l2_plus_rolling_public_trades_proxy_not_exact_queue_or_fill_probability
1098,trades,1783579704429,1783579704650760533,0.222292,buy,62884,62884,62885,1,0.005,8.97023,43,1794.046,51,4.02325,0,4.02325,8.97523,0.4482614930202345789467233709,touched_quote_without_depletion,,0.005,False,missing_same_side_strict_through_support,110,59484,331,6,same_touch_stable_enough,real_bbo_history_touch_stability,3032,1783579701397,43.24117,8.97023,-34.27094,157,43,-114,reset_supported,same_touch_top_qty_or_order_count_reduced,pass,,,,latest_l2_received_before_or_at_candidate,latest_l2_exchange_time_before_candidate,event_driven_current_l2_plus_rolling_public_trades_proxy_not_exact_queue_or_fill_probability
1099,l2Book,1783579704628,1783579704949677296,0.322201,buy,62884,62884,62885,1,0.005,2.34601,12,469.202,51,4.02325,0,4.02325,2.35101,1.711285787810345340938575336,depleted_top_plus_order_proxy,,0.005,False,missing_same_side_strict_through_support,110,59410,0,7,same_touch_stable_enough,real_bbo_history_touch_stability,3231,1783579701397,43.24117,2.34601,-40.89516,157,12,-145,reset_supported,same_touch_top_qty_or_order_count_reduced,pass,,,,latest_l2_received_before_or_at_candidate,latest_l2_exchange_time_equal_candidate,event_driven_current_l2_plus_rolling_public_trades_proxy_not_exact_queue_or_fill_probability
1100,l2Book,1783579705163,1783579705452012990,0.289536,buy,62884,62884,62885,1,0.005,1.91065,11,382.13,49,4.0228,0,4.0228,1.91565,2.099966068958317020332524208,depleted_top_plus_order_proxy,,0.005,False,missing_same_side_strict_through_support,111,59945,0,8,same_touch_stable_enough,real_bbo_history_touch_stability,3766,1783579701397,43.24117,1.91065,-41.33052,157,11,-146,reset_supported,same_touch_top_qty_or_order_count_reduced,pass,,,,latest_l2_received_before_or_at_candidate,latest_l2_exchange_time_equal_candidate,event_driven_current_l2_plus_rolling_public_trades_proxy_not_exact_queue_or_fill_probability
1101,l2Book,1783579705710,1783579705997082247,0.287587,buy,62884,62884,62885,1,0.005,3.18123,11,636.246,48,4.0228,0,4.0228,3.18623,1.262557944655596112019534057,depleted_top_plus_order_proxy,,0.005,False,missing_same_side_strict_through_support,111,59983,0,9,same_touch_stable_enough,real_bbo_history_touch_stability,4313,1783579701397,43.24117,3.18123,-40.05994,157,11,-146,reset_supported,same_touch_top_qty_or_order_count_reduced,pass,,,,latest_l2_received_before_or_at_candidate,latest_l2_exchange_time_equal_candidate,event_driven_current_l2_plus_rolling_public_trades_proxy_not_exact_queue_or_fill_probability
1102,trades,1783579705975,1783579706177854477,0.203373,buy,62884,62884,62885,1,0.005,3.18123,11,636.246,48,4.0228,0,4.0228,3.18623,1.262557944655596112019534057,depleted_top_plus_order_proxy,,0.005,False,missing_same_side_strict_through_support,110,59435,265,9,same_touch_stable_enough,real_bbo_history_touch_stability,4578,1783579701397,43.24117,3.18123,-40.05994,157,11,-146,reset_supported,same_touch_top_qty_or_order_count_reduced,pass,,,,latest_l2_received_before_or_at_candidate,latest_l2_exchange_time_before_candidate,event_driven_current_l2_plus_rolling_public_trades_proxy_not_exact_queue_or_fill_probability
1103,trades,1783579706045,1783579706320109393,0.275647,buy,62884,62884,62885,1,0.005,3.18123,11,636.246,71,4.1209,0,4.1209,3.18623,1.293346682442887048329844362,depleted_top_plus_order_proxy,,0.005,False,missing_same_side_strict_through_support,110,59435,335,9,same_touch_stable_enough,real_bbo_history_touch_stability,4648,1783579701397,43.24117,3.18123,-40.05994,157,11,-146,reset_supported,same_touch_top_qty_or_order_count_reduced,pass,,,,latest_l2_received_before_or_at_candidate,latest_l2_exchange_time_before_candidate,event_driven_current_l2_plus_rolling_public_trades_proxy_not_exact_queue_or_fill_probability
1104,l2Book,1783579706244,1783579706531972173,0.288518,buy,62884,62884,62885,1,0.005,1.41271,7,282.542,71,4.1209,0,4.1209,1.41771,2.906729867180170838888065966,depleted_top_plus_order_proxy,,0.005,False,missing_same_side_strict_through_support,111,59969,0,10,same_touch_stable_enough,real_bbo_history_touch_stability,4847,1783579701397,43.24117,1.41271,-41.82846,157,7,-150,reset_supported,same_touch_top_qty_or_order_count_reduced,pass,,,,latest_l2_received_before_or_at_candidate,latest_l2_exchange_time_equal_candidate,event_driven_current_l2_plus_rolling_public_trades_proxy_not_exact_queue_or_fill_probability
1105,trades,1783579706651,1783579706870838121,0.220394,buy,62884,62884,62885,1,0.005,1.41271,7,282.542,72,4.12263,0,4.12263,1.41771,2.907950144952070592716422964,depleted_top_plus_order_proxy,,0.005,False,missing_same_side_strict_through_support,110,59307,407,10,same_touch_stable_enough,real_bbo_history_touch_stability,5254,1783579701397,43.24117,1.41271,-41.82846,157,7,-150,reset_supported,same_touch_top_qty_or_order_count_reduced,pass,,,,latest_l2_received_before_or_at_candidate,latest_l2_exchange_time_before_candidate,event_driven_current_l2_plus_rolling_public_trades_proxy_not_exact_queue_or_fill_probability
1106,l2Book,1783579706780,1783579707074673238,0.295597,buy,62884,62884,62885,1,0.005,0.96431,6,192.862,72,4.12263,0,4.12263,0.96931,4.253159463948581980996791532,depleted_top_plus_order_proxy,,0.005,False,missing_same_side_strict_through_support,111,59843,0,11,same_touch_stable_enough,real_bbo_history_touch_stability,5383,1783579701397,43.24117,0.96431,-42.27686,157,6,-151,reset_supported,same_touch_top_qty_or_order_count_reduced,pass,,,,latest_l2_received_before_or_at_candidate,latest_l2_exchange_time_equal_candidate,event_driven_current_l2_plus_rolling_public_trades_proxy_not_exact_queue_or_fill_probability
1107,trades,1783579706852,1783579707108083203,0.256668,buy,62884,62884,62885,1,0.005,0.96431,6,192.862,43,4.11712,0,4.11712,0.96931,4.247475007995378155595217216,depleted_top_plus_order_proxy,,0.005,False,missing_same_side_strict_through_support,111,59843,72,11,same_touch_stable_enough,real_bbo_history_touch_stability,5455,1783579701397,43.24117,0.96431,-42.27686,157,6,-151,reset_supported,same_touch_top_qty_or_order_count_reduced,pass,,,,latest_l2_received_before_or_at_candidate,latest_l2_exchange_time_before_candidate,event_driven_current_l2_plus_rolling_public_trades_proxy_not_exact_queue_or_fill_probability
1108,l2Book,1783579707319,1783579707605281515,0.286823,buy,62884,62884,62885,1,0.005,0.97631,7,195.262,29,0.10123,0,0.10123,0.98131,0.1031580234584382101476597609,touched_quote_without_depletion,,0.005,False,missing_same_side_strict_through_support,111,59912,0,12,same_touch_stable_enough,real_bbo_history_touch_stability,5922,1783579701397,43.24117,0.97631,-42.26486,157,7,-150,reset_supported,same_touch_top_qty_or_order_count_reduced,pass,,,,latest_l2_received_before_or_at_candidate,latest_l2_exchange_time_equal_candidate,event_driven_current_l2_plus_rolling_public_trades_proxy_not_exact_queue_or_fill_probability
1109,l2Book,1783579707868,1783579708157593646,0.290149,buy,62884,62884,62885,1,0.005,0.97631,7,195.262,28,0.10051,0,0.10051,0.98131,0.1024243103606403684870224496,touched_quote_without_depletion,,0.005,False,missing_same_side_strict_through_support,111,59936,0,13,same_touch_stable_enough,real_bbo_history_touch_stability,6471,1783579701397,43.24117,0.97631,-42.26486,157,7,-150,reset_supported,same_touch_top_qty_or_order_count_reduced,pass,,,,latest_l2_received_before_or_at_candidate,latest_l2_exchange_time_equal_candidate,event_driven_current_l2_plus_rolling_public_trades_proxy_not_exact_queue_or_fill_probability
1110,trades,1783579707868,1783579708158372214,0.290669,buy,62884,62884,62885,1,0.005,0.97631,7,195.262,29,0.10051,0,0.10051,0.98131,0.1024243103606403684870224496,touched_quote_without_depletion,,0.005,False,missing_same_side_strict_through_support,111,59936,0,13,same_touch_stable_enough,real_bbo_history_touch_stability,6471,1783579701397,43.24117,0.97631,-42.26486,157,7,-150,reset_supported,same_touch_top_qty_or_order_count_reduced,pass,,,,latest_l2_received_before_or_at_candidate,latest_l2_exchange_time_equal_candidate,event_driven_current_l2_plus_rolling_public_trades_proxy_not_exact_queue_or_fill_probability
1111,trades,1783579708270,1783579708470430283,0.200938,buy,62884,62884,62885,1,0.005,0.97631,7,195.262,32,0.10051,0,0.10051,0.98131,0.1024243103606403684870224496,touched_quote_without_depletion,,0.005,False,missing_same_side_strict_through_support,110,59400,402,13,same_touch_stable_enough,real_bbo_history_touch_stability,6873,1783579701397,43.24117,0.97631,-42.26486,157,7,-150,reset_supported,same_touch_top_qty_or_order_count_reduced,pass,,,,latest_l2_received_before_or_at_candidate,latest_l2_exchange_time_before_candidate,event_driven_current_l2_plus_rolling_public_trades_proxy_not_exact_queue_or_fill_probability
1112,l2Book,1783579708390,1783579708702556780,0.313071,buy,62884,62884,62885,1,0.005,0.97631,7,195.262,32,0.10051,0,0.10051,0.98131,0.1024243103606403684870224496,touched_quote_without_depletion,,0.005,False,missing_same_side_strict_through_support,111,59922,0,14,same_touch_stable_enough,real_bbo_history_touch_stability,6993,1783579701397,43.24117,0.97631,-42.26486,157,7,-150,reset_supported,same_touch_top_qty_or_order_count_reduced,pass,,,,latest_l2_received_before_or_at_candidate,latest_l2_exchange_time_equal_candidate,event_driven_current_l2_plus_rolling_public_trades_proxy_not_exact_queue_or_fill_probability
1113,l2Book,1783579708941,1783579709586063717,0.645558,buy,62884,62884,62885,1,0.005,0.97631,7,195.262,32,0.10051,0,0.10051,0.98131,0.1024243103606403684870224496,touched_quote_without_depletion,,0.005,False,missing_same_side_strict_through_support,111,59945,0,15,same_touch_stable_enough,real_bbo_history_touch_stability,7544,1783579701397,43.24117,0.97631,-42.26486,157,7,-150,reset_supported,same_touch_top_qty_or_order_count_reduced,pass,,,,latest_l2_received_before_or_at_candidate,latest_l2_exchange_time_equal_candidate,event_driven_current_l2_plus_rolling_public_trades_proxy_not_exact_queue_or_fill_probability
1114,l2Book,1783579709475,1783579709779430404,0.304958,buy,62884,62884,62885,1,0.005,0.0919,4,18.38,6,0.00173,0,0.00173,0.0969,0.01785345717234262125902992776,touched_quote_without_depletion,,0.00043,False,missing_same_side_strict_through_support,111,59926,0,16,same_touch_stable_enough,real_bbo_history_touch_stability,8078,1783579701397,43.24117,0.0919,-43.14927,157,4,-153,reset_supported,same_touch_top_qty_or_order_count_reduced,pass,,,,latest_l2_received_before_or_at_candidate,latest_l2_exchange_time_equal_candidate,event_driven_current_l2_plus_rolling_public_trades_proxy_not_exact_queue_or_fill_probability
1115,trades,1783579709877,1783579710083658632,0.207152,buy,62884,62884,62885,1,0.005,0.0919,4,18.38,5,0,0,0,0.0969,0,not_depleted,,0.0,False,missing_same_side_strict_through_support;missing_recent_same_side_at_or_through_throughput,110,59393,402,16,same_touch_stable_enough,real_bbo_history_touch_stability,8480,1783579701397,43.24117,0.0919,-43.14927,157,4,-153,reset_supported,same_touch_top_qty_or_order_count_reduced,pass,,,,latest_l2_received_before_or_at_candidate,latest_l2_exchange_time_before_candidate,event_driven_current_l2_plus_rolling_public_trades_proxy_not_exact_queue_or_fill_probability
1116,l2Book,1783579709999,1783579710281923453,0.283424,buy,62884,62884,62885,1,0.005,0.04487,4,8.974,5,0,0,0,0.04987,0,not_depleted,,0.0,False,missing_same_side_strict_through_support;missing_recent_same_side_at_or_through_throughput,111,59917,0,17,same_touch_stable_enough,real_bbo_history_touch_stability,8602,1783579701397,43.24117,0.04487,-43.1963,157,4,-153,reset_supported,same_touch_top_qty_or_order_count_reduced,pass,,,,latest_l2_received_before_or_at_candidate,latest_l2_exchange_time_equal_candidate,event_driven_current_l2_plus_rolling_public_trades_proxy_not_exact_queue_or_fill_probability
1117,trades,1783579710279,1783579710482747844,0.204268,buy,62884,62884,62885,1,0.005,0.04487,4,8.974,8,0.00072,0,0.00072,0.04987,0.01443753759775416081812713054,touched_quote_without_depletion,,0.00018,False,missing_same_side_strict_through_support,110,59378,280,17,same_touch_stable_enough,real_bbo_history_touch_stability,8882,1783579701397,43.24117,0.04487,-43.1963,157,4,-153,reset_supported,same_touch_top_qty_or_order_count_reduced,pass,,,,latest_l2_received_before_or_at_candidate,latest_l2_exchange_time_before_candidate,event_driven_current_l2_plus_rolling_public_trades_proxy_not_exact_queue_or_fill_probability
1118,l2Book,1783579710602,1783579710902918769,0.301441,buy,62884,62884,62885,1,0.005,0.04415,2,8.83,8,0.00072,0,0.00072,0.04915,0.01464903357070193285859613428,touched_quote_without_depletion,,0.00018,False,missing_same_side_strict_through_support,111,59981,0,18,same_touch_stable_enough,real_bbo_history_touch_stability,9205,1783579701397,43.24117,0.04415,-43.19702,157,2,-155,reset_supported,same_touch_top_qty_or_order_count_reduced,pass,,,,latest_l2_received_before_or_at_candidate,latest_l2_exchange_time_equal_candidate,event_driven_current_l2_plus_rolling_public_trades_proxy_not_exact_queue_or_fill_probability
1119,trades,1783579710682,1783579710925374815,0.24391,buy,62884,62884,62885,1,0.005,0.04415,2,8.83,11,0.00104,0,0.00104,0.04915,0.02115971515768056968463886063,touched_quote_without_depletion,,0.00026,False,missing_same_side_strict_through_support,110,59444,80,18,same_touch_stable_enough,real_bbo_history_touch_stability,9285,1783579701397,43.24117,0.04415,-43.19702,157,2,-155,reset_supported,same_touch_top_qty_or_order_count_reduced,pass,,,,latest_l2_received_before_or_at_candidate,latest_l2_exchange_time_before_candidate,event_driven_current_l2_plus_rolling_public_trades_proxy_not_exact_queue_or_fill_probability
1120,l2Book,1783579711205,1783579711497971520,0.293452,buy,62884,62884,62885,1,0.005,0.044,3,8.8,10,0.00104,0,0.00104,0.049,0.02122448979591836734693877551,touched_quote_without_depletion,,0.00026,False,missing_same_side_strict_through_support,110,59507,0,19,same_touch_stable_enough,real_bbo_history_touch_stability,9808,1783579701397,43.24117,0.044,-43.19717,157,3,-154,reset_supported,same_touch_top_qty_or_order_count_reduced,pass,,,,latest_l2_received_before_or_at_candidate,latest_l2_exchange_time_equal_candidate,event_driven_current_l2_plus_rolling_public_trades_proxy_not_exact_queue_or_fill_probability
1121,l2Book,1783579711752,1783579712024996488,0.273501,buy,62884,62884,62885,1,0.005,0.044,3,8.8,7,0.00104,0,0.00104,0.049,0.02122448979591836734693877551,touched_quote_without_depletion,,0.00026,False,missing_same_side_strict_through_support,110,59518,0,20,same_touch_stable_enough,real_bbo_history_touch_stability,10355,1783579701397,43.24117,0.044,-43.19717,157,3,-154,reset_supported,same_touch_top_qty_or_order_count_reduced,pass,,,,latest_l2_received_before_or_at_candidate,latest_l2_exchange_time_equal_candidate,event_driven_current_l2_plus_rolling_public_trades_proxy_not_exact_queue_or_fill_probability
1122,trades,1783579711886,1783579712102442674,0.216925,buy,62884,62884,62885,1,0.005,0.044,3,8.8,8,0.00104,0,0.00104,0.049,0.02122448979591836734693877551,touched_quote_without_depletion,,0.00026,False,missing_same_side_strict_through_support,110,59518,134,20,same_touch_stable_enough,real_bbo_history_touch_stability,10489,1783579701397,43.24117,0.044,-43.19717,157,3,-154,reset_supported,same_touch_top_qty_or_order_count_reduced,pass,,,,latest_l2_received_before_or_at_candidate,latest_l2_exchange_time_before_candidate,event_driven_current_l2_plus_rolling_public_trades_proxy_not_exact_queue_or_fill_probability
1123,trades,1783579712012,1783579712241669921,0.230175,buy,62884,62884,62885,1,0.005,0.044,3,8.8,10,0.03219,0,0.03219,0.049,0.6569387755102040816326530612,touched_quote_without_depletion,,0.005,False,missing_same_side_strict_through_support,110,59518,260,20,same_touch_stable_enough,real_bbo_history_touch_stability,10615,1783579701397,43.24117,0.044,-43.19717,157,3,-154,reset_supported,same_touch_top_qty_or_order_count_reduced,pass,,,,latest_l2_received_before_or_at_candidate,latest_l2_exchange_time_before_candidate,event_driven_current_l2_plus_rolling_public_trades_proxy_not_exact_queue_or_fill_probability
1124,trades,1783579712089,1783579712281685298,0.193206,buy,62884,62884,62885,1,0.005,0.044,3,8.8,11,0.03219,0,0.03219,0.049,0.6569387755102040816326530612,touched_quote_without_depletion,,0.005,False,missing_same_side_strict_through_support,110,59518,337,20,same_touch_stable_enough,real_bbo_history_touch_stability,10692,1783579701397,43.24117,0.044,-43.19717,157,3,-154,reset_supported,same_touch_top_qty_or_order_count_reduced,pass,,,,latest_l2_received_before_or_at_candidate,latest_l2_exchange_time_before_candidate,event_driven_current_l2_plus_rolling_public_trades_proxy_not_exact_queue_or_fill_probability
1125,l2Book,1783579712292,1783579712586616680,0.295135,buy,62883,62883,62884,1,0.005,0.03985,2,7.97,11,0,0,0,0.04485,0,not_depleted,,0.0,False,missing_same_side_strict_through_support;missing_touch_freshness_or_queue_reset_evidence;missing_recent_same_side_at_or_through_throughput,110,59508,0,1,same_touch_seen_but_not_stable,real_bbo_history_insufficient,0,1783579712292,,0.03985,,,2,,missing,no_prior_same_touch_bbo,block,no_prior_same_touch_bbo,same_touch_seen_but_not_stable,no_prior_same_touch_bbo,latest_l2_received_before_or_at_candidate,latest_l2_exchange_time_equal_candidate,event_driven_current_l2_plus_rolling_public_trades_proxy_not_exact_queue_or_fill_probability
1126,trades,1783579712292,1783579712587495563,0.295783,buy,62883,62883,62884,1,0.005,0.03985,2,7.97,16,0.04,0,0.04,0.04485,0.8918617614269788182831661093,depleted_visible_top_proxy_only,,0.005,False,missing_same_side_strict_through_support;missing_touch_freshness_or_queue_reset_evidence,110,59508,0,1,same_touch_seen_but_not_stable,real_bbo_history_insufficient,0,1783579712292,,0.03985,,,2,,missing,no_prior_same_touch_bbo,block,no_prior_same_touch_bbo,same_touch_seen_but_not_stable,no_prior_same_touch_bbo,latest_l2_received_before_or_at_candidate,latest_l2_exchange_time_equal_candidate,event_driven_current_l2_plus_rolling_public_trades_proxy_not_exact_queue_or_fill_probability
1127,l2Book,1783579712817,1783579713104388333,0.287897,buy,62883,62883,62884,1,0.005,0.03968,1,7.936,16,0.04,0,0.04,0.04468,0.895255147717099373321396598,depleted_visible_top_proxy_only,,0.005,False,missing_same_side_strict_through_support,110,59498,0,2,same_touch_stable_enough,real_bbo_history_touch_stability,525,1783579712292,0.03985,0.03968,-0.00017,2,1,-1,reset_supported,same_touch_top_qty_or_order_count_reduced,pass,,,,latest_l2_received_before_or_at_candidate,latest_l2_exchange_time_equal_candidate,event_driven_current_l2_plus_rolling_public_trades_proxy_not_exact_queue_or_fill_probability
1128,trades,1783579713017,1783579713282601093,0.266135,buy,62883,62883,62884,1,0.005,0.03968,1,7.936,16,0.04,0,0.04,0.04468,0.895255147717099373321396598,depleted_visible_top_proxy_only,,0.005,False,missing_same_side_strict_through_support,110,59498,200,2,same_touch_stable_enough,real_bbo_history_touch_stability,725,1783579712292,0.03985,0.03968,-0.00017,2,1,-1,reset_supported,same_touch_top_qty_or_order_count_reduced,pass,,,,latest_l2_received_before_or_at_candidate,latest_l2_exchange_time_before_candidate,event_driven_current_l2_plus_rolling_public_trades_proxy_not_exact_queue_or_fill_probability
1129,trades,1783579713166,1783579713431869725,0.266421,buy,62883,62883,62884,1,0.005,0.03968,1,7.936,18,0.04,0.0398,0.0798,0.04468,1.786034019695613249776186213,depleted_top_plus_order_proxy,quality_a,0.005,True,,110,59498,349,2,same_touch_stable_enough,real_bbo_history_touch_stability,874,1783579712292,0.03985,0.03968,-0.00017,2,1,-1,reset_supported,same_touch_top_qty_or_order_count_reduced,pass,,,,latest_l2_received_before_or_at_candidate,latest_l2_exchange_time_before_candidate,event_driven_current_l2_plus_rolling_public_trades_proxy_not_exact_queue_or_fill_probability
