event_sequence,source_channel,source_event_exchange_time_ms,fresh_touch_allowed,trigger_found,guard_status,guard_reason,event_to_guard_start_seconds,target_event_to_guard_seconds,live_window_called,private_or_order_endpoint_called_before_trigger
1,l2Book,1784010604955,False,False,not_evaluated,missing_same_side_strict_through_support;missing_touch_freshness_or_queue_reset_evidence;missing_recent_same_side_at_or_through_throughput,,0.5,False,False
2,trades,1784010602052,False,False,not_evaluated,missing_same_side_strict_through_support;missing_touch_freshness_or_queue_reset_evidence,,0.5,False,False
3,l2Book,1784010605483,False,False,not_evaluated,missing_same_side_strict_through_support;missing_recent_same_side_at_or_through_throughput,,0.5,False,False
4,l2Book,1784010606021,False,False,not_evaluated,missing_same_side_strict_through_support;missing_recent_same_side_at_or_through_throughput,,0.5,False,False
5,trades,1784010606224,False,False,not_evaluated,missing_same_side_strict_through_support;missing_recent_same_side_at_or_through_throughput,,0.5,False,False
6,l2Book,1784010606588,False,False,not_evaluated,missing_same_side_strict_through_support;missing_recent_same_side_at_or_through_throughput,,0.5,False,False
7,l2Book,1784010607107,False,False,not_evaluated,missing_same_side_strict_through_support;missing_recent_same_side_at_or_through_throughput,,0.5,False,False
8,trades,1784010607510,False,False,not_evaluated,missing_same_side_strict_through_support;missing_recent_same_side_at_or_through_throughput,,0.5,False,False
9,l2Book,1784010607640,False,False,not_evaluated,missing_same_side_strict_through_support;missing_touch_freshness_or_queue_reset_evidence;missing_recent_same_side_at_or_through_throughput,,0.5,False,False
10,trades,1784010608037,False,False,not_evaluated,missing_same_side_strict_through_support;missing_recent_same_side_at_or_through_throughput,,0.5,False,False
11,l2Book,1784010608177,False,False,not_evaluated,missing_same_side_strict_through_support;missing_touch_freshness_or_queue_reset_evidence,,0.5,False,False
12,l2Book,1784010608702,False,False,not_evaluated,missing_same_side_strict_through_support,,0.5,False,False
13,trades,1784010609052,False,False,not_evaluated,missing_same_side_strict_through_support,,0.5,False,False
14,l2Book,1784010609255,False,False,not_evaluated,missing_same_side_strict_through_support,,0.5,False,False
15,trades,1784010609746,False,False,not_evaluated,missing_same_side_strict_through_support,,0.5,False,False
16,l2Book,1784010609813,False,False,not_evaluated,missing_same_side_strict_through_support,,0.5,False,False
17,l2Book,1784010610343,False,False,not_evaluated,missing_same_side_strict_through_support,,0.5,False,False
18,l2Book,1784010610953,False,False,not_evaluated,missing_same_side_strict_through_support,,0.5,False,False
19,l2Book,1784010611557,False,False,not_evaluated,missing_same_side_strict_through_support,,0.5,False,False
20,l2Book,1784010612161,False,False,not_evaluated,missing_same_side_strict_through_support,,0.5,False,False
21,l2Book,1784010612774,False,False,not_evaluated,missing_same_side_strict_through_support;missing_recent_same_side_at_or_through_throughput,,0.5,False,False
22,l2Book,1784010613380,False,False,not_evaluated,missing_same_side_strict_through_support;missing_recent_same_side_at_or_through_throughput,,0.5,False,False
23,trades,1784010613444,False,False,not_evaluated,missing_same_side_strict_through_support;missing_recent_same_side_at_or_through_throughput,,0.5,False,False
24,l2Book,1784010613913,False,False,not_evaluated,missing_same_side_strict_through_support;missing_recent_same_side_at_or_through_throughput,,0.5,False,False
25,l2Book,1784010614452,False,False,not_evaluated,missing_same_side_strict_through_support;missing_recent_same_side_at_or_through_throughput,,0.5,False,False
26,l2Book,1784010614988,False,False,not_evaluated,missing_same_side_strict_through_support;missing_recent_same_side_at_or_through_throughput,,0.5,False,False
27,trades,1784010615054,False,False,not_evaluated,missing_same_side_strict_through_support;missing_recent_same_side_at_or_through_throughput,,0.5,False,False
28,trades,1784010615325,False,False,not_evaluated,missing_same_side_strict_through_support;missing_recent_same_side_at_or_through_throughput,,0.5,False,False
29,l2Book,1784010615522,False,False,not_evaluated,missing_same_side_strict_through_support;missing_recent_same_side_at_or_through_throughput,,0.5,False,False
30,trades,1784010615798,False,False,not_evaluated,missing_same_side_strict_through_support,,0.5,False,False
31,trades,1784010616001,False,False,not_evaluated,missing_same_side_strict_through_support,,0.5,False,False
32,l2Book,1784010616067,False,False,not_evaluated,missing_same_side_strict_through_support,,0.5,False,False
33,trades,1784010616267,False,False,not_evaluated,missing_same_side_strict_through_support,,0.5,False,False
34,l2Book,1784010616602,False,False,not_evaluated,missing_same_side_strict_through_support,,0.5,False,False
35,l2Book,1784010617138,False,False,not_evaluated,missing_same_side_strict_through_support,,0.5,False,False
36,l2Book,1784010617659,False,False,not_evaluated,missing_same_side_strict_through_support,,0.5,False,False
37,l2Book,1784010618209,False,False,not_evaluated,missing_same_side_strict_through_support,,0.5,False,False
38,trades,1784010618343,False,False,not_evaluated,missing_same_side_strict_through_support,,0.5,False,False
39,l2Book,1784010618745,False,False,not_evaluated,missing_same_side_strict_through_support,,0.5,False,False
40,l2Book,1784010619276,False,False,not_evaluated,missing_same_side_strict_through_support;missing_recent_same_side_at_or_through_throughput,,0.5,False,False
41,l2Book,1784010619816,False,False,not_evaluated,missing_same_side_strict_through_support;missing_recent_same_side_at_or_through_throughput,,0.5,False,False
42,l2Book,1784010620354,False,False,not_evaluated,missing_same_side_strict_through_support;missing_recent_same_side_at_or_through_throughput,,0.5,False,False
43,l2Book,1784010620877,False,False,not_evaluated,missing_same_side_strict_through_support;missing_recent_same_side_at_or_through_throughput,,0.5,False,False
44,l2Book,1784010621427,False,False,not_evaluated,missing_same_side_strict_through_support;missing_recent_same_side_at_or_through_throughput,,0.5,False,False
45,l2Book,1784010621964,False,False,not_evaluated,missing_same_side_strict_through_support;missing_recent_same_side_at_or_through_throughput,,0.5,False,False
46,trades,1784010622165,False,False,not_evaluated,missing_same_side_strict_through_support;missing_recent_same_side_at_or_through_throughput,,0.5,False,False
47,l2Book,1784010622501,False,False,not_evaluated,missing_same_side_strict_through_support;missing_recent_same_side_at_or_through_throughput,,0.5,False,False
48,l2Book,1784010623037,False,False,not_evaluated,missing_same_side_strict_through_support;missing_recent_same_side_at_or_through_throughput,,0.5,False,False
49,l2Book,1784010623575,False,False,not_evaluated,missing_same_side_strict_through_support;missing_recent_same_side_at_or_through_throughput,,0.5,False,False
50,l2Book,1784010624118,False,False,not_evaluated,missing_same_side_strict_through_support;missing_touch_freshness_or_queue_reset_evidence;missing_recent_same_side_at_or_through_throughput,,0.5,False,False
51,trades,1784010624118,False,False,not_evaluated,missing_same_side_strict_through_support;missing_touch_freshness_or_queue_reset_evidence,,0.5,False,False
52,trades,1784010624318,False,False,not_evaluated,missing_same_side_strict_through_support;missing_touch_freshness_or_queue_reset_evidence,,0.5,False,False
53,l2Book,1784010624641,False,False,not_evaluated,missing_same_side_strict_through_support;missing_touch_freshness_or_queue_reset_evidence,,0.5,False,False
54,trades,1784010625110,False,False,not_evaluated,missing_same_side_strict_through_support,,0.5,False,False
55,l2Book,1784010625182,False,False,not_evaluated,missing_same_side_strict_through_support,,0.5,False,False
56,l2Book,1784010625725,False,False,not_evaluated,missing_same_side_strict_through_support,,0.5,False,False
57,l2Book,1784010626263,False,False,not_evaluated,missing_same_side_strict_through_support,,0.5,False,False
58,l2Book,1784010626798,False,False,not_evaluated,missing_same_side_strict_through_support,,0.5,False,False
59,trades,1784010627006,False,False,not_evaluated,missing_same_side_strict_through_support,,0.5,False,False
60,l2Book,1784010627344,False,False,not_evaluated,missing_same_side_strict_through_support,,0.5,False,False
61,trades,1784010627545,False,False,not_evaluated,missing_same_side_strict_through_support,,0.5,False,False
62,trades,1784010627745,False,False,not_evaluated,missing_same_side_strict_through_support,,0.5,False,False
63,l2Book,1784010627879,False,False,not_evaluated,missing_same_side_strict_through_support,,0.5,False,False
64,trades,1784010628013,False,False,not_evaluated,missing_same_side_strict_through_support,,0.5,False,False
65,l2Book,1784010628416,False,False,not_evaluated,missing_same_side_strict_through_support,,0.5,False,False
66,l2Book,1784010628952,False,False,not_evaluated,missing_same_side_strict_through_support,,0.5,False,False
67,l2Book,1784010629500,False,False,not_evaluated,missing_same_side_strict_through_support,,0.5,False,False
68,l2Book,1784010630041,False,False,not_evaluated,missing_same_side_strict_through_support,,0.5,False,False
69,trades,1784010630041,False,False,not_evaluated,missing_same_side_strict_through_support,,0.5,False,False
70,l2Book,1784010630588,False,False,not_evaluated,missing_same_side_strict_through_support;missing_recent_same_side_at_or_through_throughput,,0.5,False,False
71,l2Book,1784010631110,False,False,not_evaluated,missing_same_side_strict_through_support;missing_recent_same_side_at_or_through_throughput,,0.5,False,False
72,trades,1784010631182,False,False,not_evaluated,missing_same_side_strict_through_support;missing_recent_same_side_at_or_through_throughput,,0.5,False,False
73,l2Book,1784010631657,False,False,not_evaluated,missing_same_side_strict_through_support;missing_recent_same_side_at_or_through_throughput,,0.5,False,False
74,trades,1784010632060,False,False,not_evaluated,missing_same_side_strict_through_support,,0.5,False,False
75,l2Book,1784010632165,False,False,not_evaluated,missing_same_side_strict_through_support,,0.5,False,False
76,l2Book,1784010632718,False,False,not_evaluated,missing_same_side_strict_through_support,,0.5,False,False
77,l2Book,1784010633268,False,False,not_evaluated,missing_same_side_strict_through_support,,0.5,False,False
78,trades,1784010633268,False,False,not_evaluated,missing_same_side_strict_through_support,,0.5,False,False
79,l2Book,1784010633804,False,False,not_evaluated,missing_same_side_strict_through_support,,0.5,False,False
80,l2Book,1784010634331,False,False,not_evaluated,missing_touch_freshness_or_queue_reset_evidence,,0.5,False,False
81,l2Book,1784010634935,False,False,not_evaluated,outside_quality_a_b_queue_bands,,0.5,False,False
82,l2Book,1784010635474,False,False,not_evaluated,outside_quality_a_b_queue_bands,,0.5,False,False
83,trades,1784010635740,False,False,not_evaluated,outside_quality_a_b_queue_bands,,0.5,False,False
84,l2Book,1784010636010,False,False,not_evaluated,outside_quality_a_b_queue_bands,,0.5,False,False
85,trades,1784010636416,False,False,not_evaluated,missing_same_side_strict_through_support;missing_recent_same_side_at_or_through_throughput,,0.5,False,False
86,l2Book,1784010636544,False,False,not_evaluated,missing_same_side_strict_through_support;missing_recent_same_side_at_or_through_throughput,,0.5,False,False
87,l2Book,1784010637087,False,False,not_evaluated,missing_same_side_strict_through_support;missing_recent_same_side_at_or_through_throughput,,0.5,False,False
88,l2Book,1784010637624,False,False,not_evaluated,missing_same_side_strict_through_support;missing_recent_same_side_at_or_through_throughput,,0.5,False,False
89,trades,1784010638019,False,False,not_evaluated,missing_same_side_strict_through_support,,0.5,False,False
90,l2Book,1784010638157,False,False,not_evaluated,missing_touch_freshness_or_queue_reset_evidence,,0.5,False,False
91,trades,1784010638620,False,False,not_evaluated,outside_quality_a_b_queue_bands,,0.5,False,False
92,l2Book,1784010638695,False,False,not_evaluated,outside_quality_a_b_queue_bands,,0.5,False,False
93,l2Book,1784010639226,False,False,not_evaluated,outside_quality_a_b_queue_bands,,0.5,False,False
94,l2Book,1784010639791,False,False,not_evaluated,outside_quality_a_b_queue_bands,,0.5,False,False
95,trades,1784010639926,False,False,not_evaluated,outside_quality_a_b_queue_bands,,0.5,False,False
96,trades,1784010640263,False,False,not_evaluated,outside_quality_a_b_queue_bands,,0.5,False,False
97,l2Book,1784010640331,False,False,not_evaluated,missing_touch_freshness_or_queue_reset_evidence,,0.5,False,False
98,l2Book,1784010640873,False,False,not_evaluated,outside_quality_a_b_queue_bands,,0.5,False,False
99,l2Book,1784010641407,False,False,not_evaluated,outside_quality_a_b_queue_bands,,0.5,False,False
100,l2Book,1784010641945,False,False,not_evaluated,missing_same_side_strict_through_support;missing_recent_same_side_at_or_through_throughput,,0.5,False,False
101,l2Book,1784010642479,False,False,not_evaluated,missing_same_side_strict_through_support;missing_recent_same_side_at_or_through_throughput,,0.5,False,False
102,l2Book,1784010643015,False,False,not_evaluated,missing_same_side_strict_through_support;missing_recent_same_side_at_or_through_throughput,,0.5,False,False
103,l2Book,1784010643552,False,False,not_evaluated,missing_same_side_strict_through_support;missing_recent_same_side_at_or_through_throughput,,0.5,False,False
104,l2Book,1784010644090,False,False,not_evaluated,missing_same_side_strict_through_support;missing_recent_same_side_at_or_through_throughput,,0.5,False,False
105,l2Book,1784010644625,False,False,not_evaluated,missing_same_side_strict_through_support;missing_recent_same_side_at_or_through_throughput,,0.5,False,False
106,trades,1784010645029,False,False,not_evaluated,missing_same_side_strict_through_support;missing_recent_same_side_at_or_through_throughput,,0.5,False,False
107,l2Book,1784010645164,False,False,not_evaluated,missing_same_side_strict_through_support;missing_touch_freshness_or_queue_reset_evidence;missing_recent_same_side_at_or_through_throughput,,0.5,False,False
108,l2Book,1784010645697,False,False,not_evaluated,missing_same_side_strict_through_support;missing_recent_same_side_at_or_through_throughput,,0.5,False,False
109,trades,1784010645842,False,False,not_evaluated,missing_same_side_strict_through_support;missing_recent_same_side_at_or_through_throughput,,0.5,False,False
110,l2Book,1784010646241,False,False,not_evaluated,missing_same_side_strict_through_support;missing_recent_same_side_at_or_through_throughput,,0.5,False,False
111,l2Book,1784010646777,False,False,not_evaluated,missing_same_side_strict_through_support;missing_recent_same_side_at_or_through_throughput,,0.5,False,False
112,l2Book,1784010647312,False,False,not_evaluated,missing_same_side_strict_through_support;missing_recent_same_side_at_or_through_throughput,,0.5,False,False
113,trades,1784010647715,False,False,not_evaluated,missing_same_side_strict_through_support;missing_recent_same_side_at_or_through_throughput,,0.5,False,False
114,l2Book,1784010647852,False,False,not_evaluated,missing_same_side_strict_through_support;missing_touch_freshness_or_queue_reset_evidence;missing_recent_same_side_at_or_through_throughput,,0.5,False,False
115,l2Book,1784010648386,False,False,not_evaluated,missing_same_side_strict_through_support;missing_touch_freshness_or_queue_reset_evidence;missing_recent_same_side_at_or_through_throughput,,0.5,False,False
116,l2Book,1784010648922,False,False,not_evaluated,missing_same_side_strict_through_support;missing_recent_same_side_at_or_through_throughput,,0.5,False,False
117,trades,1784010649189,False,False,not_evaluated,missing_same_side_strict_through_support;missing_recent_same_side_at_or_through_throughput,,0.5,False,False
118,l2Book,1784010649461,False,False,not_evaluated,missing_same_side_strict_through_support;missing_recent_same_side_at_or_through_throughput,,0.5,False,False
119,trades,1784010649461,False,False,not_evaluated,missing_same_side_strict_through_support;missing_recent_same_side_at_or_through_throughput,,0.5,False,False
120,l2Book,1784010649997,False,False,not_evaluated,missing_same_side_strict_through_support;missing_recent_same_side_at_or_through_throughput,,0.5,False,False
121,l2Book,1784010650534,False,False,not_evaluated,missing_same_side_strict_through_support;missing_recent_same_side_at_or_through_throughput,,0.5,False,False
122,l2Book,1784010651069,False,False,not_evaluated,missing_same_side_strict_through_support;missing_recent_same_side_at_or_through_throughput,,0.5,False,False
123,l2Book,1784010651614,False,False,not_evaluated,missing_same_side_strict_through_support;missing_recent_same_side_at_or_through_throughput,,0.5,False,False
124,l2Book,1784010652152,False,False,not_evaluated,missing_same_side_strict_through_support;missing_recent_same_side_at_or_through_throughput,,0.5,False,False
125,l2Book,1784010652686,False,False,not_evaluated,missing_same_side_strict_through_support;missing_recent_same_side_at_or_through_throughput,,0.5,False,False
126,trades,1784010653160,False,False,not_evaluated,missing_same_side_strict_through_support;missing_recent_same_side_at_or_through_throughput,,0.5,False,False
127,l2Book,1784010653225,False,False,not_evaluated,missing_same_side_strict_through_support;missing_recent_same_side_at_or_through_throughput,,0.5,False,False
128,l2Book,1784010653746,False,False,not_evaluated,missing_same_side_strict_through_support;missing_recent_same_side_at_or_through_throughput,,0.5,False,False
129,trades,1784010653896,False,False,not_evaluated,missing_same_side_strict_through_support;missing_recent_same_side_at_or_through_throughput,,0.5,False,False
130,trades,1784010654097,False,False,not_evaluated,missing_same_side_strict_through_support;missing_recent_same_side_at_or_through_throughput,,0.5,False,False
131,l2Book,1784010654300,False,False,not_evaluated,missing_same_side_strict_through_support;missing_recent_same_side_at_or_through_throughput,,0.5,False,False
132,l2Book,1784010654840,False,False,not_evaluated,missing_same_side_strict_through_support;missing_recent_same_side_at_or_through_throughput,,0.5,False,False
133,trades,1784010655043,False,False,not_evaluated,missing_same_side_strict_through_support,,0.5,False,False
134,l2Book,1784010655374,False,False,not_evaluated,missing_same_side_strict_through_support,,0.5,False,False
135,l2Book,1784010655914,False,False,not_evaluated,missing_same_side_strict_through_support,,0.5,False,False
136,trades,1784010656386,False,False,not_evaluated,missing_same_side_strict_through_support,,0.5,False,False
137,l2Book,1784010656452,False,False,not_evaluated,missing_same_side_strict_through_support,,0.5,False,False
138,trades,1784010656452,False,False,not_evaluated,missing_same_side_strict_through_support,,0.5,False,False
139,trades,1784010656920,False,False,not_evaluated,missing_same_side_strict_through_support,,0.5,False,False
140,l2Book,1784010656986,False,False,not_evaluated,missing_same_side_strict_through_support,,0.5,False,False
141,trades,1784010656986,False,False,not_evaluated,missing_same_side_strict_through_support,,0.5,False,False
142,trades,1784010657053,False,False,not_evaluated,missing_same_side_strict_through_support,,0.5,False,False
143,trades,1784010657119,False,False,not_evaluated,missing_same_side_strict_through_support,,0.5,False,False
144,l2Book,1784010657528,False,False,not_evaluated,missing_same_side_strict_through_support,,0.5,False,False
145,trades,1784010657660,False,False,not_evaluated,missing_same_side_strict_through_support,,0.5,False,False
146,trades,1784010657795,False,False,not_evaluated,missing_same_side_strict_through_support,,0.5,False,False
147,trades,1784010657863,False,False,not_evaluated,missing_same_side_strict_through_support,,0.5,False,False
148,trades,1784010657932,False,False,not_evaluated,missing_same_side_strict_through_support,,0.5,False,False
149,l2Book,1784010658061,False,False,not_evaluated,missing_same_side_strict_through_support;missing_recent_same_side_at_or_through_throughput,,0.5,False,False
150,trades,1784010658061,False,False,not_evaluated,missing_same_side_strict_through_support;missing_recent_same_side_at_or_through_throughput,,0.5,False,False
151,l2Book,1784010658597,False,False,not_evaluated,missing_same_side_strict_through_support;missing_recent_same_side_at_or_through_throughput,,0.5,False,False
152,trades,1784010658597,False,False,not_evaluated,missing_same_side_strict_through_support;missing_recent_same_side_at_or_through_throughput,,0.5,False,False
153,trades,1784010658931,False,False,not_evaluated,missing_same_side_strict_through_support,,0.5,False,False
154,l2Book,1784010659125,False,False,not_evaluated,missing_same_side_strict_through_support,,0.5,False,False
155,trades,1784010659535,False,False,not_evaluated,missing_same_side_strict_through_support,,0.5,False,False
156,l2Book,1784010659671,False,False,not_evaluated,missing_same_side_strict_through_support,,0.5,False,False
157,trades,1784010659870,False,False,not_evaluated,missing_same_side_strict_through_support,,0.5,False,False
158,trades,1784010660006,False,False,not_evaluated,missing_same_side_strict_through_support,,0.5,False,False
159,l2Book,1784010660207,False,False,not_evaluated,missing_same_side_strict_through_support,,0.5,False,False
160,trades,1784010660273,False,False,not_evaluated,missing_same_side_strict_through_support,,0.5,False,False
161,l2Book,1784010660755,False,False,not_evaluated,missing_same_side_strict_through_support,,0.5,False,False
162,trades,1784010660959,False,False,not_evaluated,missing_same_side_strict_through_support,,0.5,False,False
163,trades,1784010661090,False,False,not_evaluated,missing_same_side_strict_through_support,,0.5,False,False
164,l2Book,1784010661292,False,False,not_evaluated,missing_same_side_strict_through_support,,0.5,False,False
165,l2Book,1784010661810,False,False,not_evaluated,missing_same_side_strict_through_support,,0.5,False,False
166,trades,1784010662027,False,False,not_evaluated,missing_same_side_strict_through_support,,0.5,False,False
167,trades,1784010662146,False,False,not_evaluated,missing_same_side_strict_through_support,,0.5,False,False
168,l2Book,1784010662363,False,False,not_evaluated,missing_same_side_strict_through_support,,0.5,False,False
169,trades,1784010662484,False,False,not_evaluated,missing_same_side_strict_through_support,,0.5,False,False
170,l2Book,1784010662888,False,False,not_evaluated,missing_same_side_strict_through_support,,0.5,False,False
171,trades,1784010662888,False,False,not_evaluated,missing_same_side_strict_through_support,,0.5,False,False
172,trades,1784010663091,False,False,not_evaluated,missing_same_side_strict_through_support,,0.5,False,False
173,trades,1784010663171,False,False,not_evaluated,missing_same_side_strict_through_support,,0.5,False,False
174,trades,1784010663236,False,False,not_evaluated,missing_same_side_strict_through_support,,0.5,False,False
175,l2Book,1784010663437,False,False,not_evaluated,missing_same_side_strict_through_support,,0.5,False,False
176,l2Book,1784010663973,False,False,not_evaluated,missing_same_side_strict_through_support,,0.5,False,False
177,l2Book,1784010664505,False,False,not_evaluated,missing_same_side_strict_through_support,,0.5,False,False
178,trades,1784010664775,False,False,not_evaluated,missing_same_side_strict_through_support,,0.5,False,False
179,trades,1784010664843,False,False,not_evaluated,missing_same_side_strict_through_support,,0.5,False,False
180,l2Book,1784010665043,False,False,not_evaluated,missing_same_side_strict_through_support;missing_recent_same_side_at_or_through_throughput,,0.5,False,False
181,l2Book,1784010665581,False,False,not_evaluated,missing_same_side_strict_through_support;missing_recent_same_side_at_or_through_throughput,,0.5,False,False
182,trades,1784010665915,False,False,not_evaluated,missing_same_side_strict_through_support,,0.5,False,False
183,l2Book,1784010666117,False,False,not_evaluated,missing_same_side_strict_through_support,,0.5,False,False
184,l2Book,1784010666662,False,False,not_evaluated,missing_same_side_strict_through_support,,0.5,False,False
185,l2Book,1784010667200,False,False,not_evaluated,missing_same_side_strict_through_support,,0.5,False,False
186,trades,1784010667401,False,False,not_evaluated,missing_same_side_strict_through_support,,0.5,False,False
187,trades,1784010667673,False,False,not_evaluated,missing_same_side_strict_through_support,,0.5,False,False
188,l2Book,1784010667736,False,False,not_evaluated,missing_same_side_strict_through_support,,0.5,False,False
189,trades,1784010668009,False,False,not_evaluated,missing_same_side_strict_through_support,,0.5,False,False
190,trades,1784010668074,False,False,not_evaluated,missing_same_side_strict_through_support,,0.5,False,False
191,trades,1784010668207,False,False,not_evaluated,missing_same_side_strict_through_support,,0.5,False,False
192,l2Book,1784010668274,False,False,not_evaluated,missing_same_side_strict_through_support,,0.5,False,False
193,trades,1784010668274,False,False,not_evaluated,missing_same_side_strict_through_support,,0.5,False,False
194,trades,1784010668409,False,False,not_evaluated,missing_same_side_strict_through_support,,0.5,False,False
195,trades,1784010668487,False,False,not_evaluated,missing_same_side_strict_through_support,,0.5,False,False
196,l2Book,1784010668820,False,False,not_evaluated,missing_same_side_strict_through_support,,0.5,False,False
197,trades,1784010668886,False,False,not_evaluated,missing_same_side_strict_through_support,,0.5,False,False
198,trades,1784010669218,False,False,not_evaluated,missing_same_side_strict_through_support,,0.5,False,False
199,l2Book,1784010669353,False,False,not_evaluated,missing_same_side_strict_through_support,,0.5,False,False
200,l2Book,1784010669887,False,False,not_evaluated,missing_same_side_strict_through_support,,0.5,False,False
201,trades,1784010670022,False,False,not_evaluated,missing_same_side_strict_through_support,,0.5,False,False
202,trades,1784010670155,False,False,not_evaluated,missing_same_side_strict_through_support,,0.5,False,False
203,l2Book,1784010670421,False,False,not_evaluated,missing_same_side_strict_through_support,,0.5,False,False
204,trades,1784010670828,False,False,not_evaluated,missing_same_side_strict_through_support,,0.5,False,False
205,l2Book,1784010670970,False,False,not_evaluated,missing_same_side_strict_through_support,,0.5,False,False
206,l2Book,1784010671488,False,False,not_evaluated,missing_same_side_strict_through_support,,0.5,False,False
207,trades,1784010671488,False,False,not_evaluated,missing_same_side_strict_through_support,,0.5,False,False
208,trades,1784010671965,False,False,not_evaluated,missing_same_side_strict_through_support,,0.5,False,False
209,l2Book,1784010672029,False,False,not_evaluated,missing_same_side_strict_through_support,,0.5,False,False
210,trades,1784010672166,False,False,not_evaluated,missing_same_side_strict_through_support,,0.5,False,False
211,l2Book,1784010672569,False,False,not_evaluated,missing_same_side_strict_through_support,,0.5,False,False
212,trades,1784010672901,False,False,not_evaluated,missing_same_side_strict_through_support,,0.5,False,False
213,l2Book,1784010673102,False,False,not_evaluated,missing_same_side_strict_through_support,,0.5,False,False
214,l2Book,1784010673638,False,False,not_evaluated,missing_same_side_strict_through_support,,0.5,False,False
215,l2Book,1784010674176,False,False,not_evaluated,missing_same_side_strict_through_support,,0.5,False,False
216,l2Book,1784010674710,False,False,not_evaluated,missing_same_side_strict_through_support,,0.5,False,False
217,trades,1784010675045,False,False,not_evaluated,missing_same_side_strict_through_support,,0.5,False,False
218,trades,1784010675113,False,False,not_evaluated,missing_same_side_strict_through_support,,0.5,False,False
219,trades,1784010675179,False,False,not_evaluated,missing_same_side_strict_through_support,,0.5,False,False
220,l2Book,1784010675249,False,False,not_evaluated,missing_same_side_strict_through_support,,0.5,False,False
221,trades,1784010675249,False,False,not_evaluated,missing_same_side_strict_through_support,,0.5,False,False
222,trades,1784010675316,False,False,not_evaluated,missing_same_side_strict_through_support,,0.5,False,False
223,trades,1784010675457,False,False,not_evaluated,missing_same_side_strict_through_support,,0.5,False,False
224,l2Book,1784010675784,False,False,not_evaluated,missing_same_side_strict_through_support,,0.5,False,False
225,l2Book,1784010676328,False,False,not_evaluated,missing_same_side_strict_through_support,,0.5,False,False
226,l2Book,1784010676853,False,False,not_evaluated,missing_same_side_strict_through_support,,0.5,False,False
227,l2Book,1784010677393,False,False,not_evaluated,missing_same_side_strict_through_support,,0.5,False,False
228,trades,1784010677733,False,False,not_evaluated,missing_same_side_strict_through_support,,0.5,False,False
229,l2Book,1784010677932,False,False,not_evaluated,missing_same_side_strict_through_support,,0.5,False,False
230,l2Book,1784010678475,False,False,not_evaluated,missing_same_side_strict_through_support,,0.5,False,False
231,l2Book,1784010679004,False,False,not_evaluated,missing_same_side_strict_through_support,,0.5,False,False
232,trades,1784010679357,False,False,not_evaluated,missing_same_side_strict_through_support,,0.5,False,False
233,l2Book,1784010679558,False,False,not_evaluated,missing_same_side_strict_through_support,,0.5,False,False
234,l2Book,1784010680093,False,False,not_evaluated,missing_same_side_strict_through_support,,0.5,False,False
235,l2Book,1784010680646,False,False,not_evaluated,missing_same_side_strict_through_support,,0.5,False,False
236,l2Book,1784010681181,False,False,not_evaluated,missing_same_side_strict_through_support;missing_recent_same_side_at_or_through_throughput,,0.5,False,False
237,trades,1784010681181,False,False,not_evaluated,missing_same_side_strict_through_support,,0.5,False,False
238,l2Book,1784010681782,False,False,not_evaluated,missing_same_side_strict_through_support,,0.5,False,False
239,l2Book,1784010682388,False,False,not_evaluated,missing_same_side_strict_through_support,,0.5,False,False
240,l2Book,1784010682923,False,False,not_evaluated,missing_same_side_strict_through_support,,0.5,False,False
241,l2Book,1784010683462,False,False,not_evaluated,missing_same_side_strict_through_support,,0.5,False,False
242,l2Book,1784010683999,False,False,not_evaluated,missing_same_side_strict_through_support,,0.5,False,False
243,trades,1784010684335,False,False,not_evaluated,missing_same_side_strict_through_support;missing_recent_same_side_at_or_through_throughput,,0.5,False,False
244,trades,1784010684404,False,False,not_evaluated,missing_same_side_strict_through_support;missing_recent_same_side_at_or_through_throughput,,0.5,False,False
245,trades,1784010684475,False,False,not_evaluated,missing_same_side_strict_through_support;missing_recent_same_side_at_or_through_throughput,,0.5,False,False
246,l2Book,1784010684531,False,False,not_evaluated,missing_same_side_strict_through_support;missing_recent_same_side_at_or_through_throughput,,0.5,False,False
247,trades,1784010685007,False,False,not_evaluated,missing_same_side_strict_through_support,,0.5,False,False
248,l2Book,1784010685074,False,False,not_evaluated,missing_same_side_strict_through_support,,0.5,False,False
249,trades,1784010685418,False,False,not_evaluated,missing_same_side_strict_through_support,,0.5,False,False
250,l2Book,1784010685618,False,False,not_evaluated,missing_same_side_strict_through_support,,0.5,False,False
251,l2Book,1784010686155,False,False,not_evaluated,missing_same_side_strict_through_support,,0.5,False,False
252,trades,1784010686155,False,False,not_evaluated,missing_same_side_strict_through_support,,0.5,False,False
253,l2Book,1784010686692,False,False,not_evaluated,missing_same_side_strict_through_support,,0.5,False,False
254,trades,1784010687026,False,False,not_evaluated,missing_same_side_strict_through_support,,0.5,False,False
255,l2Book,1784010687227,False,False,not_evaluated,missing_same_side_strict_through_support,,0.5,False,False
256,trades,1784010687294,False,False,not_evaluated,missing_same_side_strict_through_support,,0.5,False,False
257,l2Book,1784010687769,False,False,not_evaluated,missing_same_side_strict_through_support,,0.5,False,False
258,trades,1784010688034,False,False,not_evaluated,missing_same_side_strict_through_support,,0.5,False,False
259,l2Book,1784010688308,False,False,not_evaluated,missing_same_side_strict_through_support,,0.5,False,False
260,trades,1784010688576,False,False,not_evaluated,missing_same_side_strict_through_support,,0.5,False,False
261,l2Book,1784010688843,False,False,not_evaluated,missing_same_side_strict_through_support,,0.5,False,False
262,l2Book,1784010689381,False,False,not_evaluated,missing_same_side_strict_through_support,,0.5,False,False
263,l2Book,1784010689918,False,False,not_evaluated,missing_same_side_strict_through_support,,0.5,False,False
264,trades,1784010689918,False,False,not_evaluated,missing_same_side_strict_through_support,,0.5,False,False
265,trades,1784010690053,False,False,not_evaluated,missing_same_side_strict_through_support,,0.5,False,False
266,l2Book,1784010690463,False,False,not_evaluated,missing_same_side_strict_through_support,,0.5,False,False
267,l2Book,1784010690999,False,False,not_evaluated,missing_same_side_strict_through_support,,0.5,False,False
268,l2Book,1784010691538,False,False,not_evaluated,missing_same_side_strict_through_support,,0.5,False,False
269,trades,1784010691603,False,False,not_evaluated,missing_same_side_strict_through_support;missing_recent_same_side_at_or_through_throughput,,0.5,False,False
270,trades,1784010692005,False,False,not_evaluated,missing_same_side_strict_through_support,,0.5,False,False
271,l2Book,1784010692072,False,False,not_evaluated,missing_same_side_strict_through_support,,0.5,False,False
272,l2Book,1784010692609,False,False,not_evaluated,missing_same_side_strict_through_support,,0.5,False,False
273,l2Book,1784010693144,False,False,not_evaluated,missing_same_side_strict_through_support,,0.5,False,False
274,trades,1784010693620,False,False,not_evaluated,missing_same_side_strict_through_support,,0.5,False,False
275,l2Book,1784010693689,False,False,not_evaluated,missing_same_side_strict_through_support,,0.5,False,False
276,trades,1784010693689,False,False,not_evaluated,missing_same_side_strict_through_support,,0.5,False,False
277,trades,1784010693751,False,False,not_evaluated,missing_same_side_strict_through_support,,0.5,False,False
278,l2Book,1784010694226,False,False,not_evaluated,missing_same_side_strict_through_support,,0.5,False,False
279,trades,1784010694226,False,False,not_evaluated,missing_same_side_strict_through_support,,0.5,False,False
280,trades,1784010694291,False,False,not_evaluated,missing_same_side_strict_through_support,,0.5,False,False
281,trades,1784010694431,False,False,not_evaluated,missing_same_side_strict_through_support,,0.5,False,False
282,trades,1784010694495,False,False,not_evaluated,missing_same_side_strict_through_support,,0.5,False,False
283,l2Book,1784010694765,False,False,not_evaluated,missing_same_side_strict_through_support,,0.5,False,False
284,trades,1784010695027,False,False,not_evaluated,missing_same_side_strict_through_support;missing_recent_same_side_at_or_through_throughput,,0.5,False,False
285,trades,1784010695167,False,False,not_evaluated,missing_same_side_strict_through_support;missing_recent_same_side_at_or_through_throughput,,0.5,False,False
286,l2Book,1784010695303,False,False,not_evaluated,missing_same_side_strict_through_support;missing_recent_same_side_at_or_through_throughput,,0.5,False,False
287,trades,1784010695702,False,False,not_evaluated,missing_same_side_strict_through_support;missing_recent_same_side_at_or_through_throughput,,0.5,False,False
288,trades,1784010695776,False,False,not_evaluated,missing_same_side_strict_through_support;missing_recent_same_side_at_or_through_throughput,,0.5,False,False
289,l2Book,1784010695832,False,False,not_evaluated,missing_same_side_strict_through_support;missing_recent_same_side_at_or_through_throughput,,0.5,False,False
290,trades,1784010695902,False,False,not_evaluated,missing_same_side_strict_through_support;missing_recent_same_side_at_or_through_throughput,,0.5,False,False
291,l2Book,1784010696388,False,False,not_evaluated,missing_same_side_strict_through_support;missing_recent_same_side_at_or_through_throughput,,0.5,False,False
292,trades,1784010696388,False,False,not_evaluated,missing_same_side_strict_through_support;missing_recent_same_side_at_or_through_throughput,,0.5,False,False
293,trades,1784010696660,False,False,not_evaluated,missing_same_side_strict_through_support;missing_recent_same_side_at_or_through_throughput,,0.5,False,False
294,l2Book,1784010696929,False,False,not_evaluated,missing_same_side_strict_through_support;missing_recent_same_side_at_or_through_throughput,,0.5,False,False
295,trades,1784010697243,False,False,not_evaluated,missing_same_side_strict_through_support;missing_recent_same_side_at_or_through_throughput,,0.5,False,False
296,trades,1784010697385,False,False,not_evaluated,missing_same_side_strict_through_support;missing_recent_same_side_at_or_through_throughput,,0.5,False,False
297,l2Book,1784010697459,False,False,not_evaluated,missing_same_side_strict_through_support;missing_recent_same_side_at_or_through_throughput,,0.5,False,False
298,trades,1784010697951,False,False,not_evaluated,missing_same_side_strict_through_support;missing_recent_same_side_at_or_through_throughput,,0.5,False,False
299,l2Book,1784010698018,False,False,not_evaluated,missing_same_side_strict_through_support;missing_recent_same_side_at_or_through_throughput,,0.5,False,False
300,trades,1784010698018,False,False,not_evaluated,missing_same_side_strict_through_support,,0.5,False,False
301,trades,1784010698424,False,False,not_evaluated,missing_same_side_strict_through_support,,0.5,False,False
302,trades,1784010698492,False,False,not_evaluated,missing_same_side_strict_through_support,,0.5,False,False
303,l2Book,1784010698558,False,False,not_evaluated,missing_same_side_strict_through_support,,0.5,False,False
304,trades,1784010698692,False,False,not_evaluated,missing_same_side_strict_through_support,,0.5,False,False
305,trades,1784010698759,False,False,not_evaluated,missing_same_side_strict_through_support,,0.5,False,False
306,trades,1784010699028,False,False,not_evaluated,missing_same_side_strict_through_support,,0.5,False,False
307,l2Book,1784010699094,False,False,not_evaluated,missing_same_side_strict_through_support,,0.5,False,False
308,trades,1784010699094,False,False,not_evaluated,missing_same_side_strict_through_support,,0.5,False,False
309,trades,1784010699162,False,False,not_evaluated,missing_same_side_strict_through_support,,0.5,False,False
310,trades,1784010699370,False,False,not_evaluated,missing_same_side_strict_through_support,,0.5,False,False
311,trades,1784010699437,False,False,not_evaluated,missing_same_side_strict_through_support,,0.5,False,False
312,l2Book,1784010699637,False,False,not_evaluated,missing_same_side_strict_through_support,,0.5,False,False
313,trades,1784010699637,False,False,not_evaluated,missing_same_side_strict_through_support,,0.5,False,False
314,trades,1784010699704,False,False,not_evaluated,missing_same_side_strict_through_support,,0.5,False,False
315,l2Book,1784010700172,False,False,not_evaluated,missing_same_side_strict_through_support,,0.5,False,False
316,trades,1784010700306,False,False,not_evaluated,missing_same_side_strict_through_support,,0.5,False,False
317,l2Book,1784010700709,False,False,not_evaluated,missing_same_side_strict_through_support,,0.5,False,False
318,l2Book,1784010701229,False,False,not_evaluated,missing_same_side_strict_through_support,,0.5,False,False
319,l2Book,1784010701784,False,False,not_evaluated,missing_same_side_strict_through_support,,0.5,False,False
320,trades,1784010701919,False,False,not_evaluated,missing_same_side_strict_through_support,,0.5,False,False
321,trades,1784010701985,False,False,not_evaluated,missing_same_side_strict_through_support,,0.5,False,False
322,l2Book,1784010702320,False,False,not_evaluated,missing_same_side_strict_through_support,,0.5,False,False
323,l2Book,1784010702926,False,False,not_evaluated,missing_same_side_strict_through_support,,0.5,False,False
324,trades,1784010702926,False,False,not_evaluated,missing_same_side_strict_through_support,,0.5,False,False
325,trades,1784010702993,False,False,not_evaluated,missing_same_side_strict_through_support,,0.5,False,False
326,trades,1784010703127,False,False,not_evaluated,missing_same_side_strict_through_support,,0.5,False,False
327,l2Book,1784010703598,False,False,not_evaluated,missing_same_side_strict_through_support;missing_touch_freshness_or_queue_reset_evidence;missing_recent_same_side_at_or_through_throughput,,0.5,False,False
328,trades,1784010703761,False,False,not_evaluated,missing_same_side_strict_through_support;missing_touch_freshness_or_queue_reset_evidence;missing_recent_same_side_at_or_through_throughput,,0.5,False,False
329,trades,1784010703933,False,False,not_evaluated,missing_same_side_strict_through_support;missing_recent_same_side_at_or_through_throughput,,0.5,False,False
330,l2Book,1784010704068,False,False,not_evaluated,missing_same_side_strict_through_support;missing_touch_freshness_or_queue_reset_evidence;missing_recent_same_side_at_or_through_throughput,,0.5,False,False
331,trades,1784010704133,False,False,not_evaluated,missing_same_side_strict_through_support;missing_touch_freshness_or_queue_reset_evidence;missing_recent_same_side_at_or_through_throughput,,0.5,False,False
332,trades,1784010704546,False,False,not_evaluated,missing_same_side_strict_through_support;missing_recent_same_side_at_or_through_throughput,,0.5,False,False
333,l2Book,1784010704614,False,False,not_evaluated,missing_same_side_strict_through_support;missing_recent_same_side_at_or_through_throughput,,0.5,False,False
334,trades,1784010704614,False,False,not_evaluated,missing_same_side_strict_through_support;missing_recent_same_side_at_or_through_throughput,,0.5,False,False
335,trades,1784010704912,False,False,not_evaluated,missing_same_side_strict_through_support;missing_recent_same_side_at_or_through_throughput,,0.5,False,False
336,trades,1784010705060,False,False,not_evaluated,missing_same_side_strict_through_support;missing_recent_same_side_at_or_through_throughput,,0.5,False,False
337,l2Book,1784010705151,False,False,not_evaluated,missing_same_side_strict_through_support;missing_recent_same_side_at_or_through_throughput,,0.5,False,False
338,l2Book,1784010705687,False,False,not_evaluated,missing_same_side_strict_through_support;missing_recent_same_side_at_or_through_throughput,,0.5,False,False
339,l2Book,1784010706239,False,False,not_evaluated,missing_same_side_strict_through_support;missing_recent_same_side_at_or_through_throughput,,0.5,False,False
340,trades,1784010706239,False,False,not_evaluated,missing_same_side_strict_through_support;missing_recent_same_side_at_or_through_throughput,,0.5,False,False
341,l2Book,1784010706771,False,False,not_evaluated,missing_same_side_strict_through_support;missing_recent_same_side_at_or_through_throughput,,0.5,False,False
342,l2Book,1784010707373,False,False,not_evaluated,missing_same_side_strict_through_support;missing_recent_same_side_at_or_through_throughput,,0.5,False,False
343,l2Book,1784010707910,False,False,not_evaluated,missing_same_side_strict_through_support;missing_recent_same_side_at_or_through_throughput,,0.5,False,False
344,l2Book,1784010708467,False,False,not_evaluated,missing_same_side_strict_through_support;missing_recent_same_side_at_or_through_throughput,,0.5,False,False
345,l2Book,1784010708977,False,False,not_evaluated,missing_same_side_strict_through_support;missing_recent_same_side_at_or_through_throughput,,0.5,False,False
346,trades,1784010709324,False,False,not_evaluated,missing_same_side_strict_through_support;missing_recent_same_side_at_or_through_throughput,,0.5,False,False
347,trades,1784010709384,False,False,not_evaluated,missing_same_side_strict_through_support;missing_recent_same_side_at_or_through_throughput,,0.5,False,False
348,l2Book,1784010709529,False,False,not_evaluated,missing_same_side_strict_through_support;missing_touch_freshness_or_queue_reset_evidence;missing_recent_same_side_at_or_through_throughput,,0.5,False,False
349,l2Book,1784010710043,False,False,not_evaluated,missing_same_side_strict_through_support;missing_recent_same_side_at_or_through_throughput,,0.5,False,False
350,trades,1784010710481,False,False,not_evaluated,missing_same_side_strict_through_support,,0.5,False,False
351,trades,1784010710541,False,False,not_evaluated,missing_same_side_strict_through_support,,0.5,False,False
352,l2Book,1784010710610,False,False,not_evaluated,missing_same_side_strict_through_support,,0.5,False,False
353,l2Book,1784010711149,False,False,not_evaluated,missing_same_side_strict_through_support,,0.5,False,False
354,l2Book,1784010711709,False,False,not_evaluated,missing_same_side_strict_through_support,,0.5,False,False
355,l2Book,1784010712247,False,False,not_evaluated,missing_same_side_strict_through_support,,0.5,False,False
356,l2Book,1784010712767,False,False,not_evaluated,missing_same_side_strict_through_support,,0.5,False,False
357,l2Book,1784010713322,False,False,not_evaluated,missing_same_side_strict_through_support,,0.5,False,False
358,l2Book,1784010713864,False,False,not_evaluated,missing_same_side_strict_through_support;missing_recent_same_side_at_or_through_throughput,,0.5,False,False
359,trades,1784010713864,False,False,not_evaluated,missing_same_side_strict_through_support;missing_recent_same_side_at_or_through_throughput,,0.5,False,False
360,l2Book,1784010714477,False,False,not_evaluated,missing_same_side_strict_through_support;missing_recent_same_side_at_or_through_throughput,,0.5,False,False
361,l2Book,1784010715077,False,False,not_evaluated,missing_same_side_strict_through_support;missing_recent_same_side_at_or_through_throughput,,0.5,False,False
362,trades,1784010715077,False,False,not_evaluated,missing_same_side_strict_through_support,,0.5,False,False
363,l2Book,1784010715682,False,False,not_evaluated,missing_same_side_strict_through_support,,0.5,False,False
364,l2Book,1784010716284,False,False,not_evaluated,missing_same_side_strict_through_support,,0.5,False,False
365,l2Book,1784010716882,False,False,not_evaluated,missing_same_side_strict_through_support,,0.5,False,False
366,trades,1784010717018,False,False,not_evaluated,missing_same_side_strict_through_support,,0.5,False,False
367,l2Book,1784010717423,False,False,not_evaluated,missing_same_side_strict_through_support,,0.5,False,False
368,l2Book,1784010717962,False,False,not_evaluated,missing_same_side_strict_through_support,,0.5,False,False
369,trades,1784010718029,False,False,not_evaluated,missing_same_side_strict_through_support,,0.5,False,False
370,l2Book,1784010718501,False,False,not_evaluated,missing_same_side_strict_through_support;missing_recent_same_side_at_or_through_throughput,,0.5,False,False
371,trades,1784010718501,False,False,not_evaluated,missing_same_side_strict_through_support;missing_recent_same_side_at_or_through_throughput,,0.5,False,False
372,l2Book,1784010719106,False,False,not_evaluated,missing_same_side_strict_through_support;missing_recent_same_side_at_or_through_throughput,,0.5,False,False
373,trades,1784010719032,False,False,not_evaluated,missing_same_side_strict_through_support;missing_recent_same_side_at_or_through_throughput,,0.5,False,False
374,trades,1784010719173,False,False,not_evaluated,missing_same_side_strict_through_support,,0.5,False,False
375,l2Book,1784010719577,False,False,not_evaluated,missing_same_side_strict_through_support,,0.5,False,False
376,trades,1784010720041,False,False,not_evaluated,missing_same_side_strict_through_support,,0.5,False,False
377,l2Book,1784010720114,False,False,not_evaluated,missing_same_side_strict_through_support,,0.5,False,False
378,l2Book,1784010720661,False,False,not_evaluated,missing_same_side_strict_through_support,,0.5,False,False
379,trades,1784010720949,False,False,not_evaluated,missing_same_side_strict_through_support,,0.5,False,False
380,l2Book,1784010721213,False,False,not_evaluated,missing_same_side_strict_through_support,,0.5,False,False
381,l2Book,1784010721759,False,False,not_evaluated,missing_same_side_strict_through_support,,0.5,False,False
382,trades,1784010721956,False,False,not_evaluated,outside_quality_a_b_queue_bands,,0.5,False,False
383,trades,1784010722024,False,False,not_evaluated,outside_quality_a_b_queue_bands,,0.5,False,False
384,l2Book,1784010722280,False,False,not_evaluated,missing_same_side_strict_through_support;missing_touch_freshness_or_queue_reset_evidence,,0.5,False,False
385,l2Book,1784010722828,False,False,not_evaluated,missing_same_side_strict_through_support,,0.5,False,False
386,l2Book,1784010723372,False,False,not_evaluated,missing_same_side_strict_through_support,,0.5,False,False
387,trades,1784010723573,False,False,not_evaluated,missing_same_side_strict_through_support,,0.5,False,False
388,l2Book,1784010723900,False,False,not_evaluated,missing_same_side_strict_through_support,,0.5,False,False
389,l2Book,1784010724451,False,False,not_evaluated,missing_same_side_strict_through_support,,0.5,False,False
390,l2Book,1784010724987,False,False,not_evaluated,missing_same_side_strict_through_support,,0.5,False,False
391,l2Book,1784010725519,False,False,not_evaluated,missing_same_side_strict_through_support;missing_recent_same_side_at_or_through_throughput,,0.5,False,False
392,l2Book,1784010726063,False,False,not_evaluated,missing_same_side_strict_through_support;missing_touch_freshness_or_queue_reset_evidence;missing_recent_same_side_at_or_through_throughput,,0.5,False,False
393,l2Book,1784010726603,False,False,not_evaluated,missing_same_side_strict_through_support;missing_touch_freshness_or_queue_reset_evidence;missing_recent_same_side_at_or_through_throughput,,0.5,False,False
394,trades,1784010726932,False,False,not_evaluated,missing_same_side_strict_through_support,,0.5,False,False
395,l2Book,1784010727134,False,False,not_evaluated,missing_same_side_strict_through_support;missing_touch_freshness_or_queue_reset_evidence;missing_recent_same_side_at_or_through_throughput,,0.5,False,False
396,trades,1784010727134,False,False,not_evaluated,missing_same_side_strict_through_support;missing_touch_freshness_or_queue_reset_evidence;missing_recent_same_side_at_or_through_throughput,,0.5,False,False
397,trades,1784010727606,True,True,anti_drift_block,adverse_trade_pressure_with_recent_adverse_bbo,0.000677,0.5,False,False
398,l2Book,1784010727674,False,False,not_evaluated,missing_same_side_strict_through_support;missing_touch_freshness_or_queue_reset_evidence,,0.5,False,False
399,trades,1784010728009,False,False,not_evaluated,missing_same_side_strict_through_support,,0.5,False,False
400,l2Book,1784010728209,False,False,not_evaluated,missing_same_side_strict_through_support,,0.5,False,False
401,trades,1784010728209,False,False,not_evaluated,missing_same_side_strict_through_support,,0.5,False,False
402,l2Book,1784010728746,False,False,not_evaluated,missing_same_side_strict_through_support,,0.5,False,False
403,l2Book,1784010729354,False,False,not_evaluated,missing_same_side_strict_through_support,,0.5,False,False
404,l2Book,1784010729933,False,False,not_evaluated,missing_same_side_strict_through_support,,0.5,False,False
405,l2Book,1784010730564,False,False,not_evaluated,missing_same_side_strict_through_support,,0.5,False,False
406,l2Book,1784010731165,False,False,not_evaluated,missing_same_side_strict_through_support;missing_recent_same_side_at_or_through_throughput,,0.5,False,False
407,trades,1784010731369,False,False,not_evaluated,missing_same_side_strict_through_support;missing_recent_same_side_at_or_through_throughput,,0.5,False,False
408,l2Book,1784010731770,False,False,not_evaluated,missing_same_side_strict_through_support;missing_recent_same_side_at_or_through_throughput,,0.5,False,False
409,trades,1784010731833,False,False,not_evaluated,missing_same_side_strict_through_support;missing_recent_same_side_at_or_through_throughput,,0.5,False,False
410,l2Book,1784010732372,False,False,not_evaluated,missing_same_side_strict_through_support;missing_recent_same_side_at_or_through_throughput,,0.5,False,False
411,l2Book,1784010732907,False,False,not_evaluated,missing_same_side_strict_through_support;missing_recent_same_side_at_or_through_throughput,,0.5,False,False
412,l2Book,1784010733435,False,False,not_evaluated,missing_same_side_strict_through_support;missing_recent_same_side_at_or_through_throughput,,0.5,False,False
413,trades,1784010733581,False,False,not_evaluated,missing_same_side_strict_through_support;missing_recent_same_side_at_or_through_throughput,,0.5,False,False
414,l2Book,1784010733980,False,False,not_evaluated,missing_same_side_strict_through_support;missing_recent_same_side_at_or_through_throughput,,0.5,False,False
415,trades,1784010734049,False,False,not_evaluated,missing_same_side_strict_through_support;missing_recent_same_side_at_or_through_throughput,,0.5,False,False
416,l2Book,1784010734517,False,False,not_evaluated,missing_same_side_strict_through_support;missing_recent_same_side_at_or_through_throughput,,0.5,False,False
417,l2Book,1784010735122,False,False,not_evaluated,missing_same_side_strict_through_support;missing_recent_same_side_at_or_through_throughput,,0.5,False,False
418,trades,1784010735122,False,False,not_evaluated,missing_same_side_strict_through_support,,0.5,False,False
419,l2Book,1784010735645,False,False,not_evaluated,missing_same_side_strict_through_support,,0.5,False,False
420,l2Book,1784010736199,False,False,not_evaluated,missing_same_side_strict_through_support,,0.5,False,False
421,l2Book,1784010736735,False,False,not_evaluated,missing_same_side_strict_through_support,,0.5,False,False
422,l2Book,1784010737338,False,False,not_evaluated,missing_same_side_strict_through_support,,0.5,False,False
423,trades,1784010737742,False,False,not_evaluated,missing_same_side_strict_through_support,,0.5,False,False
424,l2Book,1784010737874,False,False,not_evaluated,missing_same_side_strict_through_support,,0.5,False,False
425,l2Book,1784010738415,False,False,not_evaluated,missing_same_side_strict_through_support;missing_recent_same_side_at_or_through_throughput,,0.5,False,False
426,l2Book,1784010738951,False,False,not_evaluated,missing_same_side_strict_through_support;missing_recent_same_side_at_or_through_throughput,,0.5,False,False
427,l2Book,1784010739555,False,False,not_evaluated,missing_same_side_strict_through_support;missing_recent_same_side_at_or_through_throughput,,0.5,False,False
428,trades,1784010739555,False,False,not_evaluated,missing_same_side_strict_through_support,,0.5,False,False
429,l2Book,1784010740159,False,False,not_evaluated,missing_same_side_strict_through_support,,0.5,False,False
430,l2Book,1784010740761,False,False,not_evaluated,missing_same_side_strict_through_support,,0.5,False,False
431,l2Book,1784010741290,False,False,not_evaluated,missing_same_side_strict_through_support,,0.5,False,False
432,l2Book,1784010741844,False,False,not_evaluated,missing_same_side_strict_through_support,,0.5,False,False
433,l2Book,1784010742372,False,False,not_evaluated,missing_same_side_strict_through_support,,0.5,False,False
434,trades,1784010742495,False,False,not_evaluated,missing_same_side_strict_through_support,,0.5,False,False
435,l2Book,1784010742916,False,False,not_evaluated,missing_same_side_strict_through_support,,0.5,False,False
436,l2Book,1784010743433,False,False,not_evaluated,missing_same_side_strict_through_support,,0.5,False,False
437,l2Book,1784010743980,False,False,not_evaluated,missing_same_side_strict_through_support,,0.5,False,False
438,l2Book,1784010744525,False,False,not_evaluated,missing_same_side_strict_through_support,,0.5,False,False
439,trades,1784010744525,False,False,not_evaluated,missing_same_side_strict_through_support,,0.5,False,False
440,trades,1784010744837,False,False,not_evaluated,missing_same_side_strict_through_support,,0.5,False,False
441,trades,1784010744927,False,False,not_evaluated,missing_same_side_strict_through_support,,0.5,False,False
442,l2Book,1784010745039,False,False,not_evaluated,missing_same_side_strict_through_support,,0.5,False,False
443,trades,1784010745039,False,False,not_evaluated,missing_same_side_strict_through_support,,0.5,False,False
444,l2Book,1784010745588,False,False,not_evaluated,missing_same_side_strict_through_support,,0.5,False,False
445,l2Book,1784010746136,False,False,not_evaluated,missing_same_side_strict_through_support,,0.5,False,False
446,l2Book,1784010746658,False,False,not_evaluated,missing_same_side_strict_through_support,,0.5,False,False
447,trades,1784010747063,False,False,not_evaluated,missing_same_side_strict_through_support,,0.5,False,False
448,l2Book,1784010747198,False,False,not_evaluated,missing_same_side_strict_through_support,,0.5,False,False
449,trades,1784010747670,False,False,not_evaluated,missing_same_side_strict_through_support,,0.5,False,False
450,l2Book,1784010747748,False,False,not_evaluated,missing_same_side_strict_through_support;missing_touch_freshness_or_queue_reset_evidence;missing_recent_same_side_at_or_through_throughput,,0.5,False,False
451,trades,1784010747748,False,False,not_evaluated,missing_same_side_strict_through_support;missing_touch_freshness_or_queue_reset_evidence,,0.5,False,False
452,trades,1784010748002,False,False,not_evaluated,missing_same_side_strict_through_support,,0.5,False,False
453,l2Book,1784010748277,False,False,not_evaluated,missing_same_side_strict_through_support;missing_touch_freshness_or_queue_reset_evidence;missing_recent_same_side_at_or_through_throughput,,0.5,False,False
454,l2Book,1784010748798,False,False,not_evaluated,missing_same_side_strict_through_support;missing_recent_same_side_at_or_through_throughput,,0.5,False,False
455,trades,1784010749082,False,False,not_evaluated,missing_same_side_strict_through_support;missing_recent_same_side_at_or_through_throughput,,0.5,False,False
456,l2Book,1784010749352,False,False,not_evaluated,missing_same_side_strict_through_support;missing_recent_same_side_at_or_through_throughput,,0.5,False,False
457,l2Book,1784010749891,False,False,not_evaluated,missing_same_side_strict_through_support;missing_recent_same_side_at_or_through_throughput,,0.5,False,False
458,trades,1784010750099,False,False,not_evaluated,missing_same_side_strict_through_support;missing_recent_same_side_at_or_through_throughput,,0.5,False,False
459,l2Book,1784010750416,False,False,not_evaluated,missing_same_side_strict_through_support;missing_recent_same_side_at_or_through_throughput,,0.5,False,False
460,l2Book,1784010750962,False,False,not_evaluated,missing_same_side_strict_through_support;missing_recent_same_side_at_or_through_throughput,,0.5,False,False
461,l2Book,1784010751499,False,False,not_evaluated,missing_same_side_strict_through_support;missing_recent_same_side_at_or_through_throughput,,0.5,False,False
462,l2Book,1784010752101,False,False,not_evaluated,missing_same_side_strict_through_support;missing_recent_same_side_at_or_through_throughput,,0.5,False,False
463,trades,1784010752101,False,False,not_evaluated,missing_same_side_strict_through_support,,0.5,False,False
464,l2Book,1784010752628,False,False,not_evaluated,missing_same_side_strict_through_support,,0.5,False,False
465,trades,1784010752628,False,False,not_evaluated,missing_same_side_strict_through_support,,0.5,False,False
466,l2Book,1784010753177,False,False,not_evaluated,missing_same_side_strict_through_support,,0.5,False,False
467,l2Book,1784010753709,False,False,not_evaluated,missing_same_side_strict_through_support,,0.5,False,False
468,l2Book,1784010754237,False,False,not_evaluated,missing_same_side_strict_through_support,,0.5,False,False
469,l2Book,1784010754777,False,False,not_evaluated,missing_same_side_strict_through_support,,0.5,False,False
470,l2Book,1784010755326,False,False,not_evaluated,missing_same_side_strict_through_support,,0.5,False,False
471,l2Book,1784010755847,False,False,not_evaluated,missing_same_side_strict_through_support;missing_recent_same_side_at_or_through_throughput,,0.5,False,False
472,l2Book,1784010756385,False,False,not_evaluated,missing_same_side_strict_through_support;missing_recent_same_side_at_or_through_throughput,,0.5,False,False
473,trades,1784010756533,False,False,not_evaluated,missing_same_side_strict_through_support;missing_recent_same_side_at_or_through_throughput,,0.5,False,False
474,l2Book,1784010756935,False,False,not_evaluated,missing_same_side_strict_through_support;missing_recent_same_side_at_or_through_throughput,,0.5,False,False
475,l2Book,1784010757458,False,False,not_evaluated,missing_same_side_strict_through_support;missing_recent_same_side_at_or_through_throughput,,0.5,False,False
476,l2Book,1784010758061,False,False,not_evaluated,missing_same_side_strict_through_support;missing_recent_same_side_at_or_through_throughput,,0.5,False,False
477,trades,1784010758061,False,False,not_evaluated,missing_same_side_strict_through_support,,0.5,False,False
478,l2Book,1784010758614,False,False,not_evaluated,missing_same_side_strict_through_support,,0.5,False,False
479,l2Book,1784010759120,False,False,not_evaluated,missing_same_side_strict_through_support,,0.5,False,False
480,l2Book,1784010759669,False,False,not_evaluated,missing_same_side_strict_through_support,,0.5,False,False
481,l2Book,1784010760215,False,False,not_evaluated,missing_same_side_strict_through_support,,0.5,False,False
482,l2Book,1784010760738,False,False,not_evaluated,missing_same_side_strict_through_support,,0.5,False,False
483,l2Book,1784010761279,False,False,not_evaluated,missing_same_side_strict_through_support;missing_recent_same_side_at_or_through_throughput,,0.5,False,False
484,l2Book,1784010761825,False,False,not_evaluated,missing_same_side_strict_through_support;missing_recent_same_side_at_or_through_throughput,,0.5,False,False
485,l2Book,1784010762342,False,False,not_evaluated,missing_same_side_strict_through_support;missing_recent_same_side_at_or_through_throughput,,0.5,False,False
486,trades,1784010762646,False,False,not_evaluated,missing_same_side_strict_through_support,,0.5,False,False
487,l2Book,1784010762846,False,False,not_evaluated,missing_same_side_strict_through_support,,0.5,False,False
488,l2Book,1784010763453,False,False,not_evaluated,missing_same_side_strict_through_support,,0.5,False,False
489,l2Book,1784010764059,False,False,not_evaluated,missing_same_side_strict_through_support,,0.5,False,False
490,l2Book,1784010764661,False,False,not_evaluated,missing_same_side_strict_through_support,,0.5,False,False
491,trades,1784010765043,False,False,not_evaluated,missing_same_side_strict_through_support,,0.5,False,False
492,l2Book,1784010765178,False,False,not_evaluated,missing_same_side_strict_through_support,,0.5,False,False
493,l2Book,1784010765734,False,False,not_evaluated,missing_same_side_strict_through_support;missing_recent_same_side_at_or_through_throughput,,0.5,False,False
494,trades,1784010766070,True,True,fail_closed,outside_quality_a_b_queue_bands;missing_intent_limit_px;missing_or_nonpositive_intent_size;missing_quality_bucket,0.000696,0.5,False,False
495,l2Book,1784010766873,False,False,not_evaluated,missing_same_side_strict_through_support,,0.5,False,True
496,l2Book,1784010767478,False,False,not_evaluated,missing_same_side_strict_through_support,,0.5,False,True
497,l2Book,1784010768009,False,False,not_evaluated,missing_same_side_strict_through_support,,0.5,False,True
498,l2Book,1784010768550,False,False,not_evaluated,missing_same_side_strict_through_support,,0.5,False,True
499,l2Book,1784010769087,False,False,not_evaluated,missing_same_side_strict_through_support;missing_recent_same_side_at_or_through_throughput,,0.5,False,True
500,l2Book,1784010769626,False,False,not_evaluated,missing_same_side_strict_through_support;missing_recent_same_side_at_or_through_throughput,,0.5,False,True
501,l2Book,1784010770143,False,False,not_evaluated,missing_same_side_strict_through_support;missing_recent_same_side_at_or_through_throughput,,0.5,False,True
502,trades,1784010770296,False,False,not_evaluated,outside_quality_a_b_queue_bands,,0.5,False,True
503,trades,1784010770434,False,False,not_evaluated,outside_quality_a_b_queue_bands,,0.5,False,True
504,l2Book,1784010770700,False,False,not_evaluated,missing_same_side_strict_through_support;missing_touch_freshness_or_queue_reset_evidence;missing_recent_same_side_at_or_through_throughput,,0.5,False,True
505,l2Book,1784010771242,False,False,not_evaluated,missing_same_side_strict_through_support;missing_touch_freshness_or_queue_reset_evidence;missing_recent_same_side_at_or_through_throughput,,0.5,False,True
506,l2Book,1784010771837,False,False,not_evaluated,missing_same_side_strict_through_support;missing_recent_same_side_at_or_through_throughput,,0.5,False,True
507,l2Book,1784010772359,False,False,not_evaluated,missing_same_side_strict_through_support;missing_recent_same_side_at_or_through_throughput,,0.5,False,True
508,l2Book,1784010772909,False,False,not_evaluated,missing_same_side_strict_through_support;missing_recent_same_side_at_or_through_throughput,,0.5,False,True
509,l2Book,1784010773447,False,False,not_evaluated,missing_same_side_strict_through_support;missing_recent_same_side_at_or_through_throughput,,0.5,False,True
510,l2Book,1784010773950,False,False,not_evaluated,missing_same_side_strict_through_support;missing_recent_same_side_at_or_through_throughput,,0.5,False,True
511,l2Book,1784010774459,False,False,not_evaluated,missing_same_side_strict_through_support;missing_recent_same_side_at_or_through_throughput,,0.5,False,True
512,l2Book,1784010774985,False,False,not_evaluated,missing_same_side_strict_through_support;missing_recent_same_side_at_or_through_throughput,,0.5,False,True
513,trades,1784010775062,False,False,not_evaluated,missing_same_side_strict_through_support,,0.5,False,True
514,l2Book,1784010775540,False,False,not_evaluated,missing_same_side_strict_through_support,,0.5,False,True
515,l2Book,1784010776077,False,False,not_evaluated,missing_same_side_strict_through_support,,0.5,False,True
516,l2Book,1784010776604,False,False,not_evaluated,missing_same_side_strict_through_support,,0.5,False,True
517,trades,1784010777004,False,False,not_evaluated,missing_same_side_strict_through_support,,0.5,False,True
518,l2Book,1784010777152,False,False,not_evaluated,missing_same_side_strict_through_support,,0.5,False,True
519,l2Book,1784010777687,False,False,not_evaluated,missing_same_side_strict_through_support,,0.5,False,True
520,trades,1784010778021,False,False,not_evaluated,missing_same_side_strict_through_support,,0.5,False,True
521,l2Book,1784010778226,False,False,not_evaluated,missing_same_side_strict_through_support;missing_recent_same_side_at_or_through_throughput,,0.5,False,True
522,l2Book,1784010778763,False,False,not_evaluated,missing_same_side_strict_through_support;missing_recent_same_side_at_or_through_throughput,,0.5,False,True
523,l2Book,1784010779298,False,False,not_evaluated,missing_same_side_strict_through_support;missing_recent_same_side_at_or_through_throughput,,0.5,False,True
524,l2Book,1784010779835,False,False,not_evaluated,missing_same_side_strict_through_support;missing_recent_same_side_at_or_through_throughput,,0.5,False,True
525,trades,1784010780037,False,False,not_evaluated,missing_same_side_strict_through_support;missing_recent_same_side_at_or_through_throughput,,0.5,False,True
526,l2Book,1784010780443,False,False,not_evaluated,missing_same_side_strict_through_support;missing_recent_same_side_at_or_through_throughput,,0.5,False,True
527,l2Book,1784010780991,False,False,not_evaluated,missing_same_side_strict_through_support;missing_recent_same_side_at_or_through_throughput,,0.5,False,True
528,trades,1784010781046,False,False,not_evaluated,missing_same_side_strict_through_support,,0.5,False,True
529,l2Book,1784010781532,False,False,not_evaluated,missing_same_side_strict_through_support,,0.5,False,True
530,l2Book,1784010782066,False,False,not_evaluated,missing_same_side_strict_through_support,,0.5,False,True
531,trades,1784010782066,False,False,not_evaluated,missing_same_side_strict_through_support,,0.5,False,True
532,l2Book,1784010782602,False,False,not_evaluated,missing_same_side_strict_through_support,,0.5,False,True
533,l2Book,1784010783137,False,False,not_evaluated,missing_same_side_strict_through_support,,0.5,False,True
534,trades,1784010783481,False,False,not_evaluated,missing_same_side_strict_through_support,,0.5,False,True
535,l2Book,1784010783665,False,False,not_evaluated,missing_same_side_strict_through_support,,0.5,False,True
536,l2Book,1784010784209,False,False,not_evaluated,missing_same_side_strict_through_support,,0.5,False,True
537,l2Book,1784010784757,False,False,not_evaluated,missing_same_side_strict_through_support,,0.5,False,True
538,l2Book,1784010785269,False,False,not_evaluated,missing_same_side_strict_through_support,,0.5,False,True
539,l2Book,1784010785815,False,False,not_evaluated,missing_same_side_strict_through_support,,0.5,False,True
540,l2Book,1784010786368,False,False,not_evaluated,missing_same_side_strict_through_support,,0.5,False,True
541,trades,1784010786508,False,False,not_evaluated,missing_same_side_strict_through_support,,0.5,False,True
542,l2Book,1784010786907,False,False,not_evaluated,missing_same_side_strict_through_support,,0.5,False,True
543,trades,1784010786973,False,False,not_evaluated,missing_same_side_strict_through_support,,0.5,False,True
544,l2Book,1784010787425,False,False,not_evaluated,missing_touch_freshness_or_queue_reset_evidence,,0.5,False,True
545,trades,1784010787545,False,False,not_evaluated,missing_touch_freshness_or_queue_reset_evidence,,0.5,False,True
546,l2Book,1784010787981,False,False,not_evaluated,outside_quality_a_b_queue_bands,,0.5,False,True
547,trades,1784010788028,False,False,not_evaluated,outside_quality_a_b_queue_bands,,0.5,False,True
548,l2Book,1784010788514,False,False,not_evaluated,outside_quality_a_b_queue_bands,,0.5,False,True
549,trades,1784010788888,False,False,not_evaluated,outside_quality_a_b_queue_bands,,0.5,False,True
550,trades,1784010789002,False,False,not_evaluated,outside_quality_a_b_queue_bands,,0.5,False,True
551,l2Book,1784010789075,False,False,not_evaluated,outside_quality_a_b_queue_bands,,0.5,False,True
552,l2Book,1784010789590,False,False,not_evaluated,missing_same_side_strict_through_support,,0.5,False,True
553,trades,1784010789697,False,False,not_evaluated,missing_same_side_strict_through_support,,0.5,False,True
554,l2Book,1784010790123,False,False,not_evaluated,missing_same_side_strict_through_support,,0.5,False,True
555,l2Book,1784010790645,False,False,not_evaluated,missing_same_side_strict_through_support,,0.5,False,True
556,l2Book,1784010791201,False,False,not_evaluated,missing_same_side_strict_through_support,,0.5,False,True
557,trades,1784010791402,False,False,not_evaluated,missing_same_side_strict_through_support,,0.5,False,True
558,l2Book,1784010791737,False,False,not_evaluated,missing_same_side_strict_through_support,,0.5,False,True
559,l2Book,1784010792281,False,False,not_evaluated,missing_same_side_strict_through_support,,0.5,False,True
560,trades,1784010792549,False,False,not_evaluated,missing_same_side_strict_through_support,,0.5,False,True
561,l2Book,1784010792819,False,False,not_evaluated,missing_same_side_strict_through_support,,0.5,False,True
562,l2Book,1784010793357,False,False,not_evaluated,missing_same_side_strict_through_support,,0.5,False,True
563,l2Book,1784010793892,False,False,not_evaluated,missing_same_side_strict_through_support,,0.5,False,True
564,l2Book,1784010794425,False,False,not_evaluated,missing_same_side_strict_through_support,,0.5,False,True
565,trades,1784010794496,False,False,not_evaluated,missing_same_side_strict_through_support,,0.5,False,True
566,l2Book,1784010794963,False,False,not_evaluated,missing_same_side_strict_through_support,,0.5,False,True
567,trades,1784010795030,False,False,not_evaluated,missing_same_side_strict_through_support,,0.5,False,True
568,l2Book,1784010795508,False,False,not_evaluated,missing_same_side_strict_through_support,,0.5,False,True
569,l2Book,1784010796046,False,False,not_evaluated,missing_same_side_strict_through_support,,0.5,False,True
570,l2Book,1784010796582,False,False,not_evaluated,missing_same_side_strict_through_support,,0.5,False,True
571,l2Book,1784010797119,False,False,not_evaluated,missing_same_side_strict_through_support,,0.5,False,True
572,l2Book,1784010797655,False,False,not_evaluated,missing_same_side_strict_through_support;missing_recent_same_side_at_or_through_throughput,,0.5,False,True
573,l2Book,1784010798191,False,False,not_evaluated,missing_same_side_strict_through_support;missing_recent_same_side_at_or_through_throughput,,0.5,False,True
574,l2Book,1784010798730,False,False,not_evaluated,missing_same_side_strict_through_support;missing_recent_same_side_at_or_through_throughput,,0.5,False,True
575,l2Book,1784010799266,False,False,not_evaluated,missing_same_side_strict_through_support;missing_recent_same_side_at_or_through_throughput,,0.5,False,True
576,l2Book,1784010799792,False,False,not_evaluated,missing_same_side_strict_through_support;missing_recent_same_side_at_or_through_throughput,,0.5,False,True
577,trades,1784010800138,False,False,not_evaluated,missing_same_side_strict_through_support,,0.5,False,True
578,l2Book,1784010800339,False,False,not_evaluated,missing_same_side_strict_through_support,,0.5,False,True
579,l2Book,1784010800865,False,False,not_evaluated,missing_same_side_strict_through_support,,0.5,False,True
580,trades,1784010801161,False,False,not_evaluated,missing_same_side_strict_through_support,,0.5,False,True
581,l2Book,1784010801430,False,False,not_evaluated,missing_same_side_strict_through_support,,0.5,False,True
582,l2Book,1784010801966,False,False,not_evaluated,missing_same_side_strict_through_support,,0.5,False,True
583,l2Book,1784010802505,False,False,not_evaluated,missing_same_side_strict_through_support,,0.5,False,True
584,l2Book,1784010803090,False,False,not_evaluated,missing_same_side_strict_through_support,,0.5,False,True
585,l2Book,1784010803713,False,False,not_evaluated,missing_same_side_strict_through_support;missing_recent_same_side_at_or_through_throughput,,0.5,False,True
586,l2Book,1784010804241,False,False,not_evaluated,missing_same_side_strict_through_support;missing_recent_same_side_at_or_through_throughput,,0.5,False,True
587,l2Book,1784010804787,False,False,not_evaluated,missing_same_side_strict_through_support;missing_recent_same_side_at_or_through_throughput,,0.5,False,True
588,trades,1784010804920,False,False,not_evaluated,missing_same_side_strict_through_support,,0.5,False,True
589,l2Book,1784010805318,False,False,not_evaluated,missing_same_side_strict_through_support,,0.5,False,True
590,trades,1784010805657,False,False,not_evaluated,missing_same_side_strict_through_support,,0.5,False,True
591,l2Book,1784010805859,False,False,not_evaluated,missing_same_side_strict_through_support,,0.5,False,True
592,trades,1784010806327,False,False,not_evaluated,missing_same_side_strict_through_support,,0.5,False,True
593,l2Book,1784010806403,False,False,not_evaluated,missing_same_side_strict_through_support,,0.5,False,True
594,trades,1784010806403,False,False,not_evaluated,missing_same_side_strict_through_support,,0.5,False,True
595,l2Book,1784010806916,False,False,not_evaluated,missing_same_side_strict_through_support,,0.5,False,True
596,trades,1784010807045,False,False,not_evaluated,missing_same_side_strict_through_support,,0.5,False,True
597,trades,1784010807132,False,False,not_evaluated,missing_same_side_strict_through_support,,0.5,False,True
598,l2Book,1784010807478,False,False,not_evaluated,missing_same_side_strict_through_support,,0.5,False,True
599,trades,1784010807814,False,False,not_evaluated,missing_same_side_strict_through_support,,0.5,False,True
600,l2Book,1784010808016,False,False,not_evaluated,missing_same_side_strict_through_support,,0.5,False,True
601,trades,1784010808016,False,False,not_evaluated,missing_same_side_strict_through_support,,0.5,False,True
602,l2Book,1784010808539,False,False,not_evaluated,missing_same_side_strict_through_support,,0.5,False,True
603,trades,1784010808619,False,False,not_evaluated,missing_same_side_strict_through_support,,0.5,False,True
604,trades,1784010808888,False,False,not_evaluated,missing_same_side_strict_through_support,,0.5,False,True
605,l2Book,1784010809088,False,False,not_evaluated,missing_touch_freshness_or_queue_reset_evidence,,0.5,False,True
606,trades,1784010809088,False,False,not_evaluated,missing_touch_freshness_or_queue_reset_evidence,,0.5,False,True
607,l2Book,1784010809603,False,False,not_evaluated,outside_quality_a_b_queue_bands,,0.5,False,True
608,l2Book,1784010810148,False,False,not_evaluated,outside_quality_a_b_queue_bands,,0.5,False,True
609,l2Book,1784010810665,False,False,not_evaluated,outside_quality_a_b_queue_bands,,0.5,False,True
610,l2Book,1784010811199,False,False,not_evaluated,missing_same_side_strict_through_support,,0.5,False,True
611,l2Book,1784010811801,False,False,not_evaluated,missing_same_side_strict_through_support,,0.5,False,True
612,trades,1784010812004,False,False,not_evaluated,missing_same_side_strict_through_support,,0.5,False,True
613,trades,1784010812069,False,False,not_evaluated,missing_same_side_strict_through_support,,0.5,False,True
614,l2Book,1784010812323,False,False,not_evaluated,missing_touch_freshness_or_queue_reset_evidence,,0.5,False,True
615,l2Book,1784010812877,False,False,not_evaluated,outside_quality_a_b_queue_bands,,0.5,False,True
616,l2Book,1784010813425,False,False,not_evaluated,outside_quality_a_b_queue_bands,,0.5,False,True
617,l2Book,1784010813941,False,False,not_evaluated,outside_quality_a_b_queue_bands,,0.5,False,True
618,trades,1784010814026,False,False,not_evaluated,outside_quality_a_b_queue_bands,,0.5,False,True
619,l2Book,1784010814497,False,False,not_evaluated,outside_quality_a_b_queue_bands,,0.5,False,True
620,l2Book,1784010815100,False,False,not_evaluated,missing_same_side_strict_through_support;missing_recent_same_side_at_or_through_throughput,,0.5,False,True
621,l2Book,1784010815577,False,False,not_evaluated,missing_same_side_strict_through_support;missing_recent_same_side_at_or_through_throughput,,0.5,False,True
622,trades,1784010815727,False,False,not_evaluated,missing_same_side_strict_through_support;missing_recent_same_side_at_or_through_throughput,,0.5,False,True
623,trades,1784010816065,False,False,not_evaluated,missing_same_side_strict_through_support,,0.5,False,True
624,l2Book,1784010816131,False,False,not_evaluated,missing_same_side_strict_through_support,,0.5,False,True
625,l2Book,1784010816680,False,False,not_evaluated,missing_same_side_strict_through_support,,0.5,False,True
626,trades,1784010816813,False,False,not_evaluated,missing_same_side_strict_through_support,,0.5,False,True
627,l2Book,1784010817198,False,False,not_evaluated,missing_same_side_strict_through_support,,0.5,False,True
628,trades,1784010817285,False,False,not_evaluated,missing_same_side_strict_through_support,,0.5,False,True
629,l2Book,1784010817759,False,False,not_evaluated,missing_same_side_strict_through_support,,0.5,False,True
630,trades,1784010818005,False,False,not_evaluated,missing_same_side_strict_through_support,,0.5,False,True
631,trades,1784010818091,False,False,not_evaluated,missing_same_side_strict_through_support,,0.5,False,True
632,l2Book,1784010818292,False,False,not_evaluated,missing_same_side_strict_through_support,,0.5,False,True
633,l2Book,1784010818814,False,False,not_evaluated,missing_same_side_strict_through_support,,0.5,False,True
634,trades,1784010818962,False,False,not_evaluated,missing_same_side_strict_through_support,,0.5,False,True
635,l2Book,1784010819364,False,False,not_evaluated,missing_same_side_strict_through_support,,0.5,False,True
636,l2Book,1784010819903,False,False,not_evaluated,missing_same_side_strict_through_support,,0.5,False,True
637,l2Book,1784010820422,False,False,not_evaluated,missing_same_side_strict_through_support,,0.5,False,True
638,l2Book,1784010820979,False,False,not_evaluated,missing_same_side_strict_through_support,,0.5,False,True
639,l2Book,1784010821514,False,False,not_evaluated,missing_same_side_strict_through_support;missing_recent_same_side_at_or_through_throughput,,0.5,False,True
640,trades,1784010821582,False,False,not_evaluated,missing_same_side_strict_through_support;missing_recent_same_side_at_or_through_throughput,,0.5,False,True
641,l2Book,1784010822120,False,False,not_evaluated,missing_same_side_strict_through_support;missing_recent_same_side_at_or_through_throughput,,0.5,False,True
642,l2Book,1784010822598,False,False,not_evaluated,missing_same_side_strict_through_support;missing_recent_same_side_at_or_through_throughput,,0.5,False,True
643,trades,1784010822800,False,False,not_evaluated,missing_same_side_strict_through_support;missing_recent_same_side_at_or_through_throughput,,0.5,False,True
644,l2Book,1784010823134,False,False,not_evaluated,missing_same_side_strict_through_support;missing_recent_same_side_at_or_through_throughput,,0.5,False,True
645,l2Book,1784010823670,False,False,not_evaluated,missing_same_side_strict_through_support;missing_recent_same_side_at_or_through_throughput,,0.5,False,True
646,l2Book,1784010824210,False,False,not_evaluated,missing_same_side_strict_through_support;missing_recent_same_side_at_or_through_throughput,,0.5,False,True
647,l2Book,1784010824746,False,False,not_evaluated,missing_same_side_strict_through_support;missing_touch_freshness_or_queue_reset_evidence;missing_recent_same_side_at_or_through_throughput,,0.5,False,True
648,trades,1784010825018,False,False,not_evaluated,missing_same_side_strict_through_support;missing_recent_same_side_at_or_through_throughput,,0.5,False,True
649,trades,1784010825147,False,False,not_evaluated,missing_same_side_strict_through_support;missing_recent_same_side_at_or_through_throughput,,0.5,False,True
650,l2Book,1784010825283,False,False,not_evaluated,missing_same_side_strict_through_support;missing_touch_freshness_or_queue_reset_evidence;missing_recent_same_side_at_or_through_throughput,,0.5,False,True
651,trades,1784010825283,False,False,not_evaluated,missing_same_side_strict_through_support;missing_touch_freshness_or_queue_reset_evidence,,0.5,False,True
652,l2Book,1784010825817,False,False,not_evaluated,missing_same_side_strict_through_support;missing_touch_freshness_or_queue_reset_evidence;missing_recent_same_side_at_or_through_throughput,,0.5,False,True
653,trades,1784010825953,False,False,not_evaluated,missing_touch_freshness_or_queue_reset_evidence,,0.5,False,True
654,l2Book,1784010826358,False,False,not_evaluated,missing_same_side_strict_through_support;missing_touch_freshness_or_queue_reset_evidence,,0.5,False,True
655,l2Book,1784010826898,False,False,not_evaluated,missing_same_side_strict_through_support,,0.5,False,True
656,l2Book,1784010827433,False,False,not_evaluated,missing_same_side_strict_through_support,,0.5,False,True
657,trades,1784010827566,False,False,not_evaluated,missing_same_side_strict_through_support,,0.5,False,True
658,l2Book,1784010827971,False,False,not_evaluated,missing_same_side_strict_through_support,,0.5,False,True
659,l2Book,1784010828506,False,False,not_evaluated,missing_same_side_strict_through_support,,0.5,False,True
660,trades,1784010828976,False,False,not_evaluated,missing_same_side_strict_through_support;missing_recent_same_side_at_or_through_throughput,,0.5,False,True
661,l2Book,1784010829042,False,False,not_evaluated,missing_same_side_strict_through_support;missing_recent_same_side_at_or_through_throughput,,0.5,False,True
662,l2Book,1784010829581,False,False,not_evaluated,missing_same_side_strict_through_support;missing_recent_same_side_at_or_through_throughput,,0.5,False,True
663,trades,1784010829850,False,False,not_evaluated,missing_same_side_strict_through_support;missing_recent_same_side_at_or_through_throughput,,0.5,False,True
664,l2Book,1784010830114,False,False,not_evaluated,missing_same_side_strict_through_support;missing_touch_freshness_or_queue_reset_evidence;missing_recent_same_side_at_or_through_throughput,,0.5,False,True
665,trades,1784010830318,False,False,not_evaluated,missing_same_side_strict_through_support;missing_touch_freshness_or_queue_reset_evidence;missing_recent_same_side_at_or_through_throughput,,0.5,False,True
666,l2Book,1784010830655,False,False,not_evaluated,missing_same_side_strict_through_support;missing_recent_same_side_at_or_through_throughput,,0.5,False,True
667,l2Book,1784010831191,False,False,not_evaluated,missing_same_side_strict_through_support;missing_recent_same_side_at_or_through_throughput,,0.5,False,True
668,l2Book,1784010831721,False,False,not_evaluated,missing_same_side_strict_through_support;missing_recent_same_side_at_or_through_throughput,,0.5,False,True
669,l2Book,1784010832264,False,False,not_evaluated,missing_same_side_strict_through_support;missing_recent_same_side_at_or_through_throughput,,0.5,False,True
670,l2Book,1784010832802,False,False,not_evaluated,missing_same_side_strict_through_support;missing_recent_same_side_at_or_through_throughput,,0.5,False,True
671,l2Book,1784010833337,False,False,not_evaluated,missing_same_side_strict_through_support;missing_recent_same_side_at_or_through_throughput,,0.5,False,True
672,l2Book,1784010833876,False,False,not_evaluated,missing_same_side_strict_through_support;missing_recent_same_side_at_or_through_throughput,,0.5,False,True
673,l2Book,1784010834424,False,False,not_evaluated,missing_same_side_strict_through_support;missing_recent_same_side_at_or_through_throughput,,0.5,False,True
674,l2Book,1784010834959,False,False,not_evaluated,missing_same_side_strict_through_support;missing_recent_same_side_at_or_through_throughput,,0.5,False,True
675,l2Book,1784010835500,False,False,not_evaluated,missing_same_side_strict_through_support;missing_recent_same_side_at_or_through_throughput,,0.5,False,True
676,trades,1784010835500,False,False,not_evaluated,missing_same_side_strict_through_support;missing_recent_same_side_at_or_through_throughput,,0.5,False,True
677,trades,1784010835900,False,False,not_evaluated,missing_same_side_strict_through_support,,0.5,False,True
678,l2Book,1784010836035,False,False,not_evaluated,missing_same_side_strict_through_support,,0.5,False,True
679,l2Book,1784010836573,False,False,not_evaluated,missing_same_side_strict_through_support,,0.5,False,True
680,trades,1784010836977,False,False,not_evaluated,missing_same_side_strict_through_support,,0.5,False,True
681,trades,1784010837044,False,False,not_evaluated,missing_same_side_strict_through_support,,0.5,False,True
682,l2Book,1784010837109,False,False,not_evaluated,missing_same_side_strict_through_support,,0.5,False,True
683,l2Book,1784010837645,False,False,not_evaluated,missing_same_side_strict_through_support,,0.5,False,True
684,trades,1784010838049,False,False,not_evaluated,missing_same_side_strict_through_support,,0.5,False,True
685,l2Book,1784010838185,False,False,not_evaluated,missing_same_side_strict_through_support,,0.5,False,True
686,l2Book,1784010838722,False,False,not_evaluated,missing_same_side_strict_through_support,,0.5,False,True
687,trades,1784010839192,False,False,not_evaluated,missing_same_side_strict_through_support,,0.5,False,True
688,l2Book,1784010839259,False,False,not_evaluated,missing_same_side_strict_through_support,,0.5,False,True
689,l2Book,1784010839789,False,False,not_evaluated,missing_same_side_strict_through_support,,0.5,False,True
690,trades,1784010840065,False,False,not_evaluated,missing_same_side_strict_through_support;missing_recent_same_side_at_or_through_throughput,,0.5,False,True
691,l2Book,1784010840332,False,False,not_evaluated,missing_same_side_strict_through_support;missing_recent_same_side_at_or_through_throughput,,0.5,False,True
692,l2Book,1784010840876,False,False,not_evaluated,missing_same_side_strict_through_support;missing_recent_same_side_at_or_through_throughput,,0.5,False,True
693,l2Book,1784010841411,False,False,not_evaluated,missing_same_side_strict_through_support;missing_touch_freshness_or_queue_reset_evidence;missing_recent_same_side_at_or_through_throughput,,0.5,False,True
694,trades,1784010841411,False,False,not_evaluated,missing_same_side_strict_through_support;missing_touch_freshness_or_queue_reset_evidence;missing_recent_same_side_at_or_through_throughput,,0.5,False,True
695,l2Book,1784010841942,False,False,not_evaluated,missing_same_side_strict_through_support;missing_recent_same_side_at_or_through_throughput,,0.5,False,True
696,trades,1784010842018,False,False,not_evaluated,missing_same_side_strict_through_support,,0.5,False,True
697,l2Book,1784010842484,False,False,not_evaluated,missing_same_side_strict_through_support,,0.5,False,True
698,l2Book,1784010843024,False,False,not_evaluated,missing_same_side_strict_through_support,,0.5,False,True
699,l2Book,1784010843552,False,False,not_evaluated,missing_same_side_strict_through_support,,0.5,False,True
700,trades,1784010844027,False,False,not_evaluated,missing_same_side_strict_through_support,,0.5,False,True
701,l2Book,1784010844094,False,False,not_evaluated,missing_same_side_strict_through_support,,0.5,False,True
702,trades,1784010844094,False,False,not_evaluated,missing_same_side_strict_through_support,,0.5,False,True
703,l2Book,1784010844631,False,False,not_evaluated,missing_touch_freshness_or_queue_reset_evidence,,0.5,False,True
704,l2Book,1784010845160,False,False,not_evaluated,missing_same_side_strict_through_support;missing_recent_same_side_at_or_through_throughput,,0.5,False,True
705,l2Book,1784010845764,False,False,not_evaluated,missing_same_side_strict_through_support;missing_recent_same_side_at_or_through_throughput,,0.5,False,True
706,trades,1784010846243,False,False,not_evaluated,missing_same_side_strict_through_support;missing_recent_same_side_at_or_through_throughput,,0.5,False,True
707,l2Book,1784010846309,False,False,not_evaluated,missing_same_side_strict_through_support;missing_recent_same_side_at_or_through_throughput,,0.5,False,True
708,l2Book,1784010846823,False,False,not_evaluated,missing_same_side_strict_through_support;missing_recent_same_side_at_or_through_throughput,,0.5,False,True
709,trades,1784010847254,False,False,not_evaluated,missing_same_side_strict_through_support;missing_recent_same_side_at_or_through_throughput,,0.5,False,True
710,l2Book,1784010847374,False,False,not_evaluated,missing_same_side_strict_through_support;missing_recent_same_side_at_or_through_throughput,,0.5,False,True
711,l2Book,1784010847924,False,False,not_evaluated,missing_same_side_strict_through_support;missing_recent_same_side_at_or_through_throughput,,0.5,False,True
712,trades,1784010848057,False,False,not_evaluated,missing_same_side_strict_through_support,,0.5,False,True
713,l2Book,1784010848463,False,False,not_evaluated,missing_same_side_strict_through_support,,0.5,False,True
714,l2Book,1784010848982,False,False,not_evaluated,missing_same_side_strict_through_support,,0.5,False,True
715,l2Book,1784010849534,False,False,not_evaluated,missing_same_side_strict_through_support,,0.5,False,True
716,l2Book,1784010850054,False,False,not_evaluated,missing_same_side_strict_through_support,,0.5,False,True
717,trades,1784010850139,False,False,not_evaluated,missing_same_side_strict_through_support,,0.5,False,True
718,l2Book,1784010850594,False,False,not_evaluated,missing_same_side_strict_through_support,,0.5,False,True
719,trades,1784010851063,False,False,not_evaluated,missing_same_side_strict_through_support,,0.5,False,True
720,l2Book,1784010851146,False,False,not_evaluated,missing_same_side_strict_through_support,,0.5,False,True
721,l2Book,1784010851662,False,False,not_evaluated,missing_same_side_strict_through_support,,0.5,False,True
722,l2Book,1784010852208,False,False,not_evaluated,missing_same_side_strict_through_support,,0.5,False,True
723,trades,1784010852355,False,False,not_evaluated,missing_same_side_strict_through_support,,0.5,False,True
724,l2Book,1784010852758,False,False,not_evaluated,missing_same_side_strict_through_support,,0.5,False,True
725,l2Book,1784010853285,False,False,not_evaluated,missing_same_side_strict_through_support,,0.5,False,True
726,l2Book,1784010853817,False,False,not_evaluated,missing_same_side_strict_through_support,,0.5,False,True
727,l2Book,1784010854368,False,False,not_evaluated,missing_same_side_strict_through_support,,0.5,False,True
728,l2Book,1784010854905,False,False,not_evaluated,missing_same_side_strict_through_support,,0.5,False,True
729,trades,1784010854905,False,False,not_evaluated,missing_same_side_strict_through_support,,0.5,False,True
730,trades,1784010855017,False,False,not_evaluated,missing_same_side_strict_through_support,,0.5,False,True
731,l2Book,1784010855449,False,False,not_evaluated,missing_same_side_strict_through_support;missing_recent_same_side_at_or_through_throughput,,0.5,False,True
732,l2Book,1784010855986,False,False,not_evaluated,missing_same_side_strict_through_support;missing_recent_same_side_at_or_through_throughput,,0.5,False,True
733,trades,1784010856254,False,False,not_evaluated,missing_same_side_strict_through_support,,0.5,False,True
734,l2Book,1784010856525,False,False,not_evaluated,missing_same_side_strict_through_support,,0.5,False,True
735,l2Book,1784010857058,False,False,not_evaluated,missing_same_side_strict_through_support,,0.5,False,True
736,l2Book,1784010857600,False,False,not_evaluated,missing_same_side_strict_through_support,,0.5,False,True
737,l2Book,1784010858136,False,False,not_evaluated,missing_same_side_strict_through_support,,0.5,False,True
738,l2Book,1784010858668,False,False,not_evaluated,missing_same_side_strict_through_support,,0.5,False,True
739,l2Book,1784010859216,False,False,not_evaluated,missing_same_side_strict_through_support,,0.5,False,True
740,trades,1784010859348,False,False,not_evaluated,missing_same_side_strict_through_support;missing_recent_same_side_at_or_through_throughput,,0.5,False,True
741,l2Book,1784010859750,False,False,not_evaluated,missing_same_side_strict_through_support;missing_recent_same_side_at_or_through_throughput,,0.5,False,True
742,trades,1784010860151,False,False,not_evaluated,missing_same_side_strict_through_support;missing_recent_same_side_at_or_through_throughput,,0.5,False,True
743,l2Book,1784010860284,False,False,not_evaluated,missing_same_side_strict_through_support;missing_touch_freshness_or_queue_reset_evidence;missing_recent_same_side_at_or_through_throughput,,0.5,False,True
744,l2Book,1784010860821,False,False,not_evaluated,missing_same_side_strict_through_support;missing_recent_same_side_at_or_through_throughput,,0.5,False,True
745,trades,1784010860821,False,False,not_evaluated,missing_same_side_strict_through_support,,0.5,False,True
746,l2Book,1784010861367,False,False,not_evaluated,missing_same_side_strict_through_support,,0.5,False,True
747,l2Book,1784010861902,False,False,not_evaluated,missing_same_side_strict_through_support,,0.5,False,True
748,l2Book,1784010862437,False,False,not_evaluated,missing_same_side_strict_through_support,,0.5,False,True
749,l2Book,1784010862967,False,False,not_evaluated,missing_same_side_strict_through_support,,0.5,False,True
750,l2Book,1784010863521,False,False,not_evaluated,missing_same_side_strict_through_support,,0.5,False,True
751,l2Book,1784010864054,False,False,not_evaluated,missing_same_side_strict_through_support;missing_recent_same_side_at_or_through_throughput,,0.5,False,True
752,l2Book,1784010864594,False,False,not_evaluated,missing_same_side_strict_through_support;missing_recent_same_side_at_or_through_throughput,,0.5,False,True
753,l2Book,1784010865128,False,False,not_evaluated,missing_same_side_strict_through_support;missing_recent_same_side_at_or_through_throughput,,0.5,False,True
754,l2Book,1784010865669,False,False,not_evaluated,missing_same_side_strict_through_support;missing_recent_same_side_at_or_through_throughput,,0.5,False,True
755,l2Book,1784010866203,False,False,not_evaluated,missing_same_side_strict_through_support;missing_recent_same_side_at_or_through_throughput,,0.5,False,True
756,l2Book,1784010866745,False,False,not_evaluated,missing_same_side_strict_through_support;missing_recent_same_side_at_or_through_throughput,,0.5,False,True
757,trades,1784010867019,False,False,not_evaluated,missing_same_side_strict_through_support;missing_recent_same_side_at_or_through_throughput,,0.5,False,True
758,l2Book,1784010867287,False,False,not_evaluated,missing_same_side_strict_through_support;missing_recent_same_side_at_or_through_throughput,,0.5,False,True
759,l2Book,1784010867828,False,False,not_evaluated,missing_same_side_strict_through_support;missing_recent_same_side_at_or_through_throughput,,0.5,False,True
760,trades,1784010868018,False,False,not_evaluated,missing_same_side_strict_through_support;missing_recent_same_side_at_or_through_throughput,,0.5,False,True
761,l2Book,1784010868365,False,False,not_evaluated,missing_same_side_strict_through_support;missing_recent_same_side_at_or_through_throughput,,0.5,False,True
762,l2Book,1784010868895,False,False,not_evaluated,missing_same_side_strict_through_support;missing_recent_same_side_at_or_through_throughput,,0.5,False,True
763,l2Book,1784010869435,False,False,not_evaluated,missing_same_side_strict_through_support;missing_recent_same_side_at_or_through_throughput,,0.5,False,True
764,l2Book,1784010869950,False,False,not_evaluated,missing_same_side_strict_through_support;missing_recent_same_side_at_or_through_throughput,,0.5,False,True
765,trades,1784010870038,False,False,not_evaluated,missing_same_side_strict_through_support;missing_recent_same_side_at_or_through_throughput,,0.5,False,True
766,l2Book,1784010870455,False,False,not_evaluated,missing_same_side_strict_through_support;missing_recent_same_side_at_or_through_throughput,,0.5,False,True
767,l2Book,1784010870989,False,False,not_evaluated,missing_same_side_strict_through_support;missing_recent_same_side_at_or_through_throughput,,0.5,False,True
768,l2Book,1784010871511,False,False,not_evaluated,missing_same_side_strict_through_support;missing_recent_same_side_at_or_through_throughput,,0.5,False,True
769,l2Book,1784010872061,False,False,not_evaluated,missing_same_side_strict_through_support;missing_recent_same_side_at_or_through_throughput,,0.5,False,True
770,trades,1784010872061,False,False,not_evaluated,missing_same_side_strict_through_support,,0.5,False,True
771,trades,1784010872398,False,False,not_evaluated,missing_same_side_strict_through_support,,0.5,False,True
772,l2Book,1784010872578,False,False,not_evaluated,missing_touch_freshness_or_queue_reset_evidence,,0.5,False,True
773,trades,1784010872664,False,False,not_evaluated,missing_touch_freshness_or_queue_reset_evidence,,0.5,False,True
774,l2Book,1784010873119,False,False,not_evaluated,outside_quality_a_b_queue_bands,,0.5,False,True
775,l2Book,1784010873670,False,False,not_evaluated,outside_quality_a_b_queue_bands,,0.5,False,True
776,l2Book,1784010874206,False,False,not_evaluated,outside_quality_a_b_queue_bands,,0.5,False,True
777,l2Book,1784010874727,False,False,not_evaluated,outside_quality_a_b_queue_bands,,0.5,False,True
778,trades,1784010875214,False,False,not_evaluated,missing_same_side_strict_through_support;missing_recent_same_side_at_or_through_throughput,,0.5,False,True
779,l2Book,1784010875284,False,False,not_evaluated,missing_same_side_strict_through_support;missing_recent_same_side_at_or_through_throughput,,0.5,False,True
780,trades,1784010875490,False,False,not_evaluated,missing_same_side_strict_through_support;missing_recent_same_side_at_or_through_throughput,,0.5,False,True
781,trades,1784010875623,False,False,not_evaluated,missing_same_side_strict_through_support;missing_recent_same_side_at_or_through_throughput,,0.5,False,True
782,l2Book,1784010875826,False,False,not_evaluated,missing_same_side_strict_through_support;missing_touch_freshness_or_queue_reset_evidence;missing_recent_same_side_at_or_through_throughput,,0.5,False,True
783,trades,1784010876027,False,False,not_evaluated,missing_same_side_strict_through_support;missing_touch_freshness_or_queue_reset_evidence;missing_recent_same_side_at_or_through_throughput,,0.5,False,True
784,l2Book,1784010876353,False,False,not_evaluated,missing_same_side_strict_through_support;missing_touch_freshness_or_queue_reset_evidence;missing_recent_same_side_at_or_through_throughput,,0.5,False,True
785,l2Book,1784010876894,False,False,not_evaluated,missing_same_side_strict_through_support;missing_recent_same_side_at_or_through_throughput,,0.5,False,True
786,trades,1784010877231,False,False,not_evaluated,missing_same_side_strict_through_support;missing_recent_same_side_at_or_through_throughput,,0.5,False,True
787,l2Book,1784010877433,False,False,not_evaluated,missing_same_side_strict_through_support;missing_touch_freshness_or_queue_reset_evidence;missing_recent_same_side_at_or_through_throughput,,0.5,False,True
788,l2Book,1784010877970,False,False,not_evaluated,missing_same_side_strict_through_support;missing_recent_same_side_at_or_through_throughput,,0.5,False,True
789,trades,1784010878036,False,False,not_evaluated,missing_same_side_strict_through_support,,0.5,False,True
790,l2Book,1784010878495,False,False,not_evaluated,missing_same_side_strict_through_support,,0.5,False,True
791,trades,1784010878952,False,False,not_evaluated,missing_same_side_strict_through_support,,0.5,False,True
792,l2Book,1784010879043,False,False,not_evaluated,missing_same_side_strict_through_support,,0.5,False,True
793,trades,1784010879381,False,False,not_evaluated,missing_same_side_strict_through_support,,0.5,False,True
794,l2Book,1784010879582,False,False,not_evaluated,missing_same_side_strict_through_support,,0.5,False,True
795,l2Book,1784010880121,False,False,not_evaluated,missing_same_side_strict_through_support,,0.5,False,True
796,l2Book,1784010880667,False,False,not_evaluated,missing_same_side_strict_through_support,,0.5,False,True
797,l2Book,1784010881203,False,False,not_evaluated,missing_same_side_strict_through_support;missing_recent_same_side_at_or_through_throughput,,0.5,False,True
798,l2Book,1784010881739,False,False,not_evaluated,missing_same_side_strict_through_support;missing_recent_same_side_at_or_through_throughput,,0.5,False,True
799,l2Book,1784010882279,False,False,not_evaluated,missing_same_side_strict_through_support;missing_recent_same_side_at_or_through_throughput,,0.5,False,True
800,l2Book,1784010882827,False,False,not_evaluated,missing_same_side_strict_through_support;missing_recent_same_side_at_or_through_throughput,,0.5,False,True
801,trades,1784010882961,False,False,not_evaluated,missing_same_side_strict_through_support;missing_recent_same_side_at_or_through_throughput,,0.5,False,True
802,l2Book,1784010883363,False,False,not_evaluated,missing_same_side_strict_through_support;missing_recent_same_side_at_or_through_throughput,,0.5,False,True
803,l2Book,1784010883901,False,False,not_evaluated,missing_same_side_strict_through_support;missing_recent_same_side_at_or_through_throughput,,0.5,False,True
804,l2Book,1784010884438,False,False,not_evaluated,missing_same_side_strict_through_support;missing_recent_same_side_at_or_through_throughput,,0.5,False,True
805,l2Book,1784010884974,False,False,not_evaluated,missing_same_side_strict_through_support;missing_recent_same_side_at_or_through_throughput,,0.5,False,True
806,trades,1784010885030,False,False,not_evaluated,missing_same_side_strict_through_support;missing_recent_same_side_at_or_through_throughput,,0.5,False,True
807,l2Book,1784010885512,False,False,not_evaluated,missing_same_side_strict_through_support;missing_recent_same_side_at_or_through_throughput,,0.5,False,True
808,l2Book,1784010886038,False,False,not_evaluated,missing_same_side_strict_through_support;missing_recent_same_side_at_or_through_throughput,,0.5,False,True
809,l2Book,1784010886655,False,False,not_evaluated,missing_same_side_strict_through_support;missing_recent_same_side_at_or_through_throughput,,0.5,False,True
810,l2Book,1784010887180,False,False,not_evaluated,missing_same_side_strict_through_support;missing_recent_same_side_at_or_through_throughput,,0.5,False,True
811,l2Book,1784010887729,False,False,not_evaluated,missing_same_side_strict_through_support;missing_recent_same_side_at_or_through_throughput,,0.5,False,True
812,trades,1784010887996,False,False,not_evaluated,missing_same_side_strict_through_support;missing_recent_same_side_at_or_through_throughput,,0.5,False,True
813,l2Book,1784010888264,False,False,not_evaluated,missing_same_side_strict_through_support;missing_recent_same_side_at_or_through_throughput,,0.5,False,True
814,l2Book,1784010888801,False,False,not_evaluated,missing_same_side_strict_through_support;missing_recent_same_side_at_or_through_throughput,,0.5,False,True
815,trades,1784010888869,False,False,not_evaluated,missing_same_side_strict_through_support,,0.5,False,True
816,l2Book,1784010889339,False,False,not_evaluated,missing_same_side_strict_through_support,,0.5,False,True
817,l2Book,1784010889876,False,False,not_evaluated,missing_same_side_strict_through_support,,0.5,False,True
818,trades,1784010890279,False,False,not_evaluated,missing_same_side_strict_through_support,,0.5,False,True
819,l2Book,1784010890412,False,False,not_evaluated,missing_same_side_strict_through_support,,0.5,False,True
820,l2Book,1784010890950,False,False,not_evaluated,missing_same_side_strict_through_support,,0.5,False,True
821,l2Book,1784010891487,False,False,not_evaluated,missing_same_side_strict_through_support,,0.5,False,True
822,l2Book,1784010892027,False,False,not_evaluated,missing_same_side_strict_through_support;missing_recent_same_side_at_or_through_throughput,,0.5,False,True
823,trades,1784010892161,False,False,not_evaluated,missing_same_side_strict_through_support;missing_recent_same_side_at_or_through_throughput,,0.5,False,True
824,l2Book,1784010892570,False,False,not_evaluated,missing_same_side_strict_through_support;missing_recent_same_side_at_or_through_throughput,,0.5,False,True
825,l2Book,1784010893103,False,False,not_evaluated,missing_same_side_strict_through_support;missing_recent_same_side_at_or_through_throughput,,0.5,False,True
826,l2Book,1784010893618,False,False,not_evaluated,missing_same_side_strict_through_support;missing_recent_same_side_at_or_through_throughput,,0.5,False,True
827,l2Book,1784010894244,False,False,not_evaluated,missing_same_side_strict_through_support;missing_recent_same_side_at_or_through_throughput,,0.5,False,True
828,l2Book,1784010894847,False,False,not_evaluated,missing_same_side_strict_through_support;missing_recent_same_side_at_or_through_throughput,,0.5,False,True
829,l2Book,1784010895381,False,False,not_evaluated,missing_same_side_strict_through_support;missing_recent_same_side_at_or_through_throughput,,0.5,False,True
830,l2Book,1784010895908,False,False,not_evaluated,missing_same_side_strict_through_support;missing_recent_same_side_at_or_through_throughput,,0.5,False,True
831,l2Book,1784010896457,False,False,not_evaluated,missing_same_side_strict_through_support;missing_recent_same_side_at_or_through_throughput,,0.5,False,True
832,l2Book,1784010896991,False,False,not_evaluated,missing_same_side_strict_through_support;missing_recent_same_side_at_or_through_throughput,,0.5,False,True
833,trades,1784010897060,False,False,not_evaluated,missing_same_side_strict_through_support;missing_recent_same_side_at_or_through_throughput,,0.5,False,True
834,l2Book,1784010897537,False,False,not_evaluated,missing_same_side_strict_through_support;missing_recent_same_side_at_or_through_throughput,,0.5,False,True
835,trades,1784010898006,False,False,not_evaluated,missing_same_side_strict_through_support;missing_recent_same_side_at_or_through_throughput,,0.5,False,True
836,l2Book,1784010898066,False,False,not_evaluated,missing_same_side_strict_through_support;missing_recent_same_side_at_or_through_throughput,,0.5,False,True
837,l2Book,1784010898608,False,False,not_evaluated,missing_same_side_strict_through_support;missing_recent_same_side_at_or_through_throughput,,0.5,False,True
838,trades,1784010898744,False,False,not_evaluated,missing_same_side_strict_through_support;missing_recent_same_side_at_or_through_throughput,,0.5,False,True
839,l2Book,1784010899128,False,False,not_evaluated,missing_same_side_strict_through_support;missing_recent_same_side_at_or_through_throughput,,0.5,False,True
840,l2Book,1784010899673,False,False,not_evaluated,missing_same_side_strict_through_support;missing_recent_same_side_at_or_through_throughput,,0.5,False,True
841,trades,1784010900008,False,False,not_evaluated,missing_same_side_strict_through_support;missing_recent_same_side_at_or_through_throughput,,0.5,False,True
842,l2Book,1784010900221,False,False,not_evaluated,missing_same_side_strict_through_support;missing_recent_same_side_at_or_through_throughput,,0.5,False,True
843,trades,1784010900679,False,False,not_evaluated,missing_same_side_strict_through_support;missing_recent_same_side_at_or_through_throughput,,0.5,False,True
844,l2Book,1784010900745,False,False,not_evaluated,missing_same_side_strict_through_support;missing_recent_same_side_at_or_through_throughput,,0.5,False,True
845,l2Book,1784010901281,False,False,not_evaluated,missing_same_side_strict_through_support;missing_recent_same_side_at_or_through_throughput,,0.5,False,True
846,l2Book,1784010901828,False,False,not_evaluated,missing_same_side_strict_through_support;missing_recent_same_side_at_or_through_throughput,,0.5,False,True
847,trades,1784010901828,False,False,not_evaluated,missing_same_side_strict_through_support,,0.5,False,True
848,trades,1784010902030,False,False,not_evaluated,missing_same_side_strict_through_support,,0.5,False,True
849,l2Book,1784010902366,False,False,not_evaluated,missing_same_side_strict_through_support,,0.5,False,True
850,l2Book,1784010902890,False,False,not_evaluated,missing_same_side_strict_through_support,,0.5,False,True
851,l2Book,1784010903438,False,False,not_evaluated,missing_same_side_strict_through_support,,0.5,False,True
852,l2Book,1784010903965,False,False,not_evaluated,missing_same_side_strict_through_support,,0.5,False,True
853,trades,1784010903965,False,False,not_evaluated,missing_same_side_strict_through_support,,0.5,False,True
854,l2Book,1784010904499,False,False,not_evaluated,missing_same_side_strict_through_support,,0.5,False,True
855,l2Book,1784010905103,False,False,not_evaluated,missing_same_side_strict_through_support;missing_recent_same_side_at_or_through_throughput,,0.5,False,True
856,l2Book,1784010905595,False,False,not_evaluated,missing_same_side_strict_through_support;missing_recent_same_side_at_or_through_throughput,,0.5,False,True
857,l2Book,1784010906133,False,False,not_evaluated,missing_same_side_strict_through_support;missing_recent_same_side_at_or_through_throughput,,0.5,False,True
858,l2Book,1784010906668,False,False,not_evaluated,missing_same_side_strict_through_support;missing_recent_same_side_at_or_through_throughput,,0.5,False,True
859,l2Book,1784010907205,False,False,not_evaluated,missing_same_side_strict_through_support;missing_recent_same_side_at_or_through_throughput,,0.5,False,True
860,trades,1784010907205,False,False,not_evaluated,missing_same_side_strict_through_support;missing_recent_same_side_at_or_through_throughput,,0.5,False,True
861,l2Book,1784010907726,False,False,not_evaluated,missing_same_side_strict_through_support;missing_recent_same_side_at_or_through_throughput,,0.5,False,True
862,trades,1784010908009,False,False,not_evaluated,missing_same_side_strict_through_support,,0.5,False,True
863,l2Book,1784010908268,False,False,not_evaluated,missing_same_side_strict_through_support,,0.5,False,True
864,l2Book,1784010908813,False,False,not_evaluated,missing_same_side_strict_through_support,,0.5,False,True
865,l2Book,1784010909344,False,False,not_evaluated,missing_same_side_strict_through_support,,0.5,False,True
866,trades,1784010909822,False,False,not_evaluated,missing_same_side_strict_through_support,,0.5,False,True
867,l2Book,1784010909888,False,False,not_evaluated,missing_same_side_strict_through_support,,0.5,False,True
868,l2Book,1784010910425,False,False,not_evaluated,missing_same_side_strict_through_support,,0.5,False,True
869,l2Book,1784010910937,False,False,not_evaluated,missing_same_side_strict_through_support,,0.5,False,True
870,l2Book,1784010911440,False,False,not_evaluated,missing_same_side_strict_through_support,,0.5,False,True
871,l2Book,1784010911971,False,False,not_evaluated,missing_same_side_strict_through_support,,0.5,False,True
872,l2Book,1784010912508,False,False,not_evaluated,missing_same_side_strict_through_support,,0.5,False,True
873,l2Book,1784010913045,False,False,not_evaluated,missing_same_side_strict_through_support;missing_recent_same_side_at_or_through_throughput,,0.5,False,True
874,l2Book,1784010913553,False,False,not_evaluated,missing_same_side_strict_through_support;missing_recent_same_side_at_or_through_throughput,,0.5,False,True
875,trades,1784010913780,False,False,not_evaluated,missing_same_side_strict_through_support;missing_recent_same_side_at_or_through_throughput,,0.5,False,True
876,l2Book,1784010914117,False,False,not_evaluated,missing_same_side_strict_through_support;missing_recent_same_side_at_or_through_throughput,,0.5,False,True
877,l2Book,1784010914656,False,False,not_evaluated,missing_same_side_strict_through_support;missing_recent_same_side_at_or_through_throughput,,0.5,False,True
878,trades,1784010915057,False,False,not_evaluated,missing_same_side_strict_through_support;missing_recent_same_side_at_or_through_throughput,,0.5,False,True
879,l2Book,1784010915191,False,False,not_evaluated,missing_same_side_strict_through_support;missing_touch_freshness_or_queue_reset_evidence;missing_recent_same_side_at_or_through_throughput,,0.5,False,True
880,l2Book,1784010916096,False,False,not_evaluated,missing_same_side_strict_through_support;missing_recent_same_side_at_or_through_throughput,,0.5,False,True
881,trades,1784010916476,False,False,not_evaluated,missing_same_side_strict_through_support,,0.5,False,True
882,l2Book,1784010916608,False,False,not_evaluated,missing_same_side_strict_through_support,,0.5,False,True
883,l2Book,1784010917144,False,False,not_evaluated,missing_same_side_strict_through_support,,0.5,False,True
884,l2Book,1784010917679,False,False,not_evaluated,missing_same_side_strict_through_support,,0.5,False,True
885,l2Book,1784010918217,False,False,not_evaluated,missing_same_side_strict_through_support,,0.5,False,True
886,l2Book,1784010918752,False,False,not_evaluated,missing_same_side_strict_through_support,,0.5,False,True
887,l2Book,1784010919288,False,False,not_evaluated,missing_same_side_strict_through_support,,0.5,False,True
888,l2Book,1784010919827,False,False,not_evaluated,missing_same_side_strict_through_support;missing_recent_same_side_at_or_through_throughput,,0.5,False,True
889,trades,1784010920028,False,False,not_evaluated,missing_same_side_strict_through_support;missing_recent_same_side_at_or_through_throughput,,0.5,False,True
890,l2Book,1784010920363,False,False,not_evaluated,missing_same_side_strict_through_support;missing_recent_same_side_at_or_through_throughput,,0.5,False,True
891,trades,1784010920764,False,False,not_evaluated,missing_same_side_strict_through_support;missing_recent_same_side_at_or_through_throughput,,0.5,False,True
892,l2Book,1784010920901,False,False,not_evaluated,missing_same_side_strict_through_support;missing_touch_freshness_or_queue_reset_evidence;missing_recent_same_side_at_or_through_throughput,,0.5,False,True
893,trades,1784010920967,False,False,not_evaluated,missing_same_side_strict_through_support;missing_touch_freshness_or_queue_reset_evidence;missing_recent_same_side_at_or_through_throughput,,0.5,False,True
894,l2Book,1784010921460,False,False,not_evaluated,missing_same_side_strict_through_support;missing_recent_same_side_at_or_through_throughput,,0.5,False,True
895,trades,1784010921660,False,False,not_evaluated,missing_same_side_strict_through_support;missing_recent_same_side_at_or_through_throughput,,0.5,False,True
896,l2Book,1784010921995,False,False,not_evaluated,missing_same_side_strict_through_support;missing_recent_same_side_at_or_through_throughput,,0.5,False,True
897,l2Book,1784010922520,False,False,not_evaluated,missing_same_side_strict_through_support;missing_recent_same_side_at_or_through_throughput,,0.5,False,True
898,trades,1784010922598,False,False,not_evaluated,missing_same_side_strict_through_support;missing_recent_same_side_at_or_through_throughput,,0.5,False,True
899,trades,1784010922666,False,False,not_evaluated,missing_same_side_strict_through_support;missing_recent_same_side_at_or_through_throughput,,0.5,False,True
900,trades,1784010922934,False,False,not_evaluated,missing_same_side_strict_through_support;missing_recent_same_side_at_or_through_throughput,,0.5,False,True
901,l2Book,1784010923068,False,False,not_evaluated,missing_same_side_strict_through_support;missing_touch_freshness_or_queue_reset_evidence;missing_recent_same_side_at_or_through_throughput,,0.5,False,True
902,trades,1784010923403,False,False,not_evaluated,missing_same_side_strict_through_support;missing_recent_same_side_at_or_through_throughput,,0.5,False,True
903,l2Book,1784010923605,False,False,not_evaluated,missing_same_side_strict_through_support;missing_recent_same_side_at_or_through_throughput,,0.5,False,True
904,l2Book,1784010924140,False,False,not_evaluated,missing_same_side_strict_through_support;missing_recent_same_side_at_or_through_throughput,,0.5,False,True
905,trades,1784010924350,False,False,not_evaluated,missing_same_side_strict_through_support;missing_recent_same_side_at_or_through_throughput,,0.5,False,True
906,l2Book,1784010924684,False,False,not_evaluated,missing_same_side_strict_through_support;missing_recent_same_side_at_or_through_throughput,,0.5,False,True
907,trades,1784010924886,False,False,not_evaluated,missing_same_side_strict_through_support;missing_recent_same_side_at_or_through_throughput,,0.5,False,True
908,l2Book,1784010925221,False,False,not_evaluated,missing_same_side_strict_through_support;missing_recent_same_side_at_or_through_throughput,,0.5,False,True
909,trades,1784010925692,False,False,not_evaluated,missing_same_side_strict_through_support;missing_recent_same_side_at_or_through_throughput,,0.5,False,True
910,l2Book,1784010925757,False,False,not_evaluated,missing_same_side_strict_through_support;missing_recent_same_side_at_or_through_throughput,,0.5,False,True
911,trades,1784010926030,False,False,not_evaluated,missing_same_side_strict_through_support;missing_recent_same_side_at_or_through_throughput,,0.5,False,True
912,l2Book,1784010926298,False,False,not_evaluated,missing_same_side_strict_through_support;missing_touch_freshness_or_queue_reset_evidence;missing_recent_same_side_at_or_through_throughput,,0.5,False,True
913,trades,1784010926501,False,False,not_evaluated,missing_touch_freshness_or_queue_reset_evidence,,0.5,False,True
914,l2Book,1784010926833,False,False,not_evaluated,missing_same_side_strict_through_support;missing_touch_freshness_or_queue_reset_evidence,,0.5,False,True
915,trades,1784010927107,False,False,not_evaluated,missing_same_side_strict_through_support,,0.5,False,True
916,l2Book,1784010927371,False,False,not_evaluated,missing_same_side_strict_through_support,,0.5,False,True
917,l2Book,1784010927903,False,False,not_evaluated,missing_same_side_strict_through_support,,0.5,False,True
918,trades,1784010928040,False,False,not_evaluated,missing_same_side_strict_through_support,,0.5,False,True
919,l2Book,1784010928441,False,False,not_evaluated,missing_same_side_strict_through_support,,0.5,False,True
920,l2Book,1784010928977,False,False,not_evaluated,missing_same_side_strict_through_support,,0.5,False,True
921,l2Book,1784010929515,False,False,not_evaluated,missing_same_side_strict_through_support;missing_recent_same_side_at_or_through_throughput,,0.5,False,True
922,trades,1784010929849,False,False,not_evaluated,missing_same_side_strict_through_support;missing_recent_same_side_at_or_through_throughput,,0.5,False,True
923,l2Book,1784010930050,False,False,not_evaluated,missing_same_side_strict_through_support;missing_recent_same_side_at_or_through_throughput,,0.5,False,True
924,trades,1784010930050,False,False,not_evaluated,missing_same_side_strict_through_support;missing_recent_same_side_at_or_through_throughput,,0.5,False,True
925,trades,1784010930117,False,False,not_evaluated,missing_same_side_strict_through_support;missing_recent_same_side_at_or_through_throughput,,0.5,False,True
926,l2Book,1784010930589,False,False,not_evaluated,missing_same_side_strict_through_support;missing_recent_same_side_at_or_through_throughput,,0.5,False,True
927,trades,1784010930995,False,False,not_evaluated,missing_same_side_strict_through_support;missing_recent_same_side_at_or_through_throughput,,0.5,False,True
928,l2Book,1784010931130,False,False,not_evaluated,missing_same_side_strict_through_support;missing_recent_same_side_at_or_through_throughput,,0.5,False,True
929,l2Book,1784010931662,False,False,not_evaluated,missing_same_side_strict_through_support;missing_recent_same_side_at_or_through_throughput,,0.5,False,True
930,trades,1784010931913,False,False,not_evaluated,missing_same_side_strict_through_support;missing_recent_same_side_at_or_through_throughput,,0.5,False,True
931,trades,1784010932064,False,False,not_evaluated,missing_same_side_strict_through_support;missing_recent_same_side_at_or_through_throughput,,0.5,False,True
932,l2Book,1784010932195,False,False,not_evaluated,missing_same_side_strict_through_support;missing_touch_freshness_or_queue_reset_evidence,,0.5,False,True
933,l2Book,1784010932738,False,False,not_evaluated,missing_same_side_strict_through_support,,0.5,False,True
934,trades,1784010932738,False,False,not_evaluated,missing_same_side_strict_through_support,,0.5,False,True
935,trades,1784010932803,False,False,not_evaluated,missing_same_side_strict_through_support,,0.5,False,True
936,trades,1784010933070,False,False,not_evaluated,missing_same_side_strict_through_support,,0.5,False,True
937,l2Book,1784010933271,False,False,not_evaluated,missing_same_side_strict_through_support,,0.5,False,True
938,trades,1784010933342,False,False,not_evaluated,missing_same_side_strict_through_support,,0.5,False,True
939,l2Book,1784010933809,False,False,not_evaluated,missing_same_side_strict_through_support,,0.5,False,True
940,l2Book,1784010934350,False,False,not_evaluated,missing_same_side_strict_through_support,,0.5,False,True
941,trades,1784010934477,False,False,not_evaluated,missing_same_side_strict_through_support,,0.5,False,True
942,l2Book,1784010934878,False,False,not_evaluated,missing_same_side_strict_through_support;missing_touch_freshness_or_queue_reset_evidence;missing_recent_same_side_at_or_through_throughput,,0.5,False,True
943,l2Book,1784010935432,False,False,not_evaluated,missing_same_side_strict_through_support;missing_touch_freshness_or_queue_reset_evidence;missing_recent_same_side_at_or_through_throughput,,0.5,False,True
944,trades,1784010935565,False,False,not_evaluated,missing_same_side_strict_through_support;missing_touch_freshness_or_queue_reset_evidence,,0.5,False,True
945,l2Book,1784010935969,False,False,not_evaluated,missing_same_side_strict_through_support;missing_touch_freshness_or_queue_reset_evidence;missing_recent_same_side_at_or_through_throughput,,0.5,False,True
946,l2Book,1784010936511,False,False,not_evaluated,missing_same_side_strict_through_support;missing_touch_freshness_or_queue_reset_evidence;missing_recent_same_side_at_or_through_throughput,,0.5,False,True
947,l2Book,1784010937039,False,False,not_evaluated,missing_same_side_strict_through_support;missing_recent_same_side_at_or_through_throughput,,0.5,False,True
948,l2Book,1784010937576,False,False,not_evaluated,missing_same_side_strict_through_support;missing_recent_same_side_at_or_through_throughput,,0.5,False,True
949,trades,1784010938042,False,False,not_evaluated,missing_same_side_strict_through_support,,0.5,False,True
950,l2Book,1784010938096,False,False,not_evaluated,missing_same_side_strict_through_support,,0.5,False,True
951,l2Book,1784010938647,False,False,not_evaluated,missing_same_side_strict_through_support,,0.5,False,True
952,trades,1784010938847,False,False,not_evaluated,missing_same_side_strict_through_support,,0.5,False,True
953,l2Book,1784010939182,False,False,not_evaluated,missing_same_side_strict_through_support,,0.5,False,True
954,trades,1784010939585,False,False,not_evaluated,missing_same_side_strict_through_support,,0.5,False,True
955,l2Book,1784010939703,False,False,not_evaluated,missing_same_side_strict_through_support,,0.5,False,True
956,trades,1784010939786,False,False,not_evaluated,missing_same_side_strict_through_support,,0.5,False,True
957,l2Book,1784010940255,False,False,not_evaluated,missing_same_side_strict_through_support,,0.5,False,True
958,l2Book,1784010940789,False,False,not_evaluated,missing_same_side_strict_through_support,,0.5,False,True
959,l2Book,1784010941316,False,False,not_evaluated,missing_same_side_strict_through_support,,0.5,False,True
960,l2Book,1784010941864,False,False,not_evaluated,missing_same_side_strict_through_support,,0.5,False,True
961,l2Book,1784010942400,False,False,not_evaluated,missing_same_side_strict_through_support,,0.5,False,True
962,trades,1784010942400,False,False,not_evaluated,missing_same_side_strict_through_support,,0.5,False,True
963,trades,1784010942602,False,False,not_evaluated,missing_same_side_strict_through_support,,0.5,False,True
964,l2Book,1784010942926,False,False,not_evaluated,missing_same_side_strict_through_support,,0.5,False,True
965,l2Book,1784010943475,False,False,not_evaluated,missing_same_side_strict_through_support,,0.5,False,True
966,l2Book,1784010944010,False,False,not_evaluated,missing_same_side_strict_through_support,,0.5,False,True
967,l2Book,1784010944534,False,False,not_evaluated,missing_same_side_strict_through_support,,0.5,False,True
968,trades,1784010945018,False,False,not_evaluated,missing_same_side_strict_through_support,,0.5,False,True
969,l2Book,1784010945085,False,False,not_evaluated,missing_same_side_strict_through_support,,0.5,False,True
970,l2Book,1784010945621,False,False,not_evaluated,missing_same_side_strict_through_support;missing_recent_same_side_at_or_through_throughput,,0.5,False,True
971,l2Book,1784010946144,False,False,not_evaluated,missing_same_side_strict_through_support;missing_recent_same_side_at_or_through_throughput,,0.5,False,True
972,l2Book,1784010946693,False,False,not_evaluated,missing_same_side_strict_through_support;missing_recent_same_side_at_or_through_throughput,,0.5,False,True
973,l2Book,1784010947233,False,False,not_evaluated,missing_same_side_strict_through_support;missing_recent_same_side_at_or_through_throughput,,0.5,False,True
974,l2Book,1784010947754,False,False,not_evaluated,missing_same_side_strict_through_support;missing_recent_same_side_at_or_through_throughput,,0.5,False,True
975,trades,1784010947836,False,False,not_evaluated,missing_same_side_strict_through_support;missing_recent_same_side_at_or_through_throughput,,0.5,False,True
976,l2Book,1784010948306,False,False,not_evaluated,missing_same_side_strict_through_support;missing_recent_same_side_at_or_through_throughput,,0.5,False,True
977,l2Book,1784010948844,False,False,not_evaluated,missing_same_side_strict_through_support;missing_recent_same_side_at_or_through_throughput,,0.5,False,True
978,trades,1784010949246,False,False,not_evaluated,missing_same_side_strict_through_support;missing_recent_same_side_at_or_through_throughput,,0.5,False,True
979,l2Book,1784010949362,False,False,not_evaluated,missing_same_side_strict_through_support;missing_recent_same_side_at_or_through_throughput,,0.5,False,True
980,l2Book,1784010949916,False,False,not_evaluated,missing_same_side_strict_through_support;missing_recent_same_side_at_or_through_throughput,,0.5,False,True
981,trades,1784010950115,False,False,not_evaluated,missing_same_side_strict_through_support,,0.5,False,True
982,l2Book,1784010950452,False,False,not_evaluated,missing_same_side_strict_through_support,,0.5,False,True
983,trades,1784010950452,False,False,not_evaluated,missing_same_side_strict_through_support,,0.5,False,True
984,l2Book,1784010950978,False,False,not_evaluated,missing_same_side_strict_through_support,,0.5,False,True
985,trades,1784010951473,False,False,not_evaluated,missing_same_side_strict_through_support,,0.5,False,True
986,l2Book,1784010951541,False,False,not_evaluated,missing_same_side_strict_through_support,,0.5,False,True
987,l2Book,1784010952073,False,False,not_evaluated,missing_same_side_strict_through_support,,0.5,False,True
988,l2Book,1784010952608,False,False,not_evaluated,missing_same_side_strict_through_support,,0.5,False,True
989,l2Book,1784010953154,False,False,not_evaluated,missing_same_side_strict_through_support,,0.5,False,True
990,trades,1784010953293,True,True,edge_gate_block,fair_mid_source_stale,0.000659,0.5,False,False
991,l2Book,1784010954223,False,False,not_evaluated,missing_same_side_strict_through_support;missing_recent_same_side_at_or_through_throughput,,0.5,False,True
992,trades,1784010954567,False,False,not_evaluated,missing_same_side_strict_through_support;missing_recent_same_side_at_or_through_throughput,,0.5,False,True
993,l2Book,1784010954763,False,False,not_evaluated,missing_same_side_strict_through_support;missing_touch_freshness_or_queue_reset_evidence;missing_recent_same_side_at_or_through_throughput,,0.5,False,True
994,l2Book,1784010955299,False,False,not_evaluated,missing_same_side_strict_through_support;missing_recent_same_side_at_or_through_throughput,,0.5,False,True
995,l2Book,1784010955834,False,False,not_evaluated,missing_same_side_strict_through_support;missing_recent_same_side_at_or_through_throughput,,0.5,False,True
996,l2Book,1784010956372,False,False,not_evaluated,missing_same_side_strict_through_support;missing_recent_same_side_at_or_through_throughput,,0.5,False,True
997,l2Book,1784010956906,False,False,not_evaluated,missing_same_side_strict_through_support;missing_recent_same_side_at_or_through_throughput,,0.5,False,True
998,trades,1784010957050,False,False,not_evaluated,missing_same_side_strict_through_support;missing_recent_same_side_at_or_through_throughput,,0.5,False,True
999,l2Book,1784010957455,False,False,not_evaluated,missing_same_side_strict_through_support;missing_recent_same_side_at_or_through_throughput,,0.5,False,True
1000,l2Book,1784010958061,False,False,not_evaluated,missing_same_side_strict_through_support;missing_recent_same_side_at_or_through_throughput,,0.5,False,True
1001,trades,1784010958061,False,False,not_evaluated,missing_same_side_strict_through_support;missing_recent_same_side_at_or_through_throughput,,0.5,False,True
1002,l2Book,1784010958596,False,False,not_evaluated,missing_same_side_strict_through_support;missing_recent_same_side_at_or_through_throughput,,0.5,False,True
1003,l2Book,1784010959143,False,False,not_evaluated,missing_same_side_strict_through_support;missing_recent_same_side_at_or_through_throughput,,0.5,False,True
1004,l2Book,1784010959679,False,False,not_evaluated,missing_same_side_strict_through_support;missing_recent_same_side_at_or_through_throughput,,0.5,False,True
1005,trades,1784010960013,False,False,not_evaluated,missing_same_side_strict_through_support;missing_recent_same_side_at_or_through_throughput,,0.5,False,True
1006,l2Book,1784010960217,False,False,not_evaluated,missing_same_side_strict_through_support;missing_recent_same_side_at_or_through_throughput,,0.5,False,True
1007,l2Book,1784010960823,False,False,not_evaluated,missing_same_side_strict_through_support;missing_recent_same_side_at_or_through_throughput,,0.5,False,True
1008,trades,1784010961104,False,False,not_evaluated,missing_same_side_strict_through_support;missing_recent_same_side_at_or_through_throughput,,0.5,False,True
1009,l2Book,1784010961371,False,False,not_evaluated,missing_same_side_strict_through_support;missing_touch_freshness_or_queue_reset_evidence;missing_recent_same_side_at_or_through_throughput,,0.5,False,True
1010,trades,1784010961709,False,False,not_evaluated,missing_same_side_strict_through_support,,0.5,False,True
1011,l2Book,1784010961910,False,False,not_evaluated,missing_same_side_strict_through_support,,0.5,False,True
1012,trades,1784010962111,False,False,not_evaluated,missing_same_side_strict_through_support,,0.5,False,True
1013,l2Book,1784010962441,False,False,not_evaluated,missing_same_side_strict_through_support,,0.5,False,True
1014,trades,1784010962441,False,False,not_evaluated,missing_same_side_strict_through_support,,0.5,False,True
1015,l2Book,1784010962980,False,False,not_evaluated,missing_same_side_strict_through_support,,0.5,False,True
1016,l2Book,1784010963516,False,False,not_evaluated,missing_same_side_strict_through_support,,0.5,False,True
1017,l2Book,1784010964049,False,False,not_evaluated,missing_same_side_strict_through_support,,0.5,False,True
1018,l2Book,1784010964566,False,False,not_evaluated,missing_same_side_strict_through_support,,0.5,False,True
1019,l2Book,1784010965114,False,False,not_evaluated,missing_same_side_strict_through_support,,0.5,False,True
1020,l2Book,1784010965653,False,False,not_evaluated,missing_same_side_strict_through_support;missing_recent_same_side_at_or_through_throughput,,0.5,False,True
1021,trades,1784010966127,False,False,not_evaluated,missing_same_side_strict_through_support,,0.5,False,True
1022,l2Book,1784010966186,False,False,not_evaluated,missing_same_side_strict_through_support,,0.5,False,True
1023,trades,1784010966186,False,False,not_evaluated,missing_same_side_strict_through_support,,0.5,False,True
1024,l2Book,1784010966733,False,False,not_evaluated,missing_same_side_strict_through_support,,0.5,False,True
1025,l2Book,1784010967266,False,False,not_evaluated,missing_same_side_strict_through_support,,0.5,False,True
1026,l2Book,1784010967800,False,False,not_evaluated,missing_same_side_strict_through_support,,0.5,False,True
1027,trades,1784010968070,False,False,not_evaluated,missing_same_side_strict_through_support,,0.5,False,True
1028,l2Book,1784010968311,False,False,not_evaluated,missing_same_side_strict_through_support,,0.5,False,True
1029,l2Book,1784010968817,False,False,not_evaluated,missing_same_side_strict_through_support;missing_touch_freshness_or_queue_reset_evidence,,0.5,False,True
1030,l2Book,1784010969361,False,False,not_evaluated,missing_same_side_strict_through_support;missing_touch_freshness_or_queue_reset_evidence,,0.5,False,True
1031,l2Book,1784010969883,False,False,not_evaluated,missing_same_side_strict_through_support;missing_touch_freshness_or_queue_reset_evidence;missing_recent_same_side_at_or_through_throughput,,0.5,False,True
1032,l2Book,1784010970418,False,False,not_evaluated,missing_same_side_strict_through_support;missing_recent_same_side_at_or_through_throughput,,0.5,False,True
1033,l2Book,1784010970944,False,False,not_evaluated,missing_same_side_strict_through_support;missing_touch_freshness_or_queue_reset_evidence;missing_recent_same_side_at_or_through_throughput,,0.5,False,True
1034,l2Book,1784010971488,False,False,not_evaluated,missing_same_side_strict_through_support;missing_touch_freshness_or_queue_reset_evidence;missing_recent_same_side_at_or_through_throughput,,0.5,False,True
1035,l2Book,1784010972009,False,False,not_evaluated,missing_same_side_strict_through_support;missing_recent_same_side_at_or_through_throughput,,0.5,False,True
1036,l2Book,1784010972562,False,False,not_evaluated,missing_same_side_strict_through_support;missing_recent_same_side_at_or_through_throughput,,0.5,False,True
1037,l2Book,1784010973102,False,False,not_evaluated,missing_same_side_strict_through_support;missing_touch_freshness_or_queue_reset_evidence;missing_recent_same_side_at_or_through_throughput,,0.5,False,True
1038,l2Book,1784010973645,False,False,not_evaluated,missing_same_side_strict_through_support;missing_recent_same_side_at_or_through_throughput,,0.5,False,True
1039,l2Book,1784010974183,False,False,not_evaluated,missing_same_side_strict_through_support;missing_recent_same_side_at_or_through_throughput,,0.5,False,True
1040,l2Book,1784010974710,False,False,not_evaluated,missing_same_side_strict_through_support;missing_recent_same_side_at_or_through_throughput,,0.5,False,True
1041,trades,1784010974901,False,False,not_evaluated,missing_same_side_strict_through_support,,0.5,False,True
1042,trades,1784010975027,False,False,not_evaluated,missing_same_side_strict_through_support,,0.5,False,True
1043,l2Book,1784010975267,False,False,not_evaluated,missing_same_side_strict_through_support;missing_touch_freshness_or_queue_reset_evidence,,0.5,False,True
1044,l2Book,1784010975801,False,False,not_evaluated,missing_touch_freshness_or_queue_reset_evidence,,0.5,False,True
1045,trades,1784010975801,False,False,not_evaluated,missing_touch_freshness_or_queue_reset_evidence,,0.5,False,True
1046,trades,1784010975874,False,False,not_evaluated,missing_touch_freshness_or_queue_reset_evidence,,0.5,False,True
1047,trades,1784010976075,False,False,not_evaluated,outside_quality_a_b_queue_bands,,0.5,False,True
1048,l2Book,1784010976341,False,False,not_evaluated,missing_touch_freshness_or_queue_reset_evidence,,0.5,False,True
1049,trades,1784010976341,False,False,not_evaluated,missing_touch_freshness_or_queue_reset_evidence,,0.5,False,True
1050,trades,1784010976695,False,False,not_evaluated,outside_quality_a_b_queue_bands,,0.5,False,True
1051,l2Book,1784010976894,False,False,not_evaluated,outside_quality_a_b_queue_bands,,0.5,False,True
1052,l2Book,1784010977422,False,False,not_evaluated,outside_quality_a_b_queue_bands,,0.5,False,True
1053,trades,1784010977899,False,False,not_evaluated,outside_quality_a_b_queue_bands,,0.5,False,True
1054,l2Book,1784010977960,False,False,not_evaluated,missing_same_side_strict_through_support,,0.5,False,True
1055,trades,1784010978238,False,False,not_evaluated,missing_same_side_strict_through_support,,0.5,False,True
1056,l2Book,1784010978521,False,False,not_evaluated,missing_same_side_strict_through_support,,0.5,False,True
1057,trades,1784010978521,False,False,not_evaluated,missing_same_side_strict_through_support,,0.5,False,True
1058,trades,1784010978641,False,False,not_evaluated,missing_same_side_strict_through_support,,0.5,False,True
1059,trades,1784010978718,False,False,not_evaluated,missing_same_side_strict_through_support,,0.5,False,True
1060,trades,1784010978773,False,False,not_evaluated,missing_same_side_strict_through_support,,0.5,False,True
1061,l2Book,1784010979045,False,False,not_evaluated,missing_same_side_strict_through_support,,0.5,False,True
1062,trades,1784010979121,False,False,not_evaluated,missing_same_side_strict_through_support,,0.5,False,True
1063,trades,1784010979321,False,False,not_evaluated,missing_same_side_strict_through_support,,0.5,False,True
1064,l2Book,1784010979582,False,False,not_evaluated,missing_same_side_strict_through_support,,0.5,False,True
1065,trades,1784010979857,False,False,not_evaluated,missing_same_side_strict_through_support,,0.5,False,True
1066,trades,1784010980061,False,False,not_evaluated,missing_same_side_strict_through_support,,0.5,False,True
1067,l2Book,1784010980129,False,False,not_evaluated,missing_same_side_strict_through_support;missing_touch_freshness_or_queue_reset_evidence;missing_recent_same_side_at_or_through_throughput,,0.5,False,True
1068,trades,1784010980331,False,False,not_evaluated,missing_touch_freshness_or_queue_reset_evidence,,0.5,False,True
1069,trades,1784010980529,True,True,anti_drift_block,adverse_trade_pressure_with_recent_adverse_bbo,0.000694,0.5,False,True
1070,l2Book,1784010980665,False,False,not_evaluated,missing_same_side_strict_through_support;missing_touch_freshness_or_queue_reset_evidence;missing_recent_same_side_at_or_through_throughput,,0.5,False,True
1071,trades,1784010980865,False,False,not_evaluated,missing_same_side_strict_through_support;missing_touch_freshness_or_queue_reset_evidence;missing_recent_same_side_at_or_through_throughput,,0.5,False,True
1072,l2Book,1784010981199,False,False,not_evaluated,missing_same_side_strict_through_support;missing_recent_same_side_at_or_through_throughput,,0.5,False,True
1073,trades,1784010981543,False,False,not_evaluated,missing_same_side_strict_through_support,,0.5,False,True
1074,l2Book,1784010981743,False,False,not_evaluated,missing_same_side_strict_through_support,,0.5,False,True
1075,trades,1784010981944,False,False,not_evaluated,missing_same_side_strict_through_support,,0.5,False,True
1076,trades,1784010982011,False,False,not_evaluated,missing_same_side_strict_through_support,,0.5,False,True
1077,trades,1784010982079,False,False,not_evaluated,missing_same_side_strict_through_support,,0.5,False,True
1078,l2Book,1784010982280,False,False,not_evaluated,missing_same_side_strict_through_support,,0.5,False,True
1079,trades,1784010982490,False,False,not_evaluated,missing_same_side_strict_through_support,,0.5,False,True
1080,l2Book,1784010982820,False,False,not_evaluated,missing_same_side_strict_through_support,,0.5,False,True
1081,trades,1784010982889,False,False,not_evaluated,missing_same_side_strict_through_support,,0.5,False,True
1082,trades,1784010983020,False,False,not_evaluated,missing_same_side_strict_through_support,,0.5,False,True
1083,trades,1784010983293,False,False,not_evaluated,missing_same_side_strict_through_support,,0.5,False,True
1084,l2Book,1784010983360,False,False,not_evaluated,missing_same_side_strict_through_support,,0.5,False,True
1085,trades,1784010983628,False,False,not_evaluated,missing_same_side_strict_through_support,,0.5,False,True
1086,l2Book,1784010983894,False,False,not_evaluated,missing_same_side_strict_through_support,,0.5,False,True
1087,trades,1784010984230,False,False,not_evaluated,missing_same_side_strict_through_support,,0.5,False,True
1088,l2Book,1784010984441,False,False,not_evaluated,missing_same_side_strict_through_support,,0.5,False,True
1089,trades,1784010984768,False,False,not_evaluated,missing_same_side_strict_through_support,,0.5,False,True
1090,trades,1784010984919,False,False,not_evaluated,missing_same_side_strict_through_support,,0.5,False,True
1091,l2Book,1784010985011,False,False,not_evaluated,missing_same_side_strict_through_support,,0.5,False,True
1092,l2Book,1784010985555,False,False,not_evaluated,missing_same_side_strict_through_support;missing_recent_same_side_at_or_through_throughput,,0.5,False,True
1093,trades,1784010985628,False,False,not_evaluated,missing_same_side_strict_through_support,,0.5,False,True
1094,trades,1784010985828,True,True,edge_gate_block,edge_below_required_buffer,0.000671,0.5,False,False
1095,l2Book,1784010986635,False,False,not_evaluated,missing_same_side_strict_through_support;missing_recent_same_side_at_or_through_throughput,,0.5,False,True
1096,trades,1784010986718,False,False,not_evaluated,missing_same_side_strict_through_support,,0.5,False,True
1097,trades,1784010987042,False,False,not_evaluated,missing_same_side_strict_through_support,,0.5,False,True
1098,trades,1784010987118,False,False,not_evaluated,missing_same_side_strict_through_support,,0.5,False,True
1099,l2Book,1784010987243,False,False,not_evaluated,missing_same_side_strict_through_support,,0.5,False,True
1100,l2Book,1784010987745,False,False,not_evaluated,missing_same_side_strict_through_support,,0.5,False,True
1101,trades,1784010988014,False,False,not_evaluated,missing_same_side_strict_through_support,,0.5,False,True
1102,l2Book,1784010988284,False,False,not_evaluated,missing_same_side_strict_through_support,,0.5,False,True
1103,trades,1784010988751,False,False,not_evaluated,missing_same_side_strict_through_support,,0.5,False,True
1104,l2Book,1784010988819,False,False,not_evaluated,missing_same_side_strict_through_support,,0.5,False,True
1105,l2Book,1784010989356,False,False,not_evaluated,missing_same_side_strict_through_support,,0.5,False,True
1106,trades,1784010989556,False,False,not_evaluated,missing_same_side_strict_through_support,,0.5,False,True
1107,l2Book,1784010989892,False,False,not_evaluated,missing_same_side_strict_through_support,,0.5,False,True
1108,trades,1784010990005,False,False,not_evaluated,missing_same_side_strict_through_support,,0.5,False,True
1109,trades,1784010990069,False,False,not_evaluated,missing_same_side_strict_through_support,,0.5,False,True
1110,l2Book,1784010990454,False,False,not_evaluated,missing_same_side_strict_through_support,,0.5,False,True
1111,trades,1784010990511,False,False,not_evaluated,missing_same_side_strict_through_support,,0.5,False,True
1112,trades,1784010990576,True,True,edge_gate_block,fair_mid_source_stale,0.000405,0.5,False,False
1113,trades,1784010991117,False,False,not_evaluated,missing_same_side_strict_through_support;missing_touch_freshness_or_queue_reset_evidence,,0.5,False,True
1114,l2Book,1784010991493,False,False,not_evaluated,missing_same_side_strict_through_support;missing_touch_freshness_or_queue_reset_evidence;missing_recent_same_side_at_or_through_throughput,,0.5,False,True
1115,trades,1784010991578,False,False,not_evaluated,missing_same_side_strict_through_support;missing_touch_freshness_or_queue_reset_evidence;missing_recent_same_side_at_or_through_throughput,,0.5,False,True
1116,trades,1784010991896,False,False,not_evaluated,missing_same_side_strict_through_support;missing_recent_same_side_at_or_through_throughput,,0.5,False,True
1117,l2Book,1784010992030,False,False,not_evaluated,missing_same_side_strict_through_support;missing_touch_freshness_or_queue_reset_evidence;missing_recent_same_side_at_or_through_throughput,,0.5,False,True
1118,trades,1784010992030,False,False,not_evaluated,missing_same_side_strict_through_support;missing_touch_freshness_or_queue_reset_evidence,,0.5,False,True
1119,l2Book,1784010992581,False,False,not_evaluated,missing_same_side_strict_through_support,,0.5,False,True
1120,trades,1784010992909,False,False,not_evaluated,missing_same_side_strict_through_support,,0.5,False,True
1121,l2Book,1784010993112,False,False,not_evaluated,missing_same_side_strict_through_support,,0.5,False,True
1122,trades,1784010993185,False,False,not_evaluated,missing_same_side_strict_through_support,,0.5,False,True
1123,trades,1784010993386,False,False,not_evaluated,missing_same_side_strict_through_support,,0.5,False,True
1124,l2Book,1784010993648,False,False,not_evaluated,missing_same_side_strict_through_support,,0.5,False,True
1125,l2Book,1784010994192,False,False,not_evaluated,missing_same_side_strict_through_support,,0.5,False,True
1126,l2Book,1784010994726,False,False,not_evaluated,missing_same_side_strict_through_support,,0.5,False,True
1127,trades,1784010994994,False,False,not_evaluated,missing_same_side_strict_through_support,,0.5,False,True
1128,l2Book,1784010995237,False,False,not_evaluated,missing_same_side_strict_through_support,,0.5,False,True
1129,trades,1784010995397,False,False,not_evaluated,missing_same_side_strict_through_support,,0.5,False,True
1130,l2Book,1784010995798,False,False,not_evaluated,missing_same_side_strict_through_support,,0.5,False,True
1131,l2Book,1784010996335,False,False,not_evaluated,missing_same_side_strict_through_support,,0.5,False,True
1132,l2Book,1784010996882,False,False,not_evaluated,missing_same_side_strict_through_support,,0.5,False,True
1133,l2Book,1784010997418,False,False,not_evaluated,missing_same_side_strict_through_support,,0.5,False,True
1134,l2Book,1784010997954,False,False,not_evaluated,missing_same_side_strict_through_support,,0.5,False,True
1135,trades,1784010997954,False,False,not_evaluated,missing_same_side_strict_through_support,,0.5,False,True
1136,trades,1784010998022,False,False,not_evaluated,missing_same_side_strict_through_support,,0.5,False,True
1137,l2Book,1784010998465,False,False,not_evaluated,missing_same_side_strict_through_support,,0.5,False,True
1138,l2Book,1784010999015,False,False,not_evaluated,missing_same_side_strict_through_support,,0.5,False,True
1139,l2Book,1784010999563,False,False,not_evaluated,missing_same_side_strict_through_support,,0.5,False,True
1140,l2Book,1784011000093,False,False,not_evaluated,missing_same_side_strict_through_support,,0.5,False,True
1141,l2Book,1784011000597,False,False,not_evaluated,missing_same_side_strict_through_support,,0.5,False,True
1142,trades,1784011000734,False,False,not_evaluated,missing_same_side_strict_through_support,,0.5,False,True
1143,l2Book,1784011001140,False,False,not_evaluated,missing_same_side_strict_through_support;missing_recent_same_side_at_or_through_throughput,,0.5,False,True
1144,l2Book,1784011001665,False,False,not_evaluated,missing_same_side_strict_through_support;missing_recent_same_side_at_or_through_throughput,,0.5,False,True
1145,trades,1784011002068,False,False,not_evaluated,missing_same_side_strict_through_support,,0.5,False,True
1146,l2Book,1784011002215,False,False,not_evaluated,missing_touch_freshness_or_queue_reset_evidence,,0.5,False,True
1147,l2Book,1784011002760,False,False,not_evaluated,outside_quality_a_b_queue_bands,,0.5,False,True
1148,l2Book,1784011003302,False,False,not_evaluated,outside_quality_a_b_queue_bands,,0.5,False,True
1149,l2Book,1784011003834,False,False,not_evaluated,outside_quality_a_b_queue_bands,,0.5,False,True
1150,l2Book,1784011004442,False,False,not_evaluated,outside_quality_a_b_queue_bands,,0.5,False,True
1151,l2Book,1784011005049,False,False,not_evaluated,outside_quality_a_b_queue_bands,,0.5,False,True
1152,l2Book,1784011005656,False,False,not_evaluated,missing_same_side_strict_through_support;missing_recent_same_side_at_or_through_throughput,,0.5,False,True
1153,l2Book,1784011006262,False,False,not_evaluated,missing_same_side_strict_through_support;missing_recent_same_side_at_or_through_throughput,,0.5,False,True
1154,l2Book,1784011006806,False,False,not_evaluated,missing_same_side_strict_through_support;missing_recent_same_side_at_or_through_throughput,,0.5,False,True
1155,l2Book,1784011007330,False,False,not_evaluated,missing_same_side_strict_through_support;missing_recent_same_side_at_or_through_throughput,,0.5,False,True
1156,l2Book,1784011007877,False,False,not_evaluated,missing_same_side_strict_through_support;missing_recent_same_side_at_or_through_throughput,,0.5,False,True
1157,l2Book,1784011008424,False,False,not_evaluated,missing_same_side_strict_through_support;missing_recent_same_side_at_or_through_throughput,,0.5,False,True
1158,trades,1784011008760,False,False,not_evaluated,missing_same_side_strict_through_support;missing_recent_same_side_at_or_through_throughput,,0.5,False,True
1159,l2Book,1784011008963,False,False,not_evaluated,missing_same_side_strict_through_support;missing_recent_same_side_at_or_through_throughput,,0.5,False,True
1160,trades,1784011009029,False,False,not_evaluated,missing_same_side_strict_through_support;missing_recent_same_side_at_or_through_throughput,,0.5,False,True
1161,l2Book,1784011009500,False,False,not_evaluated,missing_same_side_strict_through_support;missing_recent_same_side_at_or_through_throughput,,0.5,False,True
1162,l2Book,1784011010036,False,False,not_evaluated,missing_same_side_strict_through_support;missing_recent_same_side_at_or_through_throughput,,0.5,False,True
1163,l2Book,1784011010573,False,False,not_evaluated,missing_same_side_strict_through_support;missing_recent_same_side_at_or_through_throughput,,0.5,False,True
1164,l2Book,1784011011111,False,False,not_evaluated,missing_same_side_strict_through_support;missing_recent_same_side_at_or_through_throughput,,0.5,False,True
1165,l2Book,1784011011653,False,False,not_evaluated,missing_same_side_strict_through_support;missing_recent_same_side_at_or_through_throughput,,0.5,False,True
1166,l2Book,1784011012189,False,False,not_evaluated,missing_same_side_strict_through_support;missing_recent_same_side_at_or_through_throughput,,0.5,False,True
1167,l2Book,1784011012728,False,False,not_evaluated,missing_same_side_strict_through_support;missing_recent_same_side_at_or_through_throughput,,0.5,False,True
1168,l2Book,1784011013267,False,False,not_evaluated,missing_same_side_strict_through_support;missing_recent_same_side_at_or_through_throughput,,0.5,False,True
1169,l2Book,1784011013803,False,False,not_evaluated,missing_same_side_strict_through_support;missing_recent_same_side_at_or_through_throughput,,0.5,False,True
1170,l2Book,1784011014340,False,False,not_evaluated,missing_same_side_strict_through_support;missing_recent_same_side_at_or_through_throughput,,0.5,False,True
1171,l2Book,1784011014889,False,False,not_evaluated,missing_same_side_strict_through_support;missing_recent_same_side_at_or_through_throughput,,0.5,False,True
1172,l2Book,1784011015404,False,False,not_evaluated,missing_same_side_strict_through_support;missing_recent_same_side_at_or_through_throughput,,0.5,False,True
1173,l2Book,1784011015965,False,False,not_evaluated,missing_same_side_strict_through_support;missing_recent_same_side_at_or_through_throughput,,0.5,False,True
1174,l2Book,1784011016501,False,False,not_evaluated,missing_same_side_strict_through_support;missing_recent_same_side_at_or_through_throughput,,0.5,False,True
1175,l2Book,1784011017022,False,False,not_evaluated,missing_same_side_strict_through_support;missing_recent_same_side_at_or_through_throughput,,0.5,False,True
1176,trades,1784011017022,False,False,not_evaluated,missing_same_side_strict_through_support;missing_recent_same_side_at_or_through_throughput,,0.5,False,True
1177,l2Book,1784011017575,False,False,not_evaluated,missing_same_side_strict_through_support;missing_recent_same_side_at_or_through_throughput,,0.5,False,True
1178,trades,1784011017780,False,False,not_evaluated,missing_same_side_strict_through_support;missing_recent_same_side_at_or_through_throughput,,0.5,False,True
1179,l2Book,1784011018114,False,False,not_evaluated,missing_same_side_strict_through_support;missing_recent_same_side_at_or_through_throughput,,0.5,False,True
1180,trades,1784011018114,False,False,not_evaluated,missing_same_side_strict_through_support;missing_recent_same_side_at_or_through_throughput,,0.5,False,True
1181,l2Book,1784011018717,False,False,not_evaluated,missing_same_side_strict_through_support;missing_recent_same_side_at_or_through_throughput,,0.5,False,True
1182,l2Book,1784011019309,False,False,not_evaluated,missing_same_side_strict_through_support;missing_recent_same_side_at_or_through_throughput,,0.5,False,True
1183,l2Book,1784011019933,False,False,not_evaluated,missing_same_side_strict_through_support;missing_recent_same_side_at_or_through_throughput,,0.5,False,True
1184,trades,1784011020057,False,False,not_evaluated,missing_same_side_strict_through_support;missing_recent_same_side_at_or_through_throughput,,0.5,False,True
1185,l2Book,1784011020482,False,False,not_evaluated,missing_same_side_strict_through_support;missing_recent_same_side_at_or_through_throughput,,0.5,False,True
1186,l2Book,1784011021021,False,False,not_evaluated,missing_same_side_strict_through_support;missing_recent_same_side_at_or_through_throughput,,0.5,False,True
1187,l2Book,1784011021560,False,False,not_evaluated,missing_same_side_strict_through_support;missing_recent_same_side_at_or_through_throughput,,0.5,False,True
1188,trades,1784011022026,False,False,not_evaluated,missing_same_side_strict_through_support,,0.5,False,True
1189,l2Book,1784011022158,False,False,not_evaluated,missing_same_side_strict_through_support,,0.5,False,True
1190,l2Book,1784011022774,False,False,not_evaluated,missing_same_side_strict_through_support,,0.5,False,True
1191,trades,1784011023039,False,False,not_evaluated,missing_same_side_strict_through_support,,0.5,False,True
1192,l2Book,1784011023385,False,False,not_evaluated,missing_same_side_strict_through_support,,0.5,False,True
1193,l2Book,1784011023983,False,False,not_evaluated,missing_same_side_strict_through_support,,0.5,False,True
1194,l2Book,1784011024592,False,False,not_evaluated,missing_same_side_strict_through_support,,0.5,False,True
1195,l2Book,1784011025197,False,False,not_evaluated,missing_same_side_strict_through_support;missing_recent_same_side_at_or_through_throughput,,0.5,False,True
1196,trades,1784011025262,False,False,not_evaluated,missing_same_side_strict_through_support,,0.5,False,True
1197,l2Book,1784011025762,False,False,not_evaluated,missing_same_side_strict_through_support;missing_touch_freshness_or_queue_reset_evidence;missing_recent_same_side_at_or_through_throughput,,0.5,False,True
1198,trades,1784011026025,False,False,not_evaluated,missing_same_side_strict_through_support,,0.5,False,True
1199,trades,1784011026092,False,False,not_evaluated,missing_same_side_strict_through_support,,0.5,False,True
1200,l2Book,1784011026293,False,False,not_evaluated,missing_same_side_strict_through_support;missing_touch_freshness_or_queue_reset_evidence;missing_recent_same_side_at_or_through_throughput,,0.5,False,True
1201,l2Book,1784011026838,False,False,not_evaluated,missing_same_side_strict_through_support;missing_touch_freshness_or_queue_reset_evidence;missing_recent_same_side_at_or_through_throughput,,0.5,False,True
1202,l2Book,1784011027377,False,False,not_evaluated,missing_same_side_strict_through_support;missing_recent_same_side_at_or_through_throughput,,0.5,False,True
1203,l2Book,1784011027915,False,False,not_evaluated,missing_same_side_strict_through_support;missing_recent_same_side_at_or_through_throughput,,0.5,False,True
1204,trades,1784011028049,False,False,not_evaluated,missing_same_side_strict_through_support,,0.5,False,True
1205,l2Book,1784011028449,False,False,not_evaluated,missing_same_side_strict_through_support,,0.5,False,True
1206,trades,1784011028921,False,False,not_evaluated,missing_same_side_strict_through_support,,0.5,False,True
1207,l2Book,1784011028984,False,False,not_evaluated,missing_same_side_strict_through_support,,0.5,False,True
1208,trades,1784011028984,False,False,not_evaluated,missing_same_side_strict_through_support,,0.5,False,True
1209,trades,1784011029184,False,False,not_evaluated,missing_same_side_strict_through_support,,0.5,False,True
1210,trades,1784011029250,False,False,not_evaluated,missing_same_side_strict_through_support,,0.5,False,True
1211,l2Book,1784011029519,False,False,not_evaluated,missing_same_side_strict_through_support;missing_touch_freshness_or_queue_reset_evidence;missing_recent_same_side_at_or_through_throughput,,0.5,False,True
1212,trades,1784011029653,False,False,not_evaluated,missing_touch_freshness_or_queue_reset_evidence,,0.5,False,True
1213,l2Book,1784011030028,False,False,not_evaluated,missing_same_side_strict_through_support;missing_touch_freshness_or_queue_reset_evidence,,0.5,False,True
1214,l2Book,1784011030648,False,False,not_evaluated,missing_same_side_strict_through_support,,0.5,False,True
1215,l2Book,1784011031185,False,False,not_evaluated,missing_same_side_strict_through_support,,0.5,False,True
1216,l2Book,1784011031696,False,False,not_evaluated,missing_same_side_strict_through_support,,0.5,False,True
1217,l2Book,1784011032238,False,False,not_evaluated,missing_same_side_strict_through_support,,0.5,False,True
1218,l2Book,1784011032804,False,False,not_evaluated,missing_same_side_strict_through_support;missing_recent_same_side_at_or_through_throughput,,0.5,False,True
1219,l2Book,1784011033338,False,False,not_evaluated,missing_same_side_strict_through_support;missing_recent_same_side_at_or_through_throughput,,0.5,False,True
1220,l2Book,1784011033876,False,False,not_evaluated,missing_same_side_strict_through_support;missing_recent_same_side_at_or_through_throughput,,0.5,False,True
1221,l2Book,1784011034411,False,False,not_evaluated,missing_same_side_strict_through_support;missing_recent_same_side_at_or_through_throughput,,0.5,False,True
1222,l2Book,1784011034933,False,False,not_evaluated,missing_same_side_strict_through_support;missing_recent_same_side_at_or_through_throughput,,0.5,False,True
1223,trades,1784011035015,False,False,not_evaluated,missing_same_side_strict_through_support;missing_recent_same_side_at_or_through_throughput,,0.5,False,True
1224,l2Book,1784011035483,False,False,not_evaluated,missing_same_side_strict_through_support;missing_recent_same_side_at_or_through_throughput,,0.5,False,True
1225,l2Book,1784011036019,False,False,not_evaluated,missing_same_side_strict_through_support;missing_recent_same_side_at_or_through_throughput,,0.5,False,True
1226,l2Book,1784011036551,False,False,not_evaluated,missing_same_side_strict_through_support;missing_recent_same_side_at_or_through_throughput,,0.5,False,True
1227,l2Book,1784011037089,False,False,not_evaluated,missing_same_side_strict_through_support;missing_recent_same_side_at_or_through_throughput,,0.5,False,True
1228,l2Book,1784011037629,False,False,not_evaluated,missing_same_side_strict_through_support;missing_recent_same_side_at_or_through_throughput,,0.5,False,True
1229,l2Book,1784011038164,False,False,not_evaluated,missing_same_side_strict_through_support;missing_recent_same_side_at_or_through_throughput,,0.5,False,True
1230,l2Book,1784011038702,False,False,not_evaluated,missing_same_side_strict_through_support;missing_recent_same_side_at_or_through_throughput,,0.5,False,True
1231,l2Book,1784011039236,False,False,not_evaluated,missing_same_side_strict_through_support;missing_recent_same_side_at_or_through_throughput,,0.5,False,True
1232,l2Book,1784011039772,False,False,not_evaluated,missing_same_side_strict_through_support;missing_recent_same_side_at_or_through_throughput,,0.5,False,True
1233,trades,1784011039839,False,False,not_evaluated,missing_same_side_strict_through_support,,0.5,False,True
1234,l2Book,1784011040292,False,False,not_evaluated,missing_same_side_strict_through_support,,0.5,False,True
1235,l2Book,1784011040844,False,False,not_evaluated,missing_same_side_strict_through_support,,0.5,False,True
1236,l2Book,1784011041381,False,False,not_evaluated,missing_same_side_strict_through_support,,0.5,False,True
1237,l2Book,1784011041917,False,False,not_evaluated,missing_same_side_strict_through_support,,0.5,False,True
1238,l2Book,1784011042449,False,False,not_evaluated,missing_same_side_strict_through_support,,0.5,False,True
1239,l2Book,1784011042992,False,False,not_evaluated,missing_same_side_strict_through_support;missing_recent_same_side_at_or_through_throughput,,0.5,False,True
1240,l2Book,1784011043526,False,False,not_evaluated,missing_same_side_strict_through_support;missing_recent_same_side_at_or_through_throughput,,0.5,False,True
1241,l2Book,1784011044059,False,False,not_evaluated,missing_same_side_strict_through_support;missing_recent_same_side_at_or_through_throughput,,0.5,False,True
1242,l2Book,1784011044600,False,False,not_evaluated,missing_same_side_strict_through_support;missing_recent_same_side_at_or_through_throughput,,0.5,False,True
1243,l2Book,1784011045138,False,False,not_evaluated,missing_same_side_strict_through_support;missing_recent_same_side_at_or_through_throughput,,0.5,False,True
1244,l2Book,1784011045678,False,False,not_evaluated,missing_same_side_strict_through_support;missing_recent_same_side_at_or_through_throughput,,0.5,False,True
1245,l2Book,1784011046215,False,False,not_evaluated,missing_same_side_strict_through_support;missing_recent_same_side_at_or_through_throughput,,0.5,False,True
1246,l2Book,1784011046736,False,False,not_evaluated,missing_same_side_strict_through_support;missing_recent_same_side_at_or_through_throughput,,0.5,False,True
1247,trades,1784011047068,False,False,not_evaluated,missing_same_side_strict_through_support;missing_recent_same_side_at_or_through_throughput,,0.5,False,True
1248,l2Book,1784011047324,False,False,not_evaluated,missing_same_side_strict_through_support;missing_recent_same_side_at_or_through_throughput,,0.5,False,True
1249,l2Book,1784011047833,False,False,not_evaluated,missing_same_side_strict_through_support;missing_recent_same_side_at_or_through_throughput,,0.5,False,True
1250,trades,1784011048030,False,False,not_evaluated,missing_same_side_strict_through_support;missing_recent_same_side_at_or_through_throughput,,0.5,False,True
1251,l2Book,1784011048353,False,False,not_evaluated,missing_same_side_strict_through_support;missing_recent_same_side_at_or_through_throughput,,0.5,False,True
1252,l2Book,1784011048960,False,False,not_evaluated,missing_same_side_strict_through_support;missing_recent_same_side_at_or_through_throughput,,0.5,False,True
1253,l2Book,1784011049568,False,False,not_evaluated,missing_same_side_strict_through_support;missing_recent_same_side_at_or_through_throughput,,0.5,False,True
1254,trades,1784011050040,False,False,not_evaluated,missing_same_side_strict_through_support;missing_recent_same_side_at_or_through_throughput,,0.5,False,True
1255,l2Book,1784011050096,False,False,not_evaluated,missing_same_side_strict_through_support;missing_recent_same_side_at_or_through_throughput,,0.5,False,True
1256,l2Book,1784011050643,False,False,not_evaluated,missing_same_side_strict_through_support;missing_recent_same_side_at_or_through_throughput,,0.5,False,True
1257,l2Book,1784011051179,False,False,not_evaluated,missing_same_side_strict_through_support;missing_recent_same_side_at_or_through_throughput,,0.5,False,True
1258,l2Book,1784011051720,False,False,not_evaluated,missing_same_side_strict_through_support;missing_recent_same_side_at_or_through_throughput,,0.5,False,True
1259,trades,1784011052057,False,False,not_evaluated,missing_same_side_strict_through_support,,0.5,False,True
1260,l2Book,1784011052259,False,False,not_evaluated,missing_same_side_strict_through_support,,0.5,False,True
1261,l2Book,1784011052794,False,False,not_evaluated,missing_same_side_strict_through_support,,0.5,False,True
1262,l2Book,1784011053320,False,False,not_evaluated,missing_same_side_strict_through_support,,0.5,False,True
1263,trades,1784011053468,False,False,not_evaluated,missing_same_side_strict_through_support,,0.5,False,True
1264,l2Book,1784011053870,False,False,not_evaluated,missing_same_side_strict_through_support,,0.5,False,True
1265,trades,1784011053870,False,False,not_evaluated,missing_same_side_strict_through_support,,0.5,False,True
1266,l2Book,1784011054408,False,False,not_evaluated,missing_same_side_strict_through_support,,0.5,False,True
1267,l2Book,1784011055010,False,False,not_evaluated,missing_same_side_strict_through_support,,0.5,False,True
1268,l2Book,1784011055534,False,False,not_evaluated,missing_same_side_strict_through_support;missing_recent_same_side_at_or_through_throughput,,0.5,False,True
1269,l2Book,1784011056073,False,False,not_evaluated,missing_same_side_strict_through_support;missing_recent_same_side_at_or_through_throughput,,0.5,False,True
1270,l2Book,1784011056624,False,False,not_evaluated,missing_same_side_strict_through_support;missing_recent_same_side_at_or_through_throughput,,0.5,False,True
1271,l2Book,1784011057163,False,False,not_evaluated,missing_same_side_strict_through_support;missing_touch_freshness_or_queue_reset_evidence;missing_recent_same_side_at_or_through_throughput,,0.5,False,True
1272,trades,1784011057435,True,True,edge_gate_block,edge_below_required_buffer,0.000616,0.5,False,False
1273,trades,1784011058039,False,False,not_evaluated,missing_same_side_strict_through_support,,0.5,False,True
1274,l2Book,1784011058371,False,False,not_evaluated,missing_same_side_strict_through_support,,0.5,False,True
1275,l2Book,1784011058907,False,False,not_evaluated,missing_same_side_strict_through_support,,0.5,False,True
1276,l2Book,1784011059450,False,False,not_evaluated,missing_same_side_strict_through_support,,0.5,False,True
1277,l2Book,1784011059986,False,False,not_evaluated,missing_same_side_strict_through_support,,0.5,False,True
1278,l2Book,1784011060524,False,False,not_evaluated,missing_same_side_strict_through_support,,0.5,False,True
1279,trades,1784011060588,False,False,not_evaluated,missing_same_side_strict_through_support,,0.5,False,True
1280,trades,1784011060791,True,True,edge_gate_block,fair_mid_source_stale,0.000615,0.5,False,False
1281,trades,1784011061398,False,False,not_evaluated,missing_same_side_strict_through_support;missing_recent_same_side_at_or_through_throughput,,0.5,False,True
1282,l2Book,1784011061602,False,False,not_evaluated,missing_same_side_strict_through_support;missing_recent_same_side_at_or_through_throughput,,0.5,False,True
1283,l2Book,1784011062203,False,False,not_evaluated,missing_same_side_strict_through_support;missing_recent_same_side_at_or_through_throughput,,0.5,False,True
1284,l2Book,1784011062747,False,False,not_evaluated,missing_same_side_strict_through_support;missing_recent_same_side_at_or_through_throughput,,0.5,False,True
1285,l2Book,1784011063285,False,False,not_evaluated,missing_same_side_strict_through_support;missing_recent_same_side_at_or_through_throughput,,0.5,False,True
1286,l2Book,1784011063809,False,False,not_evaluated,missing_same_side_strict_through_support;missing_recent_same_side_at_or_through_throughput,,0.5,False,True
1287,trades,1784011063809,False,False,not_evaluated,missing_same_side_strict_through_support,,0.5,False,True
1288,trades,1784011064012,False,False,not_evaluated,missing_same_side_strict_through_support,,0.5,False,True
1289,trades,1784011064147,True,True,edge_gate_block,edge_below_required_buffer,0.00063,0.5,False,False
1290,trades,1784011064414,False,False,not_evaluated,missing_same_side_strict_through_support;missing_touch_freshness_or_queue_reset_evidence,,0.5,False,True
1291,trades,1784011064616,True,True,edge_gate_block,fair_mid_source_stale,0.000667,0.5,False,False
1292,trades,1784011065017,False,False,not_evaluated,missing_same_side_strict_through_support;missing_touch_freshness_or_queue_reset_evidence;missing_recent_same_side_at_or_through_throughput,,0.5,False,True
1293,l2Book,1784011065420,False,False,not_evaluated,missing_same_side_strict_through_support;missing_touch_freshness_or_queue_reset_evidence;missing_recent_same_side_at_or_through_throughput,,0.5,False,True
1294,l2Book,1784011065968,False,False,not_evaluated,missing_same_side_strict_through_support;missing_recent_same_side_at_or_through_throughput,,0.5,False,True
1295,l2Book,1784011066498,False,False,not_evaluated,missing_same_side_strict_through_support;missing_recent_same_side_at_or_through_throughput,,0.5,False,True
1296,trades,1784011066778,False,False,not_evaluated,missing_same_side_strict_through_support,,0.5,False,True
1297,l2Book,1784011067031,False,False,not_evaluated,missing_same_side_strict_through_support,,0.5,False,True
1298,l2Book,1784011067586,False,False,not_evaluated,missing_same_side_strict_through_support,,0.5,False,True
1299,l2Book,1784011068119,False,False,not_evaluated,missing_same_side_strict_through_support,,0.5,False,True
1300,l2Book,1784011068665,False,False,not_evaluated,missing_same_side_strict_through_support,,0.5,False,True
1301,l2Book,1784011069204,False,False,not_evaluated,missing_same_side_strict_through_support,,0.5,False,True
1302,trades,1784011069608,False,False,not_evaluated,outside_quality_a_b_queue_bands,,0.5,False,True
1303,l2Book,1784011069810,False,False,not_evaluated,missing_same_side_strict_through_support;missing_touch_freshness_or_queue_reset_evidence,,0.5,False,True
1304,l2Book,1784011070417,False,False,not_evaluated,missing_same_side_strict_through_support,,0.5,False,True
1305,trades,1784011070498,True,True,edge_gate_block,edge_below_required_buffer,0.000658,0.5,False,False
1306,l2Book,1784011071501,False,False,not_evaluated,missing_same_side_strict_through_support,,0.5,False,True
1307,l2Book,1784011072037,False,False,not_evaluated,missing_same_side_strict_through_support,,0.5,False,True
1308,l2Book,1784011072642,False,False,not_evaluated,missing_same_side_strict_through_support,,0.5,False,True
1309,l2Book,1784011073250,False,False,not_evaluated,missing_same_side_strict_through_support,,0.5,False,True
1310,l2Book,1784011073852,False,False,not_evaluated,missing_same_side_strict_through_support;missing_recent_same_side_at_or_through_throughput,,0.5,False,True
1311,l2Book,1784011074389,False,False,not_evaluated,missing_same_side_strict_through_support;missing_recent_same_side_at_or_through_throughput,,0.5,False,True
1312,l2Book,1784011074895,False,False,not_evaluated,missing_same_side_strict_through_support;missing_recent_same_side_at_or_through_throughput,,0.5,False,True
1313,l2Book,1784011075401,False,False,not_evaluated,missing_same_side_strict_through_support;missing_recent_same_side_at_or_through_throughput,,0.5,False,True
1314,l2Book,1784011075937,False,False,not_evaluated,missing_same_side_strict_through_support;missing_recent_same_side_at_or_through_throughput,,0.5,False,True
1315,l2Book,1784011076474,False,False,not_evaluated,missing_same_side_strict_through_support;missing_recent_same_side_at_or_through_throughput,,0.5,False,True
1316,l2Book,1784011077012,False,False,not_evaluated,missing_same_side_strict_through_support;missing_recent_same_side_at_or_through_throughput,,0.5,False,True
1317,trades,1784011077012,False,False,not_evaluated,missing_same_side_strict_through_support;missing_recent_same_side_at_or_through_throughput,,0.5,False,True
1318,l2Book,1784011077557,False,False,not_evaluated,missing_same_side_strict_through_support;missing_recent_same_side_at_or_through_throughput,,0.5,False,True
1319,trades,1784011078027,False,False,not_evaluated,missing_same_side_strict_through_support;missing_recent_same_side_at_or_through_throughput,,0.5,False,True
1320,l2Book,1784011078089,False,False,not_evaluated,missing_same_side_strict_through_support;missing_recent_same_side_at_or_through_throughput,,0.5,False,True
1321,l2Book,1784011078630,False,False,not_evaluated,missing_same_side_strict_through_support;missing_recent_same_side_at_or_through_throughput,,0.5,False,True
1322,trades,1784011078967,True,True,fail_closed,outside_quality_a_b_queue_bands;missing_intent_limit_px;missing_or_nonpositive_intent_size;missing_quality_bucket,0.000639,0.5,False,False
1323,l2Book,1784011079699,False,False,not_evaluated,missing_same_side_strict_through_support,,0.5,False,True
1324,l2Book,1784011080226,False,False,not_evaluated,missing_same_side_strict_through_support,,0.5,False,True
1325,l2Book,1784011080763,False,False,not_evaluated,missing_same_side_strict_through_support,,0.5,False,True
1326,l2Book,1784011081308,False,False,not_evaluated,missing_same_side_strict_through_support,,0.5,False,True
1327,l2Book,1784011081847,False,False,not_evaluated,missing_same_side_strict_through_support,,0.5,False,True
1328,trades,1784011082058,False,False,not_evaluated,missing_same_side_strict_through_support,,0.5,False,True
1329,l2Book,1784011082410,False,False,not_evaluated,missing_same_side_strict_through_support,,0.5,False,True
1330,l2Book,1784011082917,False,False,not_evaluated,missing_same_side_strict_through_support,,0.5,False,True
1331,l2Book,1784011083482,False,False,not_evaluated,missing_same_side_strict_through_support,,0.5,False,True
1332,l2Book,1784011083994,False,False,not_evaluated,missing_same_side_strict_through_support,,0.5,False,True
1333,l2Book,1784011084544,False,False,not_evaluated,missing_same_side_strict_through_support,,0.5,False,True
1334,l2Book,1784011085086,False,False,not_evaluated,missing_same_side_strict_through_support;missing_recent_same_side_at_or_through_throughput,,0.5,False,True
1335,trades,1784011085577,False,False,not_evaluated,missing_same_side_strict_through_support;missing_recent_same_side_at_or_through_throughput,,0.5,False,True
1336,l2Book,1784011085645,False,False,not_evaluated,missing_same_side_strict_through_support;missing_touch_freshness_or_queue_reset_evidence;missing_recent_same_side_at_or_through_throughput,,0.5,False,True
1337,l2Book,1784011086167,False,False,not_evaluated,missing_same_side_strict_through_support;missing_recent_same_side_at_or_through_throughput,,0.5,False,True
1338,l2Book,1784011086707,False,False,not_evaluated,missing_same_side_strict_through_support;missing_recent_same_side_at_or_through_throughput,,0.5,False,True
1339,trades,1784011087045,False,False,not_evaluated,missing_same_side_strict_through_support;missing_recent_same_side_at_or_through_throughput,,0.5,False,True
1340,l2Book,1784011087223,False,False,not_evaluated,missing_same_side_strict_through_support;missing_recent_same_side_at_or_through_throughput,,0.5,False,True
1341,l2Book,1784011087728,False,False,not_evaluated,missing_same_side_strict_through_support;missing_recent_same_side_at_or_through_throughput,,0.5,False,True
1342,trades,1784011088046,False,False,not_evaluated,missing_same_side_strict_through_support,,0.5,False,True
1343,l2Book,1784011088259,False,False,not_evaluated,missing_same_side_strict_through_support,,0.5,False,True
1344,l2Book,1784011088803,False,False,not_evaluated,missing_same_side_strict_through_support,,0.5,False,True
1345,l2Book,1784011089349,False,False,not_evaluated,missing_same_side_strict_through_support,,0.5,False,True
1346,l2Book,1784011089890,False,False,not_evaluated,missing_same_side_strict_through_support,,0.5,False,True
1347,l2Book,1784011090426,False,False,not_evaluated,missing_same_side_strict_through_support,,0.5,False,True
1348,l2Book,1784011090962,False,False,not_evaluated,missing_same_side_strict_through_support,,0.5,False,True
1349,l2Book,1784011091515,False,False,not_evaluated,missing_same_side_strict_through_support;missing_recent_same_side_at_or_through_throughput,,0.5,False,True
1350,l2Book,1784011092044,False,False,not_evaluated,missing_same_side_strict_through_support;missing_recent_same_side_at_or_through_throughput,,0.5,False,True
1351,l2Book,1784011092572,False,False,not_evaluated,missing_same_side_strict_through_support;missing_recent_same_side_at_or_through_throughput,,0.5,False,True
1352,trades,1784011093056,False,False,not_evaluated,missing_same_side_strict_through_support,,0.5,False,True
1353,l2Book,1784011093123,False,False,not_evaluated,missing_same_side_strict_through_support,,0.5,False,True
1354,l2Book,1784011093659,False,False,not_evaluated,missing_same_side_strict_through_support,,0.5,False,True
1355,l2Book,1784011094180,False,False,not_evaluated,missing_same_side_strict_through_support,,0.5,False,True
1356,l2Book,1784011094733,False,False,not_evaluated,missing_same_side_strict_through_support,,0.5,False,True
1357,trades,1784011095067,False,False,not_evaluated,missing_same_side_strict_through_support,,0.5,False,True
1358,l2Book,1784011095270,False,False,not_evaluated,missing_same_side_strict_through_support,,0.5,False,True
1359,l2Book,1784011095791,False,False,not_evaluated,missing_same_side_strict_through_support,,0.5,False,True
1360,trades,1784011096075,False,False,not_evaluated,missing_same_side_strict_through_support;missing_recent_same_side_at_or_through_throughput,,0.5,False,True
1361,l2Book,1784011096330,False,False,not_evaluated,missing_same_side_strict_through_support;missing_recent_same_side_at_or_through_throughput,,0.5,False,True
1362,trades,1784011096546,False,False,not_evaluated,missing_same_side_strict_through_support;missing_recent_same_side_at_or_through_throughput,,0.5,False,True
1363,l2Book,1784011096882,False,False,not_evaluated,missing_same_side_strict_through_support;missing_touch_freshness_or_queue_reset_evidence,,0.5,False,True
1364,trades,1784011097347,False,False,not_evaluated,missing_same_side_strict_through_support,,0.5,False,True
1365,l2Book,1784011097399,False,False,not_evaluated,missing_same_side_strict_through_support,,0.5,False,True
1366,trades,1784011097831,False,False,not_evaluated,missing_same_side_strict_through_support,,0.5,False,True
1367,l2Book,1784011097899,False,False,not_evaluated,missing_same_side_strict_through_support,,0.5,False,True
1368,trades,1784011098308,False,False,not_evaluated,missing_same_side_strict_through_support,,0.5,False,True
1369,l2Book,1784011098425,False,False,not_evaluated,missing_same_side_strict_through_support,,0.5,False,True
1370,trades,1784011098710,False,False,not_evaluated,missing_same_side_strict_through_support,,0.5,False,True
1371,l2Book,1784011098978,False,False,not_evaluated,missing_touch_freshness_or_queue_reset_evidence,,0.5,False,True
1372,l2Book,1784011099517,False,False,not_evaluated,outside_quality_a_b_queue_bands,,0.5,False,True
1373,l2Book,1784011100040,False,False,not_evaluated,outside_quality_a_b_queue_bands,,0.5,False,True
1374,l2Book,1784011100564,False,False,not_evaluated,outside_quality_a_b_queue_bands,,0.5,False,True
1375,l2Book,1784011101124,False,False,not_evaluated,outside_quality_a_b_queue_bands,,0.5,False,True
1376,trades,1784011101400,False,False,not_evaluated,missing_same_side_strict_through_support;missing_recent_same_side_at_or_through_throughput,,0.5,False,True
1377,l2Book,1784011101668,False,False,not_evaluated,missing_same_side_strict_through_support;missing_recent_same_side_at_or_through_throughput,,0.5,False,True
1378,trades,1784011102137,False,False,not_evaluated,missing_same_side_strict_through_support;missing_recent_same_side_at_or_through_throughput,,0.5,False,True
1379,l2Book,1784011102205,False,False,not_evaluated,missing_same_side_strict_through_support;missing_recent_same_side_at_or_through_throughput,,0.5,False,True
1380,l2Book,1784011102745,False,False,not_evaluated,missing_same_side_strict_through_support;missing_recent_same_side_at_or_through_throughput,,0.5,False,True
1381,l2Book,1784011103281,False,False,not_evaluated,missing_same_side_strict_through_support;missing_recent_same_side_at_or_through_throughput,,0.5,False,True
1382,l2Book,1784011103817,False,False,not_evaluated,missing_same_side_strict_through_support;missing_recent_same_side_at_or_through_throughput,,0.5,False,True
1383,l2Book,1784011104350,False,False,not_evaluated,missing_same_side_strict_through_support;missing_recent_same_side_at_or_through_throughput,,0.5,False,True
1384,l2Book,1784011104891,False,False,not_evaluated,missing_same_side_strict_through_support;missing_recent_same_side_at_or_through_throughput,,0.5,False,True
1385,trades,1784011104891,False,False,not_evaluated,missing_same_side_strict_through_support;missing_recent_same_side_at_or_through_throughput,,0.5,False,True
1386,l2Book,1784011105428,False,False,not_evaluated,missing_same_side_strict_through_support;missing_recent_same_side_at_or_through_throughput,,0.5,False,True
1387,l2Book,1784011105965,False,False,not_evaluated,missing_same_side_strict_through_support;missing_recent_same_side_at_or_through_throughput,,0.5,False,True
1388,l2Book,1784011106506,False,False,not_evaluated,missing_same_side_strict_through_support;missing_recent_same_side_at_or_through_throughput,,0.5,False,True
1389,l2Book,1784011107037,False,False,not_evaluated,missing_same_side_strict_through_support;missing_recent_same_side_at_or_through_throughput,,0.5,False,True
1390,trades,1784011107037,False,False,not_evaluated,missing_same_side_strict_through_support;missing_recent_same_side_at_or_through_throughput,,0.5,False,True
1391,l2Book,1784011107580,False,False,not_evaluated,missing_same_side_strict_through_support;missing_recent_same_side_at_or_through_throughput,,0.5,False,True
1392,trades,1784011107714,False,False,not_evaluated,missing_same_side_strict_through_support,,0.5,False,True
1393,trades,1784011107916,False,False,not_evaluated,missing_same_side_strict_through_support,,0.5,False,True
1394,trades,1784011108048,False,False,not_evaluated,missing_same_side_strict_through_support,,0.5,False,True
1395,l2Book,1784011108115,False,False,not_evaluated,missing_same_side_strict_through_support,,0.5,False,True
1396,trades,1784011108115,False,False,not_evaluated,missing_same_side_strict_through_support,,0.5,False,True
1397,trades,1784011108317,False,False,not_evaluated,missing_same_side_strict_through_support,,0.5,False,True
1398,l2Book,1784011108651,False,False,not_evaluated,missing_same_side_strict_through_support,,0.5,False,True
1399,l2Book,1784011109187,False,False,not_evaluated,missing_same_side_strict_through_support,,0.5,False,True
1400,l2Book,1784011109724,False,False,not_evaluated,missing_same_side_strict_through_support,,0.5,False,True
1401,l2Book,1784011110259,False,False,not_evaluated,missing_same_side_strict_through_support,,0.5,False,True
1402,l2Book,1784011110801,False,False,not_evaluated,missing_same_side_strict_through_support,,0.5,False,True
1403,l2Book,1784011111343,False,False,not_evaluated,missing_same_side_strict_through_support;missing_recent_same_side_at_or_through_throughput,,0.5,False,True
1404,trades,1784011111809,False,False,not_evaluated,missing_same_side_strict_through_support;missing_recent_same_side_at_or_through_throughput,,0.5,False,True
1405,l2Book,1784011111875,False,False,not_evaluated,missing_same_side_strict_through_support;missing_recent_same_side_at_or_through_throughput,,0.5,False,True
1406,trades,1784011112007,False,False,not_evaluated,missing_same_side_strict_through_support,,0.5,False,True
1407,l2Book,1784011112411,False,False,not_evaluated,missing_same_side_strict_through_support,,0.5,False,True
1408,l2Book,1784011112924,False,False,not_evaluated,missing_same_side_strict_through_support,,0.5,False,True
1409,l2Book,1784011113487,False,False,not_evaluated,missing_same_side_strict_through_support,,0.5,False,True
1410,trades,1784011113890,False,False,not_evaluated,missing_same_side_strict_through_support,,0.5,False,True
1411,l2Book,1784011114091,False,False,not_evaluated,missing_same_side_strict_through_support,,0.5,False,True
1412,l2Book,1784011114624,False,False,not_evaluated,missing_same_side_strict_through_support,,0.5,False,True
1413,l2Book,1784011115165,False,False,not_evaluated,missing_same_side_strict_through_support;missing_recent_same_side_at_or_through_throughput,,0.5,False,True
1414,l2Book,1784011115699,False,False,not_evaluated,missing_same_side_strict_through_support;missing_recent_same_side_at_or_through_throughput,,0.5,False,True
1415,l2Book,1784011116238,False,False,not_evaluated,missing_same_side_strict_through_support;missing_recent_same_side_at_or_through_throughput,,0.5,False,True
1416,l2Book,1784011116788,False,False,not_evaluated,missing_same_side_strict_through_support;missing_recent_same_side_at_or_through_throughput,,0.5,False,True
1417,trades,1784011117107,False,False,not_evaluated,missing_same_side_strict_through_support,,0.5,False,True
1418,l2Book,1784011117308,False,False,not_evaluated,missing_same_side_strict_through_support,,0.5,False,True
1419,l2Book,1784011117864,False,False,not_evaluated,missing_same_side_strict_through_support,,0.5,False,True
1420,trades,1784011118065,False,False,not_evaluated,missing_same_side_strict_through_support,,0.5,False,True
1421,l2Book,1784011118468,False,False,not_evaluated,missing_same_side_strict_through_support,,0.5,False,True
1422,l2Book,1784011119006,False,False,not_evaluated,missing_same_side_strict_through_support,,0.5,False,True
1423,l2Book,1784011119544,False,False,not_evaluated,missing_same_side_strict_through_support,,0.5,False,True
1424,l2Book,1784011120084,False,False,not_evaluated,missing_same_side_strict_through_support,,0.5,False,True
1425,l2Book,1784011120598,False,False,not_evaluated,missing_same_side_strict_through_support;missing_touch_freshness_or_queue_reset_evidence;missing_recent_same_side_at_or_through_throughput,,0.5,False,True
1426,trades,1784011121095,False,False,not_evaluated,missing_same_side_strict_through_support,,0.5,False,True
1427,l2Book,1784011121154,False,False,not_evaluated,missing_same_side_strict_through_support,,0.5,False,True
1428,trades,1784011121561,True,True,fail_closed,outside_quality_a_b_queue_bands;missing_intent_limit_px;missing_or_nonpositive_intent_size;missing_quality_bucket,0.000651,0.5,False,False
1429,l2Book,1784011122216,False,False,not_evaluated,missing_same_side_strict_through_support,,0.5,False,True
1430,l2Book,1784011122721,False,False,not_evaluated,missing_same_side_strict_through_support,,0.5,False,True
1431,trades,1784011122991,False,False,not_evaluated,missing_same_side_strict_through_support,,0.5,False,True
1432,trades,1784011123059,False,False,not_evaluated,missing_same_side_strict_through_support,,0.5,False,True
1433,l2Book,1784011123258,False,False,not_evaluated,missing_same_side_strict_through_support,,0.5,False,True
1434,trades,1784011123661,False,False,not_evaluated,missing_same_side_strict_through_support,,0.5,False,True
1435,l2Book,1784011123783,False,False,not_evaluated,missing_same_side_strict_through_support,,0.5,False,True
1436,l2Book,1784011124333,False,False,not_evaluated,missing_same_side_strict_through_support,,0.5,False,True
1437,trades,1784011124601,False,False,not_evaluated,missing_same_side_strict_through_support,,0.5,False,True
1438,l2Book,1784011124877,False,False,not_evaluated,missing_same_side_strict_through_support,,0.5,False,True
1439,trades,1784011125047,False,False,not_evaluated,missing_same_side_strict_through_support,,0.5,False,True
1440,trades,1784011125137,False,False,not_evaluated,missing_same_side_strict_through_support,,0.5,False,True
1441,l2Book,1784011125403,False,False,not_evaluated,missing_same_side_strict_through_support,,0.5,False,True
1442,l2Book,1784011125951,False,False,not_evaluated,missing_same_side_strict_through_support,,0.5,False,True
1443,trades,1784011126082,False,False,not_evaluated,missing_same_side_strict_through_support,,0.5,False,True
1444,l2Book,1784011126464,False,False,not_evaluated,missing_same_side_strict_through_support,,0.5,False,True
1445,l2Book,1784011127022,False,False,not_evaluated,missing_same_side_strict_through_support,,0.5,False,True
1446,trades,1784011127365,False,False,not_evaluated,missing_same_side_strict_through_support,,0.5,False,True
1447,l2Book,1784011127564,False,False,not_evaluated,missing_same_side_strict_through_support,,0.5,False,True
1448,trades,1784011127697,False,False,not_evaluated,missing_same_side_strict_through_support,,0.5,False,True
1449,l2Book,1784011128083,False,False,not_evaluated,missing_same_side_strict_through_support,,0.5,False,True
1450,trades,1784011128432,False,False,not_evaluated,missing_same_side_strict_through_support,,0.5,False,True
1451,trades,1784011128575,False,False,not_evaluated,missing_same_side_strict_through_support,,0.5,False,True
1452,l2Book,1784011128650,False,False,not_evaluated,missing_same_side_strict_through_support,,0.5,False,True
1453,l2Book,1784011129180,False,False,not_evaluated,missing_same_side_strict_through_support,,0.5,False,True
1454,l2Book,1784011129723,False,False,not_evaluated,missing_same_side_strict_through_support,,0.5,False,True
1455,trades,1784011129723,False,False,not_evaluated,missing_same_side_strict_through_support,,0.5,False,True
1456,l2Book,1784011130260,False,False,not_evaluated,missing_same_side_strict_through_support,,0.5,False,True
1457,l2Book,1784011130789,False,False,not_evaluated,missing_same_side_strict_through_support,,0.5,False,True
1458,trades,1784011130855,False,False,not_evaluated,missing_same_side_strict_through_support,,0.5,False,True
1459,l2Book,1784011131337,False,False,not_evaluated,missing_same_side_strict_through_support,,0.5,False,True
1460,trades,1784011131738,False,False,not_evaluated,missing_same_side_strict_through_support,,0.5,False,True
1461,l2Book,1784011131871,False,False,not_evaluated,missing_same_side_strict_through_support,,0.5,False,True
1462,l2Book,1784011132397,False,False,not_evaluated,missing_same_side_strict_through_support,,0.5,False,True
1463,trades,1784011132799,False,False,not_evaluated,missing_same_side_strict_through_support,,0.5,False,True
1464,l2Book,1784011132935,False,False,not_evaluated,missing_same_side_strict_through_support,,0.5,False,True
1465,trades,1784011133203,False,False,not_evaluated,missing_same_side_strict_through_support,,0.5,False,True
1466,l2Book,1784011133489,False,False,not_evaluated,missing_same_side_strict_through_support,,0.5,False,True
1467,trades,1784011133537,False,False,not_evaluated,missing_same_side_strict_through_support,,0.5,False,True
1468,trades,1784011133603,False,False,not_evaluated,missing_same_side_strict_through_support,,0.5,False,True
1469,l2Book,1784011134094,False,False,not_evaluated,missing_same_side_strict_through_support,,0.5,False,True
1470,trades,1784011134408,False,False,not_evaluated,missing_same_side_strict_through_support,,0.5,False,True
1471,l2Book,1784011134609,False,False,not_evaluated,missing_same_side_strict_through_support,,0.5,False,True
1472,trades,1784011134957,False,False,not_evaluated,missing_same_side_strict_through_support,,0.5,False,True
1473,l2Book,1784011135160,False,False,not_evaluated,missing_same_side_strict_through_support,,0.5,False,True
1474,trades,1784011135418,False,False,not_evaluated,missing_same_side_strict_through_support,,0.5,False,True
1475,l2Book,1784011135713,False,False,not_evaluated,missing_same_side_strict_through_support,,0.5,False,True
1476,trades,1784011135852,False,False,not_evaluated,missing_same_side_strict_through_support,,0.5,False,True
1477,trades,1784011136057,True,True,fail_closed,outside_quality_a_b_queue_bands;missing_intent_limit_px;missing_or_nonpositive_intent_size;missing_quality_bucket,0.000675,0.5,False,False
1478,trades,1784011136255,False,False,not_evaluated,missing_same_side_strict_through_support;missing_touch_freshness_or_queue_reset_evidence,,0.5,False,True
1479,trades,1784011136541,False,False,not_evaluated,missing_same_side_strict_through_support,,0.5,False,True
1480,l2Book,1784011136781,False,False,not_evaluated,missing_same_side_strict_through_support,,0.5,False,True
1481,trades,1784011136873,False,False,not_evaluated,missing_same_side_strict_through_support,,0.5,False,True
1482,trades,1784011137077,False,False,not_evaluated,missing_same_side_strict_through_support,,0.5,False,True
1483,l2Book,1784011137388,False,False,not_evaluated,missing_same_side_strict_through_support,,0.5,False,True
1484,trades,1784011137492,False,False,not_evaluated,missing_same_side_strict_through_support,,0.5,False,True
1485,l2Book,1784011137894,False,False,not_evaluated,missing_same_side_strict_through_support,,0.5,False,True
1486,trades,1784011138028,False,False,not_evaluated,missing_same_side_strict_through_support,,0.5,False,True
1487,trades,1784011138163,False,False,not_evaluated,missing_same_side_strict_through_support,,0.5,False,True
1488,l2Book,1784011138431,False,False,not_evaluated,missing_same_side_strict_through_support,,0.5,False,True
1489,trades,1784011138758,False,False,not_evaluated,missing_same_side_strict_through_support,,0.5,False,True
1490,trades,1784011138909,False,False,not_evaluated,missing_same_side_strict_through_support,,0.5,False,True
1491,l2Book,1784011138960,False,False,not_evaluated,missing_same_side_strict_through_support,,0.5,False,True
1492,trades,1784011139179,False,False,not_evaluated,missing_same_side_strict_through_support,,0.5,False,True
1493,trades,1784011139237,False,False,not_evaluated,missing_same_side_strict_through_support,,0.5,False,True
1494,trades,1784011139315,False,False,not_evaluated,missing_same_side_strict_through_support,,0.5,False,True
1495,trades,1784011139393,False,False,not_evaluated,missing_same_side_strict_through_support,,0.5,False,True
1496,l2Book,1784011139518,False,False,not_evaluated,missing_same_side_strict_through_support,,0.5,False,True
1497,trades,1784011139594,False,False,not_evaluated,missing_same_side_strict_through_support,,0.5,False,True
1498,l2Book,1784011140128,False,False,not_evaluated,missing_same_side_strict_through_support,,0.5,False,True
1499,trades,1784011140128,False,False,not_evaluated,missing_same_side_strict_through_support,,0.5,False,True
1500,l2Book,1784011140622,False,False,not_evaluated,missing_same_side_strict_through_support,,0.5,False,True
1501,trades,1784011140793,False,False,not_evaluated,missing_same_side_strict_through_support,,0.5,False,True
1502,l2Book,1784011141140,False,False,not_evaluated,missing_same_side_strict_through_support,,0.5,False,True
1503,trades,1784011141330,False,False,not_evaluated,missing_same_side_strict_through_support,,0.5,False,True
1504,trades,1784011141635,False,False,not_evaluated,missing_same_side_strict_through_support,,0.5,False,True
1505,l2Book,1784011141704,False,False,not_evaluated,missing_same_side_strict_through_support,,0.5,False,True
1506,trades,1784011142039,False,False,not_evaluated,missing_same_side_strict_through_support,,0.5,False,True
1507,trades,1784011142105,False,False,not_evaluated,missing_same_side_strict_through_support,,0.5,False,True
1508,l2Book,1784011142240,False,False,not_evaluated,missing_same_side_strict_through_support,,0.5,False,True
1509,trades,1784011142308,False,False,not_evaluated,missing_same_side_strict_through_support,,0.5,False,True
1510,l2Book,1784011142785,False,False,not_evaluated,missing_same_side_strict_through_support,,0.5,False,True
1511,l2Book,1784011143328,False,False,not_evaluated,missing_same_side_strict_through_support,,0.5,False,True
1512,trades,1784011143328,False,False,not_evaluated,missing_same_side_strict_through_support,,0.5,False,True
1513,trades,1784011143463,False,False,not_evaluated,missing_same_side_strict_through_support,,0.5,False,True
1514,trades,1784011143565,False,False,not_evaluated,missing_same_side_strict_through_support,,0.5,False,True
1515,l2Book,1784011143831,False,False,not_evaluated,missing_same_side_strict_through_support,,0.5,False,True
1516,trades,1784011143831,False,False,not_evaluated,missing_same_side_strict_through_support,,0.5,False,True
1517,trades,1784011144169,False,False,not_evaluated,missing_same_side_strict_through_support,,0.5,False,True
1518,l2Book,1784011144368,False,False,not_evaluated,missing_same_side_strict_through_support,,0.5,False,True
1519,trades,1784011144368,False,False,not_evaluated,missing_same_side_strict_through_support,,0.5,False,True
1520,trades,1784011144668,False,False,not_evaluated,missing_same_side_strict_through_support,,0.5,False,True
1521,l2Book,1784011144905,False,False,not_evaluated,missing_same_side_strict_through_support,,0.5,False,True
1522,l2Book,1784011145422,False,False,not_evaluated,missing_same_side_strict_through_support,,0.5,False,True
1523,l2Book,1784011145985,False,False,not_evaluated,missing_same_side_strict_through_support,,0.5,False,True
1524,trades,1784011145985,False,False,not_evaluated,missing_same_side_strict_through_support,,0.5,False,True
1525,trades,1784011146185,False,False,not_evaluated,missing_same_side_strict_through_support,,0.5,False,True
1526,l2Book,1784011146503,False,False,not_evaluated,missing_same_side_strict_through_support,,0.5,False,True
1527,trades,1784011146503,False,False,not_evaluated,missing_same_side_strict_through_support,,0.5,False,True
1528,trades,1784011146908,False,False,not_evaluated,missing_same_side_strict_through_support,,0.5,False,True
1529,l2Book,1784011147056,False,False,not_evaluated,missing_same_side_strict_through_support,,0.5,False,True
1530,trades,1784011147262,False,False,not_evaluated,missing_same_side_strict_through_support,,0.5,False,True
1531,trades,1784011147515,False,False,not_evaluated,missing_same_side_strict_through_support,,0.5,False,True
1532,l2Book,1784011147602,False,False,not_evaluated,missing_same_side_strict_through_support,,0.5,False,True
1533,trades,1784011148004,False,False,not_evaluated,missing_same_side_strict_through_support,,0.5,False,True
1534,l2Book,1784011148121,False,False,not_evaluated,missing_same_side_strict_through_support,,0.5,False,True
1535,trades,1784011148393,False,False,not_evaluated,missing_same_side_strict_through_support,,0.5,False,True
1536,trades,1784011148607,False,False,not_evaluated,missing_same_side_strict_through_support,,0.5,False,True
1537,l2Book,1784011148676,False,False,not_evaluated,missing_same_side_strict_through_support,,0.5,False,True
1538,l2Book,1784011149213,False,False,not_evaluated,missing_same_side_strict_through_support,,0.5,False,True
1539,trades,1784011149213,False,False,not_evaluated,missing_same_side_strict_through_support,,0.5,False,True
1540,trades,1784011149418,False,False,not_evaluated,missing_same_side_strict_through_support,,0.5,False,True
1541,trades,1784011149687,False,False,not_evaluated,missing_same_side_strict_through_support,,0.5,False,True
1542,l2Book,1784011149741,False,False,not_evaluated,missing_same_side_strict_through_support,,0.5,False,True
1543,trades,1784011150025,False,False,not_evaluated,missing_same_side_strict_through_support,,0.5,False,True
1544,l2Book,1784011150278,False,False,not_evaluated,missing_same_side_strict_through_support,,0.5,False,True
1545,trades,1784011150631,False,False,not_evaluated,missing_same_side_strict_through_support,,0.5,False,True
1546,l2Book,1784011150836,False,False,not_evaluated,missing_same_side_strict_through_support,,0.5,False,True
1547,trades,1784011151037,False,False,not_evaluated,missing_same_side_strict_through_support,,0.5,False,True
1548,trades,1784011151101,True,True,edge_gate_block,fair_mid_source_stale,0.0004,0.5,False,False
1549,trades,1784011151448,False,False,not_evaluated,missing_same_side_strict_through_support;missing_touch_freshness_or_queue_reset_evidence,,0.5,False,True
1550,trades,1784011151644,True,True,edge_gate_block,fair_mid_source_stale,0.000699,0.5,False,False
1551,trades,1784011152267,False,False,not_evaluated,missing_same_side_strict_through_support,,0.5,False,True
1552,l2Book,1784011152448,False,False,not_evaluated,missing_same_side_strict_through_support,,0.5,False,True
1553,trades,1784011152448,False,False,not_evaluated,missing_same_side_strict_through_support,,0.5,False,True
1554,l2Book,1784011152975,False,False,not_evaluated,missing_same_side_strict_through_support,,0.5,False,True
1555,trades,1784011152975,False,False,not_evaluated,missing_same_side_strict_through_support,,0.5,False,True
1556,l2Book,1784011153509,False,False,not_evaluated,missing_same_side_strict_through_support,,0.5,False,True
1557,trades,1784011153663,False,False,not_evaluated,missing_same_side_strict_through_support,,0.5,False,True
1558,l2Book,1784011154066,False,False,not_evaluated,missing_same_side_strict_through_support,,0.5,False,True
1559,trades,1784011154267,False,False,not_evaluated,missing_same_side_strict_through_support,,0.5,False,True
1560,trades,1784011154393,True,True,edge_gate_block,fair_mid_source_stale,0.000707,0.5,False,False
1561,trades,1784011154872,False,False,not_evaluated,missing_same_side_strict_through_support,,0.5,False,True
1562,trades,1784011155072,False,False,not_evaluated,missing_same_side_strict_through_support,,0.5,False,True
1563,l2Book,1784011155126,False,False,not_evaluated,missing_same_side_strict_through_support,,0.5,False,True
1564,trades,1784011155206,False,False,not_evaluated,missing_same_side_strict_through_support,,0.5,False,True
1565,l2Book,1784011155674,False,False,not_evaluated,missing_same_side_strict_through_support,,0.5,False,True
1566,trades,1784011156076,False,False,not_evaluated,missing_same_side_strict_through_support,,0.5,False,True
1567,l2Book,1784011156210,False,False,not_evaluated,missing_same_side_strict_through_support,,0.5,False,True
1568,trades,1784011156412,True,True,fail_closed,outside_quality_a_b_queue_bands;missing_intent_limit_px;missing_or_nonpositive_intent_size;missing_quality_bucket,0.000629,0.5,False,False
1569,trades,1784011156882,False,False,not_evaluated,missing_same_side_strict_through_support;missing_touch_freshness_or_queue_reset_evidence,,0.5,False,True
1570,trades,1784011157219,False,False,not_evaluated,missing_same_side_strict_through_support,,0.5,False,True
1571,l2Book,1784011157284,False,False,not_evaluated,missing_same_side_strict_through_support,,0.5,False,True
1572,trades,1784011157284,False,False,not_evaluated,missing_same_side_strict_through_support,,0.5,False,True
1573,trades,1784011157619,False,False,not_evaluated,missing_same_side_strict_through_support,,0.5,False,True
1574,trades,1784011157686,False,False,not_evaluated,missing_same_side_strict_through_support,,0.5,False,True
1575,l2Book,1784011157820,False,False,not_evaluated,missing_same_side_strict_through_support,,0.5,False,True
1576,trades,1784011158224,False,False,not_evaluated,missing_same_side_strict_through_support,,0.5,False,True
1577,trades,1784011158289,False,False,not_evaluated,missing_same_side_strict_through_support,,0.5,False,True
1578,l2Book,1784011158343,False,False,not_evaluated,missing_same_side_strict_through_support,,0.5,False,True
1579,trades,1784011158624,False,False,not_evaluated,missing_same_side_strict_through_support,,0.5,False,True
1580,l2Book,1784011158884,False,False,not_evaluated,missing_same_side_strict_through_support,,0.5,False,True
1581,trades,1784011159027,False,False,not_evaluated,missing_same_side_strict_through_support,,0.5,False,True
1582,l2Book,1784011159431,False,False,not_evaluated,missing_same_side_strict_through_support,,0.5,False,True
1583,trades,1784011159431,False,False,not_evaluated,missing_same_side_strict_through_support,,0.5,False,True
1584,trades,1784011159697,False,False,not_evaluated,missing_same_side_strict_through_support,,0.5,False,True
1585,l2Book,1784011159953,False,False,not_evaluated,missing_same_side_strict_through_support,,0.5,False,True
1586,trades,1784011160033,False,False,not_evaluated,missing_same_side_strict_through_support,,0.5,False,True
1587,l2Book,1784011160557,False,False,not_evaluated,missing_same_side_strict_through_support,,0.5,False,True
1588,trades,1784011160835,False,False,not_evaluated,missing_same_side_strict_through_support,,0.5,False,True
1589,l2Book,1784011161068,False,False,not_evaluated,missing_same_side_strict_through_support,,0.5,False,True
1590,trades,1784011161441,False,False,not_evaluated,missing_same_side_strict_through_support,,0.5,False,True
1591,l2Book,1784011161640,False,False,not_evaluated,missing_same_side_strict_through_support,,0.5,False,True
1592,trades,1784011162045,False,False,not_evaluated,missing_same_side_strict_through_support,,0.5,False,True
1593,l2Book,1784011162166,False,False,not_evaluated,missing_same_side_strict_through_support,,0.5,False,True
1594,trades,1784011162645,False,False,not_evaluated,missing_same_side_strict_through_support,,0.5,False,True
1595,l2Book,1784011162710,False,False,not_evaluated,missing_same_side_strict_through_support,,0.5,False,True
1596,l2Book,1784011163250,False,False,not_evaluated,missing_same_side_strict_through_support,,0.5,False,True
1597,trades,1784011163318,False,False,not_evaluated,missing_same_side_strict_through_support,,0.5,False,True
1598,l2Book,1784011163775,False,False,not_evaluated,missing_same_side_strict_through_support,,0.5,False,True
1599,trades,1784011163855,False,False,not_evaluated,missing_same_side_strict_through_support,,0.5,False,True
1600,trades,1784011164083,False,False,not_evaluated,missing_same_side_strict_through_support,,0.5,False,True
1601,l2Book,1784011164326,False,False,not_evaluated,missing_same_side_strict_through_support,,0.5,False,True
1602,trades,1784011164634,False,False,not_evaluated,outside_quality_a_b_queue_bands,,0.5,False,True
1603,l2Book,1784011164837,False,False,not_evaluated,missing_same_side_strict_through_support;missing_touch_freshness_or_queue_reset_evidence,,0.5,False,True
1604,l2Book,1784011165342,False,False,not_evaluated,missing_same_side_strict_through_support,,0.5,False,True
1605,l2Book,1784011165850,False,False,not_evaluated,missing_same_side_strict_through_support,,0.5,False,True
1606,trades,1784011166190,False,False,not_evaluated,missing_same_side_strict_through_support,,0.5,False,True
1607,trades,1784011166329,True,True,edge_gate_block,fair_mid_source_stale,0.000656,0.5,False,False
1608,trades,1784011166659,False,False,not_evaluated,missing_same_side_strict_through_support,,0.5,False,True
1609,l2Book,1784011166935,False,False,not_evaluated,missing_same_side_strict_through_support,,0.5,False,True
1610,trades,1784011167047,False,False,not_evaluated,missing_same_side_strict_through_support,,0.5,False,True
1611,l2Book,1784011167440,False,False,not_evaluated,missing_same_side_strict_through_support,,0.5,False,True
1612,l2Book,1784011167946,False,False,not_evaluated,missing_same_side_strict_through_support,,0.5,False,True
1613,trades,1784011168000,False,False,not_evaluated,missing_same_side_strict_through_support,,0.5,False,True
1614,l2Book,1784011168481,False,False,not_evaluated,missing_same_side_strict_through_support,,0.5,False,True
1615,l2Book,1784011169006,False,False,not_evaluated,missing_same_side_strict_through_support,,0.5,False,True
1616,trades,1784011169358,False,False,not_evaluated,missing_same_side_strict_through_support,,0.5,False,True
1617,l2Book,1784011169560,False,False,not_evaluated,missing_same_side_strict_through_support,,0.5,False,True
1618,l2Book,1784011170063,False,False,not_evaluated,missing_same_side_strict_through_support;missing_touch_freshness_or_queue_reset_evidence;missing_recent_same_side_at_or_through_throughput,,0.5,False,True
1619,trades,1784011170365,True,True,fail_closed,outside_quality_a_b_queue_bands;missing_intent_limit_px;missing_or_nonpositive_intent_size;missing_quality_bucket,0.000655,0.5,False,False
1620,trades,1784011170879,False,False,not_evaluated,missing_same_side_strict_through_support,,0.5,False,True
1621,trades,1784011170967,False,False,not_evaluated,missing_same_side_strict_through_support,,0.5,False,True
1622,l2Book,1784011171169,False,False,not_evaluated,missing_same_side_strict_through_support,,0.5,False,True
1623,l2Book,1784011171690,False,False,not_evaluated,missing_same_side_strict_through_support,,0.5,False,True
1624,trades,1784011172019,False,False,not_evaluated,missing_same_side_strict_through_support,,0.5,False,True
1625,l2Book,1784011172224,False,False,not_evaluated,missing_same_side_strict_through_support,,0.5,False,True
1626,l2Book,1784011172779,False,False,not_evaluated,missing_same_side_strict_through_support,,0.5,False,True
1627,trades,1784011173208,False,False,not_evaluated,missing_same_side_strict_through_support,,0.5,False,True
1628,l2Book,1784011173311,False,False,not_evaluated,missing_same_side_strict_through_support,,0.5,False,True
1629,trades,1784011173632,False,False,not_evaluated,missing_same_side_strict_through_support,,0.5,False,True
1630,l2Book,1784011173817,False,False,not_evaluated,missing_same_side_strict_through_support,,0.5,False,True
1631,l2Book,1784011174323,False,False,not_evaluated,missing_same_side_strict_through_support,,0.5,False,True
1632,l2Book,1784011174840,False,False,not_evaluated,missing_same_side_strict_through_support,,0.5,False,True
1633,trades,1784011174927,False,False,not_evaluated,outside_quality_a_b_queue_bands,,0.5,False,True
1634,l2Book,1784011175403,False,False,not_evaluated,missing_same_side_strict_through_support;missing_touch_freshness_or_queue_reset_evidence,,0.5,False,True
1635,trades,1784011175860,False,False,not_evaluated,missing_same_side_strict_through_support,,0.5,False,True
1636,l2Book,1784011175939,False,False,not_evaluated,missing_same_side_strict_through_support,,0.5,False,True
1637,l2Book,1784011176462,False,False,not_evaluated,missing_same_side_strict_through_support,,0.5,False,True
1638,trades,1784011176871,False,False,not_evaluated,missing_same_side_strict_through_support,,0.5,False,True
1639,l2Book,1784011177007,False,False,not_evaluated,missing_same_side_strict_through_support;missing_touch_freshness_or_queue_reset_evidence;missing_recent_same_side_at_or_through_throughput,,0.5,False,True
1640,trades,1784011177414,False,False,not_evaluated,missing_same_side_strict_through_support,,0.5,False,True
1641,l2Book,1784011177548,False,False,not_evaluated,missing_same_side_strict_through_support,,0.5,False,True
1642,trades,1784011177949,False,False,not_evaluated,missing_same_side_strict_through_support,,0.5,False,True
1643,trades,1784011178016,False,False,not_evaluated,missing_same_side_strict_through_support,,0.5,False,True
1644,l2Book,1784011178083,False,False,not_evaluated,missing_same_side_strict_through_support,,0.5,False,True
1645,l2Book,1784011178616,False,False,not_evaluated,missing_same_side_strict_through_support,,0.5,False,True
1646,l2Book,1784011179157,False,False,not_evaluated,missing_same_side_strict_through_support,,0.5,False,True
1647,l2Book,1784011179704,False,False,not_evaluated,missing_same_side_strict_through_support,,0.5,False,True
1648,trades,1784011180055,False,False,not_evaluated,missing_same_side_strict_through_support,,0.5,False,True
1649,l2Book,1784011180259,False,False,not_evaluated,missing_same_side_strict_through_support,,0.5,False,True
1650,l2Book,1784011180873,False,False,not_evaluated,missing_same_side_strict_through_support,,0.5,False,True
1651,l2Book,1784011181424,False,False,not_evaluated,missing_same_side_strict_through_support,,0.5,False,True
1652,l2Book,1784011181930,False,False,not_evaluated,missing_same_side_strict_through_support,,0.5,False,True
1653,l2Book,1784011182483,False,False,not_evaluated,missing_same_side_strict_through_support,,0.5,False,True
1654,l2Book,1784011183016,False,False,not_evaluated,missing_same_side_strict_through_support,,0.5,False,True
1655,l2Book,1784011183552,False,False,not_evaluated,missing_same_side_strict_through_support;missing_recent_same_side_at_or_through_throughput,,0.5,False,True
1656,l2Book,1784011184092,False,False,not_evaluated,missing_same_side_strict_through_support;missing_recent_same_side_at_or_through_throughput,,0.5,False,True
1657,trades,1784011184432,False,False,not_evaluated,missing_same_side_strict_through_support,,0.5,False,True
1658,l2Book,1784011184636,False,False,not_evaluated,missing_same_side_strict_through_support,,0.5,False,True
1659,trades,1784011185040,False,False,not_evaluated,missing_same_side_strict_through_support,,0.5,False,True
1660,l2Book,1784011185243,False,False,not_evaluated,missing_same_side_strict_through_support,,0.5,False,True
1661,l2Book,1784011185777,False,False,not_evaluated,missing_same_side_strict_through_support,,0.5,False,True
1662,l2Book,1784011186304,False,False,not_evaluated,missing_same_side_strict_through_support,,0.5,False,True
1663,l2Book,1784011186859,False,False,not_evaluated,missing_same_side_strict_through_support,,0.5,False,True
1664,trades,1784011187127,False,False,not_evaluated,missing_same_side_strict_through_support,,0.5,False,True
1665,l2Book,1784011187466,False,False,not_evaluated,missing_same_side_strict_through_support,,0.5,False,True
1666,trades,1784011187801,False,False,not_evaluated,missing_same_side_strict_through_support,,0.5,False,True
1667,l2Book,1784011188004,False,False,not_evaluated,missing_same_side_strict_through_support,,0.5,False,True
1668,l2Book,1784011188551,False,False,not_evaluated,missing_same_side_strict_through_support,,0.5,False,True
1669,l2Book,1784011189087,False,False,not_evaluated,missing_same_side_strict_through_support,,0.5,False,True
1670,l2Book,1784011189624,False,False,not_evaluated,missing_same_side_strict_through_support,,0.5,False,True
1671,l2Book,1784011190167,False,False,not_evaluated,missing_same_side_strict_through_support,,0.5,False,True
1672,l2Book,1784011190704,False,False,not_evaluated,missing_same_side_strict_through_support,,0.5,False,True
1673,trades,1784011190704,False,False,not_evaluated,missing_same_side_strict_through_support,,0.5,False,True
1674,trades,1784011191008,False,False,not_evaluated,missing_same_side_strict_through_support,,0.5,False,True
1675,l2Book,1784011191314,False,False,not_evaluated,missing_same_side_strict_through_support,,0.5,False,True
1676,l2Book,1784011191904,False,False,not_evaluated,missing_same_side_strict_through_support,,0.5,False,True
1677,l2Book,1784011192515,False,False,not_evaluated,missing_same_side_strict_through_support,,0.5,False,True
1678,trades,1784011192660,False,False,not_evaluated,missing_same_side_strict_through_support,,0.5,False,True
1679,l2Book,1784011193062,False,False,not_evaluated,missing_same_side_strict_through_support,,0.5,False,True
1680,trades,1784011193463,False,False,not_evaluated,missing_same_side_strict_through_support,,0.5,False,True
1681,l2Book,1784011193598,False,False,not_evaluated,missing_same_side_strict_through_support;missing_touch_freshness_or_queue_reset_evidence;missing_recent_same_side_at_or_through_throughput,,0.5,False,True
1682,trades,1784011193598,False,False,not_evaluated,missing_same_side_strict_through_support;missing_touch_freshness_or_queue_reset_evidence,,0.5,False,True
1683,trades,1784011193665,False,False,not_evaluated,missing_same_side_strict_through_support;missing_touch_freshness_or_queue_reset_evidence,,0.5,False,True
1684,l2Book,1784011194136,False,False,not_evaluated,missing_same_side_strict_through_support;missing_touch_freshness_or_queue_reset_evidence,,0.5,False,True
1685,trades,1784011194541,False,False,not_evaluated,outside_quality_a_b_queue_bands,,0.5,False,True
1686,l2Book,1784011194753,False,False,not_evaluated,missing_same_side_strict_through_support;missing_touch_freshness_or_queue_reset_evidence;missing_recent_same_side_at_or_through_throughput,,0.5,False,True
1687,trades,1784011194753,False,False,not_evaluated,missing_same_side_strict_through_support;missing_touch_freshness_or_queue_reset_evidence;missing_recent_same_side_at_or_through_throughput,,0.5,False,True
1688,l2Book,1784011195356,False,False,not_evaluated,missing_same_side_strict_through_support;missing_recent_same_side_at_or_through_throughput,,0.5,False,True
1689,l2Book,1784011195958,False,False,not_evaluated,missing_same_side_strict_through_support;missing_recent_same_side_at_or_through_throughput,,0.5,False,True
1690,l2Book,1784011196503,False,False,not_evaluated,missing_same_side_strict_through_support;missing_recent_same_side_at_or_through_throughput,,0.5,False,True
1691,l2Book,1784011197007,False,False,not_evaluated,missing_same_side_strict_through_support;missing_recent_same_side_at_or_through_throughput,,0.5,False,True
1692,trades,1784011197007,False,False,not_evaluated,missing_same_side_strict_through_support;missing_recent_same_side_at_or_through_throughput,,0.5,False,True
1693,l2Book,1784011197509,False,False,not_evaluated,missing_same_side_strict_through_support;missing_recent_same_side_at_or_through_throughput,,0.5,False,True
1694,trades,1784011197642,False,False,not_evaluated,missing_same_side_strict_through_support,,0.5,False,True
1695,trades,1784011197818,False,False,not_evaluated,missing_same_side_strict_through_support,,0.5,False,True
1696,trades,1784011197969,False,False,not_evaluated,missing_same_side_strict_through_support,,0.5,False,True
1697,l2Book,1784011198019,False,False,not_evaluated,missing_same_side_strict_through_support,,0.5,False,True
1698,trades,1784011198019,False,False,not_evaluated,missing_same_side_strict_through_support,,0.5,False,True
1699,trades,1784011198371,False,False,not_evaluated,missing_same_side_strict_through_support,,0.5,False,True
1700,l2Book,1784011198573,False,False,not_evaluated,missing_same_side_strict_through_support,,0.5,False,True
1701,trades,1784011198832,False,False,not_evaluated,missing_same_side_strict_through_support,,0.5,False,True
1702,l2Book,1784011199107,False,False,not_evaluated,missing_same_side_strict_through_support,,0.5,False,True
1703,l2Book,1784011199642,False,False,not_evaluated,missing_same_side_strict_through_support,,0.5,False,True
1704,l2Book,1784011200180,False,False,not_evaluated,missing_same_side_strict_through_support,,0.5,False,True
1705,trades,1784011200248,False,False,not_evaluated,missing_same_side_strict_through_support,,0.5,False,True
1706,l2Book,1784011200726,False,False,not_evaluated,missing_same_side_strict_through_support,,0.5,False,True
1707,trades,1784011200784,True,True,edge_gate_block,edge_below_required_buffer,0.000678,0.5,False,False
1708,trades,1784011201387,False,False,not_evaluated,missing_same_side_strict_through_support;missing_touch_freshness_or_queue_reset_evidence,,0.5,False,True
1709,l2Book,1784011201789,False,False,not_evaluated,missing_same_side_strict_through_support,,0.5,False,True
1710,trades,1784011201901,True,True,edge_gate_block,fair_mid_source_stale,0.000758,0.5,False,False
1711,trades,1784011202500,False,False,not_evaluated,missing_same_side_strict_through_support;missing_touch_freshness_or_queue_reset_evidence,,0.5,False,True
1712,trades,1784011202763,False,False,not_evaluated,missing_same_side_strict_through_support,,0.5,False,True
1713,l2Book,1784011202822,False,False,not_evaluated,missing_same_side_strict_through_support;missing_touch_freshness_or_queue_reset_evidence;missing_recent_same_side_at_or_through_throughput,,0.5,False,True
1714,trades,1784011202965,False,False,not_evaluated,missing_touch_freshness_or_queue_reset_evidence,,0.5,False,True
1715,trades,1784011203167,True,True,fail_closed,outside_quality_a_b_queue_bands;missing_intent_limit_px;missing_or_nonpositive_intent_size;missing_quality_bucket,0.000653,0.5,False,False
1716,trades,1784011203701,False,False,not_evaluated,missing_same_side_strict_through_support,,0.5,False,True
1717,l2Book,1784011203902,False,False,not_evaluated,missing_same_side_strict_through_support,,0.5,False,True
1718,trades,1784011204022,False,False,not_evaluated,missing_same_side_strict_through_support,,0.5,False,True
1719,trades,1784011204104,False,False,not_evaluated,missing_same_side_strict_through_support,,0.5,False,True
1720,trades,1784011204370,False,False,not_evaluated,missing_same_side_strict_through_support,,0.5,False,True
1721,l2Book,1784011204431,False,False,not_evaluated,missing_same_side_strict_through_support,,0.5,False,True
1722,trades,1784011204571,False,False,not_evaluated,missing_same_side_strict_through_support,,0.5,False,True
1723,l2Book,1784011204975,False,False,not_evaluated,missing_same_side_strict_through_support,,0.5,False,True
1724,trades,1784011205247,False,False,not_evaluated,outside_quality_a_b_queue_bands,,0.5,False,True
1725,l2Book,1784011205516,False,False,not_evaluated,missing_same_side_strict_through_support;missing_touch_freshness_or_queue_reset_evidence,,0.5,False,True
1726,l2Book,1784011206114,False,False,not_evaluated,missing_same_side_strict_through_support,,0.5,False,True
1727,trades,1784011206180,False,False,not_evaluated,missing_same_side_strict_through_support,,0.5,False,True
1728,l2Book,1784011206584,False,False,not_evaluated,missing_same_side_strict_through_support,,0.5,False,True
1729,l2Book,1784011207118,False,False,not_evaluated,missing_same_side_strict_through_support;missing_touch_freshness_or_queue_reset_evidence;missing_recent_same_side_at_or_through_throughput,,0.5,False,True
1730,trades,1784011207118,False,False,not_evaluated,missing_same_side_strict_through_support;missing_touch_freshness_or_queue_reset_evidence;missing_recent_same_side_at_or_through_throughput,,0.5,False,True
1731,trades,1784011207441,False,False,not_evaluated,missing_same_side_strict_through_support,,0.5,False,True
1732,trades,1784011207521,False,False,not_evaluated,missing_same_side_strict_through_support,,0.5,False,True
1733,l2Book,1784011207654,False,False,not_evaluated,missing_same_side_strict_through_support;missing_touch_freshness_or_queue_reset_evidence,,0.5,False,True
1734,trades,1784011208058,False,False,not_evaluated,missing_same_side_strict_through_support,,0.5,False,True
1735,l2Book,1784011208195,False,False,not_evaluated,missing_same_side_strict_through_support,,0.5,False,True
1736,trades,1784011208262,False,False,not_evaluated,missing_same_side_strict_through_support,,0.5,False,True
1737,trades,1784011208461,False,False,not_evaluated,missing_same_side_strict_through_support,,0.5,False,True
1738,l2Book,1784011208793,False,False,not_evaluated,missing_same_side_strict_through_support,,0.5,False,True
1739,l2Book,1784011209264,False,False,not_evaluated,missing_same_side_strict_through_support,,0.5,False,True
1740,l2Book,1784011209817,False,False,not_evaluated,missing_same_side_strict_through_support,,0.5,False,True
1741,trades,1784011209817,False,False,not_evaluated,missing_same_side_strict_through_support,,0.5,False,True
1742,trades,1784011210288,False,False,not_evaluated,missing_same_side_strict_through_support,,0.5,False,True
1743,l2Book,1784011210360,False,False,not_evaluated,missing_same_side_strict_through_support,,0.5,False,True
1744,trades,1784011210493,False,False,not_evaluated,missing_same_side_strict_through_support,,0.5,False,True
1745,l2Book,1784011210897,False,False,not_evaluated,missing_same_side_strict_through_support,,0.5,False,True
1746,l2Book,1784011211431,False,False,not_evaluated,missing_same_side_strict_through_support,,0.5,False,True
1747,trades,1784011211565,False,False,not_evaluated,missing_same_side_strict_through_support,,0.5,False,True
1748,l2Book,1784011211967,False,False,not_evaluated,missing_same_side_strict_through_support,,0.5,False,True
1749,trades,1784011212158,False,False,not_evaluated,missing_same_side_strict_through_support,,0.5,False,True
1750,trades,1784011212234,False,False,not_evaluated,missing_same_side_strict_through_support,,0.5,False,True
1751,l2Book,1784011212503,False,False,not_evaluated,missing_same_side_strict_through_support,,0.5,False,True
1752,trades,1784011212569,False,False,not_evaluated,missing_same_side_strict_through_support,,0.5,False,True
1753,trades,1784011212637,False,False,not_evaluated,missing_same_side_strict_through_support,,0.5,False,True
1754,l2Book,1784011213039,False,False,not_evaluated,missing_same_side_strict_through_support,,0.5,False,True
1755,trades,1784011213312,False,False,not_evaluated,missing_same_side_strict_through_support,,0.5,False,True
1756,l2Book,1784011213583,False,False,not_evaluated,missing_same_side_strict_through_support,,0.5,False,True
1757,trades,1784011213715,True,True,edge_gate_block,edge_below_required_buffer,0.000664,0.5,False,False
1758,l2Book,1784011214658,False,False,not_evaluated,missing_same_side_strict_through_support,,0.5,False,True
1759,trades,1784011215060,False,False,not_evaluated,missing_same_side_strict_through_support,,0.5,False,True
1760,l2Book,1784011215192,False,False,not_evaluated,missing_same_side_strict_through_support,,0.5,False,True
1761,trades,1784011215192,False,False,not_evaluated,missing_same_side_strict_through_support,,0.5,False,True
1762,l2Book,1784011215736,False,False,not_evaluated,missing_same_side_strict_through_support,,0.5,False,True
1763,trades,1784011216206,False,False,not_evaluated,missing_same_side_strict_through_support,,0.5,False,True
1764,l2Book,1784011216274,False,False,not_evaluated,missing_same_side_strict_through_support,,0.5,False,True
1765,trades,1784011216749,False,False,not_evaluated,missing_same_side_strict_through_support,,0.5,False,True
1766,l2Book,1784011216812,False,False,not_evaluated,missing_same_side_strict_through_support,,0.5,False,True
1767,l2Book,1784011217351,False,False,not_evaluated,missing_same_side_strict_through_support,,0.5,False,True
1768,l2Book,1784011217885,False,False,not_evaluated,missing_same_side_strict_through_support,,0.5,False,True
1769,trades,1784011218220,False,False,not_evaluated,missing_same_side_strict_through_support,,0.5,False,True
1770,l2Book,1784011218421,False,False,not_evaluated,missing_same_side_strict_through_support,,0.5,False,True
1771,trades,1784011218624,False,False,not_evaluated,missing_same_side_strict_through_support,,0.5,False,True
1772,trades,1784011218756,False,False,not_evaluated,missing_same_side_strict_through_support,,0.5,False,True
1773,l2Book,1784011218958,False,False,not_evaluated,missing_same_side_strict_through_support,,0.5,False,True
1774,trades,1784011219369,False,False,not_evaluated,missing_same_side_strict_through_support,,0.5,False,True
1775,trades,1784011219438,False,False,not_evaluated,missing_same_side_strict_through_support,,0.5,False,True
1776,l2Book,1784011219494,False,False,not_evaluated,missing_same_side_strict_through_support,,0.5,False,True
1777,trades,1784011219571,False,False,not_evaluated,missing_same_side_strict_through_support,,0.5,False,True
1778,trades,1784011219838,False,False,not_evaluated,missing_same_side_strict_through_support,,0.5,False,True
1779,l2Book,1784011220097,False,False,not_evaluated,missing_same_side_strict_through_support,,0.5,False,True
1780,trades,1784011220456,False,False,not_evaluated,missing_same_side_strict_through_support,,0.5,False,True
1781,l2Book,1784011220588,False,False,not_evaluated,missing_same_side_strict_through_support,,0.5,False,True
1782,trades,1784011220655,False,False,not_evaluated,missing_same_side_strict_through_support,,0.5,False,True
1783,trades,1784011220923,False,False,not_evaluated,outside_quality_a_b_queue_bands,,0.5,False,True
1784,trades,1784011221058,False,False,not_evaluated,outside_quality_a_b_queue_bands,,0.5,False,True
1785,l2Book,1784011221124,False,False,not_evaluated,missing_touch_freshness_or_queue_reset_evidence,,0.5,False,True
1786,trades,1784011221612,False,False,not_evaluated,outside_quality_a_b_queue_bands,,0.5,False,True
1787,l2Book,1784011221667,False,False,not_evaluated,missing_touch_freshness_or_queue_reset_evidence,,0.5,False,True
1788,trades,1784011222144,False,False,not_evaluated,outside_quality_a_b_queue_bands,,0.5,False,True
1789,l2Book,1784011222212,False,False,not_evaluated,outside_quality_a_b_queue_bands,,0.5,False,True
1790,trades,1784011222212,False,False,not_evaluated,outside_quality_a_b_queue_bands,,0.5,False,True
1791,trades,1784011222346,False,False,not_evaluated,outside_quality_a_b_queue_bands,,0.5,False,True
1792,trades,1784011222481,False,False,not_evaluated,outside_quality_a_b_queue_bands,,0.5,False,True
1793,l2Book,1784011222748,False,False,not_evaluated,outside_quality_a_b_queue_bands,,0.5,False,True
1794,trades,1784011222817,False,False,not_evaluated,outside_quality_a_b_queue_bands,,0.5,False,True
1795,trades,1784011223016,False,False,not_evaluated,outside_quality_a_b_queue_bands,,0.5,False,True
1796,l2Book,1784011223284,False,False,not_evaluated,outside_quality_a_b_queue_bands,,0.5,False,True
1797,trades,1784011223284,False,False,not_evaluated,outside_quality_a_b_queue_bands,,0.5,False,True
1798,l2Book,1784011223817,False,False,not_evaluated,outside_quality_a_b_queue_bands,,0.5,False,True
1799,trades,1784011224094,False,False,not_evaluated,missing_same_side_strict_through_support,,0.5,False,True
1800,l2Book,1784011224373,False,False,not_evaluated,missing_same_side_strict_through_support,,0.5,False,True
1801,l2Book,1784011224909,False,False,not_evaluated,missing_same_side_strict_through_support,,0.5,False,True
1802,l2Book,1784011225433,False,False,not_evaluated,missing_same_side_strict_through_support,,0.5,False,True
1803,trades,1784011225515,False,False,not_evaluated,missing_same_side_strict_through_support;missing_recent_same_side_at_or_through_throughput,,0.5,False,True
1804,trades,1784011225781,False,False,not_evaluated,missing_same_side_strict_through_support;missing_recent_same_side_at_or_through_throughput,,0.5,False,True
1805,l2Book,1784011225990,False,False,not_evaluated,missing_same_side_strict_through_support;missing_recent_same_side_at_or_through_throughput,,0.5,False,True
1806,trades,1784011226253,False,False,not_evaluated,missing_same_side_strict_through_support;missing_recent_same_side_at_or_through_throughput,,0.5,False,True
1807,l2Book,1784011226523,False,False,not_evaluated,missing_same_side_strict_through_support;missing_touch_freshness_or_queue_reset_evidence;missing_recent_same_side_at_or_through_throughput,,0.5,False,True
1808,trades,1784011226722,False,False,not_evaluated,missing_same_side_strict_through_support;missing_touch_freshness_or_queue_reset_evidence;missing_recent_same_side_at_or_through_throughput,,0.5,False,True
1809,l2Book,1784011227041,False,False,not_evaluated,missing_same_side_strict_through_support;missing_touch_freshness_or_queue_reset_evidence;missing_recent_same_side_at_or_through_throughput,,0.5,False,True
1810,trades,1784011227041,False,False,not_evaluated,missing_same_side_strict_through_support;missing_touch_freshness_or_queue_reset_evidence;missing_recent_same_side_at_or_through_throughput,,0.5,False,True
1811,trades,1784011227123,False,False,not_evaluated,missing_same_side_strict_through_support;missing_touch_freshness_or_queue_reset_evidence;missing_recent_same_side_at_or_through_throughput,,0.5,False,True
1812,l2Book,1784011227597,False,False,not_evaluated,missing_same_side_strict_through_support;missing_touch_freshness_or_queue_reset_evidence;missing_recent_same_side_at_or_through_throughput,,0.5,False,True
1813,trades,1784011227933,False,False,not_evaluated,missing_same_side_strict_through_support;missing_recent_same_side_at_or_through_throughput,,0.5,False,True
1814,trades,1784011228065,False,False,not_evaluated,missing_same_side_strict_through_support;missing_recent_same_side_at_or_through_throughput,,0.5,False,True
1815,l2Book,1784011228133,False,False,not_evaluated,missing_same_side_strict_through_support;missing_touch_freshness_or_queue_reset_evidence,,0.5,False,True
1816,trades,1784011228202,False,False,not_evaluated,missing_same_side_strict_through_support;missing_touch_freshness_or_queue_reset_evidence,,0.5,False,True
1817,trades,1784011228479,False,False,not_evaluated,missing_same_side_strict_through_support,,0.5,False,True
1818,l2Book,1784011228679,False,False,not_evaluated,missing_same_side_strict_through_support,,0.5,False,True
1819,trades,1784011228813,False,False,not_evaluated,missing_same_side_strict_through_support,,0.5,False,True
1820,l2Book,1784011229219,False,False,not_evaluated,missing_same_side_strict_through_support,,0.5,False,True
1821,trades,1784011229487,False,False,not_evaluated,missing_same_side_strict_through_support,,0.5,False,True
1822,l2Book,1784011229747,False,False,not_evaluated,missing_same_side_strict_through_support,,0.5,False,True
1823,trades,1784011229822,False,False,not_evaluated,missing_same_side_strict_through_support,,0.5,False,True
1824,l2Book,1784011230257,False,False,not_evaluated,missing_same_side_strict_through_support,,0.5,False,True
1825,trades,1784011230512,False,False,not_evaluated,missing_same_side_strict_through_support,,0.5,False,True
1826,trades,1784011230581,False,False,not_evaluated,missing_same_side_strict_through_support,,0.5,False,True
1827,l2Book,1784011230775,False,False,not_evaluated,missing_same_side_strict_through_support,,0.5,False,True
1828,l2Book,1784011231316,False,False,not_evaluated,missing_same_side_strict_through_support;missing_recent_same_side_at_or_through_throughput,,0.5,False,True
1829,trades,1784011231459,False,False,not_evaluated,missing_same_side_strict_through_support,,0.5,False,True
1830,trades,1784011231661,False,False,not_evaluated,missing_same_side_strict_through_support,,0.5,False,True
1831,l2Book,1784011231860,False,False,not_evaluated,missing_same_side_strict_through_support,,0.5,False,True
1832,trades,1784011231860,False,False,not_evaluated,missing_same_side_strict_through_support,,0.5,False,True
1833,trades,1784011232062,False,False,not_evaluated,missing_same_side_strict_through_support,,0.5,False,True
1834,trades,1784011232262,False,False,not_evaluated,missing_same_side_strict_through_support,,0.5,False,True
1835,l2Book,1784011232397,False,False,not_evaluated,missing_touch_freshness_or_queue_reset_evidence,,0.5,False,True
1836,l2Book,1784011232932,False,False,not_evaluated,missing_touch_freshness_or_queue_reset_evidence,,0.5,False,True
1837,trades,1784011233067,False,False,not_evaluated,missing_touch_freshness_or_queue_reset_evidence,,0.5,False,True
1838,l2Book,1784011233484,False,False,not_evaluated,missing_touch_freshness_or_queue_reset_evidence,,0.5,False,True
1839,l2Book,1784011234012,False,False,not_evaluated,outside_quality_a_b_queue_bands,,0.5,False,True
1840,trades,1784011234221,False,False,not_evaluated,outside_quality_a_b_queue_bands,,0.5,False,True
1841,l2Book,1784011234559,False,False,not_evaluated,missing_touch_freshness_or_queue_reset_evidence,,0.5,False,True
1842,l2Book,1784011235093,False,False,not_evaluated,missing_touch_freshness_or_queue_reset_evidence,,0.5,False,True
1843,l2Book,1784011235645,False,False,not_evaluated,missing_same_side_strict_through_support;missing_recent_same_side_at_or_through_throughput,,0.5,False,True
1844,l2Book,1784011236182,False,False,not_evaluated,missing_same_side_strict_through_support;missing_recent_same_side_at_or_through_throughput,,0.5,False,True
1845,trades,1784011236182,False,False,not_evaluated,missing_same_side_strict_through_support;missing_recent_same_side_at_or_through_throughput,,0.5,False,True
1846,l2Book,1784011236732,False,False,not_evaluated,missing_same_side_strict_through_support;missing_recent_same_side_at_or_through_throughput,,0.5,False,True
1847,trades,1784011236866,False,False,not_evaluated,missing_same_side_strict_through_support,,0.5,False,True
1848,trades,1784011236933,False,False,not_evaluated,missing_same_side_strict_through_support,,0.5,False,True
1849,trades,1784011237068,False,False,not_evaluated,missing_same_side_strict_through_support,,0.5,False,True
1850,l2Book,1784011237269,False,False,not_evaluated,missing_touch_freshness_or_queue_reset_evidence,,0.5,False,True
1851,trades,1784011237470,False,False,not_evaluated,missing_touch_freshness_or_queue_reset_evidence,,0.5,False,True
1852,l2Book,1784011237793,False,False,not_evaluated,outside_quality_a_b_queue_bands,,0.5,False,True
1853,trades,1784011237872,False,False,not_evaluated,outside_quality_a_b_queue_bands,,0.5,False,True
1854,trades,1784011238073,False,False,not_evaluated,outside_quality_a_b_queue_bands,,0.5,False,True
1855,l2Book,1784011238342,False,False,not_evaluated,outside_quality_a_b_queue_bands,,0.5,False,True
1856,trades,1784011238474,False,False,not_evaluated,outside_quality_a_b_queue_bands,,0.5,False,True
1857,l2Book,1784011238876,False,False,not_evaluated,outside_quality_a_b_queue_bands,,0.5,False,True
1858,trades,1784011238943,False,False,not_evaluated,outside_quality_a_b_queue_bands,,0.5,False,True
1859,l2Book,1784011239403,False,False,not_evaluated,outside_quality_a_b_queue_bands,,0.5,False,True
1860,l2Book,1784011239949,False,False,not_evaluated,outside_quality_a_b_queue_bands,,0.5,False,True
1861,trades,1784011240285,False,False,not_evaluated,missing_same_side_strict_through_support,,0.5,False,True
1862,l2Book,1784011240487,False,False,not_evaluated,missing_touch_freshness_or_queue_reset_evidence,,0.5,False,True
1863,trades,1784011240487,False,False,not_evaluated,missing_touch_freshness_or_queue_reset_evidence,,0.5,False,True
1864,trades,1784011240753,False,False,not_evaluated,outside_quality_a_b_queue_bands,,0.5,False,True
1865,l2Book,1784011241011,False,False,not_evaluated,outside_quality_a_b_queue_bands,,0.5,False,True
1866,trades,1784011241490,False,False,not_evaluated,outside_quality_a_b_queue_bands,,0.5,False,True
1867,l2Book,1784011241557,False,False,not_evaluated,outside_quality_a_b_queue_bands,,0.5,False,True
1868,trades,1784011241895,False,False,not_evaluated,outside_quality_a_b_queue_bands,,0.5,False,True
1869,l2Book,1784011242094,False,False,not_evaluated,outside_quality_a_b_queue_bands,,0.5,False,True
1870,trades,1784011242162,False,False,not_evaluated,outside_quality_a_b_queue_bands,,0.5,False,True
1871,l2Book,1784011242623,False,False,not_evaluated,outside_quality_a_b_queue_bands,,0.5,False,True
1872,trades,1784011242897,False,False,not_evaluated,outside_quality_a_b_queue_bands,,0.5,False,True
1873,l2Book,1784011243158,False,False,not_evaluated,outside_quality_a_b_queue_bands,,0.5,False,True
1874,l2Book,1784011243705,False,False,not_evaluated,missing_same_side_strict_through_support,,0.5,False,True
1875,trades,1784011243705,False,False,not_evaluated,missing_same_side_strict_through_support,,0.5,False,True
1876,trades,1784011244101,False,False,not_evaluated,missing_same_side_strict_through_support,,0.5,False,True
1877,l2Book,1784011244233,False,False,not_evaluated,missing_same_side_strict_through_support,,0.5,False,True
1878,trades,1784011244575,False,False,not_evaluated,missing_same_side_strict_through_support,,0.5,False,True
1879,l2Book,1784011244778,False,False,not_evaluated,missing_same_side_strict_through_support,,0.5,False,True
1880,trades,1784011245037,False,False,not_evaluated,missing_same_side_strict_through_support,,0.5,False,True
1881,trades,1784011245238,False,False,not_evaluated,missing_same_side_strict_through_support;missing_recent_same_side_at_or_through_throughput,,0.5,False,True
1882,l2Book,1784011245289,False,False,not_evaluated,missing_same_side_strict_through_support;missing_recent_same_side_at_or_through_throughput,,0.5,False,True
1883,trades,1784011245717,False,False,not_evaluated,missing_same_side_strict_through_support;missing_recent_same_side_at_or_through_throughput,,0.5,False,True
1884,l2Book,1784011245842,False,False,not_evaluated,missing_same_side_strict_through_support;missing_touch_freshness_or_queue_reset_evidence;missing_recent_same_side_at_or_through_throughput,,0.5,False,True
1885,trades,1784011246120,False,False,not_evaluated,missing_same_side_strict_through_support;missing_recent_same_side_at_or_through_throughput,,0.5,False,True
1886,l2Book,1784011246380,False,False,not_evaluated,missing_same_side_strict_through_support;missing_touch_freshness_or_queue_reset_evidence;missing_recent_same_side_at_or_through_throughput,,0.5,False,True
1887,l2Book,1784011246921,False,False,not_evaluated,missing_same_side_strict_through_support;missing_recent_same_side_at_or_through_throughput,,0.5,False,True
1888,trades,1784011247302,False,False,not_evaluated,missing_same_side_strict_through_support;missing_recent_same_side_at_or_through_throughput,,0.5,False,True
1889,trades,1784011247390,False,False,not_evaluated,missing_same_side_strict_through_support;missing_recent_same_side_at_or_through_throughput,,0.5,False,True
1890,l2Book,1784011247450,False,False,not_evaluated,missing_same_side_strict_through_support;missing_recent_same_side_at_or_through_throughput,,0.5,False,True
1891,trades,1784011247526,False,False,not_evaluated,missing_same_side_strict_through_support;missing_recent_same_side_at_or_through_throughput,,0.5,False,True
1892,trades,1784011247652,False,False,not_evaluated,missing_same_side_strict_through_support;missing_recent_same_side_at_or_through_throughput,,0.5,False,True
1893,l2Book,1784011247995,False,False,not_evaluated,missing_same_side_strict_through_support;missing_recent_same_side_at_or_through_throughput,,0.5,False,True
1894,trades,1784011248255,False,False,not_evaluated,missing_same_side_strict_through_support;missing_recent_same_side_at_or_through_throughput,,0.5,False,True
1895,l2Book,1784011248529,False,False,not_evaluated,missing_same_side_strict_through_support;missing_recent_same_side_at_or_through_throughput,,0.5,False,True
1896,trades,1784011248732,False,False,not_evaluated,missing_same_side_strict_through_support;missing_recent_same_side_at_or_through_throughput,,0.5,False,True
1897,l2Book,1784011249060,False,False,not_evaluated,missing_same_side_strict_through_support;missing_recent_same_side_at_or_through_throughput,,0.5,False,True
1898,trades,1784011249201,False,False,not_evaluated,missing_same_side_strict_through_support;missing_recent_same_side_at_or_through_throughput,,0.5,False,True
1899,trades,1784011249346,False,False,not_evaluated,missing_same_side_strict_through_support;missing_recent_same_side_at_or_through_throughput,,0.5,False,True
1900,trades,1784011249551,False,False,not_evaluated,missing_same_side_strict_through_support,,0.5,False,True
1901,l2Book,1784011249616,False,False,not_evaluated,missing_same_side_strict_through_support,,0.5,False,True
1902,trades,1784011249815,False,False,not_evaluated,missing_same_side_strict_through_support,,0.5,False,True
1903,l2Book,1784011250150,False,False,not_evaluated,missing_same_side_strict_through_support,,0.5,False,True
1904,trades,1784011250150,False,False,not_evaluated,missing_same_side_strict_through_support,,0.5,False,True
1905,trades,1784011250553,False,False,not_evaluated,missing_same_side_strict_through_support,,0.5,False,True
1906,l2Book,1784011250669,False,False,not_evaluated,missing_same_side_strict_through_support,,0.5,False,True
1907,trades,1784011251025,False,False,not_evaluated,missing_same_side_strict_through_support,,0.5,False,True
1908,l2Book,1784011251222,False,False,not_evaluated,missing_same_side_strict_through_support,,0.5,False,True
1909,trades,1784011251571,False,False,not_evaluated,missing_same_side_strict_through_support,,0.5,False,True
1910,l2Book,1784011251757,False,False,not_evaluated,missing_touch_freshness_or_queue_reset_evidence,,0.5,False,True
1911,l2Book,1784011252306,False,False,not_evaluated,missing_touch_freshness_or_queue_reset_evidence,,0.5,False,True
1912,trades,1784011252647,False,False,not_evaluated,outside_quality_a_b_queue_bands,,0.5,False,True
1913,trades,1784011252715,False,False,not_evaluated,outside_quality_a_b_queue_bands,,0.5,False,True
1914,trades,1784011252781,False,False,not_evaluated,outside_quality_a_b_queue_bands,,0.5,False,True
1915,l2Book,1784011252849,False,False,not_evaluated,outside_quality_a_b_queue_bands,,0.5,False,True
1916,l2Book,1784011253384,False,False,not_evaluated,outside_quality_a_b_queue_bands,,0.5,False,True
1917,l2Book,1784011253923,False,False,not_evaluated,outside_quality_a_b_queue_bands,,0.5,False,True
1918,trades,1784011254400,False,False,not_evaluated,missing_same_side_strict_through_support;missing_recent_same_side_at_or_through_throughput,,0.5,False,True
1919,l2Book,1784011254468,False,False,not_evaluated,missing_same_side_strict_through_support;missing_recent_same_side_at_or_through_throughput,,0.5,False,True
1920,trades,1784011254468,False,False,not_evaluated,missing_same_side_strict_through_support;missing_recent_same_side_at_or_through_throughput,,0.5,False,True
1921,trades,1784011254871,False,False,not_evaluated,missing_same_side_strict_through_support;missing_recent_same_side_at_or_through_throughput,,0.5,False,True
1922,l2Book,1784011255005,False,False,not_evaluated,missing_same_side_strict_through_support;missing_recent_same_side_at_or_through_throughput,,0.5,False,True
1923,trades,1784011255408,False,False,not_evaluated,missing_same_side_strict_through_support;missing_recent_same_side_at_or_through_throughput,,0.5,False,True
1924,l2Book,1784011255543,False,False,not_evaluated,missing_same_side_strict_through_support;missing_recent_same_side_at_or_through_throughput,,0.5,False,True
1925,trades,1784011255605,False,False,not_evaluated,missing_same_side_strict_through_support;missing_recent_same_side_at_or_through_throughput,,0.5,False,True
1926,l2Book,1784011256082,False,False,not_evaluated,missing_same_side_strict_through_support;missing_recent_same_side_at_or_through_throughput,,0.5,False,True
1927,trades,1784011256419,False,False,not_evaluated,missing_same_side_strict_through_support;missing_recent_same_side_at_or_through_throughput,,0.5,False,True
1928,l2Book,1784011256620,False,False,not_evaluated,missing_same_side_strict_through_support;missing_recent_same_side_at_or_through_throughput,,0.5,False,True
1929,trades,1784011257025,False,False,not_evaluated,missing_same_side_strict_through_support;missing_recent_same_side_at_or_through_throughput,,0.5,False,True
1930,l2Book,1784011257153,False,False,not_evaluated,missing_same_side_strict_through_support;missing_recent_same_side_at_or_through_throughput,,0.5,False,True
1931,trades,1784011257630,False,False,not_evaluated,missing_same_side_strict_through_support,,0.5,False,True
1932,l2Book,1784011257697,False,False,not_evaluated,missing_same_side_strict_through_support,,0.5,False,True
1933,trades,1784011258033,False,False,not_evaluated,missing_same_side_strict_through_support,,0.5,False,True
1934,trades,1784011258166,False,False,not_evaluated,missing_same_side_strict_through_support,,0.5,False,True
1935,l2Book,1784011258232,False,False,not_evaluated,missing_touch_freshness_or_queue_reset_evidence,,0.5,False,True
1936,trades,1784011258299,False,False,not_evaluated,missing_touch_freshness_or_queue_reset_evidence,,0.5,False,True
1937,l2Book,1784011258770,False,False,not_evaluated,missing_touch_freshness_or_queue_reset_evidence,,0.5,False,True
1938,l2Book,1784011259310,False,False,not_evaluated,outside_quality_a_b_queue_bands,,0.5,False,True
1939,trades,1784011259512,False,False,not_evaluated,outside_quality_a_b_queue_bands,,0.5,False,True
1940,l2Book,1784011259847,False,False,not_evaluated,outside_quality_a_b_queue_bands,,0.5,False,True
1941,trades,1784011259984,False,False,not_evaluated,outside_quality_a_b_queue_bands,,0.5,False,True
1942,trades,1784011260252,False,False,not_evaluated,outside_quality_a_b_queue_bands,,0.5,False,True
1943,l2Book,1784011260387,False,False,not_evaluated,outside_quality_a_b_queue_bands,,0.5,False,True
1944,trades,1784011260789,False,False,not_evaluated,missing_same_side_strict_through_support,,0.5,False,True
1945,l2Book,1784011260925,False,False,not_evaluated,missing_same_side_strict_through_support,,0.5,False,True
1946,l2Book,1784011261459,False,False,not_evaluated,missing_same_side_strict_through_support,,0.5,False,True
1947,l2Book,1784011261998,False,False,not_evaluated,missing_same_side_strict_through_support,,0.5,False,True
1948,trades,1784011262067,False,False,not_evaluated,missing_same_side_strict_through_support,,0.5,False,True
1949,trades,1784011262330,False,False,not_evaluated,missing_same_side_strict_through_support,,0.5,False,True
1950,l2Book,1784011262532,False,False,not_evaluated,missing_same_side_strict_through_support,,0.5,False,True
1951,l2Book,1784011263082,False,False,not_evaluated,missing_same_side_strict_through_support,,0.5,False,True
1952,trades,1784011263436,False,False,not_evaluated,missing_same_side_strict_through_support,,0.5,False,True
1953,l2Book,1784011263648,False,False,not_evaluated,missing_same_side_strict_through_support,,0.5,False,True
1954,l2Book,1784011264184,False,False,not_evaluated,missing_same_side_strict_through_support,,0.5,False,True
1955,trades,1784011264317,False,False,not_evaluated,missing_same_side_strict_through_support,,0.5,False,True
1956,trades,1784011264584,False,False,not_evaluated,missing_same_side_strict_through_support,,0.5,False,True
1957,l2Book,1784011264718,False,False,not_evaluated,missing_touch_freshness_or_queue_reset_evidence,,0.5,False,True
1958,l2Book,1784011265255,False,False,not_evaluated,missing_same_side_strict_through_support;missing_recent_same_side_at_or_through_throughput,,0.5,False,True
1959,l2Book,1784011265797,False,False,not_evaluated,missing_same_side_strict_through_support;missing_recent_same_side_at_or_through_throughput,,0.5,False,True
1960,trades,1784011265864,False,False,not_evaluated,missing_same_side_strict_through_support,,0.5,False,True
1961,l2Book,1784011266348,False,False,not_evaluated,missing_same_side_strict_through_support,,0.5,False,True
1962,trades,1784011266348,False,False,not_evaluated,missing_same_side_strict_through_support,,0.5,False,True
1963,trades,1784011266481,False,False,not_evaluated,missing_same_side_strict_through_support,,0.5,False,True
1964,l2Book,1784011266885,False,False,not_evaluated,missing_same_side_strict_through_support,,0.5,False,True
1965,trades,1784011267154,False,False,not_evaluated,missing_same_side_strict_through_support,,0.5,False,True
1966,trades,1784011267356,False,False,not_evaluated,missing_same_side_strict_through_support,,0.5,False,True
1967,l2Book,1784011267423,False,False,not_evaluated,missing_same_side_strict_through_support,,0.5,False,True
1968,l2Book,1784011267960,False,False,not_evaluated,missing_same_side_strict_through_support,,0.5,False,True
1969,trades,1784011268026,False,False,not_evaluated,missing_same_side_strict_through_support,,0.5,False,True
1970,trades,1784011268226,False,False,not_evaluated,missing_same_side_strict_through_support,,0.5,False,True
1971,l2Book,1784011268494,False,False,not_evaluated,missing_same_side_strict_through_support,,0.5,False,True
1972,trades,1784011268631,False,False,not_evaluated,missing_same_side_strict_through_support,,0.5,False,True
1973,l2Book,1784011269030,False,False,not_evaluated,missing_same_side_strict_through_support,,0.5,False,True
1974,trades,1784011269164,False,False,not_evaluated,missing_same_side_strict_through_support,,0.5,False,True
1975,l2Book,1784011269573,False,False,not_evaluated,missing_same_side_strict_through_support,,0.5,False,True
1976,l2Book,1784011270175,False,False,not_evaluated,missing_same_side_strict_through_support,,0.5,False,True
1977,l2Book,1784011270781,False,False,not_evaluated,missing_same_side_strict_through_support,,0.5,False,True
1978,trades,1784011270781,False,False,not_evaluated,missing_same_side_strict_through_support,,0.5,False,True
1979,trades,1784011270982,False,False,not_evaluated,missing_same_side_strict_through_support,,0.5,False,True
1980,trades,1784011271183,False,False,not_evaluated,missing_same_side_strict_through_support;missing_recent_same_side_at_or_through_throughput,,0.5,False,True
1981,l2Book,1784011271385,False,False,not_evaluated,missing_same_side_strict_through_support;missing_recent_same_side_at_or_through_throughput,,0.5,False,True
1982,trades,1784011271860,False,False,not_evaluated,missing_same_side_strict_through_support,,0.5,False,True
1983,l2Book,1784011271928,False,False,not_evaluated,missing_same_side_strict_through_support,,0.5,False,True
1984,trades,1784011271928,False,False,not_evaluated,missing_same_side_strict_through_support,,0.5,False,True
1985,trades,1784011272328,False,False,not_evaluated,missing_same_side_strict_through_support,,0.5,False,True
1986,l2Book,1784011272440,False,False,not_evaluated,missing_same_side_strict_through_support,,0.5,False,True
1987,trades,1784011272792,False,False,not_evaluated,missing_same_side_strict_through_support,,0.5,False,True
1988,l2Book,1784011272994,False,False,not_evaluated,missing_same_side_strict_through_support,,0.5,False,True
1989,l2Book,1784011273542,False,False,not_evaluated,missing_same_side_strict_through_support,,0.5,False,True
1990,trades,1784011273998,False,False,not_evaluated,missing_same_side_strict_through_support,,0.5,False,True
1991,l2Book,1784011274056,False,False,not_evaluated,missing_same_side_strict_through_support,,0.5,False,True
1992,trades,1784011274056,False,False,not_evaluated,missing_same_side_strict_through_support,,0.5,False,True
1993,trades,1784011274258,False,False,not_evaluated,missing_same_side_strict_through_support,,0.5,False,True
1994,l2Book,1784011274601,False,False,not_evaluated,missing_same_side_strict_through_support,,0.5,False,True
1995,trades,1784011275004,False,False,not_evaluated,missing_same_side_strict_through_support,,0.5,False,True
1996,l2Book,1784011275150,False,False,not_evaluated,missing_same_side_strict_through_support,,0.5,False,True
1997,l2Book,1784011275675,False,False,not_evaluated,missing_same_side_strict_through_support,,0.5,False,True
1998,l2Book,1784011276212,False,False,not_evaluated,missing_same_side_strict_through_support,,0.5,False,True
1999,l2Book,1784011276766,False,False,not_evaluated,missing_same_side_strict_through_support,,0.5,False,True
2000,l2Book,1784011277295,False,False,not_evaluated,missing_same_side_strict_through_support;missing_recent_same_side_at_or_through_throughput,,0.5,False,True
2001,trades,1784011277295,False,False,not_evaluated,missing_same_side_strict_through_support;missing_recent_same_side_at_or_through_throughput,,0.5,False,True
2002,trades,1784011277437,False,False,not_evaluated,missing_same_side_strict_through_support;missing_recent_same_side_at_or_through_throughput,,0.5,False,True
2003,l2Book,1784011277839,False,False,not_evaluated,missing_same_side_strict_through_support;missing_recent_same_side_at_or_through_throughput,,0.5,False,True
2004,trades,1784011278081,False,False,not_evaluated,missing_same_side_strict_through_support;missing_recent_same_side_at_or_through_throughput,,0.5,False,True
2005,l2Book,1784011278377,False,False,not_evaluated,missing_same_side_strict_through_support;missing_recent_same_side_at_or_through_throughput,,0.5,False,True
2006,trades,1784011278377,False,False,not_evaluated,missing_same_side_strict_through_support;missing_recent_same_side_at_or_through_throughput,,0.5,False,True
2007,trades,1784011278783,False,False,not_evaluated,missing_same_side_strict_through_support;missing_recent_same_side_at_or_through_throughput,,0.5,False,True
2008,l2Book,1784011278912,False,False,not_evaluated,missing_same_side_strict_through_support;missing_recent_same_side_at_or_through_throughput,,0.5,False,True
2009,trades,1784011278985,False,False,not_evaluated,missing_same_side_strict_through_support,,0.5,False,True
2010,l2Book,1784011279460,False,False,not_evaluated,missing_same_side_strict_through_support,,0.5,False,True
2011,l2Book,1784011279995,False,False,not_evaluated,missing_same_side_strict_through_support,,0.5,False,True
2012,trades,1784011280262,False,False,not_evaluated,missing_same_side_strict_through_support,,0.5,False,True
2013,l2Book,1784011280600,False,False,not_evaluated,missing_same_side_strict_through_support,,0.5,False,True
2014,trades,1784011280935,False,False,not_evaluated,missing_same_side_strict_through_support,,0.5,False,True
2015,trades,1784011281001,False,False,not_evaluated,missing_same_side_strict_through_support,,0.5,False,True
2016,l2Book,1784011281137,False,False,not_evaluated,missing_same_side_strict_through_support,,0.5,False,True
2017,trades,1784011281199,False,False,not_evaluated,missing_same_side_strict_through_support,,0.5,False,True
2018,l2Book,1784011281674,False,False,not_evaluated,missing_same_side_strict_through_support,,0.5,False,True
2019,trades,1784011282010,False,False,not_evaluated,missing_same_side_strict_through_support,,0.5,False,True
2020,l2Book,1784011282209,False,False,not_evaluated,missing_same_side_strict_through_support,,0.5,False,True
2021,l2Book,1784011282745,False,False,not_evaluated,missing_same_side_strict_through_support,,0.5,False,True
2022,l2Book,1784011283265,False,False,not_evaluated,missing_same_side_strict_through_support,,0.5,False,True
2023,l2Book,1784011283818,False,False,not_evaluated,missing_same_side_strict_through_support,,0.5,False,True
2024,trades,1784011283951,False,False,not_evaluated,missing_same_side_strict_through_support,,0.5,False,True
2025,l2Book,1784011284354,False,False,not_evaluated,missing_same_side_strict_through_support;missing_recent_same_side_at_or_through_throughput,,0.5,False,True
2026,trades,1784011284559,False,False,not_evaluated,missing_same_side_strict_through_support;missing_recent_same_side_at_or_through_throughput,,0.5,False,True
2027,l2Book,1784011284887,False,False,not_evaluated,missing_same_side_strict_through_support;missing_recent_same_side_at_or_through_throughput,,0.5,False,True
2028,l2Book,1784011285441,False,False,not_evaluated,missing_same_side_strict_through_support;missing_recent_same_side_at_or_through_throughput,,0.5,False,True
2029,l2Book,1784011285974,False,False,not_evaluated,missing_same_side_strict_through_support;missing_recent_same_side_at_or_through_throughput,,0.5,False,True
2030,l2Book,1784011286506,False,False,not_evaluated,missing_same_side_strict_through_support;missing_recent_same_side_at_or_through_throughput,,0.5,False,True
2031,l2Book,1784011287046,False,False,not_evaluated,missing_same_side_strict_through_support;missing_recent_same_side_at_or_through_throughput,,0.5,False,True
2032,trades,1784011287046,False,False,not_evaluated,missing_same_side_strict_through_support;missing_recent_same_side_at_or_through_throughput,,0.5,False,True
2033,l2Book,1784011287582,False,False,not_evaluated,missing_same_side_strict_through_support;missing_recent_same_side_at_or_through_throughput,,0.5,False,True
2034,trades,1784011288054,False,False,not_evaluated,missing_same_side_strict_through_support;missing_recent_same_side_at_or_through_throughput,,0.5,False,True
2035,l2Book,1784011288120,False,False,not_evaluated,missing_same_side_strict_through_support;missing_recent_same_side_at_or_through_throughput,,0.5,False,True
2036,l2Book,1784011288656,False,False,not_evaluated,missing_same_side_strict_through_support;missing_recent_same_side_at_or_through_throughput,,0.5,False,True
2037,trades,1784011288991,False,False,not_evaluated,missing_same_side_strict_through_support;missing_recent_same_side_at_or_through_throughput,,0.5,False,True
2038,trades,1784011289060,False,False,not_evaluated,missing_same_side_strict_through_support,,0.5,False,True
2039,l2Book,1784011289194,False,False,not_evaluated,missing_same_side_strict_through_support,,0.5,False,True
2040,trades,1784011289528,False,False,not_evaluated,missing_same_side_strict_through_support,,0.5,False,True
2041,l2Book,1784011289732,False,False,not_evaluated,missing_same_side_strict_through_support,,0.5,False,True
2042,l2Book,1784011290250,False,False,not_evaluated,missing_same_side_strict_through_support,,0.5,False,True
2043,trades,1784011290604,False,False,not_evaluated,missing_same_side_strict_through_support,,0.5,False,True
2044,l2Book,1784011290803,False,False,not_evaluated,missing_same_side_strict_through_support,,0.5,False,True
2045,trades,1784011290937,False,False,not_evaluated,missing_same_side_strict_through_support,,0.5,False,True
2046,l2Book,1784011291345,False,False,not_evaluated,missing_same_side_strict_through_support,,0.5,False,True
2047,trades,1784011291747,False,False,not_evaluated,missing_same_side_strict_through_support,,0.5,False,True
2048,l2Book,1784011291864,False,False,not_evaluated,missing_same_side_strict_through_support,,0.5,False,True
2049,trades,1784011292015,False,False,not_evaluated,missing_same_side_strict_through_support,,0.5,False,True
2050,l2Book,1784011292417,False,False,not_evaluated,missing_same_side_strict_through_support,,0.5,False,True
2051,l2Book,1784011292953,False,False,not_evaluated,missing_same_side_strict_through_support,,0.5,False,True
2052,l2Book,1784011293490,False,False,not_evaluated,missing_same_side_strict_through_support,,0.5,False,True
2053,l2Book,1784011294026,False,False,not_evaluated,missing_same_side_strict_through_support,,0.5,False,True
2054,l2Book,1784011294562,False,False,not_evaluated,missing_touch_freshness_or_queue_reset_evidence,,0.5,False,True
2055,l2Book,1784011295104,False,False,not_evaluated,missing_same_side_strict_through_support;missing_recent_same_side_at_or_through_throughput,,0.5,False,True
2056,l2Book,1784011295644,False,False,not_evaluated,missing_same_side_strict_through_support;missing_recent_same_side_at_or_through_throughput,,0.5,False,True
2057,l2Book,1784011296148,False,False,not_evaluated,missing_same_side_strict_through_support;missing_recent_same_side_at_or_through_throughput,,0.5,False,True
2058,trades,1784011296148,False,False,not_evaluated,missing_same_side_strict_through_support;missing_recent_same_side_at_or_through_throughput,,0.5,False,True
2059,trades,1784011296381,False,False,not_evaluated,missing_same_side_strict_through_support;missing_recent_same_side_at_or_through_throughput,,0.5,False,True
2060,l2Book,1784011296651,False,False,not_evaluated,missing_same_side_strict_through_support;missing_recent_same_side_at_or_through_throughput,,0.5,False,True
2061,trades,1784011296916,False,False,not_evaluated,missing_same_side_strict_through_support;missing_recent_same_side_at_or_through_throughput,,0.5,False,True
2062,l2Book,1784011297185,False,False,not_evaluated,missing_same_side_strict_through_support;missing_recent_same_side_at_or_through_throughput,,0.5,False,True
2063,l2Book,1784011297723,False,False,not_evaluated,missing_same_side_strict_through_support;missing_recent_same_side_at_or_through_throughput,,0.5,False,True
2064,trades,1784011298124,False,False,not_evaluated,missing_same_side_strict_through_support,,0.5,False,True
2065,l2Book,1784011298326,False,False,not_evaluated,missing_same_side_strict_through_support,,0.5,False,True
2066,l2Book,1784011298928,False,False,not_evaluated,missing_same_side_strict_through_support,,0.5,False,True
2067,l2Book,1784011299458,False,False,not_evaluated,missing_same_side_strict_through_support,,0.5,False,True
2068,l2Book,1784011300002,False,False,not_evaluated,missing_same_side_strict_through_support,,0.5,False,True
2069,l2Book,1784011300539,False,False,not_evaluated,missing_same_side_strict_through_support,,0.5,False,True
2070,trades,1784011300872,False,False,not_evaluated,missing_same_side_strict_through_support,,0.5,False,True
2071,l2Book,1784011301074,False,False,not_evaluated,missing_same_side_strict_through_support,,0.5,False,True
2072,l2Book,1784011301609,False,False,not_evaluated,missing_same_side_strict_through_support;missing_recent_same_side_at_or_through_throughput,,0.5,False,True
2073,l2Book,1784011302145,False,False,not_evaluated,missing_same_side_strict_through_support;missing_recent_same_side_at_or_through_throughput,,0.5,False,True
2074,trades,1784011302279,False,False,not_evaluated,missing_same_side_strict_through_support;missing_recent_same_side_at_or_through_throughput,,0.5,False,True
2075,l2Book,1784011302682,False,False,not_evaluated,missing_same_side_strict_through_support;missing_recent_same_side_at_or_through_throughput,,0.5,False,True
2076,trades,1784011303088,False,False,not_evaluated,missing_same_side_strict_through_support;missing_recent_same_side_at_or_through_throughput,,0.5,False,True
2077,l2Book,1784011303207,False,False,not_evaluated,missing_same_side_strict_through_support;missing_recent_same_side_at_or_through_throughput,,0.5,False,True
2078,l2Book,1784011303755,False,False,not_evaluated,missing_same_side_strict_through_support;missing_recent_same_side_at_or_through_throughput,,0.5,False,True
2079,l2Book,1784011304295,False,False,not_evaluated,missing_same_side_strict_through_support;missing_recent_same_side_at_or_through_throughput,,0.5,False,True
2080,l2Book,1784011304821,False,False,not_evaluated,missing_same_side_strict_through_support;missing_recent_same_side_at_or_through_throughput,,0.5,False,True
2081,trades,1784011305023,False,False,not_evaluated,missing_same_side_strict_through_support;missing_recent_same_side_at_or_through_throughput,,0.5,False,True
2082,l2Book,1784011305367,False,False,not_evaluated,missing_same_side_strict_through_support;missing_recent_same_side_at_or_through_throughput,,0.5,False,True
2083,trades,1784011305569,False,False,not_evaluated,missing_same_side_strict_through_support;missing_recent_same_side_at_or_through_throughput,,0.5,False,True
2084,l2Book,1784011305904,False,False,not_evaluated,missing_same_side_strict_through_support;missing_recent_same_side_at_or_through_throughput,,0.5,False,True
2085,l2Book,1784011306442,False,False,not_evaluated,missing_same_side_strict_through_support;missing_recent_same_side_at_or_through_throughput,,0.5,False,True
2086,l2Book,1784011306977,False,False,not_evaluated,missing_same_side_strict_through_support;missing_recent_same_side_at_or_through_throughput,,0.5,False,True
2087,l2Book,1784011307515,False,False,not_evaluated,missing_same_side_strict_through_support;missing_recent_same_side_at_or_through_throughput,,0.5,False,True
2088,l2Book,1784011308115,False,False,not_evaluated,missing_same_side_strict_through_support;missing_recent_same_side_at_or_through_throughput,,0.5,False,True
2089,l2Book,1784011308600,False,False,not_evaluated,missing_same_side_strict_through_support;missing_recent_same_side_at_or_through_throughput,,0.5,False,True
2090,l2Book,1784011309142,False,False,not_evaluated,missing_same_side_strict_through_support;missing_recent_same_side_at_or_through_throughput,,0.5,False,True
2091,l2Book,1784011309679,False,False,not_evaluated,missing_same_side_strict_through_support;missing_recent_same_side_at_or_through_throughput,,0.5,False,True
2092,l2Book,1784011310211,False,False,not_evaluated,missing_same_side_strict_through_support;missing_recent_same_side_at_or_through_throughput,,0.5,False,True
2093,l2Book,1784011310754,False,False,not_evaluated,missing_same_side_strict_through_support;missing_recent_same_side_at_or_through_throughput,,0.5,False,True
2094,trades,1784011311015,False,False,not_evaluated,missing_same_side_strict_through_support,,0.5,False,True
2095,l2Book,1784011311292,False,False,not_evaluated,missing_same_side_strict_through_support,,0.5,False,True
2096,trades,1784011311361,False,False,not_evaluated,missing_same_side_strict_through_support,,0.5,False,True
2097,l2Book,1784011311821,False,False,not_evaluated,missing_same_side_strict_through_support,,0.5,False,True
2098,trades,1784011311966,False,False,not_evaluated,missing_same_side_strict_through_support,,0.5,False,True
2099,trades,1784011312302,False,False,not_evaluated,missing_same_side_strict_through_support,,0.5,False,True
2100,l2Book,1784011312367,False,False,not_evaluated,missing_same_side_strict_through_support,,0.5,False,True
2101,l2Book,1784011312904,False,False,not_evaluated,missing_same_side_strict_through_support,,0.5,False,True
2102,l2Book,1784011313508,False,False,not_evaluated,missing_same_side_strict_through_support,,0.5,False,True
2103,trades,1784011313574,False,False,not_evaluated,missing_same_side_strict_through_support,,0.5,False,True
2104,trades,1784011313709,False,False,not_evaluated,missing_same_side_strict_through_support,,0.5,False,True
2105,l2Book,1784011314114,False,False,not_evaluated,missing_touch_freshness_or_queue_reset_evidence,,0.5,False,True
2106,trades,1784011314529,False,False,not_evaluated,outside_quality_a_b_queue_bands,,0.5,False,True
2107,l2Book,1784011314658,False,False,not_evaluated,outside_quality_a_b_queue_bands,,0.5,False,True
2108,l2Book,1784011315205,False,False,not_evaluated,outside_quality_a_b_queue_bands,,0.5,False,True
2109,l2Book,1784011315829,False,False,not_evaluated,outside_quality_a_b_queue_bands,,0.5,False,True
2110,trades,1784011316232,False,False,not_evaluated,outside_quality_a_b_queue_bands,,0.5,False,True
2111,l2Book,1784011316412,False,False,not_evaluated,outside_quality_a_b_queue_bands,,0.5,False,True
2112,trades,1784011316701,False,False,not_evaluated,outside_quality_a_b_queue_bands,,0.5,False,True
2113,l2Book,1784011316964,False,False,not_evaluated,missing_same_side_strict_through_support,,0.5,False,True
2114,trades,1784011317036,False,False,not_evaluated,missing_same_side_strict_through_support,,0.5,False,True
2115,trades,1784011317102,False,False,not_evaluated,missing_same_side_strict_through_support,,0.5,False,True
2116,trades,1784011317236,False,False,not_evaluated,missing_same_side_strict_through_support,,0.5,False,True
2117,l2Book,1784011317521,False,False,not_evaluated,missing_same_side_strict_through_support,,0.5,False,True
2118,trades,1784011317924,False,False,not_evaluated,missing_same_side_strict_through_support,,0.5,False,True
2119,l2Book,1784011318057,False,False,not_evaluated,missing_same_side_strict_through_support,,0.5,False,True
2120,trades,1784011318057,False,False,not_evaluated,missing_same_side_strict_through_support,,0.5,False,True
2121,l2Book,1784011318661,False,False,not_evaluated,missing_same_side_strict_through_support,,0.5,False,True
2122,trades,1784011319062,False,False,not_evaluated,missing_same_side_strict_through_support,,0.5,False,True
2123,l2Book,1784011319263,False,False,not_evaluated,missing_same_side_strict_through_support,,0.5,False,True
2124,l2Book,1784011319867,False,False,not_evaluated,missing_same_side_strict_through_support,,0.5,False,True
2125,l2Book,1784011320472,False,False,not_evaluated,missing_same_side_strict_through_support;missing_touch_freshness_or_queue_reset_evidence;missing_recent_same_side_at_or_through_throughput,,0.5,False,True
2126,trades,1784011320563,False,False,not_evaluated,missing_same_side_strict_through_support;missing_touch_freshness_or_queue_reset_evidence,,0.5,False,True
2127,l2Book,1784011321074,False,False,not_evaluated,missing_same_side_strict_through_support,,0.5,False,True
2128,l2Book,1784011321705,False,False,not_evaluated,missing_same_side_strict_through_support;missing_touch_freshness_or_queue_reset_evidence,,0.5,False,True
2129,trades,1784011321705,False,False,not_evaluated,missing_same_side_strict_through_support;missing_touch_freshness_or_queue_reset_evidence,,0.5,False,True
2130,trades,1784011322111,False,False,not_evaluated,missing_same_side_strict_through_support,,0.5,False,True
2131,l2Book,1784011322297,False,False,not_evaluated,missing_touch_freshness_or_queue_reset_evidence,,0.5,False,True
2132,l2Book,1784011322797,False,False,not_evaluated,outside_quality_a_b_queue_bands,,0.5,False,True
2133,l2Book,1784011323302,False,False,not_evaluated,outside_quality_a_b_queue_bands,,0.5,False,True
2134,l2Book,1784011323815,False,False,not_evaluated,missing_touch_freshness_or_queue_reset_evidence,,0.5,False,True
2135,trades,1784011323815,False,False,not_evaluated,missing_touch_freshness_or_queue_reset_evidence,,0.5,False,True
2136,trades,1784011324284,False,False,not_evaluated,outside_quality_a_b_queue_bands,,0.5,False,True
2137,l2Book,1784011324341,False,False,not_evaluated,outside_quality_a_b_queue_bands,,0.5,False,True
2138,l2Book,1784011324887,False,False,not_evaluated,outside_quality_a_b_queue_bands,,0.5,False,True
2139,l2Book,1784011325429,False,False,not_evaluated,missing_same_side_strict_through_support;missing_touch_freshness_or_queue_reset_evidence;missing_recent_same_side_at_or_through_throughput,,0.5,False,True
2140,l2Book,1784011325962,False,False,not_evaluated,missing_same_side_strict_through_support;missing_recent_same_side_at_or_through_throughput,,0.5,False,True
2141,l2Book,1784011326502,False,False,not_evaluated,missing_same_side_strict_through_support;missing_recent_same_side_at_or_through_throughput,,0.5,False,True
2142,trades,1784011326635,False,False,not_evaluated,missing_same_side_strict_through_support,,0.5,False,True
2143,l2Book,1784011327036,False,False,not_evaluated,missing_same_side_strict_through_support,,0.5,False,True
2144,l2Book,1784011327575,False,False,not_evaluated,missing_same_side_strict_through_support,,0.5,False,True
2145,trades,1784011328043,False,False,not_evaluated,missing_same_side_strict_through_support,,0.5,False,True
2146,l2Book,1784011328178,False,False,not_evaluated,missing_same_side_strict_through_support,,0.5,False,True
2147,trades,1784011328649,False,False,not_evaluated,missing_same_side_strict_through_support,,0.5,False,True
2148,l2Book,1784011328783,False,False,not_evaluated,missing_same_side_strict_through_support;missing_touch_freshness_or_queue_reset_evidence,,0.5,False,True
2149,trades,1784011328991,False,False,not_evaluated,missing_same_side_strict_through_support;missing_touch_freshness_or_queue_reset_evidence,,0.5,False,True
2150,l2Book,1784011329307,False,False,not_evaluated,missing_touch_freshness_or_queue_reset_evidence,,0.5,False,True
2151,trades,1784011329459,False,False,not_evaluated,missing_touch_freshness_or_queue_reset_evidence,,0.5,False,True
2152,trades,1784011329654,False,False,not_evaluated,outside_quality_a_b_queue_bands,,0.5,False,True
2153,l2Book,1784011329856,False,False,not_evaluated,outside_quality_a_b_queue_bands,,0.5,False,True
2154,l2Book,1784011330396,False,False,not_evaluated,outside_quality_a_b_queue_bands,,0.5,False,True
2155,trades,1784011330795,False,False,not_evaluated,outside_quality_a_b_queue_bands,,0.5,False,True
2156,l2Book,1784011330929,False,False,not_evaluated,missing_touch_freshness_or_queue_reset_evidence,,0.5,False,True
2157,trades,1784011331064,False,False,not_evaluated,missing_same_side_strict_through_support;missing_touch_freshness_or_queue_reset_evidence,,0.5,False,True
2158,l2Book,1784011331469,False,False,not_evaluated,missing_same_side_strict_through_support,,0.5,False,True
2159,trades,1784011331804,False,False,not_evaluated,missing_same_side_strict_through_support,,0.5,False,True
2160,l2Book,1784011332071,False,False,not_evaluated,missing_same_side_strict_through_support,,0.5,False,True
2161,l2Book,1784011332548,False,False,not_evaluated,missing_same_side_strict_through_support,,0.5,False,True
2162,trades,1784011332621,False,False,not_evaluated,missing_same_side_strict_through_support,,0.5,False,True
2163,l2Book,1784011333091,False,False,not_evaluated,missing_same_side_strict_through_support,,0.5,False,True
2164,l2Book,1784011333627,False,False,not_evaluated,missing_same_side_strict_through_support,,0.5,False,True
2165,l2Book,1784011334165,False,False,not_evaluated,missing_same_side_strict_through_support;missing_recent_same_side_at_or_through_throughput,,0.5,False,True
2166,l2Book,1784011334709,False,False,not_evaluated,missing_same_side_strict_through_support;missing_recent_same_side_at_or_through_throughput,,0.5,False,True
2167,trades,1784011335041,False,False,not_evaluated,missing_same_side_strict_through_support;missing_recent_same_side_at_or_through_throughput,,0.5,False,True
2168,l2Book,1784011335237,False,False,not_evaluated,missing_same_side_strict_through_support;missing_recent_same_side_at_or_through_throughput,,0.5,False,True
2169,trades,1784011335715,False,False,not_evaluated,missing_same_side_strict_through_support;missing_recent_same_side_at_or_through_throughput,,0.5,False,True
2170,l2Book,1784011335781,False,False,not_evaluated,missing_same_side_strict_through_support;missing_recent_same_side_at_or_through_throughput,,0.5,False,True
2171,trades,1784011336117,False,False,not_evaluated,missing_same_side_strict_through_support;missing_recent_same_side_at_or_through_throughput,,0.5,False,True
2172,l2Book,1784011336318,False,False,not_evaluated,missing_same_side_strict_through_support;missing_recent_same_side_at_or_through_throughput,,0.5,False,True
2173,l2Book,1784011336857,False,False,not_evaluated,missing_same_side_strict_through_support;missing_recent_same_side_at_or_through_throughput,,0.5,False,True
2174,l2Book,1784011337375,False,False,not_evaluated,missing_same_side_strict_through_support;missing_recent_same_side_at_or_through_throughput,,0.5,False,True
2175,l2Book,1784011337966,False,False,not_evaluated,missing_same_side_strict_through_support;missing_recent_same_side_at_or_through_throughput,,0.5,False,True
2176,l2Book,1784011338516,False,False,not_evaluated,missing_same_side_strict_through_support;missing_recent_same_side_at_or_through_throughput,,0.5,False,True
2177,l2Book,1784011339023,False,False,not_evaluated,missing_same_side_strict_through_support;missing_recent_same_side_at_or_through_throughput,,0.5,False,True
2178,l2Book,1784011339528,False,False,not_evaluated,missing_same_side_strict_through_support;missing_recent_same_side_at_or_through_throughput,,0.5,False,True
2179,l2Book,1784011340076,False,False,not_evaluated,missing_same_side_strict_through_support;missing_recent_same_side_at_or_through_throughput,,0.5,False,True
2180,l2Book,1784011340613,False,False,not_evaluated,missing_same_side_strict_through_support;missing_recent_same_side_at_or_through_throughput,,0.5,False,True
2181,trades,1784011341050,False,False,not_evaluated,missing_same_side_strict_through_support,,0.5,False,True
2182,l2Book,1784011341145,False,False,not_evaluated,missing_same_side_strict_through_support,,0.5,False,True
2183,trades,1784011341423,False,False,not_evaluated,missing_same_side_strict_through_support,,0.5,False,True
2184,l2Book,1784011341691,False,False,not_evaluated,missing_same_side_strict_through_support,,0.5,False,True
2185,trades,1784011341827,False,False,not_evaluated,missing_same_side_strict_through_support,,0.5,False,True
2186,l2Book,1784011342228,False,False,not_evaluated,missing_same_side_strict_through_support,,0.5,False,True
2187,l2Book,1784011342763,False,False,not_evaluated,missing_same_side_strict_through_support,,0.5,False,True
2188,l2Book,1784011343300,False,False,not_evaluated,missing_same_side_strict_through_support,,0.5,False,True
2189,l2Book,1784011343837,False,False,not_evaluated,missing_same_side_strict_through_support,,0.5,False,True
2190,l2Book,1784011344382,False,False,not_evaluated,missing_same_side_strict_through_support;missing_recent_same_side_at_or_through_throughput,,0.5,False,True
2191,l2Book,1784011344919,False,False,not_evaluated,missing_same_side_strict_through_support;missing_recent_same_side_at_or_through_throughput,,0.5,False,True
2192,trades,1784011344985,False,False,not_evaluated,missing_same_side_strict_through_support;missing_recent_same_side_at_or_through_throughput,,0.5,False,True
2193,trades,1784011345256,False,False,not_evaluated,missing_same_side_strict_through_support;missing_recent_same_side_at_or_through_throughput,,0.5,False,True
2194,l2Book,1784011345446,False,False,not_evaluated,missing_same_side_strict_through_support;missing_recent_same_side_at_or_through_throughput,,0.5,False,True
2195,l2Book,1784011345992,False,False,not_evaluated,missing_same_side_strict_through_support;missing_recent_same_side_at_or_through_throughput,,0.5,False,True
2196,l2Book,1784011346509,False,False,not_evaluated,missing_same_side_strict_through_support;missing_recent_same_side_at_or_through_throughput,,0.5,False,True
2197,trades,1784011347002,False,False,not_evaluated,missing_same_side_strict_through_support;missing_recent_same_side_at_or_through_throughput,,0.5,False,True
2198,l2Book,1784011347066,False,False,not_evaluated,missing_same_side_strict_through_support;missing_recent_same_side_at_or_through_throughput,,0.5,False,True
2199,l2Book,1784011347606,False,False,not_evaluated,missing_same_side_strict_through_support;missing_recent_same_side_at_or_through_throughput,,0.5,False,True
2200,trades,1784011348004,False,False,not_evaluated,missing_same_side_strict_through_support;missing_recent_same_side_at_or_through_throughput,,0.5,False,True
2201,l2Book,1784011348209,False,False,not_evaluated,missing_same_side_strict_through_support;missing_recent_same_side_at_or_through_throughput,,0.5,False,True
2202,l2Book,1784011348818,False,False,not_evaluated,missing_same_side_strict_through_support;missing_recent_same_side_at_or_through_throughput,,0.5,False,True
2203,trades,1784011349020,False,False,not_evaluated,missing_same_side_strict_through_support;missing_recent_same_side_at_or_through_throughput,,0.5,False,True
2204,trades,1784011349087,False,False,not_evaluated,missing_same_side_strict_through_support;missing_recent_same_side_at_or_through_throughput,,0.5,False,True
2205,l2Book,1784011349423,False,False,not_evaluated,missing_same_side_strict_through_support;missing_recent_same_side_at_or_through_throughput,,0.5,False,True
2206,trades,1784011349423,False,False,not_evaluated,missing_same_side_strict_through_support,,0.5,False,True
2207,l2Book,1784011349951,False,False,not_evaluated,missing_same_side_strict_through_support,,0.5,False,True
2208,l2Book,1784011350491,False,False,not_evaluated,missing_same_side_strict_through_support,,0.5,False,True
2209,l2Book,1784011351094,False,False,not_evaluated,missing_same_side_strict_through_support,,0.5,False,True
2210,l2Book,1784011351571,False,False,not_evaluated,missing_same_side_strict_through_support,,0.5,False,True
2211,trades,1784011352047,False,False,not_evaluated,missing_same_side_strict_through_support,,0.5,False,True
2212,l2Book,1784011352107,False,False,not_evaluated,missing_same_side_strict_through_support,,0.5,False,True
2213,l2Book,1784011352650,False,False,not_evaluated,missing_same_side_strict_through_support,,0.5,False,True
2214,l2Book,1784011353191,False,False,not_evaluated,missing_same_side_strict_through_support,,0.5,False,True
2215,l2Book,1784011353716,False,False,not_evaluated,missing_same_side_strict_through_support,,0.5,False,True
2216,l2Book,1784011354258,False,False,not_evaluated,missing_same_side_strict_through_support,,0.5,False,True
2217,l2Book,1784011354797,False,False,not_evaluated,missing_same_side_strict_through_support,,0.5,False,True
2218,l2Book,1784011355319,False,False,not_evaluated,missing_same_side_strict_through_support;missing_recent_same_side_at_or_through_throughput,,0.5,False,True
2219,l2Book,1784011355867,False,False,not_evaluated,missing_same_side_strict_through_support;missing_recent_same_side_at_or_through_throughput,,0.5,False,True
2220,l2Book,1784011356412,False,False,not_evaluated,missing_same_side_strict_through_support;missing_recent_same_side_at_or_through_throughput,,0.5,False,True
2221,l2Book,1784011356926,False,False,not_evaluated,missing_same_side_strict_through_support;missing_recent_same_side_at_or_through_throughput,,0.5,False,True
2222,l2Book,1784011357477,False,False,not_evaluated,missing_same_side_strict_through_support;missing_recent_same_side_at_or_through_throughput,,0.5,False,True
2223,l2Book,1784011358021,False,False,not_evaluated,missing_same_side_strict_through_support;missing_recent_same_side_at_or_through_throughput,,0.5,False,True
2224,trades,1784011358021,False,False,not_evaluated,missing_same_side_strict_through_support,,0.5,False,True
2225,trades,1784011358081,False,False,not_evaluated,missing_same_side_strict_through_support,,0.5,False,True
2226,l2Book,1784011358550,False,False,not_evaluated,missing_same_side_strict_through_support,,0.5,False,True
2227,l2Book,1784011359087,False,False,not_evaluated,missing_same_side_strict_through_support,,0.5,False,True
2228,l2Book,1784011359635,False,False,not_evaluated,missing_same_side_strict_through_support,,0.5,False,True
2229,l2Book,1784011360168,False,False,not_evaluated,missing_same_side_strict_through_support,,0.5,False,True
2230,l2Book,1784011360695,False,False,not_evaluated,missing_same_side_strict_through_support,,0.5,False,True
2231,l2Book,1784011361246,False,False,not_evaluated,missing_same_side_strict_through_support;missing_recent_same_side_at_or_through_throughput,,0.5,False,True
2232,l2Book,1784011361781,False,False,not_evaluated,missing_same_side_strict_through_support;missing_recent_same_side_at_or_through_throughput,,0.5,False,True
2233,l2Book,1784011362303,False,False,not_evaluated,missing_same_side_strict_through_support;missing_recent_same_side_at_or_through_throughput,,0.5,False,True
2234,l2Book,1784011362850,False,False,not_evaluated,missing_same_side_strict_through_support;missing_recent_same_side_at_or_through_throughput,,0.5,False,True
2235,l2Book,1784011363404,False,False,not_evaluated,missing_same_side_strict_through_support;missing_recent_same_side_at_or_through_throughput,,0.5,False,True
2236,l2Book,1784011363940,False,False,not_evaluated,missing_same_side_strict_through_support;missing_recent_same_side_at_or_through_throughput,,0.5,False,True
2237,l2Book,1784011364476,False,False,not_evaluated,missing_same_side_strict_through_support;missing_recent_same_side_at_or_through_throughput,,0.5,False,True
2238,l2Book,1784011365013,False,False,not_evaluated,missing_same_side_strict_through_support;missing_recent_same_side_at_or_through_throughput,,0.5,False,True
2239,trades,1784011365013,False,False,not_evaluated,missing_same_side_strict_through_support;missing_recent_same_side_at_or_through_throughput,,0.5,False,True
2240,trades,1784011365080,False,False,not_evaluated,missing_same_side_strict_through_support,,0.5,False,True
2241,trades,1784011365216,False,False,not_evaluated,missing_same_side_strict_through_support,,0.5,False,True
2242,trades,1784011365430,False,False,not_evaluated,missing_same_side_strict_through_support,,0.5,False,True
2243,l2Book,1784011365564,False,False,not_evaluated,missing_same_side_strict_through_support,,0.5,False,True
2244,trades,1784011365964,False,False,not_evaluated,missing_same_side_strict_through_support,,0.5,False,True
2245,l2Book,1784011366099,False,False,not_evaluated,missing_same_side_strict_through_support,,0.5,False,True
2246,trades,1784011366582,False,False,not_evaluated,missing_same_side_strict_through_support,,0.5,False,True
2247,l2Book,1784011366719,False,False,not_evaluated,missing_same_side_strict_through_support,,0.5,False,True
2248,l2Book,1784011367251,False,False,not_evaluated,missing_same_side_strict_through_support,,0.5,False,True
2249,l2Book,1784011367790,False,False,not_evaluated,missing_same_side_strict_through_support,,0.5,False,True
2250,l2Book,1784011368326,False,False,not_evaluated,missing_same_side_strict_through_support;missing_touch_freshness_or_queue_reset_evidence;missing_recent_same_side_at_or_through_throughput,,0.5,False,True
2251,l2Book,1784011368937,False,False,not_evaluated,missing_same_side_strict_through_support;missing_touch_freshness_or_queue_reset_evidence;missing_recent_same_side_at_or_through_throughput,,0.5,False,True
2252,trades,1784011369342,False,False,not_evaluated,missing_same_side_strict_through_support,,0.5,False,True
2253,l2Book,1784011369484,False,False,not_evaluated,missing_same_side_strict_through_support;missing_touch_freshness_or_queue_reset_evidence;missing_recent_same_side_at_or_through_throughput,,0.5,False,True
2254,l2Book,1784011370082,False,False,not_evaluated,missing_same_side_strict_through_support;missing_recent_same_side_at_or_through_throughput,,0.5,False,True
2255,l2Book,1784011370548,False,False,not_evaluated,missing_same_side_strict_through_support;missing_recent_same_side_at_or_through_throughput,,0.5,False,True
2256,trades,1784011371038,False,False,not_evaluated,missing_same_side_strict_through_support,,0.5,False,True
2257,l2Book,1784011371094,False,False,not_evaluated,missing_same_side_strict_through_support,,0.5,False,True
2258,l2Book,1784011371640,False,False,not_evaluated,missing_same_side_strict_through_support,,0.5,False,True
2259,trades,1784011371959,False,False,not_evaluated,missing_same_side_strict_through_support,,0.5,False,True
2260,l2Book,1784011372158,False,False,not_evaluated,missing_same_side_strict_through_support,,0.5,False,True
2261,l2Book,1784011372712,False,False,not_evaluated,missing_same_side_strict_through_support,,0.5,False,True
2262,l2Book,1784011373219,False,False,not_evaluated,missing_same_side_strict_through_support,,0.5,False,True
2263,l2Book,1784011373719,False,False,not_evaluated,missing_same_side_strict_through_support,,0.5,False,True
2264,l2Book,1784011374223,False,False,not_evaluated,missing_same_side_strict_through_support;missing_recent_same_side_at_or_through_throughput,,0.5,False,True
2265,l2Book,1784011374774,False,False,not_evaluated,missing_same_side_strict_through_support;missing_recent_same_side_at_or_through_throughput,,0.5,False,True
2266,l2Book,1784011375328,False,False,not_evaluated,missing_same_side_strict_through_support;missing_recent_same_side_at_or_through_throughput,,0.5,False,True
2267,l2Book,1784011375932,False,False,not_evaluated,missing_same_side_strict_through_support;missing_recent_same_side_at_or_through_throughput,,0.5,False,True
2268,l2Book,1784011376534,False,False,not_evaluated,missing_same_side_strict_through_support;missing_recent_same_side_at_or_through_throughput,,0.5,False,True
2269,l2Book,1784011377064,False,False,not_evaluated,missing_same_side_strict_through_support;missing_recent_same_side_at_or_through_throughput,,0.5,False,True
2270,trades,1784011377064,False,False,not_evaluated,missing_same_side_strict_through_support;missing_recent_same_side_at_or_through_throughput,,0.5,False,True
2271,l2Book,1784011377607,False,False,not_evaluated,missing_same_side_strict_through_support;missing_recent_same_side_at_or_through_throughput,,0.5,False,True
2272,trades,1784011378011,False,False,not_evaluated,missing_same_side_strict_through_support;missing_recent_same_side_at_or_through_throughput,,0.5,False,True
2273,l2Book,1784011378144,False,False,not_evaluated,missing_same_side_strict_through_support;missing_recent_same_side_at_or_through_throughput,,0.5,False,True
2274,l2Book,1784011378681,False,False,not_evaluated,missing_same_side_strict_through_support;missing_recent_same_side_at_or_through_throughput,,0.5,False,True
2275,l2Book,1784011379195,False,False,not_evaluated,missing_same_side_strict_through_support;missing_recent_same_side_at_or_through_throughput,,0.5,False,True
2276,trades,1784011379420,False,False,not_evaluated,missing_same_side_strict_through_support;missing_recent_same_side_at_or_through_throughput,,0.5,False,True
2277,l2Book,1784011379756,False,False,not_evaluated,missing_same_side_strict_through_support;missing_recent_same_side_at_or_through_throughput,,0.5,False,True
2278,trades,1784011380090,False,False,not_evaluated,missing_same_side_strict_through_support;missing_recent_same_side_at_or_through_throughput,,0.5,False,True
2279,l2Book,1784011380294,False,False,not_evaluated,missing_same_side_strict_through_support;missing_recent_same_side_at_or_through_throughput,,0.5,False,True
2280,trades,1784011380294,False,False,not_evaluated,missing_same_side_strict_through_support;missing_recent_same_side_at_or_through_throughput,,0.5,False,True
2281,l2Book,1784011380850,False,False,not_evaluated,missing_same_side_strict_through_support;missing_recent_same_side_at_or_through_throughput,,0.5,False,True
2282,l2Book,1784011381393,False,False,not_evaluated,missing_same_side_strict_through_support;missing_recent_same_side_at_or_through_throughput,,0.5,False,True
2283,l2Book,1784011381996,False,False,not_evaluated,missing_same_side_strict_through_support;missing_touch_freshness_or_queue_reset_evidence;missing_recent_same_side_at_or_through_throughput,,0.5,False,True
2284,trades,1784011381996,False,False,not_evaluated,missing_same_side_strict_through_support;missing_touch_freshness_or_queue_reset_evidence,,0.5,False,True
2285,trades,1784011382063,False,False,not_evaluated,missing_same_side_strict_through_support;missing_touch_freshness_or_queue_reset_evidence,,0.5,False,True
2286,l2Book,1784011382600,False,False,not_evaluated,missing_same_side_strict_through_support,,0.5,False,True
2287,l2Book,1784011383135,False,False,not_evaluated,missing_same_side_strict_through_support,,0.5,False,True
2288,l2Book,1784011383682,False,False,not_evaluated,missing_same_side_strict_through_support,,0.5,False,True
2289,l2Book,1784011384220,False,False,not_evaluated,missing_same_side_strict_through_support,,0.5,False,True
2290,l2Book,1784011384825,False,False,not_evaluated,missing_same_side_strict_through_support,,0.5,False,True
2291,trades,1784011384825,False,False,not_evaluated,missing_same_side_strict_through_support,,0.5,False,True
2292,l2Book,1784011385368,False,False,not_evaluated,missing_same_side_strict_through_support,,0.5,False,True
2293,trades,1784011385632,False,False,not_evaluated,missing_same_side_strict_through_support,,0.5,False,True
2294,trades,1784011385834,False,False,not_evaluated,missing_same_side_strict_through_support,,0.5,False,True
2295,l2Book,1784011385909,False,False,not_evaluated,missing_same_side_strict_through_support,,0.5,False,True
2296,l2Book,1784011386438,False,False,not_evaluated,missing_same_side_strict_through_support,,0.5,False,True
2297,l2Book,1784011386985,False,False,not_evaluated,missing_same_side_strict_through_support,,0.5,False,True
2298,l2Book,1784011387497,False,False,not_evaluated,missing_same_side_strict_through_support,,0.5,False,True
2299,l2Book,1784011388046,False,False,not_evaluated,missing_same_side_strict_through_support,,0.5,False,True
2300,trades,1784011388046,False,False,not_evaluated,missing_same_side_strict_through_support,,0.5,False,True
2301,trades,1784011388300,False,False,not_evaluated,missing_same_side_strict_through_support,,0.5,False,True
2302,l2Book,1784011388594,False,False,not_evaluated,missing_same_side_strict_through_support,,0.5,False,True
2303,trades,1784011388594,False,False,not_evaluated,missing_same_side_strict_through_support,,0.5,False,True
2304,l2Book,1784011389109,False,False,not_evaluated,missing_same_side_strict_through_support,,0.5,False,True
2305,l2Book,1784011389680,False,False,not_evaluated,missing_same_side_strict_through_support,,0.5,False,True
2306,l2Book,1784011390211,False,False,not_evaluated,missing_same_side_strict_through_support,,0.5,False,True
2307,l2Book,1784011390729,False,False,not_evaluated,missing_same_side_strict_through_support,,0.5,False,True
2308,l2Book,1784011391264,False,False,not_evaluated,missing_same_side_strict_through_support,,0.5,False,True
2309,l2Book,1784011391817,False,False,not_evaluated,missing_same_side_strict_through_support;missing_recent_same_side_at_or_through_throughput,,0.5,False,True
2310,l2Book,1784011392319,False,False,not_evaluated,missing_same_side_strict_through_support;missing_recent_same_side_at_or_through_throughput,,0.5,False,True
2311,trades,1784011392698,False,False,not_evaluated,missing_same_side_strict_through_support,,0.5,False,True
2312,l2Book,1784011392831,False,False,not_evaluated,missing_same_side_strict_through_support,,0.5,False,True
2313,l2Book,1784011393444,False,False,not_evaluated,missing_same_side_strict_through_support,,0.5,False,True
2314,l2Book,1784011393961,False,False,not_evaluated,missing_same_side_strict_through_support,,0.5,False,True
2315,trades,1784011394306,False,False,not_evaluated,missing_same_side_strict_through_support,,0.5,False,True
2316,l2Book,1784011394522,False,False,not_evaluated,missing_same_side_strict_through_support,,0.5,False,True
2317,l2Book,1784011395061,False,False,not_evaluated,missing_same_side_strict_through_support,,0.5,False,True
2318,l2Book,1784011395585,False,False,not_evaluated,missing_same_side_strict_through_support;missing_touch_freshness_or_queue_reset_evidence,,0.5,False,True
2319,trades,1784011395585,False,False,not_evaluated,missing_same_side_strict_through_support;missing_touch_freshness_or_queue_reset_evidence,,0.5,False,True
2320,l2Book,1784011396122,False,False,not_evaluated,missing_same_side_strict_through_support;missing_touch_freshness_or_queue_reset_evidence;missing_recent_same_side_at_or_through_throughput,,0.5,False,True
2321,l2Book,1784011396658,False,False,not_evaluated,missing_same_side_strict_through_support;missing_recent_same_side_at_or_through_throughput,,0.5,False,True
2322,l2Book,1784011397195,False,False,not_evaluated,missing_same_side_strict_through_support;missing_recent_same_side_at_or_through_throughput,,0.5,False,True
2323,l2Book,1784011397715,False,False,not_evaluated,missing_same_side_strict_through_support;missing_recent_same_side_at_or_through_throughput,,0.5,False,True
2324,l2Book,1784011398269,False,False,not_evaluated,missing_same_side_strict_through_support;missing_recent_same_side_at_or_through_throughput,,0.5,False,True
2325,l2Book,1784011398807,False,False,not_evaluated,missing_same_side_strict_through_support;missing_recent_same_side_at_or_through_throughput,,0.5,False,True
2326,l2Book,1784011399327,False,False,not_evaluated,missing_same_side_strict_through_support;missing_recent_same_side_at_or_through_throughput,,0.5,False,True
2327,l2Book,1784011399880,False,False,not_evaluated,missing_same_side_strict_through_support;missing_recent_same_side_at_or_through_throughput,,0.5,False,True
2328,l2Book,1784011400417,False,False,not_evaluated,missing_same_side_strict_through_support;missing_recent_same_side_at_or_through_throughput,,0.5,False,True
2329,trades,1784011400619,False,False,not_evaluated,missing_same_side_strict_through_support;missing_recent_same_side_at_or_through_throughput,,0.5,False,True
2330,trades,1784011400685,False,False,not_evaluated,missing_same_side_strict_through_support,,0.5,False,True
2331,l2Book,1784011400948,False,False,not_evaluated,missing_same_side_strict_through_support,,0.5,False,True
2332,trades,1784011401020,False,False,not_evaluated,missing_same_side_strict_through_support,,0.5,False,True
2333,l2Book,1784011401494,False,False,not_evaluated,missing_same_side_strict_through_support,,0.5,False,True
2334,trades,1784011401692,False,False,not_evaluated,missing_same_side_strict_through_support,,0.5,False,True
2335,l2Book,1784011402030,False,False,not_evaluated,missing_same_side_strict_through_support,,0.5,False,True
2336,l2Book,1784011402566,False,False,not_evaluated,missing_same_side_strict_through_support,,0.5,False,True
2337,trades,1784011402566,False,False,not_evaluated,missing_same_side_strict_through_support,,0.5,False,True
2338,l2Book,1784011403112,False,False,not_evaluated,missing_same_side_strict_through_support,,0.5,False,True
2339,l2Book,1784011403649,False,False,not_evaluated,missing_same_side_strict_through_support,,0.5,False,True
2340,trades,1784011403851,False,False,not_evaluated,missing_same_side_strict_through_support,,0.5,False,True
2341,l2Book,1784011404189,False,False,not_evaluated,missing_same_side_strict_through_support;missing_recent_same_side_at_or_through_throughput,,0.5,False,True
2342,trades,1784011404386,True,True,fail_closed,outside_quality_a_b_queue_bands;missing_intent_limit_px;missing_or_nonpositive_intent_size;missing_quality_bucket,0.000695,0.5,False,False
2343,trades,1784011405123,False,False,not_evaluated,missing_same_side_strict_through_support,,0.5,False,True
2344,l2Book,1784011405258,False,False,not_evaluated,missing_same_side_strict_through_support,,0.5,False,True
2345,l2Book,1784011405788,False,False,not_evaluated,missing_same_side_strict_through_support,,0.5,False,True
2346,trades,1784011405938,False,False,not_evaluated,missing_same_side_strict_through_support,,0.5,False,True
2347,l2Book,1784011406330,False,False,not_evaluated,missing_same_side_strict_through_support,,0.5,False,True
2348,l2Book,1784011406888,False,False,not_evaluated,missing_same_side_strict_through_support,,0.5,False,True
2349,trades,1784011407018,False,False,not_evaluated,missing_same_side_strict_through_support,,0.5,False,True
2350,l2Book,1784011407422,False,False,not_evaluated,missing_same_side_strict_through_support;missing_recent_same_side_at_or_through_throughput,,0.5,False,True
2351,l2Book,1784011407955,False,False,not_evaluated,missing_same_side_strict_through_support;missing_recent_same_side_at_or_through_throughput,,0.5,False,True
2352,trades,1784011408028,False,False,not_evaluated,missing_same_side_strict_through_support;missing_recent_same_side_at_or_through_throughput,,0.5,False,True
2353,trades,1784011408298,False,False,not_evaluated,missing_same_side_strict_through_support;missing_recent_same_side_at_or_through_throughput,,0.5,False,True
2354,trades,1784011408432,False,False,not_evaluated,missing_same_side_strict_through_support;missing_recent_same_side_at_or_through_throughput,,0.5,False,True
2355,l2Book,1784011408500,False,False,not_evaluated,missing_same_side_strict_through_support;missing_recent_same_side_at_or_through_throughput,,0.5,False,True
2356,l2Book,1784011409036,False,False,not_evaluated,missing_same_side_strict_through_support;missing_recent_same_side_at_or_through_throughput,,0.5,False,True
2357,trades,1784011409439,False,False,not_evaluated,missing_same_side_strict_through_support;missing_recent_same_side_at_or_through_throughput,,0.5,False,True
2358,l2Book,1784011409563,False,False,not_evaluated,missing_same_side_strict_through_support;missing_recent_same_side_at_or_through_throughput,,0.5,False,True
2359,l2Book,1784011410108,False,False,not_evaluated,missing_same_side_strict_through_support;missing_recent_same_side_at_or_through_throughput,,0.5,False,True
2360,l2Book,1784011410649,False,False,not_evaluated,missing_same_side_strict_through_support;missing_recent_same_side_at_or_through_throughput,,0.5,False,True
2361,l2Book,1784011411173,False,False,not_evaluated,missing_same_side_strict_through_support;missing_recent_same_side_at_or_through_throughput,,0.5,False,True
2362,l2Book,1784011411727,False,False,not_evaluated,missing_same_side_strict_through_support;missing_recent_same_side_at_or_through_throughput,,0.5,False,True
2363,trades,1784011412061,False,False,not_evaluated,missing_same_side_strict_through_support,,0.5,False,True
2364,l2Book,1784011412262,False,False,not_evaluated,missing_same_side_strict_through_support,,0.5,False,True
2365,l2Book,1784011412785,False,False,not_evaluated,missing_same_side_strict_through_support,,0.5,False,True
2366,l2Book,1784011413338,False,False,not_evaluated,missing_same_side_strict_through_support,,0.5,False,True
2367,l2Book,1784011413874,False,False,not_evaluated,missing_same_side_strict_through_support,,0.5,False,True
2368,trades,1784011414076,False,False,not_evaluated,missing_same_side_strict_through_support,,0.5,False,True
2369,l2Book,1784011414407,False,False,not_evaluated,missing_same_side_strict_through_support,,0.5,False,True
2370,l2Book,1784011414948,False,False,not_evaluated,missing_same_side_strict_through_support,,0.5,False,True
2371,l2Book,1784011415486,False,False,not_evaluated,missing_same_side_strict_through_support,,0.5,False,True
2372,l2Book,1784011416027,False,False,not_evaluated,missing_same_side_strict_through_support,,0.5,False,True
2373,l2Book,1784011416576,False,False,not_evaluated,missing_same_side_strict_through_support,,0.5,False,True
2374,l2Book,1784011417111,False,False,not_evaluated,missing_same_side_strict_through_support;missing_recent_same_side_at_or_through_throughput,,0.5,False,True
2375,trades,1784011417596,False,False,not_evaluated,missing_same_side_strict_through_support,,0.5,False,True
2376,l2Book,1784011417647,False,False,not_evaluated,missing_same_side_strict_through_support,,0.5,False,True
2377,trades,1784011418051,False,False,not_evaluated,missing_same_side_strict_through_support,,0.5,False,True
2378,l2Book,1784011418201,False,False,not_evaluated,missing_same_side_strict_through_support,,0.5,False,True
2379,trades,1784011418456,False,False,not_evaluated,missing_same_side_strict_through_support,,0.5,False,True
2380,l2Book,1784011418735,False,False,not_evaluated,missing_touch_freshness_or_queue_reset_evidence,,0.5,False,True
2381,l2Book,1784011419261,False,False,not_evaluated,outside_quality_a_b_queue_bands,,0.5,False,True
2382,l2Book,1784011419805,False,False,not_evaluated,outside_quality_a_b_queue_bands,,0.5,False,True
2383,trades,1784011420276,False,False,not_evaluated,outside_quality_a_b_queue_bands,,0.5,False,True
2384,l2Book,1784011420341,False,False,not_evaluated,outside_quality_a_b_queue_bands,,0.5,False,True
2385,l2Book,1784011420881,False,False,not_evaluated,outside_quality_a_b_queue_bands,,0.5,False,True
2386,l2Book,1784011421409,False,False,not_evaluated,missing_same_side_strict_through_support,,0.5,False,True
2387,l2Book,1784011421961,False,False,not_evaluated,missing_same_side_strict_through_support,,0.5,False,True
2388,l2Book,1784011422499,False,False,not_evaluated,missing_same_side_strict_through_support,,0.5,False,True
2389,l2Book,1784011423105,False,False,not_evaluated,missing_same_side_strict_through_support,,0.5,False,True
2390,l2Book,1784011423583,False,False,not_evaluated,missing_same_side_strict_through_support;missing_recent_same_side_at_or_through_throughput,,0.5,False,True
2391,l2Book,1784011424123,False,False,not_evaluated,missing_same_side_strict_through_support;missing_recent_same_side_at_or_through_throughput,,0.5,False,True
2392,trades,1784011424201,False,False,not_evaluated,missing_same_side_strict_through_support;missing_recent_same_side_at_or_through_throughput,,0.5,False,True
2393,l2Book,1784011424674,False,False,not_evaluated,missing_same_side_strict_through_support;missing_recent_same_side_at_or_through_throughput,,0.5,False,True
2394,trades,1784011425054,False,False,not_evaluated,missing_same_side_strict_through_support;missing_recent_same_side_at_or_through_throughput,,0.5,False,True
2395,l2Book,1784011425210,False,False,not_evaluated,missing_same_side_strict_through_support;missing_recent_same_side_at_or_through_throughput,,0.5,False,True
2396,trades,1784011425541,False,False,not_evaluated,missing_same_side_strict_through_support;missing_recent_same_side_at_or_through_throughput,,0.5,False,True
2397,l2Book,1784011425822,False,False,not_evaluated,missing_same_side_strict_through_support;missing_recent_same_side_at_or_through_throughput,,0.5,False,True
2398,l2Book,1784011426426,False,False,not_evaluated,missing_same_side_strict_through_support;missing_recent_same_side_at_or_through_throughput,,0.5,False,True
2399,trades,1784011426898,False,False,not_evaluated,missing_same_side_strict_through_support,,0.5,False,True
2400,l2Book,1784011427033,False,False,not_evaluated,missing_same_side_strict_through_support,,0.5,False,True
2401,l2Book,1784011427633,False,False,not_evaluated,missing_same_side_strict_through_support,,0.5,False,True
2402,l2Book,1784011428241,False,False,not_evaluated,missing_same_side_strict_through_support,,0.5,False,True
2403,l2Book,1784011428853,False,False,not_evaluated,missing_same_side_strict_through_support,,0.5,False,True
2404,l2Book,1784011429446,False,False,not_evaluated,missing_same_side_strict_through_support,,0.5,False,True
2405,l2Book,1784011430062,False,False,not_evaluated,missing_same_side_strict_through_support;missing_recent_same_side_at_or_through_throughput,,0.5,False,True
2406,trades,1784011430264,False,False,not_evaluated,missing_same_side_strict_through_support,,0.5,False,True
2407,l2Book,1784011430572,False,False,not_evaluated,missing_same_side_strict_through_support,,0.5,False,True
2408,trades,1784011431005,False,False,not_evaluated,missing_same_side_strict_through_support,,0.5,False,True
2409,l2Book,1784011431073,False,False,not_evaluated,missing_same_side_strict_through_support,,0.5,False,True
2410,l2Book,1784011431608,False,False,not_evaluated,missing_same_side_strict_through_support,,0.5,False,True
2411,l2Book,1784011432146,False,False,not_evaluated,missing_same_side_strict_through_support,,0.5,False,True
2412,l2Book,1784011432685,False,False,not_evaluated,missing_same_side_strict_through_support,,0.5,False,True
2413,trades,1784011433088,False,False,not_evaluated,missing_same_side_strict_through_support,,0.5,False,True
2414,l2Book,1784011433223,False,False,not_evaluated,missing_same_side_strict_through_support,,0.5,False,True
2415,l2Book,1784011433761,False,False,not_evaluated,missing_same_side_strict_through_support,,0.5,False,True
2416,trades,1784011433761,False,False,not_evaluated,missing_same_side_strict_through_support,,0.5,False,True
2417,l2Book,1784011434301,False,False,not_evaluated,missing_same_side_strict_through_support,,0.5,False,True
2418,l2Book,1784011434845,False,False,not_evaluated,missing_same_side_strict_through_support,,0.5,False,True
2419,l2Book,1784011435381,False,False,not_evaluated,missing_same_side_strict_through_support,,0.5,False,True
2420,l2Book,1784011435911,False,False,not_evaluated,missing_same_side_strict_through_support,,0.5,False,True
2421,trades,1784011436367,False,False,not_evaluated,missing_same_side_strict_through_support,,0.5,False,True
2422,l2Book,1784011436464,False,False,not_evaluated,missing_same_side_strict_through_support,,0.5,False,True
2423,trades,1784011436665,False,False,not_evaluated,missing_same_side_strict_through_support,,0.5,False,True
2424,l2Book,1784011436974,False,False,not_evaluated,missing_same_side_strict_through_support;missing_recent_same_side_at_or_through_throughput,,0.5,False,True
2425,trades,1784011437067,False,False,not_evaluated,missing_same_side_strict_through_support;missing_recent_same_side_at_or_through_throughput,,0.5,False,True
2426,l2Book,1784011437521,False,False,not_evaluated,missing_same_side_strict_through_support;missing_recent_same_side_at_or_through_throughput,,0.5,False,True
2427,l2Book,1784011438077,False,False,not_evaluated,missing_same_side_strict_through_support;missing_recent_same_side_at_or_through_throughput,,0.5,False,True
2428,trades,1784011438077,False,False,not_evaluated,missing_same_side_strict_through_support;missing_recent_same_side_at_or_through_throughput,,0.5,False,True
2429,l2Book,1784011438682,False,False,not_evaluated,missing_same_side_strict_through_support;missing_recent_same_side_at_or_through_throughput,,0.5,False,True
2430,trades,1784011438750,False,False,not_evaluated,missing_same_side_strict_through_support;missing_recent_same_side_at_or_through_throughput,,0.5,False,True
2431,l2Book,1784011439289,False,False,not_evaluated,missing_same_side_strict_through_support;missing_recent_same_side_at_or_through_throughput,,0.5,False,True
2432,trades,1784011439492,False,False,not_evaluated,missing_same_side_strict_through_support;missing_recent_same_side_at_or_through_throughput,,0.5,False,True
2433,l2Book,1784011439893,False,False,not_evaluated,missing_same_side_strict_through_support;missing_recent_same_side_at_or_through_throughput,,0.5,False,True
2434,l2Book,1784011440498,False,False,not_evaluated,missing_same_side_strict_through_support;missing_recent_same_side_at_or_through_throughput,,0.5,False,True
2435,l2Book,1784011441019,False,False,not_evaluated,missing_same_side_strict_through_support;missing_recent_same_side_at_or_through_throughput,,0.5,False,True
2436,l2Book,1784011441572,False,False,not_evaluated,missing_same_side_strict_through_support;missing_recent_same_side_at_or_through_throughput,,0.5,False,True
2437,l2Book,1784011442109,False,False,not_evaluated,missing_same_side_strict_through_support;missing_recent_same_side_at_or_through_throughput,,0.5,False,True
2438,trades,1784011442109,False,False,not_evaluated,missing_same_side_strict_through_support,,0.5,False,True
2439,l2Book,1784011442712,False,False,not_evaluated,missing_same_side_strict_through_support,,0.5,False,True
2440,l2Book,1784011443248,False,False,not_evaluated,missing_same_side_strict_through_support,,0.5,False,True
2441,trades,1784011443521,False,False,not_evaluated,missing_same_side_strict_through_support,,0.5,False,True
2442,l2Book,1784011443792,False,False,not_evaluated,missing_same_side_strict_through_support,,0.5,False,True
2443,l2Book,1784011444335,False,False,not_evaluated,missing_same_side_strict_through_support,,0.5,False,True
2444,l2Book,1784011444936,False,False,not_evaluated,missing_same_side_strict_through_support,,0.5,False,True
2445,trades,1784011445410,False,False,not_evaluated,missing_same_side_strict_through_support,,0.5,False,True
2446,l2Book,1784011445544,False,False,not_evaluated,missing_same_side_strict_through_support,,0.5,False,True
2447,l2Book,1784011446081,False,False,not_evaluated,missing_same_side_strict_through_support,,0.5,False,True
2448,trades,1784011446283,False,False,not_evaluated,missing_same_side_strict_through_support,,0.5,False,True
2449,l2Book,1784011446622,False,False,not_evaluated,missing_same_side_strict_through_support,,0.5,False,True
2450,l2Book,1784011447162,False,False,not_evaluated,missing_same_side_strict_through_support,,0.5,False,True
2451,l2Book,1784011447697,False,False,not_evaluated,missing_same_side_strict_through_support,,0.5,False,True
2452,trades,1784011448031,False,False,not_evaluated,missing_same_side_strict_through_support,,0.5,False,True
2453,l2Book,1784011448232,False,False,not_evaluated,missing_same_side_strict_through_support,,0.5,False,True
2454,l2Book,1784011448769,False,False,not_evaluated,missing_same_side_strict_through_support,,0.5,False,True
2455,l2Book,1784011449306,False,False,not_evaluated,missing_same_side_strict_through_support,,0.5,False,True
2456,trades,1784011449373,False,False,not_evaluated,missing_same_side_strict_through_support,,0.5,False,True
2457,l2Book,1784011449828,False,False,not_evaluated,missing_same_side_strict_through_support,,0.5,False,True
2458,l2Book,1784011450384,False,False,not_evaluated,missing_same_side_strict_through_support,,0.5,False,True
2459,l2Book,1784011450921,False,False,not_evaluated,missing_same_side_strict_through_support,,0.5,False,True
2460,trades,1784011451120,False,False,not_evaluated,missing_same_side_strict_through_support,,0.5,False,True
2461,l2Book,1784011451439,False,False,not_evaluated,missing_same_side_strict_through_support,,0.5,False,True
2462,trades,1784011451522,False,False,not_evaluated,missing_same_side_strict_through_support,,0.5,False,True
2463,l2Book,1784011451999,False,False,not_evaluated,missing_same_side_strict_through_support,,0.5,False,True
2464,l2Book,1784011452534,False,False,not_evaluated,missing_same_side_strict_through_support;missing_recent_same_side_at_or_through_throughput,,0.5,False,True
2465,l2Book,1784011453060,False,False,not_evaluated,missing_same_side_strict_through_support;missing_recent_same_side_at_or_through_throughput,,0.5,False,True
2466,l2Book,1784011453609,False,False,not_evaluated,missing_same_side_strict_through_support;missing_recent_same_side_at_or_through_throughput,,0.5,False,True
2467,l2Book,1784011454144,False,False,not_evaluated,missing_same_side_strict_through_support;missing_recent_same_side_at_or_through_throughput,,0.5,False,True
2468,l2Book,1784011454681,False,False,not_evaluated,missing_same_side_strict_through_support;missing_recent_same_side_at_or_through_throughput,,0.5,False,True
2469,trades,1784011455018,False,False,not_evaluated,missing_same_side_strict_through_support;missing_recent_same_side_at_or_through_throughput,,0.5,False,True
2470,l2Book,1784011455206,False,False,not_evaluated,missing_same_side_strict_through_support;missing_recent_same_side_at_or_through_throughput,,0.5,False,True
2471,l2Book,1784011455765,False,False,not_evaluated,missing_same_side_strict_through_support;missing_recent_same_side_at_or_through_throughput,,0.5,False,True
2472,trades,1784011456169,False,False,not_evaluated,missing_same_side_strict_through_support;missing_recent_same_side_at_or_through_throughput,,0.5,False,True
2473,l2Book,1784011456300,False,False,not_evaluated,missing_same_side_strict_through_support;missing_recent_same_side_at_or_through_throughput,,0.5,False,True
2474,l2Book,1784011456826,False,False,not_evaluated,missing_same_side_strict_through_support;missing_recent_same_side_at_or_through_throughput,,0.5,False,True
2475,l2Book,1784011457379,False,False,not_evaluated,missing_same_side_strict_through_support;missing_recent_same_side_at_or_through_throughput,,0.5,False,True
2476,l2Book,1784011457894,False,False,not_evaluated,missing_same_side_strict_through_support;missing_recent_same_side_at_or_through_throughput,,0.5,False,True
2477,l2Book,1784011458466,False,False,not_evaluated,missing_same_side_strict_through_support;missing_recent_same_side_at_or_through_throughput,,0.5,False,True
2478,l2Book,1784011459000,False,False,not_evaluated,missing_same_side_strict_through_support;missing_recent_same_side_at_or_through_throughput,,0.5,False,True
2479,l2Book,1784011459535,False,False,not_evaluated,missing_same_side_strict_through_support;missing_recent_same_side_at_or_through_throughput,,0.5,False,True
2480,trades,1784011459608,False,False,not_evaluated,missing_same_side_strict_through_support;missing_recent_same_side_at_or_through_throughput,,0.5,False,True
2481,l2Book,1784011460077,False,False,not_evaluated,missing_same_side_strict_through_support;missing_recent_same_side_at_or_through_throughput,,0.5,False,True
2482,l2Book,1784011460616,False,False,not_evaluated,missing_same_side_strict_through_support;missing_touch_freshness_or_queue_reset_evidence;missing_recent_same_side_at_or_through_throughput,,0.5,False,True
2483,trades,1784011461018,False,False,not_evaluated,missing_same_side_strict_through_support;missing_recent_same_side_at_or_through_throughput,,0.5,False,True
2484,l2Book,1784011461159,False,False,not_evaluated,missing_same_side_strict_through_support;missing_touch_freshness_or_queue_reset_evidence,,0.5,False,True
2485,l2Book,1784011461687,False,False,not_evaluated,missing_same_side_strict_through_support,,0.5,False,True
2486,l2Book,1784011462228,False,False,not_evaluated,missing_same_side_strict_through_support,,0.5,False,True
2487,trades,1784011462358,False,False,not_evaluated,missing_same_side_strict_through_support,,0.5,False,True
2488,l2Book,1784011462733,False,False,not_evaluated,missing_touch_freshness_or_queue_reset_evidence,,0.5,False,True
2489,l2Book,1784011463285,False,False,not_evaluated,missing_touch_freshness_or_queue_reset_evidence,,0.5,False,True
2490,trades,1784011463368,False,False,not_evaluated,missing_touch_freshness_or_queue_reset_evidence,,0.5,False,True
2491,l2Book,1784011463837,False,False,not_evaluated,outside_quality_a_b_queue_bands,,0.5,False,True
2492,l2Book,1784011464376,False,False,not_evaluated,missing_same_side_strict_through_support,,0.5,False,True
2493,l2Book,1784011464904,False,False,not_evaluated,missing_same_side_strict_through_support,,0.5,False,True
2494,l2Book,1784011465453,False,False,not_evaluated,missing_same_side_strict_through_support,,0.5,False,True
2495,l2Book,1784011465989,False,False,not_evaluated,missing_same_side_strict_through_support,,0.5,False,True
2496,l2Book,1784011466516,False,False,not_evaluated,missing_same_side_strict_through_support;missing_recent_same_side_at_or_through_throughput,,0.5,False,True
2497,l2Book,1784011467060,False,False,not_evaluated,missing_same_side_strict_through_support;missing_recent_same_side_at_or_through_throughput,,0.5,False,True
2498,trades,1784011467060,False,False,not_evaluated,missing_same_side_strict_through_support;missing_recent_same_side_at_or_through_throughput,,0.5,False,True
2499,l2Book,1784011467599,False,False,not_evaluated,missing_same_side_strict_through_support;missing_recent_same_side_at_or_through_throughput,,0.5,False,True
2500,trades,1784011468003,False,False,not_evaluated,missing_same_side_strict_through_support;missing_recent_same_side_at_or_through_throughput,,0.5,False,True
2501,l2Book,1784011468133,False,False,not_evaluated,missing_same_side_strict_through_support;missing_recent_same_side_at_or_through_throughput,,0.5,False,True
2502,l2Book,1784011468672,False,False,not_evaluated,missing_same_side_strict_through_support;missing_recent_same_side_at_or_through_throughput,,0.5,False,True
2503,trades,1784011469147,False,False,not_evaluated,missing_same_side_strict_through_support;missing_recent_same_side_at_or_through_throughput,,0.5,False,True
2504,l2Book,1784011469210,False,False,not_evaluated,missing_same_side_strict_through_support;missing_recent_same_side_at_or_through_throughput,,0.5,False,True
2505,trades,1784011469344,False,False,not_evaluated,missing_same_side_strict_through_support,,0.5,False,True
2506,l2Book,1784011469746,False,False,not_evaluated,missing_same_side_strict_through_support,,0.5,False,True
2507,trades,1784011470063,False,False,not_evaluated,missing_same_side_strict_through_support,,0.5,False,True
2508,l2Book,1784011470328,False,False,not_evaluated,missing_same_side_strict_through_support,,0.5,False,True
2509,l2Book,1784011470952,False,False,not_evaluated,missing_same_side_strict_through_support,,0.5,False,True
2510,l2Book,1784011471471,False,False,not_evaluated,missing_same_side_strict_through_support,,0.5,False,True
2511,l2Book,1784011472031,False,False,not_evaluated,missing_same_side_strict_through_support,,0.5,False,True
2512,trades,1784011472031,False,False,not_evaluated,missing_same_side_strict_through_support,,0.5,False,True
2513,trades,1784011472164,False,False,not_evaluated,missing_same_side_strict_through_support,,0.5,False,True
2514,l2Book,1784011472568,False,False,not_evaluated,missing_same_side_strict_through_support,,0.5,False,True
2515,l2Book,1784011473088,False,False,not_evaluated,missing_same_side_strict_through_support,,0.5,False,True
2516,l2Book,1784011473643,False,False,not_evaluated,missing_touch_freshness_or_queue_reset_evidence,,0.5,False,True
2517,trades,1784011473847,False,False,not_evaluated,missing_touch_freshness_or_queue_reset_evidence,,0.5,False,True
2518,l2Book,1784011474180,False,False,not_evaluated,missing_touch_freshness_or_queue_reset_evidence,,0.5,False,True
2519,l2Book,1784011474781,False,False,not_evaluated,outside_quality_a_b_queue_bands,,0.5,False,True
2520,l2Book,1784011475386,False,False,not_evaluated,missing_same_side_strict_through_support;missing_recent_same_side_at_or_through_throughput,,0.5,False,True
2521,l2Book,1784011475920,False,False,not_evaluated,missing_same_side_strict_through_support;missing_recent_same_side_at_or_through_throughput,,0.5,False,True
2522,l2Book,1784011476427,False,False,not_evaluated,missing_same_side_strict_through_support;missing_recent_same_side_at_or_through_throughput,,0.5,False,True
2523,l2Book,1784011477001,False,False,not_evaluated,missing_same_side_strict_through_support;missing_recent_same_side_at_or_through_throughput,,0.5,False,True
2524,l2Book,1784011477538,False,False,not_evaluated,missing_same_side_strict_through_support;missing_recent_same_side_at_or_through_throughput,,0.5,False,True
2525,trades,1784011478016,False,False,not_evaluated,missing_same_side_strict_through_support,,0.5,False,True
2526,l2Book,1784011478082,False,False,not_evaluated,missing_same_side_strict_through_support,,0.5,False,True
2527,l2Book,1784011478625,False,False,not_evaluated,missing_same_side_strict_through_support,,0.5,False,True
2528,trades,1784011478625,False,False,not_evaluated,missing_same_side_strict_through_support,,0.5,False,True
2529,l2Book,1784011479156,False,False,not_evaluated,missing_same_side_strict_through_support,,0.5,False,True
2530,trades,1784011479452,False,False,not_evaluated,missing_same_side_strict_through_support,,0.5,False,True
2531,trades,1784011479654,False,False,not_evaluated,missing_same_side_strict_through_support,,0.5,False,True
2532,l2Book,1784011479722,False,False,not_evaluated,missing_same_side_strict_through_support,,0.5,False,True
2533,l2Book,1784011480258,False,False,not_evaluated,missing_same_side_strict_through_support,,0.5,False,True
2534,l2Book,1784011480795,False,False,not_evaluated,missing_same_side_strict_through_support,,0.5,False,True
2535,l2Book,1784011481330,False,False,not_evaluated,missing_same_side_strict_through_support,,0.5,False,True
2536,l2Book,1784011481866,False,False,not_evaluated,missing_same_side_strict_through_support,,0.5,False,True
2537,trades,1784011482109,False,False,not_evaluated,missing_same_side_strict_through_support,,0.5,False,True
2538,l2Book,1784011482393,False,False,not_evaluated,missing_same_side_strict_through_support,,0.5,False,True
2539,l2Book,1784011482952,False,False,not_evaluated,missing_same_side_strict_through_support,,0.5,False,True
2540,l2Book,1784011483490,False,False,not_evaluated,missing_same_side_strict_through_support,,0.5,False,True
2541,trades,1784011483490,False,False,not_evaluated,missing_same_side_strict_through_support,,0.5,False,True
2542,l2Book,1784011484015,False,False,not_evaluated,missing_same_side_strict_through_support,,0.5,False,True
2543,l2Book,1784011484563,False,False,not_evaluated,missing_same_side_strict_through_support,,0.5,False,True
2544,trades,1784011485029,False,False,not_evaluated,missing_same_side_strict_through_support,,0.5,False,True
2545,l2Book,1784011485100,False,False,not_evaluated,missing_same_side_strict_through_support,,0.5,False,True
2546,l2Book,1784011485636,False,False,not_evaluated,missing_same_side_strict_through_support;missing_recent_same_side_at_or_through_throughput,,0.5,False,True
2547,l2Book,1784011486175,False,False,not_evaluated,missing_same_side_strict_through_support;missing_recent_same_side_at_or_through_throughput,,0.5,False,True
2548,l2Book,1784011486711,False,False,not_evaluated,missing_same_side_strict_through_support;missing_recent_same_side_at_or_through_throughput,,0.5,False,True
2549,l2Book,1784011487250,False,False,not_evaluated,missing_same_side_strict_through_support;missing_recent_same_side_at_or_through_throughput,,0.5,False,True
2550,l2Book,1784011487852,False,False,not_evaluated,missing_same_side_strict_through_support;missing_recent_same_side_at_or_through_throughput,,0.5,False,True
2551,trades,1784011488227,False,False,not_evaluated,missing_same_side_strict_through_support,,0.5,False,True
2552,l2Book,1784011488455,False,False,not_evaluated,missing_same_side_strict_through_support,,0.5,False,True
2553,l2Book,1784011489059,False,False,not_evaluated,missing_same_side_strict_through_support,,0.5,False,True
2554,l2Book,1784011489664,False,False,not_evaluated,missing_same_side_strict_through_support,,0.5,False,True
2555,l2Book,1784011490268,False,False,not_evaluated,missing_same_side_strict_through_support,,0.5,False,True
2556,trades,1784011490469,False,False,not_evaluated,missing_same_side_strict_through_support,,0.5,False,True
2557,trades,1784011490669,False,False,not_evaluated,missing_same_side_strict_through_support,,0.5,False,True
2558,l2Book,1784011490872,False,False,not_evaluated,missing_same_side_strict_through_support,,0.5,False,True
2559,trades,1784011491073,False,False,not_evaluated,missing_same_side_strict_through_support,,0.5,False,True
2560,l2Book,1784011491474,False,False,not_evaluated,missing_same_side_strict_through_support,,0.5,False,True
2561,l2Book,1784011492012,False,False,not_evaluated,missing_same_side_strict_through_support,,0.5,False,True
2562,l2Book,1784011492548,False,False,not_evaluated,missing_same_side_strict_through_support,,0.5,False,True
2563,trades,1784011492883,False,False,not_evaluated,missing_same_side_strict_through_support,,0.5,False,True
2564,l2Book,1784011493085,False,False,not_evaluated,missing_same_side_strict_through_support,,0.5,False,True
2565,trades,1784011493085,False,False,not_evaluated,missing_same_side_strict_through_support,,0.5,False,True
2566,trades,1784011493153,False,False,not_evaluated,missing_same_side_strict_through_support,,0.5,False,True
2567,trades,1784011493222,False,False,not_evaluated,missing_same_side_strict_through_support,,0.5,False,True
2568,l2Book,1784011493624,False,False,not_evaluated,missing_same_side_strict_through_support,,0.5,False,True
2569,trades,1784011493897,False,False,not_evaluated,missing_same_side_strict_through_support,,0.5,False,True
2570,l2Book,1784011494164,False,False,not_evaluated,missing_same_side_strict_through_support,,0.5,False,True
2571,l2Book,1784011494702,False,False,not_evaluated,missing_same_side_strict_through_support,,0.5,False,True
2572,trades,1784011494702,False,False,not_evaluated,missing_same_side_strict_through_support,,0.5,False,True
2573,l2Book,1784011495241,False,False,not_evaluated,missing_same_side_strict_through_support,,0.5,False,True
2574,l2Book,1784011495779,False,False,not_evaluated,missing_same_side_strict_through_support,,0.5,False,True
2575,trades,1784011495846,False,False,not_evaluated,missing_same_side_strict_through_support,,0.5,False,True
2576,l2Book,1784011496316,False,False,not_evaluated,missing_same_side_strict_through_support,,0.5,False,True
2577,l2Book,1784011496834,False,False,not_evaluated,missing_same_side_strict_through_support,,0.5,False,True
2578,trades,1784011497052,False,False,not_evaluated,missing_same_side_strict_through_support,,0.5,False,True
2579,l2Book,1784011497454,False,False,not_evaluated,missing_same_side_strict_through_support,,0.5,False,True
2580,l2Book,1784011498059,False,False,not_evaluated,missing_same_side_strict_through_support,,0.5,False,True
2581,trades,1784011498059,False,False,not_evaluated,missing_same_side_strict_through_support,,0.5,False,True
2582,l2Book,1784011498645,False,False,not_evaluated,missing_same_side_strict_through_support,,0.5,False,True
2583,l2Book,1784011499149,False,False,not_evaluated,missing_same_side_strict_through_support,,0.5,False,True
2584,l2Book,1784011499678,False,False,not_evaluated,missing_same_side_strict_through_support,,0.5,False,True
2585,trades,1784011499678,False,False,not_evaluated,missing_same_side_strict_through_support,,0.5,False,True
2586,l2Book,1784011500281,False,False,not_evaluated,missing_same_side_strict_through_support;missing_recent_same_side_at_or_through_throughput,,0.5,False,True
2587,l2Book,1784011500868,False,False,not_evaluated,missing_same_side_strict_through_support;missing_recent_same_side_at_or_through_throughput,,0.5,False,True
2588,trades,1784011501085,False,False,not_evaluated,missing_same_side_strict_through_support;missing_recent_same_side_at_or_through_throughput,,0.5,False,True
2589,l2Book,1784011501419,False,False,not_evaluated,missing_same_side_strict_through_support;missing_recent_same_side_at_or_through_throughput,,0.5,False,True
2590,l2Book,1784011501966,False,False,not_evaluated,missing_same_side_strict_through_support;missing_recent_same_side_at_or_through_throughput,,0.5,False,True
2591,trades,1784011502090,False,False,not_evaluated,missing_same_side_strict_through_support,,0.5,False,True
2592,l2Book,1784011502493,False,False,not_evaluated,missing_same_side_strict_through_support,,0.5,False,True
2593,trades,1784011502634,False,False,not_evaluated,missing_same_side_strict_through_support,,0.5,False,True
2594,l2Book,1784011503094,False,False,not_evaluated,missing_same_side_strict_through_support,,0.5,False,True
2595,l2Book,1784011503549,False,False,not_evaluated,missing_same_side_strict_through_support,,0.5,False,True
2596,l2Book,1784011504104,False,False,not_evaluated,missing_same_side_strict_through_support,,0.5,False,True
2597,trades,1784011504251,False,False,not_evaluated,missing_same_side_strict_through_support,,0.5,False,True
2598,trades,1784011504451,False,False,not_evaluated,missing_same_side_strict_through_support,,0.5,False,True
2599,l2Book,1784011504653,False,False,not_evaluated,missing_same_side_strict_through_support,,0.5,False,True
2600,l2Book,1784011505167,False,False,not_evaluated,missing_same_side_strict_through_support,,0.5,False,True
2601,l2Book,1784011505714,False,False,not_evaluated,missing_same_side_strict_through_support,,0.5,False,True
2602,l2Book,1784011506264,False,False,not_evaluated,missing_same_side_strict_through_support,,0.5,False,True
2603,l2Book,1784011506791,False,False,not_evaluated,missing_same_side_strict_through_support,,0.5,False,True
2604,trades,1784011507075,False,False,not_evaluated,missing_same_side_strict_through_support,,0.5,False,True
2605,l2Book,1784011507344,False,False,not_evaluated,missing_same_side_strict_through_support,,0.5,False,True
2606,l2Book,1784011507884,False,False,not_evaluated,missing_same_side_strict_through_support,,0.5,False,True
2607,trades,1784011507884,False,False,not_evaluated,missing_same_side_strict_through_support,,0.5,False,True
2608,trades,1784011508083,False,False,not_evaluated,missing_same_side_strict_through_support,,0.5,False,True
2609,l2Book,1784011508470,False,False,not_evaluated,missing_same_side_strict_through_support,,0.5,False,True
2610,trades,1784011508886,False,False,not_evaluated,missing_same_side_strict_through_support,,0.5,False,True
2611,l2Book,1784011509011,False,False,not_evaluated,missing_same_side_strict_through_support,,0.5,False,True
2612,l2Book,1784011509557,False,False,not_evaluated,missing_same_side_strict_through_support,,0.5,False,True
2613,l2Book,1784011510094,False,False,not_evaluated,missing_same_side_strict_through_support,,0.5,False,True
2614,l2Book,1784011510699,False,False,not_evaluated,missing_same_side_strict_through_support,,0.5,False,True
2615,trades,1784011511101,False,False,not_evaluated,missing_same_side_strict_through_support;missing_recent_same_side_at_or_through_throughput,,0.5,False,True
2616,l2Book,1784011511236,False,False,not_evaluated,missing_same_side_strict_through_support;missing_recent_same_side_at_or_through_throughput,,0.5,False,True
2617,trades,1784011511571,False,False,not_evaluated,missing_same_side_strict_through_support;missing_recent_same_side_at_or_through_throughput,,0.5,False,True
2618,l2Book,1784011511774,False,False,not_evaluated,missing_same_side_strict_through_support;missing_recent_same_side_at_or_through_throughput,,0.5,False,True
2619,trades,1784011511774,False,False,not_evaluated,missing_same_side_strict_through_support,,0.5,False,True
2620,trades,1784011512244,False,False,not_evaluated,missing_same_side_strict_through_support,,0.5,False,True
2621,l2Book,1784011512311,False,False,not_evaluated,missing_same_side_strict_through_support,,0.5,False,True
2622,l2Book,1784011512850,False,False,not_evaluated,missing_same_side_strict_through_support,,0.5,False,True
2623,l2Book,1784011513371,False,False,not_evaluated,missing_same_side_strict_through_support,,0.5,False,True
2624,trades,1784011513654,False,False,not_evaluated,missing_same_side_strict_through_support,,0.5,False,True
2625,l2Book,1784011513922,False,False,not_evaluated,missing_same_side_strict_through_support,,0.5,False,True
2626,l2Book,1784011514459,False,False,not_evaluated,missing_same_side_strict_through_support,,0.5,False,True
2627,trades,1784011514459,False,False,not_evaluated,missing_same_side_strict_through_support,,0.5,False,True
2628,l2Book,1784011514981,False,False,not_evaluated,missing_same_side_strict_through_support,,0.5,False,True
2629,trades,1784011515064,False,False,not_evaluated,missing_same_side_strict_through_support,,0.5,False,True
2630,l2Book,1784011515532,False,False,not_evaluated,missing_same_side_strict_through_support,,0.5,False,True
2631,trades,1784011515869,False,False,not_evaluated,missing_same_side_strict_through_support,,0.5,False,True
2632,l2Book,1784011516071,False,False,not_evaluated,missing_same_side_strict_through_support,,0.5,False,True
2633,trades,1784011516272,False,False,not_evaluated,missing_same_side_strict_through_support,,0.5,False,True
2634,l2Book,1784011516602,False,False,not_evaluated,missing_same_side_strict_through_support,,0.5,False,True
2635,l2Book,1784011517149,False,False,not_evaluated,missing_same_side_strict_through_support;missing_recent_same_side_at_or_through_throughput,,0.5,False,True
2636,trades,1784011517550,False,False,not_evaluated,missing_same_side_strict_through_support;missing_recent_same_side_at_or_through_throughput,,0.5,False,True
2637,l2Book,1784011517684,False,False,not_evaluated,missing_same_side_strict_through_support;missing_recent_same_side_at_or_through_throughput,,0.5,False,True
2638,l2Book,1784011518215,False,False,not_evaluated,missing_same_side_strict_through_support;missing_recent_same_side_at_or_through_throughput,,0.5,False,True
2639,l2Book,1784011518759,False,False,not_evaluated,missing_same_side_strict_through_support;missing_recent_same_side_at_or_through_throughput,,0.5,False,True
2640,l2Book,1784011519297,False,False,not_evaluated,missing_same_side_strict_through_support;missing_recent_same_side_at_or_through_throughput,,0.5,False,True
2641,trades,1784011519297,False,False,not_evaluated,missing_same_side_strict_through_support;missing_recent_same_side_at_or_through_throughput,,0.5,False,True
2642,l2Book,1784011519830,False,False,not_evaluated,missing_same_side_strict_through_support;missing_recent_same_side_at_or_through_throughput,,0.5,False,True
2643,l2Book,1784011520370,False,False,not_evaluated,missing_same_side_strict_through_support;missing_recent_same_side_at_or_through_throughput,,0.5,False,True
2644,trades,1784011520370,False,False,not_evaluated,missing_same_side_strict_through_support,,0.5,False,True
2645,l2Book,1784011520908,False,False,not_evaluated,missing_same_side_strict_through_support,,0.5,False,True
2646,l2Book,1784011521444,False,False,not_evaluated,missing_same_side_strict_through_support,,0.5,False,True
2647,l2Book,1784011522041,False,False,not_evaluated,missing_same_side_strict_through_support,,0.5,False,True
2648,trades,1784011522251,False,False,not_evaluated,missing_same_side_strict_through_support,,0.5,False,True
2649,l2Book,1784011522653,False,False,not_evaluated,missing_same_side_strict_through_support,,0.5,False,True
2650,trades,1784011523046,False,False,not_evaluated,missing_same_side_strict_through_support,,0.5,False,True
2651,l2Book,1784011523248,False,False,not_evaluated,missing_same_side_strict_through_support,,0.5,False,True
2652,l2Book,1784011523866,False,False,not_evaluated,missing_same_side_strict_through_support;missing_recent_same_side_at_or_through_throughput,,0.5,False,True
2653,l2Book,1784011524467,False,False,not_evaluated,missing_same_side_strict_through_support;missing_recent_same_side_at_or_through_throughput,,0.5,False,True
2654,l2Book,1784011524993,False,False,not_evaluated,missing_same_side_strict_through_support;missing_recent_same_side_at_or_through_throughput,,0.5,False,True
2655,l2Book,1784011525542,False,False,not_evaluated,missing_same_side_strict_through_support;missing_recent_same_side_at_or_through_throughput,,0.5,False,True
2656,l2Book,1784011526063,False,False,not_evaluated,missing_same_side_strict_through_support;missing_recent_same_side_at_or_through_throughput,,0.5,False,True
2657,l2Book,1784011526693,False,False,not_evaluated,missing_same_side_strict_through_support;missing_recent_same_side_at_or_through_throughput,,0.5,False,True
2658,trades,1784011526959,False,False,not_evaluated,missing_same_side_strict_through_support;missing_recent_same_side_at_or_through_throughput,,0.5,False,True
2659,trades,1784011527019,False,False,not_evaluated,missing_same_side_strict_through_support;missing_recent_same_side_at_or_through_throughput,,0.5,False,True
2660,trades,1784011527162,False,False,not_evaluated,missing_same_side_strict_through_support;missing_recent_same_side_at_or_through_throughput,,0.5,False,True
2661,l2Book,1784011527223,False,False,not_evaluated,missing_same_side_strict_through_support;missing_touch_freshness_or_queue_reset_evidence;missing_recent_same_side_at_or_through_throughput,,0.5,False,True
2662,trades,1784011527298,False,False,not_evaluated,missing_same_side_strict_through_support;missing_touch_freshness_or_queue_reset_evidence;missing_recent_same_side_at_or_through_throughput,,0.5,False,True
2663,trades,1784011527703,False,False,not_evaluated,missing_same_side_strict_through_support;missing_recent_same_side_at_or_through_throughput,,0.5,False,True
2664,l2Book,1784011527762,False,False,not_evaluated,missing_same_side_strict_through_support;missing_touch_freshness_or_queue_reset_evidence;missing_recent_same_side_at_or_through_throughput,,0.5,False,True
2665,trades,1784011528028,False,False,not_evaluated,missing_same_side_strict_through_support;missing_recent_same_side_at_or_through_throughput,,0.5,False,True
2666,l2Book,1784011528297,False,False,not_evaluated,missing_same_side_strict_through_support;missing_recent_same_side_at_or_through_throughput,,0.5,False,True
2667,l2Book,1784011528836,False,False,not_evaluated,missing_same_side_strict_through_support;missing_recent_same_side_at_or_through_throughput,,0.5,False,True
2668,l2Book,1784011529446,False,False,not_evaluated,missing_same_side_strict_through_support;missing_touch_freshness_or_queue_reset_evidence;missing_recent_same_side_at_or_through_throughput,,0.5,False,True
2669,l2Book,1784011529984,False,False,not_evaluated,missing_same_side_strict_through_support;missing_touch_freshness_or_queue_reset_evidence;missing_recent_same_side_at_or_through_throughput,,0.5,False,True
2670,l2Book,1784011530518,False,False,not_evaluated,missing_same_side_strict_through_support;missing_recent_same_side_at_or_through_throughput,,0.5,False,True
2671,trades,1784011530654,False,False,not_evaluated,missing_same_side_strict_through_support,,0.5,False,True
2672,trades,1784011530822,False,False,not_evaluated,missing_same_side_strict_through_support,,0.5,False,True
2673,l2Book,1784011531053,False,False,not_evaluated,missing_same_side_strict_through_support,,0.5,False,True
2674,trades,1784011531456,False,False,not_evaluated,missing_same_side_strict_through_support,,0.5,False,True
2675,l2Book,1784011531573,False,False,not_evaluated,missing_same_side_strict_through_support;missing_touch_freshness_or_queue_reset_evidence;missing_recent_same_side_at_or_through_throughput,,0.5,False,True
2676,trades,1784011532057,True,True,edge_gate_block,fair_mid_source_stale,0.000559,0.5,False,False
2677,trades,1784011532592,True,True,edge_gate_block,edge_below_required_buffer,0.000525,0.5,False,False
2678,l2Book,1784011533270,False,False,not_evaluated,missing_same_side_strict_through_support,,0.5,False,True
2679,l2Book,1784011533886,False,False,not_evaluated,missing_same_side_strict_through_support;missing_touch_freshness_or_queue_reset_evidence;missing_recent_same_side_at_or_through_throughput,,0.5,False,True
2680,trades,1784011533952,False,False,not_evaluated,missing_same_side_strict_through_support;missing_touch_freshness_or_queue_reset_evidence;missing_recent_same_side_at_or_through_throughput,,0.5,False,True
2681,l2Book,1784011534485,False,False,not_evaluated,missing_same_side_strict_through_support;missing_recent_same_side_at_or_through_throughput,,0.5,False,True
2682,l2Book,1784011535088,False,False,not_evaluated,missing_same_side_strict_through_support;missing_recent_same_side_at_or_through_throughput,,0.5,False,True
2683,l2Book,1784011535618,False,False,not_evaluated,missing_same_side_strict_through_support;missing_recent_same_side_at_or_through_throughput,,0.5,False,True
2684,l2Book,1784011536168,False,False,not_evaluated,missing_same_side_strict_through_support;missing_recent_same_side_at_or_through_throughput,,0.5,False,True
2685,l2Book,1784011536699,False,False,not_evaluated,missing_same_side_strict_through_support;missing_recent_same_side_at_or_through_throughput,,0.5,False,True
2686,trades,1784011537100,False,False,not_evaluated,missing_same_side_strict_through_support,,0.5,False,True
2687,l2Book,1784011537301,False,False,not_evaluated,missing_same_side_strict_through_support,,0.5,False,True
2688,l2Book,1784011537903,False,False,not_evaluated,missing_same_side_strict_through_support,,0.5,False,True
2689,trades,1784011538106,False,False,not_evaluated,missing_same_side_strict_through_support,,0.5,False,True
2690,trades,1784011538184,False,False,not_evaluated,missing_same_side_strict_through_support,,0.5,False,True
2691,l2Book,1784011538423,False,False,not_evaluated,missing_same_side_strict_through_support,,0.5,False,True
2692,l2Book,1784011538964,False,False,not_evaluated,missing_same_side_strict_through_support,,0.5,False,True
2693,trades,1784011539167,False,False,not_evaluated,missing_same_side_strict_through_support,,0.5,False,True
2694,l2Book,1784011539512,False,False,not_evaluated,missing_same_side_strict_through_support,,0.5,False,True
2695,trades,1784011539562,False,False,not_evaluated,missing_same_side_strict_through_support,,0.5,False,True
2696,l2Book,1784011540063,False,False,not_evaluated,missing_same_side_strict_through_support,,0.5,False,True
2697,l2Book,1784011540573,False,False,not_evaluated,missing_same_side_strict_through_support,,0.5,False,True
2698,l2Book,1784011541120,False,False,not_evaluated,missing_same_side_strict_through_support,,0.5,False,True
2699,l2Book,1784011541668,False,False,not_evaluated,missing_same_side_strict_through_support,,0.5,False,True
2700,l2Book,1784011542191,False,False,not_evaluated,missing_same_side_strict_through_support,,0.5,False,True
2701,l2Book,1784011542729,False,False,not_evaluated,missing_same_side_strict_through_support;missing_recent_same_side_at_or_through_throughput,,0.5,False,True
2702,trades,1784011543079,False,False,not_evaluated,missing_same_side_strict_through_support;missing_recent_same_side_at_or_through_throughput,,0.5,False,True
2703,l2Book,1784011543281,False,False,not_evaluated,missing_same_side_strict_through_support;missing_recent_same_side_at_or_through_throughput,,0.5,False,True
2704,l2Book,1784011543808,False,False,not_evaluated,missing_same_side_strict_through_support;missing_recent_same_side_at_or_through_throughput,,0.5,False,True
2705,trades,1784011543883,False,False,not_evaluated,missing_same_side_strict_through_support;missing_recent_same_side_at_or_through_throughput,,0.5,False,True
2706,l2Book,1784011544338,False,False,not_evaluated,missing_same_side_strict_through_support;missing_recent_same_side_at_or_through_throughput,,0.5,False,True
2707,l2Book,1784011544892,False,False,not_evaluated,missing_same_side_strict_through_support;missing_recent_same_side_at_or_through_throughput,,0.5,False,True
2708,trades,1784011545021,False,False,not_evaluated,missing_same_side_strict_through_support;missing_recent_same_side_at_or_through_throughput,,0.5,False,True
2709,trades,1784011545296,True,True,fail_closed,outside_quality_a_b_queue_bands;missing_intent_limit_px;missing_or_nonpositive_intent_size;missing_quality_bucket,0.000514,0.5,False,False
2710,l2Book,1784011545965,False,False,not_evaluated,missing_same_side_strict_through_support,,0.5,False,True
2711,l2Book,1784011546508,False,False,not_evaluated,missing_same_side_strict_through_support,,0.5,False,True
2712,trades,1784011546508,False,False,not_evaluated,missing_same_side_strict_through_support,,0.5,False,True
2713,l2Book,1784011547037,False,False,not_evaluated,missing_same_side_strict_through_support,,0.5,False,True
2714,l2Book,1784011547599,False,False,not_evaluated,missing_same_side_strict_through_support,,0.5,False,True
2715,l2Book,1784011548135,False,False,not_evaluated,missing_same_side_strict_through_support,,0.5,False,True
2716,trades,1784011548203,False,False,not_evaluated,outside_quality_a_b_queue_bands,,0.5,False,True
2717,trades,1784011548612,False,False,not_evaluated,outside_quality_a_b_queue_bands,,0.5,False,True
2718,l2Book,1784011548748,False,False,not_evaluated,missing_same_side_strict_through_support;missing_touch_freshness_or_queue_reset_evidence,,0.5,False,True
2719,l2Book,1784011549272,False,False,not_evaluated,missing_same_side_strict_through_support,,0.5,False,True
2720,l2Book,1784011549821,False,False,not_evaluated,missing_same_side_strict_through_support,,0.5,False,True
2721,trades,1784011549821,False,False,not_evaluated,missing_same_side_strict_through_support,,0.5,False,True
2722,trades,1784011550022,False,False,not_evaluated,missing_same_side_strict_through_support,,0.5,False,True
2723,l2Book,1784011550367,False,False,not_evaluated,missing_same_side_strict_through_support,,0.5,False,True
2724,l2Book,1784011550969,False,False,not_evaluated,missing_same_side_strict_through_support,,0.5,False,True
2725,trades,1784011551036,False,False,not_evaluated,missing_same_side_strict_through_support,,0.5,False,True
2726,l2Book,1784011551498,False,False,not_evaluated,missing_same_side_strict_through_support,,0.5,False,True
2727,l2Book,1784011552047,False,False,not_evaluated,missing_same_side_strict_through_support,,0.5,False,True
2728,trades,1784011552452,False,False,not_evaluated,missing_same_side_strict_through_support,,0.5,False,True
2729,l2Book,1784011552582,False,False,not_evaluated,missing_same_side_strict_through_support,,0.5,False,True
2730,l2Book,1784011553118,False,False,not_evaluated,missing_same_side_strict_through_support,,0.5,False,True
2731,trades,1784011553464,False,False,not_evaluated,missing_same_side_strict_through_support,,0.5,False,True
2732,l2Book,1784011553664,False,False,not_evaluated,missing_same_side_strict_through_support,,0.5,False,True
2733,l2Book,1784011554192,False,False,not_evaluated,missing_same_side_strict_through_support,,0.5,False,True
2734,l2Book,1784011554738,False,False,not_evaluated,missing_same_side_strict_through_support,,0.5,False,True
2735,trades,1784011555142,False,False,not_evaluated,missing_same_side_strict_through_support,,0.5,False,True
2736,l2Book,1784011555248,False,False,not_evaluated,missing_same_side_strict_through_support,,0.5,False,True
2737,trades,1784011555398,False,False,not_evaluated,missing_same_side_strict_through_support,,0.5,False,True
2738,l2Book,1784011555749,False,False,not_evaluated,missing_same_side_strict_through_support,,0.5,False,True
2739,l2Book,1784011556256,False,False,not_evaluated,missing_same_side_strict_through_support,,0.5,False,True
2740,l2Book,1784011556805,False,False,not_evaluated,missing_same_side_strict_through_support;missing_recent_same_side_at_or_through_throughput,,0.5,False,True
2741,trades,1784011557007,False,False,not_evaluated,missing_same_side_strict_through_support;missing_recent_same_side_at_or_through_throughput,,0.5,False,True
2742,trades,1784011557208,False,False,not_evaluated,missing_same_side_strict_through_support,,0.5,False,True
2743,l2Book,1784011557319,False,False,not_evaluated,missing_same_side_strict_through_support,,0.5,False,True
2744,l2Book,1784011557873,False,False,not_evaluated,missing_same_side_strict_through_support,,0.5,False,True
2745,trades,1784011557873,False,False,not_evaluated,missing_same_side_strict_through_support,,0.5,False,True
2746,trades,1784011558012,False,False,not_evaluated,missing_same_side_strict_through_support,,0.5,False,True
2747,l2Book,1784011558385,False,False,not_evaluated,missing_same_side_strict_through_support,,0.5,False,True
2748,trades,1784011558563,False,False,not_evaluated,missing_same_side_strict_through_support,,0.5,False,True
2749,trades,1784011558682,False,False,not_evaluated,missing_same_side_strict_through_support,,0.5,False,True
2750,l2Book,1784011558965,False,False,not_evaluated,missing_same_side_strict_through_support,,0.5,False,True
2751,l2Book,1784011559492,False,False,not_evaluated,missing_same_side_strict_through_support,,0.5,False,True
2752,l2Book,1784011560022,False,False,not_evaluated,missing_same_side_strict_through_support,,0.5,False,True
2753,l2Book,1784011560576,False,False,not_evaluated,missing_same_side_strict_through_support,,0.5,False,True
2754,trades,1784011560909,False,False,not_evaluated,missing_same_side_strict_through_support,,0.5,False,True
2755,l2Book,1784011561113,False,False,not_evaluated,missing_same_side_strict_through_support,,0.5,False,True
2756,l2Book,1784011561632,False,False,not_evaluated,missing_same_side_strict_through_support,,0.5,False,True
2757,trades,1784011562061,False,False,not_evaluated,missing_same_side_strict_through_support,,0.5,False,True
2758,l2Book,1784011562192,False,False,not_evaluated,missing_same_side_strict_through_support,,0.5,False,True
2759,trades,1784011562393,False,False,not_evaluated,missing_same_side_strict_through_support,,0.5,False,True
2760,trades,1784011562460,False,False,not_evaluated,missing_same_side_strict_through_support,,0.5,False,True
2761,l2Book,1784011562729,False,False,not_evaluated,missing_same_side_strict_through_support,,0.5,False,True
2762,l2Book,1784011563262,False,False,not_evaluated,missing_same_side_strict_through_support,,0.5,False,True
2763,l2Book,1784011563805,False,False,not_evaluated,missing_same_side_strict_through_support,,0.5,False,True
2764,trades,1784011564207,False,False,not_evaluated,missing_same_side_strict_through_support,,0.5,False,True
2765,l2Book,1784011564341,False,False,not_evaluated,missing_same_side_strict_through_support,,0.5,False,True
2766,l2Book,1784011564860,False,False,not_evaluated,missing_same_side_strict_through_support,,0.5,False,True
2767,l2Book,1784011565416,False,False,not_evaluated,missing_same_side_strict_through_support,,0.5,False,True
2768,l2Book,1784011565953,False,False,not_evaluated,missing_same_side_strict_through_support,,0.5,False,True
2769,l2Book,1784011566478,False,False,not_evaluated,missing_same_side_strict_through_support,,0.5,False,True
2770,l2Book,1784011567033,False,False,not_evaluated,missing_same_side_strict_through_support,,0.5,False,True
2771,l2Book,1784011567569,False,False,not_evaluated,missing_same_side_strict_through_support;missing_recent_same_side_at_or_through_throughput,,0.5,False,True
2772,trades,1784011568036,False,False,not_evaluated,missing_same_side_strict_through_support,,0.5,False,True
2773,l2Book,1784011568087,False,False,not_evaluated,missing_same_side_strict_through_support,,0.5,False,True
2774,l2Book,1784011568640,False,False,not_evaluated,missing_same_side_strict_through_support,,0.5,False,True
2775,trades,1784011568773,False,False,not_evaluated,missing_same_side_strict_through_support,,0.5,False,True
2776,trades,1784011568975,False,False,not_evaluated,missing_same_side_strict_through_support,,0.5,False,True
2777,l2Book,1784011569178,False,False,not_evaluated,missing_same_side_strict_through_support,,0.5,False,True
2778,trades,1784011569649,False,False,not_evaluated,missing_same_side_strict_through_support,,0.5,False,True
2779,l2Book,1784011569705,False,False,not_evaluated,missing_same_side_strict_through_support,,0.5,False,True
2780,l2Book,1784011570252,False,False,not_evaluated,missing_same_side_strict_through_support,,0.5,False,True
2781,trades,1784011570386,False,False,not_evaluated,missing_same_side_strict_through_support,,0.5,False,True
2782,trades,1784011570589,False,False,not_evaluated,missing_same_side_strict_through_support,,0.5,False,True
2783,trades,1784011570655,False,False,not_evaluated,missing_same_side_strict_through_support,,0.5,False,True
2784,l2Book,1784011570789,False,False,not_evaluated,missing_same_side_strict_through_support,,0.5,False,True
2785,l2Book,1784011571324,False,False,not_evaluated,missing_same_side_strict_through_support,,0.5,False,True
2786,trades,1784011571800,False,False,not_evaluated,missing_same_side_strict_through_support,,0.5,False,True
2787,l2Book,1784011571867,False,False,not_evaluated,missing_same_side_strict_through_support,,0.5,False,True
2788,l2Book,1784011572390,False,False,not_evaluated,missing_same_side_strict_through_support,,0.5,False,True
2789,l2Book,1784011572941,False,False,not_evaluated,missing_same_side_strict_through_support,,0.5,False,True
2790,l2Book,1784011573486,False,False,not_evaluated,missing_same_side_strict_through_support,,0.5,False,True
2791,l2Book,1784011574023,False,False,not_evaluated,missing_same_side_strict_through_support,,0.5,False,True
2792,trades,1784011574407,False,False,not_evaluated,missing_same_side_strict_through_support,,0.5,False,True
2793,l2Book,1784011574555,False,False,not_evaluated,missing_same_side_strict_through_support,,0.5,False,True
2794,trades,1784011575033,False,False,not_evaluated,missing_same_side_strict_through_support,,0.5,False,True
2795,l2Book,1784011575100,False,False,not_evaluated,missing_same_side_strict_through_support,,0.5,False,True
2796,trades,1784011575100,False,False,not_evaluated,missing_same_side_strict_through_support,,0.5,False,True
2797,l2Book,1784011575644,False,False,not_evaluated,missing_same_side_strict_through_support,,0.5,False,True
2798,l2Book,1784011576181,False,False,not_evaluated,missing_same_side_strict_through_support,,0.5,False,True
2799,trades,1784011576383,False,False,not_evaluated,missing_same_side_strict_through_support,,0.5,False,True
2800,l2Book,1784011576694,False,False,not_evaluated,missing_same_side_strict_through_support,,0.5,False,True
2801,l2Book,1784011577260,False,False,not_evaluated,missing_same_side_strict_through_support,,0.5,False,True
2802,l2Book,1784011577797,False,False,not_evaluated,missing_same_side_strict_through_support,,0.5,False,True
2803,trades,1784011578063,False,False,not_evaluated,missing_same_side_strict_through_support,,0.5,False,True
2804,l2Book,1784011578326,False,False,not_evaluated,missing_same_side_strict_through_support,,0.5,False,True
2805,l2Book,1784011578870,False,False,not_evaluated,missing_same_side_strict_through_support,,0.5,False,True
2806,l2Book,1784011579407,False,False,not_evaluated,missing_same_side_strict_through_support,,0.5,False,True
2807,l2Book,1784011579927,False,False,not_evaluated,missing_same_side_strict_through_support,,0.5,False,True
2808,l2Book,1784011580481,False,False,not_evaluated,missing_same_side_strict_through_support,,0.5,False,True
2809,l2Book,1784011581023,False,False,not_evaluated,missing_same_side_strict_through_support,,0.5,False,True
2810,l2Book,1784011581625,False,False,not_evaluated,missing_same_side_strict_through_support;missing_recent_same_side_at_or_through_throughput,,0.5,False,True
2811,l2Book,1784011582150,False,False,not_evaluated,missing_same_side_strict_through_support;missing_recent_same_side_at_or_through_throughput,,0.5,False,True
2812,trades,1784011582232,False,False,not_evaluated,missing_same_side_strict_through_support,,0.5,False,True
2813,l2Book,1784011582701,False,False,not_evaluated,missing_same_side_strict_through_support,,0.5,False,True
2814,l2Book,1784011583238,False,False,not_evaluated,missing_same_side_strict_through_support,,0.5,False,True
2815,trades,1784011583303,False,False,not_evaluated,missing_same_side_strict_through_support,,0.5,False,True
2816,l2Book,1784011583761,False,False,not_evaluated,missing_same_side_strict_through_support,,0.5,False,True
2817,l2Book,1784011584313,False,False,not_evaluated,missing_same_side_strict_through_support,,0.5,False,True
2818,l2Book,1784011584851,False,False,not_evaluated,missing_same_side_strict_through_support,,0.5,False,True
2819,l2Book,1784011585389,False,False,not_evaluated,missing_same_side_strict_through_support,,0.5,False,True
2820,l2Book,1784011585928,False,False,not_evaluated,missing_same_side_strict_through_support,,0.5,False,True
2821,l2Book,1784011586471,False,False,not_evaluated,missing_same_side_strict_through_support;missing_recent_same_side_at_or_through_throughput,,0.5,False,True
2822,trades,1784011586738,False,False,not_evaluated,outside_quality_a_b_queue_bands,,0.5,False,True
2823,l2Book,1784011587005,False,False,not_evaluated,missing_same_side_strict_through_support;missing_touch_freshness_or_queue_reset_evidence;missing_recent_same_side_at_or_through_throughput,,0.5,False,True
2824,trades,1784011587005,False,False,not_evaluated,missing_same_side_strict_through_support;missing_touch_freshness_or_queue_reset_evidence,,0.5,False,True
2825,l2Book,1784011587563,False,False,not_evaluated,missing_same_side_strict_through_support;missing_touch_freshness_or_queue_reset_evidence,,0.5,False,True
2826,trades,1784011588024,False,False,not_evaluated,missing_same_side_strict_through_support,,0.5,False,True
2827,l2Book,1784011588098,False,False,not_evaluated,missing_same_side_strict_through_support,,0.5,False,True
2828,l2Book,1784011588701,False,False,not_evaluated,missing_same_side_strict_through_support,,0.5,False,True
2829,l2Book,1784011589236,False,False,not_evaluated,missing_same_side_strict_through_support,,0.5,False,True
2830,l2Book,1784011589773,False,False,not_evaluated,missing_same_side_strict_through_support,,0.5,False,True
2831,l2Book,1784011590311,False,False,not_evaluated,missing_same_side_strict_through_support;missing_recent_same_side_at_or_through_throughput,,0.5,False,True
2832,trades,1784011590378,False,False,not_evaluated,missing_same_side_strict_through_support;missing_recent_same_side_at_or_through_throughput,,0.5,False,True
2833,l2Book,1784011590847,False,False,not_evaluated,missing_same_side_strict_through_support;missing_recent_same_side_at_or_through_throughput,,0.5,False,True
2834,l2Book,1784011591392,False,False,not_evaluated,missing_same_side_strict_through_support;missing_recent_same_side_at_or_through_throughput,,0.5,False,True
2835,l2Book,1784011591930,False,False,not_evaluated,missing_same_side_strict_through_support;missing_recent_same_side_at_or_through_throughput,,0.5,False,True
2836,trades,1784011592000,False,False,not_evaluated,missing_same_side_strict_through_support,,0.5,False,True
2837,trades,1784011592196,False,False,not_evaluated,missing_same_side_strict_through_support,,0.5,False,True
2838,l2Book,1784011592466,False,False,not_evaluated,missing_same_side_strict_through_support,,0.5,False,True
2839,l2Book,1784011593003,False,False,not_evaluated,missing_same_side_strict_through_support,,0.5,False,True
2840,l2Book,1784011593542,False,False,not_evaluated,missing_same_side_strict_through_support,,0.5,False,True
2841,l2Book,1784011594076,False,False,not_evaluated,missing_same_side_strict_through_support,,0.5,False,True
2842,l2Book,1784011594681,False,False,not_evaluated,missing_same_side_strict_through_support,,0.5,False,True
2843,l2Book,1784011595285,False,False,not_evaluated,missing_same_side_strict_through_support;missing_recent_same_side_at_or_through_throughput,,0.5,False,True
2844,l2Book,1784011595836,False,False,not_evaluated,missing_same_side_strict_through_support;missing_recent_same_side_at_or_through_throughput,,0.5,False,True
2845,l2Book,1784011596372,False,False,not_evaluated,missing_same_side_strict_through_support;missing_recent_same_side_at_or_through_throughput,,0.5,False,True
2846,l2Book,1784011596909,False,False,not_evaluated,missing_same_side_strict_through_support;missing_recent_same_side_at_or_through_throughput,,0.5,False,True
2847,trades,1784011597310,False,False,not_evaluated,missing_same_side_strict_through_support;missing_recent_same_side_at_or_through_throughput,,0.5,False,True
2848,l2Book,1784011597430,False,False,not_evaluated,missing_same_side_strict_through_support;missing_recent_same_side_at_or_through_throughput,,0.5,False,True
2849,l2Book,1784011597980,False,False,not_evaluated,missing_same_side_strict_through_support;missing_recent_same_side_at_or_through_throughput,,0.5,False,True
2850,trades,1784011598038,False,False,not_evaluated,missing_same_side_strict_through_support,,0.5,False,True
2851,l2Book,1784011598517,False,False,not_evaluated,missing_same_side_strict_through_support;missing_touch_freshness_or_queue_reset_evidence,,0.5,False,True
2852,trades,1784011598517,False,False,not_evaluated,missing_same_side_strict_through_support;missing_touch_freshness_or_queue_reset_evidence,,0.5,False,True
2853,trades,1784011598988,False,False,not_evaluated,missing_same_side_strict_through_support,,0.5,False,True
2854,l2Book,1784011599050,False,False,not_evaluated,missing_touch_freshness_or_queue_reset_evidence,,0.5,False,True
2855,l2Book,1784011599586,False,False,not_evaluated,outside_quality_a_b_queue_bands,,0.5,False,True
2856,l2Book,1784011600125,False,False,not_evaluated,missing_touch_freshness_or_queue_reset_evidence,,0.5,False,True
2857,l2Book,1784011600665,False,False,not_evaluated,missing_touch_freshness_or_queue_reset_evidence,,0.5,False,True
2858,l2Book,1784011601201,False,False,not_evaluated,missing_same_side_strict_through_support;missing_recent_same_side_at_or_through_throughput,,0.5,False,True
2859,l2Book,1784011601737,False,False,not_evaluated,missing_same_side_strict_through_support;missing_recent_same_side_at_or_through_throughput,,0.5,False,True
2860,l2Book,1784011602273,False,False,not_evaluated,missing_same_side_strict_through_support;missing_recent_same_side_at_or_through_throughput,,0.5,False,True
2861,l2Book,1784011602878,False,False,not_evaluated,missing_same_side_strict_through_support;missing_recent_same_side_at_or_through_throughput,,0.5,False,True
2862,l2Book,1784011603481,False,False,not_evaluated,missing_same_side_strict_through_support;missing_recent_same_side_at_or_through_throughput,,0.5,False,True
2863,l2Book,1784011604085,False,False,not_evaluated,missing_same_side_strict_through_support;missing_recent_same_side_at_or_through_throughput,,0.5,False,True
2864,trades,1784011604286,False,False,not_evaluated,missing_same_side_strict_through_support;missing_recent_same_side_at_or_through_throughput,,0.5,False,True
2865,l2Book,1784011604692,False,False,not_evaluated,missing_same_side_strict_through_support;missing_recent_same_side_at_or_through_throughput,,0.5,False,True
2866,trades,1784011604890,False,False,not_evaluated,missing_same_side_strict_through_support;missing_recent_same_side_at_or_through_throughput,,0.5,False,True
2867,trades,1784011605090,False,False,not_evaluated,missing_same_side_strict_through_support;missing_recent_same_side_at_or_through_throughput,,0.5,False,True
2868,l2Book,1784011605220,False,False,not_evaluated,missing_same_side_strict_through_support;missing_recent_same_side_at_or_through_throughput,,0.5,False,True
2869,l2Book,1784011605775,False,False,not_evaluated,missing_same_side_strict_through_support;missing_recent_same_side_at_or_through_throughput,,0.5,False,True
2870,l2Book,1784011606301,False,False,not_evaluated,missing_same_side_strict_through_support;missing_recent_same_side_at_or_through_throughput,,0.5,False,True
2871,l2Book,1784011606904,False,False,not_evaluated,missing_same_side_strict_through_support;missing_recent_same_side_at_or_through_throughput,,0.5,False,True
2872,trades,1784011607106,False,False,not_evaluated,missing_same_side_strict_through_support;missing_recent_same_side_at_or_through_throughput,,0.5,False,True
2873,l2Book,1784011607446,False,False,not_evaluated,missing_same_side_strict_through_support;missing_recent_same_side_at_or_through_throughput,,0.5,False,True
2874,l2Book,1784011607987,False,False,not_evaluated,missing_same_side_strict_through_support;missing_recent_same_side_at_or_through_throughput,,0.5,False,True
2875,l2Book,1784011608512,False,False,not_evaluated,missing_same_side_strict_through_support;missing_recent_same_side_at_or_through_throughput,,0.5,False,True
2876,trades,1784011608713,False,False,not_evaluated,missing_same_side_strict_through_support;missing_recent_same_side_at_or_through_throughput,,0.5,False,True
2877,trades,1784011608766,False,False,not_evaluated,missing_same_side_strict_through_support;missing_recent_same_side_at_or_through_throughput,,0.5,False,True
2878,l2Book,1784011609033,False,False,not_evaluated,missing_same_side_strict_through_support;missing_recent_same_side_at_or_through_throughput,,0.5,False,True
2879,trades,1784011609033,False,False,not_evaluated,missing_same_side_strict_through_support;missing_recent_same_side_at_or_through_throughput,,0.5,False,True
2880,l2Book,1784011609569,False,False,not_evaluated,missing_same_side_strict_through_support;missing_recent_same_side_at_or_through_throughput,,0.5,False,True
2881,l2Book,1784011610070,False,False,not_evaluated,missing_same_side_strict_through_support;missing_recent_same_side_at_or_through_throughput,,0.5,False,True
2882,trades,1784011610070,False,False,not_evaluated,missing_same_side_strict_through_support;missing_recent_same_side_at_or_through_throughput,,0.5,False,True
2883,l2Book,1784011610581,False,False,not_evaluated,missing_same_side_strict_through_support;missing_recent_same_side_at_or_through_throughput,,0.5,False,True
2884,l2Book,1784011611127,False,False,not_evaluated,missing_same_side_strict_through_support;missing_recent_same_side_at_or_through_throughput,,0.5,False,True
2885,l2Book,1784011611682,False,False,not_evaluated,missing_same_side_strict_through_support;missing_recent_same_side_at_or_through_throughput,,0.5,False,True
2886,l2Book,1784011612291,False,False,not_evaluated,missing_same_side_strict_through_support;missing_recent_same_side_at_or_through_throughput,,0.5,False,True
2887,trades,1784011612291,False,False,not_evaluated,missing_same_side_strict_through_support,,0.5,False,True
2888,l2Book,1784011612887,False,False,not_evaluated,missing_same_side_strict_through_support,,0.5,False,True
2889,l2Book,1784011613503,False,False,not_evaluated,missing_same_side_strict_through_support,,0.5,False,True
2890,l2Book,1784011614106,False,False,not_evaluated,missing_same_side_strict_through_support,,0.5,False,True
2891,l2Book,1784011614701,False,False,not_evaluated,missing_same_side_strict_through_support,,0.5,False,True
2892,l2Book,1784011615315,False,False,not_evaluated,missing_same_side_strict_through_support;missing_recent_same_side_at_or_through_throughput,,0.5,False,True
2893,l2Book,1784011615919,False,False,not_evaluated,missing_same_side_strict_through_support;missing_recent_same_side_at_or_through_throughput,,0.5,False,True
2894,l2Book,1784011616440,False,False,not_evaluated,missing_same_side_strict_through_support;missing_recent_same_side_at_or_through_throughput,,0.5,False,True
2895,l2Book,1784011616992,False,False,not_evaluated,missing_same_side_strict_through_support;missing_recent_same_side_at_or_through_throughput,,0.5,False,True
2896,trades,1784011617126,False,False,not_evaluated,missing_same_side_strict_through_support;missing_recent_same_side_at_or_through_throughput,,0.5,False,True
2897,l2Book,1784011617533,False,False,not_evaluated,missing_same_side_strict_through_support;missing_recent_same_side_at_or_through_throughput,,0.5,False,True
2898,trades,1784011617802,False,False,not_evaluated,missing_same_side_strict_through_support;missing_recent_same_side_at_or_through_throughput,,0.5,False,True
2899,trades,1784011618003,False,False,not_evaluated,missing_same_side_strict_through_support;missing_recent_same_side_at_or_through_throughput,,0.5,False,True
2900,l2Book,1784011618136,False,False,not_evaluated,missing_same_side_strict_through_support;missing_recent_same_side_at_or_through_throughput,,0.5,False,True
2901,l2Book,1784011618674,False,False,not_evaluated,missing_same_side_strict_through_support;missing_recent_same_side_at_or_through_throughput,,0.5,False,True
2902,trades,1784011618741,False,False,not_evaluated,missing_same_side_strict_through_support;missing_recent_same_side_at_or_through_throughput,,0.5,False,True
2903,l2Book,1784011619183,False,False,not_evaluated,missing_same_side_strict_through_support;missing_recent_same_side_at_or_through_throughput,,0.5,False,True
2904,l2Book,1784011619749,False,False,not_evaluated,missing_same_side_strict_through_support;missing_recent_same_side_at_or_through_throughput,,0.5,False,True
2905,l2Book,1784011620275,False,False,not_evaluated,missing_same_side_strict_through_support;missing_recent_same_side_at_or_through_throughput,,0.5,False,True
2906,l2Book,1784011620821,False,False,not_evaluated,missing_same_side_strict_through_support;missing_recent_same_side_at_or_through_throughput,,0.5,False,True
2907,l2Book,1784011621359,False,False,not_evaluated,missing_same_side_strict_through_support;missing_recent_same_side_at_or_through_throughput,,0.5,False,True
2908,l2Book,1784011621897,False,False,not_evaluated,missing_same_side_strict_through_support;missing_recent_same_side_at_or_through_throughput,,0.5,False,True
2909,trades,1784011622015,False,False,not_evaluated,missing_same_side_strict_through_support,,0.5,False,True
2910,l2Book,1784011622443,False,False,not_evaluated,missing_same_side_strict_through_support,,0.5,False,True
2911,l2Book,1784011622976,False,False,not_evaluated,missing_same_side_strict_through_support,,0.5,False,True
2912,l2Book,1784011623513,False,False,not_evaluated,missing_same_side_strict_through_support,,0.5,False,True
2913,l2Book,1784011624031,False,False,not_evaluated,missing_same_side_strict_through_support,,0.5,False,True
2914,l2Book,1784011624588,False,False,not_evaluated,missing_same_side_strict_through_support,,0.5,False,True
2915,l2Book,1784011625120,False,False,not_evaluated,missing_same_side_strict_through_support;missing_recent_same_side_at_or_through_throughput,,0.5,False,True
2916,trades,1784011625510,False,False,not_evaluated,missing_same_side_strict_through_support;missing_recent_same_side_at_or_through_throughput,,0.5,False,True
2917,l2Book,1784011625649,False,False,not_evaluated,missing_same_side_strict_through_support;missing_recent_same_side_at_or_through_throughput,,0.5,False,True
2918,trades,1784011625726,False,False,not_evaluated,missing_same_side_strict_through_support;missing_recent_same_side_at_or_through_throughput,,0.5,False,True
2919,l2Book,1784011626164,False,False,not_evaluated,missing_same_side_strict_through_support;missing_recent_same_side_at_or_through_throughput,,0.5,False,True
2920,trades,1784011626327,False,False,not_evaluated,missing_same_side_strict_through_support,,0.5,False,True
2921,l2Book,1784011626730,False,False,not_evaluated,missing_same_side_strict_through_support,,0.5,False,True
2922,trades,1784011627066,False,False,not_evaluated,missing_same_side_strict_through_support,,0.5,False,True
2923,l2Book,1784011627268,False,False,not_evaluated,missing_same_side_strict_through_support,,0.5,False,True
2924,l2Book,1784011627819,False,False,not_evaluated,missing_same_side_strict_through_support,,0.5,False,True
2925,trades,1784011627952,False,False,not_evaluated,missing_same_side_strict_through_support,,0.5,False,True
2926,trades,1784011628015,False,False,not_evaluated,missing_same_side_strict_through_support,,0.5,False,True
2927,l2Book,1784011628356,False,False,not_evaluated,missing_same_side_strict_through_support,,0.5,False,True
2928,l2Book,1784011628894,False,False,not_evaluated,missing_same_side_strict_through_support,,0.5,False,True
2929,l2Book,1784011629431,False,False,not_evaluated,missing_same_side_strict_through_support,,0.5,False,True
2930,l2Book,1784011629969,False,False,not_evaluated,missing_same_side_strict_through_support,,0.5,False,True
2931,l2Book,1784011630505,False,False,not_evaluated,missing_same_side_strict_through_support,,0.5,False,True
2932,trades,1784011630907,False,False,not_evaluated,missing_same_side_strict_through_support,,0.5,False,True
2933,l2Book,1784011631039,False,False,not_evaluated,missing_same_side_strict_through_support,,0.5,False,True
2934,l2Book,1784011631583,False,False,not_evaluated,missing_same_side_strict_through_support,,0.5,False,True
2935,l2Book,1784011632186,False,False,not_evaluated,missing_same_side_strict_through_support,,0.5,False,True
2936,l2Book,1784011632646,False,False,not_evaluated,missing_same_side_strict_through_support,,0.5,False,True
2937,l2Book,1784011633187,False,False,not_evaluated,missing_same_side_strict_through_support,,0.5,False,True
2938,l2Book,1784011633729,False,False,not_evaluated,missing_same_side_strict_through_support,,0.5,False,True
2939,l2Book,1784011634258,False,False,not_evaluated,missing_same_side_strict_through_support;missing_recent_same_side_at_or_through_throughput,,0.5,False,True
2940,l2Book,1784011634803,False,False,not_evaluated,missing_same_side_strict_through_support;missing_recent_same_side_at_or_through_throughput,,0.5,False,True
2941,trades,1784011635002,False,False,not_evaluated,missing_same_side_strict_through_support;missing_recent_same_side_at_or_through_throughput,,0.5,False,True
2942,l2Book,1784011635344,False,False,not_evaluated,missing_same_side_strict_through_support;missing_recent_same_side_at_or_through_throughput,,0.5,False,True
2943,l2Book,1784011635867,False,False,not_evaluated,missing_same_side_strict_through_support;missing_recent_same_side_at_or_through_throughput,,0.5,False,True
2944,l2Book,1784011636423,False,False,not_evaluated,missing_same_side_strict_through_support;missing_recent_same_side_at_or_through_throughput,,0.5,False,True
2945,l2Book,1784011636961,False,False,not_evaluated,missing_same_side_strict_through_support;missing_recent_same_side_at_or_through_throughput,,0.5,False,True
2946,l2Book,1784011637495,False,False,not_evaluated,missing_same_side_strict_through_support;missing_recent_same_side_at_or_through_throughput,,0.5,False,True
2947,l2Book,1784011638033,False,False,not_evaluated,missing_same_side_strict_through_support;missing_recent_same_side_at_or_through_throughput,,0.5,False,True
2948,l2Book,1784011638569,False,False,not_evaluated,missing_same_side_strict_through_support;missing_recent_same_side_at_or_through_throughput,,0.5,False,True
2949,l2Book,1784011639105,False,False,not_evaluated,missing_same_side_strict_through_support;missing_recent_same_side_at_or_through_throughput,,0.5,False,True
2950,trades,1784011639238,False,False,not_evaluated,missing_same_side_strict_through_support;missing_recent_same_side_at_or_through_throughput,,0.5,False,True
2951,trades,1784011639508,False,False,not_evaluated,missing_same_side_strict_through_support;missing_recent_same_side_at_or_through_throughput,,0.5,False,True
2952,l2Book,1784011639640,False,False,not_evaluated,missing_same_side_strict_through_support;missing_recent_same_side_at_or_through_throughput,,0.5,False,True
2953,trades,1784011640043,False,False,not_evaluated,missing_same_side_strict_through_support,,0.5,False,True
2954,l2Book,1784011640178,False,False,not_evaluated,missing_same_side_strict_through_support,,0.5,False,True
2955,l2Book,1784011640695,False,False,not_evaluated,missing_same_side_strict_through_support,,0.5,False,True
2956,trades,1784011641096,False,False,not_evaluated,missing_same_side_strict_through_support,,0.5,False,True
2957,l2Book,1784011641240,False,False,not_evaluated,missing_same_side_strict_through_support,,0.5,False,True
2958,l2Book,1784011641786,False,False,not_evaluated,missing_same_side_strict_through_support,,0.5,False,True
2959,trades,1784011641786,False,False,not_evaluated,missing_same_side_strict_through_support,,0.5,False,True
2960,l2Book,1784011642304,False,False,not_evaluated,missing_same_side_strict_through_support,,0.5,False,True
2961,l2Book,1784011642862,False,False,not_evaluated,missing_same_side_strict_through_support,,0.5,False,True
2962,l2Book,1784011643397,False,False,not_evaluated,missing_same_side_strict_through_support;missing_recent_same_side_at_or_through_throughput,,0.5,False,True
2963,trades,1784011643464,False,False,not_evaluated,missing_same_side_strict_through_support,,0.5,False,True
2964,l2Book,1784011643926,False,False,not_evaluated,missing_same_side_strict_through_support,,0.5,False,True
2965,trades,1784011644000,False,False,not_evaluated,missing_same_side_strict_through_support,,0.5,False,True
2966,trades,1784011644406,False,False,not_evaluated,missing_same_side_strict_through_support,,0.5,False,True
2967,l2Book,1784011644473,False,False,not_evaluated,missing_same_side_strict_through_support,,0.5,False,True
2968,trades,1784011644606,False,False,not_evaluated,missing_same_side_strict_through_support,,0.5,False,True
2969,l2Book,1784011645010,False,False,not_evaluated,missing_same_side_strict_through_support,,0.5,False,True
2970,l2Book,1784011645546,False,False,not_evaluated,missing_same_side_strict_through_support,,0.5,False,True
2971,l2Book,1784011646082,False,False,not_evaluated,missing_same_side_strict_through_support,,0.5,False,True
2972,l2Book,1784011646608,False,False,not_evaluated,missing_same_side_strict_through_support;missing_recent_same_side_at_or_through_throughput,,0.5,False,True
2973,trades,1784011647014,False,False,not_evaluated,missing_same_side_strict_through_support;missing_recent_same_side_at_or_through_throughput,,0.5,False,True
2974,trades,1784011647089,False,False,not_evaluated,missing_same_side_strict_through_support,,0.5,False,True
2975,l2Book,1784011647155,False,False,not_evaluated,missing_same_side_strict_through_support,,0.5,False,True
2976,l2Book,1784011647696,False,False,not_evaluated,missing_same_side_strict_through_support,,0.5,False,True
2977,trades,1784011648100,False,False,not_evaluated,missing_same_side_strict_through_support,,0.5,False,True
2978,l2Book,1784011648225,False,False,not_evaluated,missing_same_side_strict_through_support,,0.5,False,True
2979,trades,1784011648513,False,False,not_evaluated,missing_same_side_strict_through_support,,0.5,False,True
2980,l2Book,1784011648779,False,False,not_evaluated,missing_same_side_strict_through_support,,0.5,False,True
2981,trades,1784011648911,False,False,not_evaluated,missing_same_side_strict_through_support,,0.5,False,True
2982,l2Book,1784011649313,False,False,not_evaluated,missing_same_side_strict_through_support,,0.5,False,True
2983,trades,1784011649717,False,False,not_evaluated,missing_same_side_strict_through_support,,0.5,False,True
2984,l2Book,1784011649918,False,False,not_evaluated,missing_same_side_strict_through_support,,0.5,False,True
2985,trades,1784011650121,False,False,not_evaluated,missing_same_side_strict_through_support,,0.5,False,True
2986,l2Book,1784011650450,False,False,not_evaluated,missing_same_side_strict_through_support,,0.5,False,True
2987,l2Book,1784011650991,False,False,not_evaluated,missing_same_side_strict_through_support,,0.5,False,True
2988,l2Book,1784011651529,False,False,not_evaluated,missing_same_side_strict_through_support,,0.5,False,True
2989,l2Book,1784011652064,False,False,not_evaluated,missing_same_side_strict_through_support,,0.5,False,True
2990,trades,1784011652064,False,False,not_evaluated,missing_same_side_strict_through_support,,0.5,False,True
2991,l2Book,1784011652598,False,False,not_evaluated,missing_same_side_strict_through_support,,0.5,False,True
2992,trades,1784011652598,False,False,not_evaluated,missing_same_side_strict_through_support,,0.5,False,True
2993,trades,1784011653003,False,False,not_evaluated,missing_same_side_strict_through_support,,0.5,False,True
2994,l2Book,1784011653136,False,False,not_evaluated,missing_same_side_strict_through_support,,0.5,False,True
2995,trades,1784011653203,False,False,not_evaluated,missing_same_side_strict_through_support,,0.5,False,True
2996,trades,1784011653543,False,False,not_evaluated,missing_same_side_strict_through_support,,0.5,False,True
2997,l2Book,1784011653689,False,False,not_evaluated,missing_same_side_strict_through_support,,0.5,False,True
2998,l2Book,1784011654224,False,False,not_evaluated,missing_same_side_strict_through_support,,0.5,False,True
2999,l2Book,1784011654760,False,False,not_evaluated,missing_same_side_strict_through_support,,0.5,False,True
3000,trades,1784011654828,False,False,not_evaluated,missing_same_side_strict_through_support,,0.5,False,True
3001,l2Book,1784011655295,False,False,not_evaluated,missing_same_side_strict_through_support,,0.5,False,True
3002,l2Book,1784011655831,False,False,not_evaluated,missing_same_side_strict_through_support,,0.5,False,True
3003,l2Book,1784011656370,False,False,not_evaluated,missing_same_side_strict_through_support,,0.5,False,True
3004,l2Book,1784011656906,False,False,not_evaluated,missing_touch_freshness_or_queue_reset_evidence,,0.5,False,True
3005,l2Book,1784011657435,False,False,not_evaluated,outside_quality_a_b_queue_bands,,0.5,False,True
3006,l2Book,1784011657978,False,False,not_evaluated,missing_same_side_strict_through_support;missing_recent_same_side_at_or_through_throughput,,0.5,False,True
3007,trades,1784011658043,False,False,not_evaluated,missing_same_side_strict_through_support,,0.5,False,True
3008,l2Book,1784011658514,False,False,not_evaluated,missing_touch_freshness_or_queue_reset_evidence,,0.5,False,True
3009,l2Book,1784011659057,False,False,not_evaluated,missing_touch_freshness_or_queue_reset_evidence,,0.5,False,True
3010,trades,1784011659395,False,False,not_evaluated,outside_quality_a_b_queue_bands,,0.5,False,True
3011,l2Book,1784011659596,False,False,not_evaluated,outside_quality_a_b_queue_bands,,0.5,False,True
3012,l2Book,1784011660133,False,False,not_evaluated,outside_quality_a_b_queue_bands,,0.5,False,True
3013,l2Book,1784011660668,False,False,not_evaluated,outside_quality_a_b_queue_bands,,0.5,False,True
3014,l2Book,1784011661208,False,False,not_evaluated,missing_same_side_strict_through_support;missing_recent_same_side_at_or_through_throughput,,0.5,False,True
3015,trades,1784011661345,False,False,not_evaluated,missing_same_side_strict_through_support;missing_recent_same_side_at_or_through_throughput,,0.5,False,True
3016,l2Book,1784011661749,False,False,not_evaluated,missing_same_side_strict_through_support;missing_recent_same_side_at_or_through_throughput,,0.5,False,True
3017,l2Book,1784011662287,False,False,not_evaluated,missing_same_side_strict_through_support;missing_recent_same_side_at_or_through_throughput,,0.5,False,True
3018,l2Book,1784011662819,False,False,not_evaluated,missing_same_side_strict_through_support;missing_recent_same_side_at_or_through_throughput,,0.5,False,True
3019,l2Book,1784011663359,False,False,not_evaluated,missing_same_side_strict_through_support;missing_recent_same_side_at_or_through_throughput,,0.5,False,True
3020,l2Book,1784011663897,False,False,not_evaluated,missing_same_side_strict_through_support;missing_recent_same_side_at_or_through_throughput,,0.5,False,True
3021,l2Book,1784011664427,False,False,not_evaluated,missing_same_side_strict_through_support;missing_recent_same_side_at_or_through_throughput,,0.5,False,True
3022,l2Book,1784011664968,False,False,not_evaluated,missing_same_side_strict_through_support;missing_recent_same_side_at_or_through_throughput,,0.5,False,True
3023,trades,1784011665030,False,False,not_evaluated,missing_same_side_strict_through_support;missing_recent_same_side_at_or_through_throughput,,0.5,False,True
3024,trades,1784011665095,False,False,not_evaluated,missing_same_side_strict_through_support;missing_recent_same_side_at_or_through_throughput,,0.5,False,True
3025,l2Book,1784011665504,False,False,not_evaluated,missing_same_side_strict_through_support;missing_recent_same_side_at_or_through_throughput,,0.5,False,True
3026,trades,1784011665707,False,False,not_evaluated,missing_same_side_strict_through_support;missing_recent_same_side_at_or_through_throughput,,0.5,False,True
3027,l2Book,1784011666036,False,False,not_evaluated,missing_same_side_strict_through_support;missing_recent_same_side_at_or_through_throughput,,0.5,False,True
3028,l2Book,1784011666576,False,False,not_evaluated,missing_same_side_strict_through_support;missing_recent_same_side_at_or_through_throughput,,0.5,False,True
3029,l2Book,1784011667105,False,False,not_evaluated,missing_same_side_strict_through_support;missing_recent_same_side_at_or_through_throughput,,0.5,False,True
3030,l2Book,1784011667643,False,False,not_evaluated,missing_same_side_strict_through_support;missing_recent_same_side_at_or_through_throughput,,0.5,False,True
3031,l2Book,1784011668191,False,False,not_evaluated,missing_same_side_strict_through_support;missing_recent_same_side_at_or_through_throughput,,0.5,False,True
3032,l2Book,1784011668726,False,False,not_evaluated,missing_same_side_strict_through_support;missing_recent_same_side_at_or_through_throughput,,0.5,False,True
3033,l2Book,1784011669252,False,False,not_evaluated,missing_same_side_strict_through_support;missing_recent_same_side_at_or_through_throughput,,0.5,False,True
3034,trades,1784011669526,False,False,not_evaluated,missing_same_side_strict_through_support;missing_recent_same_side_at_or_through_throughput,,0.5,False,True
3035,l2Book,1784011669806,False,False,not_evaluated,missing_same_side_strict_through_support;missing_recent_same_side_at_or_through_throughput,,0.5,False,True
3036,l2Book,1784011670344,False,False,not_evaluated,missing_same_side_strict_through_support;missing_recent_same_side_at_or_through_throughput,,0.5,False,True
3037,l2Book,1784011670861,False,False,not_evaluated,missing_same_side_strict_through_support;missing_recent_same_side_at_or_through_throughput,,0.5,False,True
3038,l2Book,1784011671395,False,False,not_evaluated,missing_same_side_strict_through_support;missing_recent_same_side_at_or_through_throughput,,0.5,False,True
3039,l2Book,1784011671956,False,False,not_evaluated,missing_same_side_strict_through_support;missing_recent_same_side_at_or_through_throughput,,0.5,False,True
3040,trades,1784011672023,False,False,not_evaluated,missing_same_side_strict_through_support,,0.5,False,True
3041,trades,1784011672090,False,False,not_evaluated,missing_same_side_strict_through_support,,0.5,False,True
3042,l2Book,1784011672493,False,False,not_evaluated,missing_same_side_strict_through_support,,0.5,False,True
3043,l2Book,1784011673032,False,False,not_evaluated,missing_same_side_strict_through_support,,0.5,False,True
3044,l2Book,1784011673556,False,False,not_evaluated,missing_same_side_strict_through_support,,0.5,False,True
3045,trades,1784011673770,False,False,not_evaluated,missing_same_side_strict_through_support,,0.5,False,True
3046,trades,1784011673836,False,False,not_evaluated,missing_same_side_strict_through_support,,0.5,False,True
3047,l2Book,1784011674104,False,False,not_evaluated,missing_same_side_strict_through_support,,0.5,False,True
3048,l2Book,1784011674708,False,False,not_evaluated,missing_same_side_strict_through_support,,0.5,False,True
3049,l2Book,1784011675313,False,False,not_evaluated,missing_same_side_strict_through_support,,0.5,False,True
3050,l2Book,1784011675821,False,False,not_evaluated,missing_same_side_strict_through_support,,0.5,False,True
3051,trades,1784011676152,False,False,not_evaluated,missing_same_side_strict_through_support,,0.5,False,True
3052,l2Book,1784011676355,False,False,not_evaluated,missing_same_side_strict_through_support,,0.5,False,True
3053,trades,1784011676557,False,False,not_evaluated,missing_same_side_strict_through_support,,0.5,False,True
3054,l2Book,1784011676890,False,False,not_evaluated,missing_same_side_strict_through_support;missing_recent_same_side_at_or_through_throughput,,0.5,False,True
3055,trades,1784011676890,False,False,not_evaluated,missing_same_side_strict_through_support;missing_recent_same_side_at_or_through_throughput,,0.5,False,True
3056,trades,1784011677036,False,False,not_evaluated,missing_same_side_strict_through_support;missing_recent_same_side_at_or_through_throughput,,0.5,False,True
3057,l2Book,1784011677442,False,False,not_evaluated,missing_same_side_strict_through_support;missing_recent_same_side_at_or_through_throughput,,0.5,False,True
3058,l2Book,1784011677996,False,False,not_evaluated,missing_same_side_strict_through_support;missing_recent_same_side_at_or_through_throughput,,0.5,False,True
3059,trades,1784011678049,False,False,not_evaluated,missing_same_side_strict_through_support;missing_recent_same_side_at_or_through_throughput,,0.5,False,True
3060,l2Book,1784011678531,False,False,not_evaluated,missing_same_side_strict_through_support;missing_recent_same_side_at_or_through_throughput,,0.5,False,True
3061,l2Book,1784011679059,False,False,not_evaluated,missing_same_side_strict_through_support;missing_recent_same_side_at_or_through_throughput,,0.5,False,True
3062,trades,1784011679134,False,False,not_evaluated,missing_same_side_strict_through_support;missing_recent_same_side_at_or_through_throughput,,0.5,False,True
3063,trades,1784011679468,False,False,not_evaluated,missing_same_side_strict_through_support;missing_recent_same_side_at_or_through_throughput,,0.5,False,True
3064,l2Book,1784011679670,False,False,not_evaluated,missing_same_side_strict_through_support;missing_recent_same_side_at_or_through_throughput,,0.5,False,True
3065,l2Book,1784011680201,False,False,not_evaluated,missing_same_side_strict_through_support;missing_recent_same_side_at_or_through_throughput,,0.5,False,True
3066,l2Book,1784011680748,False,False,not_evaluated,missing_same_side_strict_through_support;missing_recent_same_side_at_or_through_throughput,,0.5,False,True
3067,trades,1784011681150,False,False,not_evaluated,missing_same_side_strict_through_support,,0.5,False,True
3068,l2Book,1784011681283,False,False,not_evaluated,missing_same_side_strict_through_support,,0.5,False,True
3069,l2Book,1784011681891,False,False,not_evaluated,missing_same_side_strict_through_support,,0.5,False,True
3070,trades,1784011681891,False,False,not_evaluated,missing_same_side_strict_through_support,,0.5,False,True
3071,trades,1784011682092,False,False,not_evaluated,missing_same_side_strict_through_support,,0.5,False,True
3072,l2Book,1784011682427,False,False,not_evaluated,missing_same_side_strict_through_support,,0.5,False,True
3073,trades,1784011682900,False,False,not_evaluated,missing_same_side_strict_through_support,,0.5,False,True
3074,l2Book,1784011682966,False,False,not_evaluated,missing_same_side_strict_through_support,,0.5,False,True
3075,l2Book,1784011683503,False,False,not_evaluated,missing_same_side_strict_through_support,,0.5,False,True
3076,l2Book,1784011684039,False,False,not_evaluated,missing_same_side_strict_through_support,,0.5,False,True
3077,l2Book,1784011684550,False,False,not_evaluated,missing_same_side_strict_through_support,,0.5,False,True
3078,l2Book,1784011685116,False,False,not_evaluated,missing_same_side_strict_through_support,,0.5,False,True
3079,trades,1784011685586,False,False,not_evaluated,missing_same_side_strict_through_support,,0.5,False,True
3080,l2Book,1784011685720,False,False,not_evaluated,missing_same_side_strict_through_support,,0.5,False,True
3081,trades,1784011685720,False,False,not_evaluated,missing_same_side_strict_through_support,,0.5,False,True
3082,l2Book,1784011686269,False,False,not_evaluated,missing_same_side_strict_through_support,,0.5,False,True
3083,trades,1784011686269,False,False,not_evaluated,missing_same_side_strict_through_support,,0.5,False,True
3084,l2Book,1784011686795,False,False,not_evaluated,missing_same_side_strict_through_support,,0.5,False,True
3085,l2Book,1784011687331,False,False,not_evaluated,missing_same_side_strict_through_support,,0.5,False,True
3086,l2Book,1784011687865,False,False,not_evaluated,missing_same_side_strict_through_support,,0.5,False,True
3087,trades,1784011688068,False,False,not_evaluated,missing_same_side_strict_through_support,,0.5,False,True
3088,l2Book,1784011688392,False,False,not_evaluated,missing_same_side_strict_through_support,,0.5,False,True
3089,l2Book,1784011688943,False,False,not_evaluated,missing_same_side_strict_through_support,,0.5,False,True
3090,l2Book,1784011689482,False,False,not_evaluated,missing_same_side_strict_through_support,,0.5,False,True
3091,trades,1784011689482,False,False,not_evaluated,missing_same_side_strict_through_support,,0.5,False,True
3092,l2Book,1784011690010,False,False,not_evaluated,missing_same_side_strict_through_support,,0.5,False,True
3093,l2Book,1784011690559,False,False,not_evaluated,missing_same_side_strict_through_support,,0.5,False,True
3094,l2Book,1784011691077,False,False,not_evaluated,missing_same_side_strict_through_support,,0.5,False,True
3095,l2Book,1784011691628,False,False,not_evaluated,missing_same_side_strict_through_support,,0.5,False,True
3096,trades,1784011691705,False,False,not_evaluated,missing_same_side_strict_through_support,,0.5,False,True
3097,l2Book,1784011692172,False,False,not_evaluated,missing_same_side_strict_through_support,,0.5,False,True
3098,l2Book,1784011692714,False,False,not_evaluated,missing_same_side_strict_through_support;missing_recent_same_side_at_or_through_throughput,,0.5,False,True
3099,l2Book,1784011693247,False,False,not_evaluated,missing_same_side_strict_through_support;missing_recent_same_side_at_or_through_throughput,,0.5,False,True
3100,l2Book,1784011693780,False,False,not_evaluated,missing_same_side_strict_through_support;missing_recent_same_side_at_or_through_throughput,,0.5,False,True
3101,l2Book,1784011694302,False,False,not_evaluated,missing_same_side_strict_through_support;missing_recent_same_side_at_or_through_throughput,,0.5,False,True
3102,l2Book,1784011694845,False,False,not_evaluated,missing_same_side_strict_through_support;missing_recent_same_side_at_or_through_throughput,,0.5,False,True
3103,trades,1784011695047,False,False,not_evaluated,missing_same_side_strict_through_support;missing_recent_same_side_at_or_through_throughput,,0.5,False,True
3104,l2Book,1784011695351,False,False,not_evaluated,missing_same_side_strict_through_support;missing_recent_same_side_at_or_through_throughput,,0.5,False,True
3105,l2Book,1784011695858,False,False,not_evaluated,missing_same_side_strict_through_support;missing_recent_same_side_at_or_through_throughput,,0.5,False,True
3106,l2Book,1784011696414,False,False,not_evaluated,missing_same_side_strict_through_support;missing_recent_same_side_at_or_through_throughput,,0.5,False,True
3107,l2Book,1784011696953,False,False,not_evaluated,missing_same_side_strict_through_support;missing_recent_same_side_at_or_through_throughput,,0.5,False,True
3108,l2Book,1784011697484,False,False,not_evaluated,missing_same_side_strict_through_support;missing_recent_same_side_at_or_through_throughput,,0.5,False,True
3109,trades,1784011697898,False,False,not_evaluated,missing_same_side_strict_through_support,,0.5,False,True
3110,l2Book,1784011698033,False,False,not_evaluated,missing_same_side_strict_through_support,,0.5,False,True
3111,l2Book,1784011698576,False,False,not_evaluated,missing_same_side_strict_through_support,,0.5,False,True
3112,l2Book,1784011699103,False,False,not_evaluated,missing_same_side_strict_through_support,,0.5,False,True
3113,l2Book,1784011699652,False,False,not_evaluated,missing_same_side_strict_through_support,,0.5,False,True
3114,l2Book,1784011700187,False,False,not_evaluated,missing_same_side_strict_through_support,,0.5,False,True
3115,l2Book,1784011700791,False,False,not_evaluated,missing_same_side_strict_through_support,,0.5,False,True
3116,l2Book,1784011701314,False,False,not_evaluated,missing_same_side_strict_through_support;missing_recent_same_side_at_or_through_throughput,,0.5,False,True
3117,l2Book,1784011701866,False,False,not_evaluated,missing_same_side_strict_through_support;missing_recent_same_side_at_or_through_throughput,,0.5,False,True
3118,trades,1784011702068,False,False,not_evaluated,missing_same_side_strict_through_support;missing_recent_same_side_at_or_through_throughput,,0.5,False,True
3119,l2Book,1784011702405,False,False,not_evaluated,missing_same_side_strict_through_support;missing_recent_same_side_at_or_through_throughput,,0.5,False,True
3120,l2Book,1784011702934,False,False,not_evaluated,missing_same_side_strict_through_support;missing_recent_same_side_at_or_through_throughput,,0.5,False,True
3121,l2Book,1784011703462,False,False,not_evaluated,missing_same_side_strict_through_support;missing_recent_same_side_at_or_through_throughput,,0.5,False,True
3122,l2Book,1784011704013,False,False,not_evaluated,missing_same_side_strict_through_support;missing_recent_same_side_at_or_through_throughput,,0.5,False,True
3123,l2Book,1784011704553,False,False,not_evaluated,missing_same_side_strict_through_support;missing_recent_same_side_at_or_through_throughput,,0.5,False,True
3124,l2Book,1784011705154,False,False,not_evaluated,missing_same_side_strict_through_support;missing_recent_same_side_at_or_through_throughput,,0.5,False,True
3125,l2Book,1784011705690,False,False,not_evaluated,missing_same_side_strict_through_support;missing_recent_same_side_at_or_through_throughput,,0.5,False,True
3126,l2Book,1784011706236,False,False,not_evaluated,missing_same_side_strict_through_support;missing_recent_same_side_at_or_through_throughput,,0.5,False,True
3127,l2Book,1784011706775,False,False,not_evaluated,missing_same_side_strict_through_support;missing_recent_same_side_at_or_through_throughput,,0.5,False,True
3128,trades,1784011707040,False,False,not_evaluated,missing_same_side_strict_through_support;missing_recent_same_side_at_or_through_throughput,,0.5,False,True
3129,l2Book,1784011707309,False,False,not_evaluated,missing_same_side_strict_through_support;missing_recent_same_side_at_or_through_throughput,,0.5,False,True
3130,l2Book,1784011707854,False,False,not_evaluated,missing_same_side_strict_through_support;missing_recent_same_side_at_or_through_throughput,,0.5,False,True
3131,trades,1784011708053,False,False,not_evaluated,missing_same_side_strict_through_support;missing_recent_same_side_at_or_through_throughput,,0.5,False,True
3132,l2Book,1784011708386,False,False,not_evaluated,missing_same_side_strict_through_support;missing_recent_same_side_at_or_through_throughput,,0.5,False,True
3133,l2Book,1784011708906,False,False,not_evaluated,missing_same_side_strict_through_support;missing_recent_same_side_at_or_through_throughput,,0.5,False,True
3134,l2Book,1784011709468,False,False,not_evaluated,missing_same_side_strict_through_support;missing_recent_same_side_at_or_through_throughput,,0.5,False,True
3135,l2Book,1784011710003,False,False,not_evaluated,missing_same_side_strict_through_support;missing_recent_same_side_at_or_through_throughput,,0.5,False,True
3136,l2Book,1784011710523,False,False,not_evaluated,missing_same_side_strict_through_support;missing_recent_same_side_at_or_through_throughput,,0.5,False,True
3137,l2Book,1784011711130,False,False,not_evaluated,missing_same_side_strict_through_support;missing_recent_same_side_at_or_through_throughput,,0.5,False,True
3138,l2Book,1784011711614,False,False,not_evaluated,missing_same_side_strict_through_support;missing_recent_same_side_at_or_through_throughput,,0.5,False,True
3139,trades,1784011712017,False,False,not_evaluated,missing_same_side_strict_through_support,,0.5,False,True
3140,l2Book,1784011712219,False,False,not_evaluated,missing_same_side_strict_through_support,,0.5,False,True
3141,trades,1784011712621,False,False,not_evaluated,missing_same_side_strict_through_support,,0.5,False,True
3142,l2Book,1784011712747,False,False,not_evaluated,missing_same_side_strict_through_support,,0.5,False,True
3143,l2Book,1784011713352,False,False,not_evaluated,missing_same_side_strict_through_support,,0.5,False,True
3144,trades,1784011713426,False,False,not_evaluated,missing_same_side_strict_through_support,,0.5,False,True
3145,l2Book,1784011713889,False,False,not_evaluated,missing_same_side_strict_through_support,,0.5,False,True
3146,l2Book,1784011714432,False,False,not_evaluated,missing_same_side_strict_through_support,,0.5,False,True
3147,l2Book,1784011714969,False,False,not_evaluated,missing_same_side_strict_through_support,,0.5,False,True
3148,l2Book,1784011715504,False,False,not_evaluated,missing_same_side_strict_through_support,,0.5,False,True
3149,l2Book,1784011716042,False,False,not_evaluated,missing_same_side_strict_through_support;missing_recent_same_side_at_or_through_throughput,,0.5,False,True
3150,l2Book,1784011716581,False,False,not_evaluated,missing_same_side_strict_through_support;missing_recent_same_side_at_or_through_throughput,,0.5,False,True
3151,l2Book,1784011717119,False,False,not_evaluated,missing_same_side_strict_through_support;missing_recent_same_side_at_or_through_throughput,,0.5,False,True
3152,l2Book,1784011717657,False,False,not_evaluated,missing_same_side_strict_through_support;missing_recent_same_side_at_or_through_throughput,,0.5,False,True
3153,trades,1784011718059,False,False,not_evaluated,missing_same_side_strict_through_support,,0.5,False,True
3154,l2Book,1784011718196,False,False,not_evaluated,missing_same_side_strict_through_support,,0.5,False,True
3155,l2Book,1784011718710,False,False,not_evaluated,missing_same_side_strict_through_support,,0.5,False,True
3156,l2Book,1784011719254,False,False,not_evaluated,missing_same_side_strict_through_support,,0.5,False,True
3157,trades,1784011719657,True,True,edge_gate_block,fair_mid_source_stale,0.000706,0.5,False,False
3158,l2Book,1784011720325,False,False,not_evaluated,missing_same_side_strict_through_support,,0.5,False,True
3159,trades,1784011720608,False,False,not_evaluated,missing_same_side_strict_through_support,,0.5,False,True
3160,l2Book,1784011720870,False,False,not_evaluated,missing_same_side_strict_through_support,,0.5,False,True
3161,l2Book,1784011721408,False,False,not_evaluated,missing_same_side_strict_through_support,,0.5,False,True
3162,trades,1784011721810,False,False,not_evaluated,missing_same_side_strict_through_support,,0.5,False,True
3163,l2Book,1784011721944,False,False,not_evaluated,missing_same_side_strict_through_support,,0.5,False,True
3164,l2Book,1784011722483,False,False,not_evaluated,missing_same_side_strict_through_support,,0.5,False,True
3165,l2Book,1784011723019,False,False,not_evaluated,missing_same_side_strict_through_support,,0.5,False,True
3166,l2Book,1784011723546,False,False,not_evaluated,missing_same_side_strict_through_support,,0.5,False,True
3167,l2Book,1784011724073,False,False,not_evaluated,missing_same_side_strict_through_support;missing_recent_same_side_at_or_through_throughput,,0.5,False,True
3168,trades,1784011724563,False,False,not_evaluated,missing_same_side_strict_through_support,,0.5,False,True
3169,l2Book,1784011724615,False,False,not_evaluated,missing_same_side_strict_through_support,,0.5,False,True
3170,trades,1784011725020,False,False,not_evaluated,missing_same_side_strict_through_support,,0.5,False,True
3171,l2Book,1784011725140,False,False,not_evaluated,missing_same_side_strict_through_support,,0.5,False,True
3172,trades,1784011725625,False,False,not_evaluated,missing_same_side_strict_through_support,,0.5,False,True
3173,l2Book,1784011725692,False,False,not_evaluated,missing_same_side_strict_through_support,,0.5,False,True
3174,l2Book,1784011726232,False,False,not_evaluated,missing_same_side_strict_through_support,,0.5,False,True
3175,l2Book,1784011726774,False,False,not_evaluated,missing_same_side_strict_through_support,,0.5,False,True
3176,l2Book,1784011727311,False,False,not_evaluated,missing_same_side_strict_through_support,,0.5,False,True
3177,trades,1784011727445,False,False,not_evaluated,missing_same_side_strict_through_support,,0.5,False,True
3178,l2Book,1784011727853,False,False,not_evaluated,missing_same_side_strict_through_support,,0.5,False,True
3179,l2Book,1784011728384,False,False,not_evaluated,missing_same_side_strict_through_support,,0.5,False,True
3180,l2Book,1784011728930,False,False,not_evaluated,missing_same_side_strict_through_support,,0.5,False,True
3181,l2Book,1784011729472,False,False,not_evaluated,missing_same_side_strict_through_support,,0.5,False,True
3182,l2Book,1784011729994,False,False,not_evaluated,missing_same_side_strict_through_support,,0.5,False,True
3183,l2Book,1784011730541,False,False,not_evaluated,missing_same_side_strict_through_support;missing_recent_same_side_at_or_through_throughput,,0.5,False,True
3184,trades,1784011730744,False,False,not_evaluated,missing_same_side_strict_through_support,,0.5,False,True
3185,l2Book,1784011731054,False,False,not_evaluated,missing_same_side_strict_through_support,,0.5,False,True
3186,l2Book,1784011731601,False,False,not_evaluated,missing_same_side_strict_through_support,,0.5,False,True
3187,l2Book,1784011732148,False,False,not_evaluated,missing_same_side_strict_through_support,,0.5,False,True
3188,l2Book,1784011732677,False,False,not_evaluated,missing_same_side_strict_through_support,,0.5,False,True
3189,l2Book,1784011733211,False,False,not_evaluated,missing_same_side_strict_through_support,,0.5,False,True
3190,l2Book,1784011733764,False,False,not_evaluated,missing_same_side_strict_through_support;missing_recent_same_side_at_or_through_throughput,,0.5,False,True
3191,l2Book,1784011734265,False,False,not_evaluated,missing_same_side_strict_through_support;missing_recent_same_side_at_or_through_throughput,,0.5,False,True
3192,l2Book,1784011734767,False,False,not_evaluated,missing_same_side_strict_through_support;missing_recent_same_side_at_or_through_throughput,,0.5,False,True
3193,trades,1784011735170,False,False,not_evaluated,missing_same_side_strict_through_support;missing_recent_same_side_at_or_through_throughput,,0.5,False,True
3194,l2Book,1784011735304,False,False,not_evaluated,missing_same_side_strict_through_support;missing_recent_same_side_at_or_through_throughput,,0.5,False,True
3195,l2Book,1784011735824,False,False,not_evaluated,missing_same_side_strict_through_support;missing_recent_same_side_at_or_through_throughput,,0.5,False,True
3196,l2Book,1784011736376,False,False,not_evaluated,missing_same_side_strict_through_support;missing_recent_same_side_at_or_through_throughput,,0.5,False,True
3197,l2Book,1784011736913,False,False,not_evaluated,missing_same_side_strict_through_support;missing_recent_same_side_at_or_through_throughput,,0.5,False,True
3198,trades,1784011737031,False,False,not_evaluated,missing_same_side_strict_through_support;missing_recent_same_side_at_or_through_throughput,,0.5,False,True
3199,trades,1784011737115,False,False,not_evaluated,missing_same_side_strict_through_support,,0.5,False,True
3200,l2Book,1784011737432,False,False,not_evaluated,missing_same_side_strict_through_support,,0.5,False,True
3201,l2Book,1784011737988,False,False,not_evaluated,missing_same_side_strict_through_support,,0.5,False,True
3202,trades,1784011738039,False,False,not_evaluated,missing_same_side_strict_through_support,,0.5,False,True
3203,trades,1784011738188,False,False,not_evaluated,missing_same_side_strict_through_support,,0.5,False,True
3204,l2Book,1784011738525,False,False,not_evaluated,missing_same_side_strict_through_support,,0.5,False,True
3205,l2Book,1784011739040,False,False,not_evaluated,missing_same_side_strict_through_support,,0.5,False,True
3206,l2Book,1784011739584,False,False,not_evaluated,missing_same_side_strict_through_support,,0.5,False,True
3207,trades,1784011739733,False,False,not_evaluated,missing_same_side_strict_through_support,,0.5,False,True
3208,l2Book,1784011740136,False,False,not_evaluated,missing_same_side_strict_through_support,,0.5,False,True
3209,l2Book,1784011740649,False,False,not_evaluated,missing_same_side_strict_through_support,,0.5,False,True
3210,l2Book,1784011741172,False,False,not_evaluated,missing_same_side_strict_through_support,,0.5,False,True
3211,l2Book,1784011741710,False,False,not_evaluated,missing_same_side_strict_through_support;missing_touch_freshness_or_queue_reset_evidence;missing_recent_same_side_at_or_through_throughput,,0.5,False,True
3212,trades,1784011741857,False,False,not_evaluated,missing_touch_freshness_or_queue_reset_evidence,,0.5,False,True
3213,trades,1784011741979,True,True,anti_drift_block,adverse_trade_pressure_with_recent_adverse_bbo,0.000681,0.5,False,True
3214,trades,1784011742059,True,True,anti_drift_block,adverse_trade_pressure_with_recent_adverse_bbo,0.000685,0.5,False,True
3215,l2Book,1784011742261,False,False,not_evaluated,missing_same_side_strict_through_support;missing_touch_freshness_or_queue_reset_evidence,,0.5,False,True
3216,trades,1784011742595,False,False,not_evaluated,missing_same_side_strict_through_support,,0.5,False,True
3217,l2Book,1784011742795,False,False,not_evaluated,missing_same_side_strict_through_support,,0.5,False,True
3218,l2Book,1784011743330,False,False,not_evaluated,missing_same_side_strict_through_support,,0.5,False,True
3219,trades,1784011743330,False,False,not_evaluated,missing_same_side_strict_through_support,,0.5,False,True
3220,l2Book,1784011743868,False,False,not_evaluated,missing_same_side_strict_through_support,,0.5,False,True
3221,trades,1784011743936,False,False,not_evaluated,missing_same_side_strict_through_support,,0.5,False,True
3222,trades,1784011744213,False,False,not_evaluated,missing_same_side_strict_through_support,,0.5,False,True
3223,l2Book,1784011744415,False,False,not_evaluated,missing_same_side_strict_through_support,,0.5,False,True
3224,l2Book,1784011744950,False,False,not_evaluated,missing_same_side_strict_through_support,,0.5,False,True
3225,l2Book,1784011745479,False,False,not_evaluated,missing_same_side_strict_through_support,,0.5,False,True
3226,l2Book,1784011746029,False,False,not_evaluated,missing_same_side_strict_through_support,,0.5,False,True
3227,l2Book,1784011746541,False,False,not_evaluated,missing_same_side_strict_through_support;missing_recent_same_side_at_or_through_throughput,,0.5,False,True
3228,trades,1784011747035,False,False,not_evaluated,missing_same_side_strict_through_support,,0.5,False,True
3229,l2Book,1784011747088,False,False,not_evaluated,missing_same_side_strict_through_support,,0.5,False,True
3230,trades,1784011747238,False,False,not_evaluated,missing_same_side_strict_through_support,,0.5,False,True
3231,l2Book,1784011747638,False,False,not_evaluated,missing_same_side_strict_through_support,,0.5,False,True
3232,trades,1784011748049,False,False,not_evaluated,missing_same_side_strict_through_support,,0.5,False,True
3233,l2Book,1784011748159,False,False,not_evaluated,missing_same_side_strict_through_support,,0.5,False,True
3234,trades,1784011748652,False,False,not_evaluated,missing_same_side_strict_through_support,,0.5,False,True
3235,l2Book,1784011748718,False,False,not_evaluated,missing_same_side_strict_through_support,,0.5,False,True
3236,trades,1784011749053,False,False,not_evaluated,missing_same_side_strict_through_support,,0.5,False,True
3237,l2Book,1784011749255,False,False,not_evaluated,missing_same_side_strict_through_support,,0.5,False,True
3238,trades,1784011749459,False,False,not_evaluated,missing_same_side_strict_through_support,,0.5,False,True
3239,l2Book,1784011749860,False,False,not_evaluated,missing_same_side_strict_through_support,,0.5,False,True
3240,trades,1784011749860,False,False,not_evaluated,missing_same_side_strict_through_support,,0.5,False,True
3241,trades,1784011750062,False,False,not_evaluated,missing_same_side_strict_through_support,,0.5,False,True
3242,trades,1784011750128,False,False,not_evaluated,missing_same_side_strict_through_support,,0.5,False,True
3243,l2Book,1784011750387,False,False,not_evaluated,missing_same_side_strict_through_support,,0.5,False,True
3244,trades,1784011750387,False,False,not_evaluated,missing_same_side_strict_through_support,,0.5,False,True
3245,l2Book,1784011750918,False,False,not_evaluated,missing_same_side_strict_through_support,,0.5,False,True
3246,l2Book,1784011751470,False,False,not_evaluated,missing_same_side_strict_through_support,,0.5,False,True
3247,l2Book,1784011752003,False,False,not_evaluated,missing_same_side_strict_through_support,,0.5,False,True
3248,l2Book,1784011752537,False,False,not_evaluated,missing_same_side_strict_through_support,,0.5,False,True
3249,l2Book,1784011753144,False,False,not_evaluated,missing_same_side_strict_through_support,,0.5,False,True
3250,l2Book,1784011753616,False,False,not_evaluated,missing_same_side_strict_through_support;missing_recent_same_side_at_or_through_throughput,,0.5,False,True
3251,l2Book,1784011754154,False,False,not_evaluated,missing_same_side_strict_through_support;missing_recent_same_side_at_or_through_throughput,,0.5,False,True
3252,trades,1784011754154,False,False,not_evaluated,missing_same_side_strict_through_support,,0.5,False,True
3253,trades,1784011754287,False,False,not_evaluated,missing_same_side_strict_through_support,,0.5,False,True
3254,l2Book,1784011754690,False,False,not_evaluated,missing_same_side_strict_through_support,,0.5,False,True
3255,trades,1784011755025,False,False,not_evaluated,missing_same_side_strict_through_support,,0.5,False,True
3256,l2Book,1784011755228,False,False,not_evaluated,missing_same_side_strict_through_support,,0.5,False,True
3257,trades,1784011755423,False,False,not_evaluated,missing_same_side_strict_through_support,,0.5,False,True
3258,trades,1784011755673,False,False,not_evaluated,missing_same_side_strict_through_support,,0.5,False,True
3259,l2Book,1784011755737,False,False,not_evaluated,missing_same_side_strict_through_support,,0.5,False,True
3260,l2Book,1784011756239,False,False,not_evaluated,missing_same_side_strict_through_support,,0.5,False,True
3261,l2Book,1784011756760,False,False,not_evaluated,missing_same_side_strict_through_support,,0.5,False,True
3262,l2Book,1784011757348,False,False,not_evaluated,missing_same_side_strict_through_support,,0.5,False,True
3263,l2Book,1784011757873,False,False,not_evaluated,missing_same_side_strict_through_support,,0.5,False,True
3264,l2Book,1784011758378,False,False,not_evaluated,missing_same_side_strict_through_support,,0.5,False,True
3265,trades,1784011758438,False,False,not_evaluated,missing_same_side_strict_through_support,,0.5,False,True
3266,l2Book,1784011758985,False,False,not_evaluated,missing_same_side_strict_through_support;missing_touch_freshness_or_queue_reset_evidence;missing_recent_same_side_at_or_through_throughput,,0.5,False,True
3267,l2Book,1784011759524,False,False,not_evaluated,missing_same_side_strict_through_support;missing_touch_freshness_or_queue_reset_evidence;missing_recent_same_side_at_or_through_throughput,,0.5,False,True
3268,l2Book,1784011760059,False,False,not_evaluated,missing_same_side_strict_through_support;missing_recent_same_side_at_or_through_throughput,,0.5,False,True
3269,trades,1784011760059,False,False,not_evaluated,missing_same_side_strict_through_support,,0.5,False,True
3270,l2Book,1784011760599,False,False,not_evaluated,missing_same_side_strict_through_support,,0.5,False,True
3271,l2Book,1784011761135,False,False,not_evaluated,missing_same_side_strict_through_support,,0.5,False,True
3272,l2Book,1784011761681,False,False,not_evaluated,missing_same_side_strict_through_support,,0.5,False,True
3273,l2Book,1784011762218,False,False,not_evaluated,missing_same_side_strict_through_support,,0.5,False,True
3274,l2Book,1784011762763,False,False,not_evaluated,missing_same_side_strict_through_support,,0.5,False,True
3275,trades,1784011762892,False,False,not_evaluated,missing_same_side_strict_through_support,,0.5,False,True
3276,trades,1784011763041,False,False,not_evaluated,missing_same_side_strict_through_support,,0.5,False,True
3277,trades,1784011763109,False,False,not_evaluated,missing_same_side_strict_through_support,,0.5,False,True
3278,trades,1784011763243,False,False,not_evaluated,missing_same_side_strict_through_support,,0.5,False,True
3279,l2Book,1784011763310,False,False,not_evaluated,missing_same_side_strict_through_support;missing_touch_freshness_or_queue_reset_evidence,,0.5,False,True
3280,l2Book,1784011763848,False,False,not_evaluated,missing_touch_freshness_or_queue_reset_evidence,,0.5,False,True
3281,l2Book,1784011764388,False,False,not_evaluated,outside_quality_a_b_queue_bands,,0.5,False,True
3282,l2Book,1784011764925,False,False,not_evaluated,outside_quality_a_b_queue_bands,,0.5,False,True
3283,l2Book,1784011765481,False,False,not_evaluated,outside_quality_a_b_queue_bands,,0.5,False,True
3284,l2Book,1784011766010,False,False,not_evaluated,outside_quality_a_b_queue_bands,,0.5,False,True
3285,l2Book,1784011766518,False,False,not_evaluated,missing_same_side_strict_through_support;missing_recent_same_side_at_or_through_throughput,,0.5,False,True
3286,l2Book,1784011767090,False,False,not_evaluated,missing_same_side_strict_through_support;missing_recent_same_side_at_or_through_throughput,,0.5,False,True
3287,trades,1784011767023,False,False,not_evaluated,missing_same_side_strict_through_support;missing_recent_same_side_at_or_through_throughput,,0.5,False,True
3288,l2Book,1784011767549,False,False,not_evaluated,missing_same_side_strict_through_support;missing_recent_same_side_at_or_through_throughput,,0.5,False,True
3289,trades,1784011768015,False,False,not_evaluated,missing_same_side_strict_through_support;missing_recent_same_side_at_or_through_throughput,,0.5,False,True
3290,l2Book,1784011768084,False,False,not_evaluated,missing_same_side_strict_through_support;missing_recent_same_side_at_or_through_throughput,,0.5,False,True
3291,l2Book,1784011768636,False,False,not_evaluated,missing_same_side_strict_through_support;missing_recent_same_side_at_or_through_throughput,,0.5,False,True
3292,trades,1784011768707,False,False,not_evaluated,missing_same_side_strict_through_support,,0.5,False,True
3293,l2Book,1784011769177,False,False,not_evaluated,missing_same_side_strict_through_support,,0.5,False,True
3294,l2Book,1784011769714,False,False,not_evaluated,missing_same_side_strict_through_support,,0.5,False,True
3295,l2Book,1784011770249,False,False,not_evaluated,missing_same_side_strict_through_support,,0.5,False,True
3296,l2Book,1784011770785,False,False,not_evaluated,missing_same_side_strict_through_support,,0.5,False,True
3297,l2Book,1784011771321,False,False,not_evaluated,missing_same_side_strict_through_support,,0.5,False,True
3298,l2Book,1784011771840,False,False,not_evaluated,missing_same_side_strict_through_support;missing_recent_same_side_at_or_through_throughput,,0.5,False,True
3299,trades,1784011772042,False,False,not_evaluated,missing_same_side_strict_through_support,,0.5,False,True
3300,l2Book,1784011772392,False,False,not_evaluated,missing_same_side_strict_through_support,,0.5,False,True
3301,trades,1784011772866,False,False,not_evaluated,missing_same_side_strict_through_support,,0.5,False,True
3302,l2Book,1784011772934,False,False,not_evaluated,missing_same_side_strict_through_support,,0.5,False,True
3303,l2Book,1784011773476,False,False,not_evaluated,missing_same_side_strict_through_support,,0.5,False,True
3304,l2Book,1784011774012,False,False,not_evaluated,missing_same_side_strict_through_support,,0.5,False,True
3305,l2Book,1784011774552,False,False,not_evaluated,missing_same_side_strict_through_support,,0.5,False,True
3306,l2Book,1784011775087,False,False,not_evaluated,missing_same_side_strict_through_support,,0.5,False,True
3307,l2Book,1784011775622,False,False,not_evaluated,missing_same_side_strict_through_support,,0.5,False,True
3308,l2Book,1784011776159,False,False,not_evaluated,missing_same_side_strict_through_support;missing_recent_same_side_at_or_through_throughput,,0.5,False,True
3309,l2Book,1784011776698,False,False,not_evaluated,missing_same_side_strict_through_support;missing_recent_same_side_at_or_through_throughput,,0.5,False,True
3310,l2Book,1784011777232,False,False,not_evaluated,missing_same_side_strict_through_support;missing_recent_same_side_at_or_through_throughput,,0.5,False,True
3311,l2Book,1784011777769,False,False,not_evaluated,missing_same_side_strict_through_support;missing_recent_same_side_at_or_through_throughput,,0.5,False,True
3312,trades,1784011778036,False,False,not_evaluated,missing_same_side_strict_through_support,,0.5,False,True
3313,l2Book,1784011778306,False,False,not_evaluated,missing_same_side_strict_through_support,,0.5,False,True
3314,trades,1784011778641,False,False,not_evaluated,missing_same_side_strict_through_support,,0.5,False,True
3315,l2Book,1784011778844,False,False,not_evaluated,missing_same_side_strict_through_support,,0.5,False,True
3316,l2Book,1784011779372,False,False,not_evaluated,missing_same_side_strict_through_support,,0.5,False,True
3317,trades,1784011779592,False,False,not_evaluated,missing_same_side_strict_through_support,,0.5,False,True
3318,trades,1784011779721,False,False,not_evaluated,missing_same_side_strict_through_support,,0.5,False,True
3319,l2Book,1784011779926,False,False,not_evaluated,missing_same_side_strict_through_support,,0.5,False,True
3320,l2Book,1784011780464,False,False,not_evaluated,missing_same_side_strict_through_support,,0.5,False,True
3321,l2Book,1784011781067,False,False,not_evaluated,missing_same_side_strict_through_support,,0.5,False,True
3322,l2Book,1784011781597,False,False,not_evaluated,missing_same_side_strict_through_support,,0.5,False,True
3323,l2Book,1784011782143,False,False,not_evaluated,missing_same_side_strict_through_support,,0.5,False,True
3324,trades,1784011782495,False,False,not_evaluated,missing_same_side_strict_through_support,,0.5,False,True
3325,l2Book,1784011782694,False,False,not_evaluated,missing_same_side_strict_through_support,,0.5,False,True
3326,l2Book,1784011783296,False,False,not_evaluated,missing_same_side_strict_through_support,,0.5,False,True
3327,l2Book,1784011783899,False,False,not_evaluated,missing_same_side_strict_through_support,,0.5,False,True
3328,l2Book,1784011784501,False,False,not_evaluated,missing_same_side_strict_through_support,,0.5,False,True
3329,l2Book,1784011785106,False,False,not_evaluated,missing_same_side_strict_through_support,,0.5,False,True
3330,l2Book,1784011785649,False,False,not_evaluated,missing_same_side_strict_through_support;missing_recent_same_side_at_or_through_throughput,,0.5,False,True
3331,l2Book,1784011786186,False,False,not_evaluated,missing_same_side_strict_through_support;missing_recent_same_side_at_or_through_throughput,,0.5,False,True
3332,trades,1784011786386,False,False,not_evaluated,missing_same_side_strict_through_support,,0.5,False,True
3333,l2Book,1784011786715,False,False,not_evaluated,missing_same_side_strict_through_support,,0.5,False,True
3334,l2Book,1784011787254,False,False,not_evaluated,missing_same_side_strict_through_support,,0.5,False,True
3335,trades,1784011787460,False,False,not_evaluated,missing_same_side_strict_through_support,,0.5,False,True
3336,l2Book,1784011787798,False,False,not_evaluated,missing_same_side_strict_through_support,,0.5,False,True
3337,trades,1784011787997,False,False,not_evaluated,missing_same_side_strict_through_support,,0.5,False,True
3338,l2Book,1784011788325,False,False,not_evaluated,missing_same_side_strict_through_support,,0.5,False,True
3339,l2Book,1784011788875,False,False,not_evaluated,missing_same_side_strict_through_support,,0.5,False,True
3340,l2Book,1784011789389,False,False,not_evaluated,missing_same_side_strict_through_support,,0.5,False,True
3341,trades,1784011789531,False,False,not_evaluated,missing_same_side_strict_through_support,,0.5,False,True
3342,l2Book,1784011789934,False,False,not_evaluated,missing_same_side_strict_through_support,,0.5,False,True
3343,l2Book,1784011790484,False,False,not_evaluated,missing_same_side_strict_through_support;missing_recent_same_side_at_or_through_throughput,,0.5,False,True
3344,l2Book,1784011791009,False,False,not_evaluated,missing_same_side_strict_through_support;missing_recent_same_side_at_or_through_throughput,,0.5,False,True
3345,trades,1784011791482,False,False,not_evaluated,missing_same_side_strict_through_support,,0.5,False,True
3346,l2Book,1784011791543,False,False,not_evaluated,missing_same_side_strict_through_support,,0.5,False,True
3347,trades,1784011791893,False,False,not_evaluated,missing_same_side_strict_through_support,,0.5,False,True
3348,l2Book,1784011792091,False,False,not_evaluated,missing_same_side_strict_through_support,,0.5,False,True
3349,l2Book,1784011792629,False,False,not_evaluated,missing_same_side_strict_through_support,,0.5,False,True
3350,l2Book,1784011793165,False,False,not_evaluated,missing_same_side_strict_through_support,,0.5,False,True
3351,trades,1784011793305,False,False,not_evaluated,missing_same_side_strict_through_support,,0.5,False,True
3352,trades,1784011793438,False,False,not_evaluated,missing_same_side_strict_through_support,,0.5,False,True
3353,l2Book,1784011793706,False,False,not_evaluated,missing_same_side_strict_through_support,,0.5,False,True
3354,trades,1784011794042,False,False,not_evaluated,missing_same_side_strict_through_support,,0.5,False,True
3355,l2Book,1784011794242,False,False,not_evaluated,missing_same_side_strict_through_support,,0.5,False,True
3356,trades,1784011794712,False,False,not_evaluated,missing_same_side_strict_through_support,,0.5,False,True
3357,l2Book,1784011794762,False,False,not_evaluated,missing_same_side_strict_through_support,,0.5,False,True
3358,l2Book,1784011795319,False,False,not_evaluated,missing_same_side_strict_through_support,,0.5,False,True
3359,l2Book,1784011795867,False,False,not_evaluated,missing_same_side_strict_through_support,,0.5,False,True
3360,l2Book,1784011796414,False,False,not_evaluated,missing_same_side_strict_through_support,,0.5,False,True
3361,trades,1784011796749,False,False,not_evaluated,missing_same_side_strict_through_support,,0.5,False,True
3362,l2Book,1784011796949,False,False,not_evaluated,missing_same_side_strict_through_support,,0.5,False,True
3363,trades,1784011797018,False,False,not_evaluated,missing_same_side_strict_through_support,,0.5,False,True
3364,l2Book,1784011797484,False,False,not_evaluated,missing_same_side_strict_through_support,,0.5,False,True
3365,l2Book,1784011798023,False,False,not_evaluated,missing_same_side_strict_through_support,,0.5,False,True
3366,trades,1784011798023,False,False,not_evaluated,missing_same_side_strict_through_support,,0.5,False,True
3367,trades,1784011798224,False,False,not_evaluated,missing_same_side_strict_through_support,,0.5,False,True
3368,l2Book,1784011798559,False,False,not_evaluated,missing_same_side_strict_through_support,,0.5,False,True
3369,l2Book,1784011799094,False,False,not_evaluated,missing_same_side_strict_through_support,,0.5,False,True
3370,l2Book,1784011799622,False,False,not_evaluated,missing_same_side_strict_through_support,,0.5,False,True
3371,trades,1784011800102,False,False,not_evaluated,missing_same_side_strict_through_support,,0.5,False,True
3372,l2Book,1784011800171,False,False,not_evaluated,missing_same_side_strict_through_support,,0.5,False,True
3373,l2Book,1784011800713,False,False,not_evaluated,missing_same_side_strict_through_support,,0.5,False,True
3374,l2Book,1784011801253,False,False,not_evaluated,missing_same_side_strict_through_support,,0.5,False,True
3375,l2Book,1784011801789,False,False,not_evaluated,missing_same_side_strict_through_support,,0.5,False,True
3376,trades,1784011802058,False,False,not_evaluated,missing_same_side_strict_through_support,,0.5,False,True
3377,l2Book,1784011802324,False,False,not_evaluated,missing_same_side_strict_through_support,,0.5,False,True
3378,trades,1784011802324,False,False,not_evaluated,missing_same_side_strict_through_support,,0.5,False,True
3379,l2Book,1784011802864,False,False,not_evaluated,missing_same_side_strict_through_support,,0.5,False,True
3380,trades,1784011803329,False,False,not_evaluated,missing_same_side_strict_through_support,,0.5,False,True
3381,l2Book,1784011803403,False,False,not_evaluated,missing_same_side_strict_through_support,,0.5,False,True
3382,l2Book,1784011803953,False,False,not_evaluated,missing_same_side_strict_through_support,,0.5,False,True
3383,l2Book,1784011804476,False,False,not_evaluated,missing_same_side_strict_through_support,,0.5,False,True
3384,l2Book,1784011805016,False,False,not_evaluated,missing_same_side_strict_through_support,,0.5,False,True
3385,l2Book,1784011805562,False,False,not_evaluated,missing_same_side_strict_through_support,,0.5,False,True
3386,l2Book,1784011806082,False,False,not_evaluated,missing_same_side_strict_through_support,,0.5,False,True
3387,trades,1784011806568,False,False,not_evaluated,missing_same_side_strict_through_support,,0.5,False,True
3388,l2Book,1784011806636,False,False,not_evaluated,missing_same_side_strict_through_support,,0.5,False,True
3389,l2Book,1784011807175,False,False,not_evaluated,missing_same_side_strict_through_support,,0.5,False,True
3390,l2Book,1784011807705,False,False,not_evaluated,missing_same_side_strict_through_support,,0.5,False,True
3391,trades,1784011808038,False,False,not_evaluated,missing_same_side_strict_through_support,,0.5,False,True
3392,l2Book,1784011808239,False,False,not_evaluated,missing_same_side_strict_through_support,,0.5,False,True
3393,l2Book,1784011808787,False,False,not_evaluated,missing_same_side_strict_through_support,,0.5,False,True
3394,l2Book,1784011809323,False,False,not_evaluated,missing_same_side_strict_through_support,,0.5,False,True
3395,l2Book,1784011809848,False,False,not_evaluated,missing_same_side_strict_through_support,,0.5,False,True
3396,l2Book,1784011810396,False,False,not_evaluated,missing_same_side_strict_through_support,,0.5,False,True
3397,l2Book,1784011810931,False,False,not_evaluated,missing_same_side_strict_through_support,,0.5,False,True
3398,l2Book,1784011811455,False,False,not_evaluated,missing_same_side_strict_through_support;missing_recent_same_side_at_or_through_throughput,,0.5,False,True
3399,l2Book,1784011812009,False,False,not_evaluated,missing_same_side_strict_through_support;missing_recent_same_side_at_or_through_throughput,,0.5,False,True
3400,l2Book,1784011812548,False,False,not_evaluated,missing_same_side_strict_through_support;missing_recent_same_side_at_or_through_throughput,,0.5,False,True
3401,l2Book,1784011813088,False,False,not_evaluated,missing_same_side_strict_through_support;missing_recent_same_side_at_or_through_throughput,,0.5,False,True
3402,l2Book,1784011813642,False,False,not_evaluated,missing_same_side_strict_through_support;missing_recent_same_side_at_or_through_throughput,,0.5,False,True
3403,l2Book,1784011814255,False,False,not_evaluated,missing_same_side_strict_through_support;missing_recent_same_side_at_or_through_throughput,,0.5,False,True
3404,trades,1784011814255,False,False,not_evaluated,missing_same_side_strict_through_support;missing_recent_same_side_at_or_through_throughput,,0.5,False,True
3405,trades,1784011814727,False,False,not_evaluated,missing_same_side_strict_through_support,,0.5,False,True
3406,l2Book,1784011814859,False,False,not_evaluated,missing_same_side_strict_through_support,,0.5,False,True
3407,trades,1784011815061,False,False,not_evaluated,missing_same_side_strict_through_support,,0.5,False,True
3408,l2Book,1784011815390,False,False,not_evaluated,missing_same_side_strict_through_support,,0.5,False,True
3409,l2Book,1784011815944,False,False,not_evaluated,missing_same_side_strict_through_support,,0.5,False,True
3410,trades,1784011816144,False,False,not_evaluated,missing_same_side_strict_through_support,,0.5,False,True
3411,trades,1784011816278,False,False,not_evaluated,missing_same_side_strict_through_support,,0.5,False,True
3412,trades,1784011816428,False,False,not_evaluated,missing_same_side_strict_through_support,,0.5,False,True
3413,l2Book,1784011816485,False,False,not_evaluated,missing_same_side_strict_through_support,,0.5,False,True
3414,l2Book,1784011817031,False,False,not_evaluated,missing_same_side_strict_through_support,,0.5,False,True
3415,trades,1784011817031,False,False,not_evaluated,missing_same_side_strict_through_support,,0.5,False,True
3416,l2Book,1784011817567,False,False,not_evaluated,missing_same_side_strict_through_support,,0.5,False,True
3417,l2Book,1784011818093,False,False,not_evaluated,missing_same_side_strict_through_support,,0.5,False,True
3418,l2Book,1784011818642,False,False,not_evaluated,missing_same_side_strict_through_support,,0.5,False,True
3419,trades,1784011818986,False,False,not_evaluated,missing_same_side_strict_through_support,,0.5,False,True
3420,trades,1784011819054,False,False,not_evaluated,missing_same_side_strict_through_support,,0.5,False,True
3421,l2Book,1784011819188,False,False,not_evaluated,missing_same_side_strict_through_support,,0.5,False,True
3422,l2Book,1784011819705,False,False,not_evaluated,missing_same_side_strict_through_support,,0.5,False,True
3423,l2Book,1784011820309,False,False,not_evaluated,missing_same_side_strict_through_support,,0.5,False,True
3424,l2Book,1784011820873,False,False,not_evaluated,missing_same_side_strict_through_support,,0.5,False,True
3425,l2Book,1784011821416,False,False,not_evaluated,missing_same_side_strict_through_support,,0.5,False,True
3426,trades,1784011821618,False,False,not_evaluated,missing_same_side_strict_through_support,,0.5,False,True
3427,l2Book,1784011821935,False,False,not_evaluated,missing_same_side_strict_through_support,,0.5,False,True
3428,l2Book,1784011822490,False,False,not_evaluated,missing_same_side_strict_through_support;missing_recent_same_side_at_or_through_throughput,,0.5,False,True
3429,l2Book,1784011823027,False,False,not_evaluated,missing_same_side_strict_through_support;missing_recent_same_side_at_or_through_throughput,,0.5,False,True
3430,l2Book,1784011823555,False,False,not_evaluated,missing_same_side_strict_through_support;missing_recent_same_side_at_or_through_throughput,,0.5,False,True
3431,trades,1784011823766,False,False,not_evaluated,missing_same_side_strict_through_support,,0.5,False,True
3432,l2Book,1784011824104,False,False,not_evaluated,missing_same_side_strict_through_support,,0.5,False,True
3433,trades,1784011824511,False,False,not_evaluated,missing_same_side_strict_through_support,,0.5,False,True
3434,l2Book,1784011824638,False,False,not_evaluated,missing_same_side_strict_through_support,,0.5,False,True
3435,l2Book,1784011825186,False,False,not_evaluated,missing_same_side_strict_through_support,,0.5,False,True
3436,trades,1784011825186,False,False,not_evaluated,missing_same_side_strict_through_support,,0.5,False,True
3437,l2Book,1784011825721,False,False,not_evaluated,missing_same_side_strict_through_support,,0.5,False,True
3438,l2Book,1784011826259,False,False,not_evaluated,missing_same_side_strict_through_support,,0.5,False,True
3439,l2Book,1784011826795,False,False,not_evaluated,missing_same_side_strict_through_support,,0.5,False,True
3440,trades,1784011827061,False,False,not_evaluated,missing_same_side_strict_through_support,,0.5,False,True
3441,l2Book,1784011827329,False,False,not_evaluated,missing_same_side_strict_through_support,,0.5,False,True
3442,l2Book,1784011827867,False,False,not_evaluated,missing_same_side_strict_through_support,,0.5,False,True
3443,trades,1784011828000,False,False,not_evaluated,missing_same_side_strict_through_support,,0.5,False,True
3444,l2Book,1784011828401,False,False,not_evaluated,missing_same_side_strict_through_support;missing_recent_same_side_at_or_through_throughput,,0.5,False,True
3445,trades,1784011828603,False,False,not_evaluated,missing_same_side_strict_through_support;missing_recent_same_side_at_or_through_throughput,,0.5,False,True
3446,l2Book,1784011828938,False,False,not_evaluated,missing_same_side_strict_through_support;missing_recent_same_side_at_or_through_throughput,,0.5,False,True
3447,l2Book,1784011829473,False,False,not_evaluated,missing_same_side_strict_through_support;missing_recent_same_side_at_or_through_throughput,,0.5,False,True
3448,l2Book,1784011830077,False,False,not_evaluated,missing_same_side_strict_through_support;missing_recent_same_side_at_or_through_throughput,,0.5,False,True
3449,l2Book,1784011830560,False,False,not_evaluated,missing_same_side_strict_through_support;missing_recent_same_side_at_or_through_throughput,,0.5,False,True
3450,l2Book,1784011831096,False,False,not_evaluated,missing_same_side_strict_through_support;missing_recent_same_side_at_or_through_throughput,,0.5,False,True
3451,l2Book,1784011831636,False,False,not_evaluated,missing_same_side_strict_through_support;missing_recent_same_side_at_or_through_throughput,,0.5,False,True
3452,trades,1784011832039,False,False,not_evaluated,missing_same_side_strict_through_support,,0.5,False,True
3453,l2Book,1784011832176,False,False,not_evaluated,missing_same_side_strict_through_support,,0.5,False,True
3454,trades,1784011832308,False,False,not_evaluated,missing_same_side_strict_through_support,,0.5,False,True
3455,l2Book,1784011832712,False,False,not_evaluated,missing_same_side_strict_through_support,,0.5,False,True
3456,l2Book,1784011833249,False,False,not_evaluated,missing_same_side_strict_through_support,,0.5,False,True
3457,l2Book,1784011833785,False,False,not_evaluated,missing_same_side_strict_through_support,,0.5,False,True
3458,l2Book,1784011834310,False,False,not_evaluated,missing_same_side_strict_through_support,,0.5,False,True
3459,trades,1784011834455,False,False,not_evaluated,missing_same_side_strict_through_support,,0.5,False,True
3460,trades,1784011834727,False,False,not_evaluated,missing_same_side_strict_through_support,,0.5,False,True
3461,trades,1784011834794,False,False,not_evaluated,missing_same_side_strict_through_support,,0.5,False,True
3462,l2Book,1784011834861,False,False,not_evaluated,missing_same_side_strict_through_support,,0.5,False,True
3463,l2Book,1784011835397,False,False,not_evaluated,missing_same_side_strict_through_support,,0.5,False,True
3464,trades,1784011835465,False,False,not_evaluated,missing_same_side_strict_through_support,,0.5,False,True
3465,l2Book,1784011835934,False,False,not_evaluated,missing_same_side_strict_through_support,,0.5,False,True
3466,trades,1784011836202,False,False,not_evaluated,missing_same_side_strict_through_support,,0.5,False,True
3467,l2Book,1784011836478,False,False,not_evaluated,missing_same_side_strict_through_support,,0.5,False,True
3468,trades,1784011836883,False,False,not_evaluated,missing_same_side_strict_through_support,,0.5,False,True
3469,l2Book,1784011837012,False,False,not_evaluated,missing_same_side_strict_through_support,,0.5,False,True
3470,trades,1784011837085,False,False,not_evaluated,missing_same_side_strict_through_support,,0.5,False,True
3471,trades,1784011837287,False,False,not_evaluated,missing_same_side_strict_through_support,,0.5,False,True
3472,trades,1784011837490,False,False,not_evaluated,missing_same_side_strict_through_support,,0.5,False,True
3473,l2Book,1784011837555,False,False,not_evaluated,missing_same_side_strict_through_support,,0.5,False,True
3474,trades,1784011838016,False,False,not_evaluated,missing_same_side_strict_through_support,,0.5,False,True
3475,l2Book,1784011838091,False,False,not_evaluated,missing_same_side_strict_through_support,,0.5,False,True
3476,trades,1784011838360,False,False,not_evaluated,missing_same_side_strict_through_support,,0.5,False,True
3477,trades,1784011838494,False,False,not_evaluated,missing_same_side_strict_through_support,,0.5,False,True
3478,l2Book,1784011838620,False,False,not_evaluated,missing_same_side_strict_through_support,,0.5,False,True
3479,trades,1784011839098,False,False,not_evaluated,missing_same_side_strict_through_support,,0.5,False,True
3480,l2Book,1784011839164,False,False,not_evaluated,missing_same_side_strict_through_support,,0.5,False,True
3481,trades,1784011839557,False,False,not_evaluated,missing_same_side_strict_through_support,,0.5,False,True
3482,l2Book,1784011839701,False,False,not_evaluated,missing_same_side_strict_through_support,,0.5,False,True
3483,trades,1784011839701,False,False,not_evaluated,missing_same_side_strict_through_support,,0.5,False,True
3484,trades,1784011839971,False,False,not_evaluated,missing_same_side_strict_through_support,,0.5,False,True
3485,l2Book,1784011840229,False,False,not_evaluated,missing_same_side_strict_through_support,,0.5,False,True
3486,trades,1784011840481,False,False,not_evaluated,missing_same_side_strict_through_support,,0.5,False,True
3487,l2Book,1784011840774,False,False,not_evaluated,missing_same_side_strict_through_support,,0.5,False,True
3488,l2Book,1784011841310,False,False,not_evaluated,missing_same_side_strict_through_support,,0.5,False,True
3489,trades,1784011841378,False,False,not_evaluated,missing_same_side_strict_through_support,,0.5,False,True
3490,trades,1784011841579,False,False,not_evaluated,missing_same_side_strict_through_support,,0.5,False,True
3491,l2Book,1784011841837,False,False,not_evaluated,missing_same_side_strict_through_support,,0.5,False,True
3492,l2Book,1784011842386,False,False,not_evaluated,missing_same_side_strict_through_support,,0.5,False,True
3493,trades,1784011842638,False,False,not_evaluated,missing_same_side_strict_through_support,,0.5,False,True
3494,trades,1784011842721,False,False,not_evaluated,missing_same_side_strict_through_support,,0.5,False,True
3495,l2Book,1784011842921,False,False,not_evaluated,missing_same_side_strict_through_support,,0.5,False,True
3496,l2Book,1784011843447,False,False,not_evaluated,missing_same_side_strict_through_support,,0.5,False,True
3497,l2Book,1784011843994,False,False,not_evaluated,missing_same_side_strict_through_support,,0.5,False,True
3498,l2Book,1784011844530,False,False,not_evaluated,missing_same_side_strict_through_support,,0.5,False,True
3499,trades,1784011845002,False,False,not_evaluated,missing_same_side_strict_through_support,,0.5,False,True
3500,l2Book,1784011845054,False,False,not_evaluated,missing_same_side_strict_through_support,,0.5,False,True
3501,trades,1784011845136,False,False,not_evaluated,missing_same_side_strict_through_support,,0.5,False,True
3502,l2Book,1784011845590,False,False,not_evaluated,missing_same_side_strict_through_support,,0.5,False,True
3503,trades,1784011845815,False,False,not_evaluated,missing_same_side_strict_through_support,,0.5,False,True
3504,l2Book,1784011846152,False,False,not_evaluated,missing_same_side_strict_through_support,,0.5,False,True
3505,l2Book,1784011846710,False,False,not_evaluated,missing_same_side_strict_through_support,,0.5,False,True
3506,l2Book,1784011847245,False,False,not_evaluated,missing_same_side_strict_through_support,,0.5,False,True
3507,l2Book,1784011847784,False,False,not_evaluated,missing_same_side_strict_through_support,,0.5,False,True
3508,trades,1784011847918,False,False,not_evaluated,missing_same_side_strict_through_support,,0.5,False,True
3509,l2Book,1784011848322,False,False,not_evaluated,missing_same_side_strict_through_support,,0.5,False,True
3510,l2Book,1784011848866,False,False,not_evaluated,missing_same_side_strict_through_support;missing_recent_same_side_at_or_through_throughput,,0.5,False,True
3511,l2Book,1784011849403,False,False,not_evaluated,missing_same_side_strict_through_support;missing_recent_same_side_at_or_through_throughput,,0.5,False,True
3512,l2Book,1784011849940,False,False,not_evaluated,missing_same_side_strict_through_support;missing_recent_same_side_at_or_through_throughput,,0.5,False,True
3513,trades,1784011850341,False,False,not_evaluated,missing_same_side_strict_through_support;missing_recent_same_side_at_or_through_throughput,,0.5,False,True
3514,trades,1784011850409,False,False,not_evaluated,missing_same_side_strict_through_support;missing_recent_same_side_at_or_through_throughput,,0.5,False,True
3515,l2Book,1784011850475,False,False,not_evaluated,missing_same_side_strict_through_support;missing_recent_same_side_at_or_through_throughput,,0.5,False,True
3516,l2Book,1784011851072,False,False,not_evaluated,missing_same_side_strict_through_support;missing_recent_same_side_at_or_through_throughput,,0.5,False,True
3517,trades,1784011851493,False,False,not_evaluated,missing_same_side_strict_through_support;missing_recent_same_side_at_or_through_throughput,,0.5,False,True
3518,l2Book,1784011851557,False,False,not_evaluated,missing_same_side_strict_through_support;missing_recent_same_side_at_or_through_throughput,,0.5,False,True
3519,l2Book,1784011852097,False,False,not_evaluated,missing_same_side_strict_through_support;missing_recent_same_side_at_or_through_throughput,,0.5,False,True
3520,l2Book,1784011852640,False,False,not_evaluated,missing_same_side_strict_through_support;missing_recent_same_side_at_or_through_throughput,,0.5,False,True
3521,l2Book,1784011853189,False,False,not_evaluated,missing_same_side_strict_through_support;missing_recent_same_side_at_or_through_throughput,,0.5,False,True
3522,l2Book,1784011853708,False,False,not_evaluated,missing_same_side_strict_through_support;missing_recent_same_side_at_or_through_throughput,,0.5,False,True
3523,l2Book,1784011854333,False,False,not_evaluated,missing_same_side_strict_through_support;missing_recent_same_side_at_or_through_throughput,,0.5,False,True
3524,trades,1784011854713,False,False,not_evaluated,missing_same_side_strict_through_support,,0.5,False,True
3525,l2Book,1784011854937,False,False,not_evaluated,missing_same_side_strict_through_support,,0.5,False,True
3526,l2Book,1784011855471,False,False,not_evaluated,missing_same_side_strict_through_support,,0.5,False,True
3527,l2Book,1784011856008,False,False,not_evaluated,missing_same_side_strict_through_support,,0.5,False,True
3528,l2Book,1784011856527,False,False,not_evaluated,missing_same_side_strict_through_support,,0.5,False,True
3529,trades,1784011856679,False,False,not_evaluated,missing_same_side_strict_through_support,,0.5,False,True
3530,trades,1784011857013,False,False,not_evaluated,missing_same_side_strict_through_support,,0.5,False,True
3531,l2Book,1784011857081,False,False,not_evaluated,missing_same_side_strict_through_support,,0.5,False,True
3532,trades,1784011857081,False,False,not_evaluated,missing_same_side_strict_through_support,,0.5,False,True
3533,trades,1784011857147,False,False,not_evaluated,missing_same_side_strict_through_support,,0.5,False,True
3534,l2Book,1784011857594,False,False,not_evaluated,missing_same_side_strict_through_support,,0.5,False,True
3535,trades,1784011857886,False,False,not_evaluated,missing_same_side_strict_through_support,,0.5,False,True
3536,trades,1784011857954,False,False,not_evaluated,missing_same_side_strict_through_support,,0.5,False,True
3537,trades,1784011858022,False,False,not_evaluated,missing_same_side_strict_through_support,,0.5,False,True
3538,l2Book,1784011858154,False,False,not_evaluated,missing_same_side_strict_through_support,,0.5,False,True
3539,l2Book,1784011858694,False,False,not_evaluated,missing_same_side_strict_through_support,,0.5,False,True
3540,l2Book,1784011859218,False,False,not_evaluated,missing_same_side_strict_through_support,,0.5,False,True
3541,l2Book,1784011859780,False,False,not_evaluated,missing_same_side_strict_through_support,,0.5,False,True
3542,l2Book,1784011860317,False,False,not_evaluated,missing_same_side_strict_through_support,,0.5,False,True
3543,trades,1784011860390,False,False,not_evaluated,missing_same_side_strict_through_support,,0.5,False,True
3544,l2Book,1784011860859,False,False,not_evaluated,missing_same_side_strict_through_support,,0.5,False,True
3545,trades,1784011861126,False,False,not_evaluated,missing_same_side_strict_through_support;missing_recent_same_side_at_or_through_throughput,,0.5,False,True
3546,l2Book,1784011861400,False,False,not_evaluated,missing_same_side_strict_through_support;missing_recent_same_side_at_or_through_throughput,,0.5,False,True
3547,l2Book,1784011861935,False,False,not_evaluated,missing_same_side_strict_through_support;missing_recent_same_side_at_or_through_throughput,,0.5,False,True
3548,trades,1784011862003,False,False,not_evaluated,missing_same_side_strict_through_support,,0.5,False,True
3549,l2Book,1784011862470,False,False,not_evaluated,missing_same_side_strict_through_support,,0.5,False,True
3550,l2Book,1784011863072,False,False,not_evaluated,missing_same_side_strict_through_support,,0.5,False,True
3551,l2Book,1784011863570,False,False,not_evaluated,missing_same_side_strict_through_support,,0.5,False,True
3552,l2Book,1784011864099,False,False,not_evaluated,missing_same_side_strict_through_support,,0.5,False,True
3553,trades,1784011864099,False,False,not_evaluated,missing_same_side_strict_through_support,,0.5,False,True
3554,l2Book,1784011864648,False,False,not_evaluated,missing_same_side_strict_through_support,,0.5,False,True
3555,l2Book,1784011865170,False,False,not_evaluated,missing_same_side_strict_through_support;missing_recent_same_side_at_or_through_throughput,,0.5,False,True
3556,trades,1784011865456,False,False,not_evaluated,missing_same_side_strict_through_support;missing_recent_same_side_at_or_through_throughput,,0.5,False,True
3557,l2Book,1784011865725,False,False,not_evaluated,missing_same_side_strict_through_support;missing_recent_same_side_at_or_through_throughput,,0.5,False,True
3558,l2Book,1784011866261,False,False,not_evaluated,missing_same_side_strict_through_support;missing_recent_same_side_at_or_through_throughput,,0.5,False,True
3559,trades,1784011866330,False,False,not_evaluated,missing_same_side_strict_through_support,,0.5,False,True
3560,l2Book,1784011866782,False,False,not_evaluated,missing_same_side_strict_through_support,,0.5,False,True
3561,trades,1784011867069,False,False,not_evaluated,missing_same_side_strict_through_support,,0.5,False,True
3562,l2Book,1784011867339,False,False,not_evaluated,missing_same_side_strict_through_support,,0.5,False,True
3563,trades,1784011867339,False,False,not_evaluated,missing_same_side_strict_through_support,,0.5,False,True
3564,l2Book,1784011867877,False,False,not_evaluated,missing_same_side_strict_through_support,,0.5,False,True
3565,trades,1784011868010,False,False,not_evaluated,missing_same_side_strict_through_support,,0.5,False,True
3566,l2Book,1784011868416,False,False,not_evaluated,missing_same_side_strict_through_support,,0.5,False,True
3567,trades,1784011868416,False,False,not_evaluated,missing_same_side_strict_through_support,,0.5,False,True
3568,trades,1784011868549,False,False,not_evaluated,missing_same_side_strict_through_support,,0.5,False,True
3569,l2Book,1784011868951,False,False,not_evaluated,missing_same_side_strict_through_support,,0.5,False,True
3570,trades,1784011869085,False,False,not_evaluated,missing_same_side_strict_through_support,,0.5,False,True
3571,l2Book,1784011869478,False,False,not_evaluated,missing_same_side_strict_through_support,,0.5,False,True
3572,l2Book,1784011870026,False,False,not_evaluated,missing_same_side_strict_through_support,,0.5,False,True
3573,trades,1784011870496,False,False,not_evaluated,missing_same_side_strict_through_support,,0.5,False,True
3574,l2Book,1784011870561,False,False,not_evaluated,missing_same_side_strict_through_support,,0.5,False,True
3575,l2Book,1784011871098,False,False,not_evaluated,missing_same_side_strict_through_support,,0.5,False,True
3576,l2Book,1784011871629,False,False,not_evaluated,missing_same_side_strict_through_support,,0.5,False,True
3577,trades,1784011871629,False,False,not_evaluated,missing_same_side_strict_through_support,,0.5,False,True
3578,trades,1784011871961,False,False,not_evaluated,missing_same_side_strict_through_support,,0.5,False,True
3579,l2Book,1784011872164,False,False,not_evaluated,missing_same_side_strict_through_support,,0.5,False,True
3580,l2Book,1784011872709,False,False,not_evaluated,missing_same_side_strict_through_support,,0.5,False,True
3581,l2Book,1784011873248,False,False,not_evaluated,missing_same_side_strict_through_support,,0.5,False,True
3582,l2Book,1784011873781,False,False,not_evaluated,missing_same_side_strict_through_support,,0.5,False,True
3583,trades,1784011873781,False,False,not_evaluated,missing_same_side_strict_through_support,,0.5,False,True
3584,trades,1784011873848,False,False,not_evaluated,missing_same_side_strict_through_support,,0.5,False,True
3585,l2Book,1784011874316,False,False,not_evaluated,missing_same_side_strict_through_support,,0.5,False,True
3586,l2Book,1784011874858,False,False,not_evaluated,missing_same_side_strict_through_support,,0.5,False,True
3587,trades,1784011875058,False,False,not_evaluated,missing_same_side_strict_through_support,,0.5,False,True
3588,l2Book,1784011875395,False,False,not_evaluated,missing_same_side_strict_through_support,,0.5,False,True
3589,l2Book,1784011875934,False,False,not_evaluated,missing_same_side_strict_through_support,,0.5,False,True
3590,trades,1784011876138,False,False,not_evaluated,missing_same_side_strict_through_support,,0.5,False,True
3591,l2Book,1784011876472,False,False,not_evaluated,missing_same_side_strict_through_support,,0.5,False,True
3592,l2Book,1784011877007,False,False,not_evaluated,missing_same_side_strict_through_support;missing_recent_same_side_at_or_through_throughput,,0.5,False,True
3593,l2Book,1784011877547,False,False,not_evaluated,missing_same_side_strict_through_support;missing_recent_same_side_at_or_through_throughput,,0.5,False,True
3594,l2Book,1784011878081,False,False,not_evaluated,missing_same_side_strict_through_support;missing_recent_same_side_at_or_through_throughput,,0.5,False,True
3595,l2Book,1784011878635,False,False,not_evaluated,missing_same_side_strict_through_support;missing_recent_same_side_at_or_through_throughput,,0.5,False,True
3596,l2Book,1784011879241,False,False,not_evaluated,missing_same_side_strict_through_support;missing_recent_same_side_at_or_through_throughput,,0.5,False,True
3597,l2Book,1784011879720,False,False,not_evaluated,missing_same_side_strict_through_support;missing_recent_same_side_at_or_through_throughput,,0.5,False,True
3598,l2Book,1784011880325,False,False,not_evaluated,missing_same_side_strict_through_support;missing_recent_same_side_at_or_through_throughput,,0.5,False,True
3599,l2Book,1784011880860,False,False,not_evaluated,missing_same_side_strict_through_support;missing_recent_same_side_at_or_through_throughput,,0.5,False,True
3600,trades,1784011881128,False,False,not_evaluated,missing_same_side_strict_through_support;missing_recent_same_side_at_or_through_throughput,,0.5,False,True
3601,l2Book,1784011881404,False,False,not_evaluated,missing_same_side_strict_through_support;missing_recent_same_side_at_or_through_throughput,,0.5,False,True
3602,l2Book,1784011881941,False,False,not_evaluated,missing_same_side_strict_through_support;missing_recent_same_side_at_or_through_throughput,,0.5,False,True
3603,l2Book,1784011882469,False,False,not_evaluated,missing_same_side_strict_through_support;missing_recent_same_side_at_or_through_throughput,,0.5,False,True
3604,trades,1784011882610,False,False,not_evaluated,missing_same_side_strict_through_support,,0.5,False,True
3605,l2Book,1784011883016,False,False,not_evaluated,missing_same_side_strict_through_support,,0.5,False,True
3606,l2Book,1784011883552,False,False,not_evaluated,missing_same_side_strict_through_support,,0.5,False,True
3607,l2Book,1784011884076,False,False,not_evaluated,missing_same_side_strict_through_support,,0.5,False,True
3608,l2Book,1784011884609,False,False,not_evaluated,missing_same_side_strict_through_support,,0.5,False,True
3609,trades,1784011884759,False,False,not_evaluated,missing_same_side_strict_through_support,,0.5,False,True
3610,l2Book,1784011885161,False,False,not_evaluated,missing_same_side_strict_through_support,,0.5,False,True
3611,l2Book,1784011885686,False,False,not_evaluated,missing_same_side_strict_through_support;missing_recent_same_side_at_or_through_throughput,,0.5,False,True
3612,trades,1784011885971,False,False,not_evaluated,missing_same_side_strict_through_support,,0.5,False,True
3613,trades,1784011886173,False,False,not_evaluated,missing_same_side_strict_through_support,,0.5,False,True
3614,l2Book,1784011886233,False,False,not_evaluated,missing_same_side_strict_through_support,,0.5,False,True
3615,l2Book,1784011886781,False,False,not_evaluated,missing_same_side_strict_through_support,,0.5,False,True
3616,trades,1784011887035,False,False,not_evaluated,missing_same_side_strict_through_support,,0.5,False,True
3617,l2Book,1784011887315,False,False,not_evaluated,missing_same_side_strict_through_support,,0.5,False,True
3618,l2Book,1784011887860,False,False,not_evaluated,missing_same_side_strict_through_support,,0.5,False,True
3619,trades,1784011888057,False,False,not_evaluated,missing_same_side_strict_through_support,,0.5,False,True
3620,trades,1784011888130,False,False,not_evaluated,missing_same_side_strict_through_support,,0.5,False,True
3621,l2Book,1784011888397,False,False,not_evaluated,missing_same_side_strict_through_support,,0.5,False,True
3622,l2Book,1784011888932,False,False,not_evaluated,missing_same_side_strict_through_support,,0.5,False,True
3623,l2Book,1784011889508,False,False,not_evaluated,missing_same_side_strict_through_support;missing_recent_same_side_at_or_through_throughput,,0.5,False,True
3624,l2Book,1784011890143,False,False,not_evaluated,missing_same_side_strict_through_support;missing_recent_same_side_at_or_through_throughput,,0.5,False,True
3625,l2Book,1784011890674,False,False,not_evaluated,missing_same_side_strict_through_support;missing_recent_same_side_at_or_through_throughput,,0.5,False,True
3626,l2Book,1784011891225,False,False,not_evaluated,missing_same_side_strict_through_support;missing_recent_same_side_at_or_through_throughput,,0.5,False,True
3627,l2Book,1784011891764,False,False,not_evaluated,missing_same_side_strict_through_support;missing_recent_same_side_at_or_through_throughput,,0.5,False,True
3628,trades,1784011892030,False,False,not_evaluated,missing_same_side_strict_through_support,,0.5,False,True
3629,l2Book,1784011892370,False,False,not_evaluated,missing_same_side_strict_through_support,,0.5,False,True
3630,trades,1784011892639,False,False,not_evaluated,missing_same_side_strict_through_support,,0.5,False,True
3631,l2Book,1784011892961,False,False,not_evaluated,missing_same_side_strict_through_support,,0.5,False,True
3632,trades,1784011892961,False,False,not_evaluated,missing_same_side_strict_through_support,,0.5,False,True
3633,l2Book,1784011893509,False,False,not_evaluated,missing_same_side_strict_through_support,,0.5,False,True
3634,trades,1784011893587,False,False,not_evaluated,outside_quality_a_b_queue_bands,,0.5,False,True
3635,l2Book,1784011894061,False,False,not_evaluated,missing_same_side_strict_through_support;missing_touch_freshness_or_queue_reset_evidence,,0.5,False,True
3636,trades,1784011894395,False,False,not_evaluated,missing_same_side_strict_through_support,,0.5,False,True
3637,trades,1784011894478,False,False,not_evaluated,missing_same_side_strict_through_support,,0.5,False,True
3638,l2Book,1784011894597,False,False,not_evaluated,missing_same_side_strict_through_support,,0.5,False,True
3639,l2Book,1784011895140,False,False,not_evaluated,missing_same_side_strict_through_support,,0.5,False,True
3640,trades,1784011895202,False,False,not_evaluated,missing_same_side_strict_through_support,,0.5,False,True
3641,l2Book,1784011895685,False,False,not_evaluated,missing_same_side_strict_through_support,,0.5,False,True
3642,trades,1784011895685,False,False,not_evaluated,missing_same_side_strict_through_support,,0.5,False,True
3643,l2Book,1784011896216,False,False,not_evaluated,missing_same_side_strict_through_support,,0.5,False,True
3644,l2Book,1784011896746,False,False,not_evaluated,missing_same_side_strict_through_support,,0.5,False,True
3645,l2Book,1784011897294,False,False,not_evaluated,missing_same_side_strict_through_support,,0.5,False,True
3646,trades,1784011897699,False,False,not_evaluated,missing_same_side_strict_through_support;missing_recent_same_side_at_or_through_throughput,,0.5,False,True
3647,l2Book,1784011897835,False,False,not_evaluated,missing_same_side_strict_through_support;missing_recent_same_side_at_or_through_throughput,,0.5,False,True
3648,trades,1784011897903,False,False,not_evaluated,missing_same_side_strict_through_support,,0.5,False,True
3649,trades,1784011898036,False,False,not_evaluated,missing_same_side_strict_through_support,,0.5,False,True
3650,l2Book,1784011898358,False,False,not_evaluated,missing_same_side_strict_through_support,,0.5,False,True
3651,trades,1784011898841,False,False,not_evaluated,missing_same_side_strict_through_support,,0.5,False,True
3652,l2Book,1784011898909,False,False,not_evaluated,missing_same_side_strict_through_support,,0.5,False,True
3653,l2Book,1784011899443,False,False,not_evaluated,missing_same_side_strict_through_support,,0.5,False,True
3654,trades,1784011899516,False,False,not_evaluated,missing_same_side_strict_through_support,,0.5,False,True
3655,l2Book,1784011899985,False,False,not_evaluated,missing_same_side_strict_through_support,,0.5,False,True
3656,l2Book,1784011900532,False,False,not_evaluated,missing_same_side_strict_through_support,,0.5,False,True
3657,l2Book,1784011901135,False,False,not_evaluated,missing_same_side_strict_through_support,,0.5,False,True
3658,trades,1784011901267,False,False,not_evaluated,missing_same_side_strict_through_support,,0.5,False,True
3659,l2Book,1784011901603,False,False,not_evaluated,missing_same_side_strict_through_support,,0.5,False,True
3660,l2Book,1784011902160,False,False,not_evaluated,missing_same_side_strict_through_support,,0.5,False,True
3661,l2Book,1784011902688,False,False,not_evaluated,missing_same_side_strict_through_support;missing_recent_same_side_at_or_through_throughput,,0.5,False,True
3662,trades,1784011902890,False,False,not_evaluated,missing_same_side_strict_through_support;missing_recent_same_side_at_or_through_throughput,,0.5,False,True
3663,l2Book,1784011903222,False,False,not_evaluated,missing_same_side_strict_through_support;missing_recent_same_side_at_or_through_throughput,,0.5,False,True
3664,l2Book,1784011903774,False,False,not_evaluated,missing_same_side_strict_through_support;missing_recent_same_side_at_or_through_throughput,,0.5,False,True
3665,trades,1784011903974,False,False,not_evaluated,missing_same_side_strict_through_support;missing_recent_same_side_at_or_through_throughput,,0.5,False,True
3666,l2Book,1784011904307,False,False,not_evaluated,missing_same_side_strict_through_support;missing_recent_same_side_at_or_through_throughput,,0.5,False,True
3667,trades,1784011904575,False,False,not_evaluated,missing_same_side_strict_through_support;missing_recent_same_side_at_or_through_throughput,,0.5,False,True
3668,l2Book,1784011904843,False,False,not_evaluated,missing_same_side_strict_through_support;missing_recent_same_side_at_or_through_throughput,,0.5,False,True
3669,trades,1784011905046,False,False,not_evaluated,missing_same_side_strict_through_support;missing_recent_same_side_at_or_through_throughput,,0.5,False,True
3670,l2Book,1784011905390,False,False,not_evaluated,missing_same_side_strict_through_support;missing_recent_same_side_at_or_through_throughput,,0.5,False,True
3671,trades,1784011905709,False,False,not_evaluated,missing_same_side_strict_through_support;missing_recent_same_side_at_or_through_throughput,,0.5,False,True
3672,l2Book,1784011905927,False,False,not_evaluated,missing_same_side_strict_through_support;missing_recent_same_side_at_or_through_throughput,,0.5,False,True
3673,l2Book,1784011906461,False,False,not_evaluated,missing_same_side_strict_through_support;missing_recent_same_side_at_or_through_throughput,,0.5,False,True
3674,l2Book,1784011907003,False,False,not_evaluated,missing_same_side_strict_through_support;missing_recent_same_side_at_or_through_throughput,,0.5,False,True
3675,l2Book,1784011907539,False,False,not_evaluated,missing_same_side_strict_through_support;missing_recent_same_side_at_or_through_throughput,,0.5,False,True
3676,l2Book,1784011908076,False,False,not_evaluated,missing_same_side_strict_through_support;missing_recent_same_side_at_or_through_throughput,,0.5,False,True
3677,l2Book,1784011908613,False,False,not_evaluated,missing_same_side_strict_through_support;missing_recent_same_side_at_or_through_throughput,,0.5,False,True
3678,trades,1784011908746,False,False,not_evaluated,missing_same_side_strict_through_support;missing_recent_same_side_at_or_through_throughput,,0.5,False,True
3679,l2Book,1784011909151,False,False,not_evaluated,missing_same_side_strict_through_support;missing_recent_same_side_at_or_through_throughput,,0.5,False,True
3680,l2Book,1784011909688,False,False,not_evaluated,missing_same_side_strict_through_support;missing_recent_same_side_at_or_through_throughput,,0.5,False,True
3681,trades,1784011909890,False,False,not_evaluated,missing_same_side_strict_through_support;missing_recent_same_side_at_or_through_throughput,,0.5,False,True
3682,trades,1784011910158,False,False,not_evaluated,missing_same_side_strict_through_support,,0.5,False,True
3683,l2Book,1784011910223,False,False,not_evaluated,missing_same_side_strict_through_support,,0.5,False,True
3684,l2Book,1784011910767,False,False,not_evaluated,missing_same_side_strict_through_support,,0.5,False,True
3685,trades,1784011910966,False,False,not_evaluated,missing_same_side_strict_through_support,,0.5,False,True
3686,l2Book,1784011911286,False,False,not_evaluated,missing_same_side_strict_through_support,,0.5,False,True
3687,trades,1784011911488,False,False,not_evaluated,missing_same_side_strict_through_support,,0.5,False,True
3688,l2Book,1784011911832,False,False,not_evaluated,missing_same_side_strict_through_support,,0.5,False,True
3689,trades,1784011911888,False,False,not_evaluated,missing_same_side_strict_through_support,,0.5,False,True
3690,trades,1784011912178,False,False,not_evaluated,missing_same_side_strict_through_support,,0.5,False,True
3691,l2Book,1784011912380,False,False,not_evaluated,missing_same_side_strict_through_support,,0.5,False,True
3692,l2Book,1784011912905,False,False,not_evaluated,missing_same_side_strict_through_support,,0.5,False,True
3693,trades,1784011912905,False,False,not_evaluated,missing_same_side_strict_through_support,,0.5,False,True
3694,l2Book,1784011913514,False,False,not_evaluated,missing_same_side_strict_through_support,,0.5,False,True
3695,l2Book,1784011914045,False,False,not_evaluated,missing_same_side_strict_through_support,,0.5,False,True
3696,l2Book,1784011914555,False,False,not_evaluated,missing_same_side_strict_through_support,,0.5,False,True
3697,l2Book,1784011915060,False,False,not_evaluated,missing_same_side_strict_through_support,,0.5,False,True
3698,l2Book,1784011915565,False,False,not_evaluated,missing_same_side_strict_through_support,,0.5,False,True
3699,l2Book,1784011916072,False,False,not_evaluated,missing_same_side_strict_through_support;missing_recent_same_side_at_or_through_throughput,,0.5,False,True
3700,l2Book,1784011916616,False,False,not_evaluated,missing_same_side_strict_through_support;missing_recent_same_side_at_or_through_throughput,,0.5,False,True
3701,trades,1784011917022,False,False,not_evaluated,missing_same_side_strict_through_support,,0.5,False,True
3702,l2Book,1784011917151,False,False,not_evaluated,missing_same_side_strict_through_support,,0.5,False,True
3703,l2Book,1784011917692,False,False,not_evaluated,missing_same_side_strict_through_support,,0.5,False,True
3704,trades,1784011918033,False,False,not_evaluated,missing_same_side_strict_through_support,,0.5,False,True
3705,l2Book,1784011918236,False,False,not_evaluated,missing_same_side_strict_through_support,,0.5,False,True
3706,l2Book,1784011918769,False,False,not_evaluated,missing_same_side_strict_through_support,,0.5,False,True
3707,trades,1784011918840,False,False,not_evaluated,missing_same_side_strict_through_support,,0.5,False,True
3708,l2Book,1784011919311,False,False,not_evaluated,missing_same_side_strict_through_support,,0.5,False,True
3709,l2Book,1784011919850,False,False,not_evaluated,missing_same_side_strict_through_support,,0.5,False,True
3710,l2Book,1784011920464,False,False,not_evaluated,missing_same_side_strict_through_support;missing_recent_same_side_at_or_through_throughput,,0.5,False,True
3711,l2Book,1784011920995,False,False,not_evaluated,missing_same_side_strict_through_support;missing_recent_same_side_at_or_through_throughput,,0.5,False,True
3712,l2Book,1784011921534,False,False,not_evaluated,missing_same_side_strict_through_support;missing_recent_same_side_at_or_through_throughput,,0.5,False,True
3713,trades,1784011922006,False,False,not_evaluated,missing_same_side_strict_through_support,,0.5,False,True
3714,l2Book,1784011922076,False,False,not_evaluated,missing_same_side_strict_through_support,,0.5,False,True
3715,l2Book,1784011922612,False,False,not_evaluated,missing_same_side_strict_through_support,,0.5,False,True
3716,l2Book,1784011923151,False,False,not_evaluated,missing_same_side_strict_through_support,,0.5,False,True
3717,l2Book,1784011923685,False,False,not_evaluated,missing_same_side_strict_through_support,,0.5,False,True
3718,l2Book,1784011924226,False,False,not_evaluated,missing_same_side_strict_through_support,,0.5,False,True
3719,l2Book,1784011924761,False,False,not_evaluated,missing_same_side_strict_through_support,,0.5,False,True
3720,l2Book,1784011925298,False,False,not_evaluated,missing_same_side_strict_through_support;missing_recent_same_side_at_or_through_throughput,,0.5,False,True
3721,l2Book,1784011925835,False,False,not_evaluated,missing_same_side_strict_through_support;missing_recent_same_side_at_or_through_throughput,,0.5,False,True
3722,l2Book,1784011926357,False,False,not_evaluated,missing_same_side_strict_through_support;missing_recent_same_side_at_or_through_throughput,,0.5,False,True
3723,l2Book,1784011926965,False,False,not_evaluated,missing_same_side_strict_through_support;missing_recent_same_side_at_or_through_throughput,,0.5,False,True
3724,l2Book,1784011927503,False,False,not_evaluated,missing_same_side_strict_through_support;missing_recent_same_side_at_or_through_throughput,,0.5,False,True
3725,l2Book,1784011928048,False,False,not_evaluated,missing_same_side_strict_through_support;missing_recent_same_side_at_or_through_throughput,,0.5,False,True
3726,trades,1784011928048,False,False,not_evaluated,missing_same_side_strict_through_support,,0.5,False,True
3727,l2Book,1784011928585,False,False,not_evaluated,missing_same_side_strict_through_support,,0.5,False,True
3728,l2Book,1784011929122,False,False,not_evaluated,missing_same_side_strict_through_support,,0.5,False,True
3729,l2Book,1784011929663,False,False,not_evaluated,missing_same_side_strict_through_support,,0.5,False,True
3730,l2Book,1784011930207,False,False,not_evaluated,missing_same_side_strict_through_support,,0.5,False,True
3731,trades,1784011930480,False,False,not_evaluated,missing_same_side_strict_through_support,,0.5,False,True
3732,l2Book,1784011930737,False,False,not_evaluated,missing_same_side_strict_through_support,,0.5,False,True
3733,trades,1784011930813,False,False,not_evaluated,missing_same_side_strict_through_support,,0.5,False,True
3734,trades,1784011931080,False,False,not_evaluated,missing_same_side_strict_through_support,,0.5,False,True
3735,l2Book,1784011931279,False,False,not_evaluated,missing_same_side_strict_through_support,,0.5,False,True
3736,l2Book,1784011931819,False,False,not_evaluated,missing_same_side_strict_through_support,,0.5,False,True
3737,trades,1784011931819,False,False,not_evaluated,missing_same_side_strict_through_support,,0.5,False,True
3738,l2Book,1784011932331,False,False,not_evaluated,missing_same_side_strict_through_support,,0.5,False,True
3739,l2Book,1784011932836,False,False,not_evaluated,missing_same_side_strict_through_support;missing_touch_freshness_or_queue_reset_evidence;missing_recent_same_side_at_or_through_throughput,,0.5,False,True
3740,l2Book,1784011933366,False,False,not_evaluated,missing_same_side_strict_through_support;missing_recent_same_side_at_or_through_throughput,,0.5,False,True
3741,trades,1784011933716,False,False,not_evaluated,missing_same_side_strict_through_support,,0.5,False,True
3742,l2Book,1784011933915,False,False,not_evaluated,missing_same_side_strict_through_support,,0.5,False,True
3743,l2Book,1784011934453,False,False,not_evaluated,missing_same_side_strict_through_support,,0.5,False,True
3744,l2Book,1784011934990,False,False,not_evaluated,missing_same_side_strict_through_support,,0.5,False,True
3745,trades,1784011935059,False,False,not_evaluated,missing_same_side_strict_through_support,,0.5,False,True
3746,l2Book,1784011935533,False,False,not_evaluated,missing_same_side_strict_through_support,,0.5,False,True
3747,l2Book,1784011936068,False,False,not_evaluated,missing_same_side_strict_through_support,,0.5,False,True
3748,trades,1784011936402,False,False,not_evaluated,missing_same_side_strict_through_support,,0.5,False,True
3749,trades,1784011936470,False,False,not_evaluated,missing_same_side_strict_through_support,,0.5,False,True
3750,l2Book,1784011936604,False,False,not_evaluated,missing_same_side_strict_through_support,,0.5,False,True
3751,l2Book,1784011937141,False,False,not_evaluated,missing_same_side_strict_through_support,,0.5,False,True
3752,l2Book,1784011937677,False,False,not_evaluated,missing_same_side_strict_through_support,,0.5,False,True
3753,l2Book,1784011938197,False,False,not_evaluated,missing_same_side_strict_through_support,,0.5,False,True
3754,l2Book,1784011938752,False,False,not_evaluated,missing_same_side_strict_through_support,,0.5,False,True
3755,l2Book,1784011939289,False,False,not_evaluated,missing_same_side_strict_through_support,,0.5,False,True
3756,l2Book,1784011939813,False,False,not_evaluated,missing_same_side_strict_through_support;missing_recent_same_side_at_or_through_throughput,,0.5,False,True
3757,l2Book,1784011940422,False,False,not_evaluated,missing_same_side_strict_through_support;missing_recent_same_side_at_or_through_throughput,,0.5,False,True
3758,l2Book,1784011941096,False,False,not_evaluated,missing_same_side_strict_through_support;missing_recent_same_side_at_or_through_throughput,,0.5,False,True
3759,l2Book,1784011941636,False,False,not_evaluated,missing_same_side_strict_through_support;missing_recent_same_side_at_or_through_throughput,,0.5,False,True
3760,l2Book,1784011942243,False,False,not_evaluated,missing_same_side_strict_through_support;missing_recent_same_side_at_or_through_throughput,,0.5,False,True
3761,l2Book,1784011942849,False,False,not_evaluated,missing_same_side_strict_through_support;missing_recent_same_side_at_or_through_throughput,,0.5,False,True
3762,l2Book,1784011943390,False,False,not_evaluated,missing_same_side_strict_through_support;missing_recent_same_side_at_or_through_throughput,,0.5,False,True
3763,l2Book,1784011943930,False,False,not_evaluated,missing_same_side_strict_through_support;missing_recent_same_side_at_or_through_throughput,,0.5,False,True
3764,l2Book,1784011944467,False,False,not_evaluated,missing_same_side_strict_through_support;missing_recent_same_side_at_or_through_throughput,,0.5,False,True
3765,l2Book,1784011945007,False,False,not_evaluated,missing_same_side_strict_through_support;missing_recent_same_side_at_or_through_throughput,,0.5,False,True
3766,trades,1784011945346,False,False,not_evaluated,missing_same_side_strict_through_support;missing_recent_same_side_at_or_through_throughput,,0.5,False,True
3767,l2Book,1784011945548,False,False,not_evaluated,missing_same_side_strict_through_support;missing_recent_same_side_at_or_through_throughput,,0.5,False,True
3768,l2Book,1784011946084,False,False,not_evaluated,missing_same_side_strict_through_support;missing_recent_same_side_at_or_through_throughput,,0.5,False,True
3769,trades,1784011946355,False,False,not_evaluated,missing_same_side_strict_through_support;missing_recent_same_side_at_or_through_throughput,,0.5,False,True
3770,trades,1784011946559,False,False,not_evaluated,missing_same_side_strict_through_support;missing_recent_same_side_at_or_through_throughput,,0.5,False,True
3771,l2Book,1784011946624,False,False,not_evaluated,missing_same_side_strict_through_support;missing_touch_freshness_or_queue_reset_evidence;missing_recent_same_side_at_or_through_throughput,,0.5,False,True
3772,trades,1784011947027,False,False,not_evaluated,missing_same_side_strict_through_support,,0.5,False,True
3773,l2Book,1784011947161,False,False,not_evaluated,missing_touch_freshness_or_queue_reset_evidence,,0.5,False,True
3774,l2Book,1784011947706,False,False,not_evaluated,outside_quality_a_b_queue_bands,,0.5,False,True
3775,trades,1784011948026,False,False,not_evaluated,outside_quality_a_b_queue_bands,,0.5,False,True
3776,l2Book,1784011948234,False,False,not_evaluated,outside_quality_a_b_queue_bands,,0.5,False,True
3777,l2Book,1784011948785,False,False,not_evaluated,outside_quality_a_b_queue_bands,,0.5,False,True
3778,l2Book,1784011949320,False,False,not_evaluated,outside_quality_a_b_queue_bands,,0.5,False,True
3779,trades,1784011949389,False,False,not_evaluated,outside_quality_a_b_queue_bands,,0.5,False,True
3780,l2Book,1784011949842,False,False,not_evaluated,outside_quality_a_b_queue_bands,,0.5,False,True
3781,l2Book,1784011950396,False,False,not_evaluated,missing_same_side_strict_through_support;missing_recent_same_side_at_or_through_throughput,,0.5,False,True
3782,l2Book,1784011950932,False,False,not_evaluated,missing_same_side_strict_through_support;missing_recent_same_side_at_or_through_throughput,,0.5,False,True
3783,l2Book,1784011951453,False,False,not_evaluated,missing_same_side_strict_through_support;missing_recent_same_side_at_or_through_throughput,,0.5,False,True
3784,l2Book,1784011952009,False,False,not_evaluated,missing_same_side_strict_through_support;missing_recent_same_side_at_or_through_throughput,,0.5,False,True
3785,trades,1784011952009,False,False,not_evaluated,missing_same_side_strict_through_support,,0.5,False,True
3786,l2Book,1784011952545,False,False,not_evaluated,missing_same_side_strict_through_support,,0.5,False,True
3787,l2Book,1784011953066,False,False,not_evaluated,missing_same_side_strict_through_support,,0.5,False,True
3788,l2Book,1784011953665,False,False,not_evaluated,missing_same_side_strict_through_support,,0.5,False,True
3789,l2Book,1784011954211,False,False,not_evaluated,missing_same_side_strict_through_support,,0.5,False,True
3790,l2Book,1784011954762,False,False,not_evaluated,missing_same_side_strict_through_support,,0.5,False,True
3791,l2Book,1784011955275,False,False,not_evaluated,missing_same_side_strict_through_support;missing_recent_same_side_at_or_through_throughput,,0.5,False,True
3792,l2Book,1784011955797,False,False,not_evaluated,missing_same_side_strict_through_support;missing_recent_same_side_at_or_through_throughput,,0.5,False,True
3793,l2Book,1784011956339,False,False,not_evaluated,missing_same_side_strict_through_support;missing_recent_same_side_at_or_through_throughput,,0.5,False,True
3794,l2Book,1784011956883,False,False,not_evaluated,missing_same_side_strict_through_support;missing_recent_same_side_at_or_through_throughput,,0.5,False,True
3795,l2Book,1784011957413,False,False,not_evaluated,missing_same_side_strict_through_support;missing_recent_same_side_at_or_through_throughput,,0.5,False,True
3796,l2Book,1784011957957,False,False,not_evaluated,missing_same_side_strict_through_support;missing_recent_same_side_at_or_through_throughput,,0.5,False,True
3797,trades,1784011958019,False,False,not_evaluated,missing_same_side_strict_through_support,,0.5,False,True
3798,l2Book,1784011958492,False,False,not_evaluated,missing_same_side_strict_through_support,,0.5,False,True
3799,trades,1784011958970,False,False,not_evaluated,missing_same_side_strict_through_support,,0.5,False,True
3800,l2Book,1784011959029,False,False,not_evaluated,missing_same_side_strict_through_support,,0.5,False,True
3801,l2Book,1784011959577,False,False,not_evaluated,missing_same_side_strict_through_support,,0.5,False,True
3802,trades,1784011959980,False,False,not_evaluated,missing_same_side_strict_through_support,,0.5,False,True
3803,l2Book,1784011960102,False,False,not_evaluated,missing_same_side_strict_through_support,,0.5,False,True
3804,l2Book,1784011960648,False,False,not_evaluated,missing_same_side_strict_through_support,,0.5,False,True
3805,l2Book,1784011961199,False,False,not_evaluated,missing_same_side_strict_through_support,,0.5,False,True
3806,trades,1784011961255,False,False,not_evaluated,missing_same_side_strict_through_support,,0.5,False,True
3807,l2Book,1784011961712,False,False,not_evaluated,missing_same_side_strict_through_support,,0.5,False,True
3808,l2Book,1784011962212,False,False,not_evaluated,missing_same_side_strict_through_support,,0.5,False,True
3809,trades,1784011962549,False,False,not_evaluated,missing_same_side_strict_through_support,,0.5,False,True
3810,l2Book,1784011962752,False,False,not_evaluated,missing_same_side_strict_through_support,,0.5,False,True
3811,l2Book,1784011963328,False,False,not_evaluated,missing_same_side_strict_through_support,,0.5,False,True
3812,l2Book,1784011963959,False,False,not_evaluated,missing_same_side_strict_through_support,,0.5,False,True
3813,l2Book,1784011964563,False,False,not_evaluated,missing_same_side_strict_through_support;missing_recent_same_side_at_or_through_throughput,,0.5,False,True
3814,trades,1784011965032,False,False,not_evaluated,missing_same_side_strict_through_support;missing_recent_same_side_at_or_through_throughput,,0.5,False,True
3815,l2Book,1784011965099,False,False,not_evaluated,missing_same_side_strict_through_support;missing_recent_same_side_at_or_through_throughput,,0.5,False,True
3816,l2Book,1784011965648,False,False,not_evaluated,missing_same_side_strict_through_support;missing_recent_same_side_at_or_through_throughput,,0.5,False,True
3817,l2Book,1784011966161,False,False,not_evaluated,missing_same_side_strict_through_support;missing_recent_same_side_at_or_through_throughput,,0.5,False,True
3818,l2Book,1784011966788,False,False,not_evaluated,missing_same_side_strict_through_support;missing_recent_same_side_at_or_through_throughput,,0.5,False,True
3819,l2Book,1784011967325,False,False,not_evaluated,missing_same_side_strict_through_support;missing_recent_same_side_at_or_through_throughput,,0.5,False,True
3820,trades,1784011967726,False,False,not_evaluated,missing_same_side_strict_through_support;missing_recent_same_side_at_or_through_throughput,,0.5,False,True
3821,l2Book,1784011967830,False,False,not_evaluated,missing_same_side_strict_through_support;missing_recent_same_side_at_or_through_throughput,,0.5,False,True
3822,l2Book,1784011968393,False,False,not_evaluated,missing_same_side_strict_through_support;missing_recent_same_side_at_or_through_throughput,,0.5,False,True
3823,l2Book,1784011968943,False,False,not_evaluated,missing_same_side_strict_through_support;missing_recent_same_side_at_or_through_throughput,,0.5,False,True
3824,l2Book,1784011969482,False,False,not_evaluated,missing_same_side_strict_through_support;missing_recent_same_side_at_or_through_throughput,,0.5,False,True
3825,l2Book,1784011970086,False,False,not_evaluated,missing_same_side_strict_through_support;missing_recent_same_side_at_or_through_throughput,,0.5,False,True
3826,l2Book,1784011970523,False,False,not_evaluated,missing_same_side_strict_through_support;missing_recent_same_side_at_or_through_throughput,,0.5,False,True
3827,trades,1784011970969,False,False,not_evaluated,missing_same_side_strict_through_support,,0.5,False,True
3828,l2Book,1784011971052,False,False,not_evaluated,missing_same_side_strict_through_support,,0.5,False,True
3829,l2Book,1784011971576,False,False,not_evaluated,missing_same_side_strict_through_support,,0.5,False,True
3830,l2Book,1784011972180,False,False,not_evaluated,missing_same_side_strict_through_support,,0.5,False,True
3831,l2Book,1784011972690,False,False,not_evaluated,missing_same_side_strict_through_support,,0.5,False,True
3832,l2Book,1784011973242,False,False,not_evaluated,missing_same_side_strict_through_support,,0.5,False,True
3833,trades,1784011973498,False,False,not_evaluated,missing_same_side_strict_through_support,,0.5,False,True
3834,l2Book,1784011973776,False,False,not_evaluated,missing_same_side_strict_through_support,,0.5,False,True
3835,trades,1784011974254,False,False,not_evaluated,missing_same_side_strict_through_support,,0.5,False,True
3836,l2Book,1784011974309,False,False,not_evaluated,missing_same_side_strict_through_support,,0.5,False,True
3837,l2Book,1784011974859,False,False,not_evaluated,missing_same_side_strict_through_support,,0.5,False,True
3838,l2Book,1784011975384,False,False,not_evaluated,missing_same_side_strict_through_support,,0.5,False,True
3839,l2Book,1784011975927,False,False,not_evaluated,missing_same_side_strict_through_support,,0.5,False,True
3840,l2Book,1784011976464,False,False,not_evaluated,missing_same_side_strict_through_support,,0.5,False,True
3841,l2Book,1784011977030,False,False,not_evaluated,missing_same_side_strict_through_support,,0.5,False,True
3842,trades,1784011977030,False,False,not_evaluated,missing_same_side_strict_through_support,,0.5,False,True
3843,trades,1784011977442,False,False,not_evaluated,missing_same_side_strict_through_support,,0.5,False,True
3844,l2Book,1784011977568,False,False,not_evaluated,missing_same_side_strict_through_support,,0.5,False,True
3845,trades,1784011978040,False,False,not_evaluated,missing_same_side_strict_through_support,,0.5,False,True
3846,l2Book,1784011978105,False,False,not_evaluated,missing_same_side_strict_through_support,,0.5,False,True
3847,l2Book,1784011978643,False,False,not_evaluated,missing_same_side_strict_through_support,,0.5,False,True
3848,l2Book,1784011979246,False,False,not_evaluated,missing_same_side_strict_through_support,,0.5,False,True
3849,trades,1784011979448,False,False,not_evaluated,missing_same_side_strict_through_support,,0.5,False,True
3850,l2Book,1784011979783,False,False,not_evaluated,missing_same_side_strict_through_support,,0.5,False,True
3851,l2Book,1784011980321,False,False,not_evaluated,missing_same_side_strict_through_support,,0.5,False,True
3852,l2Book,1784011980864,False,False,not_evaluated,missing_same_side_strict_through_support,,0.5,False,True
3853,trades,1784011981334,False,False,not_evaluated,missing_same_side_strict_through_support,,0.5,False,True
3854,l2Book,1784011981466,False,False,not_evaluated,missing_same_side_strict_through_support,,0.5,False,True
3855,trades,1784011981466,False,False,not_evaluated,missing_same_side_strict_through_support,,0.5,False,True
3856,l2Book,1784011982003,False,False,not_evaluated,missing_same_side_strict_through_support,,0.5,False,True
3857,trades,1784011982003,False,False,not_evaluated,missing_same_side_strict_through_support,,0.5,False,True
3858,l2Book,1784011982546,False,False,not_evaluated,missing_same_side_strict_through_support,,0.5,False,True
3859,trades,1784011983016,False,False,not_evaluated,missing_same_side_strict_through_support,,0.5,False,True
3860,l2Book,1784011983082,False,False,not_evaluated,missing_same_side_strict_through_support;missing_touch_freshness_or_queue_reset_evidence,,0.5,False,True
3861,trades,1784011983082,False,False,not_evaluated,missing_same_side_strict_through_support;missing_touch_freshness_or_queue_reset_evidence,,0.5,False,True
3862,l2Book,1784011983629,False,False,not_evaluated,missing_touch_freshness_or_queue_reset_evidence,,0.5,False,True
3863,l2Book,1784011984164,False,False,not_evaluated,outside_quality_a_b_queue_bands,,0.5,False,True
3864,l2Book,1784011984701,False,False,not_evaluated,outside_quality_a_b_queue_bands,,0.5,False,True
3865,l2Book,1784011985236,False,False,not_evaluated,missing_same_side_strict_through_support;missing_recent_same_side_at_or_through_throughput,,0.5,False,True
3866,trades,1784011985504,False,False,not_evaluated,missing_same_side_strict_through_support,,0.5,False,True
3867,l2Book,1784011985774,False,False,not_evaluated,missing_same_side_strict_through_support,,0.5,False,True
3868,l2Book,1784011986310,False,False,not_evaluated,missing_same_side_strict_through_support,,0.5,False,True
3869,l2Book,1784011986850,False,False,not_evaluated,missing_same_side_strict_through_support,,0.5,False,True
3870,l2Book,1784011987388,False,False,not_evaluated,missing_same_side_strict_through_support,,0.5,False,True
3871,l2Book,1784011987925,False,False,not_evaluated,missing_same_side_strict_through_support,,0.5,False,True
3872,trades,1784011988056,False,False,not_evaluated,missing_same_side_strict_through_support,,0.5,False,True
3873,l2Book,1784011988458,False,False,not_evaluated,missing_touch_freshness_or_queue_reset_evidence,,0.5,False,True
3874,l2Book,1784011989000,False,False,not_evaluated,outside_quality_a_b_queue_bands,,0.5,False,True
3875,l2Book,1784011989551,False,False,not_evaluated,outside_quality_a_b_queue_bands,,0.5,False,True
3876,l2Book,1784011990067,False,False,not_evaluated,outside_quality_a_b_queue_bands,,0.5,False,True
3877,trades,1784011990150,False,False,not_evaluated,outside_quality_a_b_queue_bands,,0.5,False,True
3878,trades,1784011990498,False,False,not_evaluated,outside_quality_a_b_queue_bands,,0.5,False,True
3879,l2Book,1784011990633,False,False,not_evaluated,outside_quality_a_b_queue_bands,,0.5,False,True
3880,l2Book,1784011991170,False,False,not_evaluated,missing_same_side_strict_through_support,,0.5,False,True
3881,l2Book,1784011991704,False,False,not_evaluated,missing_same_side_strict_through_support,,0.5,False,True
3882,trades,1784011991704,False,False,not_evaluated,missing_same_side_strict_through_support,,0.5,False,True
3883,l2Book,1784011992235,False,False,not_evaluated,missing_same_side_strict_through_support,,0.5,False,True
3884,l2Book,1784011992789,False,False,not_evaluated,missing_same_side_strict_through_support,,0.5,False,True
3885,l2Book,1784011993322,False,False,not_evaluated,missing_same_side_strict_through_support,,0.5,False,True
3886,l2Book,1784011993863,False,False,not_evaluated,missing_same_side_strict_through_support;missing_recent_same_side_at_or_through_throughput,,0.5,False,True
3887,l2Book,1784011994400,False,False,not_evaluated,missing_same_side_strict_through_support;missing_recent_same_side_at_or_through_throughput,,0.5,False,True
3888,l2Book,1784011994937,False,False,not_evaluated,missing_same_side_strict_through_support;missing_recent_same_side_at_or_through_throughput,,0.5,False,True
3889,trades,1784011995006,False,False,not_evaluated,missing_same_side_strict_through_support;missing_recent_same_side_at_or_through_throughput,,0.5,False,True
3890,l2Book,1784011995490,False,False,not_evaluated,missing_same_side_strict_through_support;missing_recent_same_side_at_or_through_throughput,,0.5,False,True
3891,l2Book,1784011996026,False,False,not_evaluated,missing_same_side_strict_through_support;missing_recent_same_side_at_or_through_throughput,,0.5,False,True
3892,l2Book,1784011996563,False,False,not_evaluated,missing_same_side_strict_through_support;missing_recent_same_side_at_or_through_throughput,,0.5,False,True
3893,l2Book,1784011997100,False,False,not_evaluated,missing_same_side_strict_through_support;missing_recent_same_side_at_or_through_throughput,,0.5,False,True
3894,l2Book,1784011997636,False,False,not_evaluated,missing_same_side_strict_through_support;missing_recent_same_side_at_or_through_throughput,,0.5,False,True
3895,l2Book,1784011998175,False,False,not_evaluated,missing_same_side_strict_through_support;missing_recent_same_side_at_or_through_throughput,,0.5,False,True
3896,l2Book,1784011998713,False,False,not_evaluated,missing_same_side_strict_through_support;missing_recent_same_side_at_or_through_throughput,,0.5,False,True
3897,l2Book,1784011999255,False,False,not_evaluated,missing_same_side_strict_through_support;missing_recent_same_side_at_or_through_throughput,,0.5,False,True
3898,l2Book,1784011999788,False,False,not_evaluated,missing_same_side_strict_through_support;missing_recent_same_side_at_or_through_throughput,,0.5,False,True
3899,l2Book,1784012000322,False,False,not_evaluated,missing_same_side_strict_through_support;missing_recent_same_side_at_or_through_throughput,,0.5,False,True
3900,trades,1784012000596,False,False,not_evaluated,missing_same_side_strict_through_support;missing_recent_same_side_at_or_through_throughput,,0.5,False,True
3901,l2Book,1784012000867,False,False,not_evaluated,missing_same_side_strict_through_support;missing_recent_same_side_at_or_through_throughput,,0.5,False,True
3902,l2Book,1784012001386,False,False,not_evaluated,missing_same_side_strict_through_support;missing_recent_same_side_at_or_through_throughput,,0.5,False,True
3903,trades,1784012001730,False,False,not_evaluated,missing_same_side_strict_through_support;missing_recent_same_side_at_or_through_throughput,,0.5,False,True
3904,trades,1784012001874,False,False,not_evaluated,missing_same_side_strict_through_support;missing_recent_same_side_at_or_through_throughput,,0.5,False,True
3905,l2Book,1784012001932,False,False,not_evaluated,missing_same_side_strict_through_support;missing_recent_same_side_at_or_through_throughput,,0.5,False,True
3906,l2Book,1784012002478,False,False,not_evaluated,missing_same_side_strict_through_support;missing_recent_same_side_at_or_through_throughput,,0.5,False,True
3907,l2Book,1784012003016,False,False,not_evaluated,missing_same_side_strict_through_support;missing_recent_same_side_at_or_through_throughput,,0.5,False,True
3908,l2Book,1784012003560,False,False,not_evaluated,missing_same_side_strict_through_support;missing_recent_same_side_at_or_through_throughput,,0.5,False,True
3909,l2Book,1784012004095,False,False,not_evaluated,missing_same_side_strict_through_support;missing_recent_same_side_at_or_through_throughput,,0.5,False,True
3910,trades,1784012004501,False,False,not_evaluated,missing_same_side_strict_through_support;missing_recent_same_side_at_or_through_throughput,,0.5,False,True
3911,l2Book,1784012004637,False,False,not_evaluated,missing_same_side_strict_through_support;missing_recent_same_side_at_or_through_throughput,,0.5,False,True
3912,l2Book,1784012005174,False,False,not_evaluated,missing_same_side_strict_through_support;missing_recent_same_side_at_or_through_throughput,,0.5,False,True
3913,l2Book,1784012005711,False,False,not_evaluated,missing_same_side_strict_through_support;missing_recent_same_side_at_or_through_throughput,,0.5,False,True
3914,trades,1784012005776,False,False,not_evaluated,missing_same_side_strict_through_support;missing_recent_same_side_at_or_through_throughput,,0.5,False,True
3915,trades,1784012005912,False,False,not_evaluated,missing_same_side_strict_through_support;missing_recent_same_side_at_or_through_throughput,,0.5,False,True
3916,l2Book,1784012006246,False,False,not_evaluated,missing_same_side_strict_through_support;missing_recent_same_side_at_or_through_throughput,,0.5,False,True
3917,l2Book,1784012006784,False,False,not_evaluated,missing_same_side_strict_through_support;missing_recent_same_side_at_or_through_throughput,,0.5,False,True
3918,trades,1784012007046,False,False,not_evaluated,missing_same_side_strict_through_support,,0.5,False,True
3919,l2Book,1784012007297,False,False,not_evaluated,missing_same_side_strict_through_support,,0.5,False,True
3920,l2Book,1784012007860,False,False,not_evaluated,missing_same_side_strict_through_support,,0.5,False,True
3921,trades,1784012008061,False,False,not_evaluated,missing_same_side_strict_through_support,,0.5,False,True
3922,l2Book,1784012008396,False,False,not_evaluated,missing_same_side_strict_through_support,,0.5,False,True
3923,l2Book,1784012008933,False,False,not_evaluated,missing_same_side_strict_through_support,,0.5,False,True
3924,l2Book,1784012009471,False,False,not_evaluated,missing_same_side_strict_through_support,,0.5,False,True
3925,l2Book,1784012009978,False,False,not_evaluated,missing_same_side_strict_through_support,,0.5,False,True
3926,trades,1784012009978,False,False,not_evaluated,missing_same_side_strict_through_support,,0.5,False,True
3927,l2Book,1784012010485,False,False,not_evaluated,missing_same_side_strict_through_support;missing_recent_same_side_at_or_through_throughput,,0.5,False,True
3928,trades,1784012010556,False,False,not_evaluated,missing_same_side_strict_through_support;missing_recent_same_side_at_or_through_throughput,,0.5,False,True
3929,trades,1784012010666,False,False,not_evaluated,missing_same_side_strict_through_support;missing_recent_same_side_at_or_through_throughput,,0.5,False,True
3930,l2Book,1784012011165,False,False,not_evaluated,missing_same_side_strict_through_support;missing_touch_freshness_or_queue_reset_evidence;missing_recent_same_side_at_or_through_throughput,,0.5,False,True
3931,l2Book,1784012011631,False,False,not_evaluated,missing_same_side_strict_through_support;missing_recent_same_side_at_or_through_throughput,,0.5,False,True
3932,trades,1784012012036,False,False,not_evaluated,missing_same_side_strict_through_support,,0.5,False,True
3933,l2Book,1784012012172,False,False,not_evaluated,missing_same_side_strict_through_support,,0.5,False,True
3934,trades,1784012012376,False,False,not_evaluated,missing_same_side_strict_through_support,,0.5,False,True
3935,l2Book,1784012012708,False,False,not_evaluated,missing_same_side_strict_through_support,,0.5,False,True
3936,l2Book,1784012013224,False,False,not_evaluated,missing_same_side_strict_through_support,,0.5,False,True
3937,l2Book,1784012013780,False,False,not_evaluated,missing_same_side_strict_through_support,,0.5,False,True
3938,l2Book,1784012014318,False,False,not_evaluated,missing_same_side_strict_through_support,,0.5,False,True
3939,trades,1784012014788,False,False,not_evaluated,missing_same_side_strict_through_support,,0.5,False,True
3940,l2Book,1784012014845,False,False,not_evaluated,missing_same_side_strict_through_support,,0.5,False,True
3941,l2Book,1784012015451,False,False,not_evaluated,missing_same_side_strict_through_support;missing_recent_same_side_at_or_through_throughput,,0.5,False,True
3942,l2Book,1784012016059,False,False,not_evaluated,missing_same_side_strict_through_support;missing_recent_same_side_at_or_through_throughput,,0.5,False,True
3943,l2Book,1784012016642,False,False,not_evaluated,missing_same_side_strict_through_support;missing_recent_same_side_at_or_through_throughput,,0.5,False,True
3944,trades,1784012017072,False,False,not_evaluated,missing_same_side_strict_through_support,,0.5,False,True
3945,l2Book,1784012017272,False,False,not_evaluated,missing_same_side_strict_through_support,,0.5,False,True
3946,l2Book,1784012017880,False,False,not_evaluated,missing_same_side_strict_through_support,,0.5,False,True
3947,trades,1784012018082,False,False,not_evaluated,missing_same_side_strict_through_support,,0.5,False,True
3948,l2Book,1784012018484,False,False,not_evaluated,missing_same_side_strict_through_support,,0.5,False,True
3949,l2Book,1784012019091,False,False,not_evaluated,missing_same_side_strict_through_support,,0.5,False,True
3950,l2Book,1784012019690,False,False,not_evaluated,missing_same_side_strict_through_support,,0.5,False,True
3951,l2Book,1784012020292,False,False,not_evaluated,missing_same_side_strict_through_support,,0.5,False,True
3952,l2Book,1784012020839,False,False,not_evaluated,missing_same_side_strict_through_support,,0.5,False,True
3953,trades,1784012020906,False,False,not_evaluated,missing_same_side_strict_through_support,,0.5,False,True
3954,l2Book,1784012021379,False,False,not_evaluated,missing_same_side_strict_through_support;missing_recent_same_side_at_or_through_throughput,,0.5,False,True
3955,l2Book,1784012021914,False,False,not_evaluated,missing_same_side_strict_through_support;missing_recent_same_side_at_or_through_throughput,,0.5,False,True
3956,trades,1784012022317,False,False,not_evaluated,missing_same_side_strict_through_support,,0.5,False,True
3957,l2Book,1784012022437,False,False,not_evaluated,missing_same_side_strict_through_support,,0.5,False,True
3958,l2Book,1784012022989,False,False,not_evaluated,missing_same_side_strict_through_support,,0.5,False,True
3959,l2Book,1784012023529,False,False,not_evaluated,missing_same_side_strict_through_support,,0.5,False,True
3960,l2Book,1784012024054,False,False,not_evaluated,missing_same_side_strict_through_support,,0.5,False,True
3961,trades,1784012024130,False,False,not_evaluated,missing_same_side_strict_through_support,,0.5,False,True
3962,trades,1784012024552,False,False,not_evaluated,missing_same_side_strict_through_support,,0.5,False,True
3963,l2Book,1784012024620,False,False,not_evaluated,missing_same_side_strict_through_support;missing_touch_freshness_or_queue_reset_evidence;missing_recent_same_side_at_or_through_throughput,,0.5,False,True
3964,trades,1784012025019,False,False,not_evaluated,missing_same_side_strict_through_support;missing_recent_same_side_at_or_through_throughput,,0.5,False,True
3965,l2Book,1784012025156,False,False,not_evaluated,missing_same_side_strict_through_support;missing_touch_freshness_or_queue_reset_evidence;missing_recent_same_side_at_or_through_throughput,,0.5,False,True
3966,trades,1784012025156,False,False,not_evaluated,missing_same_side_strict_through_support;missing_touch_freshness_or_queue_reset_evidence,,0.5,False,True
3967,l2Book,1784012025696,False,False,not_evaluated,missing_same_side_strict_through_support,,0.5,False,True
3968,trades,1784012026045,False,False,not_evaluated,missing_same_side_strict_through_support,,0.5,False,True
3969,l2Book,1784012026245,False,False,not_evaluated,missing_same_side_strict_through_support,,0.5,False,True
3970,l2Book,1784012026790,False,False,not_evaluated,missing_same_side_strict_through_support,,0.5,False,True
3971,l2Book,1784012027315,False,False,not_evaluated,missing_same_side_strict_through_support,,0.5,False,True
3972,l2Book,1784012027860,False,False,not_evaluated,missing_same_side_strict_through_support,,0.5,False,True
3973,l2Book,1784012028398,False,False,not_evaluated,missing_same_side_strict_through_support;missing_recent_same_side_at_or_through_throughput,,0.5,False,True
3974,l2Book,1784012028934,False,False,not_evaluated,missing_same_side_strict_through_support;missing_recent_same_side_at_or_through_throughput,,0.5,False,True
3975,l2Book,1784012029470,False,False,not_evaluated,missing_same_side_strict_through_support;missing_recent_same_side_at_or_through_throughput,,0.5,False,True
3976,l2Book,1784012030007,False,False,not_evaluated,missing_same_side_strict_through_support;missing_recent_same_side_at_or_through_throughput,,0.5,False,True
3977,l2Book,1784012030532,False,False,not_evaluated,missing_same_side_strict_through_support;missing_recent_same_side_at_or_through_throughput,,0.5,False,True
3978,l2Book,1784012031080,False,False,not_evaluated,missing_same_side_strict_through_support;missing_recent_same_side_at_or_through_throughput,,0.5,False,True
3979,l2Book,1784012031619,False,False,not_evaluated,missing_same_side_strict_through_support;missing_recent_same_side_at_or_through_throughput,,0.5,False,True
3980,l2Book,1784012032155,False,False,not_evaluated,missing_same_side_strict_through_support;missing_recent_same_side_at_or_through_throughput,,0.5,False,True
3981,l2Book,1784012032698,False,False,not_evaluated,missing_same_side_strict_through_support;missing_recent_same_side_at_or_through_throughput,,0.5,False,True
3982,trades,1784012033036,True,True,edge_gate_block,fair_mid_source_stale,0.000692,0.5,False,False
3983,l2Book,1784012033771,False,False,not_evaluated,missing_same_side_strict_through_support,,0.5,False,True
3984,l2Book,1784012034292,False,False,not_evaluated,missing_same_side_strict_through_support,,0.5,False,True
3985,l2Book,1784012034842,False,False,not_evaluated,missing_same_side_strict_through_support,,0.5,False,True
3986,l2Book,1784012035379,False,False,not_evaluated,missing_same_side_strict_through_support,,0.5,False,True
3987,l2Book,1784012035981,False,False,not_evaluated,missing_same_side_strict_through_support,,0.5,False,True
3988,l2Book,1784012036584,False,False,not_evaluated,missing_same_side_strict_through_support;missing_recent_same_side_at_or_through_throughput,,0.5,False,True
3989,trades,1784012036652,False,False,not_evaluated,missing_same_side_strict_through_support,,0.5,False,True
3990,trades,1784012037054,False,False,not_evaluated,missing_same_side_strict_through_support,,0.5,False,True
3991,l2Book,1784012037110,False,False,not_evaluated,missing_same_side_strict_through_support,,0.5,False,True
3992,l2Book,1784012037661,False,False,not_evaluated,missing_same_side_strict_through_support;missing_touch_freshness_or_queue_reset_evidence;missing_recent_same_side_at_or_through_throughput,,0.5,False,True
3993,trades,1784012038062,False,False,not_evaluated,missing_same_side_strict_through_support;missing_recent_same_side_at_or_through_throughput,,0.5,False,True
3994,l2Book,1784012038198,False,False,not_evaluated,missing_same_side_strict_through_support;missing_recent_same_side_at_or_through_throughput,,0.5,False,True
3995,l2Book,1784012038732,False,False,not_evaluated,missing_same_side_strict_through_support;missing_recent_same_side_at_or_through_throughput,,0.5,False,True
3996,l2Book,1784012039275,False,False,not_evaluated,missing_same_side_strict_through_support;missing_recent_same_side_at_or_through_throughput,,0.5,False,True
3997,l2Book,1784012039813,False,False,not_evaluated,missing_same_side_strict_through_support;missing_touch_freshness_or_queue_reset_evidence;missing_recent_same_side_at_or_through_throughput,,0.5,False,True
3998,l2Book,1784012040342,False,False,not_evaluated,missing_same_side_strict_through_support;missing_recent_same_side_at_or_through_throughput,,0.5,False,True
3999,l2Book,1784012040946,False,False,not_evaluated,missing_same_side_strict_through_support;missing_recent_same_side_at_or_through_throughput,,0.5,False,True
4000,l2Book,1784012041472,False,False,not_evaluated,missing_same_side_strict_through_support;missing_recent_same_side_at_or_through_throughput,,0.5,False,True
4001,l2Book,1784012042025,False,False,not_evaluated,missing_same_side_strict_through_support;missing_touch_freshness_or_queue_reset_evidence;missing_recent_same_side_at_or_through_throughput,,0.5,False,True
4002,trades,1784012042025,False,False,not_evaluated,missing_same_side_strict_through_support;missing_touch_freshness_or_queue_reset_evidence,,0.5,False,True
4003,l2Book,1784012042553,False,False,not_evaluated,missing_same_side_strict_through_support,,0.5,False,True
4004,l2Book,1784012043158,False,False,not_evaluated,missing_same_side_strict_through_support,,0.5,False,True
4005,l2Book,1784012043699,False,False,not_evaluated,missing_same_side_strict_through_support,,0.5,False,True
4006,l2Book,1784012044250,False,False,not_evaluated,missing_same_side_strict_through_support,,0.5,False,True
4007,l2Book,1784012044767,False,False,not_evaluated,missing_same_side_strict_through_support,,0.5,False,True
4008,l2Book,1784012045307,False,False,not_evaluated,missing_same_side_strict_through_support;missing_recent_same_side_at_or_through_throughput,,0.5,False,True
4009,l2Book,1784012045913,False,False,not_evaluated,missing_same_side_strict_through_support;missing_recent_same_side_at_or_through_throughput,,0.5,False,True
4010,l2Book,1784012046378,False,False,not_evaluated,missing_same_side_strict_through_support;missing_recent_same_side_at_or_through_throughput,,0.5,False,True
4011,l2Book,1784012046924,False,False,not_evaluated,missing_same_side_strict_through_support;missing_recent_same_side_at_or_through_throughput,,0.5,False,True
4012,l2Book,1784012047442,False,False,not_evaluated,missing_same_side_strict_through_support;missing_recent_same_side_at_or_through_throughput,,0.5,False,True
4013,l2Book,1784012047987,False,False,not_evaluated,missing_same_side_strict_through_support;missing_recent_same_side_at_or_through_throughput,,0.5,False,True
4014,trades,1784012048050,False,False,not_evaluated,missing_same_side_strict_through_support,,0.5,False,True
4015,l2Book,1784012048612,False,False,not_evaluated,missing_same_side_strict_through_support,,0.5,False,True
4016,trades,1784012048947,False,False,not_evaluated,missing_same_side_strict_through_support,,0.5,False,True
4017,l2Book,1784012049148,False,False,not_evaluated,missing_same_side_strict_through_support,,0.5,False,True
4018,l2Book,1784012049686,False,False,not_evaluated,missing_same_side_strict_through_support;missing_touch_freshness_or_queue_reset_evidence;missing_recent_same_side_at_or_through_throughput,,0.5,False,True
4019,trades,1784012049686,False,False,not_evaluated,missing_same_side_strict_through_support;missing_touch_freshness_or_queue_reset_evidence,,0.5,False,True
4020,l2Book,1784012050225,False,False,not_evaluated,missing_same_side_strict_through_support,,0.5,False,True
4021,l2Book,1784012050761,False,False,not_evaluated,missing_same_side_strict_through_support,,0.5,False,True
4022,trades,1784012051229,False,False,not_evaluated,missing_same_side_strict_through_support,,0.5,False,True
4023,l2Book,1784012051362,False,False,not_evaluated,missing_same_side_strict_through_support,,0.5,False,True
4024,trades,1784012051485,False,False,not_evaluated,missing_same_side_strict_through_support,,0.5,False,True
4025,l2Book,1784012051965,False,False,not_evaluated,missing_same_side_strict_through_support,,0.5,False,True
4026,l2Book,1784012052569,False,False,not_evaluated,missing_same_side_strict_through_support,,0.5,False,True
4027,trades,1784012052770,False,False,not_evaluated,missing_same_side_strict_through_support,,0.5,False,True
4028,l2Book,1784012053174,False,False,not_evaluated,missing_same_side_strict_through_support,,0.5,False,True
4029,trades,1784012053174,False,False,not_evaluated,missing_same_side_strict_through_support,,0.5,False,True
4030,l2Book,1784012053777,False,False,not_evaluated,missing_same_side_strict_through_support,,0.5,False,True
4031,l2Book,1784012054310,False,False,not_evaluated,missing_same_side_strict_through_support,,0.5,False,True
4032,l2Book,1784012054851,False,False,not_evaluated,missing_same_side_strict_through_support,,0.5,False,True
4033,trades,1784012055053,False,False,not_evaluated,missing_same_side_strict_through_support,,0.5,False,True
4034,l2Book,1784012055399,False,False,not_evaluated,missing_same_side_strict_through_support,,0.5,False,True
4035,l2Book,1784012056001,False,False,not_evaluated,missing_same_side_strict_through_support,,0.5,False,True
4036,l2Book,1784012056542,False,False,not_evaluated,missing_same_side_strict_through_support;missing_recent_same_side_at_or_through_throughput,,0.5,False,True
4037,l2Book,1784012057078,False,False,not_evaluated,missing_same_side_strict_through_support;missing_recent_same_side_at_or_through_throughput,,0.5,False,True
4038,l2Book,1784012057605,False,False,not_evaluated,missing_same_side_strict_through_support;missing_recent_same_side_at_or_through_throughput,,0.5,False,True
4039,l2Book,1784012058150,False,False,not_evaluated,missing_same_side_strict_through_support;missing_recent_same_side_at_or_through_throughput,,0.5,False,True
4040,l2Book,1784012058695,False,False,not_evaluated,missing_same_side_strict_through_support;missing_recent_same_side_at_or_through_throughput,,0.5,False,True
4041,l2Book,1784012059233,False,False,not_evaluated,missing_same_side_strict_through_support;missing_recent_same_side_at_or_through_throughput,,0.5,False,True
4042,l2Book,1784012059771,False,False,not_evaluated,missing_same_side_strict_through_support;missing_recent_same_side_at_or_through_throughput,,0.5,False,True
4043,trades,1784012060241,False,False,not_evaluated,missing_same_side_strict_through_support;missing_recent_same_side_at_or_through_throughput,,0.5,False,True
4044,l2Book,1784012060309,False,False,not_evaluated,missing_same_side_strict_through_support;missing_recent_same_side_at_or_through_throughput,,0.5,False,True
4045,l2Book,1784012060844,False,False,not_evaluated,missing_same_side_strict_through_support;missing_recent_same_side_at_or_through_throughput,,0.5,False,True
4046,l2Book,1784012061387,False,False,not_evaluated,missing_same_side_strict_through_support;missing_recent_same_side_at_or_through_throughput,,0.5,False,True
4047,l2Book,1784012061899,False,False,not_evaluated,missing_same_side_strict_through_support;missing_recent_same_side_at_or_through_throughput,,0.5,False,True
4048,l2Book,1784012062462,False,False,not_evaluated,missing_same_side_strict_through_support;missing_recent_same_side_at_or_through_throughput,,0.5,False,True
4049,l2Book,1784012062999,False,False,not_evaluated,missing_same_side_strict_through_support;missing_recent_same_side_at_or_through_throughput,,0.5,False,True
4050,l2Book,1784012063523,False,False,not_evaluated,missing_same_side_strict_through_support;missing_recent_same_side_at_or_through_throughput,,0.5,False,True
4051,l2Book,1784012064076,False,False,not_evaluated,missing_same_side_strict_through_support;missing_recent_same_side_at_or_through_throughput,,0.5,False,True
4052,trades,1784012064410,False,False,not_evaluated,missing_same_side_strict_through_support,,0.5,False,True
4053,l2Book,1784012064612,False,False,not_evaluated,missing_same_side_strict_through_support,,0.5,False,True
4054,l2Book,1784012065137,False,False,not_evaluated,missing_same_side_strict_through_support,,0.5,False,True
4055,l2Book,1784012065687,False,False,not_evaluated,missing_same_side_strict_through_support,,0.5,False,True
4056,l2Book,1784012066223,False,False,not_evaluated,missing_same_side_strict_through_support,,0.5,False,True
4057,l2Book,1784012066755,False,False,not_evaluated,missing_same_side_strict_through_support,,0.5,False,True
4058,trades,1784012067038,False,False,not_evaluated,missing_same_side_strict_through_support,,0.5,False,True
4059,l2Book,1784012067294,False,False,not_evaluated,missing_same_side_strict_through_support,,0.5,False,True
4060,trades,1784012067440,False,False,not_evaluated,missing_same_side_strict_through_support;missing_recent_same_side_at_or_through_throughput,,0.5,False,True
4061,l2Book,1784012067842,False,False,not_evaluated,missing_same_side_strict_through_support;missing_recent_same_side_at_or_through_throughput,,0.5,False,True
4062,trades,1784012068042,False,False,not_evaluated,missing_same_side_strict_through_support;missing_recent_same_side_at_or_through_throughput,,0.5,False,True
4063,l2Book,1784012068375,False,False,not_evaluated,missing_same_side_strict_through_support;missing_recent_same_side_at_or_through_throughput,,0.5,False,True
4064,trades,1784012068578,False,False,not_evaluated,missing_same_side_strict_through_support,,0.5,False,True
4065,l2Book,1784012068903,False,False,not_evaluated,missing_same_side_strict_through_support,,0.5,False,True
4066,l2Book,1784012069456,False,False,not_evaluated,missing_same_side_strict_through_support,,0.5,False,True
4067,l2Book,1784012069995,False,False,not_evaluated,missing_same_side_strict_through_support,,0.5,False,True
4068,l2Book,1784012070529,False,False,not_evaluated,missing_same_side_strict_through_support,,0.5,False,True
4069,l2Book,1784012071137,False,False,not_evaluated,missing_same_side_strict_through_support,,0.5,False,True
4070,l2Book,1784012071605,False,False,not_evaluated,missing_same_side_strict_through_support;missing_recent_same_side_at_or_through_throughput,,0.5,False,True
4071,trades,1784012072008,False,False,not_evaluated,missing_same_side_strict_through_support,,0.5,False,True
4072,l2Book,1784012072141,False,False,not_evaluated,missing_same_side_strict_through_support,,0.5,False,True
4073,l2Book,1784012072678,False,False,not_evaluated,missing_same_side_strict_through_support,,0.5,False,True
4074,l2Book,1784012073214,False,False,not_evaluated,missing_same_side_strict_through_support,,0.5,False,True
4075,trades,1784012073684,False,False,not_evaluated,missing_same_side_strict_through_support,,0.5,False,True
4076,l2Book,1784012073735,False,False,not_evaluated,missing_same_side_strict_through_support,,0.5,False,True
4077,l2Book,1784012074288,False,False,not_evaluated,missing_same_side_strict_through_support,,0.5,False,True
4078,l2Book,1784012074826,False,False,not_evaluated,missing_same_side_strict_through_support,,0.5,False,True
4079,trades,1784012075027,False,False,not_evaluated,missing_same_side_strict_through_support,,0.5,False,True
4080,trades,1784012075228,False,False,not_evaluated,missing_same_side_strict_through_support,,0.5,False,True
4081,l2Book,1784012075358,False,False,not_evaluated,missing_same_side_strict_through_support,,0.5,False,True
4082,l2Book,1784012075907,False,False,not_evaluated,missing_same_side_strict_through_support,,0.5,False,True
4083,l2Book,1784012076451,False,False,not_evaluated,missing_same_side_strict_through_support,,0.5,False,True
4084,l2Book,1784012076975,False,False,not_evaluated,missing_same_side_strict_through_support,,0.5,False,True
4085,l2Book,1784012077526,False,False,not_evaluated,missing_same_side_strict_through_support,,0.5,False,True
4086,l2Book,1784012078063,False,False,not_evaluated,missing_same_side_strict_through_support,,0.5,False,True
4087,trades,1784012078063,False,False,not_evaluated,missing_same_side_strict_through_support,,0.5,False,True
4088,trades,1784012078445,False,False,not_evaluated,outside_quality_a_b_queue_bands,,0.5,False,True
4089,l2Book,1784012078613,False,False,not_evaluated,missing_same_side_strict_through_support;missing_touch_freshness_or_queue_reset_evidence;missing_recent_same_side_at_or_through_throughput,,0.5,False,True
4090,l2Book,1784012079162,False,False,not_evaluated,missing_same_side_strict_through_support;missing_recent_same_side_at_or_through_throughput,,0.5,False,True
4091,trades,1784012079537,False,False,not_evaluated,missing_same_side_strict_through_support,,0.5,False,True
4092,l2Book,1784012079672,False,False,not_evaluated,missing_same_side_strict_through_support,,0.5,False,True
4093,trades,1784012079938,False,False,not_evaluated,missing_same_side_strict_through_support,,0.5,False,True
4094,l2Book,1784012080207,False,False,not_evaluated,missing_same_side_strict_through_support,,0.5,False,True
4095,l2Book,1784012080745,False,False,not_evaluated,missing_same_side_strict_through_support,,0.5,False,True
4096,l2Book,1784012081281,False,False,not_evaluated,missing_same_side_strict_through_support,,0.5,False,True
4097,l2Book,1784012081817,False,False,not_evaluated,missing_same_side_strict_through_support,,0.5,False,True
4098,l2Book,1784012082349,False,False,not_evaluated,missing_same_side_strict_through_support;missing_touch_freshness_or_queue_reset_evidence;missing_recent_same_side_at_or_through_throughput,,0.5,False,True
4099,trades,1784012082349,False,False,not_evaluated,missing_same_side_strict_through_support;missing_touch_freshness_or_queue_reset_evidence;missing_recent_same_side_at_or_through_throughput,,0.5,False,True
4100,trades,1784012082424,False,False,not_evaluated,missing_touch_freshness_or_queue_reset_evidence,,0.5,False,True
4101,trades,1784012082490,False,False,not_evaluated,missing_touch_freshness_or_queue_reset_evidence,,0.5,False,True
4102,trades,1784012082616,True,True,anti_drift_block,adverse_trade_pressure_with_recent_adverse_bbo,0.000647,0.5,False,True
4103,l2Book,1784012082901,False,False,not_evaluated,missing_same_side_strict_through_support;missing_touch_freshness_or_queue_reset_evidence,,0.5,False,True
4104,trades,1784012082964,False,False,not_evaluated,missing_same_side_strict_through_support;missing_touch_freshness_or_queue_reset_evidence,,0.5,False,True
4105,l2Book,1784012083423,False,False,not_evaluated,missing_same_side_strict_through_support,,0.5,False,True
4106,trades,1784012083423,False,False,not_evaluated,missing_same_side_strict_through_support,,0.5,False,True
4107,trades,1784012083896,False,False,not_evaluated,missing_same_side_strict_through_support,,0.5,False,True
4108,l2Book,1784012083962,False,False,not_evaluated,missing_same_side_strict_through_support,,0.5,False,True
4109,l2Book,1784012084503,False,False,not_evaluated,missing_same_side_strict_through_support,,0.5,False,True
4110,l2Book,1784012085037,False,False,not_evaluated,missing_same_side_strict_through_support,,0.5,False,True
4111,trades,1784012085037,False,False,not_evaluated,missing_same_side_strict_through_support,,0.5,False,True
4112,l2Book,1784012085587,False,False,not_evaluated,missing_same_side_strict_through_support,,0.5,False,True
4113,l2Book,1784012086124,False,False,not_evaluated,missing_same_side_strict_through_support,,0.5,False,True
4114,trades,1784012086384,False,False,not_evaluated,missing_same_side_strict_through_support,,0.5,False,True
4115,l2Book,1784012086642,False,False,not_evaluated,missing_same_side_strict_through_support,,0.5,False,True
4116,l2Book,1784012087161,False,False,not_evaluated,missing_same_side_strict_through_support,,0.5,False,True
4117,l2Book,1784012087668,False,False,not_evaluated,missing_same_side_strict_through_support,,0.5,False,True
4118,l2Book,1784012088205,False,False,not_evaluated,missing_same_side_strict_through_support,,0.5,False,True
4119,l2Book,1784012088741,False,False,not_evaluated,missing_same_side_strict_through_support,,0.5,False,True
4120,l2Book,1784012089279,False,False,not_evaluated,missing_same_side_strict_through_support,,0.5,False,True
4121,trades,1784012089348,False,False,not_evaluated,missing_same_side_strict_through_support,,0.5,False,True
4122,l2Book,1784012089818,False,False,not_evaluated,missing_same_side_strict_through_support;missing_recent_same_side_at_or_through_throughput,,0.5,False,True
4123,l2Book,1784012090354,False,False,not_evaluated,missing_same_side_strict_through_support;missing_recent_same_side_at_or_through_throughput,,0.5,False,True
4124,l2Book,1784012090895,False,False,not_evaluated,missing_same_side_strict_through_support;missing_touch_freshness_or_queue_reset_evidence;missing_recent_same_side_at_or_through_throughput,,0.5,False,True
4125,trades,1784012091368,False,False,not_evaluated,missing_same_side_strict_through_support;missing_recent_same_side_at_or_through_throughput,,0.5,False,True
4126,l2Book,1784012091433,False,False,not_evaluated,missing_same_side_strict_through_support;missing_touch_freshness_or_queue_reset_evidence;missing_recent_same_side_at_or_through_throughput,,0.5,False,True
4127,trades,1784012091816,False,False,not_evaluated,missing_same_side_strict_through_support,,0.5,False,True
4128,l2Book,1784012091947,False,False,not_evaluated,missing_same_side_strict_through_support;missing_touch_freshness_or_queue_reset_evidence;missing_recent_same_side_at_or_through_throughput,,0.5,False,True
4129,trades,1784012091947,False,False,not_evaluated,missing_same_side_strict_through_support;missing_touch_freshness_or_queue_reset_evidence,,0.5,False,True
4130,trades,1784012092018,False,False,not_evaluated,missing_same_side_strict_through_support;missing_touch_freshness_or_queue_reset_evidence,,0.5,False,True
4131,l2Book,1784012092520,False,False,not_evaluated,missing_same_side_strict_through_support,,0.5,False,True
4132,trades,1784012092915,True,True,fail_closed,outside_quality_a_b_queue_bands;missing_intent_limit_px;missing_or_nonpositive_intent_size;missing_quality_bucket,0.00064,0.5,False,False
4133,trades,1784012093519,False,False,not_evaluated,missing_same_side_strict_through_support,,0.5,False,True
4134,l2Book,1784012093586,False,False,not_evaluated,missing_same_side_strict_through_support,,0.5,False,True
4135,l2Book,1784012094121,False,False,not_evaluated,missing_same_side_strict_through_support,,0.5,False,True
4136,l2Book,1784012094648,False,False,not_evaluated,missing_same_side_strict_through_support,,0.5,False,True
4137,trades,1784012094925,False,False,not_evaluated,missing_same_side_strict_through_support,,0.5,False,True
4138,l2Book,1784012095255,False,False,not_evaluated,missing_same_side_strict_through_support;missing_touch_freshness_or_queue_reset_evidence;missing_recent_same_side_at_or_through_throughput,,0.5,False,True
4139,trades,1784012095658,False,False,not_evaluated,missing_same_side_strict_through_support;missing_recent_same_side_at_or_through_throughput,,0.5,False,True
4140,l2Book,1784012095859,False,False,not_evaluated,missing_same_side_strict_through_support;missing_recent_same_side_at_or_through_throughput,,0.5,False,True
4141,l2Book,1784012096462,False,False,not_evaluated,missing_same_side_strict_through_support;missing_recent_same_side_at_or_through_throughput,,0.5,False,True
4142,trades,1784012096806,False,False,not_evaluated,outside_quality_a_b_queue_bands,,0.5,False,True
4143,l2Book,1784012097065,False,False,not_evaluated,missing_same_side_strict_through_support;missing_touch_freshness_or_queue_reset_evidence,,0.5,False,True
4144,trades,1784012097008,False,False,not_evaluated,missing_same_side_strict_through_support;missing_touch_freshness_or_queue_reset_evidence,,0.5,False,True
4145,l2Book,1784012097558,False,False,not_evaluated,missing_same_side_strict_through_support,,0.5,False,True
4146,l2Book,1784012098072,False,False,not_evaluated,missing_same_side_strict_through_support,,0.5,False,True
4147,trades,1784012098072,False,False,not_evaluated,missing_same_side_strict_through_support,,0.5,False,True
4148,l2Book,1784012098595,False,False,not_evaluated,missing_same_side_strict_through_support,,0.5,False,True
4149,l2Book,1784012099129,False,False,not_evaluated,missing_same_side_strict_through_support,,0.5,False,True
4150,trades,1784012099609,False,False,not_evaluated,missing_same_side_strict_through_support,,0.5,False,True
4151,l2Book,1784012099681,False,False,not_evaluated,missing_same_side_strict_through_support,,0.5,False,True
4152,l2Book,1784012100217,False,False,not_evaluated,missing_same_side_strict_through_support,,0.5,False,True
4153,l2Book,1784012100747,False,False,not_evaluated,missing_same_side_strict_through_support,,0.5,False,True
4154,trades,1784012100890,False,False,not_evaluated,missing_same_side_strict_through_support,,0.5,False,True
4155,trades,1784012101154,False,False,not_evaluated,missing_same_side_strict_through_support,,0.5,False,True
4156,l2Book,1784012101290,False,False,not_evaluated,missing_same_side_strict_through_support,,0.5,False,True
4157,l2Book,1784012101837,False,False,not_evaluated,missing_same_side_strict_through_support,,0.5,False,True
4158,trades,1784012101895,False,False,not_evaluated,missing_same_side_strict_through_support,,0.5,False,True
4159,trades,1784012101960,False,False,not_evaluated,missing_same_side_strict_through_support,,0.5,False,True
4160,trades,1784012102040,False,False,not_evaluated,missing_same_side_strict_through_support,,0.5,False,True
4161,l2Book,1784012102366,False,False,not_evaluated,missing_same_side_strict_through_support,,0.5,False,True
4162,trades,1784012102366,False,False,not_evaluated,missing_same_side_strict_through_support,,0.5,False,True
4163,trades,1784012102498,False,False,not_evaluated,outside_quality_a_b_queue_bands,,0.5,False,True
4164,trades,1784012102569,False,False,not_evaluated,outside_quality_a_b_queue_bands,,0.5,False,True
4165,l2Book,1784012102977,False,False,not_evaluated,missing_same_side_strict_through_support;missing_touch_freshness_or_queue_reset_evidence;missing_recent_same_side_at_or_through_throughput,,0.5,False,True
4166,trades,1784012102929,False,False,not_evaluated,missing_same_side_strict_through_support;missing_touch_freshness_or_queue_reset_evidence,,0.5,False,True
4167,trades,1784012103052,False,False,not_evaluated,missing_touch_freshness_or_queue_reset_evidence,,0.5,False,True
4168,l2Book,1784012103458,False,False,not_evaluated,missing_same_side_strict_through_support;missing_touch_freshness_or_queue_reset_evidence,,0.5,False,True
4169,l2Book,1784012104016,False,False,not_evaluated,missing_same_side_strict_through_support,,0.5,False,True
4170,l2Book,1784012104559,False,False,not_evaluated,missing_same_side_strict_through_support,,0.5,False,True
4171,trades,1784012104894,False,False,not_evaluated,missing_same_side_strict_through_support,,0.5,False,True
4172,l2Book,1784012105097,False,False,not_evaluated,missing_same_side_strict_through_support,,0.5,False,True
4173,trades,1784012105510,False,False,not_evaluated,missing_same_side_strict_through_support,,0.5,False,True
4174,l2Book,1784012105649,False,False,not_evaluated,missing_same_side_strict_through_support,,0.5,False,True
4175,l2Book,1784012106186,False,False,not_evaluated,missing_same_side_strict_through_support,,0.5,False,True
4176,trades,1784012106391,False,False,not_evaluated,missing_same_side_strict_through_support,,0.5,False,True
4177,trades,1784012106462,False,False,not_evaluated,missing_same_side_strict_through_support,,0.5,False,True
4178,l2Book,1784012106720,False,False,not_evaluated,missing_same_side_strict_through_support,,0.5,False,True
4179,trades,1784012106796,False,False,not_evaluated,missing_same_side_strict_through_support,,0.5,False,True
4180,trades,1784012106999,False,False,not_evaluated,missing_same_side_strict_through_support,,0.5,False,True
4181,l2Book,1784012107272,False,False,not_evaluated,missing_same_side_strict_through_support;missing_touch_freshness_or_queue_reset_evidence;missing_recent_same_side_at_or_through_throughput,,0.5,False,True
4182,trades,1784012107484,False,False,not_evaluated,missing_same_side_strict_through_support;missing_touch_freshness_or_queue_reset_evidence,,0.5,False,True
4183,l2Book,1784012107807,False,False,not_evaluated,missing_same_side_strict_through_support,,0.5,False,True
4184,trades,1784012108009,False,False,not_evaluated,missing_same_side_strict_through_support,,0.5,False,True
4185,l2Book,1784012108346,False,False,not_evaluated,missing_same_side_strict_through_support,,0.5,False,True
4186,trades,1784012108486,False,False,not_evaluated,missing_same_side_strict_through_support,,0.5,False,True
4187,l2Book,1784012108892,False,False,not_evaluated,missing_same_side_strict_through_support,,0.5,False,True
4188,l2Book,1784012109428,False,False,not_evaluated,missing_same_side_strict_through_support,,0.5,False,True
4189,l2Book,1784012109966,False,False,not_evaluated,missing_same_side_strict_through_support,,0.5,False,True
4190,l2Book,1784012110512,False,False,not_evaluated,missing_same_side_strict_through_support,,0.5,False,True
4191,l2Book,1784012111038,False,False,not_evaluated,missing_same_side_strict_through_support,,0.5,False,True
4192,l2Book,1784012111580,False,False,not_evaluated,missing_same_side_strict_through_support;missing_recent_same_side_at_or_through_throughput,,0.5,False,True
4193,l2Book,1784012112122,False,False,not_evaluated,missing_same_side_strict_through_support;missing_recent_same_side_at_or_through_throughput,,0.5,False,True
4194,trades,1784012112456,False,False,not_evaluated,missing_same_side_strict_through_support,,0.5,False,True
4195,l2Book,1784012112647,False,False,not_evaluated,missing_same_side_strict_through_support,,0.5,False,True
4196,l2Book,1784012113188,False,False,not_evaluated,missing_same_side_strict_through_support,,0.5,False,True
4197,trades,1784012113328,False,False,not_evaluated,missing_same_side_strict_through_support,,0.5,False,True
4198,l2Book,1784012113734,False,False,not_evaluated,missing_touch_freshness_or_queue_reset_evidence,,0.5,False,True
4199,trades,1784012113797,False,False,not_evaluated,missing_touch_freshness_or_queue_reset_evidence,,0.5,False,True
4200,l2Book,1784012114253,False,False,not_evaluated,outside_quality_a_b_queue_bands,,0.5,False,True
4201,trades,1784012114535,False,False,not_evaluated,outside_quality_a_b_queue_bands,,0.5,False,True
4202,l2Book,1784012114805,False,False,not_evaluated,outside_quality_a_b_queue_bands,,0.5,False,True
4203,trades,1784012115004,False,False,not_evaluated,outside_quality_a_b_queue_bands,,0.5,False,True
4204,l2Book,1784012115328,False,False,not_evaluated,outside_quality_a_b_queue_bands,,0.5,False,True
4205,trades,1784012115691,False,False,not_evaluated,missing_same_side_strict_through_support,,0.5,False,True
4206,l2Book,1784012115892,False,False,not_evaluated,missing_same_side_strict_through_support,,0.5,False,True
4207,l2Book,1784012116426,False,False,not_evaluated,missing_same_side_strict_through_support,,0.5,False,True
4208,l2Book,1784012116964,False,False,not_evaluated,missing_same_side_strict_through_support,,0.5,False,True
4209,trades,1784012117431,False,False,not_evaluated,missing_same_side_strict_through_support,,0.5,False,True
4210,l2Book,1784012117500,False,False,not_evaluated,missing_same_side_strict_through_support,,0.5,False,True
4211,trades,1784012117614,False,False,not_evaluated,missing_same_side_strict_through_support;missing_recent_same_side_at_or_through_throughput,,0.5,False,True
4212,l2Book,1784012118034,False,False,not_evaluated,missing_same_side_strict_through_support;missing_recent_same_side_at_or_through_throughput,,0.5,False,True
4213,trades,1784012118034,False,False,not_evaluated,missing_same_side_strict_through_support,,0.5,False,True
4214,trades,1784012118236,False,False,not_evaluated,missing_same_side_strict_through_support,,0.5,False,True
4215,trades,1784012118440,False,False,not_evaluated,missing_same_side_strict_through_support,,0.5,False,True
4216,l2Book,1784012118644,False,False,not_evaluated,missing_same_side_strict_through_support,,0.5,False,True
4217,trades,1784012118847,False,False,not_evaluated,missing_same_side_strict_through_support,,0.5,False,True
4218,trades,1784012119046,False,False,not_evaluated,outside_quality_a_b_queue_bands,,0.5,False,True
4219,l2Book,1784012119160,False,False,not_evaluated,missing_same_side_strict_through_support;missing_touch_freshness_or_queue_reset_evidence,,0.5,False,True
4220,trades,1784012119312,False,False,not_evaluated,missing_same_side_strict_through_support;missing_touch_freshness_or_queue_reset_evidence,,0.5,False,True
4221,l2Book,1784012119723,False,False,not_evaluated,missing_same_side_strict_through_support,,0.5,False,True
4222,l2Book,1784012120251,False,False,not_evaluated,missing_same_side_strict_through_support,,0.5,False,True
4223,l2Book,1784012120791,False,False,not_evaluated,missing_same_side_strict_through_support,,0.5,False,True
4224,trades,1784012120855,False,False,not_evaluated,missing_same_side_strict_through_support,,0.5,False,True
4225,trades,1784012120931,False,False,not_evaluated,missing_same_side_strict_through_support,,0.5,False,True
4226,l2Book,1784012121335,False,False,not_evaluated,missing_same_side_strict_through_support,,0.5,False,True
4227,l2Book,1784012121888,False,False,not_evaluated,missing_same_side_strict_through_support,,0.5,False,True
4228,l2Book,1784012122475,False,False,not_evaluated,missing_same_side_strict_through_support,,0.5,False,True
4229,l2Book,1784012123014,False,False,not_evaluated,missing_same_side_strict_through_support,,0.5,False,True
4230,l2Book,1784012123549,False,False,not_evaluated,missing_same_side_strict_through_support,,0.5,False,True
4231,l2Book,1784012124106,False,False,not_evaluated,missing_same_side_strict_through_support;missing_recent_same_side_at_or_through_throughput,,0.5,False,True
4232,trades,1784012124510,False,False,not_evaluated,missing_same_side_strict_through_support,,0.5,False,True
4233,l2Book,1784012124627,False,False,not_evaluated,missing_same_side_strict_through_support,,0.5,False,True
4234,trades,1784012124779,False,False,not_evaluated,missing_same_side_strict_through_support,,0.5,False,True
4235,trades,1784012124914,False,False,not_evaluated,missing_same_side_strict_through_support,,0.5,False,True
4236,l2Book,1784012125186,False,False,not_evaluated,missing_same_side_strict_through_support,,0.5,False,True
4237,l2Book,1784012125719,False,False,not_evaluated,missing_same_side_strict_through_support,,0.5,False,True
4238,l2Book,1784012126236,False,False,not_evaluated,missing_same_side_strict_through_support,,0.5,False,True
4239,trades,1784012126589,False,False,not_evaluated,missing_same_side_strict_through_support,,0.5,False,True
4240,l2Book,1784012126765,False,False,not_evaluated,missing_same_side_strict_through_support,,0.5,False,True
4241,trades,1784012127041,False,False,not_evaluated,missing_same_side_strict_through_support,,0.5,False,True
4242,l2Book,1784012127328,False,False,not_evaluated,missing_same_side_strict_through_support,,0.5,False,True
4243,l2Book,1784012127845,False,False,not_evaluated,missing_same_side_strict_through_support,,0.5,False,True
4244,trades,1784012128009,False,False,not_evaluated,missing_same_side_strict_through_support,,0.5,False,True
4245,trades,1784012128076,False,False,not_evaluated,missing_same_side_strict_through_support,,0.5,False,True
4246,l2Book,1784012128418,False,False,not_evaluated,missing_same_side_strict_through_support,,0.5,False,True
4247,trades,1784012128819,False,False,not_evaluated,missing_same_side_strict_through_support,,0.5,False,True
4248,trades,1784012128889,False,False,not_evaluated,missing_same_side_strict_through_support,,0.5,False,True
4249,l2Book,1784012128939,False,False,not_evaluated,missing_same_side_strict_through_support,,0.5,False,True
4250,trades,1784012129052,False,False,not_evaluated,missing_same_side_strict_through_support,,0.5,False,True
4251,l2Book,1784012129496,False,False,not_evaluated,missing_touch_freshness_or_queue_reset_evidence,,0.5,False,True
4252,trades,1784012129627,False,False,not_evaluated,missing_touch_freshness_or_queue_reset_evidence,,0.5,False,True
4253,l2Book,1784012130096,False,False,not_evaluated,outside_quality_a_b_queue_bands,,0.5,False,True
4254,l2Book,1784012130562,False,False,not_evaluated,outside_quality_a_b_queue_bands,,0.5,False,True
4255,l2Book,1784012131101,False,False,not_evaluated,missing_same_side_strict_through_support,,0.5,False,True
4256,l2Book,1784012131636,False,False,not_evaluated,missing_same_side_strict_through_support,,0.5,False,True
4257,trades,1784012131717,False,False,not_evaluated,missing_same_side_strict_through_support,,0.5,False,True
4258,trades,1784012131918,False,False,not_evaluated,missing_same_side_strict_through_support,,0.5,False,True
4259,trades,1784012132053,False,False,not_evaluated,missing_same_side_strict_through_support,,0.5,False,True
4260,l2Book,1784012132188,False,False,not_evaluated,missing_touch_freshness_or_queue_reset_evidence,,0.5,False,True
4261,l2Book,1784012132725,False,False,not_evaluated,missing_same_side_strict_through_support,,0.5,False,True
4262,l2Book,1784012133245,False,False,not_evaluated,missing_same_side_strict_through_support,,0.5,False,True
4263,l2Book,1784012133802,False,False,not_evaluated,missing_same_side_strict_through_support,,0.5,False,True
4264,l2Book,1784012134338,False,False,not_evaluated,missing_same_side_strict_through_support,,0.5,False,True
4265,l2Book,1784012134941,False,False,not_evaluated,missing_same_side_strict_through_support,,0.5,False,True
4266,l2Book,1784012135548,False,False,not_evaluated,missing_same_side_strict_through_support;missing_recent_same_side_at_or_through_throughput,,0.5,False,True
4267,trades,1784012135548,False,False,not_evaluated,missing_same_side_strict_through_support;missing_recent_same_side_at_or_through_throughput,,0.5,False,True
4268,trades,1784012135747,False,False,not_evaluated,missing_same_side_strict_through_support,,0.5,False,True
4269,l2Book,1784012136152,False,False,not_evaluated,missing_same_side_strict_through_support,,0.5,False,True
4270,l2Book,1784012136675,False,False,not_evaluated,missing_same_side_strict_through_support,,0.5,False,True
4271,trades,1784012136970,False,False,not_evaluated,missing_same_side_strict_through_support,,0.5,False,True
4272,l2Book,1784012137240,False,False,not_evaluated,missing_touch_freshness_or_queue_reset_evidence,,0.5,False,True
4273,trades,1784012137376,False,False,not_evaluated,missing_touch_freshness_or_queue_reset_evidence,,0.5,False,True
4274,l2Book,1784012137775,False,False,not_evaluated,outside_quality_a_b_queue_bands,,0.5,False,True
4275,trades,1784012138044,False,False,not_evaluated,outside_quality_a_b_queue_bands,,0.5,False,True
4276,l2Book,1784012138378,False,False,not_evaluated,outside_quality_a_b_queue_bands,,0.5,False,True
4277,l2Book,1784012138983,False,False,not_evaluated,missing_same_side_strict_through_support,,0.5,False,True
4278,trades,1784012139049,False,False,not_evaluated,missing_same_side_strict_through_support,,0.5,False,True
4279,l2Book,1784012139505,False,False,not_evaluated,missing_same_side_strict_through_support,,0.5,False,True
4280,trades,1784012139853,False,False,not_evaluated,missing_same_side_strict_through_support,,0.5,False,True
4281,l2Book,1784012140055,False,False,not_evaluated,missing_same_side_strict_through_support,,0.5,False,True
4282,l2Book,1784012140597,False,False,not_evaluated,missing_same_side_strict_through_support,,0.5,False,True
4283,l2Book,1784012141121,False,False,not_evaluated,missing_same_side_strict_through_support,,0.5,False,True
4284,trades,1784012141199,False,False,not_evaluated,missing_same_side_strict_through_support,,0.5,False,True
4285,trades,1784012141398,False,False,not_evaluated,missing_same_side_strict_through_support,,0.5,False,True
4286,l2Book,1784012141668,False,False,not_evaluated,missing_touch_freshness_or_queue_reset_evidence,,0.5,False,True
4287,l2Book,1784012142208,False,False,not_evaluated,outside_quality_a_b_queue_bands,,0.5,False,True
4288,l2Book,1784012142730,False,False,not_evaluated,missing_touch_freshness_or_queue_reset_evidence,,0.5,False,True
4289,trades,1784012143018,False,False,not_evaluated,outside_quality_a_b_queue_bands,,0.5,False,True
4290,l2Book,1784012143283,False,False,not_evaluated,missing_touch_freshness_or_queue_reset_evidence,,0.5,False,True
4291,l2Book,1784012143830,False,False,not_evaluated,outside_quality_a_b_queue_bands,,0.5,False,True
4292,l2Book,1784012144359,False,False,not_evaluated,outside_quality_a_b_queue_bands,,0.5,False,True
4293,l2Book,1784012144902,False,False,not_evaluated,missing_same_side_strict_through_support;missing_recent_same_side_at_or_through_throughput,,0.5,False,True
4294,trades,1784012145037,False,False,not_evaluated,missing_same_side_strict_through_support;missing_recent_same_side_at_or_through_throughput,,0.5,False,True
4295,l2Book,1784012145449,False,False,not_evaluated,missing_same_side_strict_through_support;missing_recent_same_side_at_or_through_throughput,,0.5,False,True
4296,trades,1784012145920,False,False,not_evaluated,missing_same_side_strict_through_support,,0.5,False,True
4297,l2Book,1784012145979,False,False,not_evaluated,missing_same_side_strict_through_support,,0.5,False,True
4298,l2Book,1784012146521,False,False,not_evaluated,missing_same_side_strict_through_support,,0.5,False,True
4299,l2Book,1784012147067,False,False,not_evaluated,missing_same_side_strict_through_support,,0.5,False,True
4300,l2Book,1784012147597,False,False,not_evaluated,missing_same_side_strict_through_support,,0.5,False,True
4301,trades,1784012148072,False,False,not_evaluated,missing_same_side_strict_through_support,,0.5,False,True
4302,l2Book,1784012148140,False,False,not_evaluated,missing_same_side_strict_through_support,,0.5,False,True
4303,trades,1784012148274,False,False,not_evaluated,missing_same_side_strict_through_support,,0.5,False,True
4304,l2Book,1784012148678,False,False,not_evaluated,missing_same_side_strict_through_support,,0.5,False,True
4305,l2Book,1784012149203,False,False,not_evaluated,missing_same_side_strict_through_support,,0.5,False,True
4306,l2Book,1784012149749,False,False,not_evaluated,missing_same_side_strict_through_support,,0.5,False,True
4307,trades,1784012149884,False,False,not_evaluated,missing_same_side_strict_through_support,,0.5,False,True
4308,l2Book,1784012150288,False,False,not_evaluated,missing_same_side_strict_through_support,,0.5,False,True
4309,l2Book,1784012150833,False,False,not_evaluated,missing_same_side_strict_through_support,,0.5,False,True
4310,trades,1784012151235,False,False,not_evaluated,missing_same_side_strict_through_support,,0.5,False,True
4311,l2Book,1784012151375,False,False,not_evaluated,missing_same_side_strict_through_support,,0.5,False,True
4312,l2Book,1784012151908,False,False,not_evaluated,missing_same_side_strict_through_support,,0.5,False,True
4313,l2Book,1784012152448,False,False,not_evaluated,missing_same_side_strict_through_support,,0.5,False,True
4314,l2Book,1784012152984,False,False,not_evaluated,missing_same_side_strict_through_support,,0.5,False,True
4315,l2Book,1784012153519,False,False,not_evaluated,missing_same_side_strict_through_support,,0.5,False,True
4316,trades,1784012153652,False,False,not_evaluated,missing_same_side_strict_through_support,,0.5,False,True
4317,l2Book,1784012154057,False,False,not_evaluated,missing_same_side_strict_through_support,,0.5,False,True
4318,trades,1784012154125,False,False,not_evaluated,missing_same_side_strict_through_support,,0.5,False,True
4319,l2Book,1784012154661,False,False,not_evaluated,missing_same_side_strict_through_support;missing_recent_same_side_at_or_through_throughput,,0.5,False,True
4320,trades,1784012154661,False,False,not_evaluated,missing_same_side_strict_through_support;missing_recent_same_side_at_or_through_throughput,,0.5,False,True
4321,trades,1784012155129,False,False,not_evaluated,missing_same_side_strict_through_support,,0.5,False,True
4322,l2Book,1784012155192,False,False,not_evaluated,missing_same_side_strict_through_support,,0.5,False,True
4323,l2Book,1784012155741,False,False,not_evaluated,missing_same_side_strict_through_support,,0.5,False,True
4324,l2Book,1784012156278,False,False,not_evaluated,missing_same_side_strict_through_support,,0.5,False,True
4325,l2Book,1784012156808,False,False,not_evaluated,missing_same_side_strict_through_support,,0.5,False,True
4326,trades,1784012157011,False,False,not_evaluated,missing_same_side_strict_through_support,,0.5,False,True
4327,l2Book,1784012157344,False,False,not_evaluated,missing_same_side_strict_through_support,,0.5,False,True
4328,trades,1784012157412,False,False,not_evaluated,missing_same_side_strict_through_support,,0.5,False,True
4329,l2Book,1784012157890,False,False,not_evaluated,missing_same_side_strict_through_support,,0.5,False,True
4330,trades,1784012158017,False,False,not_evaluated,missing_same_side_strict_through_support,,0.5,False,True
4331,l2Book,1784012158418,False,False,not_evaluated,missing_same_side_strict_through_support;missing_recent_same_side_at_or_through_throughput,,0.5,False,True
4332,l2Book,1784012158970,False,False,not_evaluated,missing_same_side_strict_through_support;missing_recent_same_side_at_or_through_throughput,,0.5,False,True
4333,l2Book,1784012159508,False,False,not_evaluated,missing_same_side_strict_through_support;missing_recent_same_side_at_or_through_throughput,,0.5,False,True
4334,trades,1784012159508,False,False,not_evaluated,missing_same_side_strict_through_support,,0.5,False,True
4335,l2Book,1784012160028,False,False,not_evaluated,missing_same_side_strict_through_support,,0.5,False,True
4336,l2Book,1784012160532,False,False,not_evaluated,missing_same_side_strict_through_support,,0.5,False,True
4337,l2Book,1784012161063,False,False,not_evaluated,missing_same_side_strict_through_support,,0.5,False,True
4338,l2Book,1784012161597,False,False,not_evaluated,missing_same_side_strict_through_support,,0.5,False,True
4339,trades,1784012162001,False,False,not_evaluated,missing_same_side_strict_through_support,,0.5,False,True
4340,l2Book,1784012162138,False,False,not_evaluated,missing_same_side_strict_through_support,,0.5,False,True
4341,l2Book,1784012162673,False,False,not_evaluated,missing_same_side_strict_through_support,,0.5,False,True
4342,l2Book,1784012163207,False,False,not_evaluated,missing_same_side_strict_through_support,,0.5,False,True
4343,l2Book,1784012163755,False,False,not_evaluated,missing_same_side_strict_through_support,,0.5,False,True
4344,l2Book,1784012164290,False,False,not_evaluated,missing_same_side_strict_through_support,,0.5,False,True
4345,trades,1784012164624,False,False,not_evaluated,missing_same_side_strict_through_support,,0.5,False,True
4346,l2Book,1784012164825,False,False,not_evaluated,missing_same_side_strict_through_support,,0.5,False,True
4347,l2Book,1784012165362,False,False,not_evaluated,missing_same_side_strict_through_support,,0.5,False,True
4348,l2Book,1784012165905,False,False,not_evaluated,missing_same_side_strict_through_support,,0.5,False,True
4349,trades,1784012166035,False,False,not_evaluated,missing_same_side_strict_through_support,,0.5,False,True
4350,l2Book,1784012166443,False,False,not_evaluated,missing_touch_freshness_or_queue_reset_evidence,,0.5,False,True
4351,l2Book,1784012166975,False,False,not_evaluated,outside_quality_a_b_queue_bands,,0.5,False,True
4352,trades,1784012167108,False,False,not_evaluated,outside_quality_a_b_queue_bands,,0.5,False,True
4353,l2Book,1784012167498,False,False,not_evaluated,missing_touch_freshness_or_queue_reset_evidence,,0.5,False,True
4354,l2Book,1784012168115,False,False,not_evaluated,outside_quality_a_b_queue_bands,,0.5,False,True
4355,trades,1784012168115,False,False,not_evaluated,outside_quality_a_b_queue_bands,,0.5,False,True
4356,trades,1784012168520,False,False,not_evaluated,outside_quality_a_b_queue_bands,,0.5,False,True
4357,l2Book,1784012168642,False,False,not_evaluated,missing_touch_freshness_or_queue_reset_evidence,,0.5,False,True
4358,l2Book,1784012169191,False,False,not_evaluated,outside_quality_a_b_queue_bands,,0.5,False,True
4359,trades,1784012169327,False,False,not_evaluated,outside_quality_a_b_queue_bands,,0.5,False,True
4360,trades,1784012169528,False,False,not_evaluated,outside_quality_a_b_queue_bands,,0.5,False,True
4361,trades,1784012169593,False,False,not_evaluated,outside_quality_a_b_queue_bands,,0.5,False,True
4362,l2Book,1784012169712,False,False,not_evaluated,missing_touch_freshness_or_queue_reset_evidence,,0.5,False,True
4363,trades,1784012170133,False,False,not_evaluated,outside_quality_a_b_queue_bands,,0.5,False,True
4364,l2Book,1784012170259,False,False,not_evaluated,missing_touch_freshness_or_queue_reset_evidence,,0.5,False,True
4365,l2Book,1784012170766,False,False,not_evaluated,outside_quality_a_b_queue_bands,,0.5,False,True
4366,l2Book,1784012171268,False,False,not_evaluated,outside_quality_a_b_queue_bands,,0.5,False,True
4367,trades,1784012171534,False,False,not_evaluated,outside_quality_a_b_queue_bands,,0.5,False,True
4368,trades,1784012171602,False,False,not_evaluated,outside_quality_a_b_queue_bands,,0.5,False,True
4369,l2Book,1784012171802,False,False,not_evaluated,outside_quality_a_b_queue_bands,,0.5,False,True
4370,l2Book,1784012172337,False,False,not_evaluated,outside_quality_a_b_queue_bands,,0.5,False,True
4371,l2Book,1784012172838,False,False,not_evaluated,missing_same_side_strict_through_support,,0.5,False,True
4372,l2Book,1784012173373,False,False,not_evaluated,missing_same_side_strict_through_support,,0.5,False,True
4373,trades,1784012173575,False,False,not_evaluated,missing_same_side_strict_through_support,,0.5,False,True
4374,trades,1784012173642,False,False,not_evaluated,missing_same_side_strict_through_support,,0.5,False,True
4375,l2Book,1784012173976,False,False,not_evaluated,missing_same_side_strict_through_support,,0.5,False,True
4376,trades,1784012173976,False,False,not_evaluated,missing_same_side_strict_through_support,,0.5,False,True
4377,l2Book,1784012174510,False,False,not_evaluated,missing_same_side_strict_through_support,,0.5,False,True
4378,l2Book,1784012175047,False,False,not_evaluated,missing_same_side_strict_through_support,,0.5,False,True
4379,l2Book,1784012175586,False,False,not_evaluated,missing_same_side_strict_through_support,,0.5,False,True
4380,l2Book,1784012176120,False,False,not_evaluated,missing_same_side_strict_through_support,,0.5,False,True
4381,l2Book,1784012176662,False,False,not_evaluated,missing_same_side_strict_through_support;missing_recent_same_side_at_or_through_throughput,,0.5,False,True
4382,l2Book,1784012177203,False,False,not_evaluated,missing_same_side_strict_through_support;missing_recent_same_side_at_or_through_throughput,,0.5,False,True
4383,trades,1784012177408,False,False,not_evaluated,missing_same_side_strict_through_support;missing_recent_same_side_at_or_through_throughput,,0.5,False,True
4384,l2Book,1784012177748,False,False,not_evaluated,missing_same_side_strict_through_support;missing_recent_same_side_at_or_through_throughput,,0.5,False,True
4385,l2Book,1784012178284,False,False,not_evaluated,missing_same_side_strict_through_support;missing_recent_same_side_at_or_through_throughput,,0.5,False,True
4386,trades,1784012178490,False,False,not_evaluated,missing_same_side_strict_through_support;missing_recent_same_side_at_or_through_throughput,,0.5,False,True
4387,l2Book,1784012178821,False,False,not_evaluated,missing_same_side_strict_through_support;missing_recent_same_side_at_or_through_throughput,,0.5,False,True
4388,l2Book,1784012179361,False,False,not_evaluated,missing_same_side_strict_through_support;missing_recent_same_side_at_or_through_throughput,,0.5,False,True
4389,l2Book,1784012179900,False,False,not_evaluated,missing_same_side_strict_through_support;missing_recent_same_side_at_or_through_throughput,,0.5,False,True
4390,l2Book,1784012180436,False,False,not_evaluated,missing_same_side_strict_through_support;missing_recent_same_side_at_or_through_throughput,,0.5,False,True
4391,trades,1784012180771,False,False,not_evaluated,missing_same_side_strict_through_support,,0.5,False,True
4392,l2Book,1784012180947,False,False,not_evaluated,missing_same_side_strict_through_support,,0.5,False,True
4393,trades,1784012181209,False,False,not_evaluated,missing_same_side_strict_through_support,,0.5,False,True
4394,l2Book,1784012181512,False,False,not_evaluated,missing_same_side_strict_through_support,,0.5,False,True
4395,trades,1784012181750,False,False,not_evaluated,missing_same_side_strict_through_support,,0.5,False,True
4396,l2Book,1784012182097,False,False,not_evaluated,missing_same_side_strict_through_support,,0.5,False,True
4397,trades,1784012182300,False,False,not_evaluated,missing_same_side_strict_through_support,,0.5,False,True
4398,l2Book,1784012182609,False,False,not_evaluated,missing_same_side_strict_through_support,,0.5,False,True
4399,l2Book,1784012183192,False,False,not_evaluated,missing_same_side_strict_through_support,,0.5,False,True
4400,l2Book,1784012183716,False,False,not_evaluated,missing_same_side_strict_through_support,,0.5,False,True
4401,trades,1784012183998,False,False,not_evaluated,missing_same_side_strict_through_support,,0.5,False,True
4402,l2Book,1784012184268,False,False,not_evaluated,missing_same_side_strict_through_support,,0.5,False,True
4403,trades,1784012184403,False,False,not_evaluated,missing_same_side_strict_through_support,,0.5,False,True
4404,l2Book,1784012184806,False,False,not_evaluated,missing_same_side_strict_through_support,,0.5,False,True
4405,trades,1784012185209,False,False,not_evaluated,missing_same_side_strict_through_support,,0.5,False,True
4406,l2Book,1784012185410,False,False,not_evaluated,missing_same_side_strict_through_support,,0.5,False,True
4407,l2Book,1784012186017,False,False,not_evaluated,missing_same_side_strict_through_support,,0.5,False,True
4408,l2Book,1784012186556,False,False,not_evaluated,missing_same_side_strict_through_support,,0.5,False,True
4409,trades,1784012187027,False,False,not_evaluated,missing_same_side_strict_through_support,,0.5,False,True
4410,l2Book,1784012187158,False,False,not_evaluated,missing_same_side_strict_through_support,,0.5,False,True
4411,trades,1784012187158,False,False,not_evaluated,missing_same_side_strict_through_support,,0.5,False,True
4412,l2Book,1784012187638,False,False,not_evaluated,missing_same_side_strict_through_support,,0.5,False,True
4413,trades,1784012188042,False,False,not_evaluated,missing_same_side_strict_through_support,,0.5,False,True
4414,l2Book,1784012188174,False,False,not_evaluated,missing_same_side_strict_through_support,,0.5,False,True
4415,trades,1784012188656,False,False,not_evaluated,missing_same_side_strict_through_support,,0.5,False,True
4416,l2Book,1784012188725,False,False,not_evaluated,missing_same_side_strict_through_support,,0.5,False,True
4417,l2Book,1784012189262,False,False,not_evaluated,missing_same_side_strict_through_support,,0.5,False,True
4418,trades,1784012189330,False,False,not_evaluated,outside_quality_a_b_queue_bands,,0.5,False,True
4419,l2Book,1784012189866,False,False,not_evaluated,missing_touch_freshness_or_queue_reset_evidence,,0.5,False,True
4420,trades,1784012190270,False,False,not_evaluated,outside_quality_a_b_queue_bands,,0.5,False,True
4421,trades,1784012190336,False,False,not_evaluated,outside_quality_a_b_queue_bands,,0.5,False,True
4422,l2Book,1784012190475,False,False,not_evaluated,missing_same_side_strict_through_support;missing_touch_freshness_or_queue_reset_evidence,,0.5,False,True
4423,l2Book,1784012191005,False,False,not_evaluated,missing_same_side_strict_through_support,,0.5,False,True
4424,l2Book,1784012191539,False,False,not_evaluated,missing_same_side_strict_through_support,,0.5,False,True
4425,trades,1784012192008,False,False,not_evaluated,missing_same_side_strict_through_support,,0.5,False,True
4426,l2Book,1784012192073,False,False,not_evaluated,missing_same_side_strict_through_support,,0.5,False,True
4427,trades,1784012192208,False,False,not_evaluated,missing_same_side_strict_through_support,,0.5,False,True
4428,l2Book,1784012192611,False,False,not_evaluated,missing_same_side_strict_through_support,,0.5,False,True
4429,trades,1784012193081,False,False,not_evaluated,missing_same_side_strict_through_support,,0.5,False,True
4430,l2Book,1784012193213,False,False,not_evaluated,missing_same_side_strict_through_support,,0.5,False,True
4431,l2Book,1784012193744,False,False,not_evaluated,missing_same_side_strict_through_support,,0.5,False,True
4432,l2Book,1784012194288,False,False,not_evaluated,missing_same_side_strict_through_support,,0.5,False,True
4433,l2Book,1784012194828,False,False,not_evaluated,missing_same_side_strict_through_support,,0.5,False,True
4434,l2Book,1784012195365,False,False,not_evaluated,missing_same_side_strict_through_support;missing_recent_same_side_at_or_through_throughput,,0.5,False,True
4435,l2Book,1784012195905,False,False,not_evaluated,missing_same_side_strict_through_support;missing_recent_same_side_at_or_through_throughput,,0.5,False,True
4436,trades,1784012196175,False,False,not_evaluated,missing_same_side_strict_through_support;missing_recent_same_side_at_or_through_throughput,,0.5,False,True
4437,l2Book,1784012196440,False,False,not_evaluated,missing_same_side_strict_through_support;missing_recent_same_side_at_or_through_throughput,,0.5,False,True
4438,l2Book,1784012196981,False,False,not_evaluated,missing_same_side_strict_through_support;missing_recent_same_side_at_or_through_throughput,,0.5,False,True
4439,trades,1784012197453,False,False,not_evaluated,outside_quality_a_b_queue_bands,,0.5,False,True
4440,l2Book,1784012197522,False,False,not_evaluated,missing_same_side_strict_through_support;missing_touch_freshness_or_queue_reset_evidence,,0.5,False,True
4441,l2Book,1784012198047,False,False,not_evaluated,missing_same_side_strict_through_support,,0.5,False,True
4442,trades,1784012198047,False,False,not_evaluated,missing_same_side_strict_through_support,,0.5,False,True
4443,l2Book,1784012198593,False,False,not_evaluated,missing_same_side_strict_through_support,,0.5,False,True
4444,trades,1784012198908,False,False,not_evaluated,missing_same_side_strict_through_support,,0.5,False,True
4445,l2Book,1784012199109,False,False,not_evaluated,missing_same_side_strict_through_support,,0.5,False,True
4446,l2Book,1784012199656,False,False,not_evaluated,missing_same_side_strict_through_support,,0.5,False,True
4447,l2Book,1784012200187,False,False,not_evaluated,missing_same_side_strict_through_support,,0.5,False,True
4448,l2Book,1784012200731,False,False,not_evaluated,missing_same_side_strict_through_support,,0.5,False,True
4449,l2Book,1784012201269,False,False,not_evaluated,missing_same_side_strict_through_support,,0.5,False,True
4450,trades,1784012201744,False,False,not_evaluated,missing_same_side_strict_through_support,,0.5,False,True
4451,l2Book,1784012201814,False,False,not_evaluated,missing_same_side_strict_through_support,,0.5,False,True
4452,l2Book,1784012202350,False,False,not_evaluated,missing_same_side_strict_through_support,,0.5,False,True
4453,l2Book,1784012202896,False,False,not_evaluated,missing_same_side_strict_through_support,,0.5,False,True
4454,l2Book,1784012203445,False,False,not_evaluated,missing_same_side_strict_through_support,,0.5,False,True
4455,l2Book,1784012203968,False,False,not_evaluated,missing_same_side_strict_through_support,,0.5,False,True
4456,l2Book,1784012204517,False,False,not_evaluated,missing_same_side_strict_through_support,,0.5,False,True
4457,l2Book,1784012205054,False,False,not_evaluated,missing_same_side_strict_through_support;missing_recent_same_side_at_or_through_throughput,,0.5,False,True
4458,trades,1784012205054,False,False,not_evaluated,missing_same_side_strict_through_support;missing_recent_same_side_at_or_through_throughput,,0.5,False,True
4459,l2Book,1784012205642,False,False,not_evaluated,missing_same_side_strict_through_support;missing_recent_same_side_at_or_through_throughput,,0.5,False,True
4460,trades,1784012205867,False,False,not_evaluated,missing_same_side_strict_through_support,,0.5,False,True
4461,l2Book,1784012206271,False,False,not_evaluated,missing_same_side_strict_through_support,,0.5,False,True
4462,l2Book,1784012206875,False,False,not_evaluated,missing_same_side_strict_through_support,,0.5,False,True
4463,l2Book,1784012207478,False,False,not_evaluated,missing_same_side_strict_through_support,,0.5,False,True
4464,l2Book,1784012208014,False,False,not_evaluated,missing_same_side_strict_through_support,,0.5,False,True
4465,l2Book,1784012208557,False,False,not_evaluated,missing_same_side_strict_through_support,,0.5,False,True
4466,l2Book,1784012209084,False,False,not_evaluated,missing_same_side_strict_through_support;missing_recent_same_side_at_or_through_throughput,,0.5,False,True
4467,l2Book,1784012209631,False,False,not_evaluated,missing_same_side_strict_through_support;missing_recent_same_side_at_or_through_throughput,,0.5,False,True
4468,l2Book,1784012210168,False,False,not_evaluated,missing_same_side_strict_through_support;missing_recent_same_side_at_or_through_throughput,,0.5,False,True
4469,l2Book,1784012210706,False,False,not_evaluated,missing_same_side_strict_through_support;missing_recent_same_side_at_or_through_throughput,,0.5,False,True
4470,l2Book,1784012211243,False,False,not_evaluated,missing_same_side_strict_through_support;missing_recent_same_side_at_or_through_throughput,,0.5,False,True
4471,trades,1784012211361,False,False,not_evaluated,missing_same_side_strict_through_support,,0.5,False,True
4472,l2Book,1784012211784,False,False,not_evaluated,missing_same_side_strict_through_support,,0.5,False,True
4473,l2Book,1784012212320,False,False,not_evaluated,missing_same_side_strict_through_support,,0.5,False,True
4474,trades,1784012212386,False,False,not_evaluated,missing_same_side_strict_through_support,,0.5,False,True
4475,l2Book,1784012212855,False,False,not_evaluated,missing_same_side_strict_through_support,,0.5,False,True
4476,trades,1784012213058,False,False,not_evaluated,missing_same_side_strict_through_support,,0.5,False,True
4477,l2Book,1784012213374,False,False,not_evaluated,missing_same_side_strict_through_support,,0.5,False,True
4478,l2Book,1784012213933,False,False,not_evaluated,missing_same_side_strict_through_support,,0.5,False,True
4479,l2Book,1784012214438,False,False,not_evaluated,missing_same_side_strict_through_support,,0.5,False,True
4480,trades,1784012214822,False,False,not_evaluated,missing_same_side_strict_through_support,,0.5,False,True
4481,trades,1784012214886,False,False,not_evaluated,outside_quality_a_b_queue_bands,,0.5,False,True
4482,l2Book,1784012214942,False,False,not_evaluated,missing_same_side_strict_through_support;missing_touch_freshness_or_queue_reset_evidence;missing_recent_same_side_at_or_through_throughput,,0.5,False,True
4483,trades,1784012215022,False,False,not_evaluated,missing_touch_freshness_or_queue_reset_evidence,,0.5,False,True
4484,trades,1784012215225,True,True,anti_drift_block,adverse_trade_pressure_with_recent_adverse_bbo,0.000637,0.5,False,True
4485,l2Book,1784012215504,False,False,not_evaluated,missing_same_side_strict_through_support;missing_touch_freshness_or_queue_reset_evidence,,0.5,False,True
4486,l2Book,1784012216022,False,False,not_evaluated,missing_same_side_strict_through_support,,0.5,False,True
4487,l2Book,1784012216574,False,False,not_evaluated,missing_same_side_strict_through_support,,0.5,False,True
4488,trades,1784012216642,False,False,not_evaluated,missing_same_side_strict_through_support,,0.5,False,True
4489,trades,1784012216975,False,False,not_evaluated,missing_same_side_strict_through_support,,0.5,False,True
4490,trades,1784012217043,False,False,not_evaluated,missing_same_side_strict_through_support,,0.5,False,True
4491,l2Book,1784012217111,False,False,not_evaluated,missing_same_side_strict_through_support,,0.5,False,True
4492,l2Book,1784012217665,False,False,not_evaluated,missing_same_side_strict_through_support,,0.5,False,True
4493,trades,1784012217665,False,False,not_evaluated,missing_same_side_strict_through_support,,0.5,False,True
4494,trades,1784012217867,False,False,not_evaluated,missing_same_side_strict_through_support,,0.5,False,True
4495,trades,1784012217934,False,False,not_evaluated,missing_same_side_strict_through_support,,0.5,False,True
4496,trades,1784012218003,False,False,not_evaluated,missing_same_side_strict_through_support,,0.5,False,True
4497,l2Book,1784012218204,False,False,not_evaluated,missing_same_side_strict_through_support,,0.5,False,True
4498,l2Book,1784012218740,False,False,not_evaluated,missing_same_side_strict_through_support,,0.5,False,True
4499,trades,1784012218805,False,False,not_evaluated,missing_same_side_strict_through_support,,0.5,False,True
4500,trades,1784012219007,False,False,not_evaluated,missing_same_side_strict_through_support,,0.5,False,True
4501,l2Book,1784012219276,False,False,not_evaluated,missing_same_side_strict_through_support,,0.5,False,True
4502,trades,1784012219435,True,True,fail_closed,outside_quality_a_b_queue_bands;missing_intent_limit_px;missing_or_nonpositive_intent_size;missing_quality_bucket,0.000719,0.5,False,False
4503,l2Book,1784012220444,False,False,not_evaluated,missing_same_side_strict_through_support,,0.5,False,True
4504,l2Book,1784012220974,False,False,not_evaluated,missing_touch_freshness_or_queue_reset_evidence,,0.5,False,True
4505,trades,1784012221051,False,False,not_evaluated,missing_touch_freshness_or_queue_reset_evidence,,0.5,False,True
4506,l2Book,1784012221518,False,False,not_evaluated,missing_touch_freshness_or_queue_reset_evidence,,0.5,False,True
4507,trades,1784012221652,False,False,not_evaluated,missing_touch_freshness_or_queue_reset_evidence,,0.5,False,True
4508,l2Book,1784012222121,False,False,not_evaluated,outside_quality_a_b_queue_bands,,0.5,False,True
4509,trades,1784012222056,False,False,not_evaluated,outside_quality_a_b_queue_bands,,0.5,False,True
4510,l2Book,1784012222585,False,False,not_evaluated,outside_quality_a_b_queue_bands,,0.5,False,True
4511,l2Book,1784012223124,False,False,not_evaluated,missing_same_side_strict_through_support;missing_touch_freshness_or_queue_reset_evidence;missing_recent_same_side_at_or_through_throughput,,0.5,False,True
4512,trades,1784012223124,False,False,not_evaluated,missing_same_side_strict_through_support;missing_touch_freshness_or_queue_reset_evidence,,0.5,False,True
4513,trades,1784012223259,False,False,not_evaluated,missing_same_side_strict_through_support;missing_touch_freshness_or_queue_reset_evidence,,0.5,False,True
4514,trades,1784012223545,False,False,not_evaluated,missing_same_side_strict_through_support,,0.5,False,True
4515,l2Book,1784012223680,False,False,not_evaluated,missing_same_side_strict_through_support;missing_touch_freshness_or_queue_reset_evidence;missing_recent_same_side_at_or_through_throughput,,0.5,False,True
4516,trades,1784012223949,False,False,not_evaluated,missing_same_side_strict_through_support,,0.5,False,True
4517,l2Book,1784012224209,False,False,not_evaluated,missing_same_side_strict_through_support,,0.5,False,True
4518,l2Book,1784012224750,False,False,not_evaluated,missing_same_side_strict_through_support,,0.5,False,True
4519,trades,1784012224995,False,False,not_evaluated,missing_same_side_strict_through_support,,0.5,False,True
4520,l2Book,1784012225288,False,False,not_evaluated,missing_same_side_strict_through_support,,0.5,False,True
4521,l2Book,1784012225842,False,False,not_evaluated,missing_same_side_strict_through_support,,0.5,False,True
4522,l2Book,1784012226391,False,False,not_evaluated,missing_same_side_strict_through_support,,0.5,False,True
4523,l2Book,1784012226928,False,False,not_evaluated,missing_same_side_strict_through_support,,0.5,False,True
4524,l2Book,1784012227468,False,False,not_evaluated,missing_same_side_strict_through_support,,0.5,False,True
4525,l2Book,1784012228007,False,False,not_evaluated,missing_same_side_strict_through_support;missing_touch_freshness_or_queue_reset_evidence;missing_recent_same_side_at_or_through_throughput,,0.5,False,True
4526,trades,1784012228007,False,False,not_evaluated,missing_touch_freshness_or_queue_reset_evidence,,0.5,False,True
4527,l2Book,1784012228546,False,False,not_evaluated,outside_quality_a_b_queue_bands,,0.5,False,True
4528,trades,1784012229014,False,False,not_evaluated,outside_quality_a_b_queue_bands,,0.5,False,True
4529,l2Book,1784012229081,False,False,not_evaluated,outside_quality_a_b_queue_bands,,0.5,False,True
4530,trades,1784012229567,False,False,not_evaluated,outside_quality_a_b_queue_bands,,0.5,False,True
4531,l2Book,1784012229624,False,False,not_evaluated,missing_touch_freshness_or_queue_reset_evidence,,0.5,False,True
4532,trades,1784012229769,False,False,not_evaluated,missing_touch_freshness_or_queue_reset_evidence,,0.5,False,True
4533,l2Book,1784012230153,False,False,not_evaluated,outside_quality_a_b_queue_bands,,0.5,False,True
4534,l2Book,1784012230701,False,False,not_evaluated,outside_quality_a_b_queue_bands,,0.5,False,True
4535,l2Book,1784012231234,False,False,not_evaluated,missing_same_side_strict_through_support,,0.5,False,True
4536,l2Book,1784012231781,False,False,not_evaluated,missing_same_side_strict_through_support,,0.5,False,True
4537,l2Book,1784012232307,False,False,not_evaluated,missing_same_side_strict_through_support,,0.5,False,True
4538,l2Book,1784012232846,False,False,not_evaluated,missing_same_side_strict_through_support;missing_recent_same_side_at_or_through_throughput,,0.5,False,True
4539,l2Book,1784012233389,False,False,not_evaluated,missing_same_side_strict_through_support;missing_recent_same_side_at_or_through_throughput,,0.5,False,True
4540,l2Book,1784012233925,False,False,not_evaluated,missing_same_side_strict_through_support;missing_recent_same_side_at_or_through_throughput,,0.5,False,True
4541,l2Book,1784012234452,False,False,not_evaluated,missing_same_side_strict_through_support;missing_recent_same_side_at_or_through_throughput,,0.5,False,True
4542,l2Book,1784012234998,False,False,not_evaluated,missing_same_side_strict_through_support;missing_recent_same_side_at_or_through_throughput,,0.5,False,True
4543,trades,1784012235056,False,False,not_evaluated,missing_same_side_strict_through_support;missing_recent_same_side_at_or_through_throughput,,0.5,False,True
4544,l2Book,1784012235541,False,False,not_evaluated,missing_same_side_strict_through_support;missing_recent_same_side_at_or_through_throughput,,0.5,False,True
4545,l2Book,1784012236061,False,False,not_evaluated,missing_same_side_strict_through_support;missing_recent_same_side_at_or_through_throughput,,0.5,False,True
4546,trades,1784012236212,False,False,not_evaluated,missing_same_side_strict_through_support,,0.5,False,True
4547,l2Book,1784012236611,False,False,not_evaluated,missing_same_side_strict_through_support,,0.5,False,True
4548,l2Book,1784012237152,False,False,not_evaluated,missing_same_side_strict_through_support,,0.5,False,True
4549,l2Book,1784012237694,False,False,not_evaluated,missing_same_side_strict_through_support,,0.5,False,True
4550,l2Book,1784012238238,False,False,not_evaluated,missing_same_side_strict_through_support,,0.5,False,True
4551,l2Book,1784012238771,False,False,not_evaluated,missing_same_side_strict_through_support,,0.5,False,True
4552,l2Book,1784012239324,False,False,not_evaluated,missing_same_side_strict_through_support;missing_recent_same_side_at_or_through_throughput,,0.5,False,True
4553,l2Book,1784012239859,False,False,not_evaluated,missing_same_side_strict_through_support;missing_touch_freshness_or_queue_reset_evidence;missing_recent_same_side_at_or_through_throughput,,0.5,False,True
4554,l2Book,1784012240399,False,False,not_evaluated,missing_same_side_strict_through_support;missing_touch_freshness_or_queue_reset_evidence;missing_recent_same_side_at_or_through_throughput,,0.5,False,True
4555,l2Book,1784012240934,False,False,not_evaluated,missing_same_side_strict_through_support;missing_recent_same_side_at_or_through_throughput,,0.5,False,True
4556,l2Book,1784012241485,False,False,not_evaluated,missing_same_side_strict_through_support;missing_recent_same_side_at_or_through_throughput,,0.5,False,True
4557,l2Book,1784012242005,False,False,not_evaluated,missing_same_side_strict_through_support;missing_recent_same_side_at_or_through_throughput,,0.5,False,True
4558,l2Book,1784012242573,False,False,not_evaluated,missing_same_side_strict_through_support;missing_recent_same_side_at_or_through_throughput,,0.5,False,True
4559,l2Book,1784012243103,False,False,not_evaluated,missing_same_side_strict_through_support;missing_recent_same_side_at_or_through_throughput,,0.5,False,True
4560,l2Book,1784012243654,False,False,not_evaluated,missing_same_side_strict_through_support;missing_recent_same_side_at_or_through_throughput,,0.5,False,True
4561,l2Book,1784012244192,False,False,not_evaluated,missing_same_side_strict_through_support;missing_recent_same_side_at_or_through_throughput,,0.5,False,True
4562,trades,1784012244192,False,False,not_evaluated,missing_same_side_strict_through_support,,0.5,False,True
4563,l2Book,1784012244740,False,False,not_evaluated,missing_same_side_strict_through_support,,0.5,False,True
4564,l2Book,1784012245277,False,False,not_evaluated,missing_same_side_strict_through_support,,0.5,False,True
4565,trades,1784012245747,False,False,not_evaluated,missing_same_side_strict_through_support,,0.5,False,True
4566,l2Book,1784012245813,False,False,not_evaluated,missing_same_side_strict_through_support,,0.5,False,True
4567,l2Book,1784012246354,False,False,not_evaluated,missing_same_side_strict_through_support,,0.5,False,True
4568,l2Book,1784012246894,False,False,not_evaluated,missing_same_side_strict_through_support,,0.5,False,True
4569,trades,1784012247025,False,False,not_evaluated,missing_same_side_strict_through_support,,0.5,False,True
4570,trades,1784012247093,False,False,not_evaluated,missing_same_side_strict_through_support,,0.5,False,True
4571,l2Book,1784012247441,False,False,not_evaluated,missing_same_side_strict_through_support,,0.5,False,True
4572,l2Book,1784012247978,False,False,not_evaluated,missing_same_side_strict_through_support,,0.5,False,True
4573,trades,1784012247978,False,False,not_evaluated,missing_same_side_strict_through_support,,0.5,False,True
4574,trades,1784012248045,False,False,not_evaluated,missing_same_side_strict_through_support,,0.5,False,True
4575,l2Book,1784012248515,False,False,not_evaluated,missing_same_side_strict_through_support,,0.5,False,True
4576,l2Book,1784012249043,False,False,not_evaluated,missing_same_side_strict_through_support,,0.5,False,True
4577,l2Book,1784012249588,False,False,not_evaluated,missing_same_side_strict_through_support,,0.5,False,True
4578,l2Book,1784012250124,False,False,not_evaluated,missing_same_side_strict_through_support,,0.5,False,True
4579,l2Book,1784012250674,False,False,not_evaluated,missing_same_side_strict_through_support,,0.5,False,True
4580,l2Book,1784012251213,False,False,not_evaluated,missing_same_side_strict_through_support;missing_recent_same_side_at_or_through_throughput,,0.5,False,True
4581,l2Book,1784012251750,False,False,not_evaluated,missing_same_side_strict_through_support;missing_recent_same_side_at_or_through_throughput,,0.5,False,True
4582,trades,1784012251821,False,False,not_evaluated,missing_same_side_strict_through_support,,0.5,False,True
4583,trades,1784012252011,False,False,not_evaluated,missing_same_side_strict_through_support,,0.5,False,True
4584,l2Book,1784012252294,False,False,not_evaluated,missing_same_side_strict_through_support,,0.5,False,True
4585,l2Book,1784012252829,False,False,not_evaluated,missing_same_side_strict_through_support,,0.5,False,True
4586,l2Book,1784012253356,False,False,not_evaluated,missing_same_side_strict_through_support,,0.5,False,True
4587,trades,1784012253762,False,False,not_evaluated,missing_same_side_strict_through_support,,0.5,False,True
4588,l2Book,1784012253917,False,False,not_evaluated,missing_same_side_strict_through_support,,0.5,False,True
4589,l2Book,1784012254455,False,False,not_evaluated,missing_same_side_strict_through_support,,0.5,False,True
4590,l2Book,1784012254965,False,False,not_evaluated,missing_same_side_strict_through_support,,0.5,False,True
4591,l2Book,1784012255515,False,False,not_evaluated,missing_same_side_strict_through_support,,0.5,False,True
4592,l2Book,1784012256130,False,False,not_evaluated,missing_same_side_strict_through_support,,0.5,False,True
4593,trades,1784012256197,False,False,not_evaluated,missing_same_side_strict_through_support,,0.5,False,True
4594,l2Book,1784012256619,False,False,not_evaluated,missing_same_side_strict_through_support,,0.5,False,True
4595,l2Book,1784012257159,False,False,not_evaluated,missing_same_side_strict_through_support;missing_recent_same_side_at_or_through_throughput,,0.5,False,True
4596,l2Book,1784012257693,False,False,not_evaluated,missing_same_side_strict_through_support;missing_recent_same_side_at_or_through_throughput,,0.5,False,True
4597,trades,1784012257961,False,False,not_evaluated,missing_same_side_strict_through_support,,0.5,False,True
4598,trades,1784012258028,False,False,not_evaluated,missing_same_side_strict_through_support,,0.5,False,True
4599,l2Book,1784012258229,False,False,not_evaluated,missing_same_side_strict_through_support,,0.5,False,True
4600,l2Book,1784012258767,False,False,not_evaluated,missing_same_side_strict_through_support,,0.5,False,True
4601,l2Book,1784012259305,False,False,not_evaluated,missing_same_side_strict_through_support,,0.5,False,True
4602,trades,1784012259516,False,False,not_evaluated,missing_same_side_strict_through_support,,0.5,False,True
4603,trades,1784012259719,False,False,not_evaluated,missing_same_side_strict_through_support,,0.5,False,True
4604,l2Book,1784012259851,False,False,not_evaluated,missing_same_side_strict_through_support,,0.5,False,True
4605,trades,1784012259919,False,False,not_evaluated,missing_same_side_strict_through_support,,0.5,False,True
4606,l2Book,1784012260399,False,False,not_evaluated,missing_same_side_strict_through_support,,0.5,False,True
4607,l2Book,1784012260940,False,False,not_evaluated,missing_same_side_strict_through_support,,0.5,False,True
4608,l2Book,1784012261490,False,False,not_evaluated,missing_same_side_strict_through_support,,0.5,False,True
4609,l2Book,1784012262096,False,False,not_evaluated,missing_same_side_strict_through_support,,0.5,False,True
4610,l2Book,1784012262549,False,False,not_evaluated,missing_same_side_strict_through_support,,0.5,False,True
4611,trades,1784012262549,False,False,not_evaluated,missing_same_side_strict_through_support,,0.5,False,True
4612,trades,1784012262900,False,False,not_evaluated,missing_same_side_strict_through_support,,0.5,False,True
4613,l2Book,1784012263101,False,False,not_evaluated,missing_same_side_strict_through_support,,0.5,False,True
4614,l2Book,1784012263619,False,False,not_evaluated,missing_same_side_strict_through_support,,0.5,False,True
4615,l2Book,1784012264176,False,False,not_evaluated,missing_same_side_strict_through_support,,0.5,False,True
4616,trades,1784012264242,False,False,not_evaluated,missing_same_side_strict_through_support,,0.5,False,True
4617,l2Book,1784012264705,False,False,not_evaluated,missing_same_side_strict_through_support,,0.5,False,True
4618,trades,1784012265051,False,False,not_evaluated,missing_same_side_strict_through_support,,0.5,False,True
4619,l2Book,1784012265251,False,False,not_evaluated,missing_same_side_strict_through_support,,0.5,False,True
4620,l2Book,1784012265770,False,False,not_evaluated,missing_same_side_strict_through_support,,0.5,False,True
4621,l2Book,1784012266327,False,False,not_evaluated,missing_same_side_strict_through_support,,0.5,False,True
4622,l2Book,1784012266863,False,False,not_evaluated,missing_same_side_strict_through_support,,0.5,False,True
4623,l2Book,1784012267399,False,False,not_evaluated,missing_same_side_strict_through_support;missing_recent_same_side_at_or_through_throughput,,0.5,False,True
4624,trades,1784012267399,False,False,not_evaluated,missing_same_side_strict_through_support,,0.5,False,True
4625,l2Book,1784012267940,False,False,not_evaluated,missing_same_side_strict_through_support,,0.5,False,True
4626,trades,1784012268142,False,False,not_evaluated,missing_same_side_strict_through_support,,0.5,False,True
4627,l2Book,1784012268484,False,False,not_evaluated,missing_same_side_strict_through_support,,0.5,False,True
4628,trades,1784012268751,False,False,not_evaluated,outside_quality_a_b_queue_bands,,0.5,False,True
4629,l2Book,1784012269022,False,False,not_evaluated,missing_touch_freshness_or_queue_reset_evidence,,0.5,False,True
4630,trades,1784012269163,False,False,not_evaluated,missing_touch_freshness_or_queue_reset_evidence,,0.5,False,True
4631,trades,1784012269313,False,False,not_evaluated,outside_quality_a_b_queue_bands,,0.5,False,True
4632,trades,1784012269453,False,False,not_evaluated,outside_quality_a_b_queue_bands,,0.5,False,True
4633,trades,1784012269515,False,False,not_evaluated,outside_quality_a_b_queue_bands,,0.5,False,True
4634,l2Book,1784012269580,False,False,not_evaluated,missing_same_side_strict_through_support;missing_touch_freshness_or_queue_reset_evidence;missing_recent_same_side_at_or_through_throughput,,0.5,False,True
4635,trades,1784012269580,False,False,not_evaluated,missing_same_side_strict_through_support;missing_touch_freshness_or_queue_reset_evidence;missing_recent_same_side_at_or_through_throughput,,0.5,False,True
4636,trades,1784012269910,False,False,not_evaluated,missing_same_side_strict_through_support;missing_recent_same_side_at_or_through_throughput,,0.5,False,True
4637,l2Book,1784012270108,False,False,not_evaluated,missing_same_side_strict_through_support;missing_recent_same_side_at_or_through_throughput,,0.5,False,True
4638,trades,1784012270507,False,False,not_evaluated,missing_same_side_strict_through_support,,0.5,False,True
4639,l2Book,1784012270642,False,False,not_evaluated,missing_same_side_strict_through_support,,0.5,False,True
4640,trades,1784012270909,False,False,not_evaluated,missing_same_side_strict_through_support,,0.5,False,True
4641,l2Book,1784012271177,False,False,not_evaluated,missing_same_side_strict_through_support,,0.5,False,True
4642,trades,1784012271513,False,False,not_evaluated,missing_same_side_strict_through_support,,0.5,False,True
4643,l2Book,1784012271698,False,False,not_evaluated,missing_same_side_strict_through_support,,0.5,False,True
4644,trades,1784012271913,False,False,not_evaluated,missing_same_side_strict_through_support,,0.5,False,True
4645,trades,1784012271980,False,False,not_evaluated,missing_same_side_strict_through_support,,0.5,False,True
4646,l2Book,1784012272250,False,False,not_evaluated,missing_touch_freshness_or_queue_reset_evidence,,0.5,False,True
4647,l2Book,1784012272785,False,False,not_evaluated,outside_quality_a_b_queue_bands,,0.5,False,True
4648,l2Book,1784012273324,False,False,not_evaluated,outside_quality_a_b_queue_bands,,0.5,False,True
4649,l2Book,1784012273861,False,False,not_evaluated,outside_quality_a_b_queue_bands,,0.5,False,True
4650,l2Book,1784012274400,False,False,not_evaluated,outside_quality_a_b_queue_bands,,0.5,False,True
4651,l2Book,1784012274912,False,False,not_evaluated,missing_same_side_strict_through_support;missing_recent_same_side_at_or_through_throughput,,0.5,False,True
4652,l2Book,1784012275456,False,False,not_evaluated,missing_same_side_strict_through_support;missing_recent_same_side_at_or_through_throughput,,0.5,False,True
4653,l2Book,1784012276008,False,False,not_evaluated,missing_same_side_strict_through_support;missing_recent_same_side_at_or_through_throughput,,0.5,False,True
4654,trades,1784012276078,False,False,not_evaluated,missing_same_side_strict_through_support;missing_recent_same_side_at_or_through_throughput,,0.5,False,True
4655,l2Book,1784012276553,False,False,not_evaluated,missing_same_side_strict_through_support;missing_touch_freshness_or_queue_reset_evidence;missing_recent_same_side_at_or_through_throughput,,0.5,False,True
4656,trades,1784012277016,False,False,not_evaluated,missing_same_side_strict_through_support;missing_recent_same_side_at_or_through_throughput,,0.5,False,True
4657,l2Book,1784012277083,False,False,not_evaluated,missing_same_side_strict_through_support;missing_touch_freshness_or_queue_reset_evidence;missing_recent_same_side_at_or_through_throughput,,0.5,False,True
4658,trades,1784012277219,False,False,not_evaluated,missing_same_side_strict_through_support;missing_touch_freshness_or_queue_reset_evidence,,0.5,False,True
4659,l2Book,1784012277617,False,False,not_evaluated,missing_same_side_strict_through_support,,0.5,False,True
4660,trades,1784012278021,False,False,not_evaluated,missing_same_side_strict_through_support,,0.5,False,True
4661,trades,1784012278088,False,False,not_evaluated,missing_same_side_strict_through_support,,0.5,False,True
4662,l2Book,1784012278154,False,False,not_evaluated,missing_touch_freshness_or_queue_reset_evidence,,0.5,False,True
4663,l2Book,1784012278703,False,False,not_evaluated,outside_quality_a_b_queue_bands,,0.5,False,True
4664,trades,1784012279180,False,False,not_evaluated,outside_quality_a_b_queue_bands,,0.5,False,True
4665,l2Book,1784012279248,False,False,not_evaluated,outside_quality_a_b_queue_bands,,0.5,False,True
4666,trades,1784012279519,False,False,not_evaluated,outside_quality_a_b_queue_bands,,0.5,False,True
4667,trades,1784012279654,False,False,not_evaluated,outside_quality_a_b_queue_bands,,0.5,False,True
4668,l2Book,1784012279787,False,False,not_evaluated,outside_quality_a_b_queue_bands,,0.5,False,True
4669,trades,1784012279987,False,False,not_evaluated,outside_quality_a_b_queue_bands,,0.5,False,True
4670,trades,1784012280054,False,False,not_evaluated,outside_quality_a_b_queue_bands,,0.5,False,True
4671,trades,1784012280123,False,False,not_evaluated,outside_quality_a_b_queue_bands,,0.5,False,True
4672,l2Book,1784012280312,False,False,not_evaluated,missing_touch_freshness_or_queue_reset_evidence,,0.5,False,True
4673,l2Book,1784012280863,False,False,not_evaluated,missing_touch_freshness_or_queue_reset_evidence,,0.5,False,True
4674,l2Book,1784012281392,False,False,not_evaluated,outside_quality_a_b_queue_bands,,0.5,False,True
4675,l2Book,1784012281923,False,False,not_evaluated,outside_quality_a_b_queue_bands,,0.5,False,True
4676,trades,1784012282069,False,False,not_evaluated,outside_quality_a_b_queue_bands,,0.5,False,True
4677,l2Book,1784012282469,False,False,not_evaluated,missing_touch_freshness_or_queue_reset_evidence,,0.5,False,True
4678,l2Book,1784012283069,False,False,not_evaluated,outside_quality_a_b_queue_bands,,0.5,False,True
4679,l2Book,1784012283551,False,False,not_evaluated,outside_quality_a_b_queue_bands,,0.5,False,True
4680,l2Book,1784012284090,False,False,not_evaluated,outside_quality_a_b_queue_bands,,0.5,False,True
4681,l2Book,1784012284634,False,False,not_evaluated,outside_quality_a_b_queue_bands,,0.5,False,True
4682,l2Book,1784012285172,False,False,not_evaluated,missing_same_side_strict_through_support;missing_recent_same_side_at_or_through_throughput,,0.5,False,True
4683,trades,1784012285454,False,False,not_evaluated,missing_same_side_strict_through_support;missing_recent_same_side_at_or_through_throughput,,0.5,False,True
4684,trades,1784012285654,False,False,not_evaluated,missing_same_side_strict_through_support;missing_recent_same_side_at_or_through_throughput,,0.5,False,True
4685,l2Book,1784012285707,False,False,not_evaluated,missing_same_side_strict_through_support;missing_touch_freshness_or_queue_reset_evidence,,0.5,False,True
4686,l2Book,1784012286257,False,False,not_evaluated,missing_same_side_strict_through_support,,0.5,False,True
4687,l2Book,1784012286815,False,False,not_evaluated,missing_same_side_strict_through_support,,0.5,False,True
4688,l2Book,1784012287351,False,False,not_evaluated,missing_same_side_strict_through_support,,0.5,False,True
4689,l2Book,1784012287894,False,False,not_evaluated,missing_same_side_strict_through_support,,0.5,False,True
4690,trades,1784012288026,False,False,not_evaluated,missing_same_side_strict_through_support,,0.5,False,True
4691,l2Book,1784012288428,False,False,not_evaluated,missing_same_side_strict_through_support,,0.5,False,True
4692,l2Book,1784012288963,False,False,not_evaluated,missing_same_side_strict_through_support,,0.5,False,True
4693,l2Book,1784012289505,False,False,not_evaluated,missing_same_side_strict_through_support,,0.5,False,True
4694,trades,1784012289860,False,False,not_evaluated,missing_same_side_strict_through_support,,0.5,False,True
4695,l2Book,1784012290059,False,False,not_evaluated,missing_same_side_strict_through_support,,0.5,False,True
4696,l2Book,1784012290590,False,False,not_evaluated,missing_same_side_strict_through_support,,0.5,False,True
4697,l2Book,1784012291144,False,False,not_evaluated,missing_same_side_strict_through_support;missing_recent_same_side_at_or_through_throughput,,0.5,False,True
4698,l2Book,1784012291681,False,False,not_evaluated,missing_same_side_strict_through_support;missing_recent_same_side_at_or_through_throughput,,0.5,False,True
4699,trades,1784012291815,False,False,not_evaluated,missing_same_side_strict_through_support,,0.5,False,True
4700,l2Book,1784012292218,False,False,not_evaluated,missing_same_side_strict_through_support,,0.5,False,True
4701,l2Book,1784012292757,False,False,not_evaluated,missing_same_side_strict_through_support,,0.5,False,True
4702,l2Book,1784012293295,False,False,not_evaluated,missing_same_side_strict_through_support,,0.5,False,True
4703,trades,1784012293295,False,False,not_evaluated,missing_same_side_strict_through_support,,0.5,False,True
4704,l2Book,1784012293850,False,False,not_evaluated,missing_same_side_strict_through_support,,0.5,False,True
4705,l2Book,1784012294383,False,False,not_evaluated,missing_same_side_strict_through_support,,0.5,False,True
4706,l2Book,1784012294920,False,False,not_evaluated,missing_same_side_strict_through_support,,0.5,False,True
4707,trades,1784012295054,False,False,not_evaluated,missing_same_side_strict_through_support,,0.5,False,True
4708,l2Book,1784012295454,False,False,not_evaluated,missing_same_side_strict_through_support,,0.5,False,True
4709,trades,1784012295535,False,False,not_evaluated,missing_same_side_strict_through_support,,0.5,False,True
4710,l2Book,1784012296003,False,False,not_evaluated,missing_same_side_strict_through_support,,0.5,False,True
4711,l2Book,1784012296541,False,False,not_evaluated,missing_same_side_strict_through_support,,0.5,False,True
4712,trades,1784012296541,False,False,not_evaluated,missing_same_side_strict_through_support,,0.5,False,True
4713,l2Book,1784012297078,False,False,not_evaluated,missing_same_side_strict_through_support,,0.5,False,True
4714,trades,1784012297078,False,False,not_evaluated,missing_same_side_strict_through_support,,0.5,False,True
4715,trades,1784012297551,False,False,not_evaluated,missing_same_side_strict_through_support,,0.5,False,True
4716,l2Book,1784012297612,False,False,not_evaluated,missing_same_side_strict_through_support;missing_touch_freshness_or_queue_reset_evidence,,0.5,False,True
4717,l2Book,1784012298153,False,False,not_evaluated,missing_touch_freshness_or_queue_reset_evidence,,0.5,False,True
4718,trades,1784012298473,False,False,not_evaluated,outside_quality_a_b_queue_bands,,0.5,False,True
4719,l2Book,1784012298689,False,False,not_evaluated,outside_quality_a_b_queue_bands,,0.5,False,True
4720,trades,1784012299090,False,False,not_evaluated,outside_quality_a_b_queue_bands,,0.5,False,True
4721,l2Book,1784012299220,False,False,not_evaluated,outside_quality_a_b_queue_bands,,0.5,False,True
4722,trades,1784012299693,False,False,not_evaluated,outside_quality_a_b_queue_bands,,0.5,False,True
4723,l2Book,1784012299760,False,False,not_evaluated,outside_quality_a_b_queue_bands,,0.5,False,True
4724,l2Book,1784012300296,False,False,not_evaluated,missing_same_side_strict_through_support,,0.5,False,True
4725,l2Book,1784012300829,False,False,not_evaluated,missing_same_side_strict_through_support,,0.5,False,True
4726,trades,1784012300899,False,False,not_evaluated,missing_same_side_strict_through_support,,0.5,False,True
4727,trades,1784012301169,False,False,not_evaluated,missing_same_side_strict_through_support,,0.5,False,True
4728,l2Book,1784012301376,False,False,not_evaluated,missing_touch_freshness_or_queue_reset_evidence,,0.5,False,True
4729,l2Book,1784012301907,False,False,not_evaluated,outside_quality_a_b_queue_bands,,0.5,False,True
4730,trades,1784012301978,False,False,not_evaluated,outside_quality_a_b_queue_bands,,0.5,False,True
4731,l2Book,1784012302438,False,False,not_evaluated,outside_quality_a_b_queue_bands,,0.5,False,True
4732,l2Book,1784012302985,False,False,not_evaluated,missing_same_side_strict_through_support,,0.5,False,True
4733,l2Book,1784012303521,False,False,not_evaluated,missing_same_side_strict_through_support,,0.5,False,True
4734,l2Book,1784012304048,False,False,not_evaluated,missing_same_side_strict_through_support,,0.5,False,True
4735,trades,1784012304505,False,False,not_evaluated,missing_same_side_strict_through_support,,0.5,False,True
4736,l2Book,1784012304592,False,False,not_evaluated,missing_same_side_strict_through_support,,0.5,False,True
4737,l2Book,1784012305129,False,False,not_evaluated,missing_same_side_strict_through_support,,0.5,False,True
4738,l2Book,1784012305654,False,False,not_evaluated,missing_same_side_strict_through_support,,0.5,False,True
4739,l2Book,1784012306207,False,False,not_evaluated,missing_same_side_strict_through_support,,0.5,False,True
4740,l2Book,1784012306726,False,False,not_evaluated,missing_same_side_strict_through_support,,0.5,False,True
4741,trades,1784012307012,False,False,not_evaluated,missing_same_side_strict_through_support,,0.5,False,True
4742,l2Book,1784012307265,False,False,not_evaluated,missing_same_side_strict_through_support,,0.5,False,True
4743,trades,1784012307491,False,False,not_evaluated,missing_same_side_strict_through_support,,0.5,False,True
4744,l2Book,1784012307827,False,False,not_evaluated,missing_same_side_strict_through_support,,0.5,False,True
4745,trades,1784012307962,False,False,not_evaluated,missing_same_side_strict_through_support,,0.5,False,True
4746,trades,1784012308028,False,False,not_evaluated,missing_same_side_strict_through_support,,0.5,False,True
4747,trades,1784012308094,False,False,not_evaluated,missing_same_side_strict_through_support,,0.5,False,True
4748,l2Book,1784012308368,False,False,not_evaluated,missing_same_side_strict_through_support,,0.5,False,True
4749,trades,1784012308700,False,False,not_evaluated,missing_same_side_strict_through_support,,0.5,False,True
4750,l2Book,1784012308903,False,False,not_evaluated,missing_same_side_strict_through_support,,0.5,False,True
4751,trades,1784012308903,False,False,not_evaluated,missing_same_side_strict_through_support,,0.5,False,True
4752,l2Book,1784012309439,False,False,not_evaluated,missing_touch_freshness_or_queue_reset_evidence,,0.5,False,True
4753,trades,1784012309841,False,False,not_evaluated,outside_quality_a_b_queue_bands,,0.5,False,True
4754,l2Book,1784012309975,False,False,not_evaluated,outside_quality_a_b_queue_bands,,0.5,False,True
4755,l2Book,1784012310514,False,False,not_evaluated,outside_quality_a_b_queue_bands,,0.5,False,True
4756,l2Book,1784012311053,False,False,not_evaluated,outside_quality_a_b_queue_bands,,0.5,False,True
4757,l2Book,1784012311588,False,False,not_evaluated,outside_quality_a_b_queue_bands,,0.5,False,True
4758,trades,1784012312038,False,False,not_evaluated,missing_same_side_strict_through_support,,0.5,False,True
4759,l2Book,1784012312090,False,False,not_evaluated,missing_same_side_strict_through_support,,0.5,False,True
4760,l2Book,1784012312593,False,False,not_evaluated,missing_same_side_strict_through_support,,0.5,False,True
4761,l2Book,1784012313133,False,False,not_evaluated,missing_touch_freshness_or_queue_reset_evidence,,0.5,False,True
4762,trades,1784012313133,False,False,not_evaluated,missing_touch_freshness_or_queue_reset_evidence,,0.5,False,True
4763,l2Book,1784012313658,False,False,not_evaluated,outside_quality_a_b_queue_bands,,0.5,False,True
4764,trades,1784012313984,False,False,not_evaluated,outside_quality_a_b_queue_bands,,0.5,False,True
4765,l2Book,1784012314169,False,False,not_evaluated,outside_quality_a_b_queue_bands,,0.5,False,True
4766,l2Book,1784012314717,False,False,not_evaluated,outside_quality_a_b_queue_bands,,0.5,False,True
4767,trades,1784012314906,False,False,not_evaluated,outside_quality_a_b_queue_bands,,0.5,False,True
4768,trades,1784012314966,False,False,not_evaluated,outside_quality_a_b_queue_bands,,0.5,False,True
4769,l2Book,1784012315258,False,False,not_evaluated,missing_same_side_strict_through_support,,0.5,False,True
4770,l2Book,1784012315772,False,False,not_evaluated,missing_same_side_strict_through_support,,0.5,False,True
4771,trades,1784012316065,False,False,not_evaluated,missing_same_side_strict_through_support,,0.5,False,True
4772,l2Book,1784012316335,False,False,not_evaluated,missing_same_side_strict_through_support,,0.5,False,True
4773,trades,1784012316468,False,False,not_evaluated,missing_same_side_strict_through_support,,0.5,False,True
4774,l2Book,1784012316875,False,False,not_evaluated,missing_same_side_strict_through_support,,0.5,False,True
4775,trades,1784012317074,False,False,not_evaluated,missing_same_side_strict_through_support,,0.5,False,True
4776,l2Book,1784012317397,False,False,not_evaluated,missing_same_side_strict_through_support,,0.5,False,True
4777,l2Book,1784012317950,False,False,not_evaluated,missing_same_side_strict_through_support,,0.5,False,True
4778,trades,1784012318083,False,False,not_evaluated,missing_same_side_strict_through_support,,0.5,False,True
4779,l2Book,1784012318491,False,False,not_evaluated,missing_same_side_strict_through_support,,0.5,False,True
4780,trades,1784012318491,False,False,not_evaluated,missing_same_side_strict_through_support,,0.5,False,True
4781,l2Book,1784012319025,False,False,not_evaluated,missing_same_side_strict_through_support;missing_touch_freshness_or_queue_reset_evidence,,0.5,False,True
4782,trades,1784012319025,False,False,not_evaluated,missing_same_side_strict_through_support;missing_touch_freshness_or_queue_reset_evidence,,0.5,False,True
4783,trades,1784012319158,False,False,not_evaluated,missing_same_side_strict_through_support;missing_touch_freshness_or_queue_reset_evidence,,0.5,False,True
4784,l2Book,1784012319563,False,False,not_evaluated,missing_touch_freshness_or_queue_reset_evidence,,0.5,False,True
4785,l2Book,1784012320100,False,False,not_evaluated,outside_quality_a_b_queue_bands,,0.5,False,True
4786,trades,1784012320568,False,False,not_evaluated,outside_quality_a_b_queue_bands,,0.5,False,True
4787,l2Book,1784012320635,False,False,not_evaluated,outside_quality_a_b_queue_bands,,0.5,False,True
4788,trades,1784012320635,False,False,not_evaluated,outside_quality_a_b_queue_bands,,0.5,False,True
4789,trades,1784012320838,False,False,not_evaluated,outside_quality_a_b_queue_bands,,0.5,False,True
4790,l2Book,1784012321171,False,False,not_evaluated,outside_quality_a_b_queue_bands,,0.5,False,True
4791,trades,1784012321643,False,False,not_evaluated,outside_quality_a_b_queue_bands,,0.5,False,True
4792,l2Book,1784012321709,False,False,not_evaluated,outside_quality_a_b_queue_bands,,0.5,False,True
4793,trades,1784012321909,False,False,not_evaluated,outside_quality_a_b_queue_bands,,0.5,False,True
4794,l2Book,1784012322233,False,False,not_evaluated,missing_same_side_strict_through_support,,0.5,False,True
4795,l2Book,1784012322774,False,False,not_evaluated,missing_same_side_strict_through_support,,0.5,False,True
4796,trades,1784012323169,False,False,not_evaluated,missing_same_side_strict_through_support,,0.5,False,True
4797,trades,1784012323256,False,False,not_evaluated,missing_same_side_strict_through_support,,0.5,False,True
4798,l2Book,1784012323321,False,False,not_evaluated,missing_same_side_strict_through_support,,0.5,False,True
4799,l2Book,1784012323860,False,False,not_evaluated,missing_same_side_strict_through_support,,0.5,False,True
4800,trades,1784012324262,False,False,not_evaluated,missing_same_side_strict_through_support,,0.5,False,True
4801,l2Book,1784012324383,False,False,not_evaluated,missing_same_side_strict_through_support,,0.5,False,True
4802,l2Book,1784012324936,False,False,not_evaluated,missing_same_side_strict_through_support,,0.5,False,True
4803,trades,1784012325052,False,False,not_evaluated,missing_same_side_strict_through_support,,0.5,False,True
4804,l2Book,1784012325475,False,False,not_evaluated,missing_touch_freshness_or_queue_reset_evidence,,0.5,False,True
4805,l2Book,1784012326078,False,False,not_evaluated,outside_quality_a_b_queue_bands,,0.5,False,True
4806,trades,1784012326371,False,False,not_evaluated,missing_same_side_strict_through_support,,0.5,False,True
4807,l2Book,1784012326681,False,False,not_evaluated,missing_same_side_strict_through_support,,0.5,False,True
4808,l2Book,1784012327217,False,False,not_evaluated,missing_same_side_strict_through_support,,0.5,False,True
4809,trades,1784012327420,False,False,not_evaluated,outside_quality_a_b_queue_bands,,0.5,False,True
4810,l2Book,1784012327767,False,False,not_evaluated,missing_same_side_strict_through_support;missing_touch_freshness_or_queue_reset_evidence;missing_recent_same_side_at_or_through_throughput,,0.5,False,True
4811,trades,1784012327767,False,False,not_evaluated,missing_same_side_strict_through_support;missing_touch_freshness_or_queue_reset_evidence;missing_recent_same_side_at_or_through_throughput,,0.5,False,True
4812,l2Book,1784012328306,False,False,not_evaluated,missing_same_side_strict_through_support;missing_touch_freshness_or_queue_reset_evidence;missing_recent_same_side_at_or_through_throughput,,0.5,False,True
4813,l2Book,1784012328826,False,False,not_evaluated,missing_same_side_strict_through_support;missing_recent_same_side_at_or_through_throughput,,0.5,False,True
4814,l2Book,1784012329349,False,False,not_evaluated,missing_same_side_strict_through_support;missing_recent_same_side_at_or_through_throughput,,0.5,False,True
4815,l2Book,1784012329915,False,False,not_evaluated,missing_same_side_strict_through_support;missing_recent_same_side_at_or_through_throughput,,0.5,False,True
4816,trades,1784012330316,False,False,not_evaluated,missing_same_side_strict_through_support,,0.5,False,True
4817,l2Book,1784012330449,False,False,not_evaluated,missing_same_side_strict_through_support,,0.5,False,True
4818,l2Book,1784012330988,False,False,not_evaluated,missing_same_side_strict_through_support,,0.5,False,True
4819,trades,1784012331394,False,False,not_evaluated,missing_same_side_strict_through_support,,0.5,False,True
4820,l2Book,1784012331529,False,False,not_evaluated,missing_same_side_strict_through_support,,0.5,False,True
4821,l2Book,1784012332066,False,False,not_evaluated,missing_same_side_strict_through_support,,0.5,False,True
4822,l2Book,1784012332603,False,False,not_evaluated,missing_same_side_strict_through_support,,0.5,False,True
4823,l2Book,1784012333137,False,False,not_evaluated,missing_same_side_strict_through_support,,0.5,False,True
4824,l2Book,1784012333663,False,False,not_evaluated,missing_same_side_strict_through_support,,0.5,False,True
4825,l2Book,1784012334280,False,False,not_evaluated,missing_same_side_strict_through_support,,0.5,False,True
4826,l2Book,1784012334883,False,False,not_evaluated,missing_same_side_strict_through_support;missing_recent_same_side_at_or_through_throughput,,0.5,False,True
4827,l2Book,1784012335484,False,False,not_evaluated,missing_same_side_strict_through_support;missing_recent_same_side_at_or_through_throughput,,0.5,False,True
4828,l2Book,1784012336514,False,False,not_evaluated,missing_same_side_strict_through_support;missing_recent_same_side_at_or_through_throughput,,0.5,False,True
4829,trades,1784012336514,False,False,not_evaluated,missing_same_side_strict_through_support;missing_recent_same_side_at_or_through_throughput,,0.5,False,True
4830,l2Book,1784012337026,False,False,not_evaluated,missing_same_side_strict_through_support;missing_recent_same_side_at_or_through_throughput,,0.5,False,True
4831,trades,1784012337369,False,False,not_evaluated,missing_same_side_strict_through_support;missing_recent_same_side_at_or_through_throughput,,0.5,False,True
4832,l2Book,1784012337568,False,False,not_evaluated,missing_same_side_strict_through_support;missing_recent_same_side_at_or_through_throughput,,0.5,False,True
4833,trades,1784012338031,False,False,not_evaluated,missing_same_side_strict_through_support;missing_recent_same_side_at_or_through_throughput,,0.5,False,True
4834,l2Book,1784012338107,False,False,not_evaluated,missing_same_side_strict_through_support;missing_recent_same_side_at_or_through_throughput,,0.5,False,True
4835,l2Book,1784012338634,False,False,not_evaluated,missing_same_side_strict_through_support;missing_recent_same_side_at_or_through_throughput,,0.5,False,True
4836,l2Book,1784012339180,False,False,not_evaluated,missing_same_side_strict_through_support;missing_recent_same_side_at_or_through_throughput,,0.5,False,True
4837,trades,1784012339381,False,False,not_evaluated,missing_same_side_strict_through_support,,0.5,False,True
4838,l2Book,1784012339696,False,False,not_evaluated,missing_same_side_strict_through_support,,0.5,False,True
4839,l2Book,1784012340245,False,False,not_evaluated,missing_same_side_strict_through_support,,0.5,False,True
4840,l2Book,1784012340803,False,False,not_evaluated,missing_same_side_strict_through_support,,0.5,False,True
4841,l2Book,1784012341340,False,False,not_evaluated,missing_same_side_strict_through_support,,0.5,False,True
4842,l2Book,1784012341876,False,False,not_evaluated,missing_same_side_strict_through_support,,0.5,False,True
4843,trades,1784012342010,False,False,not_evaluated,missing_same_side_strict_through_support,,0.5,False,True
4844,l2Book,1784012342414,False,False,not_evaluated,missing_same_side_strict_through_support,,0.5,False,True
4845,trades,1784012342747,False,False,not_evaluated,missing_same_side_strict_through_support,,0.5,False,True
4846,l2Book,1784012342948,False,False,not_evaluated,missing_same_side_strict_through_support,,0.5,False,True
4847,l2Book,1784012343485,False,False,not_evaluated,missing_same_side_strict_through_support,,0.5,False,True
4848,l2Book,1784012344065,False,False,not_evaluated,missing_same_side_strict_through_support,,0.5,False,True
4849,l2Book,1784012344617,False,False,not_evaluated,missing_same_side_strict_through_support,,0.5,False,True
4850,l2Book,1784012345161,False,False,not_evaluated,missing_same_side_strict_through_support;missing_recent_same_side_at_or_through_throughput,,0.5,False,True
4851,l2Book,1784012345715,False,False,not_evaluated,missing_same_side_strict_through_support;missing_recent_same_side_at_or_through_throughput,,0.5,False,True
4852,trades,1784012346052,False,False,not_evaluated,missing_same_side_strict_through_support;missing_recent_same_side_at_or_through_throughput,,0.5,False,True
4853,l2Book,1784012346255,False,False,not_evaluated,missing_same_side_strict_through_support;missing_touch_freshness_or_queue_reset_evidence;missing_recent_same_side_at_or_through_throughput,,0.5,False,True
4854,l2Book,1784012346788,False,False,not_evaluated,missing_same_side_strict_through_support;missing_recent_same_side_at_or_through_throughput,,0.5,False,True
4855,l2Book,1784012347323,False,False,not_evaluated,missing_same_side_strict_through_support;missing_recent_same_side_at_or_through_throughput,,0.5,False,True
4856,l2Book,1784012347858,False,False,not_evaluated,missing_same_side_strict_through_support;missing_recent_same_side_at_or_through_throughput,,0.5,False,True
4857,trades,1784012348059,False,False,not_evaluated,missing_same_side_strict_through_support,,0.5,False,True
4858,l2Book,1784012348395,False,False,not_evaluated,missing_same_side_strict_through_support,,0.5,False,True
4859,l2Book,1784012348932,False,False,not_evaluated,missing_same_side_strict_through_support,,0.5,False,True
4860,l2Book,1784012349465,False,False,not_evaluated,missing_same_side_strict_through_support,,0.5,False,True
4861,l2Book,1784012350072,False,False,not_evaluated,missing_same_side_strict_through_support,,0.5,False,True
4862,l2Book,1784012350541,False,False,not_evaluated,missing_same_side_strict_through_support,,0.5,False,True
4863,l2Book,1784012351077,False,False,not_evaluated,missing_same_side_strict_through_support;missing_recent_same_side_at_or_through_throughput,,0.5,False,True
4864,l2Book,1784012351614,False,False,not_evaluated,missing_same_side_strict_through_support;missing_recent_same_side_at_or_through_throughput,,0.5,False,True
4865,l2Book,1784012352150,False,False,not_evaluated,missing_same_side_strict_through_support;missing_recent_same_side_at_or_through_throughput,,0.5,False,True
4866,l2Book,1784012352688,False,False,not_evaluated,missing_same_side_strict_through_support;missing_recent_same_side_at_or_through_throughput,,0.5,False,True
4867,l2Book,1784012353213,False,False,not_evaluated,missing_same_side_strict_through_support;missing_recent_same_side_at_or_through_throughput,,0.5,False,True
4868,l2Book,1784012353760,False,False,not_evaluated,missing_same_side_strict_through_support;missing_recent_same_side_at_or_through_throughput,,0.5,False,True
4869,l2Book,1784012354297,False,False,not_evaluated,missing_same_side_strict_through_support;missing_recent_same_side_at_or_through_throughput,,0.5,False,True
4870,l2Book,1784012354835,False,False,not_evaluated,missing_same_side_strict_through_support;missing_recent_same_side_at_or_through_throughput,,0.5,False,True
4871,trades,1784012355031,False,False,not_evaluated,missing_same_side_strict_through_support;missing_recent_same_side_at_or_through_throughput,,0.5,False,True
4872,l2Book,1784012355371,False,False,not_evaluated,missing_same_side_strict_through_support;missing_recent_same_side_at_or_through_throughput,,0.5,False,True
4873,l2Book,1784012355911,False,False,not_evaluated,missing_same_side_strict_through_support;missing_recent_same_side_at_or_through_throughput,,0.5,False,True
4874,l2Book,1784012356447,False,False,not_evaluated,missing_same_side_strict_through_support;missing_recent_same_side_at_or_through_throughput,,0.5,False,True
4875,l2Book,1784012356983,False,False,not_evaluated,missing_same_side_strict_through_support;missing_touch_freshness_or_queue_reset_evidence;missing_recent_same_side_at_or_through_throughput,,0.5,False,True
4876,trades,1784012357384,False,False,not_evaluated,missing_same_side_strict_through_support,,0.5,False,True
4877,l2Book,1784012357518,False,False,not_evaluated,missing_same_side_strict_through_support,,0.5,False,True
4878,l2Book,1784012358053,False,False,not_evaluated,missing_touch_freshness_or_queue_reset_evidence,,0.5,False,True
4879,l2Book,1784012358602,False,False,not_evaluated,missing_touch_freshness_or_queue_reset_evidence,,0.5,False,True
4880,l2Book,1784012359130,False,False,not_evaluated,outside_quality_a_b_queue_bands,,0.5,False,True
4881,l2Book,1784012359672,False,False,not_evaluated,outside_quality_a_b_queue_bands,,0.5,False,True
4882,l2Book,1784012360205,False,False,not_evaluated,outside_quality_a_b_queue_bands,,0.5,False,True
4883,l2Book,1784012360741,False,False,not_evaluated,missing_same_side_strict_through_support;missing_recent_same_side_at_or_through_throughput,,0.5,False,True
4884,l2Book,1784012361279,False,False,not_evaluated,missing_same_side_strict_through_support;missing_recent_same_side_at_or_through_throughput,,0.5,False,True
4885,l2Book,1784012361814,False,False,not_evaluated,missing_same_side_strict_through_support;missing_recent_same_side_at_or_through_throughput,,0.5,False,True
4886,l2Book,1784012362351,False,False,not_evaluated,missing_same_side_strict_through_support;missing_recent_same_side_at_or_through_throughput,,0.5,False,True
4887,l2Book,1784012362885,False,False,not_evaluated,missing_same_side_strict_through_support;missing_recent_same_side_at_or_through_throughput,,0.5,False,True
4888,l2Book,1784012363424,False,False,not_evaluated,missing_same_side_strict_through_support;missing_recent_same_side_at_or_through_throughput,,0.5,False,True
4889,trades,1784012363624,False,False,not_evaluated,missing_same_side_strict_through_support;missing_recent_same_side_at_or_through_throughput,,0.5,False,True
4890,l2Book,1784012363958,False,False,not_evaluated,missing_same_side_strict_through_support;missing_recent_same_side_at_or_through_throughput,,0.5,False,True
4891,l2Book,1784012364500,False,False,not_evaluated,missing_same_side_strict_through_support;missing_recent_same_side_at_or_through_throughput,,0.5,False,True
4892,l2Book,1784012365105,False,False,not_evaluated,missing_same_side_strict_through_support;missing_recent_same_side_at_or_through_throughput,,0.5,False,True
4893,l2Book,1784012365578,False,False,not_evaluated,missing_same_side_strict_through_support;missing_recent_same_side_at_or_through_throughput,,0.5,False,True
4894,trades,1784012365857,False,False,not_evaluated,missing_same_side_strict_through_support;missing_recent_same_side_at_or_through_throughput,,0.5,False,True
4895,l2Book,1784012366125,False,False,not_evaluated,missing_same_side_strict_through_support;missing_touch_freshness_or_queue_reset_evidence;missing_recent_same_side_at_or_through_throughput,,0.5,False,True
4896,l2Book,1784012366677,False,False,not_evaluated,missing_same_side_strict_through_support;missing_recent_same_side_at_or_through_throughput,,0.5,False,True
4897,trades,1784012367014,False,False,not_evaluated,missing_same_side_strict_through_support;missing_recent_same_side_at_or_through_throughput,,0.5,False,True
4898,l2Book,1784012367216,False,False,not_evaluated,missing_same_side_strict_through_support;missing_recent_same_side_at_or_through_throughput,,0.5,False,True
4899,l2Book,1784012367752,False,False,not_evaluated,missing_same_side_strict_through_support;missing_recent_same_side_at_or_through_throughput,,0.5,False,True
4900,trades,1784012368021,False,False,not_evaluated,missing_same_side_strict_through_support;missing_recent_same_side_at_or_through_throughput,,0.5,False,True
4901,l2Book,1784012368288,False,False,not_evaluated,missing_same_side_strict_through_support;missing_recent_same_side_at_or_through_throughput,,0.5,False,True
4902,l2Book,1784012368828,False,False,not_evaluated,missing_same_side_strict_through_support;missing_recent_same_side_at_or_through_throughput,,0.5,False,True
4903,trades,1784012368898,False,False,not_evaluated,missing_same_side_strict_through_support;missing_recent_same_side_at_or_through_throughput,,0.5,False,True
4904,l2Book,1784012369367,False,False,not_evaluated,missing_same_side_strict_through_support;missing_recent_same_side_at_or_through_throughput,,0.5,False,True
4905,l2Book,1784012369904,False,False,not_evaluated,missing_same_side_strict_through_support;missing_recent_same_side_at_or_through_throughput,,0.5,False,True
4906,l2Book,1784012370437,False,False,not_evaluated,missing_same_side_strict_through_support;missing_recent_same_side_at_or_through_throughput,,0.5,False,True
4907,trades,1784012370654,False,False,not_evaluated,missing_same_side_strict_through_support,,0.5,False,True
4908,trades,1784012370789,False,False,not_evaluated,missing_same_side_strict_through_support,,0.5,False,True
4909,trades,1784012370854,False,False,not_evaluated,missing_same_side_strict_through_support,,0.5,False,True
4910,l2Book,1784012370988,False,False,not_evaluated,missing_same_side_strict_through_support,,0.5,False,True
4911,l2Book,1784012371527,False,False,not_evaluated,missing_same_side_strict_through_support,,0.5,False,True
4912,trades,1784012371595,False,False,not_evaluated,missing_same_side_strict_through_support,,0.5,False,True
4913,trades,1784012371794,False,False,not_evaluated,missing_same_side_strict_through_support,,0.5,False,True
4914,l2Book,1784012372048,False,False,not_evaluated,missing_same_side_strict_through_support,,0.5,False,True
4915,trades,1784012372048,False,False,not_evaluated,missing_same_side_strict_through_support,,0.5,False,True
4916,l2Book,1784012372600,False,False,not_evaluated,missing_same_side_strict_through_support,,0.5,False,True
4917,l2Book,1784012373136,False,False,not_evaluated,missing_same_side_strict_through_support,,0.5,False,True
4918,l2Book,1784012373685,False,False,not_evaluated,missing_same_side_strict_through_support,,0.5,False,True
4919,l2Book,1784012374220,False,False,not_evaluated,missing_same_side_strict_through_support,,0.5,False,True
4920,l2Book,1784012374763,False,False,not_evaluated,missing_same_side_strict_through_support,,0.5,False,True
4921,l2Book,1784012375299,False,False,not_evaluated,missing_same_side_strict_through_support;missing_recent_same_side_at_or_through_throughput,,0.5,False,True
4922,trades,1784012375299,False,False,not_evaluated,missing_same_side_strict_through_support,,0.5,False,True
4923,l2Book,1784012375834,False,False,not_evaluated,missing_same_side_strict_through_support,,0.5,False,True
4924,trades,1784012376303,False,False,not_evaluated,missing_same_side_strict_through_support,,0.5,False,True
4925,l2Book,1784012376379,False,False,not_evaluated,missing_same_side_strict_through_support,,0.5,False,True
4926,trades,1784012376849,False,False,not_evaluated,missing_same_side_strict_through_support,,0.5,False,True
4927,l2Book,1784012376917,False,False,not_evaluated,missing_same_side_strict_through_support,,0.5,False,True
4928,trades,1784012377324,False,False,not_evaluated,missing_same_side_strict_through_support,,0.5,False,True
4929,l2Book,1784012377455,False,False,not_evaluated,missing_same_side_strict_through_support,,0.5,False,True
4930,trades,1784012377526,False,False,not_evaluated,missing_same_side_strict_through_support,,0.5,False,True
4931,trades,1784012377600,False,False,not_evaluated,missing_same_side_strict_through_support,,0.5,False,True
4932,l2Book,1784012377994,False,False,not_evaluated,missing_touch_freshness_or_queue_reset_evidence,,0.5,False,True
4933,trades,1784012378056,False,False,not_evaluated,missing_touch_freshness_or_queue_reset_evidence,,0.5,False,True
4934,l2Book,1784012378494,False,False,not_evaluated,missing_touch_freshness_or_queue_reset_evidence,,0.5,False,True
4935,l2Book,1784012379019,False,False,not_evaluated,outside_quality_a_b_queue_bands,,0.5,False,True
4936,l2Book,1784012379573,False,False,not_evaluated,outside_quality_a_b_queue_bands,,0.5,False,True
4937,l2Book,1784012380110,False,False,not_evaluated,outside_quality_a_b_queue_bands,,0.5,False,True
4938,l2Book,1784012380645,False,False,not_evaluated,outside_quality_a_b_queue_bands,,0.5,False,True
4939,l2Book,1784012381181,False,False,not_evaluated,missing_same_side_strict_through_support;missing_recent_same_side_at_or_through_throughput,,0.5,False,True
4940,l2Book,1784012381725,False,False,not_evaluated,missing_same_side_strict_through_support;missing_recent_same_side_at_or_through_throughput,,0.5,False,True
4941,trades,1784012381994,False,False,not_evaluated,missing_same_side_strict_through_support,,0.5,False,True
4942,l2Book,1784012382256,False,False,not_evaluated,missing_same_side_strict_through_support,,0.5,False,True
4943,l2Book,1784012382793,False,False,not_evaluated,missing_same_side_strict_through_support,,0.5,False,True
4944,l2Book,1784012383337,False,False,not_evaluated,missing_same_side_strict_through_support,,0.5,False,True
4945,trades,1784012383543,False,False,not_evaluated,missing_same_side_strict_through_support,,0.5,False,True
4946,l2Book,1784012383874,False,False,not_evaluated,missing_same_side_strict_through_support,,0.5,False,True
4947,l2Book,1784012384414,False,False,not_evaluated,missing_same_side_strict_through_support,,0.5,False,True
4948,l2Book,1784012384948,False,False,not_evaluated,missing_same_side_strict_through_support,,0.5,False,True
4949,trades,1784012385017,False,False,not_evaluated,missing_same_side_strict_through_support;missing_recent_same_side_at_or_through_throughput,,0.5,False,True
4950,l2Book,1784012385549,False,False,not_evaluated,missing_same_side_strict_through_support;missing_recent_same_side_at_or_through_throughput,,0.5,False,True
4951,trades,1784012385901,False,False,not_evaluated,missing_same_side_strict_through_support;missing_recent_same_side_at_or_through_throughput,,0.5,False,True
4952,l2Book,1784012386100,False,False,not_evaluated,missing_same_side_strict_through_support;missing_recent_same_side_at_or_through_throughput,,0.5,False,True
4953,l2Book,1784012386640,False,False,not_evaluated,missing_same_side_strict_through_support;missing_recent_same_side_at_or_through_throughput,,0.5,False,True
4954,l2Book,1784012387172,False,False,not_evaluated,missing_same_side_strict_through_support;missing_recent_same_side_at_or_through_throughput,,0.5,False,True
4955,l2Book,1784012387709,False,False,not_evaluated,missing_same_side_strict_through_support;missing_recent_same_side_at_or_through_throughput,,0.5,False,True
4956,l2Book,1784012388246,False,False,not_evaluated,missing_same_side_strict_through_support;missing_recent_same_side_at_or_through_throughput,,0.5,False,True
4957,l2Book,1784012388772,False,False,not_evaluated,missing_same_side_strict_through_support;missing_recent_same_side_at_or_through_throughput,,0.5,False,True
4958,l2Book,1784012389319,False,False,not_evaluated,missing_same_side_strict_through_support;missing_recent_same_side_at_or_through_throughput,,0.5,False,True
4959,l2Book,1784012389835,False,False,not_evaluated,missing_same_side_strict_through_support;missing_recent_same_side_at_or_through_throughput,,0.5,False,True
4960,l2Book,1784012390390,False,False,not_evaluated,missing_same_side_strict_through_support;missing_recent_same_side_at_or_through_throughput,,0.5,False,True
4961,l2Book,1784012390928,False,False,not_evaluated,missing_same_side_strict_through_support;missing_recent_same_side_at_or_through_throughput,,0.5,False,True
4962,l2Book,1784012391465,False,False,not_evaluated,missing_same_side_strict_through_support;missing_recent_same_side_at_or_through_throughput,,0.5,False,True
4963,l2Book,1784012392010,False,False,not_evaluated,missing_same_side_strict_through_support;missing_recent_same_side_at_or_through_throughput,,0.5,False,True
4964,l2Book,1784012392537,False,False,not_evaluated,missing_same_side_strict_through_support;missing_recent_same_side_at_or_through_throughput,,0.5,False,True
4965,l2Book,1784012393076,False,False,not_evaluated,missing_same_side_strict_through_support;missing_recent_same_side_at_or_through_throughput,,0.5,False,True
4966,l2Book,1784012393680,False,False,not_evaluated,missing_same_side_strict_through_support;missing_recent_same_side_at_or_through_throughput,,0.5,False,True
4967,l2Book,1784012394234,False,False,not_evaluated,missing_same_side_strict_through_support;missing_recent_same_side_at_or_through_throughput,,0.5,False,True
4968,l2Book,1784012394780,False,False,not_evaluated,missing_same_side_strict_through_support;missing_recent_same_side_at_or_through_throughput,,0.5,False,True
4969,trades,1784012395182,False,False,not_evaluated,missing_same_side_strict_through_support;missing_recent_same_side_at_or_through_throughput,,0.5,False,True
4970,l2Book,1784012395295,False,False,not_evaluated,missing_same_side_strict_through_support;missing_recent_same_side_at_or_through_throughput,,0.5,False,True
4971,l2Book,1784012395922,False,False,not_evaluated,missing_same_side_strict_through_support;missing_recent_same_side_at_or_through_throughput,,0.5,False,True
4972,l2Book,1784012396533,False,False,not_evaluated,missing_same_side_strict_through_support;missing_recent_same_side_at_or_through_throughput,,0.5,False,True
4973,trades,1784012396800,False,False,not_evaluated,missing_same_side_strict_through_support;missing_recent_same_side_at_or_through_throughput,,0.5,False,True
4974,trades,1784012397001,False,False,not_evaluated,missing_same_side_strict_through_support;missing_recent_same_side_at_or_through_throughput,,0.5,False,True
4975,l2Book,1784012397068,False,False,not_evaluated,missing_same_side_strict_through_support;missing_recent_same_side_at_or_through_throughput,,0.5,False,True
4976,l2Book,1784012397608,False,False,not_evaluated,missing_same_side_strict_through_support;missing_recent_same_side_at_or_through_throughput,,0.5,False,True
4977,trades,1784012398010,False,False,not_evaluated,missing_same_side_strict_through_support;missing_recent_same_side_at_or_through_throughput,,0.5,False,True
4978,l2Book,1784012398139,False,False,not_evaluated,missing_same_side_strict_through_support;missing_recent_same_side_at_or_through_throughput,,0.5,False,True
4979,l2Book,1784012398687,False,False,not_evaluated,missing_same_side_strict_through_support;missing_recent_same_side_at_or_through_throughput,,0.5,False,True
4980,l2Book,1784012399224,False,False,not_evaluated,missing_same_side_strict_through_support;missing_recent_same_side_at_or_through_throughput,,0.5,False,True
4981,l2Book,1784012399776,False,False,not_evaluated,missing_same_side_strict_through_support;missing_recent_same_side_at_or_through_throughput,,0.5,False,True
4982,l2Book,1784012400309,False,False,not_evaluated,missing_same_side_strict_through_support;missing_recent_same_side_at_or_through_throughput,,0.5,False,True
4983,trades,1784012400583,False,False,not_evaluated,missing_same_side_strict_through_support;missing_recent_same_side_at_or_through_throughput,,0.5,False,True
4984,l2Book,1784012400986,False,False,not_evaluated,missing_same_side_strict_through_support;missing_recent_same_side_at_or_through_throughput,,0.5,False,True
4985,trades,1784012401054,True,True,edge_gate_block,fair_mid_source_stale,0.000677,0.5,False,False
4986,l2Book,1784012401928,False,False,not_evaluated,missing_same_side_strict_through_support;missing_touch_freshness_or_queue_reset_evidence;missing_recent_same_side_at_or_through_throughput,,0.5,False,True
4987,trades,1784012402064,False,False,not_evaluated,missing_same_side_strict_through_support;missing_touch_freshness_or_queue_reset_evidence,,0.5,False,True
4988,trades,1784012402337,False,False,not_evaluated,missing_same_side_strict_through_support,,0.5,False,True
4989,l2Book,1784012402472,False,False,not_evaluated,missing_same_side_strict_through_support,,0.5,False,True
4990,trades,1784012402651,False,False,not_evaluated,missing_same_side_strict_through_support,,0.5,False,True
4991,trades,1784012402944,True,True,edge_gate_block,fair_mid_source_stale,0.000653,0.5,False,False
4992,l2Book,1784012403551,False,False,not_evaluated,missing_same_side_strict_through_support,,0.5,False,True
4993,trades,1784012403958,True,True,edge_gate_block,edge_below_required_buffer,0.000637,0.5,False,False
4994,l2Book,1784012404660,False,False,not_evaluated,missing_same_side_strict_through_support,,0.5,False,True
4995,trades,1784012404927,False,False,not_evaluated,missing_same_side_strict_through_support,,0.5,False,True
4996,l2Book,1784012405206,False,False,not_evaluated,missing_same_side_strict_through_support,,0.5,False,True
