event_sequence,source_channel,source_event_exchange_time_ms,fresh_touch_allowed,trigger_found,guard_status,guard_reason,event_to_guard_start_seconds,target_event_to_guard_seconds,live_window_called,private_or_order_endpoint_called_before_trigger
1,l2Book,1784188297180,False,False,not_evaluated,missing_same_side_strict_through_support;missing_touch_freshness_or_queue_reset_evidence;missing_recent_same_side_at_or_through_throughput,,0.5,False,False
2,trades,1784188297180,False,False,not_evaluated,missing_touch_freshness_or_queue_reset_evidence,,0.5,False,False
3,l2Book,1784188297647,False,False,not_evaluated,outside_quality_a_b_queue_bands,,0.5,False,False
4,l2Book,1784188298170,False,False,not_evaluated,outside_quality_a_b_queue_bands,,0.5,False,False
5,l2Book,1784188298697,False,False,not_evaluated,outside_quality_a_b_queue_bands,,0.5,False,False
6,trades,1784188298893,False,False,not_evaluated,outside_quality_a_b_queue_bands,,0.5,False,False
7,l2Book,1784188299322,False,False,not_evaluated,outside_quality_a_b_queue_bands,,0.5,False,False
8,l2Book,1784188299849,False,False,not_evaluated,missing_same_side_strict_through_support;missing_recent_same_side_at_or_through_throughput,,0.5,False,False
9,trades,1784188300125,False,False,not_evaluated,missing_same_side_strict_through_support,,0.5,False,False
10,l2Book,1784188300364,False,False,not_evaluated,missing_same_side_strict_through_support,,0.5,False,False
11,trades,1784188300809,False,False,not_evaluated,missing_same_side_strict_through_support,,0.5,False,False
12,l2Book,1784188300941,False,False,not_evaluated,missing_same_side_strict_through_support,,0.5,False,False
13,trades,1784188301009,False,False,not_evaluated,missing_same_side_strict_through_support,,0.5,False,False
14,l2Book,1784188301545,False,False,not_evaluated,missing_same_side_strict_through_support,,0.5,False,False
15,trades,1784188301813,False,False,not_evaluated,missing_same_side_strict_through_support,,0.5,False,False
16,trades,1784188301948,False,False,not_evaluated,missing_same_side_strict_through_support,,0.5,False,False
17,l2Book,1784188302147,False,False,not_evaluated,missing_same_side_strict_through_support,,0.5,False,False
18,trades,1784188302147,False,False,not_evaluated,missing_same_side_strict_through_support,,0.5,False,False
19,l2Book,1784188302681,False,False,not_evaluated,missing_same_side_strict_through_support,,0.5,False,False
20,l2Book,1784188303225,False,False,not_evaluated,missing_same_side_strict_through_support,,0.5,False,False
21,l2Book,1784188303763,False,False,not_evaluated,missing_same_side_strict_through_support,,0.5,False,False
22,l2Book,1784188304285,False,False,not_evaluated,missing_same_side_strict_through_support,,0.5,False,False
23,trades,1784188304499,False,False,not_evaluated,missing_same_side_strict_through_support,,0.5,False,False
24,l2Book,1784188304836,False,False,not_evaluated,missing_same_side_strict_through_support,,0.5,False,False
25,l2Book,1784188305365,False,False,not_evaluated,missing_same_side_strict_through_support,,0.5,False,False
26,trades,1784188305511,False,False,not_evaluated,missing_same_side_strict_through_support,,0.5,False,False
27,l2Book,1784188305999,False,False,not_evaluated,missing_same_side_strict_through_support,,0.5,False,False
28,trades,1784188306406,True,True,edge_gate_block,edge_below_required_buffer,0.000389,0.5,False,False
29,trades,1784188306521,False,False,not_evaluated,missing_same_side_strict_through_support;missing_touch_freshness_or_queue_reset_evidence,,0.5,False,True
30,l2Book,1784188307072,False,False,not_evaluated,missing_touch_freshness_or_queue_reset_evidence,,0.5,False,True
31,l2Book,1784188307615,False,False,not_evaluated,outside_quality_a_b_queue_bands,,0.5,False,True
32,trades,1784188308086,False,False,not_evaluated,outside_quality_a_b_queue_bands,,0.5,False,True
33,l2Book,1784188308140,False,False,not_evaluated,outside_quality_a_b_queue_bands,,0.5,False,True
34,trades,1784188308222,False,False,not_evaluated,outside_quality_a_b_queue_bands,,0.5,False,True
35,trades,1784188308490,False,False,not_evaluated,outside_quality_a_b_queue_bands,,0.5,False,True
36,l2Book,1784188308693,False,False,not_evaluated,missing_touch_freshness_or_queue_reset_evidence,,0.5,False,True
37,trades,1784188309028,False,False,not_evaluated,outside_quality_a_b_queue_bands,,0.5,False,True
38,l2Book,1784188309229,False,False,not_evaluated,missing_touch_freshness_or_queue_reset_evidence,,0.5,False,True
39,l2Book,1784188309756,False,False,not_evaluated,outside_quality_a_b_queue_bands,,0.5,False,True
40,l2Book,1784188310304,False,False,not_evaluated,missing_touch_freshness_or_queue_reset_evidence,,0.5,False,True
41,l2Book,1784188310919,False,False,not_evaluated,missing_touch_freshness_or_queue_reset_evidence,,0.5,False,True
42,trades,1784188311037,False,False,not_evaluated,missing_touch_freshness_or_queue_reset_evidence,,0.5,False,True
43,trades,1784188311093,False,False,not_evaluated,missing_touch_freshness_or_queue_reset_evidence,,0.5,False,True
44,l2Book,1784188311456,False,False,not_evaluated,missing_touch_freshness_or_queue_reset_evidence,,0.5,False,True
45,trades,1784188311456,False,False,not_evaluated,missing_touch_freshness_or_queue_reset_evidence,,0.5,False,True
46,l2Book,1784188312042,False,False,not_evaluated,outside_quality_a_b_queue_bands,,0.5,False,True
47,trades,1784188312042,False,False,not_evaluated,outside_quality_a_b_queue_bands,,0.5,False,True
48,l2Book,1784188312558,False,False,not_evaluated,outside_quality_a_b_queue_bands,,0.5,False,True
49,l2Book,1784188313090,False,False,not_evaluated,outside_quality_a_b_queue_bands,,0.5,False,True
50,l2Book,1784188313623,False,False,not_evaluated,outside_quality_a_b_queue_bands,,0.5,False,True
51,trades,1784188313764,False,False,not_evaluated,outside_quality_a_b_queue_bands,,0.5,False,True
52,l2Book,1784188314167,False,False,not_evaluated,outside_quality_a_b_queue_bands,,0.5,False,True
53,trades,1784188314505,False,False,not_evaluated,missing_same_side_strict_through_support,,0.5,False,True
54,l2Book,1784188314702,False,False,not_evaluated,missing_same_side_strict_through_support,,0.5,False,True
55,trades,1784188314773,False,False,not_evaluated,missing_same_side_strict_through_support,,0.5,False,True
56,trades,1784188315039,False,False,not_evaluated,missing_same_side_strict_through_support,,0.5,False,True
57,l2Book,1784188315241,False,False,not_evaluated,missing_same_side_strict_through_support,,0.5,False,True
58,trades,1784188315445,False,False,not_evaluated,missing_same_side_strict_through_support,,0.5,False,True
59,trades,1784188315718,False,False,not_evaluated,missing_same_side_strict_through_support,,0.5,False,True
60,l2Book,1784188315778,False,False,not_evaluated,missing_touch_freshness_or_queue_reset_evidence,,0.5,False,True
61,l2Book,1784188316324,False,False,not_evaluated,missing_touch_freshness_or_queue_reset_evidence,,0.5,False,True
62,l2Book,1784188316859,False,False,not_evaluated,outside_quality_a_b_queue_bands,,0.5,False,True
63,trades,1784188316859,False,False,not_evaluated,outside_quality_a_b_queue_bands,,0.5,False,True
64,l2Book,1784188317389,False,False,not_evaluated,outside_quality_a_b_queue_bands,,0.5,False,True
65,l2Book,1784188317942,False,False,not_evaluated,outside_quality_a_b_queue_bands,,0.5,False,True
66,l2Book,1784188318480,False,False,not_evaluated,missing_same_side_strict_through_support;missing_recent_same_side_at_or_through_throughput,,0.5,False,True
67,trades,1784188318623,False,False,not_evaluated,missing_same_side_strict_through_support,,0.5,False,True
68,l2Book,1784188319024,False,False,not_evaluated,missing_same_side_strict_through_support,,0.5,False,True
69,trades,1784188319024,False,False,not_evaluated,missing_same_side_strict_through_support,,0.5,False,True
70,trades,1784188319155,False,False,not_evaluated,missing_same_side_strict_through_support,,0.5,False,True
71,l2Book,1784188319559,False,False,not_evaluated,missing_same_side_strict_through_support,,0.5,False,True
72,trades,1784188319760,False,False,not_evaluated,missing_same_side_strict_through_support,,0.5,False,True
73,trades,1784188320036,False,False,not_evaluated,missing_same_side_strict_through_support,,0.5,False,True
74,l2Book,1784188320100,False,False,not_evaluated,missing_touch_freshness_or_queue_reset_evidence,,0.5,False,True
75,l2Book,1784188320637,False,False,not_evaluated,missing_touch_freshness_or_queue_reset_evidence,,0.5,False,True
76,trades,1784188320903,False,False,not_evaluated,outside_quality_a_b_queue_bands,,0.5,False,True
77,trades,1784188320973,False,False,not_evaluated,outside_quality_a_b_queue_bands,,0.5,False,True
78,l2Book,1784188321173,False,False,not_evaluated,outside_quality_a_b_queue_bands,,0.5,False,True
79,trades,1784188321306,False,False,not_evaluated,outside_quality_a_b_queue_bands,,0.5,False,True
80,l2Book,1784188321724,False,False,not_evaluated,outside_quality_a_b_queue_bands,,0.5,False,True
81,trades,1784188321724,False,False,not_evaluated,outside_quality_a_b_queue_bands,,0.5,False,True
82,l2Book,1784188322250,False,False,not_evaluated,outside_quality_a_b_queue_bands,,0.5,False,True
83,trades,1784188322595,False,False,not_evaluated,outside_quality_a_b_queue_bands,,0.5,False,True
84,l2Book,1784188322797,False,False,not_evaluated,missing_same_side_strict_through_support;missing_touch_freshness_or_queue_reset_evidence;missing_recent_same_side_at_or_through_throughput,,0.5,False,True
85,trades,1784188323282,True,True,pass,,0.000475,0.5,True,False
86,trades,1784188323349,False,False,not_evaluated,missing_same_side_strict_through_support;missing_touch_freshness_or_queue_reset_evidence;missing_recent_same_side_at_or_through_throughput,,0.5,False,True
87,trades,1784188323540,False,False,not_evaluated,missing_same_side_strict_through_support;missing_touch_freshness_or_queue_reset_evidence,,0.5,False,True
88,l2Book,1784188323876,False,False,not_evaluated,missing_same_side_strict_through_support;missing_touch_freshness_or_queue_reset_evidence;missing_recent_same_side_at_or_through_throughput,,0.5,False,True
89,trades,1784188324077,False,False,not_evaluated,missing_same_side_strict_through_support;missing_touch_freshness_or_queue_reset_evidence;missing_recent_same_side_at_or_through_throughput,,0.5,False,True
90,trades,1784188324150,False,False,not_evaluated,missing_same_side_strict_through_support,,0.5,False,True
91,trades,1784188324282,True,True,anti_drift_block,adverse_trade_pressure_with_recent_adverse_bbo,0.000263,0.5,False,True
92,l2Book,1784188324418,False,False,not_evaluated,missing_same_side_strict_through_support;missing_touch_freshness_or_queue_reset_evidence,,0.5,False,True
93,trades,1784188324418,False,False,not_evaluated,missing_same_side_strict_through_support;missing_touch_freshness_or_queue_reset_evidence,,0.5,False,True
94,l2Book,1784188324974,False,False,not_evaluated,missing_same_side_strict_through_support,,0.5,False,True
95,l2Book,1784188325520,False,False,not_evaluated,missing_same_side_strict_through_support,,0.5,False,True
96,trades,1784188325887,False,False,not_evaluated,missing_same_side_strict_through_support,,0.5,False,True
97,l2Book,1784188326088,False,False,not_evaluated,missing_same_side_strict_through_support,,0.5,False,True
98,trades,1784188326392,False,False,not_evaluated,missing_same_side_strict_through_support,,0.5,False,True
99,l2Book,1784188326595,False,False,not_evaluated,missing_same_side_strict_through_support,,0.5,False,True
100,trades,1784188326871,False,False,not_evaluated,missing_same_side_strict_through_support,,0.5,False,True
101,trades,1784188326936,False,False,not_evaluated,missing_same_side_strict_through_support,,0.5,False,True
102,l2Book,1784188327137,False,False,not_evaluated,missing_same_side_strict_through_support,,0.5,False,True
103,trades,1784188327137,False,False,not_evaluated,missing_same_side_strict_through_support,,0.5,False,True
104,l2Book,1784188327686,False,False,not_evaluated,missing_same_side_strict_through_support,,0.5,False,True
105,trades,1784188327955,False,False,not_evaluated,missing_same_side_strict_through_support,,0.5,False,True
106,l2Book,1784188328292,False,False,not_evaluated,missing_same_side_strict_through_support,,0.5,False,True
107,l2Book,1784188328895,False,False,not_evaluated,missing_same_side_strict_through_support,,0.5,False,True
108,trades,1784188329098,False,False,not_evaluated,missing_same_side_strict_through_support,,0.5,False,True
109,l2Book,1784188329430,False,False,not_evaluated,missing_same_side_strict_through_support,,0.5,False,True
110,l2Book,1784188329930,False,False,not_evaluated,missing_same_side_strict_through_support,,0.5,False,True
111,trades,1784188330032,False,False,not_evaluated,missing_same_side_strict_through_support,,0.5,False,True
112,l2Book,1784188330441,False,False,not_evaluated,missing_same_side_strict_through_support,,0.5,False,True
113,l2Book,1784188330949,False,False,not_evaluated,missing_same_side_strict_through_support;missing_touch_freshness_or_queue_reset_evidence;missing_recent_same_side_at_or_through_throughput,,0.5,False,True
114,trades,1784188331042,False,False,not_evaluated,missing_same_side_strict_through_support;missing_touch_freshness_or_queue_reset_evidence,,0.5,False,True
115,trades,1784188331151,False,False,not_evaluated,missing_same_side_strict_through_support;missing_touch_freshness_or_queue_reset_evidence,,0.5,False,True
116,trades,1784188331244,True,True,edge_gate_block,edge_below_required_buffer,0.000529,0.5,False,False
117,l2Book,1784188332046,False,False,not_evaluated,missing_same_side_strict_through_support;missing_recent_same_side_at_or_through_throughput,,0.5,False,True
118,trades,1784188332248,False,False,not_evaluated,missing_same_side_strict_through_support;missing_recent_same_side_at_or_through_throughput,,0.5,False,True
119,trades,1784188332449,False,False,not_evaluated,missing_same_side_strict_through_support,,0.5,False,True
120,l2Book,1784188332569,False,False,not_evaluated,missing_same_side_strict_through_support,,0.5,False,True
121,trades,1784188332917,False,False,not_evaluated,missing_same_side_strict_through_support,,0.5,False,True
122,l2Book,1784188333120,False,False,not_evaluated,missing_same_side_strict_through_support,,0.5,False,True
123,trades,1784188333459,False,False,not_evaluated,missing_same_side_strict_through_support,,0.5,False,True
124,l2Book,1784188333657,False,False,not_evaluated,missing_same_side_strict_through_support,,0.5,False,True
125,l2Book,1784188334264,False,False,not_evaluated,missing_same_side_strict_through_support,,0.5,False,True
126,l2Book,1784188334799,False,False,not_evaluated,missing_same_side_strict_through_support,,0.5,False,True
127,trades,1784188334866,False,False,not_evaluated,missing_same_side_strict_through_support,,0.5,False,True
128,l2Book,1784188335336,False,False,not_evaluated,missing_same_side_strict_through_support,,0.5,False,True
129,l2Book,1784188335869,False,False,not_evaluated,missing_same_side_strict_through_support,,0.5,False,True
130,l2Book,1784188336378,False,False,not_evaluated,missing_same_side_strict_through_support,,0.5,False,True
131,trades,1784188336808,False,False,not_evaluated,missing_same_side_strict_through_support,,0.5,False,True
132,l2Book,1784188336925,False,False,not_evaluated,missing_same_side_strict_through_support,,0.5,False,True
133,l2Book,1784188337470,False,False,not_evaluated,missing_same_side_strict_through_support,,0.5,False,True
134,l2Book,1784188338016,False,False,not_evaluated,missing_same_side_strict_through_support;missing_recent_same_side_at_or_through_throughput,,0.5,False,True
135,l2Book,1784188338562,False,False,not_evaluated,missing_same_side_strict_through_support;missing_recent_same_side_at_or_through_throughput,,0.5,False,True
136,trades,1784188339031,False,False,not_evaluated,missing_same_side_strict_through_support,,0.5,False,True
137,l2Book,1784188339097,False,False,not_evaluated,missing_touch_freshness_or_queue_reset_evidence,,0.5,False,True
138,trades,1784188339097,False,False,not_evaluated,missing_touch_freshness_or_queue_reset_evidence,,0.5,False,True
139,l2Book,1784188339641,False,False,not_evaluated,missing_touch_freshness_or_queue_reset_evidence,,0.5,False,True
140,trades,1784188339704,False,False,not_evaluated,missing_touch_freshness_or_queue_reset_evidence,,0.5,False,True
141,l2Book,1784188340164,False,False,not_evaluated,missing_touch_freshness_or_queue_reset_evidence,,0.5,False,True
142,trades,1784188340455,False,False,not_evaluated,outside_quality_a_b_queue_bands,,0.5,False,True
143,trades,1784188340518,False,False,not_evaluated,outside_quality_a_b_queue_bands,,0.5,False,True
144,l2Book,1784188340724,False,False,not_evaluated,missing_touch_freshness_or_queue_reset_evidence,,0.5,False,True
145,trades,1784188341056,False,False,not_evaluated,outside_quality_a_b_queue_bands,,0.5,False,True
146,l2Book,1784188341257,False,False,not_evaluated,outside_quality_a_b_queue_bands,,0.5,False,True
147,l2Book,1784188341784,False,False,not_evaluated,outside_quality_a_b_queue_bands,,0.5,False,True
148,l2Book,1784188342326,False,False,not_evaluated,outside_quality_a_b_queue_bands,,0.5,False,True
149,trades,1784188342464,False,False,not_evaluated,outside_quality_a_b_queue_bands,,0.5,False,True
150,l2Book,1784188342865,False,False,not_evaluated,outside_quality_a_b_queue_bands,,0.5,False,True
151,trades,1784188342865,False,False,not_evaluated,outside_quality_a_b_queue_bands,,0.5,False,True
152,l2Book,1784188343403,False,False,not_evaluated,outside_quality_a_b_queue_bands,,0.5,False,True
153,trades,1784188343492,False,False,not_evaluated,missing_same_side_strict_through_support,,0.5,False,True
154,trades,1784188343691,False,False,not_evaluated,missing_same_side_strict_through_support,,0.5,False,True
155,l2Book,1784188343960,False,False,not_evaluated,missing_same_side_strict_through_support,,0.5,False,True
156,l2Book,1784188344498,False,False,not_evaluated,missing_same_side_strict_through_support,,0.5,False,True
157,l2Book,1784188345112,False,False,not_evaluated,missing_same_side_strict_through_support;missing_touch_freshness_or_queue_reset_evidence;missing_recent_same_side_at_or_through_throughput,,0.5,False,True
158,trades,1784188345112,False,False,not_evaluated,missing_same_side_strict_through_support;missing_touch_freshness_or_queue_reset_evidence,,0.5,False,True
159,trades,1784188345181,False,False,not_evaluated,missing_same_side_strict_through_support;missing_touch_freshness_or_queue_reset_evidence,,0.5,False,True
160,l2Book,1784188345647,False,False,not_evaluated,missing_same_side_strict_through_support;missing_touch_freshness_or_queue_reset_evidence;missing_recent_same_side_at_or_through_throughput,,0.5,False,True
161,trades,1784188345983,False,False,not_evaluated,missing_same_side_strict_through_support,,0.5,False,True
162,l2Book,1784188346183,False,False,not_evaluated,missing_same_side_strict_through_support;missing_touch_freshness_or_queue_reset_evidence,,0.5,False,True
163,trades,1784188346354,False,False,not_evaluated,missing_same_side_strict_through_support;missing_touch_freshness_or_queue_reset_evidence,,0.5,False,True
164,l2Book,1784188346718,False,False,not_evaluated,missing_same_side_strict_through_support,,0.5,False,True
165,trades,1784188346718,False,False,not_evaluated,missing_same_side_strict_through_support,,0.5,False,True
166,trades,1784188346784,False,False,not_evaluated,missing_same_side_strict_through_support,,0.5,False,True
167,trades,1784188347118,False,False,not_evaluated,missing_same_side_strict_through_support,,0.5,False,True
168,trades,1784188347189,False,False,not_evaluated,missing_same_side_strict_through_support,,0.5,False,True
169,l2Book,1784188347324,False,False,not_evaluated,missing_same_side_strict_through_support,,0.5,False,True
170,trades,1784188347532,False,False,not_evaluated,missing_same_side_strict_through_support,,0.5,False,True
171,trades,1784188347797,False,False,not_evaluated,missing_same_side_strict_through_support,,0.5,False,True
172,l2Book,1784188347911,False,False,not_evaluated,missing_touch_freshness_or_queue_reset_evidence,,0.5,False,True
173,trades,1784188348333,False,False,not_evaluated,outside_quality_a_b_queue_bands,,0.5,False,True
174,l2Book,1784188348537,False,False,not_evaluated,outside_quality_a_b_queue_bands,,0.5,False,True
175,trades,1784188349003,False,False,not_evaluated,outside_quality_a_b_queue_bands,,0.5,False,True
176,l2Book,1784188349068,False,False,not_evaluated,outside_quality_a_b_queue_bands,,0.5,False,True
177,l2Book,1784188349603,False,False,not_evaluated,outside_quality_a_b_queue_bands,,0.5,False,True
178,trades,1784188349938,False,False,not_evaluated,outside_quality_a_b_queue_bands,,0.5,False,True
179,l2Book,1784188350138,False,False,not_evaluated,outside_quality_a_b_queue_bands,,0.5,False,True
180,trades,1784188350138,False,False,not_evaluated,outside_quality_a_b_queue_bands,,0.5,False,True
181,l2Book,1784188350683,False,False,not_evaluated,missing_same_side_strict_through_support,,0.5,False,True
182,l2Book,1784188351220,False,False,not_evaluated,missing_same_side_strict_through_support,,0.5,False,True
183,l2Book,1784188351767,False,False,not_evaluated,missing_same_side_strict_through_support,,0.5,False,True
184,trades,1784188352041,False,False,not_evaluated,missing_same_side_strict_through_support,,0.5,False,True
185,l2Book,1784188352308,False,False,not_evaluated,missing_same_side_strict_through_support,,0.5,False,True
186,l2Book,1784188352845,False,False,not_evaluated,missing_same_side_strict_through_support,,0.5,False,True
187,trades,1784188352914,False,False,not_evaluated,missing_same_side_strict_through_support,,0.5,False,True
188,trades,1784188353247,False,False,not_evaluated,missing_same_side_strict_through_support,,0.5,False,True
189,l2Book,1784188353387,False,False,not_evaluated,missing_same_side_strict_through_support,,0.5,False,True
190,trades,1784188353656,False,False,not_evaluated,missing_same_side_strict_through_support,,0.5,False,True
191,trades,1784188353857,False,False,not_evaluated,missing_same_side_strict_through_support,,0.5,False,True
192,l2Book,1784188353985,False,False,not_evaluated,missing_same_side_strict_through_support,,0.5,False,True
193,trades,1784188354059,False,False,not_evaluated,missing_same_side_strict_through_support,,0.5,False,True
194,trades,1784188354126,False,False,not_evaluated,missing_same_side_strict_through_support,,0.5,False,True
195,trades,1784188354470,False,False,not_evaluated,missing_same_side_strict_through_support,,0.5,False,True
196,l2Book,1784188354536,False,False,not_evaluated,missing_same_side_strict_through_support,,0.5,False,True
197,trades,1784188354801,False,False,not_evaluated,missing_same_side_strict_through_support,,0.5,False,True
198,l2Book,1784188355071,False,False,not_evaluated,missing_same_side_strict_through_support,,0.5,False,True
199,trades,1784188355138,False,False,not_evaluated,missing_same_side_strict_through_support,,0.5,False,True
200,trades,1784188355271,False,False,not_evaluated,missing_same_side_strict_through_support,,0.5,False,True
201,l2Book,1784188355604,False,False,not_evaluated,missing_same_side_strict_through_support,,0.5,False,True
202,trades,1784188355875,False,False,not_evaluated,missing_same_side_strict_through_support,,0.5,False,True
203,trades,1784188356078,False,False,not_evaluated,missing_same_side_strict_through_support,,0.5,False,True
204,l2Book,1784188356139,False,False,not_evaluated,missing_same_side_strict_through_support;missing_touch_freshness_or_queue_reset_evidence;missing_recent_same_side_at_or_through_throughput,,0.5,False,True
205,l2Book,1784188356680,False,False,not_evaluated,missing_same_side_strict_through_support;missing_recent_same_side_at_or_through_throughput,,0.5,False,True
206,trades,1784188356945,False,False,not_evaluated,missing_same_side_strict_through_support;missing_recent_same_side_at_or_through_throughput,,0.5,False,True
207,l2Book,1784188357213,False,False,not_evaluated,missing_same_side_strict_through_support;missing_recent_same_side_at_or_through_throughput,,0.5,False,True
208,trades,1784188357486,False,False,not_evaluated,missing_same_side_strict_through_support;missing_recent_same_side_at_or_through_throughput,,0.5,False,True
209,trades,1784188357686,False,False,not_evaluated,missing_same_side_strict_through_support,,0.5,False,True
210,l2Book,1784188357754,False,False,not_evaluated,missing_same_side_strict_through_support,,0.5,False,True
211,l2Book,1784188358281,False,False,not_evaluated,missing_same_side_strict_through_support,,0.5,False,True
212,trades,1784188358560,False,False,not_evaluated,missing_same_side_strict_through_support,,0.5,False,True
213,l2Book,1784188358822,False,False,not_evaluated,missing_same_side_strict_through_support;missing_touch_freshness_or_queue_reset_evidence;missing_recent_same_side_at_or_through_throughput,,0.5,False,True
214,l2Book,1784188359366,False,False,not_evaluated,missing_same_side_strict_through_support;missing_touch_freshness_or_queue_reset_evidence;missing_recent_same_side_at_or_through_throughput,,0.5,False,True
215,l2Book,1784188359899,False,False,not_evaluated,missing_same_side_strict_through_support;missing_recent_same_side_at_or_through_throughput,,0.5,False,True
216,trades,1784188360029,False,False,not_evaluated,missing_same_side_strict_through_support,,0.5,False,True
217,l2Book,1784188360430,False,False,not_evaluated,missing_same_side_strict_through_support,,0.5,False,True
218,trades,1784188360569,False,False,not_evaluated,missing_same_side_strict_through_support,,0.5,False,True
219,l2Book,1784188360964,False,False,not_evaluated,missing_same_side_strict_through_support,,0.5,False,True
220,trades,1784188361036,False,False,not_evaluated,missing_same_side_strict_through_support,,0.5,False,True
221,l2Book,1784188361510,False,False,not_evaluated,missing_same_side_strict_through_support,,0.5,False,True
222,l2Book,1784188362041,False,False,not_evaluated,missing_same_side_strict_through_support,,0.5,False,True
223,l2Book,1784188362581,False,False,not_evaluated,missing_same_side_strict_through_support,,0.5,False,True
224,l2Book,1784188363121,False,False,not_evaluated,missing_same_side_strict_through_support,,0.5,False,True
225,l2Book,1784188363641,False,False,not_evaluated,missing_same_side_strict_through_support,,0.5,False,True
226,l2Book,1784188364190,False,False,not_evaluated,missing_same_side_strict_through_support;missing_recent_same_side_at_or_through_throughput,,0.5,False,True
227,trades,1784188364656,False,False,not_evaluated,missing_same_side_strict_through_support;missing_recent_same_side_at_or_through_throughput,,0.5,False,True
228,l2Book,1784188364726,False,False,not_evaluated,missing_same_side_strict_through_support;missing_recent_same_side_at_or_through_throughput,,0.5,False,True
229,l2Book,1784188365260,False,False,not_evaluated,missing_same_side_strict_through_support;missing_recent_same_side_at_or_through_throughput,,0.5,False,True
230,l2Book,1784188365807,False,False,not_evaluated,missing_same_side_strict_through_support;missing_recent_same_side_at_or_through_throughput,,0.5,False,True
231,trades,1784188366144,False,False,not_evaluated,missing_same_side_strict_through_support;missing_recent_same_side_at_or_through_throughput,,0.5,False,True
232,l2Book,1784188366344,False,False,not_evaluated,missing_same_side_strict_through_support;missing_recent_same_side_at_or_through_throughput,,0.5,False,True
233,l2Book,1784188366867,False,False,not_evaluated,missing_same_side_strict_through_support;missing_recent_same_side_at_or_through_throughput,,0.5,False,True
234,l2Book,1784188367420,False,False,not_evaluated,missing_same_side_strict_through_support;missing_recent_same_side_at_or_through_throughput,,0.5,False,True
235,l2Book,1784188367962,False,False,not_evaluated,missing_same_side_strict_through_support;missing_recent_same_side_at_or_through_throughput,,0.5,False,True
236,trades,1784188368076,False,False,not_evaluated,missing_same_side_strict_through_support;missing_recent_same_side_at_or_through_throughput,,0.5,False,True
237,l2Book,1784188368498,False,False,not_evaluated,missing_same_side_strict_through_support;missing_recent_same_side_at_or_through_throughput,,0.5,False,True
238,l2Book,1784188369038,False,False,not_evaluated,missing_same_side_strict_through_support;missing_recent_same_side_at_or_through_throughput,,0.5,False,True
239,trades,1784188369038,False,False,not_evaluated,missing_same_side_strict_through_support,,0.5,False,True
240,trades,1784188369303,False,False,not_evaluated,missing_same_side_strict_through_support,,0.5,False,True
241,l2Book,1784188369570,False,False,not_evaluated,missing_same_side_strict_through_support,,0.5,False,True
242,l2Book,1784188370085,False,False,not_evaluated,missing_same_side_strict_through_support,,0.5,False,True
243,trades,1784188370176,False,False,not_evaluated,missing_same_side_strict_through_support,,0.5,False,True
244,l2Book,1784188370645,False,False,not_evaluated,missing_same_side_strict_through_support,,0.5,False,True
245,trades,1784188371048,False,False,not_evaluated,missing_same_side_strict_through_support,,0.5,False,True
246,l2Book,1784188371182,False,False,not_evaluated,missing_same_side_strict_through_support,,0.5,False,True
247,l2Book,1784188371694,False,False,not_evaluated,missing_same_side_strict_through_support,,0.5,False,True
248,l2Book,1784188372297,False,False,not_evaluated,missing_same_side_strict_through_support;missing_recent_same_side_at_or_through_throughput,,0.5,False,True
249,l2Book,1784188372901,False,False,not_evaluated,missing_same_side_strict_through_support;missing_recent_same_side_at_or_through_throughput,,0.5,False,True
250,l2Book,1784188373457,False,False,not_evaluated,missing_same_side_strict_through_support;missing_recent_same_side_at_or_through_throughput,,0.5,False,True
251,l2Book,1784188374006,False,False,not_evaluated,missing_same_side_strict_through_support;missing_touch_freshness_or_queue_reset_evidence;missing_recent_same_side_at_or_through_throughput,,0.5,False,True
252,trades,1784188374006,False,False,not_evaluated,missing_same_side_strict_through_support;missing_touch_freshness_or_queue_reset_evidence;missing_recent_same_side_at_or_through_throughput,,0.5,False,True
253,trades,1784188374200,False,False,not_evaluated,missing_same_side_strict_through_support;missing_touch_freshness_or_queue_reset_evidence;missing_recent_same_side_at_or_through_throughput,,0.5,False,True
254,l2Book,1784188374542,False,False,not_evaluated,missing_same_side_strict_through_support;missing_touch_freshness_or_queue_reset_evidence;missing_recent_same_side_at_or_through_throughput,,0.5,False,True
255,l2Book,1784188375138,False,False,not_evaluated,missing_same_side_strict_through_support;missing_touch_freshness_or_queue_reset_evidence;missing_recent_same_side_at_or_through_throughput,,0.5,False,True
256,trades,1784188375070,False,False,not_evaluated,missing_same_side_strict_through_support;missing_touch_freshness_or_queue_reset_evidence;missing_recent_same_side_at_or_through_throughput,,0.5,False,True
257,trades,1784188375138,False,False,not_evaluated,missing_same_side_strict_through_support;missing_touch_freshness_or_queue_reset_evidence,,0.5,False,True
258,l2Book,1784188375630,False,False,not_evaluated,missing_same_side_strict_through_support,,0.5,False,True
259,trades,1784188375832,False,False,not_evaluated,missing_same_side_strict_through_support,,0.5,False,True
260,trades,1784188376033,False,False,not_evaluated,missing_same_side_strict_through_support,,0.5,False,True
261,l2Book,1784188376168,False,False,not_evaluated,missing_same_side_strict_through_support,,0.5,False,True
262,trades,1784188376168,False,False,not_evaluated,missing_same_side_strict_through_support,,0.5,False,True
263,l2Book,1784188376696,False,False,not_evaluated,missing_same_side_strict_through_support,,0.5,False,True
264,l2Book,1784188377241,False,False,not_evaluated,missing_same_side_strict_through_support,,0.5,False,True
265,l2Book,1784188377780,False,False,not_evaluated,missing_same_side_strict_through_support,,0.5,False,True
266,trades,1784188377979,False,False,not_evaluated,missing_same_side_strict_through_support,,0.5,False,True
267,l2Book,1784188378300,False,False,not_evaluated,missing_same_side_strict_through_support,,0.5,False,True
268,trades,1784188378381,False,False,not_evaluated,missing_same_side_strict_through_support,,0.5,False,True
269,trades,1784188378584,False,False,not_evaluated,missing_same_side_strict_through_support,,0.5,False,True
270,l2Book,1784188378853,False,False,not_evaluated,missing_same_side_strict_through_support,,0.5,False,True
271,trades,1784188378983,False,False,not_evaluated,missing_same_side_strict_through_support,,0.5,False,True
272,trades,1784188379053,False,False,not_evaluated,missing_same_side_strict_through_support,,0.5,False,True
273,l2Book,1784188379387,False,False,not_evaluated,missing_same_side_strict_through_support,,0.5,False,True
274,l2Book,1784188379993,False,False,not_evaluated,missing_same_side_strict_through_support,,0.5,False,True
275,trades,1784188380059,False,False,not_evaluated,missing_same_side_strict_through_support,,0.5,False,True
276,l2Book,1784188380524,False,False,not_evaluated,missing_same_side_strict_through_support,,0.5,False,True
277,trades,1784188381002,False,False,not_evaluated,missing_same_side_strict_through_support,,0.5,False,True
278,l2Book,1784188381071,False,False,not_evaluated,missing_same_side_strict_through_support,,0.5,False,True
279,l2Book,1784188381609,False,False,not_evaluated,missing_same_side_strict_through_support,,0.5,False,True
280,l2Book,1784188382139,False,False,not_evaluated,missing_same_side_strict_through_support;missing_recent_same_side_at_or_through_throughput,,0.5,False,True
281,trades,1784188382627,False,False,not_evaluated,outside_quality_a_b_queue_bands,,0.5,False,True
282,l2Book,1784188382694,False,False,not_evaluated,missing_same_side_strict_through_support;missing_touch_freshness_or_queue_reset_evidence;missing_recent_same_side_at_or_through_throughput,,0.5,False,True
283,trades,1784188382895,False,False,not_evaluated,missing_same_side_strict_through_support;missing_touch_freshness_or_queue_reset_evidence,,0.5,False,True
284,l2Book,1784188383233,False,False,not_evaluated,missing_same_side_strict_through_support;missing_touch_freshness_or_queue_reset_evidence;missing_recent_same_side_at_or_through_throughput,,0.5,False,True
285,trades,1784188383233,False,False,not_evaluated,missing_same_side_strict_through_support;missing_touch_freshness_or_queue_reset_evidence;missing_recent_same_side_at_or_through_throughput,,0.5,False,True
286,trades,1784188383518,False,False,not_evaluated,missing_same_side_strict_through_support,,0.5,False,True
287,trades,1784188383649,False,False,not_evaluated,missing_same_side_strict_through_support,,0.5,False,True
288,l2Book,1784188383778,False,False,not_evaluated,missing_same_side_strict_through_support,,0.5,False,True
289,trades,1784188383854,False,False,not_evaluated,missing_same_side_strict_through_support,,0.5,False,True
290,trades,1784188384054,False,False,not_evaluated,missing_same_side_strict_through_support,,0.5,False,True
291,l2Book,1784188384322,False,False,not_evaluated,missing_same_side_strict_through_support,,0.5,False,True
292,trades,1784188384525,False,False,not_evaluated,missing_same_side_strict_through_support,,0.5,False,True
293,trades,1784188384658,False,False,not_evaluated,missing_same_side_strict_through_support,,0.5,False,True
294,l2Book,1784188384857,False,False,not_evaluated,missing_same_side_strict_through_support,,0.5,False,True
295,l2Book,1784188385375,False,False,not_evaluated,missing_same_side_strict_through_support,,0.5,False,True
296,l2Book,1784188385931,False,False,not_evaluated,missing_same_side_strict_through_support,,0.5,False,True
297,trades,1784188386267,False,False,not_evaluated,missing_same_side_strict_through_support,,0.5,False,True
298,l2Book,1784188386461,False,False,not_evaluated,missing_same_side_strict_through_support,,0.5,False,True
299,l2Book,1784188387001,False,False,not_evaluated,missing_same_side_strict_through_support,,0.5,False,True
300,l2Book,1784188387549,False,False,not_evaluated,missing_same_side_strict_through_support,,0.5,False,True
301,l2Book,1784188388083,False,False,not_evaluated,missing_same_side_strict_through_support,,0.5,False,True
302,l2Book,1784188388620,False,False,not_evaluated,missing_same_side_strict_through_support,,0.5,False,True
303,l2Book,1784188389159,False,False,not_evaluated,missing_same_side_strict_through_support,,0.5,False,True
304,l2Book,1784188389700,False,False,not_evaluated,missing_same_side_strict_through_support;missing_recent_same_side_at_or_through_throughput,,0.5,False,True
305,trades,1784188390029,False,False,not_evaluated,missing_same_side_strict_through_support,,0.5,False,True
306,l2Book,1784188390236,False,False,not_evaluated,missing_same_side_strict_through_support,,0.5,False,True
307,trades,1784188390639,False,False,not_evaluated,missing_same_side_strict_through_support,,0.5,False,True
308,l2Book,1784188390771,False,False,not_evaluated,missing_same_side_strict_through_support,,0.5,False,True
309,trades,1784188391035,False,False,not_evaluated,missing_same_side_strict_through_support,,0.5,False,True
310,trades,1784188391105,False,False,not_evaluated,missing_same_side_strict_through_support,,0.5,False,True
311,l2Book,1784188391310,False,False,not_evaluated,missing_same_side_strict_through_support,,0.5,False,True
312,l2Book,1784188391811,False,False,not_evaluated,missing_same_side_strict_through_support,,0.5,False,True
313,trades,1784188391862,False,False,not_evaluated,missing_same_side_strict_through_support,,0.5,False,True
314,l2Book,1784188392319,False,False,not_evaluated,missing_same_side_strict_through_support,,0.5,False,True
315,l2Book,1784188392861,False,False,not_evaluated,missing_same_side_strict_through_support,,0.5,False,True
316,l2Book,1784188393397,False,False,not_evaluated,missing_same_side_strict_through_support,,0.5,False,True
317,l2Book,1784188393934,False,False,not_evaluated,missing_same_side_strict_through_support,,0.5,False,True
318,l2Book,1784188394465,False,False,not_evaluated,missing_same_side_strict_through_support,,0.5,False,True
319,trades,1784188394872,False,False,not_evaluated,missing_same_side_strict_through_support;missing_recent_same_side_at_or_through_throughput,,0.5,False,True
320,trades,1784188394938,False,False,not_evaluated,missing_same_side_strict_through_support,,0.5,False,True
321,l2Book,1784188394988,False,False,not_evaluated,missing_same_side_strict_through_support,,0.5,False,True
322,trades,1784188395075,False,False,not_evaluated,missing_same_side_strict_through_support,,0.5,False,True
323,l2Book,1784188395547,False,False,not_evaluated,missing_same_side_strict_through_support;missing_touch_freshness_or_queue_reset_evidence;missing_recent_same_side_at_or_through_throughput,,0.5,False,True
324,trades,1784188395765,False,False,not_evaluated,missing_touch_freshness_or_queue_reset_evidence,,0.5,False,True
325,trades,1784188395818,False,False,not_evaluated,outside_quality_a_b_queue_bands,,0.5,False,True
326,trades,1784188395894,False,False,not_evaluated,outside_quality_a_b_queue_bands,,0.5,False,True
327,trades,1784188395954,False,False,not_evaluated,outside_quality_a_b_queue_bands,,0.5,False,True
328,l2Book,1784188396068,False,False,not_evaluated,missing_same_side_strict_through_support;missing_touch_freshness_or_queue_reset_evidence;missing_recent_same_side_at_or_through_throughput,,0.5,False,True
329,trades,1784188396068,False,False,not_evaluated,missing_same_side_strict_through_support;missing_touch_freshness_or_queue_reset_evidence,,0.5,False,True
330,trades,1784188396176,False,False,not_evaluated,missing_touch_freshness_or_queue_reset_evidence,,0.5,False,True
331,l2Book,1784188396619,False,False,not_evaluated,missing_touch_freshness_or_queue_reset_evidence,,0.5,False,True
332,trades,1784188396619,False,False,not_evaluated,missing_touch_freshness_or_queue_reset_evidence,,0.5,False,True
333,trades,1784188396701,False,False,not_evaluated,missing_touch_freshness_or_queue_reset_evidence,,0.5,False,True
334,trades,1784188396960,True,True,edge_gate_block,edge_below_required_buffer,0.000898,0.5,False,False
335,trades,1784188397422,False,False,not_evaluated,missing_same_side_strict_through_support,,0.5,False,True
336,trades,1784188397487,True,True,fail_closed,outside_quality_a_b_queue_bands;missing_intent_limit_px;missing_or_nonpositive_intent_size;missing_quality_bucket,0.000522,0.5,False,False
337,trades,1784188397689,False,False,not_evaluated,missing_same_side_strict_through_support;missing_touch_freshness_or_queue_reset_evidence,,0.5,False,True
338,trades,1784188398004,False,False,not_evaluated,missing_same_side_strict_through_support,,0.5,False,True
339,trades,1784188398087,False,False,not_evaluated,missing_same_side_strict_through_support,,0.5,False,True
340,l2Book,1784188398223,False,False,not_evaluated,missing_same_side_strict_through_support,,0.5,False,True
341,trades,1784188398223,False,False,not_evaluated,missing_same_side_strict_through_support,,0.5,False,True
342,trades,1784188398291,False,False,not_evaluated,missing_same_side_strict_through_support,,0.5,False,True
343,trades,1784188398548,False,False,not_evaluated,missing_same_side_strict_through_support,,0.5,False,True
344,trades,1784188398608,False,False,not_evaluated,outside_quality_a_b_queue_bands,,0.5,False,True
345,trades,1784188398689,False,False,not_evaluated,outside_quality_a_b_queue_bands,,0.5,False,True
346,l2Book,1784188398757,False,False,not_evaluated,missing_touch_freshness_or_queue_reset_evidence,,0.5,False,True
347,trades,1784188399029,True,True,anti_drift_block,adverse_trade_pressure_with_recent_adverse_bbo,0.000926,0.5,False,True
348,trades,1784188399226,True,True,anti_drift_block,adverse_trade_pressure_with_recent_adverse_bbo,0.000913,0.5,False,True
349,l2Book,1784188399296,False,False,not_evaluated,missing_touch_freshness_or_queue_reset_evidence,,0.5,False,True
350,trades,1784188399296,False,False,not_evaluated,missing_touch_freshness_or_queue_reset_evidence,,0.5,False,True
351,trades,1784188399620,False,False,not_evaluated,outside_quality_a_b_queue_bands,,0.5,False,True
352,l2Book,1784188399829,False,False,not_evaluated,outside_quality_a_b_queue_bands,,0.5,False,True
353,trades,1784188399894,False,False,not_evaluated,outside_quality_a_b_queue_bands,,0.5,False,True
354,trades,1784188400165,False,False,not_evaluated,outside_quality_a_b_queue_bands,,0.5,False,True
355,trades,1784188400231,False,False,not_evaluated,outside_quality_a_b_queue_bands,,0.5,False,True
356,trades,1784188400300,False,False,not_evaluated,outside_quality_a_b_queue_bands,,0.5,False,True
357,l2Book,1784188400375,False,False,not_evaluated,outside_quality_a_b_queue_bands,,0.5,False,True
358,trades,1784188400444,False,False,not_evaluated,outside_quality_a_b_queue_bands,,0.5,False,True
359,trades,1784188400649,False,False,not_evaluated,outside_quality_a_b_queue_bands,,0.5,False,True
360,l2Book,1784188400913,False,False,not_evaluated,outside_quality_a_b_queue_bands,,0.5,False,True
361,trades,1784188400913,False,False,not_evaluated,outside_quality_a_b_queue_bands,,0.5,False,True
362,trades,1784188401048,False,False,not_evaluated,outside_quality_a_b_queue_bands,,0.5,False,True
363,trades,1784188401318,False,False,not_evaluated,outside_quality_a_b_queue_bands,,0.5,False,True
364,l2Book,1784188401461,False,False,not_evaluated,outside_quality_a_b_queue_bands,,0.5,False,True
365,trades,1784188401461,False,False,not_evaluated,outside_quality_a_b_queue_bands,,0.5,False,True
366,trades,1784188401660,False,False,not_evaluated,outside_quality_a_b_queue_bands,,0.5,False,True
367,trades,1784188401798,False,False,not_evaluated,outside_quality_a_b_queue_bands,,0.5,False,True
368,l2Book,1784188402006,False,False,not_evaluated,missing_touch_freshness_or_queue_reset_evidence,,0.5,False,True
369,trades,1784188402006,False,False,not_evaluated,missing_touch_freshness_or_queue_reset_evidence,,0.5,False,True
370,trades,1784188402209,False,False,not_evaluated,missing_touch_freshness_or_queue_reset_evidence,,0.5,False,True
371,trades,1784188402280,False,False,not_evaluated,outside_quality_a_b_queue_bands,,0.5,False,True
372,l2Book,1784188402552,False,False,not_evaluated,outside_quality_a_b_queue_bands,,0.5,False,True
373,trades,1784188402552,False,False,not_evaluated,outside_quality_a_b_queue_bands,,0.5,False,True
374,l2Book,1784188403081,False,False,not_evaluated,outside_quality_a_b_queue_bands,,0.5,False,True
375,trades,1784188403153,False,False,not_evaluated,outside_quality_a_b_queue_bands,,0.5,False,True
376,trades,1784188403358,False,False,not_evaluated,outside_quality_a_b_queue_bands,,0.5,False,True
377,trades,1784188403558,False,False,not_evaluated,outside_quality_a_b_queue_bands,,0.5,False,True
378,l2Book,1784188403625,False,False,not_evaluated,outside_quality_a_b_queue_bands,,0.5,False,True
379,trades,1784188403760,False,False,not_evaluated,outside_quality_a_b_queue_bands,,0.5,False,True
380,l2Book,1784188404160,False,False,not_evaluated,outside_quality_a_b_queue_bands,,0.5,False,True
381,trades,1784188404160,False,False,not_evaluated,outside_quality_a_b_queue_bands,,0.5,False,True
382,trades,1784188404378,False,False,not_evaluated,outside_quality_a_b_queue_bands,,0.5,False,True
383,trades,1784188404565,False,False,not_evaluated,outside_quality_a_b_queue_bands,,0.5,False,True
384,l2Book,1784188404690,False,False,not_evaluated,missing_same_side_strict_through_support;missing_touch_freshness_or_queue_reset_evidence,,0.5,False,True
385,l2Book,1784188405241,False,False,not_evaluated,missing_same_side_strict_through_support,,0.5,False,True
386,trades,1784188405385,False,False,not_evaluated,missing_same_side_strict_through_support,,0.5,False,True
387,trades,1784188405456,False,False,not_evaluated,missing_same_side_strict_through_support,,0.5,False,True
388,l2Book,1784188405783,False,False,not_evaluated,missing_same_side_strict_through_support,,0.5,False,True
389,trades,1784188405990,False,False,not_evaluated,missing_same_side_strict_through_support,,0.5,False,True
390,trades,1784188406054,False,False,not_evaluated,missing_same_side_strict_through_support,,0.5,False,True
391,trades,1784188406256,False,False,not_evaluated,missing_same_side_strict_through_support,,0.5,False,True
392,l2Book,1784188406336,False,False,not_evaluated,missing_same_side_strict_through_support;missing_touch_freshness_or_queue_reset_evidence;missing_recent_same_side_at_or_through_throughput,,0.5,False,True
393,trades,1784188406336,False,False,not_evaluated,missing_same_side_strict_through_support;missing_touch_freshness_or_queue_reset_evidence,,0.5,False,True
394,trades,1784188406660,False,False,not_evaluated,missing_same_side_strict_through_support,,0.5,False,True
395,trades,1784188406735,False,False,not_evaluated,missing_same_side_strict_through_support,,0.5,False,True
396,l2Book,1784188406928,False,False,not_evaluated,missing_same_side_strict_through_support;missing_touch_freshness_or_queue_reset_evidence,,0.5,False,True
397,trades,1784188406866,False,False,not_evaluated,missing_same_side_strict_through_support;missing_touch_freshness_or_queue_reset_evidence,,0.5,False,True
398,trades,1784188407066,False,False,not_evaluated,missing_same_side_strict_through_support;missing_touch_freshness_or_queue_reset_evidence,,0.5,False,True
399,trades,1784188407130,False,False,not_evaluated,missing_same_side_strict_through_support;missing_touch_freshness_or_queue_reset_evidence,,0.5,False,True
400,trades,1784188407328,False,False,not_evaluated,missing_same_side_strict_through_support,,0.5,False,True
401,l2Book,1784188407390,False,False,not_evaluated,missing_same_side_strict_through_support,,0.5,False,True
402,trades,1784188407532,False,False,not_evaluated,missing_same_side_strict_through_support,,0.5,False,True
403,trades,1784188407581,False,False,not_evaluated,missing_same_side_strict_through_support,,0.5,False,True
404,trades,1784188407795,False,False,not_evaluated,missing_same_side_strict_through_support,,0.5,False,True
405,trades,1784188407865,False,False,not_evaluated,missing_same_side_strict_through_support,,0.5,False,True
406,l2Book,1784188407932,False,False,not_evaluated,missing_same_side_strict_through_support,,0.5,False,True
407,trades,1784188408265,False,False,not_evaluated,missing_same_side_strict_through_support,,0.5,False,True
408,l2Book,1784188408470,False,False,not_evaluated,missing_touch_freshness_or_queue_reset_evidence,,0.5,False,True
409,trades,1784188408470,False,False,not_evaluated,missing_touch_freshness_or_queue_reset_evidence,,0.5,False,True
410,trades,1784188408670,False,False,not_evaluated,missing_touch_freshness_or_queue_reset_evidence,,0.5,False,True
411,trades,1784188408803,False,False,not_evaluated,outside_quality_a_b_queue_bands,,0.5,False,True
412,trades,1784188408872,False,False,not_evaluated,outside_quality_a_b_queue_bands,,0.5,False,True
413,l2Book,1784188409004,False,False,not_evaluated,missing_touch_freshness_or_queue_reset_evidence,,0.5,False,True
414,trades,1784188409004,False,False,not_evaluated,missing_touch_freshness_or_queue_reset_evidence,,0.5,False,True
415,trades,1784188409139,False,False,not_evaluated,missing_touch_freshness_or_queue_reset_evidence,,0.5,False,True
416,trades,1784188409347,False,False,not_evaluated,outside_quality_a_b_queue_bands,,0.5,False,True
417,trades,1784188409478,False,False,not_evaluated,outside_quality_a_b_queue_bands,,0.5,False,True
418,l2Book,1784188409546,False,False,not_evaluated,outside_quality_a_b_queue_bands,,0.5,False,True
419,l2Book,1784188410089,False,False,not_evaluated,outside_quality_a_b_queue_bands,,0.5,False,True
420,l2Book,1784188410628,False,False,not_evaluated,missing_same_side_strict_through_support,,0.5,False,True
421,trades,1784188410828,False,False,not_evaluated,missing_same_side_strict_through_support,,0.5,False,True
422,l2Book,1784188411165,False,False,not_evaluated,missing_same_side_strict_through_support,,0.5,False,True
423,l2Book,1784188411707,False,False,not_evaluated,missing_same_side_strict_through_support,,0.5,False,True
424,trades,1784188411843,False,False,not_evaluated,missing_same_side_strict_through_support,,0.5,False,True
425,l2Book,1784188412252,False,False,not_evaluated,missing_same_side_strict_through_support,,0.5,False,True
426,trades,1784188412317,False,False,not_evaluated,missing_same_side_strict_through_support,,0.5,False,True
427,trades,1784188412583,False,False,not_evaluated,missing_same_side_strict_through_support,,0.5,False,True
428,l2Book,1784188412780,False,False,not_evaluated,missing_touch_freshness_or_queue_reset_evidence,,0.5,False,True
429,trades,1784188413053,False,False,not_evaluated,outside_quality_a_b_queue_bands,,0.5,False,True
430,trades,1784188413185,False,False,not_evaluated,outside_quality_a_b_queue_bands,,0.5,False,True
431,l2Book,1784188413321,False,False,not_evaluated,outside_quality_a_b_queue_bands,,0.5,False,True
432,trades,1784188413463,False,False,not_evaluated,outside_quality_a_b_queue_bands,,0.5,False,True
433,trades,1784188413728,False,False,not_evaluated,outside_quality_a_b_queue_bands,,0.5,False,True
434,l2Book,1784188413863,False,False,not_evaluated,outside_quality_a_b_queue_bands,,0.5,False,True
435,trades,1784188413863,False,False,not_evaluated,outside_quality_a_b_queue_bands,,0.5,False,True
436,trades,1784188414065,False,False,not_evaluated,outside_quality_a_b_queue_bands,,0.5,False,True
437,l2Book,1784188414399,False,False,not_evaluated,missing_touch_freshness_or_queue_reset_evidence,,0.5,False,True
438,trades,1784188414468,False,False,not_evaluated,missing_touch_freshness_or_queue_reset_evidence,,0.5,False,True
439,trades,1784188414604,False,False,not_evaluated,missing_touch_freshness_or_queue_reset_evidence,,0.5,False,True
440,trades,1784188414735,False,False,not_evaluated,outside_quality_a_b_queue_bands,,0.5,False,True
441,trades,1784188414806,False,False,not_evaluated,outside_quality_a_b_queue_bands,,0.5,False,True
442,l2Book,1784188414940,False,False,not_evaluated,missing_touch_freshness_or_queue_reset_evidence,,0.5,False,True
443,trades,1784188415341,False,False,not_evaluated,outside_quality_a_b_queue_bands,,0.5,False,True
444,l2Book,1784188415454,False,False,not_evaluated,outside_quality_a_b_queue_bands,,0.5,False,True
445,trades,1784188415454,False,False,not_evaluated,outside_quality_a_b_queue_bands,,0.5,False,True
446,trades,1784188415673,False,False,not_evaluated,outside_quality_a_b_queue_bands,,0.5,False,True
447,l2Book,1784188416004,False,False,not_evaluated,outside_quality_a_b_queue_bands,,0.5,False,True
448,l2Book,1784188416543,False,False,not_evaluated,outside_quality_a_b_queue_bands,,0.5,False,True
449,l2Book,1784188417147,False,False,not_evaluated,missing_same_side_strict_through_support,,0.5,False,True
450,trades,1784188417564,False,False,not_evaluated,missing_same_side_strict_through_support,,0.5,False,True
451,l2Book,1784188417700,False,False,not_evaluated,missing_same_side_strict_through_support,,0.5,False,True
452,trades,1784188418017,False,False,not_evaluated,missing_same_side_strict_through_support,,0.5,False,True
453,trades,1784188418166,False,False,not_evaluated,missing_same_side_strict_through_support,,0.5,False,True
454,l2Book,1784188418235,False,False,not_evaluated,missing_same_side_strict_through_support,,0.5,False,True
455,trades,1784188418442,False,False,not_evaluated,missing_same_side_strict_through_support,,0.5,False,True
456,l2Book,1784188418768,False,False,not_evaluated,missing_same_side_strict_through_support,,0.5,False,True
457,trades,1784188418824,False,False,not_evaluated,missing_same_side_strict_through_support,,0.5,False,True
458,l2Book,1784188419312,False,False,not_evaluated,missing_same_side_strict_through_support,,0.5,False,True
459,trades,1784188419443,False,False,not_evaluated,missing_same_side_strict_through_support,,0.5,False,True
460,trades,1784188419646,False,False,not_evaluated,missing_same_side_strict_through_support,,0.5,False,True
461,l2Book,1784188419848,False,False,not_evaluated,missing_same_side_strict_through_support,,0.5,False,True
462,trades,1784188419848,False,False,not_evaluated,missing_same_side_strict_through_support,,0.5,False,True
463,trades,1784188420048,False,False,not_evaluated,missing_same_side_strict_through_support,,0.5,False,True
464,l2Book,1784188420381,False,False,not_evaluated,missing_same_side_strict_through_support,,0.5,False,True
465,trades,1784188420456,False,False,not_evaluated,missing_same_side_strict_through_support,,0.5,False,True
466,l2Book,1784188420935,False,False,not_evaluated,missing_same_side_strict_through_support,,0.5,False,True
467,trades,1784188421065,False,False,not_evaluated,missing_same_side_strict_through_support,,0.5,False,True
468,trades,1784188421257,False,False,not_evaluated,missing_same_side_strict_through_support,,0.5,False,True
469,l2Book,1784188421492,False,False,not_evaluated,missing_same_side_strict_through_support,,0.5,False,True
470,l2Book,1784188422025,False,False,not_evaluated,missing_same_side_strict_through_support,,0.5,False,True
471,l2Book,1784188422584,False,False,not_evaluated,missing_same_side_strict_through_support,,0.5,False,True
472,trades,1784188422655,False,False,not_evaluated,missing_same_side_strict_through_support,,0.5,False,True
473,trades,1784188422986,False,False,not_evaluated,missing_same_side_strict_through_support,,0.5,False,True
474,l2Book,1784188423123,False,False,not_evaluated,missing_same_side_strict_through_support,,0.5,False,True
475,trades,1784188423189,False,False,not_evaluated,missing_same_side_strict_through_support,,0.5,False,True
476,l2Book,1784188423667,False,False,not_evaluated,missing_same_side_strict_through_support,,0.5,False,True
477,trades,1784188423800,False,False,not_evaluated,missing_same_side_strict_through_support,,0.5,False,True
478,l2Book,1784188424272,False,False,not_evaluated,missing_same_side_strict_through_support;missing_touch_freshness_or_queue_reset_evidence;missing_recent_same_side_at_or_through_throughput,,0.5,False,True
479,trades,1784188424545,True,True,anti_drift_block,adverse_trade_pressure_with_recent_adverse_bbo,0.000658,0.5,False,True
480,l2Book,1784188424805,False,False,not_evaluated,missing_same_side_strict_through_support;missing_touch_freshness_or_queue_reset_evidence,,0.5,False,True
481,trades,1784188424805,False,False,not_evaluated,missing_same_side_strict_through_support;missing_touch_freshness_or_queue_reset_evidence,,0.5,False,True
482,l2Book,1784188425338,False,False,not_evaluated,missing_same_side_strict_through_support,,0.5,False,True
483,trades,1784188425472,False,False,not_evaluated,missing_same_side_strict_through_support,,0.5,False,True
484,l2Book,1784188425877,False,False,not_evaluated,missing_same_side_strict_through_support;missing_touch_freshness_or_queue_reset_evidence;missing_recent_same_side_at_or_through_throughput,,0.5,False,True
485,trades,1784188426159,False,False,not_evaluated,missing_same_side_strict_through_support,,0.5,False,True
486,trades,1784188426281,False,False,not_evaluated,missing_same_side_strict_through_support,,0.5,False,True
487,trades,1784188426362,False,False,not_evaluated,missing_same_side_strict_through_support,,0.5,False,True
488,l2Book,1784188426413,False,False,not_evaluated,missing_same_side_strict_through_support,,0.5,False,True
489,trades,1784188426564,False,False,not_evaluated,missing_same_side_strict_through_support,,0.5,False,True
490,l2Book,1784188426965,False,False,not_evaluated,missing_same_side_strict_through_support,,0.5,False,True
491,l2Book,1784188427495,False,False,not_evaluated,missing_same_side_strict_through_support,,0.5,False,True
492,l2Book,1784188428044,False,False,not_evaluated,missing_same_side_strict_through_support,,0.5,False,True
493,trades,1784188428383,False,False,not_evaluated,missing_same_side_strict_through_support,,0.5,False,True
494,l2Book,1784188428585,False,False,not_evaluated,missing_same_side_strict_through_support,,0.5,False,True
495,trades,1784188429053,False,False,not_evaluated,missing_same_side_strict_through_support,,0.5,False,True
496,l2Book,1784188429106,False,False,not_evaluated,missing_same_side_strict_through_support,,0.5,False,True
497,trades,1784188429387,False,False,not_evaluated,missing_same_side_strict_through_support,,0.5,False,True
498,l2Book,1784188429635,False,False,not_evaluated,missing_same_side_strict_through_support,,0.5,False,True
499,l2Book,1784188430196,False,False,not_evaluated,missing_same_side_strict_through_support,,0.5,False,True
500,trades,1784188430403,False,False,not_evaluated,missing_same_side_strict_through_support,,0.5,False,True
501,l2Book,1784188430805,False,False,not_evaluated,missing_same_side_strict_through_support,,0.5,False,True
502,trades,1784188431007,False,False,not_evaluated,missing_same_side_strict_through_support,,0.5,False,True
503,l2Book,1784188431421,False,False,not_evaluated,missing_same_side_strict_through_support,,0.5,False,True
504,trades,1784188431421,False,False,not_evaluated,missing_same_side_strict_through_support,,0.5,False,True
505,trades,1784188431635,False,False,not_evaluated,missing_same_side_strict_through_support,,0.5,False,True
506,l2Book,1784188431971,False,False,not_evaluated,missing_same_side_strict_through_support,,0.5,False,True
507,trades,1784188432105,False,False,not_evaluated,missing_same_side_strict_through_support,,0.5,False,True
508,l2Book,1784188432516,False,False,not_evaluated,missing_touch_freshness_or_queue_reset_evidence,,0.5,False,True
509,trades,1784188432991,False,False,not_evaluated,outside_quality_a_b_queue_bands,,0.5,False,True
510,l2Book,1784188433052,False,False,not_evaluated,outside_quality_a_b_queue_bands,,0.5,False,True
511,trades,1784188433118,False,False,not_evaluated,outside_quality_a_b_queue_bands,,0.5,False,True
512,l2Book,1784188433658,False,False,not_evaluated,missing_touch_freshness_or_queue_reset_evidence,,0.5,False,True
513,trades,1784188433658,False,False,not_evaluated,missing_touch_freshness_or_queue_reset_evidence,,0.5,False,True
514,trades,1784188433722,False,False,not_evaluated,missing_touch_freshness_or_queue_reset_evidence,,0.5,False,True
515,l2Book,1784188434198,False,False,not_evaluated,missing_touch_freshness_or_queue_reset_evidence,,0.5,False,True
516,l2Book,1784188434742,False,False,not_evaluated,outside_quality_a_b_queue_bands,,0.5,False,True
517,trades,1784188435008,False,False,not_evaluated,outside_quality_a_b_queue_bands,,0.5,False,True
518,l2Book,1784188435270,False,False,not_evaluated,outside_quality_a_b_queue_bands,,0.5,False,True
519,l2Book,1784188435821,False,False,not_evaluated,outside_quality_a_b_queue_bands,,0.5,False,True
520,trades,1784188435955,False,False,not_evaluated,outside_quality_a_b_queue_bands,,0.5,False,True
521,trades,1784188436272,False,False,not_evaluated,outside_quality_a_b_queue_bands,,0.5,False,True
522,l2Book,1784188436356,False,False,not_evaluated,outside_quality_a_b_queue_bands,,0.5,False,True
523,l2Book,1784188436876,False,False,not_evaluated,missing_same_side_strict_through_support,,0.5,False,True
524,l2Book,1784188437464,False,False,not_evaluated,missing_same_side_strict_through_support,,0.5,False,True
525,l2Book,1784188438000,False,False,not_evaluated,missing_same_side_strict_through_support,,0.5,False,True
526,l2Book,1784188438537,False,False,not_evaluated,missing_same_side_strict_through_support,,0.5,False,True
527,trades,1784188438871,False,False,not_evaluated,missing_same_side_strict_through_support,,0.5,False,True
528,trades,1784188439007,False,False,not_evaluated,missing_same_side_strict_through_support,,0.5,False,True
529,l2Book,1784188439073,False,False,not_evaluated,missing_same_side_strict_through_support,,0.5,False,True
530,trades,1784188439207,False,False,not_evaluated,missing_same_side_strict_through_support,,0.5,False,True
531,trades,1784188439275,False,False,not_evaluated,missing_same_side_strict_through_support,,0.5,False,True
532,l2Book,1784188439609,False,False,not_evaluated,missing_same_side_strict_through_support,,0.5,False,True
533,l2Book,1784188440134,False,False,not_evaluated,missing_same_side_strict_through_support,,0.5,False,True
534,trades,1784188440633,False,False,not_evaluated,missing_same_side_strict_through_support,,0.5,False,True
535,l2Book,1784188440702,False,False,not_evaluated,missing_touch_freshness_or_queue_reset_evidence,,0.5,False,True
536,l2Book,1784188441233,False,False,not_evaluated,missing_touch_freshness_or_queue_reset_evidence,,0.5,False,True
537,l2Book,1784188441752,False,False,not_evaluated,outside_quality_a_b_queue_bands,,0.5,False,True
538,trades,1784188442107,False,False,not_evaluated,missing_same_side_strict_through_support;missing_recent_same_side_at_or_through_throughput,,0.5,False,True
539,trades,1784188442157,False,False,not_evaluated,missing_same_side_strict_through_support,,0.5,False,True
540,l2Book,1784188442257,False,False,not_evaluated,missing_touch_freshness_or_queue_reset_evidence,,0.5,False,True
541,trades,1784188442312,False,False,not_evaluated,missing_touch_freshness_or_queue_reset_evidence,,0.5,False,True
542,l2Book,1784188442781,False,False,not_evaluated,missing_touch_freshness_or_queue_reset_evidence,,0.5,False,True
543,trades,1784188443112,False,False,not_evaluated,outside_quality_a_b_queue_bands,,0.5,False,True
544,trades,1784188443179,False,False,not_evaluated,outside_quality_a_b_queue_bands,,0.5,False,True
545,trades,1784188443247,False,False,not_evaluated,outside_quality_a_b_queue_bands,,0.5,False,True
546,l2Book,1784188443313,False,False,not_evaluated,outside_quality_a_b_queue_bands,,0.5,False,True
547,trades,1784188443601,False,False,not_evaluated,outside_quality_a_b_queue_bands,,0.5,False,True
548,l2Book,1784188443869,False,False,not_evaluated,outside_quality_a_b_queue_bands,,0.5,False,True
549,trades,1784188443869,False,False,not_evaluated,outside_quality_a_b_queue_bands,,0.5,False,True
550,trades,1784188444002,False,False,not_evaluated,outside_quality_a_b_queue_bands,,0.5,False,True
551,l2Book,1784188444404,False,False,not_evaluated,outside_quality_a_b_queue_bands,,0.5,False,True
552,trades,1784188444606,False,False,not_evaluated,outside_quality_a_b_queue_bands,,0.5,False,True
553,l2Book,1784188444924,False,False,not_evaluated,outside_quality_a_b_queue_bands,,0.5,False,True
554,trades,1784188445411,False,False,not_evaluated,missing_same_side_strict_through_support,,0.5,False,True
555,l2Book,1784188445466,False,False,not_evaluated,missing_same_side_strict_through_support,,0.5,False,True
556,trades,1784188445610,False,False,not_evaluated,missing_same_side_strict_through_support,,0.5,False,True
557,trades,1784188445811,False,False,not_evaluated,missing_same_side_strict_through_support,,0.5,False,True
558,l2Book,1784188446016,False,False,not_evaluated,missing_same_side_strict_through_support,,0.5,False,True
559,trades,1784188446213,False,False,not_evaluated,missing_same_side_strict_through_support,,0.5,False,True
560,l2Book,1784188446561,False,False,not_evaluated,missing_same_side_strict_through_support,,0.5,False,True
561,trades,1784188446757,False,False,not_evaluated,missing_same_side_strict_through_support,,0.5,False,True
562,trades,1784188446964,False,False,not_evaluated,missing_same_side_strict_through_support,,0.5,False,True
563,l2Book,1784188447097,False,False,not_evaluated,missing_same_side_strict_through_support,,0.5,False,True
564,trades,1784188447499,False,False,not_evaluated,missing_same_side_strict_through_support,,0.5,False,True
565,l2Book,1784188447635,False,False,not_evaluated,missing_same_side_strict_through_support,,0.5,False,True
566,trades,1784188447635,False,False,not_evaluated,missing_same_side_strict_through_support,,0.5,False,True
567,trades,1784188447701,False,False,not_evaluated,missing_same_side_strict_through_support,,0.5,False,True
568,trades,1784188448105,False,False,not_evaluated,missing_same_side_strict_through_support,,0.5,False,True
569,l2Book,1784188448172,False,False,not_evaluated,missing_same_side_strict_through_support,,0.5,False,True
570,trades,1784188448441,False,False,not_evaluated,missing_same_side_strict_through_support,,0.5,False,True
571,trades,1784188448575,False,False,not_evaluated,missing_same_side_strict_through_support,,0.5,False,True
572,l2Book,1784188448711,False,False,not_evaluated,missing_same_side_strict_through_support,,0.5,False,True
573,trades,1784188449177,False,False,not_evaluated,missing_same_side_strict_through_support,,0.5,False,True
574,l2Book,1784188449244,False,False,not_evaluated,missing_same_side_strict_through_support,,0.5,False,True
575,trades,1784188449715,False,False,not_evaluated,missing_same_side_strict_through_support,,0.5,False,True
576,l2Book,1784188449783,False,False,not_evaluated,missing_same_side_strict_through_support,,0.5,False,True
577,trades,1784188450051,False,False,not_evaluated,missing_same_side_strict_through_support,,0.5,False,True
578,l2Book,1784188450321,False,False,not_evaluated,missing_same_side_strict_through_support,,0.5,False,True
579,trades,1784188450541,False,False,not_evaluated,missing_same_side_strict_through_support,,0.5,False,True
580,l2Book,1784188450863,False,False,not_evaluated,missing_touch_freshness_or_queue_reset_evidence,,0.5,False,True
581,trades,1784188451009,False,False,not_evaluated,missing_touch_freshness_or_queue_reset_evidence,,0.5,False,True
582,trades,1784188451279,False,False,not_evaluated,outside_quality_a_b_queue_bands,,0.5,False,True
583,l2Book,1784188451481,False,False,not_evaluated,missing_touch_freshness_or_queue_reset_evidence,,0.5,False,True
584,trades,1784188451628,False,False,not_evaluated,missing_touch_freshness_or_queue_reset_evidence,,0.5,False,True
585,l2Book,1784188451961,False,False,not_evaluated,missing_touch_freshness_or_queue_reset_evidence,,0.5,False,True
586,trades,1784188452239,False,False,not_evaluated,outside_quality_a_b_queue_bands,,0.5,False,True
587,l2Book,1784188452490,False,False,not_evaluated,missing_touch_freshness_or_queue_reset_evidence,,0.5,False,True
588,trades,1784188452565,False,False,not_evaluated,missing_touch_freshness_or_queue_reset_evidence,,0.5,False,True
589,l2Book,1784188453107,False,False,not_evaluated,missing_touch_freshness_or_queue_reset_evidence,,0.5,False,True
590,trades,1784188453242,False,False,not_evaluated,missing_touch_freshness_or_queue_reset_evidence,,0.5,False,True
591,trades,1784188453443,False,False,not_evaluated,outside_quality_a_b_queue_bands,,0.5,False,True
592,l2Book,1784188453571,False,False,not_evaluated,outside_quality_a_b_queue_bands,,0.5,False,True
593,trades,1784188453645,False,False,not_evaluated,outside_quality_a_b_queue_bands,,0.5,False,True
594,trades,1784188454051,False,False,not_evaluated,outside_quality_a_b_queue_bands,,0.5,False,True
595,l2Book,1784188454107,False,False,not_evaluated,outside_quality_a_b_queue_bands,,0.5,False,True
596,l2Book,1784188454654,False,False,not_evaluated,outside_quality_a_b_queue_bands,,0.5,False,True
597,l2Book,1784188455182,False,False,not_evaluated,outside_quality_a_b_queue_bands,,0.5,False,True
598,l2Book,1784188455683,False,False,not_evaluated,missing_same_side_strict_through_support;missing_touch_freshness_or_queue_reset_evidence;missing_recent_same_side_at_or_through_throughput,,0.5,False,True
599,trades,1784188455683,False,False,not_evaluated,missing_same_side_strict_through_support;missing_touch_freshness_or_queue_reset_evidence;missing_recent_same_side_at_or_through_throughput,,0.5,False,True
600,trades,1784188455881,False,False,not_evaluated,missing_same_side_strict_through_support;missing_touch_freshness_or_queue_reset_evidence;missing_recent_same_side_at_or_through_throughput,,0.5,False,True
601,l2Book,1784188456200,False,False,not_evaluated,missing_same_side_strict_through_support;missing_recent_same_side_at_or_through_throughput,,0.5,False,True
602,trades,1784188456426,True,True,edge_gate_block,fair_mid_source_stale,0.000741,0.5,False,False
603,trades,1784188457164,True,True,edge_gate_block,fair_mid_source_stale,0.00065,0.5,False,False
604,trades,1784188457298,False,False,not_evaluated,missing_same_side_strict_through_support;missing_touch_freshness_or_queue_reset_evidence,,0.5,False,True
605,trades,1784188457365,False,False,not_evaluated,missing_same_side_strict_through_support;missing_touch_freshness_or_queue_reset_evidence,,0.5,False,True
606,trades,1784188457498,False,False,not_evaluated,missing_same_side_strict_through_support;missing_touch_freshness_or_queue_reset_evidence,,0.5,False,True
607,l2Book,1784188457817,False,False,not_evaluated,missing_same_side_strict_through_support,,0.5,False,True
608,trades,1784188457969,False,False,not_evaluated,missing_same_side_strict_through_support,,0.5,False,True
609,l2Book,1784188458368,False,False,not_evaluated,missing_same_side_strict_through_support,,0.5,False,True
610,trades,1784188458770,False,False,not_evaluated,missing_same_side_strict_through_support,,0.5,False,True
611,l2Book,1784188458907,False,False,not_evaluated,missing_same_side_strict_through_support,,0.5,False,True
612,trades,1784188458907,False,False,not_evaluated,missing_same_side_strict_through_support,,0.5,False,True
613,l2Book,1784188459434,False,False,not_evaluated,missing_same_side_strict_through_support,,0.5,False,True
614,trades,1784188459839,False,False,not_evaluated,missing_same_side_strict_through_support,,0.5,False,True
615,l2Book,1784188459965,False,False,not_evaluated,missing_same_side_strict_through_support,,0.5,False,True
616,trades,1784188460311,False,False,not_evaluated,missing_same_side_strict_through_support,,0.5,False,True
617,l2Book,1784188460526,False,False,not_evaluated,missing_same_side_strict_through_support,,0.5,False,True
618,l2Book,1784188461055,False,False,not_evaluated,missing_same_side_strict_through_support,,0.5,False,True
619,trades,1784188461055,False,False,not_evaluated,missing_same_side_strict_through_support,,0.5,False,True
620,trades,1784188461129,False,False,not_evaluated,missing_same_side_strict_through_support,,0.5,False,True
621,trades,1784188461331,False,False,not_evaluated,missing_same_side_strict_through_support,,0.5,False,True
622,trades,1784188461533,False,False,not_evaluated,missing_same_side_strict_through_support,,0.5,False,True
623,l2Book,1784188461603,False,False,not_evaluated,missing_same_side_strict_through_support,,0.5,False,True
624,l2Book,1784188462135,False,False,not_evaluated,missing_same_side_strict_through_support,,0.5,False,True
625,trades,1784188462135,False,False,not_evaluated,missing_same_side_strict_through_support,,0.5,False,True
626,l2Book,1784188462672,False,False,not_evaluated,missing_same_side_strict_through_support,,0.5,False,True
627,trades,1784188463074,False,False,not_evaluated,missing_same_side_strict_through_support,,0.5,False,True
628,trades,1784188463141,False,False,not_evaluated,missing_same_side_strict_through_support,,0.5,False,True
629,l2Book,1784188463202,False,False,not_evaluated,missing_same_side_strict_through_support,,0.5,False,True
630,l2Book,1784188463745,False,False,not_evaluated,missing_same_side_strict_through_support,,0.5,False,True
631,trades,1784188464011,False,False,not_evaluated,missing_same_side_strict_through_support,,0.5,False,True
632,trades,1784188464088,False,False,not_evaluated,missing_same_side_strict_through_support,,0.5,False,True
633,trades,1784188464146,False,False,not_evaluated,missing_same_side_strict_through_support,,0.5,False,True
634,l2Book,1784188464291,False,False,not_evaluated,missing_same_side_strict_through_support,,0.5,False,True
635,l2Book,1784188464819,False,False,not_evaluated,missing_same_side_strict_through_support,,0.5,False,True
636,trades,1784188465102,False,False,not_evaluated,missing_same_side_strict_through_support,,0.5,False,True
637,trades,1784188465223,False,False,not_evaluated,missing_same_side_strict_through_support,,0.5,False,True
638,l2Book,1784188465369,False,False,not_evaluated,missing_same_side_strict_through_support,,0.5,False,True
639,l2Book,1784188465914,False,False,not_evaluated,missing_same_side_strict_through_support,,0.5,False,True
640,trades,1784188466033,False,False,not_evaluated,missing_same_side_strict_through_support,,0.5,False,True
641,trades,1784188466115,False,False,not_evaluated,missing_same_side_strict_through_support,,0.5,False,True
642,trades,1784188466181,False,False,not_evaluated,missing_same_side_strict_through_support,,0.5,False,True
643,l2Book,1784188466437,False,False,not_evaluated,missing_same_side_strict_through_support,,0.5,False,True
644,l2Book,1784188466987,False,False,not_evaluated,missing_same_side_strict_through_support,,0.5,False,True
645,trades,1784188467120,False,False,not_evaluated,missing_same_side_strict_through_support,,0.5,False,True
646,trades,1784188467323,False,False,not_evaluated,missing_same_side_strict_through_support,,0.5,False,True
647,l2Book,1784188467525,False,False,not_evaluated,missing_same_side_strict_through_support,,0.5,False,True
648,trades,1784188467792,False,False,not_evaluated,missing_same_side_strict_through_support,,0.5,False,True
649,trades,1784188467928,False,False,not_evaluated,missing_same_side_strict_through_support,,0.5,False,True
650,l2Book,1784188468049,False,False,not_evaluated,missing_same_side_strict_through_support,,0.5,False,True
651,trades,1784188468132,True,True,fail_closed,outside_quality_a_b_queue_bands;missing_intent_limit_px;missing_or_nonpositive_intent_size;missing_quality_bucket,0.000437,0.5,False,False
652,trades,1784188468689,False,False,not_evaluated,missing_same_side_strict_through_support;missing_touch_freshness_or_queue_reset_evidence,,0.5,False,True
653,trades,1784188469017,False,False,not_evaluated,missing_same_side_strict_through_support,,0.5,False,True
654,l2Book,1784188469149,False,False,not_evaluated,missing_same_side_strict_through_support,,0.5,False,True
655,trades,1784188469149,False,False,not_evaluated,missing_same_side_strict_through_support,,0.5,False,True
656,trades,1784188469348,False,False,not_evaluated,missing_same_side_strict_through_support,,0.5,False,True
657,trades,1784188469413,False,False,not_evaluated,missing_same_side_strict_through_support,,0.5,False,True
658,l2Book,1784188469674,False,False,not_evaluated,missing_same_side_strict_through_support,,0.5,False,True
659,trades,1784188469748,False,False,not_evaluated,missing_same_side_strict_through_support,,0.5,False,True
660,l2Book,1784188470217,False,False,not_evaluated,missing_same_side_strict_through_support,,0.5,False,True
661,l2Book,1784188470721,False,False,not_evaluated,missing_same_side_strict_through_support,,0.5,False,True
662,trades,1784188471075,False,False,not_evaluated,missing_same_side_strict_through_support,,0.5,False,True
663,l2Book,1784188471255,False,False,not_evaluated,missing_touch_freshness_or_queue_reset_evidence,,0.5,False,True
664,trades,1784188471323,False,False,not_evaluated,missing_touch_freshness_or_queue_reset_evidence,,0.5,False,True
665,l2Book,1784188471783,False,False,not_evaluated,outside_quality_a_b_queue_bands,,0.5,False,True
666,trades,1784188471923,False,False,not_evaluated,outside_quality_a_b_queue_bands,,0.5,False,True
667,l2Book,1784188472321,False,False,not_evaluated,outside_quality_a_b_queue_bands,,0.5,False,True
668,l2Book,1784188472864,False,False,not_evaluated,missing_same_side_strict_through_support,,0.5,False,True
669,l2Book,1784188473406,False,False,not_evaluated,missing_same_side_strict_through_support,,0.5,False,True
670,l2Book,1784188473922,False,False,not_evaluated,missing_same_side_strict_through_support,,0.5,False,True
671,trades,1784188474013,False,False,not_evaluated,missing_same_side_strict_through_support,,0.5,False,True
672,l2Book,1784188474485,False,False,not_evaluated,missing_same_side_strict_through_support,,0.5,False,True
673,trades,1784188474773,False,False,not_evaluated,missing_same_side_strict_through_support,,0.5,False,True
674,l2Book,1784188475025,False,False,not_evaluated,missing_same_side_strict_through_support,,0.5,False,True
675,trades,1784188475290,False,False,not_evaluated,missing_same_side_strict_through_support,,0.5,False,True
676,trades,1784188475490,False,False,not_evaluated,missing_same_side_strict_through_support,,0.5,False,True
677,l2Book,1784188475545,False,False,not_evaluated,missing_same_side_strict_through_support,,0.5,False,True
678,l2Book,1784188476092,False,False,not_evaluated,missing_same_side_strict_through_support,,0.5,False,True
679,trades,1784188476238,False,False,not_evaluated,missing_same_side_strict_through_support,,0.5,False,True
680,l2Book,1784188476617,False,False,not_evaluated,missing_same_side_strict_through_support,,0.5,False,True
681,l2Book,1784188477164,False,False,not_evaluated,missing_same_side_strict_through_support,,0.5,False,True
682,trades,1784188477452,False,False,not_evaluated,missing_same_side_strict_through_support,,0.5,False,True
683,l2Book,1784188477705,False,False,not_evaluated,missing_same_side_strict_through_support,,0.5,False,True
684,l2Book,1784188478261,False,False,not_evaluated,missing_same_side_strict_through_support,,0.5,False,True
685,trades,1784188478661,False,False,not_evaluated,missing_same_side_strict_through_support;missing_recent_same_side_at_or_through_throughput,,0.5,False,True
686,l2Book,1784188478767,False,False,not_evaluated,missing_same_side_strict_through_support;missing_recent_same_side_at_or_through_throughput,,0.5,False,True
687,trades,1784188478767,False,False,not_evaluated,missing_same_side_strict_through_support,,0.5,False,True
688,trades,1784188479173,False,False,not_evaluated,missing_same_side_strict_through_support,,0.5,False,True
689,trades,1784188479264,False,False,not_evaluated,missing_same_side_strict_through_support,,0.5,False,True
690,l2Book,1784188479318,False,False,not_evaluated,missing_same_side_strict_through_support,,0.5,False,True
691,l2Book,1784188479877,False,False,not_evaluated,missing_same_side_strict_through_support,,0.5,False,True
692,trades,1784188479877,False,False,not_evaluated,missing_same_side_strict_through_support,,0.5,False,True
693,trades,1784188480078,False,False,not_evaluated,missing_same_side_strict_through_support,,0.5,False,True
694,trades,1784188480144,False,False,not_evaluated,missing_same_side_strict_through_support,,0.5,False,True
695,l2Book,1784188480489,False,False,not_evaluated,missing_same_side_strict_through_support,,0.5,False,True
696,l2Book,1784188481028,False,False,not_evaluated,missing_same_side_strict_through_support,,0.5,False,True
697,trades,1784188481028,False,False,not_evaluated,missing_same_side_strict_through_support,,0.5,False,True
698,trades,1784188481367,False,False,not_evaluated,missing_same_side_strict_through_support,,0.5,False,True
699,l2Book,1784188481569,False,False,not_evaluated,missing_same_side_strict_through_support,,0.5,False,True
700,trades,1784188482039,False,False,not_evaluated,missing_same_side_strict_through_support,,0.5,False,True
701,l2Book,1784188482107,False,False,not_evaluated,missing_same_side_strict_through_support,,0.5,False,True
702,trades,1784188482107,False,False,not_evaluated,missing_same_side_strict_through_support,,0.5,False,True
703,trades,1784188482239,False,False,not_evaluated,missing_same_side_strict_through_support,,0.5,False,True
704,l2Book,1784188482642,False,False,not_evaluated,missing_same_side_strict_through_support,,0.5,False,True
705,l2Book,1784188483180,False,False,not_evaluated,missing_same_side_strict_through_support,,0.5,False,True
706,l2Book,1784188483727,False,False,not_evaluated,missing_same_side_strict_through_support,,0.5,False,True
707,l2Book,1784188484265,False,False,not_evaluated,missing_same_side_strict_through_support,,0.5,False,True
708,l2Book,1784188484817,False,False,not_evaluated,missing_same_side_strict_through_support,,0.5,False,True
709,trades,1784188485003,False,False,not_evaluated,missing_same_side_strict_through_support,,0.5,False,True
710,l2Book,1784188485422,False,False,not_evaluated,missing_same_side_strict_through_support,,0.5,False,True
711,trades,1784188485422,False,False,not_evaluated,missing_same_side_strict_through_support,,0.5,False,True
712,l2Book,1784188485952,False,False,not_evaluated,missing_same_side_strict_through_support,,0.5,False,True
713,l2Book,1784188486500,False,False,not_evaluated,missing_same_side_strict_through_support,,0.5,False,True
714,l2Book,1784188487039,False,False,not_evaluated,missing_same_side_strict_through_support,,0.5,False,True
715,l2Book,1784188487644,False,False,not_evaluated,missing_same_side_strict_through_support,,0.5,False,True
716,trades,1784188487913,False,False,not_evaluated,missing_same_side_strict_through_support,,0.5,False,True
717,l2Book,1784188488168,False,False,not_evaluated,missing_same_side_strict_through_support,,0.5,False,True
718,trades,1784188488249,False,False,not_evaluated,missing_same_side_strict_through_support,,0.5,False,True
719,trades,1784188488662,False,False,not_evaluated,missing_same_side_strict_through_support,,0.5,False,True
720,l2Book,1784188488731,False,False,not_evaluated,missing_same_side_strict_through_support,,0.5,False,True
721,l2Book,1784188489267,False,False,not_evaluated,missing_same_side_strict_through_support,,0.5,False,True
722,trades,1784188489469,False,False,not_evaluated,missing_same_side_strict_through_support,,0.5,False,True
723,l2Book,1784188489786,False,False,not_evaluated,missing_same_side_strict_through_support;missing_touch_freshness_or_queue_reset_evidence;missing_recent_same_side_at_or_through_throughput,,0.5,False,True
724,trades,1784188489869,False,False,not_evaluated,missing_same_side_strict_through_support;missing_touch_freshness_or_queue_reset_evidence,,0.5,False,True
725,l2Book,1784188490338,False,False,not_evaluated,missing_same_side_strict_through_support;missing_touch_freshness_or_queue_reset_evidence,,0.5,False,True
726,l2Book,1784188490877,False,False,not_evaluated,missing_same_side_strict_through_support;missing_touch_freshness_or_queue_reset_evidence;missing_recent_same_side_at_or_through_throughput,,0.5,False,True
727,trades,1784188490877,False,False,not_evaluated,missing_same_side_strict_through_support;missing_touch_freshness_or_queue_reset_evidence,,0.5,False,True
728,l2Book,1784188491418,False,False,not_evaluated,missing_same_side_strict_through_support;missing_touch_freshness_or_queue_reset_evidence;missing_recent_same_side_at_or_through_throughput,,0.5,False,True
729,trades,1784188491685,False,False,not_evaluated,missing_same_side_strict_through_support,,0.5,False,True
730,l2Book,1784188491950,False,False,not_evaluated,missing_same_side_strict_through_support,,0.5,False,True
731,l2Book,1784188492492,False,False,not_evaluated,missing_same_side_strict_through_support,,0.5,False,True
732,trades,1784188492492,False,False,not_evaluated,missing_same_side_strict_through_support,,0.5,False,True
733,trades,1784188492758,False,False,not_evaluated,missing_same_side_strict_through_support,,0.5,False,True
734,l2Book,1784188493013,False,False,not_evaluated,missing_same_side_strict_through_support,,0.5,False,True
735,trades,1784188493160,False,False,not_evaluated,missing_same_side_strict_through_support,,0.5,False,True
736,trades,1784188493295,False,False,not_evaluated,missing_same_side_strict_through_support,,0.5,False,True
737,l2Book,1784188493546,False,False,not_evaluated,missing_same_side_strict_through_support,,0.5,False,True
738,trades,1784188493656,False,False,not_evaluated,missing_same_side_strict_through_support,,0.5,False,True
739,l2Book,1784188494053,False,False,not_evaluated,missing_same_side_strict_through_support,,0.5,False,True
740,trades,1784188494053,False,False,not_evaluated,missing_same_side_strict_through_support,,0.5,False,True
741,trades,1784188494453,False,False,not_evaluated,missing_same_side_strict_through_support,,0.5,False,True
742,l2Book,1784188494570,False,False,not_evaluated,missing_same_side_strict_through_support,,0.5,False,True
743,trades,1784188494703,False,False,not_evaluated,missing_same_side_strict_through_support,,0.5,False,True
744,trades,1784188494906,False,False,not_evaluated,missing_same_side_strict_through_support,,0.5,False,True
745,trades,1784188495029,False,False,not_evaluated,missing_same_side_strict_through_support,,0.5,False,True
746,l2Book,1784188495106,False,False,not_evaluated,missing_same_side_strict_through_support,,0.5,False,True
747,l2Book,1784188495649,False,False,not_evaluated,missing_same_side_strict_through_support,,0.5,False,True
748,l2Book,1784188496236,False,False,not_evaluated,missing_same_side_strict_through_support,,0.5,False,True
749,l2Book,1784188496778,False,False,not_evaluated,missing_same_side_strict_through_support,,0.5,False,True
750,trades,1784188496889,False,False,not_evaluated,missing_same_side_strict_through_support,,0.5,False,True
751,l2Book,1784188497323,False,False,not_evaluated,missing_same_side_strict_through_support,,0.5,False,True
752,l2Book,1784188497859,False,False,not_evaluated,missing_same_side_strict_through_support,,0.5,False,True
753,l2Book,1784188498393,False,False,not_evaluated,missing_same_side_strict_through_support,,0.5,False,True
754,trades,1784188498393,False,False,not_evaluated,missing_same_side_strict_through_support,,0.5,False,True
755,l2Book,1784188498933,False,False,not_evaluated,missing_same_side_strict_through_support,,0.5,False,True
756,trades,1784188499051,False,False,not_evaluated,missing_same_side_strict_through_support,,0.5,False,True
757,trades,1784188499398,False,False,not_evaluated,missing_same_side_strict_through_support,,0.5,False,True
758,l2Book,1784188499451,False,False,not_evaluated,missing_same_side_strict_through_support,,0.5,False,True
759,l2Book,1784188500000,False,False,not_evaluated,missing_same_side_strict_through_support,,0.5,False,True
760,l2Book,1784188500504,False,False,not_evaluated,missing_same_side_strict_through_support,,0.5,False,True
761,l2Book,1784188501173,False,False,not_evaluated,missing_same_side_strict_through_support,,0.5,False,True
762,trades,1784188501107,False,False,not_evaluated,missing_same_side_strict_through_support,,0.5,False,True
763,trades,1784188501311,False,False,not_evaluated,missing_same_side_strict_through_support,,0.5,False,True
764,l2Book,1784188501718,False,False,not_evaluated,missing_touch_freshness_or_queue_reset_evidence,,0.5,False,True
765,trades,1784188501718,False,False,not_evaluated,missing_touch_freshness_or_queue_reset_evidence,,0.5,False,True
766,trades,1784188501975,False,False,not_evaluated,outside_quality_a_b_queue_bands,,0.5,False,True
767,l2Book,1784188502245,False,False,not_evaluated,missing_touch_freshness_or_queue_reset_evidence,,0.5,False,True
768,trades,1784188502245,False,False,not_evaluated,missing_touch_freshness_or_queue_reset_evidence,,0.5,False,True
769,trades,1784188502514,False,False,not_evaluated,missing_same_side_strict_through_support,,0.5,False,True
770,l2Book,1784188502766,False,False,not_evaluated,missing_same_side_strict_through_support;missing_touch_freshness_or_queue_reset_evidence,,0.5,False,True
771,trades,1784188503249,False,False,not_evaluated,missing_same_side_strict_through_support,,0.5,False,True
772,l2Book,1784188503316,False,False,not_evaluated,missing_touch_freshness_or_queue_reset_evidence,,0.5,False,True
773,l2Book,1784188503860,False,False,not_evaluated,outside_quality_a_b_queue_bands,,0.5,False,True
774,trades,1784188503943,False,False,not_evaluated,outside_quality_a_b_queue_bands,,0.5,False,True
775,trades,1784188504008,False,False,not_evaluated,outside_quality_a_b_queue_bands,,0.5,False,True
776,trades,1784188504146,False,False,not_evaluated,outside_quality_a_b_queue_bands,,0.5,False,True
777,l2Book,1784188504414,False,False,not_evaluated,outside_quality_a_b_queue_bands,,0.5,False,True
778,l2Book,1784188504939,False,False,not_evaluated,outside_quality_a_b_queue_bands,,0.5,False,True
779,trades,1784188505217,False,False,not_evaluated,outside_quality_a_b_queue_bands,,0.5,False,True
780,trades,1784188505349,False,False,not_evaluated,outside_quality_a_b_queue_bands,,0.5,False,True
781,l2Book,1784188505442,False,False,not_evaluated,outside_quality_a_b_queue_bands,,0.5,False,True
782,trades,1784188505442,False,False,not_evaluated,outside_quality_a_b_queue_bands,,0.5,False,True
783,trades,1784188505574,False,False,not_evaluated,missing_same_side_strict_through_support,,0.5,False,True
784,trades,1784188505776,False,False,not_evaluated,missing_same_side_strict_through_support,,0.5,False,True
785,l2Book,1784188505979,False,False,not_evaluated,missing_same_side_strict_through_support,,0.5,False,True
786,trades,1784188506245,False,False,not_evaluated,missing_same_side_strict_through_support,,0.5,False,True
787,trades,1784188506394,False,False,not_evaluated,missing_same_side_strict_through_support,,0.5,False,True
788,trades,1784188506467,False,False,not_evaluated,missing_same_side_strict_through_support,,0.5,False,True
789,l2Book,1784188506536,False,False,not_evaluated,missing_same_side_strict_through_support,,0.5,False,True
790,l2Book,1784188507069,False,False,not_evaluated,missing_same_side_strict_through_support,,0.5,False,True
791,l2Book,1784188507609,False,False,not_evaluated,missing_same_side_strict_through_support,,0.5,False,True
792,trades,1784188507748,False,False,not_evaluated,missing_same_side_strict_through_support,,0.5,False,True
793,l2Book,1784188508155,False,False,not_evaluated,missing_same_side_strict_through_support,,0.5,False,True
794,l2Book,1784188508686,False,False,not_evaluated,missing_same_side_strict_through_support,,0.5,False,True
795,trades,1784188508938,False,False,not_evaluated,missing_same_side_strict_through_support,,0.5,False,True
796,l2Book,1784188509225,False,False,not_evaluated,missing_same_side_strict_through_support,,0.5,False,True
797,l2Book,1784188509749,False,False,not_evaluated,missing_same_side_strict_through_support,,0.5,False,True
798,trades,1784188509893,False,False,not_evaluated,missing_same_side_strict_through_support,,0.5,False,True
799,trades,1784188510040,False,False,not_evaluated,missing_same_side_strict_through_support,,0.5,False,True
800,l2Book,1784188510355,False,False,not_evaluated,missing_same_side_strict_through_support,,0.5,False,True
801,l2Book,1784188510932,False,False,not_evaluated,missing_same_side_strict_through_support,,0.5,False,True
802,trades,1784188511132,False,False,not_evaluated,missing_same_side_strict_through_support,,0.5,False,True
803,l2Book,1784188511462,False,False,not_evaluated,missing_same_side_strict_through_support,,0.5,False,True
804,trades,1784188511602,False,False,not_evaluated,missing_same_side_strict_through_support,,0.5,False,True
805,l2Book,1784188512072,False,False,not_evaluated,missing_same_side_strict_through_support,,0.5,False,True
806,trades,1784188512473,False,False,not_evaluated,missing_same_side_strict_through_support,,0.5,False,True
807,l2Book,1784188512540,False,False,not_evaluated,missing_same_side_strict_through_support,,0.5,False,True
808,trades,1784188512540,False,False,not_evaluated,missing_same_side_strict_through_support,,0.5,False,True
809,trades,1784188512876,False,False,not_evaluated,missing_same_side_strict_through_support,,0.5,False,True
810,l2Book,1784188513077,False,False,not_evaluated,missing_same_side_strict_through_support,,0.5,False,True
811,trades,1784188513143,False,False,not_evaluated,missing_same_side_strict_through_support,,0.5,False,True
812,l2Book,1784188513614,False,False,not_evaluated,missing_same_side_strict_through_support,,0.5,False,True
813,trades,1784188513681,False,False,not_evaluated,missing_same_side_strict_through_support,,0.5,False,True
814,trades,1784188513948,False,False,not_evaluated,missing_same_side_strict_through_support,,0.5,False,True
815,l2Book,1784188514149,False,False,not_evaluated,missing_same_side_strict_through_support;missing_recent_same_side_at_or_through_throughput,,0.5,False,True
816,trades,1784188514149,False,False,not_evaluated,missing_same_side_strict_through_support;missing_recent_same_side_at_or_through_throughput,,0.5,False,True
817,l2Book,1784188514699,False,False,not_evaluated,missing_same_side_strict_through_support;missing_recent_same_side_at_or_through_throughput,,0.5,False,True
818,l2Book,1784188515236,False,False,not_evaluated,missing_same_side_strict_through_support;missing_recent_same_side_at_or_through_throughput,,0.5,False,True
819,l2Book,1784188515781,False,False,not_evaluated,missing_same_side_strict_through_support;missing_recent_same_side_at_or_through_throughput,,0.5,False,True
820,trades,1784188515781,False,False,not_evaluated,missing_same_side_strict_through_support;missing_recent_same_side_at_or_through_throughput,,0.5,False,True
821,trades,1784188515847,False,False,not_evaluated,missing_same_side_strict_through_support,,0.5,False,True
822,l2Book,1784188516314,False,False,not_evaluated,missing_same_side_strict_through_support,,0.5,False,True
823,l2Book,1784188516856,False,False,not_evaluated,missing_same_side_strict_through_support,,0.5,False,True
824,l2Book,1784188517402,False,False,not_evaluated,missing_same_side_strict_through_support,,0.5,False,True
825,trades,1784188517868,False,False,not_evaluated,missing_same_side_strict_through_support,,0.5,False,True
826,l2Book,1784188517935,False,False,not_evaluated,missing_same_side_strict_through_support,,0.5,False,True
827,trades,1784188517935,False,False,not_evaluated,missing_same_side_strict_through_support,,0.5,False,True
828,l2Book,1784188518462,False,False,not_evaluated,missing_same_side_strict_through_support,,0.5,False,True
829,l2Book,1784188519020,False,False,not_evaluated,missing_same_side_strict_through_support;missing_recent_same_side_at_or_through_throughput,,0.5,False,True
830,l2Book,1784188519558,False,False,not_evaluated,missing_same_side_strict_through_support;missing_recent_same_side_at_or_through_throughput,,0.5,False,True
831,trades,1784188519844,False,False,not_evaluated,missing_same_side_strict_through_support;missing_recent_same_side_at_or_through_throughput,,0.5,False,True
832,l2Book,1784188520111,False,False,not_evaluated,missing_same_side_strict_through_support;missing_recent_same_side_at_or_through_throughput,,0.5,False,True
833,trades,1784188520437,False,False,not_evaluated,missing_same_side_strict_through_support,,0.5,False,True
834,trades,1784188520567,False,False,not_evaluated,missing_same_side_strict_through_support,,0.5,False,True
835,l2Book,1784188520665,False,False,not_evaluated,missing_same_side_strict_through_support,,0.5,False,True
836,trades,1784188520665,False,False,not_evaluated,missing_same_side_strict_through_support,,0.5,False,True
837,trades,1784188521001,False,False,not_evaluated,missing_same_side_strict_through_support,,0.5,False,True
838,trades,1784188521067,False,False,not_evaluated,missing_same_side_strict_through_support,,0.5,False,True
839,l2Book,1784188521201,False,False,not_evaluated,missing_same_side_strict_through_support,,0.5,False,True
840,trades,1784188521272,False,False,not_evaluated,missing_same_side_strict_through_support,,0.5,False,True
841,trades,1784188521349,False,False,not_evaluated,missing_same_side_strict_through_support,,0.5,False,True
842,trades,1784188521548,False,False,not_evaluated,missing_same_side_strict_through_support,,0.5,False,True
843,l2Book,1784188521742,False,False,not_evaluated,missing_same_side_strict_through_support,,0.5,False,True
844,trades,1784188522085,False,False,not_evaluated,missing_same_side_strict_through_support,,0.5,False,True
845,l2Book,1784188522286,False,False,not_evaluated,missing_same_side_strict_through_support,,0.5,False,True
846,trades,1784188522488,False,False,not_evaluated,missing_same_side_strict_through_support,,0.5,False,True
847,trades,1784188522617,False,False,not_evaluated,missing_same_side_strict_through_support,,0.5,False,True
848,trades,1784188522688,False,False,not_evaluated,missing_same_side_strict_through_support,,0.5,False,True
849,l2Book,1784188522822,False,False,not_evaluated,missing_same_side_strict_through_support;missing_touch_freshness_or_queue_reset_evidence,,0.5,False,True
850,trades,1784188522822,False,False,not_evaluated,missing_same_side_strict_through_support;missing_touch_freshness_or_queue_reset_evidence,,0.5,False,True
851,trades,1784188523024,False,False,not_evaluated,missing_same_side_strict_through_support;missing_touch_freshness_or_queue_reset_evidence,,0.5,False,True
852,trades,1784188523293,False,False,not_evaluated,missing_same_side_strict_through_support,,0.5,False,True
853,l2Book,1784188523359,False,False,not_evaluated,missing_same_side_strict_through_support;missing_touch_freshness_or_queue_reset_evidence,,0.5,False,True
854,trades,1784188523559,False,False,not_evaluated,missing_same_side_strict_through_support;missing_touch_freshness_or_queue_reset_evidence,,0.5,False,True
855,l2Book,1784188523896,False,False,not_evaluated,missing_same_side_strict_through_support,,0.5,False,True
856,trades,1784188524296,False,False,not_evaluated,missing_same_side_strict_through_support,,0.5,False,True
857,l2Book,1784188524415,False,False,not_evaluated,missing_same_side_strict_through_support,,0.5,False,True
858,trades,1784188524568,False,False,not_evaluated,missing_same_side_strict_through_support,,0.5,False,True
859,trades,1784188524902,False,False,not_evaluated,missing_same_side_strict_through_support,,0.5,False,True
860,l2Book,1784188524970,False,False,not_evaluated,missing_same_side_strict_through_support,,0.5,False,True
861,trades,1784188525023,False,False,not_evaluated,missing_same_side_strict_through_support,,0.5,False,True
862,trades,1784188525104,False,False,not_evaluated,missing_same_side_strict_through_support,,0.5,False,True
863,trades,1784188525371,False,False,not_evaluated,missing_same_side_strict_through_support,,0.5,False,True
864,l2Book,1784188525506,False,False,not_evaluated,missing_same_side_strict_through_support,,0.5,False,True
865,trades,1784188525909,False,False,not_evaluated,missing_same_side_strict_through_support,,0.5,False,True
866,l2Book,1784188526026,False,False,not_evaluated,missing_same_side_strict_through_support,,0.5,False,True
867,trades,1784188526512,False,False,not_evaluated,missing_same_side_strict_through_support,,0.5,False,True
868,l2Book,1784188526580,False,False,not_evaluated,missing_same_side_strict_through_support,,0.5,False,True
869,trades,1784188526713,False,False,not_evaluated,missing_same_side_strict_through_support,,0.5,False,True
870,l2Book,1784188527116,False,False,not_evaluated,missing_same_side_strict_through_support,,0.5,False,True
871,trades,1784188527317,False,False,not_evaluated,missing_same_side_strict_through_support,,0.5,False,True
872,trades,1784188527585,False,False,not_evaluated,missing_same_side_strict_through_support,,0.5,False,True
873,l2Book,1784188527646,False,False,not_evaluated,missing_same_side_strict_through_support,,0.5,False,True
874,l2Book,1784188528190,False,False,not_evaluated,missing_same_side_strict_through_support,,0.5,False,True
875,l2Book,1784188528729,False,False,not_evaluated,missing_touch_freshness_or_queue_reset_evidence,,0.5,False,True
876,trades,1784188528729,False,False,not_evaluated,missing_touch_freshness_or_queue_reset_evidence,,0.5,False,True
877,trades,1784188529066,False,False,not_evaluated,outside_quality_a_b_queue_bands,,0.5,False,True
878,l2Book,1784188529268,False,False,not_evaluated,outside_quality_a_b_queue_bands,,0.5,False,True
879,l2Book,1784188529801,False,False,not_evaluated,missing_same_side_strict_through_support,,0.5,False,True
880,trades,1784188530075,False,False,not_evaluated,missing_same_side_strict_through_support,,0.5,False,True
881,l2Book,1784188530348,False,False,not_evaluated,missing_same_side_strict_through_support,,0.5,False,True
882,trades,1784188530348,False,False,not_evaluated,missing_same_side_strict_through_support,,0.5,False,True
883,trades,1784188530550,False,False,not_evaluated,missing_same_side_strict_through_support,,0.5,False,True
884,l2Book,1784188530886,False,False,not_evaluated,missing_same_side_strict_through_support,,0.5,False,True
885,trades,1784188531285,False,False,not_evaluated,missing_same_side_strict_through_support,,0.5,False,True
886,l2Book,1784188531409,False,False,not_evaluated,missing_same_side_strict_through_support,,0.5,False,True
887,trades,1784188531490,False,False,not_evaluated,missing_same_side_strict_through_support,,0.5,False,True
888,l2Book,1784188531958,False,False,not_evaluated,missing_same_side_strict_through_support,,0.5,False,True
889,l2Book,1784188532494,False,False,not_evaluated,missing_same_side_strict_through_support,,0.5,False,True
890,l2Book,1784188533099,False,False,not_evaluated,missing_same_side_strict_through_support,,0.5,False,True
891,trades,1784188533099,False,False,not_evaluated,missing_same_side_strict_through_support,,0.5,False,True
892,trades,1784188533368,False,False,not_evaluated,missing_same_side_strict_through_support,,0.5,False,True
893,l2Book,1784188533623,False,False,not_evaluated,missing_touch_freshness_or_queue_reset_evidence,,0.5,False,True
894,trades,1784188534029,False,False,not_evaluated,outside_quality_a_b_queue_bands,,0.5,False,True
895,trades,1784188534107,False,False,not_evaluated,outside_quality_a_b_queue_bands,,0.5,False,True
896,l2Book,1784188534181,False,False,not_evaluated,outside_quality_a_b_queue_bands,,0.5,False,True
897,trades,1784188534314,False,False,not_evaluated,outside_quality_a_b_queue_bands,,0.5,False,True
898,l2Book,1784188534713,False,False,not_evaluated,outside_quality_a_b_queue_bands,,0.5,False,True
899,trades,1784188534915,False,False,not_evaluated,outside_quality_a_b_queue_bands,,0.5,False,True
900,trades,1784188535096,False,False,not_evaluated,outside_quality_a_b_queue_bands,,0.5,False,True
901,trades,1784188535185,False,False,not_evaluated,outside_quality_a_b_queue_bands,,0.5,False,True
902,l2Book,1784188535237,False,False,not_evaluated,outside_quality_a_b_queue_bands,,0.5,False,True
903,trades,1784188535588,False,False,not_evaluated,outside_quality_a_b_queue_bands,,0.5,False,True
904,trades,1784188535727,False,False,not_evaluated,outside_quality_a_b_queue_bands,,0.5,False,True
905,l2Book,1784188535789,False,False,not_evaluated,outside_quality_a_b_queue_bands,,0.5,False,True
906,l2Book,1784188536325,False,False,not_evaluated,missing_same_side_strict_through_support,,0.5,False,True
907,l2Book,1784188536856,False,False,not_evaluated,missing_same_side_strict_through_support,,0.5,False,True
908,l2Book,1784188537377,False,False,not_evaluated,missing_same_side_strict_through_support,,0.5,False,True
909,trades,1784188537746,False,False,not_evaluated,missing_same_side_strict_through_support,,0.5,False,True
910,l2Book,1784188537949,False,False,not_evaluated,missing_same_side_strict_through_support,,0.5,False,True
911,l2Book,1784188538547,False,False,not_evaluated,missing_same_side_strict_through_support,,0.5,False,True
912,trades,1784188538748,False,False,not_evaluated,missing_same_side_strict_through_support;missing_recent_same_side_at_or_through_throughput,,0.5,False,True
913,l2Book,1784188539080,False,False,not_evaluated,missing_same_side_strict_through_support;missing_recent_same_side_at_or_through_throughput,,0.5,False,True
914,trades,1784188539150,False,False,not_evaluated,missing_same_side_strict_through_support;missing_recent_same_side_at_or_through_throughput,,0.5,False,True
915,trades,1784188539284,False,False,not_evaluated,missing_same_side_strict_through_support,,0.5,False,True
916,l2Book,1784188539647,False,False,not_evaluated,missing_same_side_strict_through_support,,0.5,False,True
917,trades,1784188540048,False,False,not_evaluated,missing_same_side_strict_through_support,,0.5,False,True
918,l2Book,1784188540181,False,False,not_evaluated,missing_same_side_strict_through_support,,0.5,False,True
919,trades,1784188540248,False,False,not_evaluated,missing_same_side_strict_through_support,,0.5,False,True
920,trades,1784188540392,False,False,not_evaluated,missing_same_side_strict_through_support,,0.5,False,True
921,l2Book,1784188540733,False,False,not_evaluated,missing_same_side_strict_through_support,,0.5,False,True
922,trades,1784188540733,False,False,not_evaluated,missing_same_side_strict_through_support,,0.5,False,True
923,trades,1784188541000,False,False,not_evaluated,missing_same_side_strict_through_support,,0.5,False,True
924,l2Book,1784188541266,False,False,not_evaluated,missing_same_side_strict_through_support,,0.5,False,True
925,l2Book,1784188541798,False,False,not_evaluated,missing_same_side_strict_through_support,,0.5,False,True
926,trades,1784188542005,False,False,not_evaluated,missing_same_side_strict_through_support,,0.5,False,True
927,trades,1784188542140,False,False,not_evaluated,missing_same_side_strict_through_support,,0.5,False,True
928,l2Book,1784188542345,False,False,not_evaluated,missing_same_side_strict_through_support,,0.5,False,True
929,l2Book,1784188542875,False,False,not_evaluated,missing_same_side_strict_through_support,,0.5,False,True
930,trades,1784188543216,False,False,not_evaluated,missing_same_side_strict_through_support,,0.5,False,True
931,trades,1784188543332,False,False,not_evaluated,missing_same_side_strict_through_support,,0.5,False,True
932,l2Book,1784188543407,False,False,not_evaluated,missing_same_side_strict_through_support,,0.5,False,True
933,trades,1784188543623,False,False,not_evaluated,missing_same_side_strict_through_support,,0.5,False,True
934,l2Book,1784188543939,False,False,not_evaluated,missing_same_side_strict_through_support,,0.5,False,True
935,trades,1784188544142,False,False,not_evaluated,missing_same_side_strict_through_support,,0.5,False,True
936,trades,1784188544428,False,False,not_evaluated,missing_same_side_strict_through_support,,0.5,False,True
937,l2Book,1784188544485,False,False,not_evaluated,missing_same_side_strict_through_support,,0.5,False,True
938,trades,1784188544952,False,False,not_evaluated,missing_same_side_strict_through_support,,0.5,False,True
939,l2Book,1784188545032,False,False,not_evaluated,missing_same_side_strict_through_support,,0.5,False,True
940,l2Book,1784188545559,False,False,not_evaluated,missing_same_side_strict_through_support,,0.5,False,True
941,trades,1784188545762,False,False,not_evaluated,missing_same_side_strict_through_support,,0.5,False,True
942,l2Book,1784188546094,False,False,not_evaluated,missing_same_side_strict_through_support,,0.5,False,True
943,trades,1784188546225,False,False,not_evaluated,missing_same_side_strict_through_support,,0.5,False,True
944,l2Book,1784188546627,False,False,not_evaluated,missing_touch_freshness_or_queue_reset_evidence,,0.5,False,True
945,l2Book,1784188547177,False,False,not_evaluated,outside_quality_a_b_queue_bands,,0.5,False,True
946,l2Book,1784188547706,False,False,not_evaluated,outside_quality_a_b_queue_bands,,0.5,False,True
947,l2Book,1784188548254,False,False,not_evaluated,outside_quality_a_b_queue_bands,,0.5,False,True
948,l2Book,1784188548755,False,False,not_evaluated,outside_quality_a_b_queue_bands,,0.5,False,True
949,l2Book,1784188549291,False,False,not_evaluated,missing_same_side_strict_through_support;missing_recent_same_side_at_or_through_throughput,,0.5,False,True
950,trades,1784188549762,False,False,not_evaluated,missing_same_side_strict_through_support;missing_recent_same_side_at_or_through_throughput,,0.5,False,True
951,l2Book,1784188549898,False,False,not_evaluated,missing_same_side_strict_through_support;missing_recent_same_side_at_or_through_throughput,,0.5,False,True
952,l2Book,1784188550413,False,False,not_evaluated,missing_same_side_strict_through_support;missing_recent_same_side_at_or_through_throughput,,0.5,False,True
953,trades,1784188550778,False,False,not_evaluated,missing_same_side_strict_through_support;missing_recent_same_side_at_or_through_throughput,,0.5,False,True
954,l2Book,1784188550980,False,False,not_evaluated,missing_same_side_strict_through_support;missing_recent_same_side_at_or_through_throughput,,0.5,False,True
955,trades,1784188551112,False,False,not_evaluated,missing_same_side_strict_through_support;missing_recent_same_side_at_or_through_throughput,,0.5,False,True
956,l2Book,1784188551521,False,False,not_evaluated,missing_same_side_strict_through_support;missing_recent_same_side_at_or_through_throughput,,0.5,False,True
957,trades,1784188551587,False,False,not_evaluated,missing_same_side_strict_through_support,,0.5,False,True
958,l2Book,1784188552126,False,False,not_evaluated,missing_same_side_strict_through_support,,0.5,False,True
959,trades,1784188552194,False,False,not_evaluated,missing_same_side_strict_through_support,,0.5,False,True
960,l2Book,1784188552651,False,False,not_evaluated,missing_touch_freshness_or_queue_reset_evidence,,0.5,False,True
961,trades,1784188552933,False,False,not_evaluated,outside_quality_a_b_queue_bands,,0.5,False,True
962,l2Book,1784188553202,False,False,not_evaluated,outside_quality_a_b_queue_bands,,0.5,False,True
963,trades,1784188553202,False,False,not_evaluated,outside_quality_a_b_queue_bands,,0.5,False,True
964,l2Book,1784188553730,False,False,not_evaluated,outside_quality_a_b_queue_bands,,0.5,False,True
965,trades,1784188553730,False,False,not_evaluated,outside_quality_a_b_queue_bands,,0.5,False,True
966,l2Book,1784188554344,False,False,not_evaluated,outside_quality_a_b_queue_bands,,0.5,False,True
967,trades,1784188554410,False,False,not_evaluated,outside_quality_a_b_queue_bands,,0.5,False,True
968,l2Book,1784188554876,False,False,not_evaluated,missing_same_side_strict_through_support,,0.5,False,True
969,trades,1784188554876,False,False,not_evaluated,missing_same_side_strict_through_support,,0.5,False,True
970,trades,1784188555015,False,False,not_evaluated,missing_same_side_strict_through_support,,0.5,False,True
971,trades,1784188555151,False,False,not_evaluated,missing_same_side_strict_through_support,,0.5,False,True
972,l2Book,1784188555424,False,False,not_evaluated,missing_same_side_strict_through_support,,0.5,False,True
973,trades,1784188555625,False,False,not_evaluated,missing_same_side_strict_through_support,,0.5,False,True
974,l2Book,1784188555957,False,False,not_evaluated,missing_same_side_strict_through_support,,0.5,False,True
975,l2Book,1784188556560,False,False,not_evaluated,missing_same_side_strict_through_support,,0.5,False,True
976,l2Book,1784188557106,False,False,not_evaluated,missing_same_side_strict_through_support,,0.5,False,True
977,l2Book,1784188557642,False,False,not_evaluated,missing_same_side_strict_through_support,,0.5,False,True
978,l2Book,1784188558168,False,False,not_evaluated,missing_same_side_strict_through_support;missing_recent_same_side_at_or_through_throughput,,0.5,False,True
979,trades,1784188558491,False,False,not_evaluated,missing_same_side_strict_through_support,,0.5,False,True
980,l2Book,1784188558692,False,False,not_evaluated,missing_same_side_strict_through_support,,0.5,False,True
981,trades,1784188559028,False,False,not_evaluated,missing_same_side_strict_through_support,,0.5,False,True
982,l2Book,1784188559231,False,False,not_evaluated,missing_same_side_strict_through_support,,0.5,False,True
983,trades,1784188559303,False,False,not_evaluated,missing_same_side_strict_through_support,,0.5,False,True
984,l2Book,1784188559777,False,False,not_evaluated,missing_same_side_strict_through_support,,0.5,False,True
985,l2Book,1784188560320,False,False,not_evaluated,missing_same_side_strict_through_support,,0.5,False,True
986,l2Book,1784188560849,False,False,not_evaluated,missing_same_side_strict_through_support,,0.5,False,True
987,trades,1784188561118,False,False,not_evaluated,missing_same_side_strict_through_support,,0.5,False,True
988,l2Book,1784188561382,False,False,not_evaluated,missing_same_side_strict_through_support,,0.5,False,True
989,trades,1784188561382,False,False,not_evaluated,missing_same_side_strict_through_support,,0.5,False,True
990,trades,1784188561739,False,False,not_evaluated,missing_same_side_strict_through_support,,0.5,False,True
991,l2Book,1784188562016,False,False,not_evaluated,missing_same_side_strict_through_support,,0.5,False,True
992,l2Book,1784188562525,False,False,not_evaluated,missing_same_side_strict_through_support,,0.5,False,True
993,trades,1784188562648,False,False,not_evaluated,missing_same_side_strict_through_support,,0.5,False,True
994,l2Book,1784188563095,False,False,not_evaluated,missing_same_side_strict_through_support,,0.5,False,True
995,l2Book,1784188563631,False,False,not_evaluated,missing_same_side_strict_through_support,,0.5,False,True
996,trades,1784188563631,False,False,not_evaluated,missing_same_side_strict_through_support,,0.5,False,True
997,trades,1784188564030,False,False,not_evaluated,missing_same_side_strict_through_support,,0.5,False,True
998,l2Book,1784188564165,False,False,not_evaluated,missing_same_side_strict_through_support,,0.5,False,True
999,trades,1784188564242,False,False,not_evaluated,missing_same_side_strict_through_support,,0.5,False,True
1000,l2Book,1784188564671,False,False,not_evaluated,missing_same_side_strict_through_support,,0.5,False,True
1001,trades,1784188565042,False,False,not_evaluated,missing_same_side_strict_through_support,,0.5,False,True
1002,l2Book,1784188565212,False,False,not_evaluated,missing_same_side_strict_through_support,,0.5,False,True
1003,l2Book,1784188565756,False,False,not_evaluated,missing_same_side_strict_through_support,,0.5,False,True
1004,l2Book,1784188566379,False,False,not_evaluated,missing_same_side_strict_through_support,,0.5,False,True
1005,l2Book,1784188566884,False,False,not_evaluated,missing_same_side_strict_through_support,,0.5,False,True
1006,l2Book,1784188567454,False,False,not_evaluated,missing_same_side_strict_through_support,,0.5,False,True
1007,l2Book,1784188567988,False,False,not_evaluated,missing_same_side_strict_through_support,,0.5,False,True
1008,l2Book,1784188568490,False,False,not_evaluated,missing_same_side_strict_through_support;missing_recent_same_side_at_or_through_throughput,,0.5,False,True
1009,trades,1784188568691,False,False,not_evaluated,missing_same_side_strict_through_support;missing_recent_same_side_at_or_through_throughput,,0.5,False,True
1010,l2Book,1784188569094,False,False,not_evaluated,missing_same_side_strict_through_support;missing_recent_same_side_at_or_through_throughput,,0.5,False,True
1011,trades,1784188569094,False,False,not_evaluated,missing_same_side_strict_through_support,,0.5,False,True
1012,l2Book,1784188569636,False,False,not_evaluated,missing_same_side_strict_through_support,,0.5,False,True
1013,trades,1784188570044,False,False,not_evaluated,missing_same_side_strict_through_support,,0.5,False,True
1014,l2Book,1784188570191,False,False,not_evaluated,missing_same_side_strict_through_support,,0.5,False,True
1015,trades,1784188570591,False,False,not_evaluated,missing_same_side_strict_through_support,,0.5,False,True
1016,l2Book,1784188570724,False,False,not_evaluated,missing_touch_freshness_or_queue_reset_evidence,,0.5,False,True
1017,trades,1784188570793,False,False,not_evaluated,missing_touch_freshness_or_queue_reset_evidence,,0.5,False,True
1018,trades,1784188570927,False,False,not_evaluated,missing_touch_freshness_or_queue_reset_evidence,,0.5,False,True
1019,trades,1784188571043,False,False,not_evaluated,outside_quality_a_b_queue_bands,,0.5,False,True
1020,l2Book,1784188571328,False,False,not_evaluated,missing_touch_freshness_or_queue_reset_evidence,,0.5,False,True
1021,trades,1784188571328,False,False,not_evaluated,missing_touch_freshness_or_queue_reset_evidence,,0.5,False,True
1022,l2Book,1784188571852,False,False,not_evaluated,outside_quality_a_b_queue_bands,,0.5,False,True
1023,trades,1784188572172,False,False,not_evaluated,outside_quality_a_b_queue_bands,,0.5,False,True
1024,l2Book,1784188572373,False,False,not_evaluated,outside_quality_a_b_queue_bands,,0.5,False,True
1025,l2Book,1784188572934,False,False,not_evaluated,outside_quality_a_b_queue_bands,,0.5,False,True
1026,trades,1784188573002,False,False,not_evaluated,outside_quality_a_b_queue_bands,,0.5,False,True
1027,trades,1784188573139,False,False,not_evaluated,missing_same_side_strict_through_support,,0.5,False,True
1028,l2Book,1784188573485,False,False,not_evaluated,missing_same_side_strict_through_support,,0.5,False,True
1029,trades,1784188573558,False,False,not_evaluated,missing_same_side_strict_through_support,,0.5,False,True
1030,l2Book,1784188574027,False,False,not_evaluated,missing_same_side_strict_through_support,,0.5,False,True
1031,l2Book,1784188574534,False,False,not_evaluated,missing_same_side_strict_through_support,,0.5,False,True
1032,l2Book,1784188575089,False,False,not_evaluated,missing_same_side_strict_through_support,,0.5,False,True
1033,trades,1784188575371,False,False,not_evaluated,missing_same_side_strict_through_support,,0.5,False,True
1034,l2Book,1784188575643,False,False,not_evaluated,missing_same_side_strict_through_support,,0.5,False,True
1035,trades,1784188575846,False,False,not_evaluated,missing_same_side_strict_through_support,,0.5,False,True
1036,trades,1784188575981,False,False,not_evaluated,missing_same_side_strict_through_support,,0.5,False,True
1037,l2Book,1784188576180,False,False,not_evaluated,missing_touch_freshness_or_queue_reset_evidence,,0.5,False,True
1038,trades,1784188576180,False,False,not_evaluated,missing_touch_freshness_or_queue_reset_evidence,,0.5,False,True
1039,l2Book,1784188576710,False,False,not_evaluated,outside_quality_a_b_queue_bands,,0.5,False,True
1040,trades,1784188576783,False,False,not_evaluated,outside_quality_a_b_queue_bands,,0.5,False,True
1041,trades,1784188576985,False,False,not_evaluated,outside_quality_a_b_queue_bands,,0.5,False,True
1042,l2Book,1784188577254,False,False,not_evaluated,outside_quality_a_b_queue_bands,,0.5,False,True
1043,trades,1784188577593,False,False,not_evaluated,outside_quality_a_b_queue_bands,,0.5,False,True
1044,l2Book,1784188577792,False,False,not_evaluated,outside_quality_a_b_queue_bands,,0.5,False,True
1045,trades,1784188577942,False,False,not_evaluated,outside_quality_a_b_queue_bands,,0.5,False,True
1046,l2Book,1784188578293,False,False,not_evaluated,outside_quality_a_b_queue_bands,,0.5,False,True
1047,trades,1784188578345,False,False,not_evaluated,outside_quality_a_b_queue_bands,,0.5,False,True
1048,trades,1784188578432,False,False,not_evaluated,outside_quality_a_b_queue_bands,,0.5,False,True
1049,l2Book,1784188578836,False,False,not_evaluated,missing_touch_freshness_or_queue_reset_evidence,,0.5,False,True
1050,l2Book,1784188579357,False,False,not_evaluated,outside_quality_a_b_queue_bands,,0.5,False,True
1051,l2Book,1784188579902,False,False,not_evaluated,outside_quality_a_b_queue_bands,,0.5,False,True
1052,trades,1784188580305,False,False,not_evaluated,outside_quality_a_b_queue_bands,,0.5,False,True
1053,l2Book,1784188580456,False,False,not_evaluated,outside_quality_a_b_queue_bands,,0.5,False,True
1054,trades,1784188580806,False,False,not_evaluated,missing_same_side_strict_through_support,,0.5,False,True
1055,l2Book,1784188581055,False,False,not_evaluated,missing_same_side_strict_through_support,,0.5,False,True
1056,trades,1784188581005,False,False,not_evaluated,missing_same_side_strict_through_support,,0.5,False,True
1057,l2Book,1784188581543,False,False,not_evaluated,missing_same_side_strict_through_support;missing_recent_same_side_at_or_through_throughput,,0.5,False,True
1058,l2Book,1784188582077,False,False,not_evaluated,missing_same_side_strict_through_support;missing_recent_same_side_at_or_through_throughput,,0.5,False,True
1059,l2Book,1784188582616,False,False,not_evaluated,missing_same_side_strict_through_support;missing_recent_same_side_at_or_through_throughput,,0.5,False,True
1060,l2Book,1784188583154,False,False,not_evaluated,missing_same_side_strict_through_support;missing_recent_same_side_at_or_through_throughput,,0.5,False,True
1061,trades,1784188583287,False,False,not_evaluated,missing_same_side_strict_through_support;missing_recent_same_side_at_or_through_throughput,,0.5,False,True
1062,trades,1784188583361,False,False,not_evaluated,missing_same_side_strict_through_support;missing_recent_same_side_at_or_through_throughput,,0.5,False,True
1063,l2Book,1784188583764,False,False,not_evaluated,missing_same_side_strict_through_support;missing_touch_freshness_or_queue_reset_evidence;missing_recent_same_side_at_or_through_throughput,,0.5,False,True
1064,trades,1784188584167,False,False,not_evaluated,missing_same_side_strict_through_support;missing_recent_same_side_at_or_through_throughput,,0.5,False,True
1065,l2Book,1784188584299,False,False,not_evaluated,missing_same_side_strict_through_support;missing_recent_same_side_at_or_through_throughput,,0.5,False,True
1066,l2Book,1784188584837,False,False,not_evaluated,missing_same_side_strict_through_support;missing_recent_same_side_at_or_through_throughput,,0.5,False,True
1067,trades,1784188585019,False,False,not_evaluated,missing_same_side_strict_through_support,,0.5,False,True
1068,l2Book,1784188585382,False,False,not_evaluated,missing_same_side_strict_through_support,,0.5,False,True
1069,trades,1784188585452,False,False,not_evaluated,missing_same_side_strict_through_support,,0.5,False,True
1070,trades,1784188585854,False,False,not_evaluated,missing_same_side_strict_through_support,,0.5,False,True
1071,l2Book,1784188585920,False,False,not_evaluated,missing_same_side_strict_through_support,,0.5,False,True
1072,trades,1784188586053,False,False,not_evaluated,missing_same_side_strict_through_support,,0.5,False,True
1073,trades,1784188586256,False,False,not_evaluated,missing_same_side_strict_through_support,,0.5,False,True
1074,l2Book,1784188586473,False,False,not_evaluated,missing_same_side_strict_through_support,,0.5,False,True
1075,l2Book,1784188587074,False,False,not_evaluated,missing_same_side_strict_through_support,,0.5,False,True
1076,trades,1784188587007,False,False,not_evaluated,missing_same_side_strict_through_support,,0.5,False,True
1077,l2Book,1784188587550,False,False,not_evaluated,missing_same_side_strict_through_support,,0.5,False,True
1078,trades,1784188587630,False,False,not_evaluated,missing_same_side_strict_through_support,,0.5,False,True
1079,trades,1784188587898,False,False,not_evaluated,missing_same_side_strict_through_support,,0.5,False,True
1080,l2Book,1784188588101,False,False,not_evaluated,missing_same_side_strict_through_support,,0.5,False,True
1081,l2Book,1784188588630,False,False,not_evaluated,missing_same_side_strict_through_support,,0.5,False,True
1082,trades,1784188588711,False,False,not_evaluated,missing_same_side_strict_through_support,,0.5,False,True
1083,trades,1784188589046,False,False,not_evaluated,missing_same_side_strict_through_support,,0.5,False,True
1084,l2Book,1784188589163,False,False,not_evaluated,missing_same_side_strict_through_support,,0.5,False,True
1085,trades,1784188589314,False,False,not_evaluated,missing_same_side_strict_through_support,,0.5,False,True
1086,trades,1784188589516,False,False,not_evaluated,missing_same_side_strict_through_support,,0.5,False,True
1087,l2Book,1784188589716,False,False,not_evaluated,missing_same_side_strict_through_support,,0.5,False,True
1088,trades,1784188589918,False,False,not_evaluated,missing_same_side_strict_through_support,,0.5,False,True
1089,l2Book,1784188590242,False,False,not_evaluated,missing_same_side_strict_through_support,,0.5,False,True
1090,trades,1784188590242,False,False,not_evaluated,missing_same_side_strict_through_support,,0.5,False,True
1091,trades,1784188590319,False,False,not_evaluated,missing_same_side_strict_through_support,,0.5,False,True
1092,l2Book,1784188590776,False,False,not_evaluated,missing_same_side_strict_through_support,,0.5,False,True
1093,trades,1784188591125,False,False,not_evaluated,missing_same_side_strict_through_support,,0.5,False,True
1094,l2Book,1784188591325,False,False,not_evaluated,missing_same_side_strict_through_support,,0.5,False,True
1095,trades,1784188591527,False,False,not_evaluated,missing_same_side_strict_through_support,,0.5,False,True
1096,trades,1784188591729,False,False,not_evaluated,missing_same_side_strict_through_support,,0.5,False,True
1097,l2Book,1784188591863,False,False,not_evaluated,missing_same_side_strict_through_support,,0.5,False,True
1098,trades,1784188591930,False,False,not_evaluated,missing_same_side_strict_through_support,,0.5,False,True
1099,l2Book,1784188592380,False,False,not_evaluated,missing_same_side_strict_through_support,,0.5,False,True
1100,l2Book,1784188592936,False,False,not_evaluated,missing_same_side_strict_through_support,,0.5,False,True
1101,l2Book,1784188593471,False,False,not_evaluated,missing_same_side_strict_through_support,,0.5,False,True
1102,trades,1784188593875,False,False,not_evaluated,missing_same_side_strict_through_support,,0.5,False,True
1103,trades,1784188593945,False,False,not_evaluated,missing_same_side_strict_through_support,,0.5,False,True
1104,l2Book,1784188594012,False,False,not_evaluated,missing_same_side_strict_through_support,,0.5,False,True
1105,trades,1784188594012,False,False,not_evaluated,missing_same_side_strict_through_support,,0.5,False,True
1106,l2Book,1784188594554,False,False,not_evaluated,missing_same_side_strict_through_support,,0.5,False,True
1107,l2Book,1784188595086,False,False,not_evaluated,missing_same_side_strict_through_support;missing_recent_same_side_at_or_through_throughput,,0.5,False,True
1108,trades,1784188595086,False,False,not_evaluated,missing_same_side_strict_through_support;missing_recent_same_side_at_or_through_throughput,,0.5,False,True
1109,l2Book,1784188595618,False,False,not_evaluated,missing_same_side_strict_through_support;missing_recent_same_side_at_or_through_throughput,,0.5,False,True
1110,trades,1784188595690,False,False,not_evaluated,missing_same_side_strict_through_support;missing_recent_same_side_at_or_through_throughput,,0.5,False,True
1111,trades,1784188596092,False,False,not_evaluated,missing_same_side_strict_through_support;missing_recent_same_side_at_or_through_throughput,,0.5,False,True
1112,l2Book,1784188596204,False,False,not_evaluated,missing_same_side_strict_through_support;missing_recent_same_side_at_or_through_throughput,,0.5,False,True
1113,trades,1784188596204,False,False,not_evaluated,missing_same_side_strict_through_support,,0.5,False,True
1114,l2Book,1784188596720,False,False,not_evaluated,missing_same_side_strict_through_support,,0.5,False,True
1115,trades,1784188596921,False,False,not_evaluated,missing_same_side_strict_through_support,,0.5,False,True
1116,trades,1784188597122,False,False,not_evaluated,missing_same_side_strict_through_support,,0.5,False,True
1117,l2Book,1784188597251,False,False,not_evaluated,missing_same_side_strict_through_support,,0.5,False,True
1118,trades,1784188597525,False,False,not_evaluated,missing_same_side_strict_through_support,,0.5,False,True
1119,l2Book,1784188597791,False,False,not_evaluated,missing_same_side_strict_through_support,,0.5,False,True
1120,trades,1784188598128,False,False,not_evaluated,missing_same_side_strict_through_support,,0.5,False,True
1121,l2Book,1784188598329,False,False,not_evaluated,missing_same_side_strict_through_support,,0.5,False,True
1122,trades,1784188598329,False,False,not_evaluated,missing_same_side_strict_through_support,,0.5,False,True
1123,trades,1784188598668,False,False,not_evaluated,missing_same_side_strict_through_support,,0.5,False,True
1124,l2Book,1784188598869,False,False,not_evaluated,missing_same_side_strict_through_support,,0.5,False,True
1125,l2Book,1784188599420,False,False,not_evaluated,missing_same_side_strict_through_support,,0.5,False,True
1126,trades,1784188599623,False,False,not_evaluated,missing_same_side_strict_through_support,,0.5,False,True
1127,trades,1784188599756,False,False,not_evaluated,missing_same_side_strict_through_support,,0.5,False,True
1128,trades,1784188599820,False,False,not_evaluated,missing_same_side_strict_through_support,,0.5,False,True
1129,l2Book,1784188599960,False,False,not_evaluated,missing_touch_freshness_or_queue_reset_evidence,,0.5,False,True
1130,trades,1784188599960,False,False,not_evaluated,missing_touch_freshness_or_queue_reset_evidence,,0.5,False,True
1131,trades,1784188600022,False,False,not_evaluated,missing_touch_freshness_or_queue_reset_evidence,,0.5,False,True
1132,l2Book,1784188600491,False,False,not_evaluated,outside_quality_a_b_queue_bands,,0.5,False,True
1133,trades,1784188600491,False,False,not_evaluated,outside_quality_a_b_queue_bands,,0.5,False,True
1134,l2Book,1784188601015,False,False,not_evaluated,outside_quality_a_b_queue_bands,,0.5,False,True
1135,trades,1784188601015,False,False,not_evaluated,outside_quality_a_b_queue_bands,,0.5,False,True
1136,trades,1784188601090,False,False,not_evaluated,outside_quality_a_b_queue_bands,,0.5,False,True
1137,trades,1784188601292,False,False,not_evaluated,outside_quality_a_b_queue_bands,,0.5,False,True
1138,l2Book,1784188601561,False,False,not_evaluated,missing_touch_freshness_or_queue_reset_evidence,,0.5,False,True
1139,l2Book,1784188602068,False,False,not_evaluated,outside_quality_a_b_queue_bands,,0.5,False,True
1140,trades,1784188602127,False,False,not_evaluated,outside_quality_a_b_queue_bands,,0.5,False,True
1141,trades,1784188602366,False,False,not_evaluated,outside_quality_a_b_queue_bands,,0.5,False,True
1142,trades,1784188602499,False,False,not_evaluated,outside_quality_a_b_queue_bands,,0.5,False,True
1143,trades,1784188602567,False,False,not_evaluated,outside_quality_a_b_queue_bands,,0.5,False,True
1144,l2Book,1784188602630,False,False,not_evaluated,outside_quality_a_b_queue_bands,,0.5,False,True
1145,trades,1784188602701,False,False,not_evaluated,outside_quality_a_b_queue_bands,,0.5,False,True
1146,trades,1784188603036,False,False,not_evaluated,outside_quality_a_b_queue_bands,,0.5,False,True
1147,l2Book,1784188603170,False,False,not_evaluated,outside_quality_a_b_queue_bands,,0.5,False,True
1148,l2Book,1784188603709,False,False,not_evaluated,outside_quality_a_b_queue_bands,,0.5,False,True
1149,trades,1784188603977,False,False,not_evaluated,outside_quality_a_b_queue_bands,,0.5,False,True
1150,trades,1784188604149,False,False,not_evaluated,missing_same_side_strict_through_support,,0.5,False,True
1151,l2Book,1784188604233,False,False,not_evaluated,missing_touch_freshness_or_queue_reset_evidence,,0.5,False,True
1152,trades,1784188604602,False,False,not_evaluated,outside_quality_a_b_queue_bands,,0.5,False,True
1153,l2Book,1784188604787,False,False,not_evaluated,missing_touch_freshness_or_queue_reset_evidence,,0.5,False,True
1154,trades,1784188604932,False,False,not_evaluated,missing_touch_freshness_or_queue_reset_evidence,,0.5,False,True
1155,l2Book,1784188605332,False,False,not_evaluated,outside_quality_a_b_queue_bands,,0.5,False,True
1156,trades,1784188605419,False,False,not_evaluated,outside_quality_a_b_queue_bands,,0.5,False,True
1157,trades,1784188605552,False,False,not_evaluated,missing_same_side_strict_through_support,,0.5,False,True
1158,trades,1784188605752,False,False,not_evaluated,missing_same_side_strict_through_support,,0.5,False,True
1159,l2Book,1784188605875,False,False,not_evaluated,missing_same_side_strict_through_support,,0.5,False,True
1160,trades,1784188606220,False,False,not_evaluated,missing_same_side_strict_through_support,,0.5,False,True
1161,l2Book,1784188606435,False,False,not_evaluated,missing_same_side_strict_through_support,,0.5,False,True
1162,trades,1784188606435,False,False,not_evaluated,missing_same_side_strict_through_support,,0.5,False,True
1163,trades,1784188606566,False,False,not_evaluated,missing_same_side_strict_through_support,,0.5,False,True
1164,trades,1784188606635,False,False,not_evaluated,outside_quality_a_b_queue_bands,,0.5,False,True
1165,l2Book,1784188606972,False,False,not_evaluated,missing_same_side_strict_through_support;missing_touch_freshness_or_queue_reset_evidence,,0.5,False,True
1166,trades,1784188607036,False,False,not_evaluated,missing_same_side_strict_through_support;missing_touch_freshness_or_queue_reset_evidence,,0.5,False,True
1167,trades,1784188607175,False,False,not_evaluated,missing_touch_freshness_or_queue_reset_evidence,,0.5,False,True
1168,trades,1784188607238,True,True,edge_gate_block,fair_mid_source_stale,0.000655,0.5,False,False
1169,l2Book,1784188608110,False,False,not_evaluated,missing_same_side_strict_through_support;missing_recent_same_side_at_or_through_throughput,,0.5,False,True
1170,trades,1784188608441,False,False,not_evaluated,missing_same_side_strict_through_support,,0.5,False,True
1171,l2Book,1784188608637,False,False,not_evaluated,missing_same_side_strict_through_support,,0.5,False,True
1172,trades,1784188608843,False,False,not_evaluated,missing_same_side_strict_through_support,,0.5,False,True
1173,l2Book,1784188609179,False,False,not_evaluated,missing_same_side_strict_through_support,,0.5,False,True
1174,l2Book,1784188609730,False,False,not_evaluated,missing_same_side_strict_through_support,,0.5,False,True
1175,trades,1784188609797,False,False,not_evaluated,missing_same_side_strict_through_support,,0.5,False,True
1176,l2Book,1784188610266,False,False,not_evaluated,missing_same_side_strict_through_support,,0.5,False,True
1177,trades,1784188610585,False,False,not_evaluated,missing_same_side_strict_through_support,,0.5,False,True
1178,l2Book,1784188610809,False,False,not_evaluated,missing_same_side_strict_through_support,,0.5,False,True
1179,trades,1784188610809,False,False,not_evaluated,missing_same_side_strict_through_support,,0.5,False,True
1180,trades,1784188611045,False,False,not_evaluated,missing_same_side_strict_through_support,,0.5,False,True
1181,trades,1784188611216,False,False,not_evaluated,missing_same_side_strict_through_support,,0.5,False,True
1182,trades,1784188611287,False,False,not_evaluated,missing_same_side_strict_through_support,,0.5,False,True
1183,l2Book,1784188611332,False,False,not_evaluated,missing_same_side_strict_through_support;missing_touch_freshness_or_queue_reset_evidence,,0.5,False,True
1184,trades,1784188611486,False,False,not_evaluated,missing_same_side_strict_through_support;missing_touch_freshness_or_queue_reset_evidence,,0.5,False,True
1185,l2Book,1784188611885,False,False,not_evaluated,missing_touch_freshness_or_queue_reset_evidence,,0.5,False,True
1186,trades,1784188612023,False,False,not_evaluated,missing_touch_freshness_or_queue_reset_evidence,,0.5,False,True
1187,l2Book,1784188612419,False,False,not_evaluated,outside_quality_a_b_queue_bands,,0.5,False,True
1188,l2Book,1784188612953,False,False,not_evaluated,outside_quality_a_b_queue_bands,,0.5,False,True
1189,trades,1784188613224,False,False,not_evaluated,outside_quality_a_b_queue_bands,,0.5,False,True
1190,trades,1784188613290,False,False,not_evaluated,outside_quality_a_b_queue_bands,,0.5,False,True
1191,l2Book,1784188613474,False,False,not_evaluated,outside_quality_a_b_queue_bands,,0.5,False,True
1192,l2Book,1784188614028,False,False,not_evaluated,outside_quality_a_b_queue_bands,,0.5,False,True
1193,l2Book,1784188614559,False,False,not_evaluated,missing_same_side_strict_through_support;missing_recent_same_side_at_or_through_throughput,,0.5,False,True
1194,trades,1784188615058,False,False,not_evaluated,missing_same_side_strict_through_support,,0.5,False,True
1195,l2Book,1784188615109,False,False,not_evaluated,missing_same_side_strict_through_support,,0.5,False,True
1196,trades,1784188615543,False,False,not_evaluated,missing_same_side_strict_through_support,,0.5,False,True
1197,l2Book,1784188615673,False,False,not_evaluated,missing_same_side_strict_through_support,,0.5,False,True
1198,trades,1784188615673,False,False,not_evaluated,missing_same_side_strict_through_support,,0.5,False,True
1199,trades,1784188615940,False,False,not_evaluated,missing_same_side_strict_through_support,,0.5,False,True
1200,l2Book,1784188616279,False,False,not_evaluated,missing_touch_freshness_or_queue_reset_evidence,,0.5,False,True
1201,trades,1784188616693,False,False,not_evaluated,outside_quality_a_b_queue_bands,,0.5,False,True
1202,l2Book,1784188616893,False,False,not_evaluated,outside_quality_a_b_queue_bands,,0.5,False,True
1203,trades,1784188617093,False,False,not_evaluated,outside_quality_a_b_queue_bands,,0.5,False,True
1204,trades,1784188617292,False,False,not_evaluated,outside_quality_a_b_queue_bands,,0.5,False,True
1205,l2Book,1784188617420,False,False,not_evaluated,outside_quality_a_b_queue_bands,,0.5,False,True
1206,l2Book,1784188617968,False,False,not_evaluated,outside_quality_a_b_queue_bands,,0.5,False,True
1207,trades,1784188618167,False,False,not_evaluated,outside_quality_a_b_queue_bands,,0.5,False,True
1208,l2Book,1784188618508,False,False,not_evaluated,outside_quality_a_b_queue_bands,,0.5,False,True
1209,l2Book,1784188619110,False,False,not_evaluated,missing_same_side_strict_through_support,,0.5,False,True
1210,trades,1784188619110,False,False,not_evaluated,missing_same_side_strict_through_support,,0.5,False,True
1211,l2Book,1784188619634,False,False,not_evaluated,missing_same_side_strict_through_support,,0.5,False,True
1212,l2Book,1784188620190,False,False,not_evaluated,missing_same_side_strict_through_support,,0.5,False,True
1213,trades,1784188620190,False,False,not_evaluated,missing_same_side_strict_through_support,,0.5,False,True
1214,trades,1784188620596,False,False,not_evaluated,missing_same_side_strict_through_support,,0.5,False,True
1215,l2Book,1784188620736,False,False,not_evaluated,missing_same_side_strict_through_support,,0.5,False,True
1216,l2Book,1784188621334,False,False,not_evaluated,missing_same_side_strict_through_support,,0.5,False,True
1217,l2Book,1784188621928,False,False,not_evaluated,missing_same_side_strict_through_support,,0.5,False,True
1218,trades,1784188622002,False,False,not_evaluated,missing_same_side_strict_through_support,,0.5,False,True
1219,trades,1784188622396,False,False,not_evaluated,missing_same_side_strict_through_support,,0.5,False,True
1220,l2Book,1784188622448,False,False,not_evaluated,missing_same_side_strict_through_support,,0.5,False,True
1221,trades,1784188622830,False,False,not_evaluated,missing_same_side_strict_through_support,,0.5,False,True
1222,l2Book,1784188622952,False,False,not_evaluated,missing_same_side_strict_through_support,,0.5,False,True
1223,l2Book,1784188623475,False,False,not_evaluated,missing_same_side_strict_through_support,,0.5,False,True
1224,trades,1784188623556,False,False,not_evaluated,missing_same_side_strict_through_support,,0.5,False,True
1225,trades,1784188623633,False,False,not_evaluated,missing_same_side_strict_through_support,,0.5,False,True
1226,l2Book,1784188624036,False,False,not_evaluated,missing_same_side_strict_through_support,,0.5,False,True
1227,trades,1784188624036,False,False,not_evaluated,missing_same_side_strict_through_support,,0.5,False,True
1228,l2Book,1784188624565,False,False,not_evaluated,missing_same_side_strict_through_support,,0.5,False,True
1229,trades,1784188624767,False,False,not_evaluated,missing_same_side_strict_through_support,,0.5,False,True
1230,l2Book,1784188625167,False,False,not_evaluated,missing_same_side_strict_through_support,,0.5,False,True
1231,trades,1784188625570,False,False,not_evaluated,missing_same_side_strict_through_support,,0.5,False,True
1232,l2Book,1784188625771,False,False,not_evaluated,missing_touch_freshness_or_queue_reset_evidence,,0.5,False,True
1233,trades,1784188626023,False,False,not_evaluated,outside_quality_a_b_queue_bands,,0.5,False,True
1234,l2Book,1784188626307,False,False,not_evaluated,outside_quality_a_b_queue_bands,,0.5,False,True
1235,l2Book,1784188626836,False,False,not_evaluated,outside_quality_a_b_queue_bands,,0.5,False,True
1236,l2Book,1784188627383,False,False,not_evaluated,outside_quality_a_b_queue_bands,,0.5,False,True
1237,l2Book,1784188627929,False,False,not_evaluated,outside_quality_a_b_queue_bands,,0.5,False,True
1238,trades,1784188627929,False,False,not_evaluated,outside_quality_a_b_queue_bands,,0.5,False,True
1239,trades,1784188627985,False,False,not_evaluated,outside_quality_a_b_queue_bands,,0.5,False,True
1240,l2Book,1784188628455,False,False,not_evaluated,missing_touch_freshness_or_queue_reset_evidence,,0.5,False,True
1241,trades,1784188628936,False,False,not_evaluated,missing_same_side_strict_through_support;missing_recent_same_side_at_or_through_throughput,,0.5,False,True
1242,l2Book,1784188628991,False,False,not_evaluated,missing_same_side_strict_through_support;missing_touch_freshness_or_queue_reset_evidence,,0.5,False,True
1243,l2Book,1784188629547,False,False,not_evaluated,missing_touch_freshness_or_queue_reset_evidence,,0.5,False,True
1244,trades,1784188629618,False,False,not_evaluated,missing_touch_freshness_or_queue_reset_evidence,,0.5,False,True
1245,trades,1784188630019,False,False,not_evaluated,outside_quality_a_b_queue_bands,,0.5,False,True
1246,l2Book,1784188630142,False,False,not_evaluated,outside_quality_a_b_queue_bands,,0.5,False,True
1247,trades,1784188630142,False,False,not_evaluated,outside_quality_a_b_queue_bands,,0.5,False,True
1248,trades,1784188630356,False,False,not_evaluated,outside_quality_a_b_queue_bands,,0.5,False,True
1249,l2Book,1784188630679,False,False,not_evaluated,outside_quality_a_b_queue_bands,,0.5,False,True
1250,trades,1784188631024,False,False,not_evaluated,outside_quality_a_b_queue_bands,,0.5,False,True
1251,trades,1784188631160,False,False,not_evaluated,outside_quality_a_b_queue_bands,,0.5,False,True
1252,l2Book,1784188631226,False,False,not_evaluated,outside_quality_a_b_queue_bands,,0.5,False,True
1253,l2Book,1784188631760,False,False,not_evaluated,outside_quality_a_b_queue_bands,,0.5,False,True
1254,trades,1784188632011,False,False,not_evaluated,missing_same_side_strict_through_support,,0.5,False,True
1255,l2Book,1784188632300,False,False,not_evaluated,missing_same_side_strict_through_support,,0.5,False,True
1256,trades,1784188632733,False,False,not_evaluated,missing_same_side_strict_through_support,,0.5,False,True
1257,l2Book,1784188632868,False,False,not_evaluated,missing_same_side_strict_through_support,,0.5,False,True
1258,trades,1784188632868,False,False,not_evaluated,missing_same_side_strict_through_support,,0.5,False,True
1259,l2Book,1784188633474,False,False,not_evaluated,missing_same_side_strict_through_support,,0.5,False,True
1260,trades,1784188633739,False,False,not_evaluated,missing_same_side_strict_through_support,,0.5,False,True
1261,l2Book,1784188634144,False,False,not_evaluated,missing_same_side_strict_through_support,,0.5,False,True
1262,trades,1784188634144,False,False,not_evaluated,missing_same_side_strict_through_support,,0.5,False,True
1263,l2Book,1784188634605,False,False,not_evaluated,missing_touch_freshness_or_queue_reset_evidence,,0.5,False,True
1264,trades,1784188634670,False,False,not_evaluated,missing_touch_freshness_or_queue_reset_evidence,,0.5,False,True
1265,trades,1784188634803,False,False,not_evaluated,missing_touch_freshness_or_queue_reset_evidence,,0.5,False,True
1266,l2Book,1784188635206,False,False,not_evaluated,missing_touch_freshness_or_queue_reset_evidence,,0.5,False,True
1267,trades,1784188635270,False,False,not_evaluated,missing_touch_freshness_or_queue_reset_evidence,,0.5,False,True
1268,trades,1784188635338,False,False,not_evaluated,missing_touch_freshness_or_queue_reset_evidence,,0.5,False,True
1269,trades,1784188635407,False,False,not_evaluated,missing_touch_freshness_or_queue_reset_evidence,,0.5,False,True
1270,l2Book,1784188635802,False,False,not_evaluated,outside_quality_a_b_queue_bands,,0.5,False,True
1271,trades,1784188636004,False,False,not_evaluated,outside_quality_a_b_queue_bands,,0.5,False,True
1272,l2Book,1784188636325,False,False,not_evaluated,outside_quality_a_b_queue_bands,,0.5,False,True
1273,trades,1784188636809,False,False,not_evaluated,outside_quality_a_b_queue_bands,,0.5,False,True
1274,l2Book,1784188636875,False,False,not_evaluated,outside_quality_a_b_queue_bands,,0.5,False,True
1275,l2Book,1784188637401,False,False,not_evaluated,outside_quality_a_b_queue_bands,,0.5,False,True
1276,trades,1784188637613,False,False,not_evaluated,outside_quality_a_b_queue_bands,,0.5,False,True
1277,l2Book,1784188637947,False,False,not_evaluated,missing_same_side_strict_through_support,,0.5,False,True
1278,trades,1784188638018,False,False,not_evaluated,missing_same_side_strict_through_support,,0.5,False,True
1279,trades,1784188638351,False,False,not_evaluated,missing_same_side_strict_through_support,,0.5,False,True
1280,trades,1784188638419,False,False,not_evaluated,missing_same_side_strict_through_support,,0.5,False,True
1281,l2Book,1784188638472,False,False,not_evaluated,missing_same_side_strict_through_support,,0.5,False,True
1282,l2Book,1784188639020,False,False,not_evaluated,missing_same_side_strict_through_support,,0.5,False,True
1283,trades,1784188639153,False,False,not_evaluated,missing_same_side_strict_through_support,,0.5,False,True
1284,l2Book,1784188639556,False,False,not_evaluated,missing_same_side_strict_through_support;missing_touch_freshness_or_queue_reset_evidence,,0.5,False,True
1285,trades,1784188639556,False,False,not_evaluated,missing_same_side_strict_through_support;missing_touch_freshness_or_queue_reset_evidence,,0.5,False,True
1286,l2Book,1784188640089,False,False,not_evaluated,missing_touch_freshness_or_queue_reset_evidence,,0.5,False,True
1287,trades,1784188640161,False,False,not_evaluated,missing_touch_freshness_or_queue_reset_evidence,,0.5,False,True
1288,l2Book,1784188640629,False,False,not_evaluated,outside_quality_a_b_queue_bands,,0.5,False,True
1289,trades,1784188640963,False,False,not_evaluated,outside_quality_a_b_queue_bands,,0.5,False,True
1290,trades,1784188641030,False,False,not_evaluated,outside_quality_a_b_queue_bands,,0.5,False,True
1291,l2Book,1784188641165,False,False,not_evaluated,outside_quality_a_b_queue_bands,,0.5,False,True
1292,l2Book,1784188641688,False,False,not_evaluated,missing_touch_freshness_or_queue_reset_evidence,,0.5,False,True
1293,trades,1784188641771,False,False,not_evaluated,missing_touch_freshness_or_queue_reset_evidence,,0.5,False,True
1294,l2Book,1784188642238,False,False,not_evaluated,missing_same_side_strict_through_support;missing_touch_freshness_or_queue_reset_evidence,,0.5,False,True
1295,trades,1784188642373,False,False,not_evaluated,missing_same_side_strict_through_support;missing_touch_freshness_or_queue_reset_evidence,,0.5,False,True
1296,trades,1784188642574,False,False,not_evaluated,missing_same_side_strict_through_support,,0.5,False,True
1297,l2Book,1784188642777,False,False,not_evaluated,missing_same_side_strict_through_support,,0.5,False,True
1298,l2Book,1784188643305,False,False,not_evaluated,missing_same_side_strict_through_support,,0.5,False,True
1299,trades,1784188643378,False,False,not_evaluated,missing_same_side_strict_through_support,,0.5,False,True
1300,l2Book,1784188643847,False,False,not_evaluated,missing_same_side_strict_through_support,,0.5,False,True
1301,trades,1784188644183,False,False,not_evaluated,missing_same_side_strict_through_support,,0.5,False,True
1302,l2Book,1784188644386,False,False,not_evaluated,missing_same_side_strict_through_support,,0.5,False,True
1303,trades,1784188644798,False,False,not_evaluated,outside_quality_a_b_queue_bands,,0.5,False,True
1304,l2Book,1784188644932,False,False,not_evaluated,missing_same_side_strict_through_support;missing_touch_freshness_or_queue_reset_evidence;missing_recent_same_side_at_or_through_throughput,,0.5,False,True
1305,trades,1784188645000,False,False,not_evaluated,missing_same_side_strict_through_support;missing_touch_freshness_or_queue_reset_evidence,,0.5,False,True
1306,trades,1784188645206,True,True,anti_drift_block,adverse_trade_pressure_with_recent_adverse_bbo,0.00083,0.5,False,True
1307,l2Book,1784188645484,False,False,not_evaluated,missing_same_side_strict_through_support;missing_touch_freshness_or_queue_reset_evidence,,0.5,False,True
1308,trades,1784188645484,False,False,not_evaluated,missing_same_side_strict_through_support;missing_touch_freshness_or_queue_reset_evidence,,0.5,False,True
1309,trades,1784188645620,False,False,not_evaluated,missing_same_side_strict_through_support;missing_touch_freshness_or_queue_reset_evidence,,0.5,False,True
1310,l2Book,1784188646018,False,False,not_evaluated,missing_same_side_strict_through_support,,0.5,False,True
1311,trades,1784188646018,False,False,not_evaluated,missing_same_side_strict_through_support,,0.5,False,True
1312,l2Book,1784188646552,False,False,not_evaluated,missing_same_side_strict_through_support,,0.5,False,True
1313,trades,1784188646821,False,False,not_evaluated,missing_same_side_strict_through_support,,0.5,False,True
1314,l2Book,1784188647088,False,False,not_evaluated,missing_same_side_strict_through_support,,0.5,False,True
1315,trades,1784188647496,False,False,not_evaluated,missing_same_side_strict_through_support,,0.5,False,True
1316,l2Book,1784188647632,False,False,not_evaluated,missing_same_side_strict_through_support,,0.5,False,True
1317,trades,1784188647632,False,False,not_evaluated,missing_same_side_strict_through_support,,0.5,False,True
1318,l2Book,1784188648170,False,False,not_evaluated,missing_same_side_strict_through_support,,0.5,False,True
1319,trades,1784188648438,False,False,not_evaluated,missing_same_side_strict_through_support,,0.5,False,True
1320,l2Book,1784188648706,False,False,not_evaluated,missing_same_side_strict_through_support,,0.5,False,True
1321,trades,1784188649042,False,False,not_evaluated,missing_same_side_strict_through_support,,0.5,False,True
1322,l2Book,1784188649245,False,False,not_evaluated,missing_same_side_strict_through_support,,0.5,False,True
1323,trades,1784188649245,False,False,not_evaluated,missing_same_side_strict_through_support,,0.5,False,True
1324,trades,1784188649312,False,False,not_evaluated,missing_same_side_strict_through_support,,0.5,False,True
1325,trades,1784188649510,False,False,not_evaluated,missing_same_side_strict_through_support,,0.5,False,True
1326,l2Book,1784188649769,False,False,not_evaluated,missing_same_side_strict_through_support,,0.5,False,True
1327,trades,1784188649853,False,False,not_evaluated,missing_same_side_strict_through_support,,0.5,False,True
1328,trades,1784188650254,False,False,not_evaluated,missing_same_side_strict_through_support,,0.5,False,True
1329,l2Book,1784188650318,False,False,not_evaluated,missing_same_side_strict_through_support,,0.5,False,True
1330,l2Book,1784188650859,False,False,not_evaluated,missing_same_side_strict_through_support,,0.5,False,True
1331,trades,1784188650992,False,False,not_evaluated,missing_same_side_strict_through_support,,0.5,False,True
1332,l2Book,1784188651390,False,False,not_evaluated,missing_same_side_strict_through_support,,0.5,False,True
1333,trades,1784188651798,False,False,not_evaluated,missing_same_side_strict_through_support,,0.5,False,True
1334,l2Book,1784188651928,False,False,not_evaluated,missing_same_side_strict_through_support,,0.5,False,True
1335,trades,1784188652402,False,False,not_evaluated,missing_same_side_strict_through_support,,0.5,False,True
1336,l2Book,1784188652470,False,False,not_evaluated,missing_same_side_strict_through_support,,0.5,False,True
1337,trades,1784188652470,False,False,not_evaluated,missing_same_side_strict_through_support,,0.5,False,True
1338,trades,1784188652604,False,False,not_evaluated,missing_same_side_strict_through_support,,0.5,False,True
1339,l2Book,1784188653072,False,False,not_evaluated,missing_same_side_strict_through_support,,0.5,False,True
1340,trades,1784188653007,False,False,not_evaluated,missing_same_side_strict_through_support,,0.5,False,True
1341,l2Book,1784188653567,False,False,not_evaluated,missing_same_side_strict_through_support,,0.5,False,True
1342,trades,1784188653633,False,False,not_evaluated,missing_same_side_strict_through_support,,0.5,False,True
1343,trades,1784188653700,False,False,not_evaluated,missing_same_side_strict_through_support,,0.5,False,True
1344,trades,1784188654036,False,False,not_evaluated,missing_same_side_strict_through_support,,0.5,False,True
1345,l2Book,1784188654106,False,False,not_evaluated,missing_same_side_strict_through_support,,0.5,False,True
1346,l2Book,1784188654645,False,False,not_evaluated,missing_same_side_strict_through_support,,0.5,False,True
1347,trades,1784188655045,False,False,not_evaluated,missing_same_side_strict_through_support,,0.5,False,True
1348,l2Book,1784188655185,False,False,not_evaluated,missing_same_side_strict_through_support,,0.5,False,True
1349,l2Book,1784188655723,False,False,not_evaluated,missing_same_side_strict_through_support,,0.5,False,True
1350,trades,1784188656058,False,False,not_evaluated,missing_same_side_strict_through_support,,0.5,False,True
1351,trades,1784188656190,False,False,not_evaluated,missing_same_side_strict_through_support,,0.5,False,True
1352,l2Book,1784188656259,False,False,not_evaluated,missing_same_side_strict_through_support,,0.5,False,True
1353,l2Book,1784188656801,False,False,not_evaluated,missing_same_side_strict_through_support,,0.5,False,True
1354,trades,1784188656801,False,False,not_evaluated,missing_same_side_strict_through_support,,0.5,False,True
1355,trades,1784188656935,False,False,not_evaluated,missing_same_side_strict_through_support,,0.5,False,True
1356,l2Book,1784188657335,False,False,not_evaluated,missing_same_side_strict_through_support,,0.5,False,True
1357,trades,1784188657606,False,False,not_evaluated,missing_same_side_strict_through_support,,0.5,False,True
1358,l2Book,1784188657876,False,False,not_evaluated,missing_same_side_strict_through_support,,0.5,False,True
1359,trades,1784188658348,False,False,not_evaluated,missing_same_side_strict_through_support,,0.5,False,True
1360,l2Book,1784188658415,False,False,not_evaluated,missing_same_side_strict_through_support,,0.5,False,True
1361,l2Book,1784188658943,False,False,not_evaluated,missing_same_side_strict_through_support,,0.5,False,True
1362,l2Book,1784188659503,False,False,not_evaluated,missing_same_side_strict_through_support,,0.5,False,True
1363,trades,1784188659570,False,False,not_evaluated,missing_same_side_strict_through_support,,0.5,False,True
1364,l2Book,1784188660038,False,False,not_evaluated,missing_same_side_strict_through_support,,0.5,False,True
1365,trades,1784188660038,False,False,not_evaluated,missing_same_side_strict_through_support,,0.5,False,True
1366,l2Book,1784188660575,False,False,not_evaluated,missing_same_side_strict_through_support,,0.5,False,True
1367,trades,1784188660575,False,False,not_evaluated,missing_same_side_strict_through_support,,0.5,False,True
1368,trades,1784188660641,False,False,not_evaluated,missing_same_side_strict_through_support,,0.5,False,True
1369,trades,1784188661044,False,False,not_evaluated,missing_same_side_strict_through_support,,0.5,False,True
1370,l2Book,1784188661111,False,False,not_evaluated,missing_same_side_strict_through_support,,0.5,False,True
1371,trades,1784188661246,False,False,not_evaluated,missing_same_side_strict_through_support,,0.5,False,True
1372,trades,1784188661379,False,False,not_evaluated,missing_same_side_strict_through_support,,0.5,False,True
1373,trades,1784188661581,False,False,not_evaluated,missing_same_side_strict_through_support,,0.5,False,True
1374,l2Book,1784188661648,False,False,not_evaluated,missing_same_side_strict_through_support,,0.5,False,True
1375,trades,1784188661648,False,False,not_evaluated,missing_same_side_strict_through_support,,0.5,False,True
1376,trades,1784188661848,False,False,not_evaluated,missing_same_side_strict_through_support,,0.5,False,True
1377,trades,1784188662116,False,False,not_evaluated,missing_same_side_strict_through_support,,0.5,False,True
1378,l2Book,1784188662183,False,False,not_evaluated,missing_same_side_strict_through_support,,0.5,False,True
1379,l2Book,1784188662719,False,False,not_evaluated,missing_same_side_strict_through_support,,0.5,False,True
1380,trades,1784188662853,False,False,not_evaluated,missing_same_side_strict_through_support,,0.5,False,True
1381,trades,1784188663191,False,False,not_evaluated,missing_same_side_strict_through_support,,0.5,False,True
1382,l2Book,1784188663257,False,False,not_evaluated,missing_same_side_strict_through_support,,0.5,False,True
1383,l2Book,1784188663793,False,False,not_evaluated,missing_same_side_strict_through_support,,0.5,False,True
1384,l2Book,1784188664330,False,False,not_evaluated,missing_same_side_strict_through_support,,0.5,False,True
1385,l2Book,1784188664871,False,False,not_evaluated,missing_same_side_strict_through_support,,0.5,False,True
1386,trades,1784188665207,False,False,not_evaluated,missing_same_side_strict_through_support,,0.5,False,True
1387,trades,1784188665353,False,False,not_evaluated,missing_same_side_strict_through_support,,0.5,False,True
1388,l2Book,1784188665408,False,False,not_evaluated,missing_same_side_strict_through_support,,0.5,False,True
1389,trades,1784188665554,False,False,not_evaluated,missing_same_side_strict_through_support,,0.5,False,True
1390,l2Book,1784188665955,False,False,not_evaluated,missing_same_side_strict_through_support,,0.5,False,True
1391,trades,1784188666089,False,False,not_evaluated,missing_same_side_strict_through_support,,0.5,False,True
1392,l2Book,1784188666491,False,False,not_evaluated,missing_same_side_strict_through_support,,0.5,False,True
1393,trades,1784188666893,False,False,not_evaluated,missing_same_side_strict_through_support,,0.5,False,True
1394,l2Book,1784188667016,False,False,not_evaluated,missing_same_side_strict_through_support,,0.5,False,True
1395,l2Book,1784188667564,False,False,not_evaluated,missing_same_side_strict_through_support,,0.5,False,True
1396,trades,1784188667698,False,False,not_evaluated,missing_same_side_strict_through_support,,0.5,False,True
1397,l2Book,1784188668100,False,False,not_evaluated,missing_same_side_strict_through_support,,0.5,False,True
1398,trades,1784188668300,False,False,not_evaluated,missing_same_side_strict_through_support,,0.5,False,True
1399,trades,1784188668508,False,False,not_evaluated,missing_same_side_strict_through_support,,0.5,False,True
1400,l2Book,1784188668631,False,False,not_evaluated,missing_same_side_strict_through_support,,0.5,False,True
1401,l2Book,1784188669179,False,False,not_evaluated,missing_same_side_strict_through_support,,0.5,False,True
1402,trades,1784188669315,False,False,not_evaluated,missing_same_side_strict_through_support,,0.5,False,True
1403,trades,1784188669380,False,False,not_evaluated,missing_same_side_strict_through_support,,0.5,False,True
1404,l2Book,1784188669715,False,False,not_evaluated,missing_same_side_strict_through_support,,0.5,False,True
1405,trades,1784188669715,False,False,not_evaluated,missing_same_side_strict_through_support,,0.5,False,True
1406,l2Book,1784188670238,False,False,not_evaluated,missing_touch_freshness_or_queue_reset_evidence,,0.5,False,True
1407,trades,1784188670587,False,False,not_evaluated,outside_quality_a_b_queue_bands,,0.5,False,True
1408,l2Book,1784188670788,False,False,not_evaluated,outside_quality_a_b_queue_bands,,0.5,False,True
1409,trades,1784188670990,False,False,not_evaluated,outside_quality_a_b_queue_bands,,0.5,False,True
1410,trades,1784188671056,False,False,not_evaluated,outside_quality_a_b_queue_bands,,0.5,False,True
1411,l2Book,1784188671325,False,False,not_evaluated,outside_quality_a_b_queue_bands,,0.5,False,True
1412,l2Book,1784188671866,False,False,not_evaluated,missing_same_side_strict_through_support;missing_recent_same_side_at_or_through_throughput,,0.5,False,True
1413,l2Book,1784188672419,False,False,not_evaluated,missing_same_side_strict_through_support;missing_recent_same_side_at_or_through_throughput,,0.5,False,True
1414,l2Book,1784188672956,False,False,not_evaluated,missing_same_side_strict_through_support;missing_recent_same_side_at_or_through_throughput,,0.5,False,True
1415,l2Book,1784188673493,False,False,not_evaluated,missing_same_side_strict_through_support;missing_recent_same_side_at_or_through_throughput,,0.5,False,True
1416,l2Book,1784188674023,False,False,not_evaluated,missing_same_side_strict_through_support;missing_recent_same_side_at_or_through_throughput,,0.5,False,True
1417,trades,1784188674497,False,False,not_evaluated,missing_same_side_strict_through_support;missing_recent_same_side_at_or_through_throughput,,0.5,False,True
1418,l2Book,1784188674565,False,False,not_evaluated,missing_same_side_strict_through_support;missing_recent_same_side_at_or_through_throughput,,0.5,False,True
1419,l2Book,1784188675083,False,False,not_evaluated,missing_same_side_strict_through_support;missing_recent_same_side_at_or_through_throughput,,0.5,False,True
1420,l2Book,1784188675641,False,False,not_evaluated,missing_same_side_strict_through_support;missing_recent_same_side_at_or_through_throughput,,0.5,False,True
1421,l2Book,1784188676175,False,False,not_evaluated,missing_same_side_strict_through_support;missing_recent_same_side_at_or_through_throughput,,0.5,False,True
1422,trades,1784188676446,False,False,not_evaluated,missing_same_side_strict_through_support;missing_recent_same_side_at_or_through_throughput,,0.5,False,True
1423,l2Book,1784188676711,False,False,not_evaluated,missing_same_side_strict_through_support;missing_touch_freshness_or_queue_reset_evidence;missing_recent_same_side_at_or_through_throughput,,0.5,False,True
1424,l2Book,1784188677252,False,False,not_evaluated,missing_same_side_strict_through_support;missing_touch_freshness_or_queue_reset_evidence;missing_recent_same_side_at_or_through_throughput,,0.5,False,True
1425,trades,1784188677519,False,False,not_evaluated,missing_same_side_strict_through_support,,0.5,False,True
1426,l2Book,1784188677786,False,False,not_evaluated,missing_same_side_strict_through_support,,0.5,False,True
1427,l2Book,1784188678326,False,False,not_evaluated,missing_same_side_strict_through_support,,0.5,False,True
1428,trades,1784188678326,False,False,not_evaluated,missing_same_side_strict_through_support,,0.5,False,True
1429,l2Book,1784188678867,False,False,not_evaluated,missing_same_side_strict_through_support,,0.5,False,True
1430,trades,1784188679003,False,False,not_evaluated,missing_same_side_strict_through_support,,0.5,False,True
1431,trades,1784188679071,False,False,not_evaluated,missing_same_side_strict_through_support,,0.5,False,True
1432,trades,1784188679135,False,False,not_evaluated,missing_same_side_strict_through_support,,0.5,False,True
1433,l2Book,1784188679406,False,False,not_evaluated,missing_touch_freshness_or_queue_reset_evidence,,0.5,False,True
1434,trades,1784188679406,False,False,not_evaluated,missing_touch_freshness_or_queue_reset_evidence,,0.5,False,True
1435,l2Book,1784188679926,False,False,not_evaluated,outside_quality_a_b_queue_bands,,0.5,False,True
1436,trades,1784188680018,False,False,not_evaluated,outside_quality_a_b_queue_bands,,0.5,False,True
1437,l2Book,1784188680479,False,False,not_evaluated,missing_touch_freshness_or_queue_reset_evidence,,0.5,False,True
1438,trades,1784188680822,False,False,not_evaluated,outside_quality_a_b_queue_bands,,0.5,False,True
1439,l2Book,1784188681026,False,False,not_evaluated,missing_touch_freshness_or_queue_reset_evidence,,0.5,False,True
1440,trades,1784188681233,False,False,not_evaluated,missing_touch_freshness_or_queue_reset_evidence,,0.5,False,True
1441,l2Book,1784188681553,False,False,not_evaluated,missing_touch_freshness_or_queue_reset_evidence,,0.5,False,True
1442,trades,1784188681630,False,False,not_evaluated,missing_touch_freshness_or_queue_reset_evidence,,0.5,False,True
1443,trades,1784188682028,False,False,not_evaluated,outside_quality_a_b_queue_bands,,0.5,False,True
1444,l2Book,1784188682094,False,False,not_evaluated,outside_quality_a_b_queue_bands,,0.5,False,True
1445,trades,1784188682428,False,False,not_evaluated,outside_quality_a_b_queue_bands,,0.5,False,True
1446,trades,1784188682565,False,False,not_evaluated,outside_quality_a_b_queue_bands,,0.5,False,True
1447,l2Book,1784188682637,False,False,not_evaluated,missing_touch_freshness_or_queue_reset_evidence,,0.5,False,True
1448,trades,1784188682963,False,False,not_evaluated,outside_quality_a_b_queue_bands,,0.5,False,True
1449,l2Book,1784188683164,False,False,not_evaluated,outside_quality_a_b_queue_bands,,0.5,False,True
1450,l2Book,1784188683711,False,False,not_evaluated,missing_touch_freshness_or_queue_reset_evidence,,0.5,False,True
1451,trades,1784188684045,False,False,not_evaluated,outside_quality_a_b_queue_bands,,0.5,False,True
1452,l2Book,1784188684245,False,False,not_evaluated,outside_quality_a_b_queue_bands,,0.5,False,True
1453,trades,1784188684314,False,False,not_evaluated,outside_quality_a_b_queue_bands,,0.5,False,True
1454,trades,1784188684655,False,False,not_evaluated,outside_quality_a_b_queue_bands,,0.5,False,True
1455,l2Book,1784188684790,False,False,not_evaluated,missing_touch_freshness_or_queue_reset_evidence,,0.5,False,True
1456,trades,1784188684790,False,False,not_evaluated,missing_touch_freshness_or_queue_reset_evidence,,0.5,False,True
1457,trades,1784188684979,False,False,not_evaluated,missing_touch_freshness_or_queue_reset_evidence,,0.5,False,True
1458,l2Book,1784188685323,False,False,not_evaluated,outside_quality_a_b_queue_bands,,0.5,False,True
1459,trades,1784188685665,False,False,not_evaluated,missing_same_side_strict_through_support,,0.5,False,True
1460,l2Book,1784188685862,False,False,not_evaluated,missing_same_side_strict_through_support,,0.5,False,True
1461,trades,1784188685862,False,False,not_evaluated,missing_same_side_strict_through_support,,0.5,False,True
1462,l2Book,1784188686395,False,False,not_evaluated,missing_same_side_strict_through_support,,0.5,False,True
1463,trades,1784188686868,False,False,not_evaluated,missing_same_side_strict_through_support,,0.5,False,True
1464,l2Book,1784188686934,False,False,not_evaluated,missing_touch_freshness_or_queue_reset_evidence,,0.5,False,True
1465,l2Book,1784188687492,False,False,not_evaluated,outside_quality_a_b_queue_bands,,0.5,False,True
1466,trades,1784188687699,False,False,not_evaluated,outside_quality_a_b_queue_bands,,0.5,False,True
1467,l2Book,1784188688011,False,False,not_evaluated,outside_quality_a_b_queue_bands,,0.5,False,True
1468,trades,1784188688011,False,False,not_evaluated,outside_quality_a_b_queue_bands,,0.5,False,True
1469,trades,1784188688417,False,False,not_evaluated,outside_quality_a_b_queue_bands,,0.5,False,True
1470,l2Book,1784188688556,False,False,not_evaluated,outside_quality_a_b_queue_bands,,0.5,False,True
1471,l2Book,1784188689101,False,False,not_evaluated,missing_same_side_strict_through_support;missing_recent_same_side_at_or_through_throughput,,0.5,False,True
1472,trades,1784188689101,False,False,not_evaluated,missing_same_side_strict_through_support;missing_recent_same_side_at_or_through_throughput,,0.5,False,True
1473,trades,1784188689219,False,False,not_evaluated,missing_same_side_strict_through_support;missing_recent_same_side_at_or_through_throughput,,0.5,False,True
1474,trades,1784188689300,False,False,not_evaluated,missing_same_side_strict_through_support;missing_recent_same_side_at_or_through_throughput,,0.5,False,True
1475,trades,1784188689420,False,False,not_evaluated,missing_same_side_strict_through_support;missing_recent_same_side_at_or_through_throughput,,0.5,False,True
1476,trades,1784188689502,False,False,not_evaluated,missing_same_side_strict_through_support;missing_recent_same_side_at_or_through_throughput,,0.5,False,True
1477,l2Book,1784188689622,False,False,not_evaluated,missing_same_side_strict_through_support;missing_touch_freshness_or_queue_reset_evidence;missing_recent_same_side_at_or_through_throughput,,0.5,False,True
1478,trades,1784188689703,False,False,not_evaluated,missing_same_side_strict_through_support;missing_touch_freshness_or_queue_reset_evidence,,0.5,False,True
1479,trades,1784188690059,False,False,not_evaluated,missing_same_side_strict_through_support,,0.5,False,True
1480,l2Book,1784188690126,False,False,not_evaluated,missing_same_side_strict_through_support,,0.5,False,True
1481,trades,1784188690126,False,False,not_evaluated,missing_same_side_strict_through_support,,0.5,False,True
1482,trades,1784188690188,False,False,not_evaluated,missing_same_side_strict_through_support,,0.5,False,True
1483,trades,1784188690254,False,False,not_evaluated,missing_same_side_strict_through_support,,0.5,False,True
1484,l2Book,1784188690634,False,False,not_evaluated,missing_same_side_strict_through_support,,0.5,False,True
1485,trades,1784188690695,False,False,not_evaluated,missing_same_side_strict_through_support,,0.5,False,True
1486,trades,1784188691051,False,False,not_evaluated,missing_same_side_strict_through_support,,0.5,False,True
1487,l2Book,1784188691157,False,False,not_evaluated,missing_same_side_strict_through_support,,0.5,False,True
1488,trades,1784188691358,False,False,not_evaluated,missing_same_side_strict_through_support,,0.5,False,True
1489,l2Book,1784188691710,False,False,not_evaluated,missing_same_side_strict_through_support,,0.5,False,True
1490,trades,1784188692041,False,False,not_evaluated,missing_same_side_strict_through_support,,0.5,False,True
1491,l2Book,1784188692242,False,False,not_evaluated,missing_same_side_strict_through_support,,0.5,False,True
1492,trades,1784188692242,False,False,not_evaluated,missing_same_side_strict_through_support,,0.5,False,True
1493,trades,1784188692484,False,False,not_evaluated,missing_same_side_strict_through_support,,0.5,False,True
1494,l2Book,1784188692753,False,False,not_evaluated,missing_same_side_strict_through_support,,0.5,False,True
1495,trades,1784188693086,False,False,not_evaluated,missing_same_side_strict_through_support,,0.5,False,True
1496,l2Book,1784188693291,False,False,not_evaluated,missing_touch_freshness_or_queue_reset_evidence,,0.5,False,True
1497,trades,1784188693422,False,False,not_evaluated,missing_touch_freshness_or_queue_reset_evidence,,0.5,False,True
1498,trades,1784188693758,False,False,not_evaluated,outside_quality_a_b_queue_bands,,0.5,False,True
1499,l2Book,1784188693823,False,False,not_evaluated,missing_touch_freshness_or_queue_reset_evidence,,0.5,False,True
1500,trades,1784188694006,False,False,not_evaluated,missing_touch_freshness_or_queue_reset_evidence,,0.5,False,True
1501,trades,1784188694207,False,False,not_evaluated,outside_quality_a_b_queue_bands,,0.5,False,True
1502,l2Book,1784188694341,False,False,not_evaluated,missing_touch_freshness_or_queue_reset_evidence,,0.5,False,True
1503,trades,1784188694409,False,False,not_evaluated,missing_touch_freshness_or_queue_reset_evidence,,0.5,False,True
1504,trades,1784188694511,False,False,not_evaluated,missing_touch_freshness_or_queue_reset_evidence,,0.5,False,True
1505,l2Book,1784188694847,False,False,not_evaluated,missing_touch_freshness_or_queue_reset_evidence,,0.5,False,True
1506,trades,1784188694847,False,False,not_evaluated,missing_touch_freshness_or_queue_reset_evidence,,0.5,False,True
1507,trades,1784188695314,False,False,not_evaluated,outside_quality_a_b_queue_bands,,0.5,False,True
1508,l2Book,1784188695379,False,False,not_evaluated,outside_quality_a_b_queue_bands,,0.5,False,True
1509,l2Book,1784188695917,False,False,not_evaluated,outside_quality_a_b_queue_bands,,0.5,False,True
1510,l2Book,1784188696456,False,False,not_evaluated,outside_quality_a_b_queue_bands,,0.5,False,True
1511,trades,1784188696792,False,False,not_evaluated,outside_quality_a_b_queue_bands,,0.5,False,True
1512,l2Book,1784188696986,False,False,not_evaluated,missing_touch_freshness_or_queue_reset_evidence,,0.5,False,True
1513,trades,1784188697125,False,False,not_evaluated,missing_touch_freshness_or_queue_reset_evidence,,0.5,False,True
1514,trades,1784188697177,False,False,not_evaluated,missing_touch_freshness_or_queue_reset_evidence,,0.5,False,True
1515,l2Book,1784188697545,False,False,not_evaluated,missing_same_side_strict_through_support;missing_touch_freshness_or_queue_reset_evidence,,0.5,False,True
1516,trades,1784188697810,False,False,not_evaluated,missing_same_side_strict_through_support,,0.5,False,True
1517,l2Book,1784188698062,False,False,not_evaluated,missing_same_side_strict_through_support,,0.5,False,True
1518,l2Book,1784188698596,False,False,not_evaluated,missing_same_side_strict_through_support,,0.5,False,True
1519,l2Book,1784188699148,False,False,not_evaluated,missing_same_side_strict_through_support,,0.5,False,True
1520,trades,1784188699148,False,False,not_evaluated,missing_same_side_strict_through_support,,0.5,False,True
1521,l2Book,1784188699680,False,False,not_evaluated,missing_same_side_strict_through_support,,0.5,False,True
1522,trades,1784188700161,False,False,not_evaluated,missing_same_side_strict_through_support,,0.5,False,True
1523,l2Book,1784188700229,False,False,not_evaluated,missing_same_side_strict_through_support,,0.5,False,True
1524,l2Book,1784188700747,False,False,not_evaluated,missing_same_side_strict_through_support,,0.5,False,True
1525,trades,1784188701014,False,False,not_evaluated,missing_same_side_strict_through_support,,0.5,False,True
1526,l2Book,1784188701297,False,False,not_evaluated,missing_same_side_strict_through_support,,0.5,False,True
1527,l2Book,1784188701819,False,False,not_evaluated,missing_same_side_strict_through_support,,0.5,False,True
1528,trades,1784188702219,False,False,not_evaluated,missing_same_side_strict_through_support,,0.5,False,True
1529,l2Book,1784188702359,False,False,not_evaluated,missing_same_side_strict_through_support,,0.5,False,True
1530,l2Book,1784188702917,False,False,not_evaluated,missing_same_side_strict_through_support,,0.5,False,True
1531,trades,1784188702917,False,False,not_evaluated,missing_same_side_strict_through_support,,0.5,False,True
1532,l2Book,1784188703439,False,False,not_evaluated,missing_same_side_strict_through_support;missing_recent_same_side_at_or_through_throughput,,0.5,False,True
1533,trades,1784188703721,False,False,not_evaluated,missing_same_side_strict_through_support;missing_recent_same_side_at_or_through_throughput,,0.5,False,True
1534,l2Book,1784188703989,False,False,not_evaluated,missing_same_side_strict_through_support;missing_recent_same_side_at_or_through_throughput,,0.5,False,True
1535,trades,1784188704128,False,False,not_evaluated,missing_same_side_strict_through_support;missing_recent_same_side_at_or_through_throughput,,0.5,False,True
1536,l2Book,1784188704526,False,False,not_evaluated,missing_same_side_strict_through_support;missing_recent_same_side_at_or_through_throughput,,0.5,False,True
1537,l2Book,1784188705060,False,False,not_evaluated,missing_same_side_strict_through_support;missing_recent_same_side_at_or_through_throughput,,0.5,False,True
1538,trades,1784188705060,False,False,not_evaluated,missing_same_side_strict_through_support,,0.5,False,True
1539,l2Book,1784188705628,False,False,not_evaluated,missing_same_side_strict_through_support,,0.5,False,True
1540,trades,1784188705678,False,False,not_evaluated,missing_same_side_strict_through_support,,0.5,False,True
1541,trades,1784188705879,False,False,not_evaluated,missing_same_side_strict_through_support,,0.5,False,True
1542,l2Book,1784188706154,False,False,not_evaluated,missing_touch_freshness_or_queue_reset_evidence,,0.5,False,True
1543,trades,1784188706544,False,False,not_evaluated,outside_quality_a_b_queue_bands,,0.5,False,True
1544,l2Book,1784188706679,False,False,not_evaluated,missing_touch_freshness_or_queue_reset_evidence,,0.5,False,True
1545,trades,1784188706744,False,False,not_evaluated,missing_touch_freshness_or_queue_reset_evidence,,0.5,False,True
1546,l2Book,1784188707196,False,False,not_evaluated,missing_touch_freshness_or_queue_reset_evidence,,0.5,False,True
1547,l2Book,1784188707749,False,False,not_evaluated,outside_quality_a_b_queue_bands,,0.5,False,True
1548,l2Book,1784188708274,False,False,not_evaluated,missing_same_side_strict_through_support;missing_recent_same_side_at_or_through_throughput,,0.5,False,True
1549,trades,1784188708356,False,False,not_evaluated,missing_same_side_strict_through_support;missing_recent_same_side_at_or_through_throughput,,0.5,False,True
1550,l2Book,1784188708812,False,False,not_evaluated,missing_same_side_strict_through_support;missing_recent_same_side_at_or_through_throughput,,0.5,False,True
1551,trades,1784188708961,False,False,not_evaluated,missing_same_side_strict_through_support;missing_recent_same_side_at_or_through_throughput,,0.5,False,True
1552,trades,1784188709026,False,False,not_evaluated,missing_same_side_strict_through_support,,0.5,False,True
1553,l2Book,1784188709363,False,False,not_evaluated,missing_same_side_strict_through_support,,0.5,False,True
1554,trades,1784188709630,False,False,not_evaluated,missing_same_side_strict_through_support,,0.5,False,True
1555,l2Book,1784188709895,False,False,not_evaluated,missing_same_side_strict_through_support,,0.5,False,True
1556,l2Book,1784188710457,False,False,not_evaluated,missing_same_side_strict_through_support,,0.5,False,True
1557,l2Book,1784188710993,False,False,not_evaluated,missing_same_side_strict_through_support,,0.5,False,True
1558,trades,1784188711464,False,False,not_evaluated,missing_same_side_strict_through_support,,0.5,False,True
1559,l2Book,1784188711530,False,False,not_evaluated,missing_same_side_strict_through_support,,0.5,False,True
1560,trades,1784188711730,False,False,not_evaluated,missing_same_side_strict_through_support,,0.5,False,True
1561,l2Book,1784188712065,False,False,not_evaluated,missing_same_side_strict_through_support,,0.5,False,True
1562,l2Book,1784188712609,False,False,not_evaluated,missing_same_side_strict_through_support,,0.5,False,True
1563,trades,1784188713010,False,False,not_evaluated,missing_same_side_strict_through_support,,0.5,False,True
1564,l2Book,1784188713145,False,False,not_evaluated,missing_same_side_strict_through_support,,0.5,False,True
1565,l2Book,1784188713680,False,False,not_evaluated,missing_same_side_strict_through_support,,0.5,False,True
1566,trades,1784188714027,False,False,not_evaluated,missing_same_side_strict_through_support,,0.5,False,True
1567,l2Book,1784188714229,False,False,not_evaluated,missing_same_side_strict_through_support,,0.5,False,True
1568,l2Book,1784188714749,False,False,not_evaluated,missing_same_side_strict_through_support;missing_recent_same_side_at_or_through_throughput,,0.5,False,True
1569,l2Book,1784188715289,False,False,not_evaluated,missing_same_side_strict_through_support;missing_recent_same_side_at_or_through_throughput,,0.5,False,True
1570,trades,1784188715436,False,False,not_evaluated,missing_same_side_strict_through_support;missing_recent_same_side_at_or_through_throughput,,0.5,False,True
1571,l2Book,1784188715838,False,False,not_evaluated,missing_same_side_strict_through_support;missing_recent_same_side_at_or_through_throughput,,0.5,False,True
1572,l2Book,1784188716370,False,False,not_evaluated,missing_same_side_strict_through_support;missing_recent_same_side_at_or_through_throughput,,0.5,False,True
1573,trades,1784188716523,False,False,not_evaluated,missing_same_side_strict_through_support;missing_recent_same_side_at_or_through_throughput,,0.5,False,True
1574,trades,1784188716653,False,False,not_evaluated,missing_same_side_strict_through_support;missing_recent_same_side_at_or_through_throughput,,0.5,False,True
1575,l2Book,1784188716924,False,False,not_evaluated,missing_same_side_strict_through_support;missing_recent_same_side_at_or_through_throughput,,0.5,False,True
1576,trades,1784188717053,False,False,not_evaluated,missing_same_side_strict_through_support;missing_recent_same_side_at_or_through_throughput,,0.5,False,True
1577,l2Book,1784188717458,False,False,not_evaluated,missing_same_side_strict_through_support;missing_recent_same_side_at_or_through_throughput,,0.5,False,True
1578,trades,1784188717458,False,False,not_evaluated,missing_same_side_strict_through_support;missing_recent_same_side_at_or_through_throughput,,0.5,False,True
1579,trades,1784188717861,False,False,not_evaluated,missing_same_side_strict_through_support;missing_recent_same_side_at_or_through_throughput,,0.5,False,True
1580,l2Book,1784188717989,False,False,not_evaluated,missing_same_side_strict_through_support;missing_recent_same_side_at_or_through_throughput,,0.5,False,True
1581,trades,1784188718066,False,False,not_evaluated,missing_same_side_strict_through_support;missing_recent_same_side_at_or_through_throughput,,0.5,False,True
1582,trades,1784188718328,False,False,not_evaluated,missing_same_side_strict_through_support;missing_recent_same_side_at_or_through_throughput,,0.5,False,True
1583,l2Book,1784188718526,False,False,not_evaluated,missing_same_side_strict_through_support;missing_recent_same_side_at_or_through_throughput,,0.5,False,True
1584,l2Book,1784188719067,False,False,not_evaluated,missing_same_side_strict_through_support;missing_recent_same_side_at_or_through_throughput,,0.5,False,True
1585,l2Book,1784188719603,False,False,not_evaluated,missing_same_side_strict_through_support;missing_recent_same_side_at_or_through_throughput,,0.5,False,True
1586,trades,1784188720005,False,False,not_evaluated,missing_same_side_strict_through_support,,0.5,False,True
1587,l2Book,1784188720143,False,False,not_evaluated,missing_same_side_strict_through_support,,0.5,False,True
1588,trades,1784188720143,False,False,not_evaluated,missing_same_side_strict_through_support,,0.5,False,True
1589,l2Book,1784188720687,False,False,not_evaluated,missing_same_side_strict_through_support,,0.5,False,True
1590,trades,1784188721022,False,False,not_evaluated,missing_same_side_strict_through_support,,0.5,False,True
1591,l2Book,1784188721208,False,False,not_evaluated,missing_same_side_strict_through_support,,0.5,False,True
1592,l2Book,1784188721759,False,False,not_evaluated,missing_same_side_strict_through_support,,0.5,False,True
1593,trades,1784188722228,False,False,not_evaluated,missing_same_side_strict_through_support,,0.5,False,True
1594,l2Book,1784188722296,False,False,not_evaluated,missing_same_side_strict_through_support,,0.5,False,True
1595,trades,1784188722628,False,False,not_evaluated,missing_same_side_strict_through_support,,0.5,False,True
1596,l2Book,1784188722830,False,False,not_evaluated,missing_same_side_strict_through_support,,0.5,False,True
1597,trades,1784188723097,False,False,not_evaluated,missing_same_side_strict_through_support,,0.5,False,True
1598,l2Book,1784188723352,False,False,not_evaluated,missing_same_side_strict_through_support,,0.5,False,True
1599,l2Book,1784188723898,False,False,not_evaluated,missing_same_side_strict_through_support,,0.5,False,True
1600,l2Book,1784188724428,False,False,not_evaluated,missing_same_side_strict_through_support;missing_recent_same_side_at_or_through_throughput,,0.5,False,True
1601,l2Book,1784188724973,False,False,not_evaluated,missing_same_side_strict_through_support;missing_recent_same_side_at_or_through_throughput,,0.5,False,True
1602,l2Book,1784188725506,False,False,not_evaluated,missing_same_side_strict_through_support;missing_recent_same_side_at_or_through_throughput,,0.5,False,True
1603,trades,1784188725580,False,False,not_evaluated,missing_same_side_strict_through_support;missing_recent_same_side_at_or_through_throughput,,0.5,False,True
1604,l2Book,1784188726058,False,False,not_evaluated,missing_same_side_strict_through_support;missing_recent_same_side_at_or_through_throughput,,0.5,False,True
1605,l2Book,1784188726590,False,False,not_evaluated,missing_same_side_strict_through_support;missing_recent_same_side_at_or_through_throughput,,0.5,False,True
1606,l2Book,1784188727131,False,False,not_evaluated,missing_same_side_strict_through_support;missing_recent_same_side_at_or_through_throughput,,0.5,False,True
1607,l2Book,1784188727667,False,False,not_evaluated,missing_same_side_strict_through_support;missing_recent_same_side_at_or_through_throughput,,0.5,False,True
1608,l2Book,1784188728203,False,False,not_evaluated,missing_same_side_strict_through_support;missing_recent_same_side_at_or_through_throughput,,0.5,False,True
1609,trades,1784188728685,False,False,not_evaluated,missing_same_side_strict_through_support;missing_recent_same_side_at_or_through_throughput,,0.5,False,True
1610,l2Book,1784188728751,False,False,not_evaluated,missing_same_side_strict_through_support;missing_recent_same_side_at_or_through_throughput,,0.5,False,True
1611,trades,1784188728887,False,False,not_evaluated,missing_same_side_strict_through_support;missing_recent_same_side_at_or_through_throughput,,0.5,False,True
1612,l2Book,1784188729290,False,False,not_evaluated,missing_same_side_strict_through_support;missing_recent_same_side_at_or_through_throughput,,0.5,False,True
1613,trades,1784188729290,False,False,not_evaluated,missing_same_side_strict_through_support;missing_recent_same_side_at_or_through_throughput,,0.5,False,True
1614,trades,1784188729357,False,False,not_evaluated,missing_same_side_strict_through_support;missing_recent_same_side_at_or_through_throughput,,0.5,False,True
1615,l2Book,1784188729825,False,False,not_evaluated,missing_same_side_strict_through_support;missing_recent_same_side_at_or_through_throughput,,0.5,False,True
1616,trades,1784188729959,False,False,not_evaluated,missing_same_side_strict_through_support;missing_recent_same_side_at_or_through_throughput,,0.5,False,True
1617,l2Book,1784188730353,False,False,not_evaluated,missing_same_side_strict_through_support;missing_recent_same_side_at_or_through_throughput,,0.5,False,True
1618,l2Book,1784188730899,False,False,not_evaluated,missing_same_side_strict_through_support;missing_recent_same_side_at_or_through_throughput,,0.5,False,True
1619,trades,1784188731034,False,False,not_evaluated,missing_same_side_strict_through_support;missing_recent_same_side_at_or_through_throughput,,0.5,False,True
1620,l2Book,1784188731412,False,False,not_evaluated,missing_same_side_strict_through_support;missing_recent_same_side_at_or_through_throughput,,0.5,False,True
1621,l2Book,1784188731915,False,False,not_evaluated,missing_same_side_strict_through_support;missing_recent_same_side_at_or_through_throughput,,0.5,False,True
1622,l2Book,1784188732456,False,False,not_evaluated,missing_same_side_strict_through_support;missing_recent_same_side_at_or_through_throughput,,0.5,False,True
1623,l2Book,1784188732992,False,False,not_evaluated,missing_same_side_strict_through_support;missing_recent_same_side_at_or_through_throughput,,0.5,False,True
1624,trades,1784188733124,False,False,not_evaluated,missing_same_side_strict_through_support;missing_recent_same_side_at_or_through_throughput,,0.5,False,True
1625,l2Book,1784188733530,False,False,not_evaluated,missing_same_side_strict_through_support;missing_recent_same_side_at_or_through_throughput,,0.5,False,True
1626,l2Book,1784188734068,False,False,not_evaluated,missing_same_side_strict_through_support;missing_recent_same_side_at_or_through_throughput,,0.5,False,True
1627,l2Book,1784188734624,False,False,not_evaluated,missing_same_side_strict_through_support;missing_recent_same_side_at_or_through_throughput,,0.5,False,True
1628,trades,1784188735027,False,False,not_evaluated,missing_same_side_strict_through_support,,0.5,False,True
1629,l2Book,1784188735164,False,False,not_evaluated,missing_same_side_strict_through_support,,0.5,False,True
1630,l2Book,1784188735781,False,False,not_evaluated,missing_same_side_strict_through_support,,0.5,False,True
1631,trades,1784188735982,False,False,not_evaluated,missing_same_side_strict_through_support,,0.5,False,True
1632,l2Book,1784188736384,False,False,not_evaluated,missing_same_side_strict_through_support,,0.5,False,True
1633,trades,1784188736651,False,False,not_evaluated,missing_same_side_strict_through_support,,0.5,False,True
1634,l2Book,1784188736987,False,False,not_evaluated,missing_same_side_strict_through_support,,0.5,False,True
1635,l2Book,1784188737519,False,False,not_evaluated,missing_same_side_strict_through_support,,0.5,False,True
1636,trades,1784188737796,False,False,not_evaluated,missing_same_side_strict_through_support,,0.5,False,True
1637,l2Book,1784188738061,False,False,not_evaluated,missing_same_side_strict_through_support;missing_recent_same_side_at_or_through_throughput,,0.5,False,True
1638,l2Book,1784188738600,False,False,not_evaluated,missing_same_side_strict_through_support;missing_recent_same_side_at_or_through_throughput,,0.5,False,True
1639,trades,1784188738667,False,False,not_evaluated,missing_same_side_strict_through_support;missing_recent_same_side_at_or_through_throughput,,0.5,False,True
1640,trades,1784188739002,False,False,not_evaluated,missing_same_side_strict_through_support,,0.5,False,True
1641,l2Book,1784188739137,False,False,not_evaluated,missing_same_side_strict_through_support,,0.5,False,True
1642,l2Book,1784188739674,False,False,not_evaluated,missing_same_side_strict_through_support,,0.5,False,True
1643,l2Book,1784188740209,False,False,not_evaluated,missing_same_side_strict_through_support,,0.5,False,True
1644,trades,1784188740436,False,False,not_evaluated,missing_same_side_strict_through_support,,0.5,False,True
1645,l2Book,1784188740741,False,False,not_evaluated,missing_same_side_strict_through_support,,0.5,False,True
1646,trades,1784188741141,False,False,not_evaluated,missing_same_side_strict_through_support,,0.5,False,True
1647,l2Book,1784188741262,False,False,not_evaluated,missing_same_side_strict_through_support,,0.5,False,True
1648,l2Book,1784188741814,False,False,not_evaluated,missing_same_side_strict_through_support,,0.5,False,True
1649,l2Book,1784188742350,False,False,not_evaluated,missing_same_side_strict_through_support;missing_recent_same_side_at_or_through_throughput,,0.5,False,True
1650,l2Book,1784188742882,False,False,not_evaluated,missing_same_side_strict_through_support;missing_recent_same_side_at_or_through_throughput,,0.5,False,True
1651,l2Book,1784188743439,False,False,not_evaluated,missing_same_side_strict_through_support;missing_recent_same_side_at_or_through_throughput,,0.5,False,True
1652,trades,1784188743569,False,False,not_evaluated,missing_same_side_strict_through_support;missing_recent_same_side_at_or_through_throughput,,0.5,False,True
1653,l2Book,1784188743969,False,False,not_evaluated,missing_same_side_strict_through_support;missing_recent_same_side_at_or_through_throughput,,0.5,False,True
1654,trades,1784188744039,False,False,not_evaluated,missing_same_side_strict_through_support;missing_recent_same_side_at_or_through_throughput,,0.5,False,True
1655,l2Book,1784188744498,False,False,not_evaluated,missing_same_side_strict_through_support;missing_recent_same_side_at_or_through_throughput,,0.5,False,True
1656,l2Book,1784188745044,False,False,not_evaluated,missing_same_side_strict_through_support;missing_recent_same_side_at_or_through_throughput,,0.5,False,True
1657,trades,1784188745516,False,False,not_evaluated,missing_same_side_strict_through_support;missing_recent_same_side_at_or_through_throughput,,0.5,False,True
1658,l2Book,1784188745611,False,False,not_evaluated,missing_same_side_strict_through_support;missing_recent_same_side_at_or_through_throughput,,0.5,False,True
1659,l2Book,1784188746125,False,False,not_evaluated,missing_same_side_strict_through_support;missing_recent_same_side_at_or_through_throughput,,0.5,False,True
1660,trades,1784188746585,False,False,not_evaluated,missing_same_side_strict_through_support;missing_recent_same_side_at_or_through_throughput,,0.5,False,True
1661,l2Book,1784188746676,False,False,not_evaluated,missing_same_side_strict_through_support;missing_recent_same_side_at_or_through_throughput,,0.5,False,True
1662,l2Book,1784188747228,False,False,not_evaluated,missing_same_side_strict_through_support;missing_recent_same_side_at_or_through_throughput,,0.5,False,True
1663,trades,1784188747228,False,False,not_evaluated,missing_same_side_strict_through_support;missing_recent_same_side_at_or_through_throughput,,0.5,False,True
1664,trades,1784188747278,False,False,not_evaluated,missing_same_side_strict_through_support;missing_recent_same_side_at_or_through_throughput,,0.5,False,True
1665,trades,1784188747329,False,False,not_evaluated,missing_same_side_strict_through_support;missing_recent_same_side_at_or_through_throughput,,0.5,False,True
1666,trades,1784188747430,False,False,not_evaluated,missing_same_side_strict_through_support;missing_recent_same_side_at_or_through_throughput,,0.5,False,True
1667,l2Book,1784188747772,False,False,not_evaluated,missing_same_side_strict_through_support;missing_touch_freshness_or_queue_reset_evidence;missing_recent_same_side_at_or_through_throughput,,0.5,False,True
1668,l2Book,1784188748309,False,False,not_evaluated,missing_same_side_strict_through_support;missing_recent_same_side_at_or_through_throughput,,0.5,False,True
1669,trades,1784188748374,False,False,not_evaluated,missing_same_side_strict_through_support;missing_recent_same_side_at_or_through_throughput,,0.5,False,True
1670,l2Book,1784188748846,False,False,not_evaluated,missing_same_side_strict_through_support;missing_touch_freshness_or_queue_reset_evidence;missing_recent_same_side_at_or_through_throughput,,0.5,False,True
1671,l2Book,1784188749452,False,False,not_evaluated,missing_same_side_strict_through_support;missing_recent_same_side_at_or_through_throughput,,0.5,False,True
1672,trades,1784188749516,False,False,not_evaluated,missing_same_side_strict_through_support;missing_recent_same_side_at_or_through_throughput,,0.5,False,True
1673,l2Book,1784188749989,False,False,not_evaluated,missing_same_side_strict_through_support;missing_recent_same_side_at_or_through_throughput,,0.5,False,True
1674,trades,1784188750052,False,False,not_evaluated,missing_same_side_strict_through_support,,0.5,False,True
1675,trades,1784188750254,False,False,not_evaluated,missing_same_side_strict_through_support,,0.5,False,True
1676,l2Book,1784188750519,False,False,not_evaluated,missing_same_side_strict_through_support,,0.5,False,True
1677,l2Book,1784188751055,False,False,not_evaluated,missing_same_side_strict_through_support,,0.5,False,True
1678,trades,1784188751055,False,False,not_evaluated,missing_same_side_strict_through_support,,0.5,False,True
1679,l2Book,1784188751659,False,False,not_evaluated,missing_same_side_strict_through_support,,0.5,False,True
1680,trades,1784188751725,False,False,not_evaluated,missing_same_side_strict_through_support,,0.5,False,True
1681,l2Book,1784188752189,False,False,not_evaluated,missing_same_side_strict_through_support,,0.5,False,True
1682,trades,1784188752264,False,False,not_evaluated,missing_same_side_strict_through_support,,0.5,False,True
1683,trades,1784188752481,False,False,not_evaluated,missing_same_side_strict_through_support,,0.5,False,True
1684,l2Book,1784188752745,False,False,not_evaluated,missing_same_side_strict_through_support,,0.5,False,True
1685,l2Book,1784188753286,False,False,not_evaluated,missing_same_side_strict_through_support,,0.5,False,True
1686,trades,1784188753552,False,False,not_evaluated,missing_same_side_strict_through_support,,0.5,False,True
1687,l2Book,1784188753886,False,False,not_evaluated,missing_same_side_strict_through_support;missing_touch_freshness_or_queue_reset_evidence;missing_recent_same_side_at_or_through_throughput,,0.5,False,True
1688,l2Book,1784188754408,False,False,not_evaluated,missing_same_side_strict_through_support;missing_recent_same_side_at_or_through_throughput,,0.5,False,True
1689,trades,1784188754508,False,False,not_evaluated,missing_same_side_strict_through_support;missing_recent_same_side_at_or_through_throughput,,0.5,False,True
1690,trades,1784188754704,False,False,not_evaluated,missing_same_side_strict_through_support;missing_recent_same_side_at_or_through_throughput,,0.5,False,True
1691,l2Book,1784188754970,False,False,not_evaluated,missing_same_side_strict_through_support;missing_recent_same_side_at_or_through_throughput,,0.5,False,True
1692,trades,1784188755307,False,False,not_evaluated,missing_same_side_strict_through_support,,0.5,False,True
1693,l2Book,1784188755514,False,False,not_evaluated,missing_same_side_strict_through_support,,0.5,False,True
1694,trades,1784188755514,False,False,not_evaluated,missing_same_side_strict_through_support,,0.5,False,True
1695,l2Book,1784188756113,False,False,not_evaluated,missing_same_side_strict_through_support,,0.5,False,True
1696,l2Book,1784188756636,False,False,not_evaluated,missing_same_side_strict_through_support,,0.5,False,True
1697,l2Book,1784188757185,False,False,not_evaluated,missing_same_side_strict_through_support,,0.5,False,True
1698,l2Book,1784188757732,False,False,not_evaluated,missing_same_side_strict_through_support,,0.5,False,True
1699,l2Book,1784188758333,False,False,not_evaluated,missing_same_side_strict_through_support;missing_recent_same_side_at_or_through_throughput,,0.5,False,True
1700,trades,1784188758735,False,False,not_evaluated,missing_same_side_strict_through_support;missing_recent_same_side_at_or_through_throughput,,0.5,False,True
1701,l2Book,1784188758853,False,False,not_evaluated,missing_same_side_strict_through_support;missing_recent_same_side_at_or_through_throughput,,0.5,False,True
1702,l2Book,1784188759409,False,False,not_evaluated,missing_same_side_strict_through_support;missing_recent_same_side_at_or_through_throughput,,0.5,False,True
1703,l2Book,1784188759945,False,False,not_evaluated,missing_same_side_strict_through_support;missing_recent_same_side_at_or_through_throughput,,0.5,False,True
1704,l2Book,1784188760545,False,False,not_evaluated,missing_same_side_strict_through_support;missing_recent_same_side_at_or_through_throughput,,0.5,False,True
1705,trades,1784188761034,False,False,not_evaluated,missing_same_side_strict_through_support;missing_recent_same_side_at_or_through_throughput,,0.5,False,True
1706,l2Book,1784188761159,False,False,not_evaluated,missing_same_side_strict_through_support;missing_recent_same_side_at_or_through_throughput,,0.5,False,True
1707,l2Book,1784188761698,False,False,not_evaluated,missing_same_side_strict_through_support;missing_recent_same_side_at_or_through_throughput,,0.5,False,True
1708,l2Book,1784188762250,False,False,not_evaluated,missing_same_side_strict_through_support;missing_recent_same_side_at_or_through_throughput,,0.5,False,True
1709,l2Book,1784188762765,False,False,not_evaluated,missing_same_side_strict_through_support;missing_recent_same_side_at_or_through_throughput,,0.5,False,True
1710,l2Book,1784188763319,False,False,not_evaluated,missing_same_side_strict_through_support;missing_recent_same_side_at_or_through_throughput,,0.5,False,True
1711,l2Book,1784188763842,False,False,not_evaluated,missing_same_side_strict_through_support;missing_recent_same_side_at_or_through_throughput,,0.5,False,True
1712,l2Book,1784188764414,False,False,not_evaluated,missing_same_side_strict_through_support;missing_recent_same_side_at_or_through_throughput,,0.5,False,True
1713,l2Book,1784188765009,False,False,not_evaluated,missing_same_side_strict_through_support;missing_recent_same_side_at_or_through_throughput,,0.5,False,True
1714,trades,1784188765009,False,False,not_evaluated,missing_same_side_strict_through_support,,0.5,False,True
1715,l2Book,1784188765547,False,False,not_evaluated,missing_same_side_strict_through_support,,0.5,False,True
1716,trades,1784188765887,False,False,not_evaluated,missing_same_side_strict_through_support,,0.5,False,True
1717,l2Book,1784188766088,False,False,not_evaluated,missing_same_side_strict_through_support,,0.5,False,True
1718,l2Book,1784188766644,False,False,not_evaluated,missing_same_side_strict_through_support,,0.5,False,True
1719,l2Book,1784188767250,False,False,not_evaluated,missing_same_side_strict_through_support,,0.5,False,True
1720,l2Book,1784188767795,False,False,not_evaluated,missing_same_side_strict_through_support,,0.5,False,True
1721,l2Book,1784188768331,False,False,not_evaluated,missing_same_side_strict_through_support,,0.5,False,True
1722,l2Book,1784188768869,False,False,not_evaluated,missing_same_side_strict_through_support,,0.5,False,True
1723,trades,1784188769072,False,False,not_evaluated,missing_same_side_strict_through_support,,0.5,False,True
1724,l2Book,1784188769472,False,False,not_evaluated,missing_same_side_strict_through_support,,0.5,False,True
1725,l2Book,1784188770143,False,False,not_evaluated,missing_same_side_strict_through_support,,0.5,False,True
1726,l2Book,1784188770692,False,False,not_evaluated,missing_same_side_strict_through_support,,0.5,False,True
1727,l2Book,1784188771295,False,False,not_evaluated,missing_same_side_strict_through_support,,0.5,False,True
1728,l2Book,1784188771900,False,False,not_evaluated,missing_same_side_strict_through_support,,0.5,False,True
1729,l2Book,1784188772422,False,False,not_evaluated,missing_same_side_strict_through_support;missing_recent_same_side_at_or_through_throughput,,0.5,False,True
1730,l2Book,1784188772973,False,False,not_evaluated,missing_same_side_strict_through_support;missing_recent_same_side_at_or_through_throughput,,0.5,False,True
1731,l2Book,1784188773509,False,False,not_evaluated,missing_same_side_strict_through_support;missing_recent_same_side_at_or_through_throughput,,0.5,False,True
1732,l2Book,1784188774032,False,False,not_evaluated,missing_same_side_strict_through_support;missing_recent_same_side_at_or_through_throughput,,0.5,False,True
1733,trades,1784188774032,False,False,not_evaluated,missing_same_side_strict_through_support;missing_recent_same_side_at_or_through_throughput,,0.5,False,True
1734,l2Book,1784188774585,False,False,not_evaluated,missing_same_side_strict_through_support;missing_recent_same_side_at_or_through_throughput,,0.5,False,True
1735,l2Book,1784188775119,False,False,not_evaluated,missing_same_side_strict_through_support;missing_recent_same_side_at_or_through_throughput,,0.5,False,True
1736,l2Book,1784188775645,False,False,not_evaluated,missing_same_side_strict_through_support;missing_recent_same_side_at_or_through_throughput,,0.5,False,True
1737,trades,1784188775930,False,False,not_evaluated,missing_same_side_strict_through_support,,0.5,False,True
1738,trades,1784188775997,False,False,not_evaluated,missing_same_side_strict_through_support,,0.5,False,True
1739,l2Book,1784188776197,False,False,not_evaluated,missing_same_side_strict_through_support;missing_touch_freshness_or_queue_reset_evidence;missing_recent_same_side_at_or_through_throughput,,0.5,False,True
1740,trades,1784188776601,False,False,not_evaluated,missing_same_side_strict_through_support;missing_recent_same_side_at_or_through_throughput,,0.5,False,True
1741,l2Book,1784188776735,False,False,not_evaluated,missing_same_side_strict_through_support;missing_recent_same_side_at_or_through_throughput,,0.5,False,True
1742,l2Book,1784188777273,False,False,not_evaluated,missing_same_side_strict_through_support;missing_recent_same_side_at_or_through_throughput,,0.5,False,True
1743,trades,1784188777273,False,False,not_evaluated,missing_same_side_strict_through_support,,0.5,False,True
1744,l2Book,1784188777810,False,False,not_evaluated,missing_same_side_strict_through_support,,0.5,False,True
1745,l2Book,1784188778346,False,False,not_evaluated,missing_same_side_strict_through_support,,0.5,False,True
1746,l2Book,1784188778865,False,False,not_evaluated,missing_same_side_strict_through_support,,0.5,False,True
1747,trades,1784188779267,False,False,not_evaluated,missing_same_side_strict_through_support,,0.5,False,True
1748,trades,1784188779353,False,False,not_evaluated,missing_same_side_strict_through_support,,0.5,False,True
1749,l2Book,1784188779468,False,False,not_evaluated,missing_same_side_strict_through_support,,0.5,False,True
1750,l2Book,1784188780009,False,False,not_evaluated,missing_same_side_strict_through_support;missing_touch_freshness_or_queue_reset_evidence;missing_recent_same_side_at_or_through_throughput,,0.5,False,True
1751,trades,1784188780009,False,False,not_evaluated,missing_same_side_strict_through_support;missing_touch_freshness_or_queue_reset_evidence,,0.5,False,True
1752,trades,1784188780273,False,False,not_evaluated,missing_same_side_strict_through_support,,0.5,False,True
1753,l2Book,1784188780563,False,False,not_evaluated,missing_same_side_strict_through_support,,0.5,False,True
1754,trades,1784188781022,False,False,not_evaluated,missing_same_side_strict_through_support,,0.5,False,True
1755,l2Book,1784188781078,False,False,not_evaluated,missing_same_side_strict_through_support,,0.5,False,True
1756,trades,1784188781078,False,False,not_evaluated,missing_same_side_strict_through_support,,0.5,False,True
1757,l2Book,1784188781633,False,False,not_evaluated,missing_same_side_strict_through_support,,0.5,False,True
1758,l2Book,1784188782170,False,False,not_evaluated,missing_same_side_strict_through_support,,0.5,False,True
1759,l2Book,1784188782713,False,False,not_evaluated,missing_same_side_strict_through_support,,0.5,False,True
1760,l2Book,1784188783247,False,False,not_evaluated,missing_same_side_strict_through_support,,0.5,False,True
1761,trades,1784188783445,False,False,not_evaluated,missing_same_side_strict_through_support,,0.5,False,True
1762,l2Book,1784188783785,False,False,not_evaluated,missing_same_side_strict_through_support,,0.5,False,True
1763,trades,1784188784123,False,False,not_evaluated,missing_same_side_strict_through_support,,0.5,False,True
1764,l2Book,1784188784326,False,False,not_evaluated,missing_touch_freshness_or_queue_reset_evidence,,0.5,False,True
1765,l2Book,1784188784865,False,False,not_evaluated,missing_touch_freshness_or_queue_reset_evidence,,0.5,False,True
1766,trades,1784188785062,False,False,not_evaluated,missing_touch_freshness_or_queue_reset_evidence,,0.5,False,True
1767,trades,1784188785197,True,True,anti_drift_block,adverse_trade_pressure_with_recent_adverse_bbo,0.000682,0.5,False,True
1768,l2Book,1784188785476,False,False,not_evaluated,missing_same_side_strict_through_support;missing_touch_freshness_or_queue_reset_evidence;missing_recent_same_side_at_or_through_throughput,,0.5,False,True
1769,trades,1784188785745,False,False,not_evaluated,missing_same_side_strict_through_support,,0.5,False,True
1770,l2Book,1784188786013,False,False,not_evaluated,missing_same_side_strict_through_support,,0.5,False,True
1771,l2Book,1784188786550,False,False,not_evaluated,missing_same_side_strict_through_support,,0.5,False,True
1772,trades,1784188786952,False,False,not_evaluated,missing_same_side_strict_through_support,,0.5,False,True
1773,l2Book,1784188787086,False,False,not_evaluated,missing_same_side_strict_through_support,,0.5,False,True
1774,trades,1784188787222,False,False,not_evaluated,missing_same_side_strict_through_support,,0.5,False,True
1775,l2Book,1784188787626,False,False,not_evaluated,missing_same_side_strict_through_support,,0.5,False,True
1776,trades,1784188787626,False,False,not_evaluated,missing_same_side_strict_through_support,,0.5,False,True
1777,l2Book,1784188788160,False,False,not_evaluated,missing_same_side_strict_through_support,,0.5,False,True
1778,trades,1784188788439,False,False,not_evaluated,missing_same_side_strict_through_support,,0.5,False,True
1779,l2Book,1784188788708,False,False,not_evaluated,missing_same_side_strict_through_support,,0.5,False,True
1780,trades,1784188788774,False,False,not_evaluated,missing_same_side_strict_through_support,,0.5,False,True
1781,l2Book,1784188789245,False,False,not_evaluated,missing_same_side_strict_through_support,,0.5,False,True
1782,l2Book,1784188789781,False,False,not_evaluated,missing_same_side_strict_through_support,,0.5,False,True
1783,l2Book,1784188790317,False,False,not_evaluated,missing_same_side_strict_through_support,,0.5,False,True
1784,l2Book,1784188790921,False,False,not_evaluated,missing_same_side_strict_through_support;missing_recent_same_side_at_or_through_throughput,,0.5,False,True
1785,trades,1784188790921,False,False,not_evaluated,missing_same_side_strict_through_support,,0.5,False,True
1786,trades,1784188791121,False,False,not_evaluated,missing_same_side_strict_through_support,,0.5,False,True
1787,l2Book,1784188791534,False,False,not_evaluated,missing_same_side_strict_through_support,,0.5,False,True
1788,l2Book,1784188792132,False,False,not_evaluated,missing_same_side_strict_through_support,,0.5,False,True
1789,l2Book,1784188792677,False,False,not_evaluated,missing_same_side_strict_through_support,,0.5,False,True
1790,l2Book,1784188793228,False,False,not_evaluated,missing_same_side_strict_through_support,,0.5,False,True
1791,trades,1784188793429,False,False,not_evaluated,missing_same_side_strict_through_support,,0.5,False,True
1792,l2Book,1784188793755,False,False,not_evaluated,missing_same_side_strict_through_support,,0.5,False,True
1793,l2Book,1784188794360,False,False,not_evaluated,missing_same_side_strict_through_support,,0.5,False,True
1794,l2Book,1784188794909,False,False,not_evaluated,missing_same_side_strict_through_support,,0.5,False,True
1795,trades,1784188795044,False,False,not_evaluated,missing_same_side_strict_through_support,,0.5,False,True
1796,l2Book,1784188795449,False,False,not_evaluated,missing_same_side_strict_through_support,,0.5,False,True
1797,l2Book,1784188795967,False,False,not_evaluated,missing_same_side_strict_through_support,,0.5,False,True
1798,l2Book,1784188796529,False,False,not_evaluated,missing_same_side_strict_through_support,,0.5,False,True
1799,l2Book,1784188797072,False,False,not_evaluated,missing_same_side_strict_through_support;missing_touch_freshness_or_queue_reset_evidence;missing_recent_same_side_at_or_through_throughput,,0.5,False,True
1800,l2Book,1784188797575,False,False,not_evaluated,missing_same_side_strict_through_support;missing_touch_freshness_or_queue_reset_evidence;missing_recent_same_side_at_or_through_throughput,,0.5,False,True
1801,l2Book,1784188798126,False,False,not_evaluated,missing_same_side_strict_through_support;missing_touch_freshness_or_queue_reset_evidence;missing_recent_same_side_at_or_through_throughput,,0.5,False,True
1802,trades,1784188798274,False,False,not_evaluated,missing_same_side_strict_through_support;missing_touch_freshness_or_queue_reset_evidence;missing_recent_same_side_at_or_through_throughput,,0.5,False,True
1803,l2Book,1784188798633,False,False,not_evaluated,missing_same_side_strict_through_support;missing_recent_same_side_at_or_through_throughput,,0.5,False,True
1804,trades,1784188799037,False,False,not_evaluated,missing_same_side_strict_through_support,,0.5,False,True
1805,l2Book,1784188799184,False,False,not_evaluated,missing_same_side_strict_through_support,,0.5,False,True
1806,l2Book,1784188799814,False,False,not_evaluated,missing_same_side_strict_through_support,,0.5,False,True
1807,trades,1784188800220,False,False,not_evaluated,missing_same_side_strict_through_support,,0.5,False,True
1808,trades,1784188800299,False,False,not_evaluated,missing_same_side_strict_through_support,,0.5,False,True
1809,l2Book,1784188800431,False,False,not_evaluated,missing_same_side_strict_through_support,,0.5,False,True
1810,trades,1784188800431,False,False,not_evaluated,missing_same_side_strict_through_support,,0.5,False,True
1811,trades,1784188800665,False,False,not_evaluated,missing_same_side_strict_through_support,,0.5,False,True
1812,l2Book,1784188801057,False,False,not_evaluated,missing_same_side_strict_through_support;missing_touch_freshness_or_queue_reset_evidence;missing_recent_same_side_at_or_through_throughput,,0.5,False,True
1813,trades,1784188801057,False,False,not_evaluated,missing_same_side_strict_through_support;missing_touch_freshness_or_queue_reset_evidence,,0.5,False,True
1814,l2Book,1784188801598,False,False,not_evaluated,missing_same_side_strict_through_support;missing_touch_freshness_or_queue_reset_evidence;missing_recent_same_side_at_or_through_throughput,,0.5,False,True
1815,trades,1784188801598,False,False,not_evaluated,missing_same_side_strict_through_support;missing_touch_freshness_or_queue_reset_evidence;missing_recent_same_side_at_or_through_throughput,,0.5,False,True
1816,trades,1784188801784,False,False,not_evaluated,missing_same_side_strict_through_support;missing_touch_freshness_or_queue_reset_evidence,,0.5,False,True
1817,trades,1784188801937,False,False,not_evaluated,missing_same_side_strict_through_support,,0.5,False,True
1818,l2Book,1784188802138,False,False,not_evaluated,missing_same_side_strict_through_support;missing_touch_freshness_or_queue_reset_evidence;missing_recent_same_side_at_or_through_throughput,,0.5,False,True
1819,l2Book,1784188802670,False,False,not_evaluated,missing_same_side_strict_through_support;missing_recent_same_side_at_or_through_throughput,,0.5,False,True
1820,trades,1784188802951,False,False,not_evaluated,missing_same_side_strict_through_support;missing_recent_same_side_at_or_through_throughput,,0.5,False,True
1821,trades,1784188803080,False,False,not_evaluated,missing_same_side_strict_through_support;missing_recent_same_side_at_or_through_throughput,,0.5,False,True
1822,l2Book,1784188803286,False,False,not_evaluated,missing_same_side_strict_through_support;missing_recent_same_side_at_or_through_throughput,,0.5,False,True
1823,trades,1784188803489,False,False,not_evaluated,missing_same_side_strict_through_support;missing_recent_same_side_at_or_through_throughput,,0.5,False,True
1824,trades,1784188803559,False,False,not_evaluated,missing_same_side_strict_through_support;missing_recent_same_side_at_or_through_throughput,,0.5,False,True
1825,l2Book,1784188803818,False,False,not_evaluated,missing_same_side_strict_through_support;missing_recent_same_side_at_or_through_throughput,,0.5,False,True
1826,trades,1784188803891,False,False,not_evaluated,missing_same_side_strict_through_support,,0.5,False,True
1827,trades,1784188804022,False,False,not_evaluated,missing_same_side_strict_through_support,,0.5,False,True
1828,l2Book,1784188804376,False,False,not_evaluated,missing_same_side_strict_through_support,,0.5,False,True
1829,trades,1784188804376,False,False,not_evaluated,missing_same_side_strict_through_support,,0.5,False,True
1830,l2Book,1784188804908,False,False,not_evaluated,missing_same_side_strict_through_support,,0.5,False,True
1831,l2Book,1784188805438,False,False,not_evaluated,missing_same_side_strict_through_support,,0.5,False,True
1832,l2Book,1784188805976,False,False,not_evaluated,missing_same_side_strict_through_support,,0.5,False,True
1833,trades,1784188806317,False,False,not_evaluated,missing_same_side_strict_through_support,,0.5,False,True
1834,l2Book,1784188806513,False,False,not_evaluated,missing_same_side_strict_through_support,,0.5,False,True
1835,trades,1784188806706,False,False,not_evaluated,missing_same_side_strict_through_support,,0.5,False,True
1836,trades,1784188806785,False,False,not_evaluated,missing_same_side_strict_through_support,,0.5,False,True
1837,trades,1784188806985,False,False,not_evaluated,missing_same_side_strict_through_support,,0.5,False,True
1838,l2Book,1784188807118,False,False,not_evaluated,missing_same_side_strict_through_support,,0.5,False,True
1839,trades,1784188807118,False,False,not_evaluated,missing_same_side_strict_through_support,,0.5,False,True
1840,trades,1784188807389,False,False,not_evaluated,missing_same_side_strict_through_support,,0.5,False,True
1841,trades,1784188807523,False,False,not_evaluated,outside_quality_a_b_queue_bands,,0.5,False,True
1842,l2Book,1784188807649,False,False,not_evaluated,missing_same_side_strict_through_support;missing_touch_freshness_or_queue_reset_evidence;missing_recent_same_side_at_or_through_throughput,,0.5,False,True
1843,trades,1784188807722,False,False,not_evaluated,missing_same_side_strict_through_support;missing_touch_freshness_or_queue_reset_evidence,,0.5,False,True
1844,trades,1784188807940,True,True,fail_closed,outside_quality_a_b_queue_bands;missing_intent_limit_px;missing_or_nonpositive_intent_size;missing_quality_bucket,0.000626,0.5,False,False
1845,trades,1784188808395,False,False,not_evaluated,missing_same_side_strict_through_support;missing_touch_freshness_or_queue_reset_evidence,,0.5,False,True
1846,l2Book,1784188808757,False,False,not_evaluated,missing_same_side_strict_through_support;missing_touch_freshness_or_queue_reset_evidence,,0.5,False,True
1847,trades,1784188808757,False,False,not_evaluated,missing_same_side_strict_through_support;missing_touch_freshness_or_queue_reset_evidence,,0.5,False,True
1848,trades,1784188808891,False,False,not_evaluated,missing_same_side_strict_through_support;missing_touch_freshness_or_queue_reset_evidence,,0.5,False,True
1849,trades,1784188809027,False,False,not_evaluated,missing_same_side_strict_through_support,,0.5,False,True
1850,l2Book,1784188809291,False,False,not_evaluated,missing_touch_freshness_or_queue_reset_evidence,,0.5,False,True
1851,trades,1784188809291,False,False,not_evaluated,missing_touch_freshness_or_queue_reset_evidence,,0.5,False,True
1852,l2Book,1784188809826,False,False,not_evaluated,outside_quality_a_b_queue_bands,,0.5,False,True
1853,trades,1784188810026,False,False,not_evaluated,outside_quality_a_b_queue_bands,,0.5,False,True
1854,trades,1784188810092,False,False,not_evaluated,outside_quality_a_b_queue_bands,,0.5,False,True
1855,l2Book,1784188810373,False,False,not_evaluated,outside_quality_a_b_queue_bands,,0.5,False,True
1856,l2Book,1784188810962,False,False,not_evaluated,outside_quality_a_b_queue_bands,,0.5,False,True
1857,trades,1784188811029,False,False,not_evaluated,outside_quality_a_b_queue_bands,,0.5,False,True
1858,l2Book,1784188811592,False,False,not_evaluated,outside_quality_a_b_queue_bands,,0.5,False,True
1859,trades,1784188811476,False,False,not_evaluated,outside_quality_a_b_queue_bands,,0.5,False,True
1860,trades,1784188811699,False,False,not_evaluated,outside_quality_a_b_queue_bands,,0.5,False,True
1861,l2Book,1784188811978,False,False,not_evaluated,outside_quality_a_b_queue_bands,,0.5,False,True
1862,trades,1784188812051,False,False,not_evaluated,missing_same_side_strict_through_support,,0.5,False,True
1863,trades,1784188812187,False,False,not_evaluated,missing_same_side_strict_through_support,,0.5,False,True
1864,l2Book,1784188812508,False,False,not_evaluated,missing_same_side_strict_through_support;missing_touch_freshness_or_queue_reset_evidence;missing_recent_same_side_at_or_through_throughput,,0.5,False,True
1865,trades,1784188812855,True,True,pass,,0.000652,0.5,True,False
