event_sequence,source_channel,source_event_exchange_time_ms,current_bid,current_ask,rolling_trade_count_last_3s,touch_trade_qty_btc,strict_trade_through_qty_btc,at_or_through_trade_qty_btc,opposite_trade_qty_btc,rolling_window_seconds
1,l2Book,1784188297180,64146,64147,0,0,0,0,0,3.0
2,trades,1784188297180,64146,64147,30,1.0123,0.9928,2.0051,1.1638,3.0
3,l2Book,1784188297647,64146,64147,30,1.0123,0.9928,2.0051,1.1638,3.0
4,l2Book,1784188298170,64146,64147,30,1.0123,0.9928,2.0051,1.1638,3.0
5,l2Book,1784188298697,64146,64147,30,1.0123,0.9928,2.0051,1.1638,3.0
6,trades,1784188298893,64146,64147,31,1.0123,0.9928,2.0051,1.18075,3.0
7,l2Book,1784188299322,64146,64147,31,1.0123,0.9928,2.0051,1.18075,3.0
8,l2Book,1784188299849,64146,64147,3,0,0,0,0.02618,3.0
9,trades,1784188300125,64146,64147,5,0.04733,0,0.04733,0.02081,3.0
10,l2Book,1784188300364,64146,64147,4,0.04733,0,0.04733,0.01695,3.0
11,trades,1784188300809,64146,64147,5,0.0584,0,0.0584,0.01695,3.0
12,l2Book,1784188300941,64146,64147,5,0.0584,0,0.0584,0.01695,3.0
13,trades,1784188301009,64146,64147,6,0.05887,0,0.05887,0.01695,3.0
14,l2Book,1784188301545,64146,64147,6,0.05887,0,0.05887,0.01695,3.0
15,trades,1784188301813,64146,64147,8,0.05904,0,0.05904,0.05695,3.0
16,trades,1784188301948,64146,64147,8,0.05935,0,0.05935,0.04,3.0
17,l2Book,1784188302147,64146,64147,8,0.05935,0,0.05935,0.04,3.0
18,trades,1784188302147,64146,64147,9,0.05966,0,0.05966,0.04,3.0
19,l2Book,1784188302681,64146,64147,9,0.05966,0,0.05966,0.04,3.0
20,l2Book,1784188303225,64146,64147,6,0.01233,0,0.01233,0.04,3.0
21,l2Book,1784188303763,64146,64147,6,0.01233,0,0.01233,0.04,3.0
22,l2Book,1784188304285,64146,64147,4,0.00079,0,0.00079,0.04,3.0
23,trades,1784188304499,64146,64147,5,0.00804,0,0.00804,0.04,3.0
24,l2Book,1784188304836,64146,64147,3,0.00787,0,0.00787,0,3.0
25,l2Book,1784188305365,64146,64147,1,0.00725,0,0.00725,0,3.0
26,trades,1784188305511,64146,64147,2,0.00725,0,0.00725,0.00382,3.0
27,l2Book,1784188305999,64146,64147,2,0.00725,0,0.00725,0.00382,3.0
28,trades,1784188306406,64146,64147,13,0.61602,0.09321,0.70923,0.00382,3.0
29,trades,1784188306521,64142,64143,15,0.00035,0,0.00035,0.71305,3.0
30,l2Book,1784188307072,64146,64147,15,0.61602,0.09356,0.70958,0.00382,3.0
31,l2Book,1784188307615,64146,64147,14,0.60877,0.09356,0.70233,0.00382,3.0
32,trades,1784188308086,64146,64147,15,0.60877,0.09356,0.70233,0.00413,3.0
33,l2Book,1784188308140,64146,64147,15,0.60877,0.09356,0.70233,0.00413,3.0
34,trades,1784188308222,64146,64147,16,0.60877,0.09356,0.70233,0.00444,3.0
35,trades,1784188308490,64146,64147,18,0.60877,0.09356,0.70233,0.0066,3.0
36,l2Book,1784188308693,64147,64148,17,0,0.70233,0.70233,0.00278,3.0
37,trades,1784188309028,64147,64148,18,0,0.70233,0.70233,0.01271,3.0
38,l2Book,1784188309229,64152,64153,18,0,0.71226,0.71226,0.00278,3.0
39,l2Book,1784188309756,64152,64153,5,0,0.00993,0.00993,0.00278,3.0
40,l2Book,1784188310304,64153,64154,5,0,0.00993,0.00993,0.00278,3.0
41,l2Book,1784188310919,64154,64155,5,0,0.00993,0.00993,0.00278,3.0
42,trades,1784188311037,64154,64155,7,0,0.00993,0.00993,0.00296,3.0
43,trades,1784188311093,64154,64155,10,0,0.00993,0.00993,0.94686,3.0
44,l2Book,1784188311456,64161,64162,9,0,0.40993,0.40993,0.54655,3.0
45,trades,1784188311456,64161,64162,13,0,0.43297,0.43297,0.56242,3.0
46,l2Book,1784188312042,64161,64162,10,0,0.42304,0.42304,0.56026,3.0
47,trades,1784188312042,64161,64162,13,0,0.42304,0.42304,0.66026,3.0
48,l2Book,1784188312558,64161,64162,13,0,0.42304,0.42304,0.66026,3.0
49,l2Book,1784188313090,64161,64162,13,0,0.42304,0.42304,0.66026,3.0
50,l2Book,1784188313623,64161,64162,13,0,0.42304,0.42304,0.66026,3.0
51,trades,1784188313764,64161,64162,14,0.02237,0.42304,0.44541,0.66026,3.0
52,l2Book,1784188314167,64161,64162,8,0.02237,0.02304,0.04541,0.11587,3.0
53,trades,1784188314505,64161,64162,7,0.34963,0,0.34963,0.1,3.0
54,l2Book,1784188314702,64161,64162,7,0.34963,0,0.34963,0.1,3.0
55,trades,1784188314773,64161,64162,8,0.34963,0,0.34963,0.10049,3.0
56,trades,1784188315039,64161,64162,9,0.34982,0,0.34982,0.10049,3.0
57,l2Book,1784188315241,64161,64162,6,0.34982,0,0.34982,0.00049,3.0
58,trades,1784188315445,64161,64162,8,0.34982,0,0.34982,0.26715,3.0
59,trades,1784188315718,64161,64162,9,0.34982,0,0.34982,0.27719,3.0
60,l2Book,1784188315778,64162,64163,9,0,0.34982,0.34982,0.27719,3.0
61,l2Book,1784188316324,64163,64164,9,0,0.34982,0.34982,0.27719,3.0
62,l2Book,1784188316859,64163,64164,8,0,0.32745,0.32745,0.27719,3.0
63,trades,1784188316859,64163,64164,9,0,0.32745,0.32745,0.28008,3.0
64,l2Book,1784188317389,64163,64164,9,0,0.32745,0.32745,0.28008,3.0
65,l2Book,1784188317942,64163,64164,5,0,0.00019,0.00019,0.27959,3.0
66,l2Book,1784188318480,64163,64164,2,0,0,0,0.01293,3.0
67,trades,1784188318623,64163,64164,3,0.01372,0,0.01372,0.01293,3.0
68,l2Book,1784188319024,64163,64164,2,0.01372,0,0.01372,0.00289,3.0
69,trades,1784188319024,64163,64164,4,0.01788,0,0.01788,0.0031,3.0
70,trades,1784188319155,64163,64164,5,0.01788,0,0.01788,0.02818,3.0
71,l2Book,1784188319559,64163,64164,5,0.01788,0,0.01788,0.02818,3.0
72,trades,1784188319760,64163,64164,6,0.02964,0,0.02964,0.02818,3.0
73,trades,1784188320036,64163,64164,90,0.02964,0,0.02964,39.18074,3.0
74,l2Book,1784188320100,64178,64181,90,0,0.02964,0.02964,39.18074,3.0
75,l2Book,1784188320637,64179,64180,90,0,0.02964,0.02964,39.18074,3.0
76,trades,1784188320903,64179,64180,92,0.07853,0.02964,0.10817,39.18074,3.0
77,trades,1784188320973,64179,64180,93,0.07932,0.02964,0.10896,39.18074,3.0
78,l2Book,1784188321173,64179,64180,93,0.07932,0.02964,0.10896,39.18074,3.0
79,trades,1784188321306,64179,64180,94,0.07949,0.02964,0.10913,39.18074,3.0
80,l2Book,1784188321724,64179,64180,93,0.07949,0.01592,0.09541,39.18074,3.0
81,trades,1784188321724,64179,64180,94,0.1574,0.01592,0.17332,39.18074,3.0
82,l2Book,1784188322250,64179,64180,91,0.1574,0.01176,0.16916,39.15545,3.0
83,trades,1784188322595,64179,64180,92,0.1574,0.01192,0.16932,39.15545,3.0
84,l2Book,1784188322797,64176,64177,91,0,0,0,39.31301,3.0
85,trades,1784188323282,64176,64177,7,0,0.0022,0.0022,0.15756,3.0
86,trades,1784188323349,64169,64170,8,0,0,0,0.16755,3.0
87,trades,1784188323540,64169,64170,9,0.00137,0,0.00137,0.16755,3.0
88,l2Book,1784188323876,64167,64168,9,0,0,0,0.16892,3.0
89,trades,1784188324077,64167,64168,7,0,0,0,0.08995,3.0
90,trades,1784188324150,64167,64168,10,0.07774,0,0.07774,0.08995,3.0
91,trades,1784188324282,64167,64168,27,0.28468,0.75648,1.04116,0.08995,3.0
92,l2Book,1784188324418,64161,64162,26,0.38723,0,0.38723,0.74371,3.0
93,trades,1784188324418,64161,64162,27,0.38723,0,0.38723,0.89879,3.0
94,l2Book,1784188324974,64161,64162,26,0.38723,0,0.38723,0.82088,3.0
95,l2Book,1784188325520,64161,64162,26,0.38723,0,0.38723,0.82088,3.0
96,trades,1784188325887,64161,64162,26,0.39309,0,0.39309,0.82072,3.0
97,l2Book,1784188326088,64161,64162,26,0.39309,0,0.39309,0.82072,3.0
98,trades,1784188326392,64161,64162,25,0.39309,0,0.39309,0.81144,3.0
99,l2Book,1784188326595,64161,64162,24,0.39309,0,0.39309,0.81007,3.0
100,trades,1784188326871,64161,64162,28,0.60728,0,0.60728,0.81007,3.0
101,trades,1784188326936,64161,64162,29,0.60728,0,0.60728,0.82869,3.0
102,l2Book,1784188327137,64161,64162,28,0.60728,0,0.60728,0.82834,3.0
103,trades,1784188327137,64161,64162,29,0.60728,0,0.60728,0.8289,3.0
104,l2Book,1784188327686,64161,64162,8,0.22005,0,0.22005,0.01989,3.0
105,trades,1784188327955,64161,64162,9,0.22005,0,0.22005,0.38659,3.0
106,l2Book,1784188328292,64161,64162,9,0.22005,0,0.22005,0.38659,3.0
107,l2Book,1784188328895,64161,64162,8,0.21419,0,0.21419,0.38659,3.0
108,trades,1784188329098,64161,64162,10,0.21523,0,0.21523,0.38659,3.0
109,l2Book,1784188329430,64161,64162,9,0.21523,0,0.21523,0.38588,3.0
110,l2Book,1784188329930,64161,64162,5,0.00104,0,0.00104,0.38588,3.0
111,trades,1784188330032,64161,64162,8,0.04735,0,0.04735,0.37925,3.0
112,l2Book,1784188330441,64161,64162,7,0.04735,0,0.04735,0.37869,3.0
113,l2Book,1784188330949,64160,64161,7,0,0,0,0.42604,3.0
114,trades,1784188331042,64160,64161,7,0.00061,0,0.00061,0.05934,3.0
115,trades,1784188331151,64160,64161,10,0.04891,0,0.04891,0.05934,3.0
116,trades,1784188331244,64160,64161,15,0.04891,0.00296,0.05187,0.05934,3.0
117,l2Book,1784188332046,64148,64149,18,0,0,0,0.13198,3.0
118,trades,1784188332248,64148,64149,17,0,0,0,0.14378,3.0
119,trades,1784188332449,64148,64149,20,0.03118,0,0.03118,0.1565,3.0
120,l2Book,1784188332569,64148,64149,20,0.03118,0,0.03118,0.1565,3.0
121,trades,1784188332917,64148,64149,21,0.13118,0,0.13118,0.1565,3.0
122,l2Book,1784188333120,64148,64149,17,0.13118,0,0.13118,0.0982,3.0
123,trades,1784188333459,64148,64149,18,0.13118,0,0.13118,0.1982,3.0
124,l2Book,1784188333657,64148,64149,18,0.13118,0,0.13118,0.1982,3.0
125,l2Book,1784188334264,64148,64149,9,0.13118,0,0.13118,0.14633,3.0
126,l2Book,1784188334799,64148,64149,6,0.13118,0,0.13118,0.12556,3.0
127,trades,1784188334866,64148,64149,7,0.13221,0,0.13221,0.12556,3.0
128,l2Book,1784188335336,64148,64149,6,0.13221,0,0.13221,0.11272,3.0
129,l2Book,1784188335869,64148,64149,3,0.10103,0,0.10103,0.1,3.0
130,l2Book,1784188336378,64148,64149,2,0.00103,0,0.00103,0.1,3.0
131,trades,1784188336808,64148,64149,2,0.00103,0,0.00103,0.00022,3.0
132,l2Book,1784188336925,64148,64149,2,0.00103,0,0.00103,0.00022,3.0
133,l2Book,1784188337470,64148,64149,2,0.00103,0,0.00103,0.00022,3.0
134,l2Book,1784188338016,64148,64149,1,0,0,0,0.00022,3.0
135,l2Book,1784188338562,64148,64149,1,0,0,0,0.00022,3.0
136,trades,1784188339031,64148,64149,2,0.00993,0,0.00993,0.00022,3.0
137,l2Book,1784188339097,64149,64153,2,0,0.00993,0.00993,0.00022,3.0
138,trades,1784188339097,64149,64153,4,0,0.00993,0.00993,0.00151,3.0
139,l2Book,1784188339641,64154,64155,4,0,0.00993,0.00993,0.00151,3.0
140,trades,1784188339704,64154,64155,7,0,0.00993,0.00993,0.00613,3.0
141,l2Book,1784188340164,64155,64156,6,0,0.00993,0.00993,0.00591,3.0
142,trades,1784188340455,64155,64156,7,0,0.00993,0.00993,0.0688,3.0
143,trades,1784188340518,64155,64156,8,0,0.00993,0.00993,0.06896,3.0
144,l2Book,1784188340724,64160,64161,8,0,0.07282,0.07282,0.00607,3.0
145,trades,1784188341056,64160,64161,12,0,0.07282,0.07282,0.16601,3.0
146,l2Book,1784188341257,64160,64161,12,0,0.07282,0.07282,0.16601,3.0
147,l2Book,1784188341784,64160,64161,12,0,0.07282,0.07282,0.16601,3.0
148,l2Book,1784188342326,64160,64161,9,0,0.06289,0.06289,0.16472,3.0
149,trades,1784188342464,64160,64161,10,0.0007,0.06289,0.06359,0.16472,3.0
150,l2Book,1784188342865,64160,64161,7,0.0007,0.06289,0.06359,0.1601,3.0
151,trades,1784188342865,64160,64161,8,0.07862,0.06289,0.14151,0.1601,3.0
152,l2Book,1784188343403,64160,64161,8,0.07862,0.06289,0.14151,0.1601,3.0
153,trades,1784188343492,64160,64161,9,0.24203,0,0.24203,0.1601,3.0
154,trades,1784188343691,64160,64161,9,0.31999,0,0.31999,0.15994,3.0
155,l2Book,1784188343960,64160,64161,9,0.31999,0,0.31999,0.15994,3.0
156,l2Book,1784188344498,64160,64161,5,0.31999,0,0.31999,0,3.0
157,l2Book,1784188345112,64158,64159,5,0,0,0,0.31999,3.0
158,trades,1784188345112,64158,64159,7,0.00003,0,0.00003,0.32015,3.0
159,trades,1784188345181,64158,64159,8,0.00003,0,0.00003,0.32121,3.0
160,l2Book,1784188345647,64154,64159,7,0,0,0,0.32054,3.0
161,trades,1784188345983,64154,64159,8,0.0779,0,0.0779,0.24262,3.0
162,l2Book,1784188346183,64154,64155,8,0.0779,0,0.0779,0.24262,3.0
163,trades,1784188346354,64154,64155,9,0.13943,0,0.13943,0.24262,3.0
164,l2Book,1784188346718,64154,64155,6,0.13943,0,0.13943,0.00125,3.0
165,trades,1784188346718,64154,64155,7,0.2174,0,0.2174,0.00125,3.0
166,trades,1784188346784,64154,64155,8,0.26507,0,0.26507,0.00125,3.0
167,trades,1784188347118,64154,64155,9,0.26507,0,0.26507,0.00526,3.0
168,trades,1784188347189,64154,64155,10,0.3071,0,0.3071,0.00526,3.0
169,l2Book,1784188347324,64154,64155,10,0.3071,0,0.3071,0.00526,3.0
170,trades,1784188347532,64154,64155,11,0.38503,0,0.38503,0.00526,3.0
171,trades,1784188347797,64154,64155,29,0.38503,0,0.38503,2.24281,3.0
172,l2Book,1784188347911,64163,64164,29,0,0.38522,0.38522,2.24262,3.0
173,trades,1784188348333,64163,64164,27,0.07794,0.38503,0.46297,2.24156,3.0
174,l2Book,1784188348537,64163,64164,27,0.07794,0.38503,0.46297,2.24156,3.0
175,trades,1784188349003,64163,64164,27,0.08209,0.30713,0.38922,2.24177,3.0
176,l2Book,1784188349068,64163,64164,27,0.08209,0.30713,0.38922,2.24177,3.0
177,l2Book,1784188349603,64163,64164,26,0.08209,0.2456,0.32769,2.24177,3.0
178,trades,1784188349938,64163,64164,26,0.1454,0.11996,0.26536,2.24177,3.0
179,l2Book,1784188350138,64163,64164,25,0.1454,0.11996,0.26536,2.23776,3.0
180,trades,1784188350138,64163,64164,26,0.14589,0.11996,0.26585,2.23776,3.0
181,l2Book,1784188350683,64163,64164,24,0.14589,0,0.14589,2.23776,3.0
182,l2Book,1784188351220,64163,64164,6,0.14589,0,0.14589,0.00021,3.0
183,l2Book,1784188351767,64163,64164,5,0.06795,0,0.06795,0.00021,3.0
184,trades,1784188352041,64163,64164,4,0.06677,0,0.06677,0,3.0
185,l2Book,1784188352308,64163,64164,4,0.06677,0,0.06677,0,3.0
186,l2Book,1784188352845,64163,64164,4,0.06677,0,0.06677,0,3.0
187,trades,1784188352914,64163,64164,6,0.06677,0,0.06677,0.0031,3.0
188,trades,1784188353247,64163,64164,4,0.00355,0,0.00355,0.0031,3.0
189,l2Book,1784188353387,64163,64164,4,0.00355,0,0.00355,0.0031,3.0
190,trades,1784188353656,64163,64164,17,0.00355,0,0.00355,2.24065,3.0
191,trades,1784188353857,64163,64164,20,0.41564,0,0.41564,2.24065,3.0
192,l2Book,1784188353985,64163,64164,20,0.41564,0,0.41564,2.24065,3.0
193,trades,1784188354059,64163,64164,21,0.41564,0,0.41564,2.24101,3.0
194,trades,1784188354126,64163,64164,22,0.41564,0,0.41564,2.24411,3.0
195,trades,1784188354470,64163,64164,28,0.4936,0,0.4936,2.63567,3.0
196,l2Book,1784188354536,64163,64164,28,0.4936,0,0.4936,2.63567,3.0
197,trades,1784188354801,64163,64164,29,0.4936,0,0.4936,2.7202,3.0
198,l2Book,1784188355071,64163,64164,28,0.49063,0,0.49063,2.7202,3.0
199,trades,1784188355138,64163,64164,29,0.5324,0,0.5324,2.7202,3.0
200,trades,1784188355271,64163,64164,31,0.61032,0,0.61032,2.74617,3.0
201,l2Book,1784188355604,64163,64164,31,0.61032,0,0.61032,2.74617,3.0
202,trades,1784188355875,64163,64164,32,0.61032,0,0.61032,2.74677,3.0
203,trades,1784188356078,64163,64164,31,0.68622,0,0.68622,2.74367,3.0
204,l2Book,1784188356139,64161,64162,31,0,0,0,3.42989,3.0
205,l2Book,1784188356680,64161,64162,17,0,0,0,1.19176,3.0
206,trades,1784188356945,64161,64162,15,0,0,0,0.78611,3.0
207,l2Book,1784188357213,64161,64162,13,0,0,0,0.78265,3.0
208,trades,1784188357486,64161,64162,8,0,0,0,0.31375,3.0
209,trades,1784188357686,64161,64162,10,0.00203,0,0.00203,0.31391,3.0
210,l2Book,1784188357754,64161,64162,10,0.00203,0,0.00203,0.31391,3.0
211,l2Book,1784188358281,64161,64162,6,0.00203,0,0.00203,0.08372,3.0
212,trades,1784188358560,64161,64162,7,0.07995,0,0.07995,0.08372,3.0
213,l2Book,1784188358822,64157,64162,7,0,0,0,0.16367,3.0
214,l2Book,1784188359366,64157,64158,5,0,0,0,0.08717,3.0
215,l2Book,1784188359899,64157,64158,5,0,0,0,0.08717,3.0
216,trades,1784188360029,64157,64158,7,0.04733,0,0.04733,0.08073,3.0
217,l2Book,1784188360430,64157,64158,7,0.04733,0,0.04733,0.08073,3.0
218,trades,1784188360569,64157,64158,7,0.04733,0,0.04733,0.23521,3.0
219,l2Book,1784188360964,64157,64158,5,0.04733,0,0.04733,0.23302,3.0
220,trades,1784188361036,64157,64158,6,0.04821,0,0.04821,0.23302,3.0
221,l2Book,1784188361510,64157,64158,6,0.04821,0,0.04821,0.23302,3.0
222,l2Book,1784188362041,64157,64158,5,0.04821,0,0.04821,0.1551,3.0
223,l2Book,1784188362581,64157,64158,5,0.04821,0,0.04821,0.1551,3.0
224,l2Book,1784188363121,64157,64158,2,0.00088,0,0.00088,0.1551,3.0
225,l2Book,1784188363641,64157,64158,1,0.00088,0,0.00088,0,3.0
226,l2Book,1784188364190,64157,64158,0,0,0,0,0,3.0
227,trades,1784188364656,64157,64158,1,0,0,0,0.3,3.0
228,l2Book,1784188364726,64157,64158,1,0,0,0,0.3,3.0
229,l2Book,1784188365260,64157,64158,1,0,0,0,0.3,3.0
230,l2Book,1784188365807,64157,64158,1,0,0,0,0.3,3.0
231,trades,1784188366144,64157,64158,2,0,0,0,0.41199,3.0
232,l2Book,1784188366344,64157,64158,2,0,0,0,0.41199,3.0
233,l2Book,1784188366867,64157,64158,2,0,0,0,0.41199,3.0
234,l2Book,1784188367420,64157,64158,2,0,0,0,0.41199,3.0
235,l2Book,1784188367962,64157,64158,1,0,0,0,0.11199,3.0
236,trades,1784188368076,64157,64158,2,0,0,0,0.14418,3.0
237,l2Book,1784188368498,64157,64158,2,0,0,0,0.14418,3.0
238,l2Book,1784188369038,64157,64158,2,0,0,0,0.14418,3.0
239,trades,1784188369038,64157,64158,3,0.00993,0,0.00993,0.14418,3.0
240,trades,1784188369303,64157,64158,3,0.00993,0,0.00993,0.0619,3.0
241,l2Book,1784188369570,64157,64158,3,0.00993,0,0.00993,0.0619,3.0
242,l2Book,1784188370085,64157,64158,3,0.00993,0,0.00993,0.0619,3.0
243,trades,1784188370176,64157,64158,4,0.00993,0,0.00993,0.12422,3.0
244,l2Book,1784188370645,64157,64158,4,0.00993,0,0.00993,0.12422,3.0
245,trades,1784188371048,64157,64158,5,0.00993,0,0.00993,0.1244,3.0
246,l2Book,1784188371182,64157,64158,4,0.00993,0,0.00993,0.09221,3.0
247,l2Book,1784188371694,64157,64158,4,0.00993,0,0.00993,0.09221,3.0
248,l2Book,1784188372297,64157,64158,3,0,0,0,0.09221,3.0
249,l2Book,1784188372901,64157,64158,2,0,0,0,0.0625,3.0
250,l2Book,1784188373457,64157,64158,1,0,0,0,0.00018,3.0
251,l2Book,1784188374006,64155,64158,1,0,0,0,0.00018,3.0
252,trades,1784188374006,64155,64158,16,0,0,0,2.23773,3.0
253,trades,1784188374200,64155,64158,17,0,0,0,2.23882,3.0
254,l2Book,1784188374542,64154,64155,17,0,0,0,2.23882,3.0
255,l2Book,1784188375138,64151,64152,17,0,0,0,2.23882,3.0
256,trades,1784188375070,64151,64152,19,0,0,0,2.24001,3.0
257,trades,1784188375138,64151,64152,20,0.07793,0,0.07793,2.24001,3.0
258,l2Book,1784188375630,64151,64152,20,0.07793,0,0.07793,2.24001,3.0
259,trades,1784188375832,64151,64152,21,0.07793,0,0.07793,2.24026,3.0
260,trades,1784188376033,64151,64152,22,0.15589,0,0.15589,2.24026,3.0
261,l2Book,1784188376168,64151,64152,22,0.15589,0,0.15589,2.24026,3.0
262,trades,1784188376168,64151,64152,23,0.15689,0,0.15689,2.24026,3.0
263,l2Book,1784188376696,64151,64152,23,0.15689,0,0.15689,2.24026,3.0
264,l2Book,1784188377241,64151,64152,6,0.15689,0,0.15689,0.00144,3.0
265,l2Book,1784188377780,64151,64152,6,0.15689,0,0.15689,0.00144,3.0
266,trades,1784188377979,64151,64152,7,0.15689,0,0.15689,0.12323,3.0
267,l2Book,1784188378300,64151,64152,4,0.07896,0,0.07896,0.12204,3.0
268,trades,1784188378381,64151,64152,6,0.15688,0,0.15688,0.12204,3.0
269,trades,1784188378584,64151,64152,7,0.15688,0,0.15688,0.12629,3.0
270,l2Book,1784188378853,64151,64152,6,0.15688,0,0.15688,0.12604,3.0
271,trades,1784188378983,64151,64152,7,0.15688,0,0.15688,0.12628,3.0
272,trades,1784188379053,64151,64152,8,0.08308,0,0.08308,0.12649,3.0
273,l2Book,1784188379387,64151,64152,7,0.08208,0,0.08208,0.12649,3.0
274,l2Book,1784188379993,64151,64152,7,0.08208,0,0.08208,0.12649,3.0
275,trades,1784188380059,64151,64152,8,0.08208,0,0.08208,0.15145,3.0
276,l2Book,1784188380524,64151,64152,8,0.08208,0,0.08208,0.15145,3.0
277,trades,1784188381002,64151,64152,8,0.08208,0,0.08208,0.03051,3.0
278,l2Book,1784188381071,64151,64152,8,0.08208,0,0.08208,0.03051,3.0
279,l2Book,1784188381609,64151,64152,5,0.00416,0,0.00416,0.02626,3.0
280,l2Book,1784188382139,64151,64152,2,0,0,0,0.02581,3.0
281,trades,1784188382627,64151,64152,4,0,0.00032,0.00032,0.02581,3.0
282,l2Book,1784188382694,64148,64149,4,0,0,0,0.02613,3.0
283,trades,1784188382895,64148,64149,5,0.00016,0,0.00016,0.02613,3.0
284,l2Book,1784188383233,64145,64146,4,0,0,0,0.00133,3.0
285,trades,1784188383233,64145,64146,5,0,0,0,0.0021,3.0
286,trades,1784188383518,64145,64146,7,0.07796,0,0.07796,0.0021,3.0
287,trades,1784188383649,64145,64146,8,0.08575,0,0.08575,0.0021,3.0
288,l2Book,1784188383778,64145,64146,8,0.08575,0,0.08575,0.0021,3.0
289,trades,1784188383854,64145,64146,9,0.08575,0,0.08575,0.04957,3.0
290,trades,1784188384054,64145,64146,9,0.08575,0,0.08575,0.04907,3.0
291,l2Book,1784188384322,64145,64146,9,0.08575,0,0.08575,0.04907,3.0
292,trades,1784188384525,64145,64146,13,0.08575,0,0.08575,0.09584,3.0
293,trades,1784188384658,64145,64146,15,0.09354,0,0.09354,0.11143,3.0
294,l2Book,1784188384857,64145,64146,15,0.09354,0,0.09354,0.11143,3.0
295,l2Book,1784188385375,64145,64146,15,0.09354,0,0.09354,0.11143,3.0
296,l2Book,1784188385931,64145,64146,12,0.09354,0,0.09354,0.11095,3.0
297,trades,1784188386267,64145,64146,12,0.25758,0,0.25758,0.11018,3.0
298,l2Book,1784188386461,64145,64146,12,0.25758,0,0.25758,0.11018,3.0
299,l2Book,1784188387001,64145,64146,8,0.17183,0,0.17183,0.06271,3.0
300,l2Book,1784188387549,64145,64146,3,0.17183,0,0.17183,0.01559,3.0
301,l2Book,1784188388083,64145,64146,1,0.16404,0,0.16404,0,3.0
302,l2Book,1784188388620,64145,64146,1,0.16404,0,0.16404,0,3.0
303,l2Book,1784188389159,64145,64146,1,0.16404,0,0.16404,0,3.0
304,l2Book,1784188389700,64145,64146,0,0,0,0,0,3.0
305,trades,1784188390029,64145,64146,3,0.04735,0,0.04735,0,3.0
306,l2Book,1784188390236,64145,64146,3,0.04735,0,0.04735,0,3.0
307,trades,1784188390639,64145,64146,4,0.09411,0,0.09411,0,3.0
308,l2Book,1784188390771,64145,64146,4,0.09411,0,0.09411,0,3.0
309,trades,1784188391035,64145,64146,5,0.09475,0,0.09475,0,3.0
310,trades,1784188391105,64145,64146,6,0.09775,0,0.09775,0,3.0
311,l2Book,1784188391310,64145,64146,6,0.09775,0,0.09775,0,3.0
312,l2Book,1784188391811,64145,64146,6,0.09775,0,0.09775,0,3.0
313,trades,1784188391862,64145,64146,7,0.10594,0,0.10594,0,3.0
314,l2Book,1784188392319,64145,64146,7,0.10594,0,0.10594,0,3.0
315,l2Book,1784188392861,64145,64146,7,0.10594,0,0.10594,0,3.0
316,l2Book,1784188393397,64145,64146,4,0.05859,0,0.05859,0,3.0
317,l2Book,1784188393934,64145,64146,3,0.01183,0,0.01183,0,3.0
318,l2Book,1784188394465,64145,64146,1,0.00819,0,0.00819,0,3.0
319,trades,1784188394872,64145,64146,1,0,0,0,0.00154,3.0
320,trades,1784188394938,64145,64146,2,0.001,0,0.001,0.00154,3.0
321,l2Book,1784188394988,64145,64146,2,0.001,0,0.001,0.00154,3.0
322,trades,1784188395075,64145,64146,5,0.67518,0,0.67518,0.00154,3.0
323,l2Book,1784188395547,64142,64143,5,0,0,0,0.67672,3.0
324,trades,1784188395765,64142,64143,93,0.00031,15.66929,15.6696,0.67672,3.0
325,trades,1784188395818,64142,64143,177,0.00031,31.69491,31.69522,0.67672,3.0
326,trades,1784188395894,64142,64143,245,0.00031,52.93983,52.94014,0.67672,3.0
327,trades,1784188395954,64142,64143,395,0.00031,55.07754,55.07785,0.67672,3.0
328,l2Book,1784188396068,64094,64104,395,0,0,0,55.75457,3.0
329,trades,1784188396068,64094,64104,400,0.02152,0,0.02152,55.8166,3.0
330,trades,1784188396176,64094,64104,414,0.06214,0.04508,0.10722,55.8166,3.0
331,l2Book,1784188396619,64092,64093,414,0.03795,0.00598,0.04393,55.87989,3.0
332,trades,1784188396619,64092,64093,418,0.47444,0.00598,0.48042,55.87989,3.0
333,trades,1784188396701,64092,64093,428,0.91138,0.97539,1.88677,55.87989,3.0
334,trades,1784188396960,64092,64093,430,0.91138,0.97539,1.88677,55.88038,3.0
335,trades,1784188397422,64090,64091,435,0.01946,0,0.01946,57.76715,3.0
336,trades,1784188397487,64090,64091,437,0.01946,0.0078,0.02726,57.76738,3.0
337,trades,1784188397689,64085,64086,464,0.19434,0,0.19434,58.26709,3.0
338,trades,1784188398004,64085,64086,464,0.19434,0,0.19434,58.26797,3.0
339,trades,1784188398087,64085,64086,463,0.19474,0,0.19474,57.59438,3.0
340,l2Book,1784188398223,64085,64086,463,0.19474,0,0.19474,57.59438,3.0
341,trades,1784188398223,64085,64086,465,0.19674,0,0.19674,57.59456,3.0
342,trades,1784188398291,64085,64086,466,0.19674,0,0.19674,57.59474,3.0
343,trades,1784188398548,64085,64086,471,0.6218,0,0.6218,57.59474,3.0
344,trades,1784188398608,64085,64086,878,3.07703,87.61974,90.69677,59.27084,3.0
345,trades,1784188398689,64085,64086,879,3.07703,87.61974,90.69677,59.27433,3.0
346,l2Book,1784188398757,64065,64067,879,0.72134,61.75428,62.47562,87.49548,3.0
347,trades,1784188399029,64065,64067,493,0.72134,61.76421,62.48555,32.4185,3.0
348,trades,1784188399226,64065,64067,478,0.72134,61.76421,62.48555,32.25042,3.0
349,l2Book,1784188399296,64074,64075,478,1.46945,80.73141,82.20086,12.53511,3.0
350,trades,1784188399296,64074,64075,479,1.46945,80.73141,82.20086,12.53546,3.0
351,trades,1784188399620,64074,64075,476,1.46945,80.73141,82.20086,12.10193,3.0
352,l2Book,1784188399829,64074,64075,466,1.46945,80.73141,82.20086,10.69558,3.0
353,trades,1784188399894,64074,64075,467,1.47004,80.73141,82.20145,10.69558,3.0
354,trades,1784188400165,64074,64075,466,1.47004,80.73141,82.20145,10.69596,3.0
355,trades,1784188400231,64074,64075,468,1.48604,80.73141,82.21745,10.69912,3.0
356,trades,1784188400300,64074,64075,469,1.48604,80.73141,82.21745,10.69937,3.0
357,l2Book,1784188400375,64074,64075,469,1.48604,80.73141,82.21745,10.69937,3.0
358,trades,1784188400444,64074,64075,465,1.48713,80.73141,82.21854,10.67991,3.0
359,trades,1784188400649,64074,64075,439,1.48713,80.73141,82.21854,10.09789,3.0
360,l2Book,1784188400913,64074,64075,437,1.48713,80.73141,82.21854,10.00665,3.0
361,trades,1784188400913,64074,64075,441,1.48733,80.73141,82.21874,10.03309,3.0
362,trades,1784188401048,64074,64075,440,1.48733,80.73141,82.21874,10.02985,3.0
363,trades,1784188401318,64074,64075,436,1.48733,80.73141,82.21874,10.02673,3.0
364,l2Book,1784188401461,64074,64075,436,1.48733,80.73141,82.21874,10.02673,3.0
365,trades,1784188401461,64074,64075,437,1.48769,80.73141,82.2191,10.02673,3.0
366,trades,1784188401660,64074,64075,112,3.7069,0.00993,3.71683,1.73642,3.0
367,trades,1784188401798,64074,64075,112,3.7069,0.00993,3.71683,1.75279,3.0
368,l2Book,1784188402006,64082,64083,112,0,3.71683,3.71683,1.75279,3.0
369,trades,1784188402006,64082,64083,114,0.00014,3.71683,3.71697,1.75297,3.0
370,trades,1784188402209,64082,64083,111,0.00014,3.7069,3.70704,1.75442,3.0
371,trades,1784188402280,64082,64083,109,0.00325,3.7069,3.71015,1.75362,3.0
372,l2Book,1784188402552,64082,64083,108,0.00325,3.7069,3.71015,1.75327,3.0
373,trades,1784188402552,64082,64083,109,0.08137,3.7069,3.78827,1.75327,3.0
374,l2Book,1784188403081,64082,64083,107,0.08137,3.70631,3.78768,1.75031,3.0
375,trades,1784188403153,64082,64083,109,0.08137,3.70631,3.78768,1.77558,3.0
376,trades,1784188403358,64082,64083,107,0.15939,3.69031,3.8497,1.7713,3.0
377,trades,1784188403558,64082,64083,107,0.1672,3.68922,3.85642,1.7713,3.0
378,l2Book,1784188403625,64082,64083,107,0.1672,3.68922,3.85642,1.7713,3.0
379,trades,1784188403760,64082,64083,109,0.19218,3.68922,3.8814,1.77125,3.0
380,l2Book,1784188404160,64082,64083,104,0.19218,3.68902,3.8812,1.74463,3.0
381,trades,1784188404160,64082,64083,105,0.19608,3.68902,3.8851,1.74463,3.0
382,trades,1784188404378,64082,64083,106,0.19608,3.68902,3.8851,1.75192,3.0
383,trades,1784188404565,64082,64083,112,0.27507,3.72962,4.00469,1.75192,3.0
384,l2Book,1784188404690,64080,64081,25,0.0408,0,0.0408,0.33226,3.0
385,l2Book,1784188405241,64080,64081,21,0.0408,0,0.0408,0.30976,3.0
386,trades,1784188405385,64080,64081,20,0.0408,0,0.0408,0.30851,3.0
387,trades,1784188405456,64080,64081,21,0.0408,0,0.0408,0.31007,3.0
388,l2Book,1784188405783,64080,64081,20,0.0408,0,0.0408,0.23195,3.0
389,trades,1784188405990,64080,64081,22,0.05221,0,0.05221,0.2343,3.0
390,trades,1784188406054,64080,64081,23,0.05335,0,0.05335,0.2343,3.0
391,trades,1784188406256,64080,64081,22,0.05335,0,0.05335,0.20947,3.0
392,l2Book,1784188406336,64061,64081,22,0,0,0,0.26282,3.0
393,trades,1784188406336,64061,64081,41,0.06223,0,0.06223,0.98093,3.0
394,trades,1784188406660,64061,64081,39,0.06253,0,0.06253,0.8951,3.0
395,trades,1784188406735,64061,64081,40,0.06255,0,0.06255,0.8951,3.0
396,l2Book,1784188406928,64061,64062,37,0.06255,0,0.06255,0.86861,3.0
397,trades,1784188406866,64061,64062,38,0.06255,0,0.06255,0.86961,3.0
398,trades,1784188407066,64061,64062,39,0.14207,0,0.14207,0.86961,3.0
399,trades,1784188407130,64061,64062,40,0.64207,0,0.64207,0.86961,3.0
400,trades,1784188407328,64061,64062,41,0.64207,0,0.64207,1.07029,3.0
401,l2Book,1784188407390,64061,64062,39,0.64207,0,0.64207,1.06277,3.0
402,trades,1784188407532,64061,64062,40,0.64207,0,0.64207,1.06294,3.0
403,trades,1784188407581,64061,64062,85,3.49865,0,3.49865,0.99011,3.0
404,trades,1784188407795,64061,64062,92,3.49865,0,3.49865,1.09627,3.0
405,trades,1784188407865,64061,64062,97,3.49865,0,3.49865,1.24959,3.0
406,l2Book,1784188407932,64061,64062,97,3.49865,0,3.49865,1.24959,3.0
407,trades,1784188408265,64061,64062,99,3.49865,0,3.49865,1.25019,3.0
408,l2Book,1784188408470,64062,64072,97,0.00159,3.49865,3.50024,1.24481,3.0
409,trades,1784188408470,64062,64072,105,0.00159,3.49865,3.50024,1.26467,3.0
410,trades,1784188408670,64062,64072,107,0.00159,3.49865,3.50024,1.32752,3.0
411,trades,1784188408803,64062,64072,108,0.00159,3.49865,3.50024,1.32906,3.0
412,trades,1784188408872,64062,64072,110,0.00159,3.49865,3.50024,1.33099,3.0
413,l2Book,1784188409004,64073,64074,108,0.00001,3.7939,3.79391,1.02356,3.0
414,trades,1784188409004,64073,64074,110,0.00417,3.7939,3.79807,1.02377,3.0
415,trades,1784188409139,64073,64074,110,0.01124,3.7939,3.80514,1.02263,3.0
416,trades,1784188409347,64073,64074,92,0.1781,3.43642,3.61452,0.61036,3.0
417,trades,1784188409478,64073,64074,94,0.38028,3.43642,3.8167,0.61036,3.0
418,l2Book,1784188409546,64073,64074,94,0.38028,3.43642,3.8167,0.61036,3.0
419,l2Book,1784188410089,64073,64074,90,0.38028,3.35658,3.73686,0.60936,3.0
420,l2Book,1784188410628,64073,64074,34,0.38028,0,0.38028,0.35749,3.0
421,trades,1784188410828,64073,64074,28,0.38028,0,0.38028,0.25255,3.0
422,l2Book,1784188411165,64073,64074,23,0.38028,0,0.38028,0.09923,3.0
423,l2Book,1784188411707,64073,64074,11,0.38028,0,0.38028,0.01592,3.0
424,trades,1784188411843,64073,64074,11,0.38028,0,0.38028,0.01522,3.0
425,l2Book,1784188412252,64073,64074,6,0.36904,0,0.36904,0.01309,3.0
426,trades,1784188412317,64073,64074,7,0.36934,0,0.36934,0.01309,3.0
427,trades,1784188412583,64073,64074,8,0.0003,0,0.0003,0.0073,3.0
428,l2Book,1784188412780,64078,64079,8,0,0.0003,0.0003,0.0073,3.0
429,trades,1784188413053,64078,64079,10,0.07718,0.0003,0.07748,0.0073,3.0
430,trades,1784188413185,64078,64079,11,0.07718,0.0003,0.07748,0.01356,3.0
431,l2Book,1784188413321,64078,64079,11,0.07718,0.0003,0.07748,0.01356,3.0
432,trades,1784188413463,64078,64079,16,0.82718,0.0003,0.82748,0.01356,3.0
433,trades,1784188413728,64078,64079,18,0.82718,0.0003,0.82748,0.01449,3.0
434,l2Book,1784188413863,64078,64079,17,0.82718,0.0003,0.82748,0.01327,3.0
435,trades,1784188413863,64078,64079,19,0.90522,0.0003,0.90552,0.01327,3.0
436,trades,1784188414065,64078,64079,20,0.90522,0.0003,0.90552,0.01362,3.0
437,l2Book,1784188414399,64078,64081,20,0.90522,0.0003,0.90552,0.01362,3.0
438,trades,1784188414468,64078,64081,34,0.90522,0.0003,0.90552,1.02384,3.0
439,trades,1784188414604,64078,64081,35,0.90522,0.0003,0.90552,1.10186,3.0
440,trades,1784188414735,64078,64081,37,0.90522,0.0003,0.90552,1.39113,3.0
441,trades,1784188414806,64078,64081,38,0.90522,0.0003,0.90552,1.40256,3.0
442,l2Book,1784188414940,64089,64090,37,0.37872,0.90552,1.28424,1.023,3.0
443,trades,1784188415341,64089,64090,37,0.37872,0.90522,1.28394,1.223,3.0
444,l2Book,1784188415454,64089,64090,37,0.37872,0.90522,1.28394,1.223,3.0
445,trades,1784188415454,64089,64090,38,0.45674,0.90522,1.36196,1.223,3.0
446,trades,1784188415673,64089,64090,34,0.45818,0.90522,1.3634,1.21776,3.0
447,l2Book,1784188416004,64089,64090,34,0.45818,0.90522,1.3634,1.21776,3.0
448,l2Book,1784188416543,64089,64090,26,0.45818,0.07804,0.53622,1.2115,3.0
449,l2Book,1784188417147,64089,64090,21,0.45818,0,0.45818,1.21022,3.0
450,trades,1784188417564,64089,64090,8,0.48534,0,0.48534,0.2,3.0
451,l2Book,1784188417700,64089,64090,7,0.40732,0,0.40732,0.2,3.0
452,trades,1784188418017,64089,64090,5,0.18461,0,0.18461,0.2,3.0
453,trades,1784188418166,64089,64090,6,0.18461,0,0.18461,0.21241,3.0
454,l2Book,1784188418235,64089,64090,6,0.18461,0,0.18461,0.21241,3.0
455,trades,1784188418442,64089,64090,6,0.18587,0,0.18587,0.01241,3.0
456,l2Book,1784188418768,64089,64090,4,0.10641,0,0.10641,0.01241,3.0
457,trades,1784188418824,64089,64090,5,0.18445,0,0.18445,0.01241,3.0
458,l2Book,1784188419312,64089,64090,5,0.18445,0,0.18445,0.01241,3.0
459,trades,1784188419443,64089,64090,6,0.18445,0,0.18445,0.01394,3.0
460,trades,1784188419646,64089,64090,7,0.26247,0,0.26247,0.01394,3.0
461,l2Book,1784188419848,64089,64090,7,0.26247,0,0.26247,0.01394,3.0
462,trades,1784188419848,64089,64090,8,0.26247,0,0.26247,0.0173,3.0
463,trades,1784188420048,64089,64090,11,0.3098,0,0.3098,0.0173,3.0
464,l2Book,1784188420381,64089,64090,11,0.3098,0,0.3098,0.0173,3.0
465,trades,1784188420456,64089,64090,13,0.38781,0,0.38781,0.0173,3.0
466,l2Book,1784188420935,64089,64090,12,0.36065,0,0.36065,0.0173,3.0
467,trades,1784188421065,64089,64090,12,0.28325,0,0.28325,0.0173,3.0
468,trades,1784188421257,64089,64090,14,0.40775,0,0.40775,0.00489,3.0
469,l2Book,1784188421492,64089,64090,13,0.40649,0,0.40649,0.00489,3.0
470,l2Book,1784188422025,64089,64090,12,0.32845,0,0.32845,0.00489,3.0
471,l2Book,1784188422584,64089,64090,11,0.32845,0,0.32845,0.00336,3.0
472,trades,1784188422655,64089,64090,12,0.29263,0,0.29263,0.00336,3.0
473,trades,1784188422986,64089,64090,12,0.2988,0,0.2988,0,3.0
474,l2Book,1784188423123,64089,64090,9,0.25147,0,0.25147,0,3.0
475,trades,1784188423189,64089,64090,10,0.25147,0,0.25147,0.00124,3.0
476,l2Book,1784188423667,64089,64090,8,0.17346,0,0.17346,0.00124,3.0
477,trades,1784188423800,64089,64090,9,0.17346,0,0.17346,0.02139,3.0
478,l2Book,1784188424272,64087,64088,5,0,0,0,0.06976,3.0
479,trades,1784188424545,64087,64088,7,0,0.0312,0.0312,0.0805,3.0
480,l2Book,1784188424805,64086,64087,7,0.0312,0,0.0312,0.0805,3.0
481,trades,1784188424805,64086,64087,8,0.0312,0,0.0312,0.08177,3.0
482,l2Book,1784188425338,64086,64087,8,0.0312,0,0.0312,0.08177,3.0
483,trades,1784188425472,64086,64087,9,0.07592,0,0.07592,0.08177,3.0
484,l2Book,1784188425877,64085,64086,7,0,0,0,0.11549,3.0
485,trades,1784188426159,64085,64086,7,0.00067,0,0.00067,0.10932,3.0
486,trades,1784188426281,64085,64086,7,0.00087,0,0.00087,0.10808,3.0
487,trades,1784188426362,64085,64086,8,0.00087,0,0.00087,0.26414,3.0
488,l2Book,1784188426413,64085,64086,8,0.00087,0,0.00087,0.26414,3.0
489,trades,1784188426564,64085,64086,10,0.36757,0,0.36757,0.26414,3.0
490,l2Book,1784188426965,64085,64086,9,0.36757,0,0.36757,0.24399,3.0
491,l2Book,1784188427495,64085,64086,9,0.36757,0,0.36757,0.24399,3.0
492,l2Book,1784188428044,64085,64086,6,0.36757,0,0.36757,0.20078,3.0
493,trades,1784188428383,64085,64086,7,0.36757,0,0.36757,0.25078,3.0
494,l2Book,1784188428585,64085,64086,6,0.36757,0,0.36757,0.20606,3.0
495,trades,1784188429053,64085,64086,7,0.3775,0,0.3775,0.20606,3.0
496,l2Book,1784188429106,64085,64086,7,0.3775,0,0.3775,0.20606,3.0
497,trades,1784188429387,64085,64086,9,0.37663,0,0.37663,0.26203,3.0
498,l2Book,1784188429635,64085,64086,7,0.00993,0,0.00993,0.26203,3.0
499,l2Book,1784188430196,64085,64086,7,0.00993,0,0.00993,0.26203,3.0
500,trades,1784188430403,64085,64086,8,0.01044,0,0.01044,0.26203,3.0
501,l2Book,1784188430805,64085,64086,8,0.01044,0,0.01044,0.26203,3.0
502,trades,1784188431007,64085,64086,9,0.01044,0,0.01044,0.26221,3.0
503,l2Book,1784188431421,64085,64086,8,0.01044,0,0.01044,0.21221,3.0
504,trades,1784188431421,64085,64086,9,0.01044,0,0.01044,0.29037,3.0
505,trades,1784188431635,64085,64086,10,0.01081,0,0.01081,0.29037,3.0
506,l2Book,1784188431971,64085,64086,10,0.01081,0,0.01081,0.29037,3.0
507,trades,1784188432105,64085,64086,14,0.00088,0,0.00088,0.32125,3.0
508,l2Book,1784188432516,64086,64087,9,0,0.00088,0.00088,0.10922,3.0
509,trades,1784188432991,64086,64087,10,0,0.00088,0.00088,0.11258,3.0
510,l2Book,1784188433052,64086,64087,10,0,0.00088,0.00088,0.11258,3.0
511,trades,1784188433118,64086,64087,13,0,0.00088,0.00088,0.23275,3.0
512,l2Book,1784188433658,64087,64088,12,0,0.00037,0.00037,0.23275,3.0
513,trades,1784188433658,64087,64088,14,0.08313,0.00037,0.0835,0.23275,3.0
514,trades,1784188433722,64087,64088,15,0.08313,0.00037,0.0835,0.26298,3.0
515,l2Book,1784188434198,64089,64090,14,0,0.0835,0.0835,0.2628,3.0
516,l2Book,1784188434742,64089,64090,12,0,0.08313,0.08313,0.18464,3.0
517,trades,1784188435008,64089,64090,14,0.00019,0.08313,0.08332,0.19697,3.0
518,l2Book,1784188435270,64089,64090,9,0.00019,0.08313,0.08332,0.16609,3.0
519,l2Book,1784188435821,64089,64090,9,0.00019,0.08313,0.08332,0.16609,3.0
520,trades,1784188435955,64089,64090,10,0.03139,0.08313,0.11452,0.16609,3.0
521,trades,1784188436272,64089,64090,7,0.04906,0.08313,0.13219,0.04256,3.0
522,l2Book,1784188436356,64089,64090,7,0.04906,0.08313,0.13219,0.04256,3.0
523,l2Book,1784188436876,64089,64090,4,0.04906,0,0.04906,0.01233,3.0
524,l2Book,1784188437464,64089,64090,4,0.04906,0,0.04906,0.01233,3.0
525,l2Book,1784188438000,64089,64090,4,0.04906,0,0.04906,0.01233,3.0
526,l2Book,1784188438537,64089,64090,2,0.04887,0,0.04887,0,3.0
527,trades,1784188438871,64089,64090,3,0.05102,0,0.05102,0,3.0
528,trades,1784188439007,64089,64090,4,0.02398,0,0.02398,0.00021,3.0
529,l2Book,1784188439073,64089,64090,4,0.02398,0,0.02398,0.00021,3.0
530,trades,1784188439207,64089,64090,5,0.02398,0,0.02398,0.15686,3.0
531,trades,1784188439275,64089,64090,5,0.00631,0,0.00631,0.25686,3.0
532,l2Book,1784188439609,64089,64090,5,0.00631,0,0.00631,0.25686,3.0
533,l2Book,1784188440134,64089,64090,5,0.00631,0,0.00631,0.25686,3.0
534,trades,1784188440633,64089,64090,10,0.00631,0,0.00631,1.704,3.0
535,l2Book,1784188440702,64090,64091,10,0,0.00631,0.00631,1.704,3.0
536,l2Book,1784188441233,64091,64092,10,0,0.00631,0.00631,1.704,3.0
537,l2Book,1784188441752,64091,64092,10,0,0.00631,0.00631,1.704,3.0
538,trades,1784188442107,64091,64092,8,0,0,0,1.71938,3.0
539,trades,1784188442157,64091,64092,9,0.00413,0,0.00413,1.71938,3.0
540,l2Book,1784188442257,64093,64094,8,0,0.00413,0.00413,1.56273,3.0
541,trades,1784188442312,64093,64094,21,0,0.00413,0.00413,1.82943,3.0
542,l2Book,1784188442781,64098,64099,21,0,0.00413,0.00413,1.82943,3.0
543,trades,1784188443112,64098,64099,22,0.03219,0.00413,0.03632,1.82943,3.0
544,trades,1784188443179,64098,64099,23,0.03219,0.00413,0.03632,1.87498,3.0
545,trades,1784188443247,64098,64099,24,0.03219,0.00413,0.03632,1.87635,3.0
546,l2Book,1784188443313,64098,64099,24,0.03219,0.00413,0.03632,1.87635,3.0
547,trades,1784188443601,64098,64099,25,0.03219,0.00413,0.03632,1.91871,3.0
548,l2Book,1784188443869,64098,64099,20,0.03219,0.00413,0.03632,0.47157,3.0
549,trades,1784188443869,64098,64099,21,0.1102,0.00413,0.11433,0.47157,3.0
550,trades,1784188444002,64098,64099,22,0.1102,0.00413,0.11433,0.47193,3.0
551,l2Book,1784188444404,64098,64099,22,0.1102,0.00413,0.11433,0.47193,3.0
552,trades,1784188444606,64098,64099,25,0.1882,0.00413,0.19233,0.52679,3.0
553,l2Book,1784188444924,64098,64099,25,0.1882,0.00413,0.19233,0.52679,3.0
554,trades,1784188445411,64098,64099,10,0.26621,0,0.26621,0.1445,3.0
555,l2Book,1784188445466,64098,64099,10,0.26621,0,0.26621,0.1445,3.0
556,trades,1784188445610,64098,64099,11,0.27401,0,0.27401,0.1445,3.0
557,trades,1784188445811,64098,64099,12,0.27401,0,0.27401,0.14879,3.0
558,l2Book,1784188446016,64098,64099,12,0.27401,0,0.27401,0.14879,3.0
559,trades,1784188446213,64098,64099,11,0.31982,0,0.31982,0.10324,3.0
560,l2Book,1784188446561,64098,64099,10,0.31982,0,0.31982,0.10187,3.0
561,trades,1784188446757,64098,64099,11,0.33413,0,0.33413,0.05951,3.0
562,trades,1784188446964,64098,64099,11,0.33413,0,0.33413,0.05951,3.0
563,l2Book,1784188447097,64098,64099,10,0.33413,0,0.33413,0.05915,3.0
564,trades,1784188447499,64098,64099,11,0.33413,0,0.33413,0.07242,3.0
565,l2Book,1784188447635,64098,64099,8,0.25613,0,0.25613,0.01756,3.0
566,trades,1784188447635,64098,64099,10,0.25613,0,0.25613,0.02487,3.0
567,trades,1784188447701,64098,64099,12,0.33956,0,0.33956,0.02487,3.0
568,trades,1784188448105,64098,64099,13,0.39272,0,0.39272,0.02487,3.0
569,l2Book,1784188448172,64098,64099,13,0.39272,0,0.39272,0.02487,3.0
570,trades,1784188448441,64098,64099,13,0.39271,0,0.39271,0.02487,3.0
571,trades,1784188448575,64098,64099,14,0.39271,0,0.39271,0.02946,3.0
572,l2Book,1784188448711,64098,64099,13,0.38491,0,0.38491,0.02946,3.0
573,trades,1784188449177,64098,64099,14,0.46292,0,0.46292,0.02517,3.0
574,l2Book,1784188449244,64098,64099,13,0.38492,0,0.38492,0.02517,3.0
575,trades,1784188449715,64098,64099,14,0.38515,0,0.38515,0.02517,3.0
576,l2Book,1784188449783,64098,64099,12,0.37084,0,0.37084,0.02517,3.0
577,trades,1784188450051,64098,64099,14,0.34018,0,0.34018,0.02517,3.0
578,l2Book,1784188450321,64098,64099,14,0.34018,0,0.34018,0.02517,3.0
579,trades,1784188450541,64098,64099,15,0.34018,0,0.34018,0.09012,3.0
580,l2Book,1784188450863,64099,64100,11,0,0.25675,0.25675,0.08281,3.0
581,trades,1784188451009,64099,64100,14,0.00055,0.25675,0.2573,0.08554,3.0
582,trades,1784188451279,64099,64100,14,0.00055,0.20359,0.20414,0.16355,3.0
583,l2Book,1784188451481,64104,64105,13,0,0.20415,0.20415,0.08554,3.0
584,trades,1784188451628,64104,64105,13,0,0.20415,0.20415,0.08315,3.0
585,l2Book,1784188451961,64109,64110,13,0,0.20415,0.20415,0.08315,3.0
586,trades,1784188452239,64109,64110,13,0.01901,0.12614,0.14515,0.0857,3.0
587,l2Book,1784188452490,64114,64115,13,0,0.14515,0.14515,0.0857,3.0
588,trades,1784188452565,64114,64115,27,0,0.14515,0.14515,3.91801,3.0
589,l2Book,1784188453107,64121,64122,23,0,0.09757,0.09757,3.91801,3.0
590,trades,1784188453242,64121,64122,142,0.02835,0.09757,0.12592,71.42071,3.0
591,trades,1784188453443,64121,64122,143,0.02862,0.09757,0.12619,71.42071,3.0
592,l2Book,1784188453571,64121,64122,141,0.02862,0.09757,0.12619,71.34249,3.0
593,trades,1784188453645,64121,64122,142,0.02862,0.09757,0.12619,71.34269,3.0
594,trades,1784188454051,64121,64122,141,0.02862,0.09702,0.12564,71.60662,3.0
595,l2Book,1784188454107,64121,64122,141,0.02862,0.09702,0.12564,71.60662,3.0
596,l2Book,1784188454654,64121,64122,139,0.02862,0.01901,0.04763,71.60442,3.0
597,l2Book,1784188455182,64121,64122,139,0.02862,0.01901,0.04763,71.60442,3.0
598,l2Book,1784188455683,64118,64119,123,0,0,0,67.79818,3.0
599,trades,1784188455683,64118,64119,126,0,0,0,67.79894,3.0
600,trades,1784188455881,64118,64119,128,0,0,0,68.82265,3.0
601,l2Book,1784188456200,64118,64119,128,0,0,0,68.82265,3.0
602,trades,1784188456426,64118,64119,13,0.03853,0.03944,0.07797,1.2916,3.0
603,trades,1784188457164,64117,64118,14,0.03975,0.07769,0.11744,1.063,3.0
604,trades,1784188457298,64114,64115,15,0.07517,0,0.07517,1.10542,3.0
605,trades,1784188457365,64114,64115,17,0.08167,0,0.08167,1.10542,3.0
606,trades,1784188457498,64114,64115,18,0.08478,0,0.08478,1.10542,3.0
607,l2Book,1784188457817,64114,64115,18,0.08478,0,0.08478,1.10542,3.0
608,trades,1784188457969,64114,64115,19,0.16276,0,0.16276,1.10542,3.0
609,l2Book,1784188458368,64114,64115,19,0.16276,0,0.16276,1.10542,3.0
610,trades,1784188458770,64114,64115,17,0.24075,0,0.24075,1.10466,3.0
611,l2Book,1784188458907,64114,64115,15,0.24075,0,0.24075,0.08095,3.0
612,trades,1784188458907,64114,64115,17,0.24075,0,0.24075,0.25228,3.0
613,l2Book,1784188459434,64114,64115,13,0.24075,0,0.24075,0.17431,3.0
614,trades,1784188459839,64114,64115,14,0.24075,0,0.24075,0.17471,3.0
615,l2Book,1784188459965,64114,64115,14,0.24075,0,0.24075,0.17471,3.0
616,trades,1784188460311,64114,64115,9,0.16577,0,0.16577,0.17173,3.0
617,l2Book,1784188460526,64114,64115,6,0.15616,0,0.15616,0.17173,3.0
618,l2Book,1784188461055,64114,64115,5,0.07818,0,0.07818,0.17173,3.0
619,trades,1784188461055,64114,64115,6,0.07818,0,0.07818,0.17191,3.0
620,trades,1784188461129,64114,64115,8,0.07818,0,0.07818,0.21213,3.0
621,trades,1784188461331,64114,64115,9,0.09251,0,0.09251,0.21213,3.0
622,trades,1784188461533,64114,64115,10,0.09251,0,0.09251,0.23085,3.0
623,l2Book,1784188461603,64114,64115,10,0.09251,0,0.09251,0.23085,3.0
624,l2Book,1784188462135,64114,64115,7,0.01452,0,0.01452,0.05952,3.0
625,trades,1784188462135,64114,64115,8,0.01452,0,0.01452,0.0597,3.0
626,l2Book,1784188462672,64114,64115,8,0.01452,0,0.01452,0.0597,3.0
627,trades,1784188463074,64114,64115,8,0.01452,0,0.01452,0.05948,3.0
628,trades,1784188463141,64114,64115,9,0.11757,0,0.11757,0.05948,3.0
629,l2Book,1784188463202,64114,64115,9,0.11757,0,0.11757,0.05948,3.0
630,l2Book,1784188463745,64114,64115,8,0.11738,0,0.11738,0.05948,3.0
631,trades,1784188464011,64114,64115,9,0.12483,0,0.12483,0.05948,3.0
632,trades,1784188464088,64114,64115,9,0.12483,0,0.12483,0.05948,3.0
633,trades,1784188464146,64114,64115,8,0.12483,0,0.12483,0.01927,3.0
634,l2Book,1784188464291,64114,64115,8,0.12483,0,0.12483,0.01927,3.0
635,l2Book,1784188464819,64114,64115,6,0.1105,0,0.1105,0.00055,3.0
636,trades,1784188465102,64114,64115,8,0.11087,0,0.11087,0.00055,3.0
637,trades,1784188465223,64114,64115,8,0.18885,0,0.18885,0.00037,3.0
638,l2Book,1784188465369,64114,64115,8,0.18885,0,0.18885,0.00037,3.0
639,l2Book,1784188465914,64114,64115,8,0.18885,0,0.18885,0.00037,3.0
640,trades,1784188466033,64114,64115,9,0.26684,0,0.26684,0.00037,3.0
641,trades,1784188466115,64114,64115,9,0.26702,0,0.26702,0.00019,3.0
642,trades,1784188466181,64114,64115,9,0.18397,0,0.18397,0.00019,3.0
643,l2Book,1784188466437,64114,64115,9,0.18397,0,0.18397,0.00019,3.0
644,l2Book,1784188466987,64114,64115,9,0.18397,0,0.18397,0.00019,3.0
645,trades,1784188467120,64114,64115,8,0.17652,0,0.17652,0.00019,3.0
646,trades,1784188467323,64114,64115,8,0.27651,0,0.27651,0.00018,3.0
647,l2Book,1784188467525,64114,64115,8,0.27651,0,0.27651,0.00018,3.0
648,trades,1784188467792,64114,64115,9,0.27651,0,0.27651,0.03892,3.0
649,trades,1784188467928,64114,64115,10,0.27651,0,0.27651,0.05564,3.0
650,l2Book,1784188468049,64114,64115,10,0.27651,0,0.27651,0.05564,3.0
651,trades,1784188468132,64114,64115,16,0.27614,0.08478,0.36092,0.05564,3.0
652,trades,1784188468689,64100,64101,22,0.02217,0,0.02217,0.33858,3.0
653,trades,1784188469017,64100,64101,24,0.02633,0,0.02633,0.33879,3.0
654,l2Book,1784188469149,64100,64101,22,0.02633,0,0.02633,0.26062,3.0
655,trades,1784188469149,64100,64101,23,0.10431,0,0.10431,0.26062,3.0
656,trades,1784188469348,64100,64101,23,0.18909,0,0.18909,0.24062,3.0
657,trades,1784188469413,64100,64101,24,0.18909,0,0.18909,0.27441,3.0
658,l2Book,1784188469674,64100,64101,24,0.18909,0,0.18909,0.27441,3.0
659,trades,1784188469748,64100,64101,25,0.18967,0,0.18967,0.27441,3.0
660,l2Book,1784188470217,64100,64101,24,0.18967,0,0.18967,0.27423,3.0
661,l2Book,1784188470721,64100,64101,23,0.18967,0,0.18967,0.17424,3.0
662,trades,1784188471075,64100,64101,22,0.18967,0,0.18967,0.12056,3.0
663,l2Book,1784188471255,64101,64102,14,0,0.18967,0.18967,0.03578,3.0
664,trades,1784188471323,64101,64102,15,0,0.18967,0.18967,0.03913,3.0
665,l2Book,1784188471783,64101,64102,8,0,0.1675,0.1675,0.03913,3.0
666,trades,1784188471923,64101,64102,9,0.00164,0.1675,0.16914,0.03913,3.0
667,l2Book,1784188472321,64101,64102,6,0.00164,0.08536,0.087,0.03892,3.0
668,l2Book,1784188472864,64101,64102,3,0.00164,0,0.00164,0.00513,3.0
669,l2Book,1784188473406,64101,64102,3,0.00164,0,0.00164,0.00513,3.0
670,l2Book,1784188473922,64101,64102,3,0.00164,0,0.00164,0.00513,3.0
671,trades,1784188474013,64101,64102,4,0.00164,0,0.00164,0.00548,3.0
672,l2Book,1784188474485,64101,64102,2,0.00164,0,0.00164,0.00035,3.0
673,trades,1784188474773,64101,64102,3,0.00351,0,0.00351,0.00035,3.0
674,l2Book,1784188475025,64101,64102,2,0.00187,0,0.00187,0.00035,3.0
675,trades,1784188475290,64101,64102,4,0.20246,0,0.20246,0.00846,3.0
676,trades,1784188475490,64101,64102,5,0.21381,0,0.21381,0.00846,3.0
677,l2Book,1784188475545,64101,64102,5,0.21381,0,0.21381,0.00846,3.0
678,l2Book,1784188476092,64101,64102,5,0.21381,0,0.21381,0.00846,3.0
679,trades,1784188476238,64101,64102,6,0.21381,0,0.21381,0.03444,3.0
680,l2Book,1784188476617,64101,64102,6,0.21381,0,0.21381,0.03444,3.0
681,l2Book,1784188477164,64101,64102,5,0.21381,0,0.21381,0.03409,3.0
682,trades,1784188477452,64101,64102,6,0.21381,0,0.21381,0.03428,3.0
683,l2Book,1784188477705,64101,64102,6,0.21381,0,0.21381,0.03428,3.0
684,l2Book,1784188478261,64101,64102,5,0.21194,0,0.21194,0.03428,3.0
685,trades,1784188478661,64101,64102,5,0,0,0,0.18508,3.0
686,l2Book,1784188478767,64101,64102,5,0,0,0,0.18508,3.0
687,trades,1784188478767,64101,64102,6,0.1399,0,0.1399,0.18508,3.0
688,trades,1784188479173,64101,64102,7,0.1399,0,0.1399,0.18844,3.0
689,trades,1784188479264,64101,64102,8,0.1399,0,0.1399,0.1674,3.0
690,l2Book,1784188479318,64101,64102,8,0.1399,0,0.1399,0.1674,3.0
691,l2Book,1784188479877,64101,64102,8,0.1399,0,0.1399,0.1674,3.0
692,trades,1784188479877,64101,64102,9,0.1399,0,0.1399,0.16991,3.0
693,trades,1784188480078,64101,64102,14,0.18723,0,0.18723,0.29088,3.0
694,trades,1784188480144,64101,64102,15,0.18723,0,0.18723,0.29158,3.0
695,l2Book,1784188480489,64101,64102,14,0.18723,0,0.18723,0.29139,3.0
696,l2Book,1784188481028,64101,64102,14,0.18723,0,0.18723,0.29139,3.0
697,trades,1784188481028,64101,64102,15,0.18801,0,0.18801,0.29139,3.0
698,trades,1784188481367,64101,64102,16,0.26603,0,0.26603,0.29139,3.0
699,l2Book,1784188481569,64101,64102,16,0.26603,0,0.26603,0.29139,3.0
700,trades,1784188482039,64101,64102,13,0.12613,0,0.12613,0.13264,3.0
701,l2Book,1784188482107,64101,64102,13,0.12613,0,0.12613,0.13264,3.0
702,trades,1784188482107,64101,64102,14,0.13849,0,0.13849,0.13264,3.0
703,trades,1784188482239,64101,64102,14,0.1388,0,0.1388,0.12928,3.0
704,l2Book,1784188482642,64101,64102,12,0.1388,0,0.1388,0.12434,3.0
705,l2Book,1784188483180,64101,64102,5,0.09147,0,0.09147,0.00016,3.0
706,l2Book,1784188483727,64101,64102,5,0.09147,0,0.09147,0.00016,3.0
707,l2Book,1784188484265,64101,64102,4,0.09069,0,0.09069,0.00016,3.0
708,l2Book,1784188484817,64101,64102,3,0.01267,0,0.01267,0.00016,3.0
709,trades,1784188485003,64101,64102,4,0.02446,0,0.02446,0.00016,3.0
710,l2Book,1784188485422,64101,64102,1,0.01179,0,0.01179,0,3.0
711,trades,1784188485422,64101,64102,3,0.01849,0,0.01849,0.17698,3.0
712,l2Book,1784188485952,64101,64102,3,0.01849,0,0.01849,0.17698,3.0
713,l2Book,1784188486500,64101,64102,3,0.01849,0,0.01849,0.17698,3.0
714,l2Book,1784188487039,64101,64102,3,0.01849,0,0.01849,0.17698,3.0
715,l2Book,1784188487644,64101,64102,3,0.01849,0,0.01849,0.17698,3.0
716,trades,1784188487913,64101,64102,4,0.09649,0,0.09649,0.17698,3.0
717,l2Book,1784188488168,64101,64102,3,0.0847,0,0.0847,0.17698,3.0
718,trades,1784188488249,64101,64102,4,0.0847,0,0.0847,0.17717,3.0
719,trades,1784188488662,64101,64102,5,0.15601,0,0.15601,0.00019,3.0
720,l2Book,1784188488731,64101,64102,5,0.15601,0,0.15601,0.00019,3.0
721,l2Book,1784188489267,64101,64102,5,0.15601,0,0.15601,0.00019,3.0
722,trades,1784188489469,64101,64102,6,0.15601,0,0.15601,0.0005,3.0
723,l2Book,1784188489786,64098,64101,6,0,0,0,0.15651,3.0
724,trades,1784188489869,64098,64101,7,0.00016,0,0.00016,0.15651,3.0
725,l2Book,1784188490338,64098,64099,7,0.00016,0,0.00016,0.15651,3.0
726,l2Book,1784188490877,64096,64099,7,0,0,0,0.15667,3.0
727,trades,1784188490877,64096,64099,9,0.0774,0,0.0774,0.15727,3.0
728,l2Book,1784188491418,64095,64096,7,0,0,0,0.15648,3.0
729,trades,1784188491685,64095,64096,5,0.07803,0,0.07803,0.07847,3.0
730,l2Book,1784188491950,64095,64096,5,0.07803,0,0.07803,0.07847,3.0
731,l2Book,1784188492492,64095,64096,4,0.07803,0,0.07803,0.07816,3.0
732,trades,1784188492492,64095,64096,6,0.15603,0,0.15603,0.07852,3.0
733,trades,1784188492758,64095,64096,7,0.15603,0,0.15603,0.29863,3.0
734,l2Book,1784188493013,64095,64096,6,0.15603,0,0.15603,0.29847,3.0
735,trades,1784188493160,64095,64096,7,0.15603,0,0.15603,0.30628,3.0
736,trades,1784188493295,64095,64096,8,0.23404,0,0.23404,0.30628,3.0
737,l2Book,1784188493546,64095,64096,8,0.23404,0,0.23404,0.30628,3.0
738,trades,1784188493656,64095,64096,9,0.23404,0,0.23404,0.30663,3.0
739,l2Book,1784188494053,64095,64096,7,0.23404,0,0.23404,0.22863,3.0
740,trades,1784188494053,64095,64096,8,0.31205,0,0.31205,0.22863,3.0
741,trades,1784188494453,64095,64096,9,0.31205,0,0.31205,0.23051,3.0
742,l2Book,1784188494570,64095,64096,9,0.31205,0,0.31205,0.23051,3.0
743,trades,1784188494703,64095,64096,9,0.25926,0,0.25926,0.23051,3.0
744,trades,1784188494906,64095,64096,10,0.33726,0,0.33726,0.23051,3.0
745,trades,1784188495029,64095,64096,11,0.33745,0,0.33745,0.23051,3.0
746,l2Book,1784188495106,64095,64096,11,0.33745,0,0.33745,0.23051,3.0
747,l2Book,1784188495649,64095,64096,9,0.25945,0,0.25945,0.23015,3.0
748,l2Book,1784188496236,64095,64096,7,0.25945,0,0.25945,0.00223,3.0
749,l2Book,1784188496778,64095,64096,5,0.18144,0,0.18144,0.00188,3.0
750,trades,1784188496889,64095,64096,6,0.18302,0,0.18302,0.00188,3.0
751,l2Book,1784188497323,64095,64096,5,0.10501,0,0.10501,0.00188,3.0
752,l2Book,1784188497859,64095,64096,3,0.07977,0,0.07977,0,3.0
753,l2Book,1784188498393,64095,64096,1,0.00158,0,0.00158,0,3.0
754,trades,1784188498393,64095,64096,2,0.00158,0,0.00158,0.001,3.0
755,l2Book,1784188498933,64095,64096,2,0.00158,0,0.00158,0.001,3.0
756,trades,1784188499051,64095,64096,4,0.00573,0,0.00573,0.00121,3.0
757,trades,1784188499398,64095,64096,5,0.00673,0,0.00673,0.00121,3.0
758,l2Book,1784188499451,64095,64096,5,0.00673,0,0.00673,0.00121,3.0
759,l2Book,1784188500000,64095,64096,4,0.00515,0,0.00515,0.00121,3.0
760,l2Book,1784188500504,64095,64096,4,0.00515,0,0.00515,0.00121,3.0
761,l2Book,1784188501173,64095,64096,4,0.00515,0,0.00515,0.00121,3.0
762,trades,1784188501107,64095,64096,5,0.00515,0,0.00515,0.00141,3.0
763,trades,1784188501311,64095,64096,10,0.00515,0,0.00515,0.04608,3.0
764,l2Book,1784188501718,64102,64103,9,0,0.00515,0.00515,0.04508,3.0
765,trades,1784188501718,64102,64103,12,0,0.00515,0.00515,0.13146,3.0
766,trades,1784188501975,64102,64103,13,0,0.00515,0.00515,0.13164,3.0
767,l2Book,1784188502245,64103,64106,11,0,0.001,0.001,0.13143,3.0
768,trades,1784188502245,64103,64106,14,0,0.001,0.001,0.13607,3.0
769,trades,1784188502514,64103,64106,14,0.07801,0,0.07801,0.13607,3.0
770,l2Book,1784188502766,64103,64104,14,0.07801,0,0.07801,0.13607,3.0
771,trades,1784188503249,64103,64104,15,0.07801,0,0.07801,0.21406,3.0
772,l2Book,1784188503316,64108,64109,15,0.07799,0.07801,0.156,0.13607,3.0
773,l2Book,1784188503860,64108,64109,15,0.07799,0.07801,0.156,0.13607,3.0
774,trades,1784188503943,64108,64109,16,0.12265,0.07801,0.20066,0.13607,3.0
775,trades,1784188504008,64108,64109,17,0.12265,0.07801,0.20066,0.13643,3.0
776,trades,1784188504146,64108,64109,17,0.12265,0.07801,0.20066,0.13677,3.0
777,l2Book,1784188504414,64108,64109,12,0.12265,0.07801,0.20066,0.0921,3.0
778,l2Book,1784188504939,64108,64109,9,0.12265,0.07801,0.20066,0.00572,3.0
779,trades,1784188505217,64108,64109,9,0.12265,0.07801,0.20066,0.00667,3.0
780,trades,1784188505349,64108,64109,7,0.12523,0.07801,0.20324,0.00203,3.0
781,l2Book,1784188505442,64108,64109,7,0.12523,0.07801,0.20324,0.00203,3.0
782,trades,1784188505442,64108,64109,8,0.12523,0.07801,0.20324,0.00827,3.0
783,trades,1784188505574,64108,64109,8,0.20321,0,0.20321,0.00827,3.0
784,trades,1784188505776,64108,64109,9,0.20321,0,0.20321,0.01739,3.0
785,l2Book,1784188505979,64108,64109,9,0.20321,0,0.20321,0.01739,3.0
786,trades,1784188506245,64108,64109,10,0.20621,0,0.20621,0.01739,3.0
787,trades,1784188506394,64108,64109,12,0.22653,0,0.22653,0.01739,3.0
788,trades,1784188506467,64108,64109,13,0.22653,0,0.22653,0.02439,3.0
789,l2Book,1784188506536,64108,64109,13,0.22653,0,0.22653,0.02439,3.0
790,l2Book,1784188507069,64108,64109,11,0.18187,0,0.18187,0.02403,3.0
791,l2Book,1784188507609,64108,64109,10,0.18187,0,0.18187,0.02349,3.0
792,trades,1784188507748,64108,64109,11,0.18845,0,0.18845,0.02349,3.0
793,l2Book,1784188508155,64108,64109,11,0.18845,0,0.18845,0.02349,3.0
794,l2Book,1784188508686,64108,64109,7,0.10789,0,0.10789,0.01612,3.0
795,trades,1784188508938,64108,64109,7,0.10789,0,0.10789,0.00735,3.0
796,l2Book,1784188509225,64108,64109,7,0.10789,0,0.10789,0.00735,3.0
797,l2Book,1784188509749,64108,64109,2,0.00658,0,0.00658,0.00035,3.0
798,trades,1784188509893,64108,64109,3,0.00658,0,0.00658,0.08664,3.0
799,trades,1784188510040,64108,64109,7,0.05391,0,0.05391,0.08664,3.0
800,l2Book,1784188510355,64108,64109,7,0.05391,0,0.05391,0.08664,3.0
801,l2Book,1784188510932,64108,64109,6,0.04733,0,0.04733,0.08664,3.0
802,trades,1784188511132,64108,64109,7,0.04788,0,0.04788,0.08664,3.0
803,l2Book,1784188511462,64108,64109,7,0.04788,0,0.04788,0.08664,3.0
804,trades,1784188511602,64108,64109,8,0.04788,0,0.04788,0.09022,3.0
805,l2Book,1784188512072,64108,64109,7,0.04788,0,0.04788,0.08987,3.0
806,trades,1784188512473,64108,64109,8,0.04788,0,0.04788,0.10547,3.0
807,l2Book,1784188512540,64108,64109,8,0.04788,0,0.04788,0.10547,3.0
808,trades,1784188512540,64108,64109,10,0.04788,0,0.04788,0.28587,3.0
809,trades,1784188512876,64108,64109,27,0.04788,0,0.04788,4.28587,3.0
810,l2Book,1784188513077,64108,64109,22,0.00055,0,0.00055,4.19958,3.0
811,trades,1784188513143,64108,64109,23,0.00055,0,0.00055,4.20207,3.0
812,l2Book,1784188513614,64108,64109,23,0.00055,0,0.00055,4.20207,3.0
813,trades,1784188513681,64108,64109,24,0.00055,0,0.00055,4.20228,3.0
814,trades,1784188513948,64108,64109,25,0.00055,0,0.00055,4.20386,3.0
815,l2Book,1784188514149,64108,64109,24,0,0,0,4.20386,3.0
816,trades,1784188514149,64108,64109,25,0,0,0,4.20786,3.0
817,l2Book,1784188514699,64108,64109,24,0,0,0,4.20428,3.0
818,l2Book,1784188515236,64108,64109,24,0,0,0,4.20428,3.0
819,l2Book,1784188515781,64108,64109,21,0,0,0,4.00828,3.0
820,trades,1784188515781,64108,64109,22,0,0,0,4.01705,3.0
821,trades,1784188515847,64108,64109,23,0.00004,0,0.00004,4.01705,3.0
822,l2Book,1784188516314,64108,64109,5,0.00004,0,0.00004,0.01456,3.0
823,l2Book,1784188516856,64108,64109,4,0.00004,0,0.00004,0.01435,3.0
824,l2Book,1784188517402,64108,64109,2,0.00004,0,0.00004,0.00877,3.0
825,trades,1784188517868,64108,64109,3,0.00004,0,0.00004,0.00977,3.0
826,l2Book,1784188517935,64108,64109,3,0.00004,0,0.00004,0.00977,3.0
827,trades,1784188517935,64108,64109,4,0.00004,0,0.00004,0.01512,3.0
828,l2Book,1784188518462,64108,64109,4,0.00004,0,0.00004,0.01512,3.0
829,l2Book,1784188519020,64108,64109,2,0,0,0,0.00635,3.0
830,l2Book,1784188519558,64108,64109,2,0,0,0,0.00635,3.0
831,trades,1784188519844,64108,64109,27,0,0,0,4.00635,3.0
832,l2Book,1784188520111,64108,64109,27,0,0,0,4.00635,3.0
833,trades,1784188520437,64108,64109,28,0.00877,0,0.00877,4.00635,3.0
834,trades,1784188520567,64108,64109,29,0.08676,0,0.08676,4.00635,3.0
835,l2Book,1784188520665,64108,64109,29,0.08676,0,0.08676,4.00635,3.0
836,trades,1784188520665,64108,64109,31,0.08725,0,0.08725,4.017,3.0
837,trades,1784188521001,64108,64109,30,0.08725,0,0.08725,4.01083,3.0
838,trades,1784188521067,64108,64109,33,0.0904,0,0.0904,4.0135,3.0
839,l2Book,1784188521201,64108,64109,33,0.0904,0,0.0904,4.0135,3.0
840,trades,1784188521272,64108,64109,34,0.1684,0,0.1684,4.0135,3.0
841,trades,1784188521349,64108,64109,35,0.176,0,0.176,4.0135,3.0
842,trades,1784188521548,64108,64109,36,0.176,0,0.176,4.0197,3.0
843,l2Book,1784188521742,64108,64109,36,0.176,0,0.176,4.0197,3.0
844,trades,1784188522085,64108,64109,37,0.17618,0,0.17618,4.0197,3.0
845,l2Book,1784188522286,64108,64109,37,0.17618,0,0.17618,4.0197,3.0
846,trades,1784188522488,64108,64109,38,0.17718,0,0.17718,4.0197,3.0
847,trades,1784188522617,64108,64109,64,0.17718,0,0.17718,7.33146,3.0
848,trades,1784188522688,64108,64109,66,0.17718,0,0.17718,7.40185,3.0
849,l2Book,1784188522822,64108,64110,66,0.17718,0,0.17718,7.40185,3.0
850,trades,1784188522822,64108,64110,71,0.17718,0,0.17718,8.04587,3.0
851,trades,1784188523024,64108,64110,47,0.17736,0,0.17736,4.04587,3.0
852,trades,1784188523293,64108,64110,48,0.1779,0,0.1779,4.04587,3.0
853,l2Book,1784188523359,64108,64109,48,0.1779,0,0.1779,4.04587,3.0
854,trades,1784188523559,64108,64109,51,0.24711,0,0.24711,4.04587,3.0
855,l2Book,1784188523896,64108,64109,48,0.16863,0,0.16863,4.03522,3.0
856,trades,1784188524296,64108,64109,44,0.16548,0,0.16548,4.03237,3.0
857,l2Book,1784188524415,64108,64109,43,0.15788,0,0.15788,4.03237,3.0
858,trades,1784188524568,64108,64109,43,0.15788,0,0.15788,4.13713,3.0
859,trades,1784188524902,64108,64109,46,0.15788,0,0.15788,4.76776,3.0
860,l2Book,1784188524970,64108,64109,46,0.15788,0,0.15788,4.76776,3.0
861,trades,1784188525023,64108,64109,47,0.15807,0,0.15807,4.76776,3.0
862,trades,1784188525104,64108,64109,47,0.23589,0,0.23589,4.76776,3.0
863,trades,1784188525371,64108,64109,48,0.23589,0,0.23589,4.77098,3.0
864,l2Book,1784188525506,64108,64109,47,0.23489,0,0.23489,4.77098,3.0
865,trades,1784188525909,64108,64109,15,0.31288,0,0.31288,0.74481,3.0
866,l2Book,1784188526026,64108,64109,14,0.3127,0,0.3127,0.74481,3.0
867,trades,1784188526512,64108,64109,15,0.31216,0,0.31216,0.78027,3.0
868,l2Book,1784188526580,64108,64109,11,0.23418,0,0.23418,0.78027,3.0
869,trades,1784188526713,64108,64109,12,0.31217,0,0.31217,0.78027,3.0
870,l2Book,1784188527116,64108,64109,12,0.31217,0,0.31217,0.78027,3.0
871,trades,1784188527317,64108,64109,12,0.23417,0,0.23417,0.78234,3.0
872,trades,1784188527585,64108,64109,12,0.23417,0,0.23417,0.67624,3.0
873,l2Book,1784188527646,64108,64109,12,0.23417,0,0.23417,0.67624,3.0
874,l2Book,1784188528190,64108,64109,7,0.15598,0,0.15598,0.04561,3.0
875,l2Book,1784188528729,64110,64111,6,0,0.15598,0.15598,0.04239,3.0
876,trades,1784188528729,64110,64111,7,0,0.15598,0.15598,0.04255,3.0
877,trades,1784188529066,64110,64111,9,0.00416,0.07799,0.08215,0.04276,3.0
878,l2Book,1784188529268,64110,64111,9,0.00416,0.07799,0.08215,0.04276,3.0
879,l2Book,1784188529801,64110,64111,6,0.00416,0,0.00416,0.0073,3.0
880,trades,1784188530075,64110,64111,7,0.00516,0,0.00516,0.0073,3.0
881,l2Book,1784188530348,64110,64111,6,0.00516,0,0.00516,0.00523,3.0
882,trades,1784188530348,64110,64111,7,0.00516,0,0.00516,0.00834,3.0
883,trades,1784188530550,64110,64111,8,0.00516,0,0.00516,0.01807,3.0
884,l2Book,1784188530886,64110,64111,7,0.00516,0,0.00516,0.01321,3.0
885,trades,1784188531285,64110,64111,8,0.0451,0,0.0451,0.01321,3.0
886,l2Book,1784188531409,64110,64111,8,0.0451,0,0.0451,0.01321,3.0
887,trades,1784188531490,64110,64111,9,0.04605,0,0.04605,0.01321,3.0
888,l2Book,1784188531958,64110,64111,8,0.04605,0,0.04605,0.01305,3.0
889,l2Book,1784188532494,64110,64111,5,0.04189,0,0.04189,0.01284,3.0
890,l2Book,1784188533099,64110,64111,4,0.04089,0,0.04089,0.01284,3.0
891,trades,1784188533099,64110,64111,5,0.09089,0,0.09089,0.01284,3.0
892,trades,1784188533368,64110,64111,13,0.09089,0,0.09089,0.39124,3.0
893,l2Book,1784188533623,64114,64115,12,0,0.09089,0.09089,0.38151,3.0
894,trades,1784188534029,64114,64115,13,0,0.09089,0.09089,0.38186,3.0
895,trades,1784188534107,64114,64115,14,0.07799,0.09089,0.16888,0.38186,3.0
896,l2Book,1784188534181,64114,64115,14,0.07799,0.09089,0.16888,0.38186,3.0
897,trades,1784188534314,64114,64115,14,0.07869,0.05095,0.12964,0.38186,3.0
898,l2Book,1784188534713,64114,64115,13,0.07869,0.05,0.12869,0.38186,3.0
899,trades,1784188534915,64114,64115,14,0.15668,0.05,0.20668,0.38186,3.0
900,trades,1784188535096,64114,64115,16,0.15668,0.05,0.20668,0.39184,3.0
901,trades,1784188535185,64114,64115,18,0.15668,0.05,0.20668,0.44636,3.0
902,l2Book,1784188535237,64114,64115,18,0.15668,0.05,0.20668,0.44636,3.0
903,trades,1784188535588,64114,64115,19,0.15668,0.05,0.20668,0.44824,3.0
904,trades,1784188535727,64114,64115,20,0.23466,0.05,0.28466,0.44824,3.0
905,l2Book,1784188535789,64114,64115,20,0.23466,0.05,0.28466,0.44824,3.0
906,l2Book,1784188536325,64114,64115,19,0.23466,0,0.23466,0.44824,3.0
907,l2Book,1784188536856,64114,64115,10,0.23466,0,0.23466,0.06673,3.0
908,l2Book,1784188537377,64114,64115,7,0.15597,0,0.15597,0.06638,3.0
909,trades,1784188537746,64114,64115,8,0.15597,0,0.15597,0.09487,3.0
910,l2Book,1784188537949,64114,64115,7,0.07798,0,0.07798,0.09487,3.0
911,l2Book,1784188538547,64114,64115,3,0.07798,0,0.07798,0.03037,3.0
912,trades,1784188538748,64114,64115,2,0,0,0,0.02902,3.0
913,l2Book,1784188539080,64114,64115,2,0,0,0,0.02902,3.0
914,trades,1784188539150,64114,64115,3,0,0,0,0.02933,3.0
915,trades,1784188539284,64114,64115,4,0.00017,0,0.00017,0.02933,3.0
916,l2Book,1784188539647,64114,64115,4,0.00017,0,0.00017,0.02933,3.0
917,trades,1784188540048,64114,64115,7,0.04752,0,0.04752,0.02933,3.0
918,l2Book,1784188540181,64114,64115,7,0.04752,0,0.04752,0.02933,3.0
919,trades,1784188540248,64114,64115,8,0.04752,0,0.04752,0.02964,3.0
920,trades,1784188540392,64114,64115,9,0.04808,0,0.04808,0.02964,3.0
921,l2Book,1784188540733,64114,64115,9,0.04808,0,0.04808,0.02964,3.0
922,trades,1784188540733,64114,64115,10,0.04808,0,0.04808,0.03303,3.0
923,trades,1784188541000,64114,64115,10,0.04866,0,0.04866,0.00454,3.0
924,l2Book,1784188541266,64114,64115,10,0.04866,0,0.04866,0.00454,3.0
925,l2Book,1784188541798,64114,64115,9,0.04866,0,0.04866,0.00401,3.0
926,trades,1784188542005,64114,64115,10,0.04866,0,0.04866,0.00698,3.0
927,trades,1784188542140,64114,64115,11,0.04928,0,0.04928,0.00698,3.0
928,l2Book,1784188542345,64114,64115,9,0.04911,0,0.04911,0.00667,3.0
929,l2Book,1784188542875,64114,64115,9,0.04911,0,0.04911,0.00667,3.0
930,trades,1784188543216,64114,64115,7,0.00176,0,0.00176,0.00691,3.0
931,trades,1784188543332,64114,64115,7,0.07974,0,0.07974,0.0066,3.0
932,l2Book,1784188543407,64114,64115,6,0.07918,0,0.07918,0.0066,3.0
933,trades,1784188543623,64114,64115,7,0.08442,0,0.08442,0.0066,3.0
934,l2Book,1784188543939,64114,64115,6,0.08442,0,0.08442,0.00321,3.0
935,trades,1784188544142,64114,64115,6,0.16183,0,0.16183,0.00321,3.0
936,trades,1784188544428,64114,64115,13,0.16183,0,0.16183,0.0487,3.0
937,l2Book,1784188544485,64114,64115,13,0.16183,0,0.16183,0.0487,3.0
938,trades,1784188544952,64114,64115,14,0.23982,0,0.23982,0.0487,3.0
939,l2Book,1784188545032,64114,64115,13,0.23982,0,0.23982,0.04573,3.0
940,l2Book,1784188545559,64114,64115,12,0.2392,0,0.2392,0.04573,3.0
941,trades,1784188545762,64114,64115,13,0.31718,0,0.31718,0.04573,3.0
942,l2Book,1784188546094,64114,64115,13,0.31718,0,0.31718,0.04573,3.0
943,trades,1784188546225,64114,64115,26,0.31718,0,0.31718,0.81906,3.0
944,l2Book,1784188546627,64115,64116,24,0,0.23396,0.23396,0.81906,3.0
945,l2Book,1784188547177,64115,64116,23,0,0.15597,0.15597,0.81906,3.0
946,l2Book,1784188547706,64115,64116,16,0,0.15597,0.15597,0.77357,3.0
947,l2Book,1784188548254,64115,64116,15,0,0.07798,0.07798,0.77357,3.0
948,l2Book,1784188548755,64115,64116,15,0,0.07798,0.07798,0.77357,3.0
949,l2Book,1784188549291,64115,64116,0,0,0,0,0,3.0
950,trades,1784188549762,64115,64116,1,0,0,0,0.00483,3.0
951,l2Book,1784188549898,64115,64116,1,0,0,0,0.00483,3.0
952,l2Book,1784188550413,64115,64116,1,0,0,0,0.00483,3.0
953,trades,1784188550778,64115,64116,2,0,0,0,0.00708,3.0
954,l2Book,1784188550980,64115,64116,2,0,0,0,0.00708,3.0
955,trades,1784188551112,64115,64116,3,0,0,0,0.00726,3.0
956,l2Book,1784188551521,64115,64116,3,0,0,0,0.00726,3.0
957,trades,1784188551587,64115,64116,4,0.25,0,0.25,0.00726,3.0
958,l2Book,1784188552126,64115,64116,4,0.25,0,0.25,0.00726,3.0
959,trades,1784188552194,64115,64116,16,0.25,0,0.25,0.23713,3.0
960,l2Book,1784188552651,64117,64118,16,0,0.25,0.25,0.23713,3.0
961,trades,1784188552933,64117,64118,16,0.07799,0.25,0.32799,0.2323,3.0
962,l2Book,1784188553202,64117,64118,16,0.07799,0.25,0.32799,0.2323,3.0
963,trades,1784188553202,64117,64118,17,0.07799,0.25,0.32799,0.23986,3.0
964,l2Book,1784188553730,64117,64118,17,0.07799,0.25,0.32799,0.23986,3.0
965,trades,1784188553730,64117,64118,18,0.15596,0.25,0.40596,0.23986,3.0
966,l2Book,1784188554344,64117,64118,16,0.15596,0.25,0.40596,0.23743,3.0
967,trades,1784188554410,64117,64118,59,0.15596,0.25,0.40596,15.28705,3.0
968,l2Book,1784188554876,64117,64118,58,0.15596,0,0.15596,15.28705,3.0
969,trades,1784188554876,64117,64118,59,0.15596,0,0.15596,15.28924,3.0
970,trades,1784188555015,64117,64118,60,0.15615,0,0.15615,15.28924,3.0
971,trades,1784188555151,64117,64118,61,0.15676,0,0.15676,15.28924,3.0
972,l2Book,1784188555424,64117,64118,49,0.15676,0,0.15676,15.05937,3.0
973,trades,1784188555625,64117,64118,52,0.15676,0,0.15676,15.56462,3.0
974,l2Book,1784188555957,64117,64118,51,0.07877,0,0.07877,15.56462,3.0
975,l2Book,1784188556560,64117,64118,50,0.07877,0,0.07877,15.55706,3.0
976,l2Book,1784188557106,64117,64118,49,0.0008,0,0.0008,15.55706,3.0
977,l2Book,1784188557642,64117,64118,6,0.0008,0,0.0008,0.50744,3.0
978,l2Book,1784188558168,64117,64118,3,0,0,0,0.50525,3.0
979,trades,1784188558491,64117,64118,4,0.07798,0,0.07798,0.50525,3.0
980,l2Book,1784188558692,64117,64118,1,0.07798,0,0.07798,0,3.0
981,trades,1784188559028,64117,64118,3,0.08214,0,0.08214,0.0002,3.0
982,l2Book,1784188559231,64117,64118,3,0.08214,0,0.08214,0.0002,3.0
983,trades,1784188559303,64117,64118,4,0.16013,0,0.16013,0.0002,3.0
984,l2Book,1784188559777,64117,64118,4,0.16013,0,0.16013,0.0002,3.0
985,l2Book,1784188560320,64117,64118,4,0.16013,0,0.16013,0.0002,3.0
986,l2Book,1784188560849,64117,64118,4,0.16013,0,0.16013,0.0002,3.0
987,trades,1784188561118,64117,64118,5,0.17522,0,0.17522,0.0002,3.0
988,l2Book,1784188561382,64117,64118,5,0.17522,0,0.17522,0.0002,3.0
989,trades,1784188561382,64117,64118,6,0.17522,0,0.17522,0.00145,3.0
990,trades,1784188561739,64117,64118,6,0.09724,0,0.09724,0.00207,3.0
991,l2Book,1784188562016,64117,64118,6,0.09724,0,0.09724,0.00207,3.0
992,l2Book,1784188562525,64117,64118,3,0.01509,0,0.01509,0.00187,3.0
993,trades,1784188562648,64117,64118,4,0.0154,0,0.0154,0.00187,3.0
994,l2Book,1784188563095,64117,64118,4,0.0154,0,0.0154,0.00187,3.0
995,l2Book,1784188563631,64117,64118,4,0.0154,0,0.0154,0.00187,3.0
996,trades,1784188563631,64117,64118,19,0.0154,0,0.0154,1.09074,3.0
997,trades,1784188564030,64117,64118,20,0.0154,0,0.0154,1.0911,3.0
998,l2Book,1784188564165,64117,64118,19,0.00031,0,0.00031,1.0911,3.0
999,trades,1784188564242,64117,64118,29,1.74047,0,1.74047,1.0911,3.0
1000,l2Book,1784188564671,64117,64118,28,1.74047,0,1.74047,1.08985,3.0
1001,trades,1784188565042,64117,64118,28,1.7407,0,1.7407,1.08923,3.0
1002,l2Book,1784188565212,64117,64118,28,1.7407,0,1.7407,1.08923,3.0
1003,l2Book,1784188565756,64117,64118,27,1.74039,0,1.74039,1.08923,3.0
1004,l2Book,1784188566379,64117,64118,27,1.74039,0,1.74039,1.08923,3.0
1005,l2Book,1784188566884,64117,64118,12,1.74039,0,1.74039,0.00036,3.0
1006,l2Book,1784188567454,64117,64118,1,0.00023,0,0.00023,0,3.0
1007,l2Book,1784188567988,64117,64118,1,0.00023,0,0.00023,0,3.0
1008,l2Book,1784188568490,64117,64118,0,0,0,0,0,3.0
1009,trades,1784188568691,64117,64118,1,0,0,0,0.00031,3.0
1010,l2Book,1784188569094,64117,64118,1,0,0,0,0.00031,3.0
1011,trades,1784188569094,64117,64118,3,0.00104,0,0.00104,0.00031,3.0
1012,l2Book,1784188569636,64117,64118,3,0.00104,0,0.00104,0.00031,3.0
1013,trades,1784188570044,64117,64118,5,0.04733,0,0.04733,0.00031,3.0
1014,l2Book,1784188570191,64117,64118,5,0.04733,0,0.04733,0.00031,3.0
1015,trades,1784188570591,64117,64118,55,0.04733,0,0.04733,12.31484,3.0
1016,l2Book,1784188570724,64120,64124,55,0,0.04733,0.04733,12.31484,3.0
1017,trades,1784188570793,64120,64124,56,0,0.04733,0.04733,12.31602,3.0
1018,trades,1784188570927,64120,64124,57,0,0.04733,0.04733,12.31802,3.0
1019,trades,1784188571043,64120,64124,58,0.00067,0.04733,0.048,12.31802,3.0
1020,l2Book,1784188571328,64120,64121,58,0.00067,0.04733,0.048,12.31802,3.0
1021,trades,1784188571328,64120,64121,60,0.0789,0.04733,0.12623,12.31802,3.0
1022,l2Book,1784188571852,64120,64121,59,0.0789,0.04733,0.12623,12.31771,3.0
1023,trades,1784188572172,64120,64121,59,0.15689,0.04629,0.20318,12.31771,3.0
1024,l2Book,1784188572373,64120,64121,59,0.15689,0.04629,0.20318,12.31771,3.0
1025,l2Book,1784188572934,64120,64121,59,0.15689,0.04629,0.20318,12.31771,3.0
1026,trades,1784188573002,64120,64121,61,0.23487,0.04629,0.28116,12.31771,3.0
1027,trades,1784188573139,64120,64121,60,0.23487,0,0.23487,12.31792,3.0
1028,l2Book,1784188573485,64120,64121,60,0.23487,0,0.23487,12.31792,3.0
1029,trades,1784188573558,64120,64121,63,0.23601,0,0.23601,12.36952,3.0
1030,l2Book,1784188574027,64120,64121,11,0.23601,0,0.23601,0.05181,3.0
1031,l2Book,1784188574534,64120,64121,8,0.15711,0,0.15711,0.05181,3.0
1032,l2Book,1784188575089,64120,64121,8,0.15711,0,0.15711,0.05181,3.0
1033,trades,1784188575371,64120,64121,7,0.07912,0,0.07912,0.05516,3.0
1034,l2Book,1784188575643,64120,64121,7,0.07912,0,0.07912,0.05516,3.0
1035,trades,1784188575846,64120,64121,8,0.08262,0,0.08262,0.05516,3.0
1036,trades,1784188575981,64120,64121,22,0.08262,0,0.08262,0.32971,3.0
1037,l2Book,1784188576180,64122,64123,19,0,0.00464,0.00464,0.3295,3.0
1038,trades,1784188576180,64122,64123,20,0,0.00464,0.00464,0.4108,3.0
1039,l2Book,1784188576710,64122,64123,17,0,0.0035,0.0035,0.3592,3.0
1040,trades,1784188576783,64122,64123,18,0.07798,0.0035,0.08148,0.3592,3.0
1041,trades,1784188576985,64122,64123,19,0.07798,0.0035,0.08148,0.35966,3.0
1042,l2Book,1784188577254,64122,64123,19,0.07798,0.0035,0.08148,0.35966,3.0
1043,trades,1784188577593,64122,64123,20,0.15595,0.0035,0.15945,0.35966,3.0
1044,l2Book,1784188577792,64122,64123,20,0.15595,0.0035,0.15945,0.35966,3.0
1045,trades,1784188577942,64122,64123,21,0.15595,0.0035,0.15945,0.36049,3.0
1046,l2Book,1784188578293,64122,64123,21,0.15595,0.0035,0.15945,0.36049,3.0
1047,trades,1784188578345,64122,64123,44,0.15595,0.0035,0.15945,1.26049,3.0
1048,trades,1784188578432,64122,64123,44,0.15595,0.0035,0.15945,1.33512,3.0
1049,l2Book,1784188578836,64129,64130,44,0.07798,0.15945,0.23743,1.25714,3.0
1050,l2Book,1784188579357,64129,64130,28,0.07798,0.15595,0.23393,0.90129,3.0
1051,l2Book,1784188579902,64129,64130,27,0.07798,0.07797,0.15595,0.90129,3.0
1052,trades,1784188580305,64129,64130,27,0.07798,0.07797,0.15595,0.90239,3.0
1053,l2Book,1784188580456,64129,64130,27,0.07798,0.07797,0.15595,0.90239,3.0
1054,trades,1784188580806,64129,64130,28,0.07798,0,0.07798,0.91346,3.0
1055,l2Book,1784188581055,64129,64130,27,0.07798,0,0.07798,0.91263,3.0
1056,trades,1784188581005,64129,64130,28,0.07798,0,0.07798,0.91281,3.0
1057,l2Book,1784188581543,64129,64130,4,0,0,0,0.01281,3.0
1058,l2Book,1784188582077,64129,64130,4,0,0,0,0.01281,3.0
1059,l2Book,1784188582616,64129,64130,4,0,0,0,0.01281,3.0
1060,l2Book,1784188583154,64129,64130,4,0,0,0,0.01281,3.0
1061,trades,1784188583287,64129,64130,5,0,0,0,0.01362,3.0
1062,trades,1784188583361,64129,64130,5,0,0,0,0.01325,3.0
1063,l2Book,1784188583764,64131,64132,5,0,0,0,0.01325,3.0
1064,trades,1784188584167,64131,64132,3,0,0,0,0.00226,3.0
1065,l2Book,1784188584299,64131,64132,3,0,0,0,0.00226,3.0
1066,l2Book,1784188584837,64131,64132,3,0,0,0,0.00226,3.0
1067,trades,1784188585019,64131,64132,4,0.00019,0,0.00019,0.00226,3.0
1068,l2Book,1784188585382,64131,64132,4,0.00019,0,0.00019,0.00226,3.0
1069,trades,1784188585452,64131,64132,14,0.00019,0,0.00019,0.23653,3.0
1070,trades,1784188585854,64131,64132,15,0.00019,0,0.00019,0.23988,3.0
1071,l2Book,1784188585920,64131,64132,15,0.00019,0,0.00019,0.23988,3.0
1072,trades,1784188586053,64131,64132,16,0.00019,0,0.00019,0.2607,3.0
1073,trades,1784188586256,64131,64132,17,0.07816,0,0.07816,0.2607,3.0
1074,l2Book,1784188586473,64131,64132,15,0.07816,0,0.07816,0.2587,3.0
1075,l2Book,1784188587074,64131,64132,15,0.07816,0,0.07816,0.2587,3.0
1076,trades,1784188587007,64131,64132,17,0.15654,0,0.15654,0.2587,3.0
1077,l2Book,1784188587550,64131,64132,16,0.15654,0,0.15654,0.25844,3.0
1078,trades,1784188587630,64131,64132,17,0.15654,0,0.15654,0.27044,3.0
1079,trades,1784188587898,64131,64132,20,0.2345,0,0.2345,0.27379,3.0
1080,l2Book,1784188588101,64131,64132,19,0.23431,0,0.23431,0.27379,3.0
1081,l2Book,1784188588630,64131,64132,9,0.23431,0,0.23431,0.03952,3.0
1082,trades,1784188588711,64131,64132,11,0.31228,0,0.31228,0.03952,3.0
1083,trades,1784188589046,64131,64132,12,0.31644,0,0.31644,0.03638,3.0
1084,l2Book,1784188589163,64131,64132,11,0.31644,0,0.31644,0.01556,3.0
1085,trades,1784188589314,64131,64132,11,0.23847,0,0.23847,0.0797,3.0
1086,trades,1784188589516,64131,64132,12,0.31644,0,0.31644,0.0797,3.0
1087,l2Book,1784188589716,64131,64132,12,0.31644,0,0.31644,0.0797,3.0
1088,trades,1784188589918,64131,64132,13,0.31644,0,0.31644,0.08305,3.0
1089,l2Book,1784188590242,64131,64132,11,0.23806,0,0.23806,0.08305,3.0
1090,trades,1784188590242,64131,64132,12,0.23806,0,0.23806,0.14485,3.0
1091,trades,1784188590319,64131,64132,14,0.31602,0,0.31602,0.14485,3.0
1092,l2Book,1784188590776,64131,64132,13,0.31602,0,0.31602,0.13285,3.0
1093,trades,1784188591125,64131,64132,18,0.31602,0,0.31602,0.44135,3.0
1094,l2Book,1784188591325,64131,64132,18,0.31602,0,0.31602,0.44135,3.0
1095,trades,1784188591527,64131,64132,19,0.31602,0,0.31602,0.44154,3.0
1096,trades,1784188591729,64131,64132,18,0.23805,0,0.23805,0.44489,3.0
1097,l2Book,1784188591863,64131,64132,18,0.23805,0,0.23805,0.44489,3.0
1098,trades,1784188591930,64131,64132,19,0.24584,0,0.24584,0.44489,3.0
1099,l2Book,1784188592380,64131,64132,16,0.24168,0,0.24168,0.38054,3.0
1100,l2Book,1784188592936,64131,64132,14,0.16371,0,0.16371,0.37719,3.0
1101,l2Book,1784188593471,64131,64132,11,0.08575,0,0.08575,0.31539,3.0
1102,trades,1784188593875,64131,64132,13,0.08575,0,0.08575,0.33342,3.0
1103,trades,1784188593945,64131,64132,16,0.08575,0,0.08575,0.33677,3.0
1104,l2Book,1784188594012,64131,64132,16,0.08575,0,0.08575,0.33677,3.0
1105,trades,1784188594012,64131,64132,17,0.08575,0,0.08575,0.33712,3.0
1106,l2Book,1784188594554,64131,64132,8,0.00779,0,0.00779,0.02508,3.0
1107,l2Book,1784188595086,64131,64132,6,0,0,0,0.02173,3.0
1108,trades,1784188595086,64131,64132,7,0,0,0,0.04451,3.0
1109,l2Book,1784188595618,64131,64132,7,0,0,0,0.04451,3.0
1110,trades,1784188595690,64131,64132,8,0,0,0,0.0601,3.0
1111,trades,1784188596092,64131,64132,9,0,0,0,0.06069,3.0
1112,l2Book,1784188596204,64131,64132,9,0,0,0,0.06069,3.0
1113,trades,1784188596204,64131,64132,10,0.07796,0,0.07796,0.06069,3.0
1114,l2Book,1784188596720,64131,64132,10,0.07796,0,0.07796,0.06069,3.0
1115,trades,1784188596921,64131,64132,9,0.07796,0,0.07796,0.13513,3.0
1116,trades,1784188597122,64131,64132,7,0.07796,0,0.07796,0.22189,3.0
1117,l2Book,1784188597251,64131,64132,7,0.07796,0,0.07796,0.22189,3.0
1118,trades,1784188597525,64131,64132,8,0.07796,0,0.07796,0.2393,3.0
1119,l2Book,1784188597791,64131,64132,8,0.07796,0,0.07796,0.2393,3.0
1120,trades,1784188598128,64131,64132,8,0.07796,0,0.07796,0.22255,3.0
1121,l2Book,1784188598329,64131,64132,8,0.07796,0,0.07796,0.22255,3.0
1122,trades,1784188598329,64131,64132,9,0.07796,0,0.07796,0.23367,3.0
1123,trades,1784188598668,64131,64132,11,0.15592,0,0.15592,0.23367,3.0
1124,l2Book,1784188598869,64131,64132,10,0.15592,0,0.15592,0.21808,3.0
1125,l2Book,1784188599420,64131,64132,8,0.07796,0,0.07796,0.21749,3.0
1126,trades,1784188599623,64131,64132,10,0.15594,0,0.15594,0.24931,3.0
1127,trades,1784188599756,64131,64132,23,0.15594,0,0.15594,0.34751,3.0
1128,trades,1784188599820,64131,64132,24,0.15594,0,0.15594,0.35206,3.0
1129,l2Book,1784188599960,64143,64144,23,0,0.17793,0.17793,0.2376,3.0
1130,trades,1784188599960,64143,64144,24,0,0.17793,0.17793,0.23869,3.0
1131,trades,1784188600022,64143,64144,27,0.04734,0.17793,0.22527,0.23869,3.0
1132,l2Book,1784188600491,64143,64144,25,0.04734,0.17793,0.22527,0.14823,3.0
1133,trades,1784188600491,64143,64144,26,0.12529,0.17793,0.30322,0.14823,3.0
1134,l2Book,1784188601015,64143,64144,25,0.12529,0.17793,0.30322,0.13082,3.0
1135,trades,1784188601015,64143,64144,26,0.12603,0.17793,0.30396,0.13082,3.0
1136,trades,1784188601090,64143,64144,34,0.12603,0.17793,0.30396,0.17285,3.0
1137,trades,1784188601292,64143,64144,35,0.12603,0.17793,0.30396,0.24869,3.0
1138,l2Book,1784188601561,64146,64147,34,0.07795,0.30396,0.38191,0.15962,3.0
1139,l2Book,1784188602068,64146,64147,32,0.07795,0.226,0.30395,0.15962,3.0
1140,trades,1784188602127,64146,64147,33,0.15589,0.226,0.38189,0.15962,3.0
1141,trades,1784188602366,64146,64147,34,0.17313,0.226,0.39913,0.15962,3.0
1142,trades,1784188602499,64146,64147,39,0.19037,0.226,0.41637,0.18352,3.0
1143,trades,1784188602567,64146,64147,40,0.19037,0.226,0.41637,0.19926,3.0
1144,l2Book,1784188602630,64146,64147,38,0.19037,0.14802,0.33839,0.16744,3.0
1145,trades,1784188602701,64146,64147,39,0.19037,0.14802,0.33839,0.18559,3.0
1146,trades,1784188603036,64146,64147,22,0.19037,0.07869,0.26906,0.35013,3.0
1147,l2Book,1784188603170,64146,64147,22,0.19037,0.07869,0.26906,0.35013,3.0
1148,l2Book,1784188603709,64146,64147,21,0.19037,0.00074,0.19111,0.35013,3.0
1149,trades,1784188603977,64146,64147,22,0.19037,0.00074,0.19111,0.35118,3.0
1150,trades,1784188604149,64146,64147,28,0.19037,0,0.19037,0.70043,3.0
1151,l2Book,1784188604233,64160,64161,28,0,0.19037,0.19037,0.70043,3.0
1152,trades,1784188604602,64160,64161,35,0,0.11242,0.11242,1.37024,3.0
1153,l2Book,1784188604787,64169,64170,35,0,0.11242,0.11242,1.37024,3.0
1154,trades,1784188604932,64169,64170,36,0.07792,0.11242,0.19034,1.37024,3.0
1155,l2Book,1784188605332,64169,64170,35,0.07792,0.03448,0.1124,1.37024,3.0
1156,trades,1784188605419,64169,64170,41,0.07792,0.01724,0.09516,5.1928,3.0
1157,trades,1784188605552,64169,64170,37,0.07792,0,0.07792,5.17883,3.0
1158,trades,1784188605752,64169,64170,36,0.15584,0,0.15584,5.14494,3.0
1159,l2Book,1784188605875,64169,64170,36,0.15584,0,0.15584,5.14494,3.0
1160,trades,1784188606220,64169,64170,36,0.15584,0,0.15584,4.89954,3.0
1161,l2Book,1784188606435,64169,64170,36,0.15584,0,0.15584,4.89954,3.0
1162,trades,1784188606435,64169,64170,37,0.15584,0,0.15584,4.91919,3.0
1163,trades,1784188606566,64169,64170,40,0.24155,0,0.24155,4.91919,3.0
1164,trades,1784188606635,64169,64170,42,0.24934,0.01027,0.25961,4.91919,3.0
1165,l2Book,1784188606972,64168,64169,42,0.01027,0,0.01027,5.16853,3.0
1166,trades,1784188607036,64168,64169,45,0.05456,0,0.05456,5.18322,3.0
1167,trades,1784188607175,64168,64169,33,0.05849,0.0095,0.06799,4.79194,3.0
1168,trades,1784188607238,64168,64169,39,0.05849,0.04294,0.10143,4.79194,3.0
1169,l2Book,1784188608110,64151,64152,32,0,0,0,4.15084,3.0
1170,trades,1784188608441,64151,64152,26,0.0288,0,0.0288,0.32828,3.0
1171,l2Book,1784188608637,64151,64152,25,0.0288,0,0.0288,0.31835,3.0
1172,trades,1784188608843,64151,64152,25,0.10187,0,0.10187,0.24043,3.0
1173,l2Book,1784188609179,64151,64152,25,0.10187,0,0.10187,0.24043,3.0
1174,l2Book,1784188609730,64151,64152,18,0.10187,0,0.10187,0.11602,3.0
1175,trades,1784188609797,64151,64152,19,0.17983,0,0.17983,0.11602,3.0
1176,l2Book,1784188610266,64151,64152,6,0.17983,0,0.17983,0.00912,3.0
1177,trades,1784188610585,64151,64152,4,0.25777,0,0.25777,0,3.0
1178,l2Book,1784188610809,64151,64152,4,0.25777,0,0.25777,0,3.0
1179,trades,1784188610809,64151,64152,10,0.25777,0,0.25777,2.06815,3.0
1180,trades,1784188611045,64151,64152,11,0.25777,0,0.25777,2.06833,3.0
1181,trades,1784188611216,64151,64152,14,0.25777,0,0.25777,2.17612,3.0
1182,trades,1784188611287,64151,64152,21,0.33571,0,0.33571,2.22755,3.0
1183,l2Book,1784188611332,64151,64165,21,0.33571,0,0.33571,2.22755,3.0
1184,trades,1784188611486,64151,64165,22,0.30691,0,0.30691,2.22786,3.0
1185,l2Book,1784188611885,64166,64167,21,0,0.23384,0.23384,2.22786,3.0
1186,trades,1784188612023,64166,64167,22,0,0.23384,0.23384,2.2341,3.0
1187,l2Book,1784188612419,64166,64167,22,0,0.23384,0.23384,2.2341,3.0
1188,l2Book,1784188612953,64166,64167,21,0,0.15588,0.15588,2.2341,3.0
1189,trades,1784188613224,64166,64167,27,0,0.15588,0.15588,2.2953,3.0
1190,trades,1784188613290,64166,64167,28,0,0.15588,0.15588,2.29662,3.0
1191,l2Book,1784188613474,64166,64167,28,0,0.15588,0.15588,2.29662,3.0
1192,l2Book,1784188614028,64166,64167,21,0,0.07794,0.07794,0.22847,3.0
1193,l2Book,1784188614559,64166,64167,8,0,0,0,0.06876,3.0
1194,trades,1784188615058,64166,64167,8,0.00019,0,0.00019,0.06252,3.0
1195,l2Book,1784188615109,64166,64167,8,0.00019,0,0.00019,0.06252,3.0
1196,trades,1784188615543,64166,64167,9,0.00794,0,0.00794,0.06252,3.0
1197,l2Book,1784188615673,64166,64167,9,0.00794,0,0.00794,0.06252,3.0
1198,trades,1784188615673,64166,64167,10,0.00794,0,0.00794,0.06328,3.0
1199,trades,1784188615940,64166,64167,11,0.00794,0,0.00794,0.12167,3.0
1200,l2Book,1784188616279,64169,64170,5,0,0.00794,0.00794,0.06047,3.0
1201,trades,1784188616693,64169,64170,5,0.07792,0.00794,0.08586,0.05915,3.0
1202,l2Book,1784188616893,64169,64170,5,0.07792,0.00794,0.08586,0.05915,3.0
1203,trades,1784188617093,64169,64170,7,0.07792,0.00794,0.08586,0.56008,3.0
1204,trades,1784188617292,64169,64170,8,0.37847,0.00794,0.38641,0.56008,3.0
1205,l2Book,1784188617420,64169,64170,8,0.37847,0.00794,0.38641,0.56008,3.0
1206,l2Book,1784188617968,64169,64170,8,0.37847,0.00794,0.38641,0.56008,3.0
1207,trades,1784188618167,64169,64170,10,0.37847,0.00775,0.38622,0.57996,3.0
1208,l2Book,1784188618508,64169,64170,10,0.37847,0.00775,0.38622,0.57996,3.0
1209,l2Book,1784188619110,64169,64170,7,0.37847,0,0.37847,0.52081,3.0
1210,trades,1784188619110,64169,64170,9,0.38263,0,0.38263,0.52102,3.0
1211,l2Book,1784188619634,64169,64170,9,0.38263,0,0.38263,0.52102,3.0
1212,l2Book,1784188620190,64169,64170,6,0.30471,0,0.30471,0.02009,3.0
1213,trades,1784188620190,64169,64170,8,0.30471,0,0.30471,0.02858,3.0
1214,trades,1784188620596,64169,64170,8,0.00416,0,0.00416,0.03258,3.0
1215,l2Book,1784188620736,64169,64170,8,0.00416,0,0.00416,0.03258,3.0
1216,l2Book,1784188621334,64169,64170,5,0.00416,0,0.00416,0.0127,3.0
1217,l2Book,1784188621928,64169,64170,5,0.00416,0,0.00416,0.0127,3.0
1218,trades,1784188622002,64169,64170,6,0.08207,0,0.08207,0.0127,3.0
1219,trades,1784188622396,64169,64170,5,0.07791,0,0.07791,0.0146,3.0
1220,l2Book,1784188622448,64169,64170,5,0.07791,0,0.07791,0.0146,3.0
1221,trades,1784188622830,64169,64170,6,0.15584,0,0.15584,0.0146,3.0
1222,l2Book,1784188622952,64169,64170,6,0.15584,0,0.15584,0.0146,3.0
1223,l2Book,1784188623475,64169,64170,4,0.15584,0,0.15584,0.00611,3.0
1224,trades,1784188623556,64169,64170,5,0.15584,0,0.15584,0.23639,3.0
1225,trades,1784188623633,64169,64170,5,0.23376,0,0.23376,0.23239,3.0
1226,l2Book,1784188624036,64169,64170,5,0.23376,0,0.23376,0.23239,3.0
1227,trades,1784188624036,64169,64170,6,0.23376,0,0.23376,0.23275,3.0
1228,l2Book,1784188624565,64169,64170,6,0.23376,0,0.23376,0.23275,3.0
1229,trades,1784188624767,64169,64170,7,0.23376,0,0.23376,0.24031,3.0
1230,l2Book,1784188625167,64169,64170,6,0.15585,0,0.15585,0.24031,3.0
1231,trades,1784188625570,64169,64170,6,0.16031,0,0.16031,0.2382,3.0
1232,l2Book,1784188625771,64170,64171,6,0,0.16031,0.16031,0.2382,3.0
1233,trades,1784188626023,64170,64171,6,0,0.08238,0.08238,0.27871,3.0
1234,l2Book,1784188626307,64170,64171,6,0,0.08238,0.08238,0.27871,3.0
1235,l2Book,1784188626836,64170,64171,4,0,0.00446,0.00446,0.04843,3.0
1236,l2Book,1784188627383,64170,64171,3,0,0.00446,0.00446,0.04807,3.0
1237,l2Book,1784188627929,64170,64171,2,0,0.00446,0.00446,0.04051,3.0
1238,trades,1784188627929,64170,64171,3,0,0.00446,0.00446,0.06083,3.0
1239,trades,1784188627985,64170,64171,4,0,0.00446,0.00446,0.0696,3.0
1240,l2Book,1784188628455,64170,64175,4,0,0.00446,0.00446,0.0696,3.0
1241,trades,1784188628936,64170,64175,7,0,0,0,0.09699,3.0
1242,l2Book,1784188628991,64174,64175,7,0.00831,0,0.00831,0.08868,3.0
1243,l2Book,1784188629547,64179,64180,6,0,0.00831,0.00831,0.04817,3.0
1244,trades,1784188629618,64179,64180,9,0.07792,0.00831,0.08623,0.05504,3.0
1245,trades,1784188630019,64179,64180,13,0.12525,0.00831,0.13356,0.06069,3.0
1246,l2Book,1784188630142,64179,64180,13,0.12525,0.00831,0.13356,0.06069,3.0
1247,trades,1784188630142,64179,64180,14,0.12525,0.00831,0.13356,0.49212,3.0
1248,trades,1784188630356,64179,64180,15,0.20315,0.00831,0.21146,0.49212,3.0
1249,l2Book,1784188630679,64179,64180,15,0.20315,0.00831,0.21146,0.49212,3.0
1250,trades,1784188631024,64179,64180,14,0.20386,0.00831,0.21217,0.46303,3.0
1251,trades,1784188631160,64179,64180,15,0.28177,0.00831,0.29008,0.46303,3.0
1252,l2Book,1784188631226,64179,64180,15,0.28177,0.00831,0.29008,0.46303,3.0
1253,l2Book,1784188631760,64179,64180,15,0.28177,0.00831,0.29008,0.46303,3.0
1254,trades,1784188632011,64179,64180,12,0.35968,0,0.35968,0.44395,3.0
1255,l2Book,1784188632300,64179,64180,12,0.35968,0,0.35968,0.44395,3.0
1256,trades,1784188632733,64179,64180,10,0.28176,0,0.28176,0.4383,3.0
1257,l2Book,1784188632868,64179,64180,10,0.28176,0,0.28176,0.4383,3.0
1258,trades,1784188632868,64179,64180,11,0.35967,0,0.35967,0.4383,3.0
1259,l2Book,1784188633474,64179,64180,5,0.23444,0,0.23444,0.00122,3.0
1260,trades,1784188633739,64179,64180,6,0.23444,0,0.23444,0.13499,3.0
1261,l2Book,1784188634144,64179,64180,5,0.23373,0,0.23373,0.13499,3.0
1262,trades,1784188634144,64179,64180,6,0.23373,0,0.23373,0.14383,3.0
1263,l2Book,1784188634605,64180,64181,5,0,0.15582,0.15582,0.14383,3.0
1264,trades,1784188634670,64180,64181,6,0.00076,0.15582,0.15658,0.14383,3.0
1265,trades,1784188634803,64180,64181,11,0.00076,0.15582,0.15658,0.16194,3.0
1266,l2Book,1784188635206,64187,64188,10,0,0.07867,0.07867,0.16194,3.0
1267,trades,1784188635270,64187,64188,12,0.07789,0.07867,0.15656,0.16194,3.0
1268,trades,1784188635338,64187,64188,13,0.07865,0.07867,0.15732,0.16194,3.0
1269,trades,1784188635407,64187,64188,15,0.07865,0.07867,0.15732,0.16712,3.0
1270,l2Book,1784188635802,64187,64188,14,0.07865,0.07867,0.15732,0.1659,3.0
1271,trades,1784188636004,64187,64188,14,0.15655,0.00076,0.15731,0.1659,3.0
1272,l2Book,1784188636325,64187,64188,14,0.15655,0.00076,0.15731,0.1659,3.0
1273,trades,1784188636809,64187,64188,15,0.23445,0.00076,0.23521,0.10962,3.0
1274,l2Book,1784188636875,64187,64188,15,0.23445,0.00076,0.23521,0.10962,3.0
1275,l2Book,1784188637401,64187,64188,14,0.23445,0.00076,0.23521,0.10078,3.0
1276,trades,1784188637613,64187,64188,15,0.31235,0.00076,0.31311,0.10078,3.0
1277,l2Book,1784188637947,64187,64188,9,0.31235,0,0.31235,0.08267,3.0
1278,trades,1784188638018,64187,64188,10,0.31235,0,0.31235,0.12318,3.0
1279,trades,1784188638351,64187,64188,9,0.3116,0,0.3116,0.12318,3.0
1280,trades,1784188638419,64187,64188,8,0.3116,0,0.3116,0.13473,3.0
1281,l2Book,1784188638472,64187,64188,8,0.3116,0,0.3116,0.13473,3.0
1282,l2Book,1784188639020,64187,64188,7,0.2337,0,0.2337,0.13473,3.0
1283,trades,1784188639153,64187,64188,8,0.3116,0,0.3116,0.13473,3.0
1284,l2Book,1784188639556,64187,64190,8,0.3116,0,0.3116,0.13473,3.0
1285,trades,1784188639556,64187,64190,29,0.3116,0,0.3116,1.52992,3.0
1286,l2Book,1784188640089,64189,64190,27,0,0.2337,0.2337,1.45243,3.0
1287,trades,1784188640161,64189,64190,28,0.0779,0.2337,0.3116,1.45243,3.0
1288,l2Book,1784188640629,64189,64190,27,0.0779,0.1558,0.2337,1.45243,3.0
1289,trades,1784188640963,64189,64190,30,0.15579,0.1558,0.31159,1.45278,3.0
1290,trades,1784188641030,64189,64190,30,0.15579,0.1558,0.31159,1.41245,3.0
1291,l2Book,1784188641165,64189,64190,30,0.15579,0.1558,0.31159,1.41245,3.0
1292,l2Book,1784188641688,64188,64189,27,0,0.0779,0.0779,1.55151,3.0
1293,trades,1784188641771,64188,64189,32,0.00046,0.4681,0.46856,1.55151,3.0
1294,l2Book,1784188642238,64187,64188,31,0.3902,0,0.3902,1.55197,3.0
1295,trades,1784188642373,64187,64188,32,0.39798,0,0.39798,1.55197,3.0
1296,trades,1784188642574,64187,64188,14,0.49144,0,0.49144,0.15678,3.0
1297,l2Book,1784188642777,64187,64188,14,0.49144,0,0.49144,0.15678,3.0
1298,l2Book,1784188643305,64187,64188,13,0.49144,0,0.49144,0.07888,3.0
1299,trades,1784188643378,64187,64188,15,0.56934,0,0.56934,0.07888,3.0
1300,l2Book,1784188643847,64187,64188,15,0.56934,0,0.56934,0.07888,3.0
1301,trades,1784188644183,64187,64188,13,0.64724,0,0.64724,0.00046,3.0
1302,l2Book,1784188644386,64187,64188,13,0.64724,0,0.64724,0.00046,3.0
1303,trades,1784188644798,64187,64188,15,0.41526,0.07867,0.49393,0,3.0
1304,l2Book,1784188644932,64181,64182,15,0,0,0,0.49393,3.0
1305,trades,1784188645000,64181,64182,16,0.00019,0,0.00019,0.49393,3.0
1306,trades,1784188645206,64181,64182,22,0.00251,0.07557,0.07808,0.49393,3.0
1307,l2Book,1784188645484,64175,64176,21,0.07541,0,0.07541,0.48882,3.0
1308,trades,1784188645484,64175,64176,22,0.08368,0,0.08368,0.48882,3.0
1309,trades,1784188645620,64175,64176,20,0.08368,0,0.08368,0.42361,3.0
1310,l2Book,1784188646018,64175,64176,20,0.08368,0,0.08368,0.42361,3.0
1311,trades,1784188646018,64175,64176,22,0.1616,0,0.1616,0.45211,3.0
1312,l2Book,1784188646552,64175,64176,20,0.1616,0,0.1616,0.37421,3.0
1313,trades,1784188646821,64175,64176,22,0.24017,0,0.24017,0.37421,3.0
1314,l2Book,1784188647088,64175,64176,22,0.24017,0,0.24017,0.37421,3.0
1315,trades,1784188647496,64175,64176,21,0.24017,0,0.24017,0.32689,3.0
1316,l2Book,1784188647632,64175,64176,21,0.24017,0,0.24017,0.32689,3.0
1317,trades,1784188647632,64175,64176,22,0.31809,0,0.31809,0.32689,3.0
1318,l2Book,1784188648170,64175,64176,14,0.31809,0,0.31809,0.08981,3.0
1319,trades,1784188648438,64175,64176,12,0.32059,0,0.32059,0.0914,3.0
1320,l2Book,1784188648706,64175,64176,10,0.31232,0,0.31232,0.06315,3.0
1321,trades,1784188649042,64175,64176,10,0.23855,0,0.23855,0.03486,3.0
1322,l2Book,1784188649245,64175,64176,10,0.23855,0,0.23855,0.03486,3.0
1323,trades,1784188649245,64175,64176,12,0.31646,0,0.31646,0.03562,3.0
1324,trades,1784188649312,64175,64176,14,0.32004,0,0.32004,0.1784,3.0
1325,trades,1784188649510,64175,64176,16,0.40174,0,0.40174,0.1784,3.0
1326,l2Book,1784188649769,64175,64176,16,0.40174,0,0.40174,0.1784,3.0
1327,trades,1784188649853,64175,64176,15,0.32317,0,0.32317,0.25368,3.0
1328,trades,1784188650254,64175,64176,16,0.40108,0,0.40108,0.25368,3.0
1329,l2Book,1784188650318,64175,64176,16,0.40108,0,0.40108,0.25368,3.0
1330,l2Book,1784188650859,64175,64176,14,0.32316,0,0.32316,0.2231,3.0
1331,trades,1784188650992,64175,64176,15,0.40107,0,0.40107,0.2231,3.0
1332,l2Book,1784188651390,64175,64176,15,0.40107,0,0.40107,0.2231,3.0
1333,trades,1784188651798,64175,64176,12,0.40108,0,0.40108,0.21903,3.0
1334,l2Book,1784188651928,64175,64176,12,0.40108,0,0.40108,0.21903,3.0
1335,trades,1784188652402,64175,64176,7,0.31544,0,0.31544,0.07619,3.0
1336,l2Book,1784188652470,64175,64176,7,0.31544,0,0.31544,0.07619,3.0
1337,trades,1784188652470,64175,64176,8,0.31544,0,0.31544,0.07699,3.0
1338,trades,1784188652604,64175,64176,7,0.31164,0,0.31164,0.07699,3.0
1339,l2Book,1784188653072,64175,64176,6,0.31164,0,0.31164,0.00171,3.0
1340,trades,1784188653007,64175,64176,7,0.31164,0,0.31164,0.02927,3.0
1341,l2Book,1784188653567,64175,64176,6,0.23373,0,0.23373,0.02927,3.0
1342,trades,1784188653633,64175,64176,7,0.24395,0,0.24395,0.02927,3.0
1343,trades,1784188653700,64175,64176,8,0.24513,0,0.24513,0.02927,3.0
1344,trades,1784188654036,64175,64176,8,0.16722,0,0.16722,0.02962,3.0
1345,l2Book,1784188654106,64175,64176,8,0.16722,0,0.16722,0.02962,3.0
1346,l2Book,1784188654645,64175,64176,8,0.16722,0,0.16722,0.02962,3.0
1347,trades,1784188655045,64175,64176,9,0.0893,0,0.0893,0.12924,3.0
1348,l2Book,1784188655185,64175,64176,9,0.0893,0,0.0893,0.12924,3.0
1349,l2Book,1784188655723,64175,64176,6,0.0114,0,0.0114,0.12753,3.0
1350,trades,1784188656058,64175,64176,6,0.0893,0,0.0893,0.09997,3.0
1351,trades,1784188656190,64175,64176,8,0.0893,0,0.0893,0.11176,3.0
1352,l2Book,1784188656259,64175,64176,8,0.0893,0,0.0893,0.11176,3.0
1353,l2Book,1784188656801,64175,64176,6,0.0779,0,0.0779,0.11176,3.0
1354,trades,1784188656801,64175,64176,7,0.15582,0,0.15582,0.11176,3.0
1355,trades,1784188656935,64175,64176,8,0.15582,0,0.15582,0.11245,3.0
1356,l2Book,1784188657335,64175,64176,7,0.15582,0,0.15582,0.1121,3.0
1357,trades,1784188657606,64175,64176,8,0.23373,0,0.23373,0.1121,3.0
1358,l2Book,1784188657876,64175,64176,8,0.23373,0,0.23373,0.1121,3.0
1359,trades,1784188658348,64175,64176,7,0.31164,0,0.31164,0.01248,3.0
1360,l2Book,1784188658415,64175,64176,7,0.31164,0,0.31164,0.01248,3.0
1361,l2Book,1784188658943,64175,64176,7,0.31164,0,0.31164,0.01248,3.0
1362,l2Book,1784188659503,64175,64176,4,0.23374,0,0.23374,0.00069,3.0
1363,trades,1784188659570,64175,64176,5,0.23489,0,0.23489,0.00069,3.0
1364,l2Book,1784188660038,64175,64176,3,0.15697,0,0.15697,0,3.0
1365,trades,1784188660038,64175,64176,6,0.20431,0,0.20431,0,3.0
1366,l2Book,1784188660575,64175,64176,6,0.20431,0,0.20431,0,3.0
1367,trades,1784188660575,64175,64176,7,0.28221,0,0.28221,0,3.0
1368,trades,1784188660641,64175,64176,7,0.2043,0,0.2043,0.03841,3.0
1369,trades,1784188661044,64175,64176,8,0.20482,0,0.20482,0.03841,3.0
1370,l2Book,1784188661111,64175,64176,8,0.20482,0,0.20482,0.03841,3.0
1371,trades,1784188661246,64175,64176,9,0.20513,0,0.20513,0.03841,3.0
1372,trades,1784188661379,64175,64176,9,0.20515,0,0.20515,0.03841,3.0
1373,trades,1784188661581,64175,64176,10,0.20891,0,0.20891,0.03841,3.0
1374,l2Book,1784188661648,64175,64176,10,0.20891,0,0.20891,0.03841,3.0
1375,trades,1784188661648,64175,64176,11,0.20891,0,0.20891,0.04576,3.0
1376,trades,1784188661848,64175,64176,12,0.20922,0,0.20922,0.04576,3.0
1377,trades,1784188662116,64175,64176,14,0.28744,0,0.28744,0.04576,3.0
1378,l2Book,1784188662183,64175,64176,14,0.28744,0,0.28744,0.04576,3.0
1379,l2Book,1784188662719,64175,64176,13,0.28629,0,0.28629,0.04576,3.0
1380,trades,1784188662853,64175,64176,15,0.3642,0,0.3642,0.04615,3.0
1381,trades,1784188663191,64175,64176,13,0.31717,0,0.31717,0.04615,3.0
1382,l2Book,1784188663257,64175,64176,13,0.31717,0,0.31717,0.04615,3.0
1383,l2Book,1784188663793,64175,64176,11,0.23927,0,0.23927,0.00774,3.0
1384,l2Book,1784188664330,64175,64176,9,0.23844,0,0.23844,0.00774,3.0
1385,l2Book,1784188664871,64175,64176,5,0.15644,0,0.15644,0.00039,3.0
1386,trades,1784188665207,64175,64176,4,0.07822,0,0.07822,0.00851,3.0
1387,trades,1784188665353,64175,64176,5,0.15613,0,0.15613,0.00851,3.0
1388,l2Book,1784188665408,64175,64176,5,0.15613,0,0.15613,0.00851,3.0
1389,trades,1784188665554,64175,64176,6,0.15613,0,0.15613,0.00989,3.0
1390,l2Book,1784188665955,64175,64176,4,0.07822,0,0.07822,0.0095,3.0
1391,trades,1784188666089,64175,64176,5,0.15613,0,0.15613,0.0095,3.0
1392,l2Book,1784188666491,64175,64176,4,0.15582,0,0.15582,0.0095,3.0
1393,trades,1784188666893,64175,64176,5,0.23373,0,0.23373,0.0095,3.0
1394,l2Book,1784188667016,64175,64176,5,0.23373,0,0.23373,0.0095,3.0
1395,l2Book,1784188667564,64175,64176,5,0.23373,0,0.23373,0.0095,3.0
1396,trades,1784188667698,64175,64176,6,0.31165,0,0.31165,0.0095,3.0
1397,l2Book,1784188668100,64175,64176,6,0.31165,0,0.31165,0.0095,3.0
1398,trades,1784188668300,64175,64176,6,0.31165,0,0.31165,0.00169,3.0
1399,trades,1784188668508,64175,64176,6,0.31165,0,0.31165,0.00169,3.0
1400,l2Book,1784188668631,64175,64176,5,0.31165,0,0.31165,0.00031,3.0
1401,l2Book,1784188669179,64175,64176,4,0.23374,0,0.23374,0.00031,3.0
1402,trades,1784188669315,64175,64176,5,0.23374,0,0.23374,0.00062,3.0
1403,trades,1784188669380,64175,64176,6,0.23374,0,0.23374,0.00093,3.0
1404,l2Book,1784188669715,64175,64176,6,0.23374,0,0.23374,0.00093,3.0
1405,trades,1784188669715,64175,64176,15,0.23374,0,0.23374,0.31247,3.0
1406,l2Book,1784188670238,64176,64177,14,0,0.15583,0.15583,0.31247,3.0
1407,trades,1784188670587,64176,64177,15,0,0.15583,0.15583,0.31519,3.0
1408,l2Book,1784188670788,64176,64177,14,0,0.07791,0.07791,0.31519,3.0
1409,trades,1784188670990,64176,64177,15,0,0.07791,0.07791,0.3155,3.0
1410,trades,1784188671056,64176,64177,16,0,0.07791,0.07791,0.31568,3.0
1411,l2Book,1784188671325,64176,64177,15,0,0.07791,0.07791,0.31537,3.0
1412,l2Book,1784188671866,64176,64177,14,0,0,0,0.31537,3.0
1413,l2Book,1784188672419,64176,64177,12,0,0,0,0.31475,3.0
1414,l2Book,1784188672956,64176,64177,3,0,0,0,0.00321,3.0
1415,l2Book,1784188673493,64176,64177,3,0,0,0,0.00321,3.0
1416,l2Book,1784188674023,64176,64177,1,0,0,0,0.00018,3.0
1417,trades,1784188674497,64176,64177,1,0,0,0,0.00061,3.0
1418,l2Book,1784188674565,64176,64177,1,0,0,0,0.00061,3.0
1419,l2Book,1784188675083,64176,64177,1,0,0,0,0.00061,3.0
1420,l2Book,1784188675641,64176,64177,1,0,0,0,0.00061,3.0
1421,l2Book,1784188676175,64176,64177,1,0,0,0,0.00061,3.0
1422,trades,1784188676446,64176,64177,9,0,0,0,2.04461,3.0
1423,l2Book,1784188676711,64180,64182,9,0,0,0,2.04461,3.0
1424,l2Book,1784188677252,64181,64182,9,0,0,0,2.04461,3.0
1425,trades,1784188677519,64181,64182,9,0.04488,0,0.04488,2.044,3.0
1426,l2Book,1784188677786,64181,64182,9,0.04488,0,0.04488,2.044,3.0
1427,l2Book,1784188678326,64181,64182,9,0.04488,0,0.04488,2.044,3.0
1428,trades,1784188678326,64181,64182,10,0.12278,0,0.12278,2.044,3.0
1429,l2Book,1784188678867,64181,64182,10,0.12278,0,0.12278,2.044,3.0
1430,trades,1784188679003,64181,64182,12,0.12694,0,0.12694,2.04421,3.0
1431,trades,1784188679071,64181,64182,14,0.12694,0,0.12694,2.04934,3.0
1432,trades,1784188679135,64181,64182,15,0.12694,0,0.12694,2.12724,3.0
1433,l2Book,1784188679406,64185,64186,15,0.0779,0.12694,0.20484,2.04934,3.0
1434,trades,1784188679406,64185,64186,16,0.0779,0.12694,0.20484,2.05014,3.0
1435,l2Book,1784188679926,64185,64186,8,0.0779,0.12694,0.20484,0.00614,3.0
1436,trades,1784188680018,64185,64186,9,0.1558,0.12694,0.28274,0.00614,3.0
1437,l2Book,1784188680479,64186,64187,9,0,0.28274,0.28274,0.00614,3.0
1438,trades,1784188680822,64186,64187,9,0.0779,0.23786,0.31576,0.00614,3.0
1439,l2Book,1784188681026,64187,64190,9,0,0.31576,0.31576,0.00614,3.0
1440,trades,1784188681233,64187,64190,18,0,0.31576,0.31576,0.09226,3.0
1441,l2Book,1784188681553,64192,64193,17,0,0.23786,0.23786,0.09226,3.0
1442,trades,1784188681630,64192,64193,18,0.0779,0.23786,0.31576,0.09226,3.0
1443,trades,1784188682028,64192,64193,17,0.08001,0.2337,0.31371,0.09205,3.0
1444,l2Book,1784188682094,64192,64193,15,0.08001,0.2337,0.31371,0.08692,3.0
1445,trades,1784188682428,64192,64193,15,0.1579,0.1558,0.3137,0.08612,3.0
1446,trades,1784188682565,64192,64193,18,0.1579,0.1558,0.3137,0.09315,3.0
1447,l2Book,1784188682637,64193,64194,18,0,0.3137,0.3137,0.09315,3.0
1448,trades,1784188682963,64193,64194,19,0,0.3137,0.3137,0.09469,3.0
1449,l2Book,1784188683164,64193,64194,18,0,0.2358,0.2358,0.09469,3.0
1450,l2Book,1784188683711,64194,64195,18,0,0.2358,0.2358,0.09469,3.0
1451,trades,1784188684045,64194,64195,19,0,0.1579,0.1579,0.09632,3.0
1452,l2Book,1784188684245,64194,64195,10,0,0.1579,0.1579,0.0102,3.0
1453,trades,1784188684314,64194,64195,14,0,0.1579,0.1579,0.19725,3.0
1454,trades,1784188684655,64194,64195,15,0,0.08,0.08,0.28337,3.0
1455,l2Book,1784188684790,64196,64197,15,0.08612,0.08,0.16612,0.19725,3.0
1456,trades,1784188684790,64196,64197,16,0.08612,0.08,0.16612,0.21599,3.0
1457,trades,1784188684979,64196,64197,17,0.08612,0.08,0.16612,0.21797,3.0
1458,l2Book,1784188685323,64196,64197,16,0.08612,0.07789,0.16401,0.21797,3.0
1459,trades,1784188685665,64196,64197,13,0.16403,0,0.16403,0.21094,3.0
1460,l2Book,1784188685862,64196,64197,13,0.16403,0,0.16403,0.21094,3.0
1461,trades,1784188685862,64196,64197,14,0.16403,0,0.16403,0.22294,3.0
1462,l2Book,1784188686395,64196,64197,13,0.16403,0,0.16403,0.2214,3.0
1463,trades,1784188686868,64196,64197,25,0.16403,0,0.16403,2.01006,3.0
1464,l2Book,1784188686934,64199,64200,25,0,0.16403,0.16403,2.01006,3.0
1465,l2Book,1784188687492,64199,64200,19,0,0.16403,0.16403,1.82138,3.0
1466,trades,1784188687699,64199,64200,18,0,0.07791,0.07791,1.9074,3.0
1467,l2Book,1784188688011,64199,64200,16,0,0.07791,0.07791,1.88668,3.0
1468,trades,1784188688011,64199,64200,17,0,0.07791,0.07791,1.90434,3.0
1469,trades,1784188688417,64199,64200,18,0,0.07791,0.07791,1.9045,3.0
1470,l2Book,1784188688556,64199,64200,18,0,0.07791,0.07791,1.9045,3.0
1471,l2Book,1784188689101,64199,64200,15,0,0,0,1.8925,3.0
1472,trades,1784188689101,64199,64200,16,0,0,0,1.89778,3.0
1473,trades,1784188689219,64199,64200,17,0,0,0,1.90556,3.0
1474,trades,1784188689300,64199,64200,31,0,0,0,4.46524,3.0
1475,trades,1784188689420,64199,64200,32,0,0,0,4.46554,3.0
1476,trades,1784188689502,64199,64200,45,0,0,0,4.49514,3.0
1477,l2Book,1784188689622,64211,64212,45,0,0,0,4.49514,3.0
1478,trades,1784188689703,64211,64212,46,0.07787,0,0.07787,4.49514,3.0
1479,trades,1784188690059,64211,64212,37,0.12521,0,0.12521,2.70648,3.0
1480,l2Book,1784188690126,64211,64212,37,0.12521,0,0.12521,2.70648,3.0
1481,trades,1784188690126,64211,64212,39,0.12521,0,0.12521,2.73221,3.0
1482,trades,1784188690188,64211,64212,40,0.12521,0,0.12521,2.73844,3.0
1483,trades,1784188690254,64211,64212,41,0.12621,0,0.12621,2.73844,3.0
1484,l2Book,1784188690634,64211,64212,41,0.12621,0,0.12621,2.73844,3.0
1485,trades,1784188690695,64211,64212,42,0.20407,0,0.20407,2.73844,3.0
1486,trades,1784188691051,64211,64212,41,0.20477,0,0.20477,2.63476,3.0
1487,l2Book,1784188691157,64211,64212,41,0.20477,0,0.20477,2.63476,3.0
1488,trades,1784188691358,64211,64212,45,0.20685,0,0.20685,2.69888,3.0
1489,l2Book,1784188691710,64211,64212,44,0.20685,0,0.20685,2.69872,3.0
1490,trades,1784188692041,64211,64212,45,0.20685,0,0.20685,2.72399,3.0
1491,l2Book,1784188692242,64211,64212,43,0.20685,0,0.20685,2.71093,3.0
1492,trades,1784188692242,64211,64212,44,0.20685,0,0.20685,2.71126,3.0
1493,trades,1784188692484,64211,64212,30,0.20685,0,0.20685,0.15438,3.0
1494,l2Book,1784188692753,64211,64212,16,0.12898,0,0.12898,0.12478,3.0
1495,trades,1784188693086,64211,64212,15,0.08164,0,0.08164,0.28225,3.0
1496,l2Book,1784188693291,64212,64213,11,0,0.08064,0.08064,0.25029,3.0
1497,trades,1784188693422,64212,64213,15,0,0.08064,0.08064,0.26352,3.0
1498,trades,1784188693758,64212,64213,23,0,0.00278,0.00278,0.29439,3.0
1499,l2Book,1784188693823,64219,64220,23,0,0.00278,0.00278,0.29439,3.0
1500,trades,1784188694006,64219,64220,25,0.00193,0.00278,0.00471,0.29439,3.0
1501,trades,1784188694207,64219,64220,30,0.00193,0.00208,0.00401,0.31854,3.0
1502,l2Book,1784188694341,64223,64224,30,0,0.00401,0.00401,0.31854,3.0
1503,trades,1784188694409,64223,64224,27,0,0.00193,0.00193,0.25523,3.0
1504,trades,1784188694511,64223,64224,37,0,0.00193,0.00193,0.36086,3.0
1505,l2Book,1784188694847,64227,64228,37,0,0.00193,0.00193,0.36086,3.0
1506,trades,1784188694847,64227,64228,38,0,0.00193,0.00193,0.36104,3.0
1507,trades,1784188695314,64227,64228,37,0.07785,0.00193,0.07978,0.33544,3.0
1508,l2Book,1784188695379,64227,64228,37,0.07785,0.00193,0.07978,0.33544,3.0
1509,l2Book,1784188695917,64227,64228,36,0.07785,0.00193,0.07978,0.33234,3.0
1510,l2Book,1784188696456,64227,64228,30,0.07785,0.00193,0.07978,0.16164,3.0
1511,trades,1784188696792,64227,64228,22,0.07785,0.00193,0.07978,0.13362,3.0
1512,l2Book,1784188696986,64225,64227,22,0,0.00193,0.00193,0.21147,3.0
1513,trades,1784188697125,64225,64227,24,0.00016,0.02698,0.02714,0.21147,3.0
1514,trades,1784188697177,64225,64227,31,0.00016,0.03408,0.03424,0.7147,3.0
1515,l2Book,1784188697545,64216,64217,14,0.0049,0,0.0049,0.61345,3.0
1516,trades,1784188697810,64216,64217,16,0.00859,0,0.00859,0.61345,3.0
1517,l2Book,1784188698062,64216,64217,15,0.00859,0,0.00859,0.61327,3.0
1518,l2Book,1784188698596,64216,64217,14,0.00859,0,0.00859,0.53542,3.0
1519,l2Book,1784188699148,64216,64217,14,0.00859,0,0.00859,0.53542,3.0
1520,trades,1784188699148,64216,64217,15,0.00877,0,0.00877,0.53542,3.0
1521,l2Book,1784188699680,64216,64217,15,0.00877,0,0.00877,0.53542,3.0
1522,trades,1784188700161,64216,64217,11,0.43098,0,0.43098,0.50543,3.0
1523,l2Book,1784188700229,64216,64217,4,0.42608,0,0.42608,0,3.0
1524,l2Book,1784188700747,64216,64217,4,0.42608,0,0.42608,0,3.0
1525,trades,1784188701014,64216,64217,3,0.42239,0,0.42239,0.00242,3.0
1526,l2Book,1784188701297,64216,64217,3,0.42239,0,0.42239,0.00242,3.0
1527,l2Book,1784188701819,64216,64217,3,0.42239,0,0.42239,0.00242,3.0
1528,trades,1784188702219,64216,64217,3,0.42221,0,0.42221,0.01803,3.0
1529,l2Book,1784188702359,64216,64217,3,0.42221,0,0.42221,0.01803,3.0
1530,l2Book,1784188702917,64216,64217,3,0.42221,0,0.42221,0.01803,3.0
1531,trades,1784188702917,64216,64217,4,0.42221,0,0.42221,0.03713,3.0
1532,l2Book,1784188703439,64216,64217,3,0,0,0,0.03713,3.0
1533,trades,1784188703721,64216,64217,5,0,0,0,0.04708,3.0
1534,l2Book,1784188703989,64216,64217,5,0,0,0,0.04708,3.0
1535,trades,1784188704128,64216,64217,5,0,0,0,0.04777,3.0
1536,l2Book,1784188704526,64216,64217,5,0,0,0,0.04777,3.0
1537,l2Book,1784188705060,64216,64217,5,0,0,0,0.04777,3.0
1538,trades,1784188705060,64216,64217,6,0.00019,0,0.00019,0.04777,3.0
1539,l2Book,1784188705628,64216,64217,5,0.00019,0,0.00019,0.03216,3.0
1540,trades,1784188705678,64216,64217,6,0.00019,0,0.00019,0.0357,3.0
1541,trades,1784188705879,64216,64217,18,0.00019,0,0.00019,0.41731,3.0
1542,l2Book,1784188706154,64224,64225,17,0,0.00019,0.00019,0.39821,3.0
1543,trades,1784188706544,64224,64225,22,0,0.00019,0.00019,0.52525,3.0
1544,l2Book,1784188706679,64222,64223,22,0,0.00019,0.00019,0.52525,3.0
1545,trades,1784188706744,64222,64223,22,0,0.00019,0.00019,0.51858,3.0
1546,l2Book,1784188707196,64218,64219,21,0,0.00019,0.00019,0.51547,3.0
1547,l2Book,1784188707749,64218,64219,21,0,0.00019,0.00019,0.51547,3.0
1548,l2Book,1784188708274,64218,64219,20,0,0,0,0.51547,3.0
1549,trades,1784188708356,64218,64219,22,0,0,0,0.59675,3.0
1550,l2Book,1784188708812,64218,64219,21,0,0,0,0.59321,3.0
1551,trades,1784188708961,64218,64219,10,0,0,0,0.39443,3.0
1552,trades,1784188709026,64218,64219,12,0.00416,0,0.00416,0.39464,3.0
1553,l2Book,1784188709363,64218,64219,12,0.00416,0,0.00416,0.39464,3.0
1554,trades,1784188709630,64218,64219,8,0.00416,0,0.00416,0.2776,3.0
1555,l2Book,1784188709895,64218,64219,6,0.00416,0,0.00416,0.27432,3.0
1556,l2Book,1784188710457,64218,64219,6,0.00416,0,0.00416,0.27432,3.0
1557,l2Book,1784188710993,64218,64219,6,0.00416,0,0.00416,0.27432,3.0
1558,trades,1784188711464,64218,64219,5,0.00433,0,0.00433,0.19304,3.0
1559,l2Book,1784188711530,64218,64219,5,0.00433,0,0.00433,0.19304,3.0
1560,trades,1784188711730,64218,64219,6,0.00433,0,0.00433,0.19353,3.0
1561,l2Book,1784188712065,64218,64219,3,0.00017,0,0.00017,0.01049,3.0
1562,l2Book,1784188712609,64218,64219,3,0.00017,0,0.00017,0.01049,3.0
1563,trades,1784188713010,64218,64219,3,0.00017,0,0.00017,0.01529,3.0
1564,l2Book,1784188713145,64218,64219,3,0.00017,0,0.00017,0.01529,3.0
1565,l2Book,1784188713680,64218,64219,3,0.00017,0,0.00017,0.01529,3.0
1566,trades,1784188714027,64218,64219,4,0.00017,0,0.00017,0.01565,3.0
1567,l2Book,1784188714229,64218,64219,4,0.00017,0,0.00017,0.01565,3.0
1568,l2Book,1784188714749,64218,64219,2,0,0,0,0.01516,3.0
1569,l2Book,1784188715289,64218,64219,2,0,0,0,0.01516,3.0
1570,trades,1784188715436,64218,64219,4,0,0,0,0.02703,3.0
1571,l2Book,1784188715838,64218,64219,4,0,0,0,0.02703,3.0
1572,l2Book,1784188716370,64218,64219,3,0,0,0,0.01223,3.0
1573,trades,1784188716523,64218,64219,4,0,0,0,0.05973,3.0
1574,trades,1784188716653,64218,64219,5,0,0,0,0.06019,3.0
1575,l2Book,1784188716924,64218,64219,5,0,0,0,0.06019,3.0
1576,trades,1784188717053,64218,64219,5,0,0,0,0.10127,3.0
1577,l2Book,1784188717458,64218,64219,5,0,0,0,0.10127,3.0
1578,trades,1784188717458,64218,64219,7,0,0,0,0.16414,3.0
1579,trades,1784188717861,64218,64219,8,0,0,0,0.16656,3.0
1580,l2Book,1784188717989,64218,64219,8,0,0,0,0.16656,3.0
1581,trades,1784188718066,64218,64219,9,0,0,0,0.19322,3.0
1582,trades,1784188718328,64218,64219,10,0,0,0,0.49737,3.0
1583,l2Book,1784188718526,64218,64219,8,0,0,0,0.4855,3.0
1584,l2Book,1784188719067,64218,64219,8,0,0,0,0.4855,3.0
1585,l2Book,1784188719603,64218,64219,7,0,0,0,0.438,3.0
1586,trades,1784188720005,64218,64219,10,0.04733,0,0.04733,0.84927,3.0
1587,l2Book,1784188720143,64218,64219,9,0.04733,0,0.04733,0.80783,3.0
1588,trades,1784188720143,64218,64219,11,0.04733,0,0.04733,0.81498,3.0
1589,l2Book,1784188720687,64218,64219,9,0.04733,0,0.04733,0.75211,3.0
1590,trades,1784188721022,64218,64219,9,0.04806,0,0.04806,0.74969,3.0
1591,l2Book,1784188721208,64218,64219,8,0.04806,0,0.04806,0.72303,3.0
1592,l2Book,1784188721759,64218,64219,7,0.04806,0,0.04806,0.41888,3.0
1593,trades,1784188722228,64218,64219,8,0.04806,0,0.04806,0.41912,3.0
1594,l2Book,1784188722296,64218,64219,8,0.04806,0,0.04806,0.41912,3.0
1595,trades,1784188722628,64218,64219,9,0.04806,0,0.04806,0.5253,3.0
1596,l2Book,1784188722830,64218,64219,9,0.04806,0,0.04806,0.5253,3.0
1597,trades,1784188723097,64218,64219,6,0.00073,0,0.00073,0.11376,3.0
1598,l2Book,1784188723352,64218,64219,4,0.00073,0,0.00073,0.10661,3.0
1599,l2Book,1784188723898,64218,64219,4,0.00073,0,0.00073,0.10661,3.0
1600,l2Book,1784188724428,64218,64219,3,0,0,0,0.10661,3.0
1601,l2Book,1784188724973,64218,64219,3,0,0,0,0.10661,3.0
1602,l2Book,1784188725506,64218,64219,2,0,0,0,0.10637,3.0
1603,trades,1784188725580,64218,64219,3,0,0,0,0.51811,3.0
1604,l2Book,1784188726058,64218,64219,2,0,0,0,0.41193,3.0
1605,l2Book,1784188726590,64218,64219,1,0,0,0,0.41174,3.0
1606,l2Book,1784188727131,64218,64219,1,0,0,0,0.41174,3.0
1607,l2Book,1784188727667,64218,64219,1,0,0,0,0.41174,3.0
1608,l2Book,1784188728203,64218,64219,1,0,0,0,0.41174,3.0
1609,trades,1784188728685,64218,64219,1,0,0,0,0.00356,3.0
1610,l2Book,1784188728751,64218,64219,1,0,0,0,0.00356,3.0
1611,trades,1784188728887,64218,64219,2,0,0,0,3.90998,3.0
1612,l2Book,1784188729290,64218,64219,2,0,0,0,3.90998,3.0
1613,trades,1784188729290,64218,64219,3,0,0,0,3.96998,3.0
1614,trades,1784188729357,64218,64219,4,0,0,0,3.99668,3.0
1615,l2Book,1784188729825,64218,64219,4,0,0,0,3.99668,3.0
1616,trades,1784188729959,64218,64219,5,0,0,0,4.10107,3.0
1617,l2Book,1784188730353,64218,64219,5,0,0,0,4.10107,3.0
1618,l2Book,1784188730899,64218,64219,5,0,0,0,4.10107,3.0
1619,trades,1784188731034,64218,64219,6,0,0,0,4.10125,3.0
1620,l2Book,1784188731412,64218,64219,6,0,0,0,4.10125,3.0
1621,l2Book,1784188731915,64218,64219,4,0,0,0,0.19127,3.0
1622,l2Book,1784188732456,64218,64219,2,0,0,0,0.10457,3.0
1623,l2Book,1784188732992,64218,64219,1,0,0,0,0.00018,3.0
1624,trades,1784188733124,64218,64219,2,0,0,0,0.00393,3.0
1625,l2Book,1784188733530,64218,64219,2,0,0,0,0.00393,3.0
1626,l2Book,1784188734068,64218,64219,1,0,0,0,0.00375,3.0
1627,l2Book,1784188734624,64218,64219,1,0,0,0,0.00375,3.0
1628,trades,1784188735027,64218,64219,2,0.00019,0,0.00019,0.00375,3.0
1629,l2Book,1784188735164,64218,64219,2,0.00019,0,0.00019,0.00375,3.0
1630,l2Book,1784188735781,64218,64219,2,0.00019,0,0.00019,0.00375,3.0
1631,trades,1784188735982,64218,64219,3,0.00019,0,0.00019,0.00399,3.0
1632,l2Book,1784188736384,64218,64219,2,0.00019,0,0.00019,0.00024,3.0
1633,trades,1784188736651,64218,64219,3,0.00019,0,0.00019,0.04637,3.0
1634,l2Book,1784188736987,64218,64219,3,0.00019,0,0.00019,0.04637,3.0
1635,l2Book,1784188737519,64218,64219,3,0.00019,0,0.00019,0.04637,3.0
1636,trades,1784188737796,64218,64219,4,0.00019,0,0.00019,0.04879,3.0
1637,l2Book,1784188738061,64218,64219,3,0,0,0,0.04879,3.0
1638,l2Book,1784188738600,64218,64219,3,0,0,0,0.04879,3.0
1639,trades,1784188738667,64218,64219,5,0,0,0,0.88404,3.0
1640,trades,1784188739002,64218,64219,6,0.00416,0,0.00416,0.88401,3.0
1641,l2Book,1784188739137,64218,64219,6,0.00416,0,0.00416,0.88401,3.0
1642,l2Book,1784188739674,64218,64219,5,0.00416,0,0.00416,0.83788,3.0
1643,l2Book,1784188740209,64218,64219,5,0.00416,0,0.00416,0.83788,3.0
1644,trades,1784188740436,64218,64219,6,0.00416,0,0.00416,0.95825,3.0
1645,l2Book,1784188740741,64218,64219,6,0.00416,0,0.00416,0.95825,3.0
1646,trades,1784188741141,64218,64219,6,0.00416,0,0.00416,0.96036,3.0
1647,l2Book,1784188741262,64218,64219,6,0.00416,0,0.00416,0.96036,3.0
1648,l2Book,1784188741814,64218,64219,4,0.00416,0,0.00416,0.12511,3.0
1649,l2Book,1784188742350,64218,64219,2,0,0,0,0.1249,3.0
1650,l2Book,1784188742882,64218,64219,2,0,0,0,0.1249,3.0
1651,l2Book,1784188743439,64218,64219,1,0,0,0,0.00453,3.0
1652,trades,1784188743569,64218,64219,2,0,0,0,0.15924,3.0
1653,l2Book,1784188743969,64218,64219,2,0,0,0,0.15924,3.0
1654,trades,1784188744039,64218,64219,3,0,0,0,0.15959,3.0
1655,l2Book,1784188744498,64218,64219,2,0,0,0,0.15506,3.0
1656,l2Book,1784188745044,64218,64219,2,0,0,0,0.15506,3.0
1657,trades,1784188745516,64218,64219,3,0,0,0,0.56678,3.0
1658,l2Book,1784188745611,64218,64219,3,0,0,0,0.56678,3.0
1659,l2Book,1784188746125,64218,64219,3,0,0,0,0.56678,3.0
1660,trades,1784188746585,64218,64219,3,0,0,0,0.42698,3.0
1661,l2Book,1784188746676,64218,64219,3,0,0,0,0.42698,3.0
1662,l2Book,1784188747228,64218,64219,2,0,0,0,0.42663,3.0
1663,trades,1784188747228,64218,64219,3,0,0,0,0.83835,3.0
1664,trades,1784188747278,64218,64219,4,0,0,0,0.84613,3.0
1665,trades,1784188747329,64218,64219,5,0,0,0,0.85391,3.0
1666,trades,1784188747430,64218,64219,14,0,0,0,2.19816,3.0
1667,l2Book,1784188747772,64224,64225,14,0,0,0,2.19816,3.0
1668,l2Book,1784188748309,64224,64225,14,0,0,0,2.19816,3.0
1669,trades,1784188748374,64224,64225,23,0,0,0,2.22686,3.0
1670,l2Book,1784188748846,64235,64236,22,0,0,0,1.81514,3.0
1671,l2Book,1784188749452,64235,64236,22,0,0,0,1.81514,3.0
1672,trades,1784188749516,64235,64236,24,0,0,0,1.82647,3.0
1673,l2Book,1784188749989,64235,64236,23,0,0,0,1.81156,3.0
1674,trades,1784188750052,64235,64236,26,0.04734,0,0.04734,1.81156,3.0
1675,trades,1784188750254,64235,64236,26,0.05067,0,0.05067,1.39984,3.0
1676,l2Book,1784188750519,64235,64236,15,0.05067,0,0.05067,0.04003,3.0
1677,l2Book,1784188751055,64235,64236,15,0.05067,0,0.05067,0.04003,3.0
1678,trades,1784188751055,64235,64236,16,0.05128,0,0.05128,0.04003,3.0
1679,l2Book,1784188751659,64235,64236,7,0.05128,0,0.05128,0.01133,3.0
1680,trades,1784188751725,64235,64236,8,0.05128,0,0.05128,0.0193,3.0
1681,l2Book,1784188752189,64235,64236,8,0.05128,0,0.05128,0.0193,3.0
1682,trades,1784188752264,64235,64236,9,0.05128,0,0.05128,0.02802,3.0
1683,trades,1784188752481,64235,64236,10,0.05128,0,0.05128,0.02889,3.0
1684,l2Book,1784188752745,64235,64236,8,0.05128,0,0.05128,0.01756,3.0
1685,l2Book,1784188753286,64235,64236,4,0.00061,0,0.00061,0.01756,3.0
1686,trades,1784188753552,64235,64236,5,0.00061,0,0.00061,0.02655,3.0
1687,l2Book,1784188753886,64234,64235,5,0,0,0,0.02716,3.0
1688,l2Book,1784188754408,64234,64235,4,0,0,0,0.02655,3.0
1689,trades,1784188754508,64234,64235,5,0,0,0,0.06346,3.0
1690,trades,1784188754704,64234,64235,6,0,0,0,0.11411,3.0
1691,l2Book,1784188754970,64234,64235,5,0,0,0,0.10614,3.0
1692,trades,1784188755307,64234,64235,5,0.03115,0,0.03115,0.09742,3.0
1693,l2Book,1784188755514,64234,64235,4,0.03115,0,0.03115,0.09655,3.0
1694,trades,1784188755514,64234,64235,5,0.03115,0,0.03115,0.12876,3.0
1695,l2Book,1784188756113,64234,64235,5,0.03115,0,0.03115,0.12876,3.0
1696,l2Book,1784188756636,64234,64235,4,0.03115,0,0.03115,0.11977,3.0
1697,l2Book,1784188757185,64234,64235,4,0.03115,0,0.03115,0.11977,3.0
1698,l2Book,1784188757732,64234,64235,2,0.03115,0,0.03115,0.03221,3.0
1699,l2Book,1784188758333,64234,64235,1,0,0,0,0.03221,3.0
1700,trades,1784188758735,64234,64235,1,0,0,0,0.00075,3.0
1701,l2Book,1784188758853,64234,64235,1,0,0,0,0.00075,3.0
1702,l2Book,1784188759409,64234,64235,1,0,0,0,0.00075,3.0
1703,l2Book,1784188759945,64234,64235,1,0,0,0,0.00075,3.0
1704,l2Book,1784188760545,64234,64235,1,0,0,0,0.00075,3.0
1705,trades,1784188761034,64234,64235,2,0,0,0,0.00093,3.0
1706,l2Book,1784188761159,64234,64235,2,0,0,0,0.00093,3.0
1707,l2Book,1784188761698,64234,64235,2,0,0,0,0.00093,3.0
1708,l2Book,1784188762250,64234,64235,1,0,0,0,0.00018,3.0
1709,l2Book,1784188762765,64234,64235,1,0,0,0,0.00018,3.0
1710,l2Book,1784188763319,64234,64235,1,0,0,0,0.00018,3.0
1711,l2Book,1784188763842,64234,64235,1,0,0,0,0.00018,3.0
1712,l2Book,1784188764414,64234,64235,0,0,0,0,0,3.0
1713,l2Book,1784188765009,64234,64235,0,0,0,0,0,3.0
1714,trades,1784188765009,64234,64235,1,0.00019,0,0.00019,0,3.0
1715,l2Book,1784188765547,64234,64235,1,0.00019,0,0.00019,0,3.0
1716,trades,1784188765887,64234,64235,3,0.03669,0,0.03669,0,3.0
1717,l2Book,1784188766088,64234,64235,3,0.03669,0,0.03669,0,3.0
1718,l2Book,1784188766644,64234,64235,3,0.03669,0,0.03669,0,3.0
1719,l2Book,1784188767250,64234,64235,3,0.03669,0,0.03669,0,3.0
1720,l2Book,1784188767795,64234,64235,3,0.03669,0,0.03669,0,3.0
1721,l2Book,1784188768331,64234,64235,2,0.0365,0,0.0365,0,3.0
1722,l2Book,1784188768869,64234,64235,2,0.0365,0,0.0365,0,3.0
1723,trades,1784188769072,64234,64235,2,0.00416,0,0.00416,0.00021,3.0
1724,l2Book,1784188769472,64234,64235,2,0.00416,0,0.00416,0.00021,3.0
1725,l2Book,1784188770143,64234,64235,2,0.00416,0,0.00416,0.00021,3.0
1726,l2Book,1784188770692,64234,64235,2,0.00416,0,0.00416,0.00021,3.0
1727,l2Book,1784188771295,64234,64235,2,0.00416,0,0.00416,0.00021,3.0
1728,l2Book,1784188771900,64234,64235,2,0.00416,0,0.00416,0.00021,3.0
1729,l2Book,1784188772422,64234,64235,0,0,0,0,0,3.0
1730,l2Book,1784188772973,64234,64235,0,0,0,0,0,3.0
1731,l2Book,1784188773509,64234,64235,0,0,0,0,0,3.0
1732,l2Book,1784188774032,64234,64235,0,0,0,0,0,3.0
1733,trades,1784188774032,64234,64235,1,0,0,0,0.00036,3.0
1734,l2Book,1784188774585,64234,64235,1,0,0,0,0.00036,3.0
1735,l2Book,1784188775119,64234,64235,1,0,0,0,0.00036,3.0
1736,l2Book,1784188775645,64234,64235,1,0,0,0,0.00036,3.0
1737,trades,1784188775930,64234,64235,3,0.03739,0,0.03739,0.00036,3.0
1738,trades,1784188775997,64234,64235,10,0.03739,0,0.03739,0.72017,3.0
1739,l2Book,1784188776197,64233,64234,10,0,0,0,0.75756,3.0
1740,trades,1784188776601,64233,64234,11,0,0,0,0.76726,3.0
1741,l2Book,1784188776735,64233,64234,11,0,0,0,0.76726,3.0
1742,l2Book,1784188777273,64233,64234,10,0,0,0,0.7669,3.0
1743,trades,1784188777273,64233,64234,11,0.00114,0,0.00114,0.7669,3.0
1744,l2Book,1784188777810,64233,64234,11,0.00114,0,0.00114,0.7669,3.0
1745,l2Book,1784188778346,64233,64234,11,0.00114,0,0.00114,0.7669,3.0
1746,l2Book,1784188778865,64233,64234,11,0.00114,0,0.00114,0.7669,3.0
1747,trades,1784188779267,64233,64234,3,0.00114,0,0.00114,0.01243,3.0
1748,trades,1784188779353,64233,64234,5,0.00114,0,0.00114,0.29289,3.0
1749,l2Book,1784188779468,64233,64234,5,0.00114,0,0.00114,0.29289,3.0
1750,l2Book,1784188780009,64229,64230,4,0,0,0,0.28433,3.0
1751,trades,1784188780009,64229,64230,13,0.0054,0,0.0054,0.32627,3.0
1752,trades,1784188780273,64229,64230,14,0.00557,0,0.00557,0.32627,3.0
1753,l2Book,1784188780563,64229,64230,13,0.00557,0,0.00557,0.32513,3.0
1754,trades,1784188781022,64229,64230,14,0.00627,0,0.00627,0.32513,3.0
1755,l2Book,1784188781078,64229,64230,14,0.00627,0,0.00627,0.32513,3.0
1756,trades,1784188781078,64229,64230,15,0.00627,0,0.00627,0.33126,3.0
1757,l2Book,1784188781633,64229,64230,15,0.00627,0,0.00627,0.33126,3.0
1758,l2Book,1784188782170,64229,64230,15,0.00627,0,0.00627,0.33126,3.0
1759,l2Book,1784188782713,64229,64230,12,0.00627,0,0.00627,0.04807,3.0
1760,l2Book,1784188783247,64229,64230,3,0.00087,0,0.00087,0.00613,3.0
1761,trades,1784188783445,64229,64230,5,0.39243,0,0.39243,0.00613,3.0
1762,l2Book,1784188783785,64229,64230,5,0.39243,0,0.39243,0.00613,3.0
1763,trades,1784188784123,64229,64230,4,0.44173,0,0.44173,0,3.0
1764,l2Book,1784188784326,64235,64236,4,0,0.44173,0.44173,0,3.0
1765,l2Book,1784188784865,64232,64233,4,0,0.44173,0.44173,0,3.0
1766,trades,1784188785062,64232,64233,7,0,0.69212,0.69212,0,3.0
1767,trades,1784188785197,64232,64233,8,0,0.69212,0.69212,0.01,3.0
1768,l2Book,1784188785476,64228,64229,8,0,0,0,0.70212,3.0
1769,trades,1784188785745,64228,64229,9,0.08582,0,0.08582,0.70212,3.0
1770,l2Book,1784188786013,64228,64229,9,0.08582,0,0.08582,0.70212,3.0
1771,l2Book,1784188786550,64228,64229,6,0.08582,0,0.08582,0.31039,3.0
1772,trades,1784188786952,64228,64229,7,0.08582,0,0.08582,0.31853,3.0
1773,l2Book,1784188787086,64228,64229,7,0.08582,0,0.08582,0.31853,3.0
1774,trades,1784188787222,64228,64229,7,0.13582,0,0.13582,0.26853,3.0
1775,l2Book,1784188787626,64228,64229,7,0.13582,0,0.13582,0.26853,3.0
1776,trades,1784188787626,64228,64229,9,0.14766,0,0.14766,0.27466,3.0
1777,l2Book,1784188788160,64228,64229,6,0.14766,0,0.14766,0.02427,3.0
1778,trades,1784188788439,64228,64229,6,0.14766,0,0.14766,0.48277,3.0
1779,l2Book,1784188788708,64228,64229,6,0.14766,0,0.14766,0.48277,3.0
1780,trades,1784188788774,64228,64229,6,0.06184,0,0.06184,0.48777,3.0
1781,l2Book,1784188789245,64228,64229,6,0.06184,0,0.06184,0.48777,3.0
1782,l2Book,1784188789781,64228,64229,6,0.06184,0,0.06184,0.48777,3.0
1783,l2Book,1784188790317,64228,64229,4,0.01184,0,0.01184,0.47963,3.0
1784,l2Book,1784188790921,64228,64229,2,0,0,0,0.4735,3.0
1785,trades,1784188790921,64228,64229,3,0.05,0,0.05,0.4735,3.0
1786,trades,1784188791121,64228,64229,4,0.05,0,0.05,0.47368,3.0
1787,l2Book,1784188791534,64228,64229,3,0.05,0,0.05,0.00518,3.0
1788,l2Book,1784188792132,64228,64229,2,0.05,0,0.05,0.00018,3.0
1789,l2Book,1784188792677,64228,64229,2,0.05,0,0.05,0.00018,3.0
1790,l2Book,1784188793228,64228,64229,2,0.05,0,0.05,0.00018,3.0
1791,trades,1784188793429,64228,64229,3,0.31666,0,0.31666,0.00018,3.0
1792,l2Book,1784188793755,64228,64229,3,0.31666,0,0.31666,0.00018,3.0
1793,l2Book,1784188794360,64228,64229,1,0.26666,0,0.26666,0,3.0
1794,l2Book,1784188794909,64228,64229,1,0.26666,0,0.26666,0,3.0
1795,trades,1784188795044,64228,64229,2,0.26685,0,0.26685,0,3.0
1796,l2Book,1784188795449,64228,64229,2,0.26685,0,0.26685,0,3.0
1797,l2Book,1784188795967,64228,64229,2,0.26685,0,0.26685,0,3.0
1798,l2Book,1784188796529,64228,64229,1,0.00019,0,0.00019,0,3.0
1799,l2Book,1784188797072,64227,64229,1,0,0,0,0.00019,3.0
1800,l2Book,1784188797575,64226,64227,1,0,0,0,0.00019,3.0
1801,l2Book,1784188798126,64222,64223,0,0,0,0,0,3.0
1802,trades,1784188798274,64222,64223,1,0,0,0,0.00017,3.0
1803,l2Book,1784188798633,64222,64223,1,0,0,0,0.00017,3.0
1804,trades,1784188799037,64222,64223,4,0.00415,0,0.00415,0.00038,3.0
1805,l2Book,1784188799184,64222,64223,4,0.00415,0,0.00415,0.00038,3.0
1806,l2Book,1784188799814,64222,64223,4,0.00415,0,0.00415,0.00038,3.0
1807,trades,1784188800220,64222,64223,5,0.02279,0,0.02279,0.00038,3.0
1808,trades,1784188800299,64222,64223,6,0.02279,0,0.02279,0.00138,3.0
1809,l2Book,1784188800431,64222,64223,6,0.02279,0,0.02279,0.00138,3.0
1810,trades,1784188800431,64222,64223,7,0.02279,0,0.02279,0.00238,3.0
1811,trades,1784188800665,64222,64223,8,0.02279,0,0.02279,0.01484,3.0
1812,l2Book,1784188801057,64220,64223,8,0,0,0,0.03763,3.0
1813,trades,1784188801057,64220,64223,11,0.00015,0,0.00015,0.03832,3.0
1814,l2Book,1784188801598,64219,64221,10,0,0,0,0.0383,3.0
1815,trades,1784188801598,64219,64221,11,0,0,0,0.12412,3.0
1816,trades,1784188801784,64219,64221,12,0.00525,0,0.00525,0.12412,3.0
1817,trades,1784188801937,64219,64221,13,0.00525,0,0.00525,0.12594,3.0
1818,l2Book,1784188802138,64218,64219,10,0,0,0,0.12683,3.0
1819,l2Book,1784188802670,64218,64219,10,0,0,0,0.12683,3.0
1820,trades,1784188802951,64218,64219,11,0,0,0,0.12769,3.0
1821,trades,1784188803080,64218,64219,12,0,0,0,0.12854,3.0
1822,l2Book,1784188803286,64218,64219,11,0,0,0,0.1099,3.0
1823,trades,1784188803489,64218,64219,10,0,0,0,0.1082,3.0
1824,trades,1784188803559,64218,64219,11,0,0,0,0.11117,3.0
1825,l2Book,1784188803818,64218,64219,10,0,0,0,0.09871,3.0
1826,trades,1784188803891,64218,64219,11,0.0107,0,0.0107,0.09871,3.0
1827,trades,1784188804022,64218,64219,13,0.01155,0,0.01155,0.09906,3.0
1828,l2Book,1784188804376,64218,64219,10,0.01155,0,0.01155,0.09822,3.0
1829,trades,1784188804376,64218,64219,11,0.02327,0,0.02327,0.09822,3.0
1830,l2Book,1784188804908,64218,64219,9,0.02327,0,0.02327,0.00715,3.0
1831,l2Book,1784188805438,64218,64219,8,0.02327,0,0.02327,0.00533,3.0
1832,l2Book,1784188805976,64218,64219,7,0.02327,0,0.02327,0.00447,3.0
1833,trades,1784188806317,64218,64219,9,0.15605,0,0.15605,0.0174,3.0
1834,l2Book,1784188806513,64218,64219,8,0.15605,0,0.15605,0.0171,3.0
1835,trades,1784188806706,64218,64219,8,0.15705,0,0.15705,0.01413,3.0
1836,trades,1784188806785,64218,64219,9,0.15705,0,0.15705,0.01539,3.0
1837,trades,1784188806985,64218,64219,9,0.14789,0,0.14789,0.01539,3.0
1838,l2Book,1784188807118,64218,64219,7,0.14704,0,0.14704,0.01504,3.0
1839,trades,1784188807118,64218,64219,8,0.14721,0,0.14721,0.01504,3.0
1840,trades,1784188807389,64218,64219,8,0.1358,0,0.1358,0.01504,3.0
1841,trades,1784188807523,64218,64219,18,0.1777,0.08631,0.26401,0.01504,3.0
1842,l2Book,1784188807649,64211,64212,18,0,0,0,0.27905,3.0
1843,trades,1784188807722,64211,64212,19,0.00779,0,0.00779,0.27905,3.0
1844,trades,1784188807940,64211,64212,23,0.00779,0.0006,0.00839,0.27905,3.0
1845,trades,1784188808395,64206,64207,25,0.03158,0,0.03158,0.287,3.0
1846,l2Book,1784188808757,64206,64208,25,0.03158,0,0.03158,0.287,3.0
1847,trades,1784188808757,64206,64208,27,0.03158,0,0.03158,0.32949,3.0
1848,trades,1784188808891,64206,64208,29,0.03158,0,0.03158,0.32966,3.0
1849,trades,1784188809027,64206,64208,30,0.03158,0,0.03158,0.33059,3.0
1850,l2Book,1784188809291,64216,64217,30,0.00236,0.12425,0.12661,0.23556,3.0
1851,trades,1784188809291,64216,64217,31,0.00236,0.12425,0.12661,0.23572,3.0
1852,l2Book,1784188809826,64216,64217,26,0.00236,0.12425,0.12661,0.0869,3.0
1853,trades,1784188810026,64216,64217,28,0.04969,0.12425,0.17394,0.08536,3.0
1854,trades,1784188810092,64216,64217,29,0.04969,0.12425,0.17394,0.0894,3.0
1855,l2Book,1784188810373,64216,64217,28,0.04969,0.12425,0.17394,0.08923,3.0
1856,l2Book,1784188810962,64216,64217,12,0.04733,0.03207,0.0794,0.04686,3.0
1857,trades,1784188811029,64216,64217,13,0.04803,0.03207,0.0801,0.04686,3.0
1858,l2Book,1784188811592,64216,64217,11,0.04803,0.00093,0.04896,0.04686,3.0
1859,trades,1784188811476,64216,64217,12,0.06123,0.00093,0.06216,0.04686,3.0
1860,trades,1784188811699,64216,64217,14,0.49954,0.00093,0.50047,0.04686,3.0
1861,l2Book,1784188811978,64216,64217,10,0.49954,0.00093,0.50047,0.0042,3.0
1862,trades,1784188812051,64216,64217,10,0.49954,0,0.49954,0.00437,3.0
1863,trades,1784188812187,64216,64217,13,1.18954,0,1.18954,0.00437,3.0
1864,l2Book,1784188812508,64215,64216,12,0,0,0,1.19375,3.0
1865,trades,1784188812855,64215,64216,15,0,0.00892,0.00892,1.19375,3.0
