row_id,sample_id,observed_regime,decision_id,action,block_reason,signal_status,signal_score,signal_abs_z,side,fair_mid_px,quote_px,edge_ticks,required_edge_ticks,quote_type,time_in_force,post_only,future_mid_move_ticks,signed_markout_ticks,adjusted_counterfactual_edge_ticks,source_age_bucket,basis_bucket,warning_bucket,order_endpoint_called,private_endpoint_called,credential_read
2,xemm_0627_t001_hlfast_utc16_a,high_activity_liquidity,xemm_0627_t001_hlfast_utc16_a:2,would_submit,,pass,-1.04427073,1.04427073,sell,60095.08229171,60096,9.17708292,1.5,touch,Alo,True,-5,5,3.5,binance_source_age_low,basis_mid,False,False,False,False
44,xemm_0627_t001_hlfast_utc16_a,high_activity_liquidity,xemm_0627_t001_hlfast_utc16_a:44,would_submit,,pass,1.0405721,1.0405721,buy,60067.91622884,60067,9.1622884,1.5,touch,Alo,True,50,50,48.5,binance_source_age_high,basis_high,False,False,False,False
47,xemm_0627_t001_hlfast_utc16_a,high_activity_liquidity,xemm_0627_t001_hlfast_utc16_a:47,would_submit,,pass,-1.10387114,1.10387114,sell,60079.55845154,60082,24.41548456,1.5,touch,Alo,True,15,-15,-16.5,binance_source_age_low,basis_high,False,False,False,False
59,xemm_0627_t001_hlfast_utc16_a,high_activity_liquidity,xemm_0627_t001_hlfast_utc16_a:59,would_submit,,pass,-1.09361604,1.09361604,sell,60087.06255358,60088,9.37446416,1.5,touch,Alo,True,-70,70,68.5,binance_source_age_mid,basis_low,False,False,False,False
73,xemm_0627_t001_hlfast_utc16_a,high_activity_liquidity,xemm_0627_t001_hlfast_utc16_a:73,would_submit,,pass,1.0988576,1.0988576,buy,60074.93954304,60074,9.3954304,1.5,touch,Alo,True,50,50,48.5,binance_source_age_high,basis_high,False,False,False,False
90,xemm_0627_t001_hlfast_utc16_a,high_activity_liquidity,xemm_0627_t001_hlfast_utc16_a:90,would_submit,,pass,-1.05126246,1.05126246,sell,60092.07949502,60093,9.20504984,1.5,touch,Alo,True,0,-0,-1.5,binance_source_age_high,basis_high,False,False,False,False
91,xemm_0627_t001_hlfast_utc16_a,high_activity_liquidity,xemm_0627_t001_hlfast_utc16_a:91,would_submit,,pass,-4.46126285,4.46126285,sell,60090.71549486,60093,22.8450514,1.5,touch,Alo,True,0,-0,-1.5,binance_source_age_low,basis_mid,False,False,False,False
95,xemm_0627_t001_hlfast_utc16_a,high_activity_liquidity,xemm_0627_t001_hlfast_utc16_a:95,would_submit,,pass,-4.14644255,4.14644255,sell,60090.84142298,60093,21.5857702,1.5,touch,Alo,True,-110,110,108.5,binance_source_age_mid,basis_low,False,False,False,False
113,xemm_0627_t001_hlfast_utc16_a,high_activity_liquidity,xemm_0627_t001_hlfast_utc16_a:113,would_submit,,pass,-1.00725401,1.00725401,sell,60076.0970984,60077,9.02901604,1.5,touch,Alo,True,-50,50,48.5,binance_source_age_low,basis_low,False,False,False,False
118,xemm_0627_t001_hlfast_utc16_a,high_activity_liquidity,xemm_0627_t001_hlfast_utc16_a:118,would_submit,,pass,-1.12031276,1.12031276,sell,60064.0518749,60065,9.48125104,1.5,touch,Alo,True,-40,40,38.5,binance_source_age_high,basis_high,False,False,False,False
119,xemm_0627_t001_hlfast_utc16_a,high_activity_liquidity,xemm_0627_t001_hlfast_utc16_a:119,would_submit,,pass,-1.03640086,1.03640086,sell,60060.08543966,60061,9.14560344,1.5,touch,Alo,True,0,-0,-1.5,binance_source_age_mid,basis_high,False,False,False,False
120,xemm_0627_t001_hlfast_utc16_a,high_activity_liquidity,xemm_0627_t001_hlfast_utc16_a:120,would_submit,,pass,-3.14944891,3.14944891,sell,60059.24022044,60061,17.59779564,1.5,touch,Alo,True,0,-0,-1.5,binance_source_age_high,basis_mid,False,False,False,False
121,xemm_0627_t001_hlfast_utc16_a,high_activity_liquidity,xemm_0627_t001_hlfast_utc16_a:121,would_submit,,pass,-1.07100333,1.07100333,sell,60060.07159867,60061,9.28401332,1.5,touch,Alo,True,-110,110,108.5,binance_source_age_low,basis_low,False,False,False,False
122,xemm_0627_t001_hlfast_utc16_a,high_activity_liquidity,xemm_0627_t001_hlfast_utc16_a:122,would_submit,,pass,-1.06839308,1.06839308,sell,60060.07264277,60061,9.27357232,1.5,touch,Alo,True,-110,110,108.5,binance_source_age_low,basis_low,False,False,False,False
123,xemm_0627_t001_hlfast_utc16_a,high_activity_liquidity,xemm_0627_t001_hlfast_utc16_a:123,would_submit,,pass,-1.05862291,1.05862291,sell,60049.07655084,60050,9.23449164,1.5,touch,Alo,True,0,-0,-1.5,binance_source_age_low,basis_high,False,False,False,False
125,xemm_0627_t001_hlfast_utc16_a,high_activity_liquidity,xemm_0627_t001_hlfast_utc16_a:125,would_submit,,pass,-1.1125642,1.1125642,sell,60049.05497432,60050,9.4502568,1.5,touch,Alo,True,-10,10,8.5,binance_source_age_low,basis_mid,False,False,False,False
159,xemm_0627_t001_hlfast_utc16_a,high_activity_liquidity,xemm_0627_t001_hlfast_utc16_a:159,would_submit,,pass,-1.0470473,1.0470473,sell,60062.08118108,60063,9.1881892,1.5,touch,Alo,True,0,-0,-1.5,binance_source_age_low,basis_high,False,False,False,False
160,xemm_0627_t001_hlfast_utc16_a,high_activity_liquidity,xemm_0627_t001_hlfast_utc16_a:160,would_submit,,pass,1.55963102,1.55963102,buy,60063.12385241,60062,11.23852408,1.5,touch,Alo,True,0,0,-1.5,binance_source_age_low,basis_high,False,False,False,False
164,xemm_0627_t001_hlfast_utc16_a,high_activity_liquidity,xemm_0627_t001_hlfast_utc16_a:164,would_submit,,pass,1.08195598,1.08195598,buy,60064.93278239,60064,9.32782392,1.5,touch,Alo,True,40,40,38.5,binance_source_age_low,basis_high,False,False,False,False
172,xemm_0627_t001_hlfast_utc16_a,high_activity_liquidity,xemm_0627_t001_hlfast_utc16_a:172,would_submit,,pass,-1.08296866,1.08296866,sell,60077.06681254,60078,9.33187464,1.5,touch,Alo,True,0,-0,-1.5,binance_source_age_low,basis_high,False,False,False,False
173,xemm_0627_t001_hlfast_utc16_a,high_activity_liquidity,xemm_0627_t001_hlfast_utc16_a:173,would_submit,,pass,-1.0912765,1.0912765,sell,60077.0634894,60078,9.365106,1.5,touch,Alo,True,0,-0,-1.5,binance_source_age_high,basis_high,False,False,False,False
208,xemm_0627_t001_hlfast_utc16_a,high_activity_liquidity,xemm_0627_t001_hlfast_utc16_a:208,would_submit,,pass,1.07456405,1.07456405,buy,60062.92982562,60062,9.2982562,1.5,touch,Alo,True,60,60,58.5,binance_source_age_high,basis_high,False,False,False,False
209,xemm_0627_t001_hlfast_utc16_a,high_activity_liquidity,xemm_0627_t001_hlfast_utc16_a:209,would_submit,,pass,1.06952566,1.06952566,buy,60064.42781026,60062,24.27810264,1.5,touch,Alo,True,55,55,53.5,binance_source_age_low,basis_high,False,False,False,False
216,xemm_0627_t001_hlfast_utc16_a,high_activity_liquidity,xemm_0627_t001_hlfast_utc16_a:216,would_submit,,pass,1.1566089,1.1566089,buy,60080.96264356,60080,9.6264356,1.5,touch,Alo,True,70,70,68.5,binance_source_age_high,basis_high,False,False,False,False
223,xemm_0627_t001_hlfast_utc16_a,high_activity_liquidity,xemm_0627_t001_hlfast_utc16_a:223,would_submit,,pass,-1.13896974,1.13896974,sell,60086.0444121,60087,9.55587896,1.5,touch,Alo,True,-110,110,108.5,binance_source_age_low,basis_low,False,False,False,False
224,xemm_0627_t001_hlfast_utc16_a,high_activity_liquidity,xemm_0627_t001_hlfast_utc16_a:224,would_submit,,pass,6.77302706,6.77302706,buy,60084.20921082,60081,32.09210824,1.5,touch,Alo,True,-60,-60,-61.5,binance_source_age_low,basis_low,False,False,False,False
227,xemm_0627_t001_hlfast_utc16_a,high_activity_liquidity,xemm_0627_t001_hlfast_utc16_a:227,would_submit,,pass,-4.29810156,4.29810156,sell,60073.78075938,60076,22.19240624,1.5,touch,Alo,True,-40,40,38.5,binance_source_age_low,basis_low,False,False,False,False
248,xemm_0627_t001_hlfast_utc16_a,high_activity_liquidity,xemm_0627_t001_hlfast_utc16_a:248,would_submit,,pass,1.00357109,1.00357109,buy,60053.40142844,60052,14.01428436,1.5,touch,Alo,True,165,165,163.5,binance_source_age_high,basis_high,False,False,False,False
249,xemm_0627_t001_hlfast_utc16_a,high_activity_liquidity,xemm_0627_t001_hlfast_utc16_a:249,would_submit,,pass,1.003872,1.003872,buy,60061.4015488,60060,14.015488,1.5,touch,Alo,True,85,85,83.5,binance_source_age_high,basis_high,False,False,False,False
288,xemm_0627_t001_hlfast_utc16_a,high_activity_liquidity,xemm_0627_t001_hlfast_utc16_a:288,would_submit,,pass,-1.10066478,1.10066478,sell,60139.05973409,60140,9.40265912,1.5,touch,Alo,True,-10,10,8.5,binance_source_age_mid,basis_mid,False,False,False,False
304,xemm_0627_t001_hlfast_utc16_a,high_activity_liquidity,xemm_0627_t001_hlfast_utc16_a:304,would_submit,,pass,3.4532835,3.4532835,buy,60138.8813134,60137,18.813134,1.5,touch,Alo,True,-10,-10,-11.5,binance_source_age_low,basis_high,False,False,False,False
306,xemm_0627_t001_hlfast_utc16_a,high_activity_liquidity,xemm_0627_t001_hlfast_utc16_a:306,would_submit,,pass,1.08388498,1.08388498,buy,60136.93355399,60136,9.33553992,1.5,touch,Alo,True,0,0,-1.5,binance_source_age_low,basis_high,False,False,False,False
308,xemm_0627_t001_hlfast_utc16_a,high_activity_liquidity,xemm_0627_t001_hlfast_utc16_a:308,would_submit,,pass,-1.02811728,1.02811728,sell,60136.08875309,60137,9.11246912,1.5,touch,Alo,True,20,-20,-21.5,binance_source_age_mid,basis_high,False,False,False,False
310,xemm_0627_t001_hlfast_utc16_a,high_activity_liquidity,xemm_0627_t001_hlfast_utc16_a:310,would_submit,,pass,-3.66094817,3.66094817,sell,60137.03562073,60139,19.64379268,1.5,touch,Alo,True,30,-30,-31.5,binance_source_age_low,basis_high,False,False,False,False
317,xemm_0627_t001_hlfast_utc16_a,high_activity_liquidity,xemm_0627_t001_hlfast_utc16_a:317,would_submit,,pass,-1.07779907,1.07779907,sell,60140.06888037,60141,9.31119628,1.5,touch,Alo,True,0,-0,-1.5,binance_source_age_high,basis_high,False,False,False,False
328,xemm_0627_t001_hlfast_utc16_a,high_activity_liquidity,xemm_0627_t001_hlfast_utc16_a:328,would_submit,,pass,2.52030907,2.52030907,buy,60139.50812363,60138,15.08123628,1.5,touch,Alo,True,0,0,-1.5,binance_source_age_mid,basis_high,False,False,False,False
330,xemm_0627_t001_hlfast_utc16_a,high_activity_liquidity,xemm_0627_t001_hlfast_utc16_a:330,would_submit,,pass,-1.28971764,1.28971764,sell,60137.98411294,60139,10.15887056,1.5,touch,Alo,True,-40,40,38.5,binance_source_age_high,basis_low,False,False,False,False
337,xemm_0627_t001_hlfast_utc16_a,high_activity_liquidity,xemm_0627_t001_hlfast_utc16_a:337,would_submit,,pass,-1.13502265,1.13502265,sell,60134.04599094,60135,9.5400906,1.5,touch,Alo,True,0,-0,-1.5,binance_source_age_mid,basis_high,False,False,False,False
372,xemm_0627_t001_hlfast_utc16_a,high_activity_liquidity,xemm_0627_t001_hlfast_utc16_a:372,would_submit,,pass,-2.39057807,2.39057807,sell,60127.54376877,60129,14.56231228,1.5,touch,Alo,True,-15,15,13.5,binance_source_age_high,basis_low,False,False,False,False
378,xemm_0627_t001_hlfast_utc16_a,high_activity_liquidity,xemm_0627_t001_hlfast_utc16_a:378,would_submit,,pass,4.85778424,4.85778424,buy,60118.4431137,60116,24.43113696,1.5,touch,Alo,True,0,0,-1.5,binance_source_age_low,basis_high,False,False,False,False
388,xemm_0627_t001_hlfast_utc16_a,high_activity_liquidity,xemm_0627_t001_hlfast_utc16_a:388,would_submit,,pass,-1.08019474,1.08019474,sell,60120.0679221,60121,9.32077896,1.5,touch,Alo,True,0,-0,-1.5,binance_source_age_high,basis_high,False,False,False,False
389,xemm_0627_t001_hlfast_utc16_a,high_activity_liquidity,xemm_0627_t001_hlfast_utc16_a:389,would_submit,,pass,-3.53771347,3.53771347,sell,60119.08491461,60121,19.15085388,1.5,touch,Alo,True,0,-0,-1.5,binance_source_age_mid,basis_high,False,False,False,False
395,xemm_0627_t001_hlfast_utc16_a,high_activity_liquidity,xemm_0627_t001_hlfast_utc16_a:395,would_submit,,pass,-1.13979374,1.13979374,sell,60117.0440825,60118,9.55917496,1.5,touch,Alo,True,-40,40,38.5,binance_source_age_high,basis_low,False,False,False,False
415,xemm_0627_t001_hlfast_utc16_a,high_activity_liquidity,xemm_0627_t001_hlfast_utc16_a:415,would_submit,,pass,-5.4555582,5.4555582,sell,60096.31777672,60099,26.8222328,1.5,touch,Alo,True,-20,20,18.5,binance_source_age_low,basis_low,False,False,False,False
428,xemm_0627_t001_hlfast_utc16_a,high_activity_liquidity,xemm_0627_t001_hlfast_utc16_a:428,would_submit,,pass,2.26733398,2.26733398,buy,60078.40693359,60077,14.06933592,1.5,touch,Alo,True,0,0,-1.5,binance_source_age_low,basis_high,False,False,False,False
440,xemm_0627_t001_hlfast_utc16_a,high_activity_liquidity,xemm_0627_t001_hlfast_utc16_a:440,would_submit,,pass,3.97787269,3.97787269,buy,60086.09114908,60084,20.91149076,1.5,touch,Alo,True,0,0,-1.5,binance_source_age_high,basis_high,False,False,False,False
442,xemm_0627_t001_hlfast_utc16_a,high_activity_liquidity,xemm_0627_t001_hlfast_utc16_a:442,would_submit,,pass,-4.34599242,4.34599242,sell,60082.76160303,60085,22.38396968,1.5,touch,Alo,True,60,-60,-61.5,binance_source_age_high,basis_high,False,False,False,False
452,xemm_0627_t001_hlfast_utc16_a,high_activity_liquidity,xemm_0627_t001_hlfast_utc16_a:452,would_submit,,pass,1.08840794,1.08840794,buy,60108.93536318,60108,9.35363176,1.5,touch,Alo,True,10,10,8.5,binance_source_age_low,basis_high,False,False,False,False
458,xemm_0627_t001_hlfast_utc16_a,high_activity_liquidity,xemm_0627_t001_hlfast_utc16_a:458,would_submit,,pass,-1.01655635,1.01655635,sell,60112.09337746,60113,9.0662254,1.5,touch,Alo,True,70,-70,-71.5,binance_source_age_mid,basis_high,False,False,False,False
459,xemm_0627_t001_hlfast_utc16_a,high_activity_liquidity,xemm_0627_t001_hlfast_utc16_a:459,would_submit,,pass,-1.04546687,1.04546687,sell,60115.08181325,60116,9.18186748,1.5,touch,Alo,True,40,-40,-41.5,binance_source_age_low,basis_high,False,False,False,False
460,xemm_0627_t001_hlfast_utc16_a,high_activity_liquidity,xemm_0627_t001_hlfast_utc16_a:460,would_submit,,pass,-1.12300142,1.12300142,sell,60119.05079943,60120,9.49200568,1.5,touch,Alo,True,0,-0,-1.5,binance_source_age_low,basis_high,False,False,False,False
465,xemm_0627_t001_hlfast_utc16_a,high_activity_liquidity,xemm_0627_t001_hlfast_utc16_a:465,would_submit,,pass,-1.03244027,1.03244027,sell,60115.08702389,60116,9.12976108,1.5,touch,Alo,True,-10,10,8.5,binance_source_age_low,basis_mid,False,False,False,False
472,xemm_0627_t001_hlfast_utc16_a,high_activity_liquidity,xemm_0627_t001_hlfast_utc16_a:472,would_submit,,pass,-1.11058611,1.11058611,sell,60100.05576556,60101,9.44234444,1.5,touch,Alo,True,-50,50,48.5,binance_source_age_high,basis_mid,False,False,False,False
473,xemm_0627_t001_hlfast_utc16_a,high_activity_liquidity,xemm_0627_t001_hlfast_utc16_a:473,would_submit,,pass,-1.05142768,1.05142768,sell,60095.07942893,60096,9.20571072,1.5,touch,Alo,True,0,-0,-1.5,binance_source_age_mid,basis_high,False,False,False,False
474,xemm_0627_t001_hlfast_utc16_a,high_activity_liquidity,xemm_0627_t001_hlfast_utc16_a:474,would_submit,,pass,-1.05147326,1.05147326,sell,60095.0794107,60096,9.20589304,1.5,touch,Alo,True,0,-0,-1.5,binance_source_age_high,basis_high,False,False,False,False
475,xemm_0627_t001_hlfast_utc16_a,high_activity_liquidity,xemm_0627_t001_hlfast_utc16_a:475,would_submit,,pass,-1.05198477,1.05198477,sell,60095.07920609,60096,9.20793908,1.5,touch,Alo,True,0,-0,-1.5,binance_source_age_low,basis_high,False,False,False,False
478,xemm_0627_t001_hlfast_utc16_a,high_activity_liquidity,xemm_0627_t001_hlfast_utc16_a:478,would_submit,,pass,-1.03692705,1.03692705,sell,60095.08522918,60096,9.1477082,1.5,touch,Alo,True,0,-0,-1.5,binance_source_age_low,basis_high,False,False,False,False
481,xemm_0627_t001_hlfast_utc16_a,high_activity_liquidity,xemm_0627_t001_hlfast_utc16_a:481,would_submit,,pass,-1.12382763,1.12382763,sell,60095.05046895,60096,9.49531052,1.5,touch,Alo,True,0,-0,-1.5,binance_source_age_high,basis_mid,False,False,False,False
485,xemm_0627_t001_hlfast_utc16_a,high_activity_liquidity,xemm_0627_t001_hlfast_utc16_a:485,would_submit,,pass,-1.10370603,1.10370603,sell,60095.05851759,60096,9.41482412,1.5,touch,Alo,True,0,-0,-1.5,binance_source_age_low,basis_mid,False,False,False,False
489,xemm_0627_t001_hlfast_utc16_a,high_activity_liquidity,xemm_0627_t001_hlfast_utc16_a:489,would_submit,,pass,-1.15307612,1.15307612,sell,60089.03876955,60090,9.61230448,1.5,touch,Alo,True,0,-0,-1.5,binance_source_age_mid,basis_high,False,False,False,False
518,xemm_0627_t001_hlfast_utc16_a,high_activity_liquidity,xemm_0627_t001_hlfast_utc16_a:518,would_submit,,pass,3.59470687,3.59470687,buy,60095.93788275,60094,19.37882748,1.5,touch,Alo,True,0,0,-1.5,binance_source_age_high,basis_high,False,False,False,False
526,xemm_0627_t001_hlfast_utc16_a,high_activity_liquidity,xemm_0627_t001_hlfast_utc16_a:526,would_submit,,pass,-3.03669341,3.03669341,sell,60105.28532264,60107,17.14677364,1.5,touch,Alo,True,0,-0,-1.5,binance_source_age_mid,basis_high,False,False,False,False
531,xemm_0627_t001_hlfast_utc16_a,high_activity_liquidity,xemm_0627_t001_hlfast_utc16_a:531,would_submit,,pass,-1.01316181,1.01316181,sell,60096.09473528,60097,9.05264724,1.5,touch,Alo,True,0,-0,-1.5,binance_source_age_high,basis_high,False,False,False,False
543,xemm_0627_t001_hlfast_utc16_a,high_activity_liquidity,xemm_0627_t001_hlfast_utc16_a:543,would_submit,,pass,11.30736679,11.30736679,buy,60094.02294672,60089,50.22946716,1.5,touch,Alo,True,0,0,-1.5,binance_source_age_low,basis_high,False,False,False,False
544,xemm_0627_t001_hlfast_utc16_a,high_activity_liquidity,xemm_0627_t001_hlfast_utc16_a:544,would_submit,,pass,-2.06922236,2.06922236,sell,60088.67231106,60090,13.27688944,1.5,touch,Alo,True,0,-0,-1.5,binance_source_age_mid,basis_high,False,False,False,False
577,xemm_0627_t001_hlfast_utc16_a,high_activity_liquidity,xemm_0627_t001_hlfast_utc16_a:577,would_submit,,pass,1.35678882,1.35678882,buy,60062.04271553,60061,10.42715528,1.5,touch,Alo,True,40,40,38.5,binance_source_age_low,basis_high,False,False,False,False
578,xemm_0627_t001_hlfast_utc16_a,high_activity_liquidity,xemm_0627_t001_hlfast_utc16_a:578,would_submit,,pass,-1.09344786,1.09344786,sell,60061.06262086,60062,9.37379144,1.5,touch,Alo,True,0,-0,-1.5,binance_source_age_mid,basis_high,False,False,False,False
609,xemm_0627_t001_hlfast_utc16_a,high_activity_liquidity,xemm_0627_t001_hlfast_utc16_a:609,would_submit,,pass,-1.08956391,1.08956391,sell,60060.06417444,60061,9.35825564,1.5,touch,Alo,True,0,-0,-1.5,binance_source_age_high,basis_high,False,False,False,False
652,xemm_0627_t001_hlfast_utc16_a,high_activity_liquidity,xemm_0627_t001_hlfast_utc16_a:652,would_submit,,pass,-1.08796199,1.08796199,sell,60034.0648152,60035,9.35184796,1.5,touch,Alo,True,0,-0,-1.5,binance_source_age_mid,basis_high,False,False,False,False
654,xemm_0627_t001_hlfast_utc16_a,high_activity_liquidity,xemm_0627_t001_hlfast_utc16_a:654,would_submit,,pass,-1.07786184,1.07786184,sell,60034.06885526,60035,9.31144736,1.5,touch,Alo,True,0,-0,-1.5,binance_source_age_low,basis_high,False,False,False,False
655,xemm_0627_t001_hlfast_utc16_a,high_activity_liquidity,xemm_0627_t001_hlfast_utc16_a:655,would_submit,,pass,-1.08693635,1.08693635,sell,60034.06522546,60035,9.3477454,1.5,touch,Alo,True,0,-0,-1.5,binance_source_age_high,basis_high,False,False,False,False
659,xemm_0627_t001_hlfast_utc16_a,high_activity_liquidity,xemm_0627_t001_hlfast_utc16_a:659,would_submit,,pass,-3.44083462,3.44083462,sell,60033.12366615,60035,18.76333848,1.5,touch,Alo,True,20,-20,-21.5,binance_source_age_high,basis_high,False,False,False,False
661,xemm_0627_t001_hlfast_utc16_a,high_activity_liquidity,xemm_0627_t001_hlfast_utc16_a:661,would_submit,,pass,-1.10997815,1.10997815,sell,60036.05600874,60037,9.4399126,1.5,touch,Alo,True,0,-0,-1.5,binance_source_age_mid,basis_high,False,False,False,False
663,xemm_0627_t001_hlfast_utc16_a,high_activity_liquidity,xemm_0627_t001_hlfast_utc16_a:663,would_submit,,pass,-1.02948391,1.02948391,sell,60036.08820644,60037,9.11793564,1.5,touch,Alo,True,0,-0,-1.5,binance_source_age_mid,basis_mid,False,False,False,False
687,xemm_0627_t001_hlfast_utc16_a,high_activity_liquidity,xemm_0627_t001_hlfast_utc16_a:687,would_submit,,pass,3.5044573,3.5044573,buy,60014.90178292,60013,19.0178292,1.5,touch,Alo,True,10,10,8.5,binance_source_age_low,basis_high,False,False,False,False
700,xemm_0627_t001_hlfast_utc16_a,high_activity_liquidity,xemm_0627_t001_hlfast_utc16_a:700,would_submit,,pass,-1.07289181,1.07289181,sell,60019.07084328,60020,9.29156724,1.5,touch,Alo,True,0,-0,-1.5,binance_source_age_low,basis_high,False,False,False,False
701,xemm_0627_t001_hlfast_utc16_a,high_activity_liquidity,xemm_0627_t001_hlfast_utc16_a:701,would_submit,,pass,-1.08456973,1.08456973,sell,60019.06617211,60020,9.33827892,1.5,touch,Alo,True,0,-0,-1.5,binance_source_age_mid,basis_high,False,False,False,False
702,xemm_0627_t001_hlfast_utc16_a,high_activity_liquidity,xemm_0627_t001_hlfast_utc16_a:702,would_submit,,pass,-1.12258264,1.12258264,sell,60019.05096694,60020,9.49033056,1.5,touch,Alo,True,-75,75,73.5,binance_source_age_high,basis_high,False,False,False,False
724,xemm_0627_t001_hlfast_utc16_a,high_activity_liquidity,xemm_0627_t001_hlfast_utc16_a:724,would_submit,,pass,-1.01593643,1.01593643,sell,60016.09362543,60017,9.06374572,1.5,touch,Alo,True,0,-0,-1.5,binance_source_age_high,basis_high,False,False,False,False
725,xemm_0627_t001_hlfast_utc16_a,high_activity_liquidity,xemm_0627_t001_hlfast_utc16_a:725,would_submit,,pass,-1.01204113,1.01204113,sell,60016.09518355,60017,9.04816452,1.5,touch,Alo,True,-40,40,38.5,binance_source_age_mid,basis_high,False,False,False,False
734,xemm_0627_t001_hlfast_utc16_a,high_activity_liquidity,xemm_0627_t001_hlfast_utc16_a:734,would_submit,,pass,-1.01192563,1.01192563,sell,59995.09522975,59996,9.04770252,1.5,touch,Alo,True,-5,5,3.5,binance_source_age_high,basis_high,False,False,False,False
743,xemm_0627_t001_hlfast_utc16_a,high_activity_liquidity,xemm_0627_t001_hlfast_utc16_a:743,would_submit,,pass,1.00724251,1.00724251,buy,60014.902897,60014,9.02897004,1.5,touch,Alo,True,0,0,-1.5,binance_source_age_low,basis_high,False,False,False,False
748,xemm_0627_t001_hlfast_utc16_a,high_activity_liquidity,xemm_0627_t001_hlfast_utc16_a:748,would_submit,,pass,-1.00821992,1.00821992,sell,60020.09671203,60021,9.03287968,1.5,touch,Alo,True,0,-0,-1.5,binance_source_age_high,basis_high,False,False,False,False
750,xemm_0627_t001_hlfast_utc16_a,high_activity_liquidity,xemm_0627_t001_hlfast_utc16_a:750,would_submit,,pass,-1.0130528,1.0130528,sell,60020.09477888,60021,9.0522112,1.5,touch,Alo,True,0,-0,-1.5,binance_source_age_high,basis_high,False,False,False,False
751,xemm_0627_t001_hlfast_utc16_a,high_activity_liquidity,xemm_0627_t001_hlfast_utc16_a:751,would_submit,,pass,-1.10985472,1.10985472,sell,60020.05605811,60021,9.43941888,1.5,touch,Alo,True,0,-0,-1.5,binance_source_age_mid,basis_high,False,False,False,False
767,xemm_0627_t001_hlfast_utc16_a,high_activity_liquidity,xemm_0627_t001_hlfast_utc16_a:767,would_submit,,pass,-1.10313349,1.10313349,sell,60021.0587466,60022,9.41253396,1.5,touch,Alo,True,0,-0,-1.5,binance_source_age_low,basis_mid,False,False,False,False
773,xemm_0627_t001_hlfast_utc16_a,high_activity_liquidity,xemm_0627_t001_hlfast_utc16_a:773,would_submit,,pass,-1.12375083,1.12375083,sell,60008.05049967,60009,9.49500332,1.5,touch,Alo,True,80,-80,-81.5,binance_source_age_mid,basis_high,False,False,False,False
776,xemm_0627_t001_hlfast_utc16_a,high_activity_liquidity,xemm_0627_t001_hlfast_utc16_a:776,would_submit,,pass,4.26399809,4.26399809,buy,60018.20559924,60016,22.05599236,1.5,touch,Alo,True,0,0,-1.5,binance_source_age_high,basis_high,False,False,False,False
781,xemm_0627_t001_hlfast_utc16_a,high_activity_liquidity,xemm_0627_t001_hlfast_utc16_a:781,would_submit,,pass,-1.13962031,1.13962031,sell,60016.04415188,60017,9.55848124,1.5,touch,Alo,True,-10,10,8.5,binance_source_age_high,basis_low,False,False,False,False
782,xemm_0627_t001_hlfast_utc16_a,high_activity_liquidity,xemm_0627_t001_hlfast_utc16_a:782,would_submit,,pass,-3.29191875,3.29191875,sell,60015.1832325,60017,18.167675,1.5,touch,Alo,True,-60,60,58.5,binance_source_age_high,basis_low,False,False,False,False
798,xemm_0627_t001_hlfast_utc16_a,high_activity_liquidity,xemm_0627_t001_hlfast_utc16_a:798,would_submit,,pass,7.89824722,7.89824722,buy,59993.65929889,59990,36.59298888,1.5,touch,Alo,True,0,0,-1.5,binance_source_age_high,basis_high,False,False,False,False
801,xemm_0627_t001_hlfast_utc16_a,high_activity_liquidity,xemm_0627_t001_hlfast_utc16_a:801,would_submit,,pass,-1.11975343,1.11975343,sell,59990.05209863,59991,9.47901372,1.5,touch,Alo,True,0,-0,-1.5,binance_source_age_low,basis_high,False,False,False,False
802,xemm_0627_t001_hlfast_utc16_a,high_activity_liquidity,xemm_0627_t001_hlfast_utc16_a:802,would_submit,,pass,-1.0678933,1.0678933,sell,59990.07284268,59991,9.2715732,1.5,touch,Alo,True,0,-0,-1.5,binance_source_age_high,basis_high,False,False,False,False
804,xemm_0627_t001_hlfast_utc16_a,high_activity_liquidity,xemm_0627_t001_hlfast_utc16_a:804,would_submit,,pass,-1.04924656,1.04924656,sell,59990.08030138,59991,9.19698624,1.5,touch,Alo,True,0,-0,-1.5,binance_source_age_high,basis_high,False,False,False,False
806,xemm_0627_t001_hlfast_utc16_a,high_activity_liquidity,xemm_0627_t001_hlfast_utc16_a:806,would_submit,,pass,-1.0520647,1.0520647,sell,59990.07917412,59991,9.2082588,1.5,touch,Alo,True,0,-0,-1.5,binance_source_age_low,basis_high,False,False,False,False
808,xemm_0627_t001_hlfast_utc16_a,high_activity_liquidity,xemm_0627_t001_hlfast_utc16_a:808,would_submit,,pass,-1.03749464,1.03749464,sell,59990.08500214,59991,9.14997856,1.5,touch,Alo,True,-110,110,108.5,binance_source_age_high,basis_high,False,False,False,False
809,xemm_0627_t001_hlfast_utc16_a,high_activity_liquidity,xemm_0627_t001_hlfast_utc16_a:809,would_submit,,pass,-1.12224351,1.12224351,sell,59979.0511026,59980,9.48897404,1.5,touch,Alo,True,0,-0,-1.5,binance_source_age_low,basis_high,False,False,False,False
816,xemm_0627_t001_hlfast_utc16_a,high_activity_liquidity,xemm_0627_t001_hlfast_utc16_a:816,would_submit,,pass,1.00490474,1.00490474,buy,59979.9019619,59979,9.01961896,1.5,touch,Alo,True,0,0,-1.5,binance_source_age_high,basis_high,False,False,False,False
826,xemm_0627_t001_hlfast_utc16_a,high_activity_liquidity,xemm_0627_t001_hlfast_utc16_a:826,would_submit,,pass,-3.79859478,3.79859478,sell,59977.98056209,59980,20.19437912,1.5,touch,Alo,True,0,-0,-1.5,binance_source_age_mid,basis_mid,False,False,False,False
827,xemm_0627_t001_hlfast_utc16_a,high_activity_liquidity,xemm_0627_t001_hlfast_utc16_a:827,would_submit,,pass,1.04545263,1.04545263,buy,59979.91818105,59979,9.18181052,1.5,touch,Alo,True,0,0,-1.5,binance_source_age_mid,basis_mid,False,False,False,False
828,xemm_0627_t001_hlfast_utc16_a,high_activity_liquidity,xemm_0627_t001_hlfast_utc16_a:828,would_submit,,pass,2.56628367,2.56628367,buy,59980.52651347,59979,15.26513468,1.5,touch,Alo,True,0,0,-1.5,binance_source_age_low,basis_high,False,False,False,False
842,xemm_0627_t001_hlfast_utc16_a,high_activity_liquidity,xemm_0627_t001_hlfast_utc16_a:842,would_submit,,pass,1.0415278,1.0415278,buy,59979.91661112,59979,9.1661112,1.5,touch,Alo,True,0,0,-1.5,binance_source_age_low,basis_high,False,False,False,False
843,xemm_0627_t001_hlfast_utc16_a,high_activity_liquidity,xemm_0627_t001_hlfast_utc16_a:843,would_submit,,pass,1.00775347,1.00775347,buy,59979.90310139,59979,9.03101388,1.5,touch,Alo,True,0,0,-1.5,binance_source_age_high,basis_high,False,False,False,False
850,xemm_0627_t001_hlfast_utc16_a,high_activity_liquidity,xemm_0627_t001_hlfast_utc16_a:850,would_submit,,pass,1.06830774,1.06830774,buy,59979.9273231,59979,9.27323096,1.5,touch,Alo,True,260,260,258.5,binance_source_age_low,basis_high,False,False,False,False
852,xemm_0627_t001_hlfast_utc16_a,high_activity_liquidity,xemm_0627_t001_hlfast_utc16_a:852,would_submit,,pass,1.04027293,1.04027293,buy,60005.91610917,60005,9.16109172,1.5,touch,Alo,True,50,50,48.5,binance_source_age_low,basis_high,False,False,False,False
861,xemm_0627_t001_hlfast_utc16_a,high_activity_liquidity,xemm_0627_t001_hlfast_utc16_a:861,would_submit,,pass,1.03583469,1.03583469,buy,60014.91433388,60014,9.14333876,1.5,touch,Alo,True,35,35,33.5,binance_source_age_low,basis_high,False,False,False,False
890,xemm_0627_t001_hlfast_utc16_a,high_activity_liquidity,xemm_0627_t001_hlfast_utc16_a:890,would_submit,,pass,-1.01183846,1.01183846,sell,60049.59526462,60052,24.04735384,1.5,touch,Alo,True,-35,35,33.5,binance_source_age_low,basis_low,False,False,False,False
891,xemm_0627_t001_hlfast_utc16_a,high_activity_liquidity,xemm_0627_t001_hlfast_utc16_a:891,would_submit,,pass,-1.00369372,1.00369372,sell,60048.09852251,60049,9.01477488,1.5,touch,Alo,True,-30,30,28.5,binance_source_age_high,basis_low,False,False,False,False
895,xemm_0627_t001_hlfast_utc16_a,high_activity_liquidity,xemm_0627_t001_hlfast_utc16_a:895,would_submit,,pass,-1.00701363,1.00701363,sell,60041.59719455,60045,34.02805452,1.5,touch,Alo,True,-45,45,43.5,binance_source_age_low,basis_high,False,False,False,False
898,xemm_0627_t001_hlfast_utc16_a,high_activity_liquidity,xemm_0627_t001_hlfast_utc16_a:898,would_submit,,pass,-1.98148522,1.98148522,sell,60035.70740591,60037,12.92594088,1.5,touch,Alo,True,0,-0,-1.5,binance_source_age_low,basis_mid,False,False,False,False
908,xemm_0627_t001_hlfast_utc16_a,high_activity_liquidity,xemm_0627_t001_hlfast_utc16_a:908,would_submit,,pass,1.0425278,1.0425278,buy,60026.91701112,60026,9.1701112,1.5,touch,Alo,True,0,0,-1.5,binance_source_age_low,basis_high,False,False,False,False
910,xemm_0627_t001_hlfast_utc16_a,high_activity_liquidity,xemm_0627_t001_hlfast_utc16_a:910,would_submit,,pass,1.06164847,1.06164847,buy,60026.92465939,60026,9.24659388,1.5,touch,Alo,True,0,0,-1.5,binance_source_age_mid,basis_high,False,False,False,False
914,xemm_0627_t001_hlfast_utc16_a,high_activity_liquidity,xemm_0627_t001_hlfast_utc16_a:914,would_submit,,pass,1.04176191,1.04176191,buy,60026.91670476,60026,9.16704764,1.5,touch,Alo,True,0,0,-1.5,binance_source_age_high,basis_high,False,False,False,False
923,xemm_0627_t001_hlfast_utc16_a,high_activity_liquidity,xemm_0627_t001_hlfast_utc16_a:923,would_submit,,pass,-1.09127752,1.09127752,sell,60017.06348899,60018,9.36511008,1.5,touch,Alo,True,0,-0,-1.5,binance_source_age_low,basis_high,False,False,False,False
924,xemm_0627_t001_hlfast_utc16_a,high_activity_liquidity,xemm_0627_t001_hlfast_utc16_a:924,would_submit,,pass,-1.09140851,1.09140851,sell,60017.0634366,60018,9.36563404,1.5,touch,Alo,True,0,-0,-1.5,binance_source_age_low,basis_high,False,False,False,False
925,xemm_0627_t001_hlfast_utc16_a,high_activity_liquidity,xemm_0627_t001_hlfast_utc16_a:925,would_submit,,pass,-1.03109773,1.03109773,sell,60017.08756091,60018,9.12439092,1.5,touch,Alo,True,0,-0,-1.5,binance_source_age_high,basis_high,False,False,False,False
938,xemm_0627_t001_hlfast_utc16_a,high_activity_liquidity,xemm_0627_t001_hlfast_utc16_a:938,would_submit,,pass,2.85336283,2.85336283,buy,60032.64134513,60031,16.41345132,1.5,touch,Alo,True,0,0,-1.5,binance_source_age_high,basis_high,False,False,False,False
943,xemm_0627_t001_hlfast_utc16_a,high_activity_liquidity,xemm_0627_t001_hlfast_utc16_a:943,would_submit,,pass,2.28141624,2.28141624,buy,60036.4125665,60035,14.12566496,1.5,touch,Alo,True,0,0,-1.5,binance_source_age_high,basis_high,False,False,False,False
984,xemm_0627_t001_hlfast_utc16_a,high_activity_liquidity,xemm_0627_t001_hlfast_utc16_a:984,would_submit,,pass,1.06741357,1.06741357,buy,60047.92696543,60047,9.26965428,1.5,touch,Alo,True,0,0,-1.5,binance_source_age_mid,basis_high,False,False,False,False
985,xemm_0627_t001_hlfast_utc16_a,high_activity_liquidity,xemm_0627_t001_hlfast_utc16_a:985,would_submit,,pass,1.03329119,1.03329119,buy,60047.91331648,60047,9.13316476,1.5,touch,Alo,True,0,0,-1.5,binance_source_age_high,basis_high,False,False,False,False
986,xemm_0627_t001_hlfast_utc16_a,high_activity_liquidity,xemm_0627_t001_hlfast_utc16_a:986,would_submit,,pass,1.02983387,1.02983387,buy,60047.91193355,60047,9.11933548,1.5,touch,Alo,True,10,10,8.5,binance_source_age_high,basis_high,False,False,False,False
1003,xemm_0627_t001_hlfast_utc16_a,high_activity_liquidity,xemm_0627_t001_hlfast_utc16_a:1003,would_submit,,pass,1.03882142,1.03882142,buy,60072.41552857,60071,14.15528568,1.5,touch,Alo,True,135,135,133.5,binance_source_age_low,basis_high,False,False,False,False
1016,xemm_0627_t001_hlfast_utc16_a,high_activity_liquidity,xemm_0627_t001_hlfast_utc16_a:1016,would_submit,,pass,-1.04245251,1.04245251,sell,60082.583019,60084,14.16981004,1.5,touch,Alo,True,-65,65,63.5,binance_source_age_low,basis_high,False,False,False,False
1032,xemm_0627_t001_hlfast_utc16_a,high_activity_liquidity,xemm_0627_t001_hlfast_utc16_a:1032,would_submit,,pass,3.27785908,3.27785908,buy,60064.81114363,60063,18.11143632,1.5,touch,Alo,True,-10,-10,-11.5,binance_source_age_low,basis_high,False,False,False,False
1042,xemm_0627_t001_hlfast_utc16_a,high_activity_liquidity,xemm_0627_t001_hlfast_utc16_a:1042,would_submit,,pass,-3.48061483,3.48061483,sell,60076.10775407,60078,18.92245932,1.5,touch,Alo,True,0,-0,-1.5,binance_source_age_mid,basis_mid,False,False,False,False
1052,xemm_0627_t001_hlfast_utc16_a,high_activity_liquidity,xemm_0627_t001_hlfast_utc16_a:1052,would_submit,,pass,1.01629512,1.01629512,buy,60072.90651805,60072,9.06518048,1.5,touch,Alo,True,-110,-110,-111.5,binance_source_age_high,basis_low,False,False,False,False
1054,xemm_0627_t001_hlfast_utc16_a,high_activity_liquidity,xemm_0627_t001_hlfast_utc16_a:1054,would_submit,,pass,1.00620398,1.00620398,buy,60061.90248159,60061,9.02481592,1.5,touch,Alo,True,-50,-50,-51.5,binance_source_age_high,basis_low,False,False,False,False
1055,xemm_0627_t001_hlfast_utc16_a,high_activity_liquidity,xemm_0627_t001_hlfast_utc16_a:1055,would_submit,,pass,-2.70818107,2.70818107,sell,60060.41672757,60062,15.83272428,1.5,touch,Alo,True,-50,50,48.5,binance_source_age_high,basis_mid,False,False,False,False
1057,xemm_0627_t001_hlfast_utc16_a,high_activity_liquidity,xemm_0627_t001_hlfast_utc16_a:1057,would_submit,,pass,1.86322208,1.86322208,buy,60057.24528883,60056,12.45288832,1.5,touch,Alo,True,-180,-180,-181.5,binance_source_age_low,basis_low,False,False,False,False
1083,xemm_0627_t001_hlfast_utc16_a,high_activity_liquidity,xemm_0627_t001_hlfast_utc16_a:1083,would_submit,,pass,1.02684383,1.02684383,buy,60018.91073753,60018,9.10737532,1.5,touch,Alo,True,0,0,-1.5,binance_source_age_mid,basis_high,False,False,False,False
1101,xemm_0627_t001_hlfast_utc16_a,high_activity_liquidity,xemm_0627_t001_hlfast_utc16_a:1101,would_submit,,pass,-1.0622521,1.0622521,sell,60012.07509916,60013,9.2490084,1.5,touch,Alo,True,0,-0,-1.5,binance_source_age_high,basis_high,False,False,False,False
1131,xemm_0627_t001_hlfast_utc16_a,high_activity_liquidity,xemm_0627_t001_hlfast_utc16_a:1131,would_submit,,pass,1.06293474,1.06293474,buy,60018.9251739,60018,9.25173896,1.5,touch,Alo,True,0,0,-1.5,binance_source_age_high,basis_mid,False,False,False,False
1134,xemm_0627_t001_hlfast_utc16_a,high_activity_liquidity,xemm_0627_t001_hlfast_utc16_a:1134,would_submit,,pass,-2.01567988,2.01567988,sell,60017.69372805,60019,13.06271952,1.5,touch,Alo,True,0,-0,-1.5,binance_source_age_low,basis_mid,False,False,False,False
1147,xemm_0627_t001_hlfast_utc16_a,high_activity_liquidity,xemm_0627_t001_hlfast_utc16_a:1147,would_submit,,pass,-3.68823539,3.68823539,sell,60007.02470584,60009,19.75294156,1.5,touch,Alo,True,0,-0,-1.5,binance_source_age_mid,basis_mid,False,False,False,False
1151,xemm_0627_t001_hlfast_utc16_a,high_activity_liquidity,xemm_0627_t001_hlfast_utc16_a:1151,would_submit,,pass,-1.12081022,1.12081022,sell,60008.05167591,60009,9.48324088,1.5,touch,Alo,True,0,-0,-1.5,binance_source_age_mid,basis_mid,False,False,False,False
1153,xemm_0627_t001_hlfast_utc16_a,high_activity_liquidity,xemm_0627_t001_hlfast_utc16_a:1153,would_submit,,pass,-1.9445045,1.9445045,sell,60007.7221982,60009,12.778018,1.5,touch,Alo,True,-210,210,208.5,binance_source_age_low,basis_low,False,False,False,False
1155,xemm_0627_t001_hlfast_utc16_a,high_activity_liquidity,xemm_0627_t001_hlfast_utc16_a:1155,would_submit,,pass,1.01478003,1.01478003,buy,59987.90591201,59987,9.05912012,1.5,touch,Alo,True,0,0,-1.5,binance_source_age_low,basis_high,False,False,False,False
1159,xemm_0627_t001_hlfast_utc16_a,high_activity_liquidity,xemm_0627_t001_hlfast_utc16_a:1159,would_submit,,pass,-1.00592695,1.00592695,sell,59993.09762922,59994,9.0237078,1.5,touch,Alo,True,0,-0,-1.5,binance_source_age_low,basis_high,False,False,False,False
1161,xemm_0627_t001_hlfast_utc16_a,high_activity_liquidity,xemm_0627_t001_hlfast_utc16_a:1161,would_submit,,pass,1.05847324,1.05847324,buy,59993.9233893,59993,9.23389296,1.5,touch,Alo,True,10,10,8.5,binance_source_age_high,basis_high,False,False,False,False
1168,xemm_0627_t001_hlfast_utc16_a,high_activity_liquidity,xemm_0627_t001_hlfast_utc16_a:1168,would_submit,,pass,-1.10067506,1.10067506,sell,59994.05972998,59995,9.40270024,1.5,touch,Alo,True,80,-80,-81.5,binance_source_age_low,basis_high,False,False,False,False
1182,xemm_0627_t001_hlfast_utc16_a,high_activity_liquidity,xemm_0627_t001_hlfast_utc16_a:1182,would_submit,,pass,-1.08416442,1.08416442,sell,60008.06633423,60009,9.33665768,1.5,touch,Alo,True,0,-0,-1.5,binance_source_age_mid,basis_high,False,False,False,False
1204,xemm_0627_t001_hlfast_utc16_a,high_activity_liquidity,xemm_0627_t001_hlfast_utc16_a:1204,would_submit,,pass,1.03783012,1.03783012,buy,60008.91513205,60008,9.15132048,1.5,touch,Alo,True,0,0,-1.5,binance_source_age_high,basis_high,False,False,False,False
1213,xemm_0627_t001_hlfast_utc16_a,high_activity_liquidity,xemm_0627_t001_hlfast_utc16_a:1213,would_submit,,pass,-1.05253485,1.05253485,sell,60019.07898606,60020,9.2101394,1.5,touch,Alo,True,0,-0,-1.5,binance_source_age_high,basis_high,False,False,False,False
1218,xemm_0627_t001_hlfast_utc16_a,high_activity_liquidity,xemm_0627_t001_hlfast_utc16_a:1218,would_submit,,pass,-1.01960523,1.01960523,sell,60019.09215791,60020,9.07842092,1.5,touch,Alo,True,-220,220,218.5,binance_source_age_low,basis_low,False,False,False,False
1219,xemm_0627_t001_hlfast_utc16_a,high_activity_liquidity,xemm_0627_t001_hlfast_utc16_a:1219,would_submit,,pass,-1.12254592,1.12254592,sell,60010.05098163,60011,9.49018368,1.5,touch,Alo,True,-130,130,128.5,binance_source_age_mid,basis_mid,False,False,False,False
1221,xemm_0627_t001_hlfast_utc16_a,high_activity_liquidity,xemm_0627_t001_hlfast_utc16_a:1221,would_submit,,pass,-1.10287179,1.10287179,sell,59997.05885128,59998,9.41148716,1.5,touch,Alo,True,0,-0,-1.5,binance_source_age_mid,basis_high,False,False,False,False
1222,xemm_0627_t001_hlfast_utc16_a,high_activity_liquidity,xemm_0627_t001_hlfast_utc16_a:1222,would_submit,,pass,-1.10486049,1.10486049,sell,59997.0580558,59998,9.41944196,1.5,touch,Alo,True,0,-0,-1.5,binance_source_age_mid,basis_high,False,False,False,False
1223,xemm_0627_t001_hlfast_utc16_a,high_activity_liquidity,xemm_0627_t001_hlfast_utc16_a:1223,would_submit,,pass,-1.13756699,1.13756699,sell,59997.0449732,59998,9.55026796,1.5,touch,Alo,True,0,-0,-1.5,binance_source_age_mid,basis_high,False,False,False,False
1235,xemm_0627_t001_hlfast_utc16_a,high_activity_liquidity,xemm_0627_t001_hlfast_utc16_a:1235,would_submit,,pass,1.09974309,1.09974309,buy,59997.93989724,59997,9.39897236,1.5,touch,Alo,True,0,0,-1.5,binance_source_age_high,basis_high,False,False,False,False
1236,xemm_0627_t001_hlfast_utc16_a,high_activity_liquidity,xemm_0627_t001_hlfast_utc16_a:1236,would_submit,,pass,1.67537243,1.67537243,buy,59998.17014897,59997,11.70148972,1.5,touch,Alo,True,10,10,8.5,binance_source_age_low,basis_high,False,False,False,False
1248,xemm_0627_t001_hlfast_utc16_a,high_activity_liquidity,xemm_0627_t001_hlfast_utc16_a:1248,would_submit,,pass,-1.01123051,1.01123051,sell,60014.0955078,60015,9.04492204,1.5,touch,Alo,True,0,-0,-1.5,binance_source_age_low,basis_high,False,False,False,False
1262,xemm_0627_t001_hlfast_utc16_a,high_activity_liquidity,xemm_0627_t001_hlfast_utc16_a:1262,would_submit,,pass,-1.77020358,1.77020358,sell,60021.79191857,60023,12.08081432,1.5,touch,Alo,True,-20,20,18.5,binance_source_age_low,basis_high,False,False,False,False
1291,xemm_0627_t001_hlfast_utc16_a,high_activity_liquidity,xemm_0627_t001_hlfast_utc16_a:1291,would_submit,,pass,-1.06859968,1.06859968,sell,60018.07256013,60019,9.27439872,1.5,touch,Alo,True,0,-0,-1.5,binance_source_age_mid,basis_high,False,False,False,False
1292,xemm_0627_t001_hlfast_utc16_a,high_activity_liquidity,xemm_0627_t001_hlfast_utc16_a:1292,would_submit,,pass,-1.09970213,1.09970213,sell,60018.06011915,60019,9.39880852,1.5,touch,Alo,True,0,-0,-1.5,binance_source_age_low,basis_high,False,False,False,False
1293,xemm_0627_t001_hlfast_utc16_a,high_activity_liquidity,xemm_0627_t001_hlfast_utc16_a:1293,would_submit,,pass,-4.74673611,4.74673611,sell,60016.60130556,60019,23.98694444,1.5,touch,Alo,True,0,-0,-1.5,binance_source_age_high,basis_high,False,False,False,False
1317,xemm_0627_t001_hlfast_utc16_a,high_activity_liquidity,xemm_0627_t001_hlfast_utc16_a:1317,would_submit,,pass,1.00877374,1.00877374,buy,60005.9035095,60005,9.03509496,1.5,touch,Alo,True,0,0,-1.5,binance_source_age_high,basis_high,False,False,False,False
1329,xemm_0627_t001_hlfast_utc16_a,high_activity_liquidity,xemm_0627_t001_hlfast_utc16_a:1329,would_submit,,pass,-1.016208,1.016208,sell,60015.0935168,60016,9.064832,1.5,touch,Alo,True,0,-0,-1.5,binance_source_age_mid,basis_high,False,False,False,False
1356,xemm_0627_t001_hlfast_utc16_a,high_activity_liquidity,xemm_0627_t001_hlfast_utc16_a:1356,would_submit,,pass,1.04646228,1.04646228,buy,60017.91858491,60017,9.18584912,1.5,touch,Alo,True,0,0,-1.5,binance_source_age_mid,basis_high,False,False,False,False
1358,xemm_0627_t001_hlfast_utc16_a,high_activity_liquidity,xemm_0627_t001_hlfast_utc16_a:1358,would_submit,,pass,1.04231358,1.04231358,buy,60017.91692543,60017,9.16925432,1.5,touch,Alo,True,0,0,-1.5,binance_source_age_low,basis_high,False,False,False,False
1359,xemm_0627_t001_hlfast_utc16_a,high_activity_liquidity,xemm_0627_t001_hlfast_utc16_a:1359,would_submit,,pass,1.04404951,1.04404951,buy,60017.9176198,60017,9.17619804,1.5,touch,Alo,True,40,40,38.5,binance_source_age_high,basis_high,False,False,False,False
1380,xemm_0627_t001_hlfast_utc16_a,high_activity_liquidity,xemm_0627_t001_hlfast_utc16_a:1380,would_submit,,pass,3.3683589,3.3683589,buy,60031.84734356,60030,18.4734356,1.5,touch,Alo,True,0,0,-1.5,binance_source_age_mid,basis_high,False,False,False,False
1381,xemm_0627_t001_hlfast_utc16_a,high_activity_liquidity,xemm_0627_t001_hlfast_utc16_a:1381,would_submit,,pass,1.03428043,1.03428043,buy,60030.91371217,60030,9.13712172,1.5,touch,Alo,True,0,0,-1.5,binance_source_age_high,basis_high,False,False,False,False
1405,xemm_0627_t001_hlfast_utc16_a,high_activity_liquidity,xemm_0627_t001_hlfast_utc16_a:1405,would_submit,,pass,-1.11052177,1.11052177,sell,60036.05579129,60037,9.44208708,1.5,touch,Alo,True,-120,120,118.5,binance_source_age_mid,basis_low,False,False,False,False
1431,xemm_0627_t001_hlfast_utc16_a,high_activity_liquidity,xemm_0627_t001_hlfast_utc16_a:1431,would_submit,,pass,1.0676113,1.0676113,buy,60032.92704452,60032,9.2704452,1.5,touch,Alo,True,0,0,-1.5,binance_source_age_low,basis_high,False,False,False,False
1432,xemm_0627_t001_hlfast_utc16_a,high_activity_liquidity,xemm_0627_t001_hlfast_utc16_a:1432,would_submit,,pass,1.07443346,1.07443346,buy,60032.92977338,60032,9.29773384,1.5,touch,Alo,True,0,0,-1.5,binance_source_age_high,basis_high,False,False,False,False
1433,xemm_0627_t001_hlfast_utc16_a,high_activity_liquidity,xemm_0627_t001_hlfast_utc16_a:1433,would_submit,,pass,1.07334788,1.07334788,buy,60032.92933915,60032,9.29339152,1.5,touch,Alo,True,0,0,-1.5,binance_source_age_mid,basis_high,False,False,False,False
1465,xemm_0627_t001_hlfast_utc16_a,high_activity_liquidity,xemm_0627_t001_hlfast_utc16_a:1465,would_submit,,pass,1.04140047,1.04140047,buy,60055.91656019,60055,9.16560188,1.5,touch,Alo,True,-5,-5,-6.5,binance_source_age_low,basis_high,False,False,False,False
1466,xemm_0627_t001_hlfast_utc16_a,high_activity_liquidity,xemm_0627_t001_hlfast_utc16_a:1466,would_submit,,pass,1.02352898,1.02352898,buy,60049.90941159,60049,9.09411592,1.5,touch,Alo,True,55,55,53.5,binance_source_age_low,basis_high,False,False,False,False
1500,xemm_0627_t001_hlfast_utc16_a,high_activity_liquidity,xemm_0627_t001_hlfast_utc16_a:1500,would_submit,,pass,3.75451765,3.75451765,buy,60050.00180706,60048,20.0180706,1.5,touch,Alo,True,0,0,-1.5,binance_source_age_low,basis_high,False,False,False,False
1505,xemm_0627_t001_hlfast_utc16_a,high_activity_liquidity,xemm_0627_t001_hlfast_utc16_a:1505,would_submit,,pass,-2.8271382,2.8271382,sell,60047.36914472,60049,16.3085528,1.5,touch,Alo,True,-50,50,48.5,binance_source_age_high,basis_high,False,False,False,False
1517,xemm_0627_t001_hlfast_utc16_a,high_activity_liquidity,xemm_0627_t001_hlfast_utc16_a:1517,would_submit,,pass,-3.65941804,3.65941804,sell,60027.03623278,60029,19.63767216,1.5,touch,Alo,True,0,-0,-1.5,binance_source_age_high,basis_mid,False,False,False,False
1518,xemm_0627_t001_hlfast_utc16_a,high_activity_liquidity,xemm_0627_t001_hlfast_utc16_a:1518,would_submit,,pass,-1.00236204,1.00236204,sell,60028.09905518,60029,9.00944816,1.5,touch,Alo,True,-60,60,58.5,binance_source_age_low,basis_mid,False,False,False,False
1520,xemm_0627_t001_hlfast_utc16_a,high_activity_liquidity,xemm_0627_t001_hlfast_utc16_a:1520,would_submit,,pass,-1.06771473,1.06771473,sell,60022.07291411,60023,9.27085892,1.5,touch,Alo,True,-30,30,28.5,binance_source_age_high,basis_high,False,False,False,False
1569,xemm_0627_t001_hlfast_utc16_a,high_activity_liquidity,xemm_0627_t001_hlfast_utc16_a:1569,would_submit,,pass,1.07577592,1.07577592,buy,60014.93031037,60014,9.30310368,1.5,touch,Alo,True,0,0,-1.5,binance_source_age_low,basis_high,False,False,False,False
1580,xemm_0627_t001_hlfast_utc16_a,high_activity_liquidity,xemm_0627_t001_hlfast_utc16_a:1580,would_submit,,pass,-1.06670276,1.06670276,sell,60014.0733189,60015,9.26681104,1.5,touch,Alo,True,0,-0,-1.5,binance_source_age_low,basis_high,False,False,False,False
1584,xemm_0627_t001_hlfast_utc16_a,high_activity_liquidity,xemm_0627_t001_hlfast_utc16_a:1584,would_submit,,pass,-1.08508654,1.08508654,sell,60014.06596538,60015,9.34034616,1.5,touch,Alo,True,0,-0,-1.5,binance_source_age_low,basis_high,False,False,False,False
1586,xemm_0627_t001_hlfast_utc16_a,high_activity_liquidity,xemm_0627_t001_hlfast_utc16_a:1586,would_submit,,pass,-1.07168914,1.07168914,sell,60014.07132434,60015,9.28675656,1.5,touch,Alo,True,0,-0,-1.5,binance_source_age_high,basis_high,False,False,False,False
1588,xemm_0627_t001_hlfast_utc16_a,high_activity_liquidity,xemm_0627_t001_hlfast_utc16_a:1588,would_submit,,pass,-1.0753082,1.0753082,sell,60014.06987672,60015,9.3012328,1.5,touch,Alo,True,0,-0,-1.5,binance_source_age_mid,basis_high,False,False,False,False
1589,xemm_0627_t001_hlfast_utc16_a,high_activity_liquidity,xemm_0627_t001_hlfast_utc16_a:1589,would_submit,,pass,-1.05506758,1.05506758,sell,60014.07797297,60015,9.22027032,1.5,touch,Alo,True,0,-0,-1.5,binance_source_age_high,basis_high,False,False,False,False
1592,xemm_0627_t001_hlfast_utc16_a,high_activity_liquidity,xemm_0627_t001_hlfast_utc16_a:1592,would_submit,,pass,2.90435502,2.90435502,buy,60015.66174201,60014,16.61742008,1.5,touch,Alo,True,-120,-120,-121.5,binance_source_age_high,basis_mid,False,False,False,False
1600,xemm_0627_t001_hlfast_utc16_a,high_activity_liquidity,xemm_0627_t001_hlfast_utc16_a:1600,would_submit,,pass,-1.11890253,1.11890253,sell,60002.05243899,60003,9.47561012,1.5,touch,Alo,True,0,-0,-1.5,binance_source_age_high,basis_high,False,False,False,False
1616,xemm_0627_t001_hlfast_utc16_a,high_activity_liquidity,xemm_0627_t001_hlfast_utc16_a:1616,would_submit,,pass,1.02225873,1.02225873,buy,59996.90890349,59996,9.08903492,1.5,touch,Alo,True,0,0,-1.5,binance_source_age_low,basis_high,False,False,False,False
1629,xemm_0627_t001_hlfast_utc16_a,high_activity_liquidity,xemm_0627_t001_hlfast_utc16_a:1629,would_submit,,pass,-3.33112712,3.33112712,sell,60000.16754915,60002,18.32450848,1.5,touch,Alo,True,0,-0,-1.5,binance_source_age_mid,basis_high,False,False,False,False
1631,xemm_0627_t001_hlfast_utc16_a,high_activity_liquidity,xemm_0627_t001_hlfast_utc16_a:1631,would_submit,,pass,-1.1110906,1.1110906,sell,60001.05556376,60002,9.4443624,1.5,touch,Alo,True,0,-0,-1.5,binance_source_age_low,basis_high,False,False,False,False
1648,xemm_0627_t001_hlfast_utc16_a,high_activity_liquidity,xemm_0627_t001_hlfast_utc16_a:1648,would_submit,,pass,-3.30169442,3.30169442,sell,59987.17932223,59989,18.20677768,1.5,touch,Alo,True,-20,20,18.5,binance_source_age_mid,basis_mid,False,False,False,False
1662,xemm_0627_t001_hlfast_utc16_a,high_activity_liquidity,xemm_0627_t001_hlfast_utc16_a:1662,would_submit,,pass,-1.09261812,1.09261812,sell,59983.06295275,59984,9.37047248,1.5,touch,Alo,True,0,-0,-1.5,binance_source_age_high,basis_high,False,False,False,False
1678,xemm_0627_t001_hlfast_utc16_a,high_activity_liquidity,xemm_0627_t001_hlfast_utc16_a:1678,would_submit,,pass,1.11974456,1.11974456,buy,59983.94789782,59983,9.47897824,1.5,touch,Alo,True,0,0,-1.5,binance_source_age_mid,basis_high,False,False,False,False
1682,xemm_0627_t001_hlfast_utc16_a,high_activity_liquidity,xemm_0627_t001_hlfast_utc16_a:1682,would_submit,,pass,-1.07010053,1.07010053,sell,59988.07195979,59989,9.28040212,1.5,touch,Alo,True,0,-0,-1.5,binance_source_age_mid,basis_high,False,False,False,False
1685,xemm_0627_t001_hlfast_utc16_a,high_activity_liquidity,xemm_0627_t001_hlfast_utc16_a:1685,would_submit,,pass,-1.01381426,1.01381426,sell,59988.0944743,59989,9.05525704,1.5,touch,Alo,True,-70,70,68.5,binance_source_age_low,basis_mid,False,False,False,False
1693,xemm_0627_t001_hlfast_utc16_a,high_activity_liquidity,xemm_0627_t001_hlfast_utc16_a:1693,would_submit,,pass,1.03163084,1.03163084,buy,59981.91265234,59981,9.12652336,1.5,touch,Alo,True,60,60,58.5,binance_source_age_mid,basis_high,False,False,False,False
1695,xemm_0627_t001_hlfast_utc16_a,high_activity_liquidity,xemm_0627_t001_hlfast_utc16_a:1695,would_submit,,pass,1.01625116,1.01625116,buy,59987.90650046,59987,9.06500464,1.5,touch,Alo,True,10,10,8.5,binance_source_age_high,basis_high,False,False,False,False
1697,xemm_0627_t001_hlfast_utc16_a,high_activity_liquidity,xemm_0627_t001_hlfast_utc16_a:1697,would_submit,,pass,1.02965104,1.02965104,buy,59988.91186042,59988,9.11860416,1.5,touch,Alo,True,0,0,-1.5,binance_source_age_low,basis_high,False,False,False,False
1698,xemm_0627_t001_hlfast_utc16_a,high_activity_liquidity,xemm_0627_t001_hlfast_utc16_a:1698,would_submit,,pass,1.02763894,1.02763894,buy,59988.91105558,59988,9.11055576,1.5,touch,Alo,True,0,0,-1.5,binance_source_age_low,basis_high,False,False,False,False
1699,xemm_0627_t001_hlfast_utc16_a,high_activity_liquidity,xemm_0627_t001_hlfast_utc16_a:1699,would_submit,,pass,1.02706748,1.02706748,buy,59988.91082699,59988,9.10826992,1.5,touch,Alo,True,0,0,-1.5,binance_source_age_high,basis_high,False,False,False,False
1700,xemm_0627_t001_hlfast_utc16_a,high_activity_liquidity,xemm_0627_t001_hlfast_utc16_a:1700,would_submit,,pass,1.03520046,1.03520046,buy,59988.91408018,59988,9.14080184,1.5,touch,Alo,True,0,0,-1.5,binance_source_age_mid,basis_high,False,False,False,False
1701,xemm_0627_t001_hlfast_utc16_a,high_activity_liquidity,xemm_0627_t001_hlfast_utc16_a:1701,would_submit,,pass,1.03824458,1.03824458,buy,59988.91529783,59988,9.15297832,1.5,touch,Alo,True,0,0,-1.5,binance_source_age_low,basis_high,False,False,False,False
1702,xemm_0627_t001_hlfast_utc16_a,high_activity_liquidity,xemm_0627_t001_hlfast_utc16_a:1702,would_submit,,pass,1.03398133,1.03398133,buy,59988.91359253,59988,9.13592532,1.5,touch,Alo,True,0,0,-1.5,binance_source_age_low,basis_high,False,False,False,False
1703,xemm_0627_t001_hlfast_utc16_a,high_activity_liquidity,xemm_0627_t001_hlfast_utc16_a:1703,would_submit,,pass,3.04846451,3.04846451,buy,59989.7193858,59988,17.19385804,1.5,touch,Alo,True,160,160,158.5,binance_source_age_low,basis_high,False,False,False,False
1725,xemm_0627_t001_hlfast_utc16_a,high_activity_liquidity,xemm_0627_t001_hlfast_utc16_a:1725,would_submit,,pass,3.80937998,3.80937998,buy,60025.02375199,60023,20.23751992,1.5,touch,Alo,True,0,0,-1.5,binance_source_age_mid,basis_high,False,False,False,False
1736,xemm_0627_t001_hlfast_utc16_a,high_activity_liquidity,xemm_0627_t001_hlfast_utc16_a:1736,would_submit,,pass,1.04151528,1.04151528,buy,60048.91660611,60048,9.16606112,1.5,touch,Alo,True,30,30,28.5,binance_source_age_high,basis_high,False,False,False,False
1738,xemm_0627_t001_hlfast_utc16_a,high_activity_liquidity,xemm_0627_t001_hlfast_utc16_a:1738,would_submit,,pass,-1.05159716,1.05159716,sell,60051.07936114,60052,9.20638864,1.5,touch,Alo,True,0,-0,-1.5,binance_source_age_low,basis_high,False,False,False,False
1743,xemm_0627_t001_hlfast_utc16_a,high_activity_liquidity,xemm_0627_t001_hlfast_utc16_a:1743,would_submit,,pass,-4.37291274,4.37291274,sell,60049.7508349,60052,22.49165096,1.5,touch,Alo,True,30,-30,-31.5,binance_source_age_high,basis_high,False,False,False,False
1753,xemm_0627_t001_hlfast_utc16_a,high_activity_liquidity,xemm_0627_t001_hlfast_utc16_a:1753,would_submit,,pass,1.07397095,1.07397095,buy,60057.42958838,60056,14.2958838,1.5,touch,Alo,True,-5,-5,-6.5,binance_source_age_low,basis_high,False,False,False,False
1764,xemm_0627_t001_hlfast_utc16_a,high_activity_liquidity,xemm_0627_t001_hlfast_utc16_a:1764,would_submit,,pass,1.04485323,1.04485323,buy,60058.91794129,60058,9.17941292,1.5,touch,Alo,True,50,50,48.5,binance_source_age_low,basis_high,False,False,False,False
1780,xemm_0627_t001_hlfast_utc16_a,high_activity_liquidity,xemm_0627_t001_hlfast_utc16_a:1780,would_submit,,pass,-1.14509665,1.14509665,sell,60056.04196134,60057,9.5803866,1.5,touch,Alo,True,-160,160,158.5,binance_source_age_high,basis_low,False,False,False,False
1784,xemm_0627_t001_hlfast_utc16_a,high_activity_liquidity,xemm_0627_t001_hlfast_utc16_a:1784,would_submit,,pass,-2.28406677,2.28406677,sell,60039.58637329,60041,14.13626708,1.5,touch,Alo,True,0,-0,-1.5,binance_source_age_mid,basis_mid,False,False,False,False
1785,xemm_0627_t001_hlfast_utc16_a,high_activity_liquidity,xemm_0627_t001_hlfast_utc16_a:1785,would_submit,,pass,3.35574544,3.35574544,buy,60041.84229818,60040,18.42298176,1.5,touch,Alo,True,-20,-20,-21.5,binance_source_age_high,basis_mid,False,False,False,False
1786,xemm_0627_t001_hlfast_utc16_a,high_activity_liquidity,xemm_0627_t001_hlfast_utc16_a:1786,would_submit,,pass,2.34024026,2.34024026,buy,60041.4360961,60040,14.36096104,1.5,touch,Alo,True,-20,-20,-21.5,binance_source_age_mid,basis_high,False,False,False,False
1798,xemm_0627_t001_hlfast_utc16_a,high_activity_liquidity,xemm_0627_t001_hlfast_utc16_a:1798,would_submit,,pass,-1.07869141,1.07869141,sell,60051.06852344,60052,9.31476564,1.5,touch,Alo,True,0,-0,-1.5,binance_source_age_low,basis_high,False,False,False,False
1807,xemm_0627_t001_hlfast_utc16_a,high_activity_liquidity,xemm_0627_t001_hlfast_utc16_a:1807,would_submit,,pass,4.58360588,4.58360588,buy,60040.33344235,60038,23.33442352,1.5,touch,Alo,True,0,0,-1.5,binance_source_age_low,basis_high,False,False,False,False
1810,xemm_0627_t001_hlfast_utc16_a,high_activity_liquidity,xemm_0627_t001_hlfast_utc16_a:1810,would_submit,,pass,-1.12254636,1.12254636,sell,60038.05098146,60039,9.49018544,1.5,touch,Alo,True,50,-50,-51.5,binance_source_age_low,basis_high,False,False,False,False
1812,xemm_0627_t001_hlfast_utc16_a,high_activity_liquidity,xemm_0627_t001_hlfast_utc16_a:1812,would_submit,,pass,1.02932729,1.02932729,buy,60043.91173092,60043,9.11730916,1.5,touch,Alo,True,10,10,8.5,binance_source_age_high,basis_high,False,False,False,False
1813,xemm_0627_t001_hlfast_utc16_a,high_activity_liquidity,xemm_0627_t001_hlfast_utc16_a:1813,would_submit,,pass,1.01521877,1.01521877,buy,60043.90608751,60043,9.06087508,1.5,touch,Alo,True,40,40,38.5,binance_source_age_high,basis_high,False,False,False,False
1814,xemm_0627_t001_hlfast_utc16_a,high_activity_liquidity,xemm_0627_t001_hlfast_utc16_a:1814,would_submit,,pass,1.01784771,1.01784771,buy,60044.90713908,60044,9.07139084,1.5,touch,Alo,True,25,25,23.5,binance_source_age_mid,basis_high,False,False,False,False
1817,xemm_0627_t001_hlfast_utc16_a,high_activity_liquidity,xemm_0627_t001_hlfast_utc16_a:1817,would_submit,,pass,1.00420669,1.00420669,buy,60045.90168268,60045,9.01682676,1.5,touch,Alo,True,-10,-10,-11.5,binance_source_age_high,basis_high,False,False,False,False
1820,xemm_0627_t001_hlfast_utc16_a,high_activity_liquidity,xemm_0627_t001_hlfast_utc16_a:1820,would_submit,,pass,-1.08706138,1.08706138,sell,60044.06517545,60045,9.34824552,1.5,touch,Alo,True,0,-0,-1.5,binance_source_age_low,basis_high,False,False,False,False
1844,xemm_0627_t001_hlfast_utc16_a,high_activity_liquidity,xemm_0627_t001_hlfast_utc16_a:1844,would_submit,,pass,-1.14529073,1.14529073,sell,60044.04188371,60045,9.58116292,1.5,touch,Alo,True,0,-0,-1.5,binance_source_age_low,basis_high,False,False,False,False
1848,xemm_0627_t001_hlfast_utc16_a,high_activity_liquidity,xemm_0627_t001_hlfast_utc16_a:1848,would_submit,,pass,1.00680608,1.00680608,buy,60044.90272243,60044,9.02722432,1.5,touch,Alo,True,0,0,-1.5,binance_source_age_mid,basis_high,False,False,False,False
1854,xemm_0627_t001_hlfast_utc16_a,high_activity_liquidity,xemm_0627_t001_hlfast_utc16_a:1854,would_submit,,pass,1.03530153,1.03530153,buy,60044.91412061,60044,9.14120612,1.5,touch,Alo,True,80,80,78.5,binance_source_age_mid,basis_high,False,False,False,False
1869,xemm_0627_t001_hlfast_utc16_a,high_activity_liquidity,xemm_0627_t001_hlfast_utc16_a:1869,would_submit,,pass,1.13206074,1.13206074,buy,60053.9528243,60053,9.52824296,1.5,touch,Alo,True,10,10,8.5,binance_source_age_mid,basis_high,False,False,False,False
1884,xemm_0627_t001_hlfast_utc16_a,high_activity_liquidity,xemm_0627_t001_hlfast_utc16_a:1884,would_submit,,pass,-1.14002322,1.14002322,sell,60055.04399071,60056,9.56009288,1.5,touch,Alo,True,-110,110,108.5,binance_source_age_mid,basis_mid,False,False,False,False
1888,xemm_0627_t001_hlfast_utc16_a,high_activity_liquidity,xemm_0627_t001_hlfast_utc16_a:1888,would_submit,,pass,-1.14628833,1.14628833,sell,60044.04148467,60045,9.58515332,1.5,touch,Alo,True,-20,20,18.5,binance_source_age_high,basis_mid,False,False,False,False
1895,xemm_0627_t001_hlfast_utc16_a,high_activity_liquidity,xemm_0627_t001_hlfast_utc16_a:1895,would_submit,,pass,-1.07859182,1.07859182,sell,60035.06856327,60036,9.31436728,1.5,touch,Alo,True,60,-60,-61.5,binance_source_age_high,basis_high,False,False,False,False
1897,xemm_0627_t001_hlfast_utc16_a,high_activity_liquidity,xemm_0627_t001_hlfast_utc16_a:1897,would_submit,,pass,1.02386878,1.02386878,buy,60041.90954751,60041,9.09547512,1.5,touch,Alo,True,0,0,-1.5,binance_source_age_mid,basis_high,False,False,False,False
1899,xemm_0627_t001_hlfast_utc16_a,high_activity_liquidity,xemm_0627_t001_hlfast_utc16_a:1899,would_submit,,pass,-1.07560724,1.07560724,sell,60041.0697571,60042,9.30242896,1.5,touch,Alo,True,0,-0,-1.5,binance_source_age_low,basis_high,False,False,False,False
1901,xemm_0627_t001_hlfast_utc16_a,high_activity_liquidity,xemm_0627_t001_hlfast_utc16_a:1901,would_submit,,pass,-1.11992097,1.11992097,sell,60041.05203161,60042,9.47968388,1.5,touch,Alo,True,-100,100,98.5,binance_source_age_mid,basis_mid,False,False,False,False
1908,xemm_0627_t001_hlfast_utc16_a,high_activity_liquidity,xemm_0627_t001_hlfast_utc16_a:1908,would_submit,,pass,1.0496168,1.0496168,buy,60038.91984672,60038,9.1984672,1.5,touch,Alo,True,160,160,158.5,binance_source_age_low,basis_high,False,False,False,False
1909,xemm_0627_t001_hlfast_utc16_a,high_activity_liquidity,xemm_0627_t001_hlfast_utc16_a:1909,would_submit,,pass,1.04563081,1.04563081,buy,60049.91825232,60049,9.18252324,1.5,touch,Alo,True,50,50,48.5,binance_source_age_high,basis_high,False,False,False,False
1919,xemm_0627_t001_hlfast_utc16_a,high_activity_liquidity,xemm_0627_t001_hlfast_utc16_a:1919,would_submit,,pass,2.23651189,2.23651189,buy,60055.39460476,60054,13.94604756,1.5,touch,Alo,True,0,0,-1.5,binance_source_age_mid,basis_high,False,False,False,False
1920,xemm_0627_t001_hlfast_utc16_a,high_activity_liquidity,xemm_0627_t001_hlfast_utc16_a:1920,would_submit,,pass,1.00985389,1.00985389,buy,60054.90394156,60054,9.03941556,1.5,touch,Alo,True,0,0,-1.5,binance_source_age_high,basis_high,False,False,False,False
1930,xemm_0627_t001_hlfast_utc16_a,high_activity_liquidity,xemm_0627_t001_hlfast_utc16_a:1930,would_submit,,pass,1.07265495,1.07265495,buy,60058.92906198,60058,9.2906198,1.5,touch,Alo,True,110,110,108.5,binance_source_age_mid,basis_high,False,False,False,False
1940,xemm_0627_t001_hlfast_utc16_a,high_activity_liquidity,xemm_0627_t001_hlfast_utc16_a:1940,would_submit,,pass,1.0643635,1.0643635,buy,60069.9257454,60069,9.257454,1.5,touch,Alo,True,80,80,78.5,binance_source_age_high,basis_high,False,False,False,False
1941,xemm_0627_t001_hlfast_utc16_a,high_activity_liquidity,xemm_0627_t001_hlfast_utc16_a:1941,would_submit,,pass,1.06410061,1.06410061,buy,60069.92564024,60069,9.25640244,1.5,touch,Alo,True,80,80,78.5,binance_source_age_high,basis_high,False,False,False,False
1963,xemm_0627_t001_hlfast_utc16_a,high_activity_liquidity,xemm_0627_t001_hlfast_utc16_a:1963,would_submit,,pass,-1.11277189,1.11277189,sell,60081.05489124,60082,9.45108756,1.5,touch,Alo,True,120,-120,-121.5,binance_source_age_mid,basis_high,False,False,False,False
1968,xemm_0627_t001_hlfast_utc16_a,high_activity_liquidity,xemm_0627_t001_hlfast_utc16_a:1968,would_submit,,pass,1.02720167,1.02720167,buy,60093.91088067,60093,9.10880668,1.5,touch,Alo,True,0,0,-1.5,binance_source_age_low,basis_high,False,False,False,False
1978,xemm_0627_t001_hlfast_utc16_a,high_activity_liquidity,xemm_0627_t001_hlfast_utc16_a:1978,would_submit,,pass,1.21312275,1.21312275,buy,60085.9852491,60085,9.852491,1.5,touch,Alo,True,0,0,-1.5,binance_source_age_mid,basis_high,False,False,False,False
1983,xemm_0627_t001_hlfast_utc16_a,high_activity_liquidity,xemm_0627_t001_hlfast_utc16_a:1983,would_submit,,pass,-1.12828625,1.12828625,sell,60089.0486855,60090,9.513145,1.5,touch,Alo,True,0,-0,-1.5,binance_source_age_mid,basis_high,False,False,False,False
1991,xemm_0627_t001_hlfast_utc16_a,high_activity_liquidity,xemm_0627_t001_hlfast_utc16_a:1991,would_submit,,pass,-1.06482221,1.06482221,sell,60097.07407112,60098,9.25928884,1.5,touch,Alo,True,0,-0,-1.5,binance_source_age_low,basis_high,False,False,False,False
1998,xemm_0627_t001_hlfast_utc16_a,high_activity_liquidity,xemm_0627_t001_hlfast_utc16_a:1998,would_submit,,pass,1.00379817,1.00379817,buy,60111.90151927,60111,9.01519268,1.5,touch,Alo,True,0,0,-1.5,binance_source_age_mid,basis_high,False,False,False,False
2006,xemm_0627_t001_hlfast_utc16_a,high_activity_liquidity,xemm_0627_t001_hlfast_utc16_a:2006,would_submit,,pass,-4.98917392,4.98917392,sell,60108.50433043,60111,24.95669568,1.5,touch,Alo,True,-90,90,88.5,binance_source_age_high,basis_low,False,False,False,False
2009,xemm_0627_t001_hlfast_utc16_a,high_activity_liquidity,xemm_0627_t001_hlfast_utc16_a:2009,would_submit,,pass,1.07507288,1.07507288,buy,60081.93002915,60081,9.30029152,1.5,touch,Alo,True,60,60,58.5,binance_source_age_mid,basis_high,False,False,False,False
2024,xemm_0627_t001_hlfast_utc16_a,high_activity_liquidity,xemm_0627_t001_hlfast_utc16_a:2024,would_submit,,pass,-1.14214382,1.14214382,sell,60099.04314247,60100,9.56857528,1.5,touch,Alo,True,30,-30,-31.5,binance_source_age_low,basis_high,False,False,False,False
2029,xemm_0627_t001_hlfast_utc16_a,high_activity_liquidity,xemm_0627_t001_hlfast_utc16_a:2029,would_submit,,pass,1.03560803,1.03560803,buy,60103.91424321,60103,9.14243212,1.5,touch,Alo,True,0,0,-1.5,binance_source_age_mid,basis_high,False,False,False,False
2032,xemm_0627_t001_hlfast_utc16_a,high_activity_liquidity,xemm_0627_t001_hlfast_utc16_a:2032,would_submit,,pass,-1.09429389,1.09429389,sell,60103.06228244,60104,9.37717556,1.5,touch,Alo,True,0,-0,-1.5,binance_source_age_mid,basis_high,False,False,False,False
2036,xemm_0627_t001_hlfast_utc16_a,high_activity_liquidity,xemm_0627_t001_hlfast_utc16_a:2036,would_submit,,pass,1.01353624,1.01353624,buy,60101.9054145,60101,9.05414496,1.5,touch,Alo,True,-10,-10,-11.5,binance_source_age_high,basis_high,False,False,False,False
2037,xemm_0627_t001_hlfast_utc16_a,high_activity_liquidity,xemm_0627_t001_hlfast_utc16_a:2037,would_submit,,pass,1.00719728,1.00719728,buy,60100.90287891,60100,9.02878912,1.5,touch,Alo,True,0,0,-1.5,binance_source_age_low,basis_high,False,False,False,False
2058,xemm_0627_t001_hlfast_utc16_a,high_activity_liquidity,xemm_0627_t001_hlfast_utc16_a:2058,would_submit,,pass,1.76359306,1.76359306,buy,60094.20543722,60093,12.05437224,1.5,touch,Alo,True,0,0,-1.5,binance_source_age_high,basis_high,False,False,False,False
2069,xemm_0627_t001_hlfast_utc16_a,high_activity_liquidity,xemm_0627_t001_hlfast_utc16_a:2069,would_submit,,pass,4.29403871,4.29403871,buy,60095.21761548,60093,22.17615484,1.5,touch,Alo,True,0,0,-1.5,binance_source_age_mid,basis_high,False,False,False,False
2080,xemm_0627_t001_hlfast_utc16_a,high_activity_liquidity,xemm_0627_t001_hlfast_utc16_a:2080,would_submit,,pass,2.72690326,2.72690326,buy,60094.5907613,60093,15.90761304,1.5,touch,Alo,True,60,60,58.5,binance_source_age_low,basis_high,False,False,False,False
2090,xemm_0627_t001_hlfast_utc16_a,high_activity_liquidity,xemm_0627_t001_hlfast_utc16_a:2090,would_submit,,pass,1.02670169,1.02670169,buy,60109.91068068,60109,9.10680676,1.5,touch,Alo,True,0,0,-1.5,binance_source_age_low,basis_high,False,False,False,False
2092,xemm_0627_t001_hlfast_utc16_a,high_activity_liquidity,xemm_0627_t001_hlfast_utc16_a:2092,would_submit,,pass,1.01253837,1.01253837,buy,60109.90501535,60109,9.05015348,1.5,touch,Alo,True,0,0,-1.5,binance_source_age_low,basis_high,False,False,False,False
2094,xemm_0627_t001_hlfast_utc16_a,high_activity_liquidity,xemm_0627_t001_hlfast_utc16_a:2094,would_submit,,pass,1.06881907,1.06881907,buy,60109.92752763,60109,9.27527628,1.5,touch,Alo,True,0,0,-1.5,binance_source_age_high,basis_high,False,False,False,False
2099,xemm_0627_t001_hlfast_utc16_a,high_activity_liquidity,xemm_0627_t001_hlfast_utc16_a:2099,would_submit,,pass,3.8160541,3.8160541,buy,60121.02642164,60119,20.2642164,1.5,touch,Alo,True,100,100,98.5,binance_source_age_high,basis_high,False,False,False,False
2121,xemm_0627_t001_hlfast_utc16_a,high_activity_liquidity,xemm_0627_t001_hlfast_utc16_a:2121,would_submit,,pass,-1.11034718,1.11034718,sell,60140.05586113,60141,9.44138872,1.5,touch,Alo,True,0,-0,-1.5,binance_source_age_high,basis_high,False,False,False,False
2136,xemm_0627_t001_hlfast_utc16_a,high_activity_liquidity,xemm_0627_t001_hlfast_utc16_a:2136,would_submit,,pass,-1.94286345,1.94286345,sell,60133.72285462,60135,12.7714538,1.5,touch,Alo,True,0,-0,-1.5,binance_source_age_mid,basis_high,False,False,False,False
2146,xemm_0627_t001_hlfast_utc16_a,high_activity_liquidity,xemm_0627_t001_hlfast_utc16_a:2146,would_submit,,pass,-1.13090033,1.13090033,sell,60128.04763987,60129,9.52360132,1.5,touch,Alo,True,-100,100,98.5,binance_source_age_low,basis_low,False,False,False,False
2147,xemm_0627_t001_hlfast_utc16_a,high_activity_liquidity,xemm_0627_t001_hlfast_utc16_a:2147,would_submit,,pass,-1.022721,1.022721,sell,60128.0909116,60129,9.090884,1.5,touch,Alo,True,-100,100,98.5,binance_source_age_low,basis_low,False,False,False,False
2152,xemm_0627_t001_hlfast_utc16_a,high_activity_liquidity,xemm_0627_t001_hlfast_utc16_a:2152,would_submit,,pass,1.09469286,1.09469286,buy,60116.93787714,60116,9.37877144,1.5,touch,Alo,True,35,35,33.5,binance_source_age_low,basis_high,False,False,False,False
2162,xemm_0627_t001_hlfast_utc16_a,high_activity_liquidity,xemm_0627_t001_hlfast_utc16_a:2162,would_submit,,pass,1.07439289,1.07439289,buy,60125.92975716,60125,9.29757156,1.5,touch,Alo,True,50,50,48.5,binance_source_age_low,basis_high,False,False,False,False
2167,xemm_0627_t001_hlfast_utc16_a,high_activity_liquidity,xemm_0627_t001_hlfast_utc16_a:2167,would_submit,,pass,-1.14581805,1.14581805,sell,60130.04167278,60131,9.5832722,1.5,touch,Alo,True,-70,70,68.5,binance_source_age_mid,basis_mid,False,False,False,False
2171,xemm_0627_t001_hlfast_utc16_a,high_activity_liquidity,xemm_0627_t001_hlfast_utc16_a:2171,would_submit,,pass,-1.5055597,1.5055597,sell,60121.89777612,60123,11.0222388,1.5,touch,Alo,True,-70,70,68.5,binance_source_age_low,basis_mid,False,False,False,False
2177,xemm_0627_t001_hlfast_utc16_a,high_activity_liquidity,xemm_0627_t001_hlfast_utc16_a:2177,would_submit,,pass,1.04998664,1.04998664,buy,60115.91999466,60115,9.19994656,1.5,touch,Alo,True,0,0,-1.5,binance_source_age_mid,basis_high,False,False,False,False
2180,xemm_0627_t001_hlfast_utc16_a,high_activity_liquidity,xemm_0627_t001_hlfast_utc16_a:2180,would_submit,,pass,1.03759049,1.03759049,buy,60116.9150362,60116,9.15036196,1.5,touch,Alo,True,80,80,78.5,binance_source_age_high,basis_high,False,False,False,False
2182,xemm_0627_t001_hlfast_utc16_a,high_activity_liquidity,xemm_0627_t001_hlfast_utc16_a:2182,would_submit,,pass,1.03492781,1.03492781,buy,60124.91397112,60124,9.13971124,1.5,touch,Alo,True,50,50,48.5,binance_source_age_mid,basis_high,False,False,False,False
2183,xemm_0627_t001_hlfast_utc16_a,high_activity_liquidity,xemm_0627_t001_hlfast_utc16_a:2183,would_submit,,pass,1.04296156,1.04296156,buy,60124.91718462,60124,9.17184624,1.5,touch,Alo,True,50,50,48.5,binance_source_age_high,basis_high,False,False,False,False
2184,xemm_0627_t001_hlfast_utc16_a,high_activity_liquidity,xemm_0627_t001_hlfast_utc16_a:2184,would_submit,,pass,1.0548507,1.0548507,buy,60129.92194028,60129,9.2194028,1.5,touch,Alo,True,0,0,-1.5,binance_source_age_low,basis_high,False,False,False,False
2186,xemm_0627_t001_hlfast_utc16_a,high_activity_liquidity,xemm_0627_t001_hlfast_utc16_a:2186,would_submit,,pass,-1.13857857,1.13857857,sell,60129.04456857,60130,9.55431428,1.5,touch,Alo,True,-50,50,48.5,binance_source_age_high,basis_mid,False,False,False,False
2195,xemm_0627_t001_hlfast_utc16_a,high_activity_liquidity,xemm_0627_t001_hlfast_utc16_a:2195,would_submit,,pass,-1.13001384,1.13001384,sell,60126.04799446,60127,9.52005536,1.5,touch,Alo,True,-20,20,18.5,binance_source_age_low,basis_mid,False,False,False,False
2196,xemm_0627_t001_hlfast_utc16_a,high_activity_liquidity,xemm_0627_t001_hlfast_utc16_a:2196,would_submit,,pass,-1.13256369,1.13256369,sell,60124.04697452,60125,9.53025476,1.5,touch,Alo,True,-30,30,28.5,binance_source_age_high,basis_mid,False,False,False,False
2197,xemm_0627_t001_hlfast_utc16_a,high_activity_liquidity,xemm_0627_t001_hlfast_utc16_a:2197,would_submit,,pass,-1.14627124,1.14627124,sell,60124.0414915,60125,9.58508496,1.5,touch,Alo,True,-55,55,53.5,binance_source_age_mid,basis_low,False,False,False,False
2202,xemm_0627_t001_hlfast_utc16_a,high_activity_liquidity,xemm_0627_t001_hlfast_utc16_a:2202,would_submit,,pass,2.81482005,2.81482005,buy,60115.62592802,60114,16.2592802,1.5,touch,Alo,True,0,0,-1.5,binance_source_age_low,basis_high,False,False,False,False
2217,xemm_0627_t001_hlfast_utc16_a,high_activity_liquidity,xemm_0627_t001_hlfast_utc16_a:2217,would_submit,,pass,1.00297408,1.00297408,buy,60129.90118963,60129,9.01189632,1.5,touch,Alo,True,20,20,18.5,binance_source_age_mid,basis_high,False,False,False,False
2222,xemm_0627_t001_hlfast_utc16_a,high_activity_liquidity,xemm_0627_t001_hlfast_utc16_a:2222,would_submit,,pass,1.00826619,1.00826619,buy,60131.90330648,60131,9.03306476,1.5,touch,Alo,True,0,0,-1.5,binance_source_age_high,basis_high,False,False,False,False
2237,xemm_0627_t001_hlfast_utc16_a,high_activity_liquidity,xemm_0627_t001_hlfast_utc16_a:2237,would_submit,,pass,-1.12377136,1.12377136,sell,60116.05049146,60117,9.49508544,1.5,touch,Alo,True,0,-0,-1.5,binance_source_age_mid,basis_high,False,False,False,False
2249,xemm_0627_t001_hlfast_utc16_a,high_activity_liquidity,xemm_0627_t001_hlfast_utc16_a:2249,would_submit,,pass,-1.1353981,1.1353981,sell,60101.04584076,60102,9.5415924,1.5,touch,Alo,True,0,-0,-1.5,binance_source_age_low,basis_high,False,False,False,False
2258,xemm_0627_t001_hlfast_utc16_a,high_activity_liquidity,xemm_0627_t001_hlfast_utc16_a:2258,would_submit,,pass,-2.12697025,2.12697025,sell,60100.6492119,60102,13.507881,1.5,touch,Alo,True,0,-0,-1.5,binance_source_age_high,basis_mid,False,False,False,False
2260,xemm_0627_t001_hlfast_utc16_a,high_activity_liquidity,xemm_0627_t001_hlfast_utc16_a:2260,would_submit,,pass,1.07918711,1.07918711,buy,60101.93167484,60101,9.31674844,1.5,touch,Alo,True,0,0,-1.5,binance_source_age_low,basis_high,False,False,False,False
2261,xemm_0627_t001_hlfast_utc16_a,high_activity_liquidity,xemm_0627_t001_hlfast_utc16_a:2261,would_submit,,pass,1.07942618,1.07942618,buy,60093.93177047,60093,9.31770472,1.5,touch,Alo,True,90,90,88.5,binance_source_age_low,basis_high,False,False,False,False
2274,xemm_0627_t001_hlfast_utc16_a,high_activity_liquidity,xemm_0627_t001_hlfast_utc16_a:2274,would_submit,,pass,1.02471526,1.02471526,buy,60129.9098861,60129,9.09886104,1.5,touch,Alo,True,0,0,-1.5,binance_source_age_low,basis_high,False,False,False,False
2290,xemm_0627_t001_hlfast_utc16_a,high_activity_liquidity,xemm_0627_t001_hlfast_utc16_a:2290,would_submit,,pass,-1.11323856,1.11323856,sell,60129.05470458,60130,9.45295424,1.5,touch,Alo,True,0,-0,-1.5,binance_source_age_mid,basis_high,False,False,False,False
2291,xemm_0627_t001_hlfast_utc16_a,high_activity_liquidity,xemm_0627_t001_hlfast_utc16_a:2291,would_submit,,pass,-1.11368221,1.11368221,sell,60129.05452712,60130,9.45472884,1.5,touch,Alo,True,0,-0,-1.5,binance_source_age_low,basis_high,False,False,False,False
2300,xemm_0627_t001_hlfast_utc16_a,high_activity_liquidity,xemm_0627_t001_hlfast_utc16_a:2300,would_submit,,pass,1.00057331,1.00057331,buy,60124.90022932,60124,9.00229324,1.5,touch,Alo,True,-10,-10,-11.5,binance_source_age_high,basis_mid,False,False,False,False
2310,xemm_0627_t001_hlfast_utc16_a,high_activity_liquidity,xemm_0627_t001_hlfast_utc16_a:2310,would_submit,,pass,1.71539169,1.71539169,buy,60124.18615668,60123,11.86156676,1.5,touch,Alo,True,0,0,-1.5,binance_source_age_mid,basis_high,False,False,False,False
2312,xemm_0627_t001_hlfast_utc16_a,high_activity_liquidity,xemm_0627_t001_hlfast_utc16_a:2312,would_submit,,pass,-4.17905749,4.17905749,sell,60121.828377,60124,21.71622996,1.5,touch,Alo,True,90,-90,-91.5,binance_source_age_high,basis_high,False,False,False,False
2316,xemm_0627_t001_hlfast_utc16_a,high_activity_liquidity,xemm_0627_t001_hlfast_utc16_a:2316,would_submit,,pass,-1.09976631,1.09976631,sell,60126.06009348,60127,9.39906524,1.5,touch,Alo,True,0,-0,-1.5,binance_source_age_low,basis_high,False,False,False,False
2317,xemm_0627_t001_hlfast_utc16_a,high_activity_liquidity,xemm_0627_t001_hlfast_utc16_a:2317,would_submit,,pass,-1.09693052,1.09693052,sell,60126.06122779,60127,9.38772208,1.5,touch,Alo,True,-10,10,8.5,binance_source_age_high,basis_high,False,False,False,False
2318,xemm_0627_t001_hlfast_utc16_a,high_activity_liquidity,xemm_0627_t001_hlfast_utc16_a:2318,would_submit,,pass,-1.09274934,1.09274934,sell,60126.06290026,60127,9.37099736,1.5,touch,Alo,True,-10,10,8.5,binance_source_age_high,basis_high,False,False,False,False
2319,xemm_0627_t001_hlfast_utc16_a,high_activity_liquidity,xemm_0627_t001_hlfast_utc16_a:2319,would_submit,,pass,-2.60073655,2.60073655,sell,60124.45970538,60126,15.4029462,1.5,touch,Alo,True,0,-0,-1.5,binance_source_age_mid,basis_low,False,False,False,False
2323,xemm_0627_t001_hlfast_utc16_a,high_activity_liquidity,xemm_0627_t001_hlfast_utc16_a:2323,would_submit,,pass,1.01675529,1.01675529,buy,60118.90670212,60118,9.06702116,1.5,touch,Alo,True,-10,-10,-11.5,binance_source_age_low,basis_low,False,False,False,False
2333,xemm_0627_t001_hlfast_utc16_a,high_activity_liquidity,xemm_0627_t001_hlfast_utc16_a:2333,would_submit,,pass,1.02550232,1.02550232,buy,60105.91020093,60105,9.10200928,1.5,touch,Alo,True,20,20,18.5,binance_source_age_low,basis_high,False,False,False,False
2334,xemm_0627_t001_hlfast_utc16_a,high_activity_liquidity,xemm_0627_t001_hlfast_utc16_a:2334,would_submit,,pass,1.0446756,1.0446756,buy,60105.91787024,60105,9.1787024,1.5,touch,Alo,True,90,90,88.5,binance_source_age_low,basis_high,False,False,False,False
2343,xemm_0627_t001_hlfast_utc16_a,high_activity_liquidity,xemm_0627_t001_hlfast_utc16_a:2343,would_submit,,pass,-3.46753777,3.46753777,sell,60121.61298489,60124,23.87015108,1.5,touch,Alo,True,-5,5,3.5,binance_source_age_mid,basis_mid,False,False,False,False
2348,xemm_0627_t001_hlfast_utc16_a,high_activity_liquidity,xemm_0627_t001_hlfast_utc16_a:2348,would_submit,,pass,-1.85154528,1.85154528,sell,60121.75938189,60123,12.40618112,1.5,touch,Alo,True,-20,20,18.5,binance_source_age_mid,basis_low,False,False,False,False
2379,xemm_0627_t001_hlfast_utc16_a,high_activity_liquidity,xemm_0627_t001_hlfast_utc16_a:2379,would_submit,,pass,-1.10705094,1.10705094,sell,60107.05717962,60108,9.42820376,1.5,touch,Alo,True,0,-0,-1.5,binance_source_age_high,basis_high,False,False,False,False
2384,xemm_0627_t001_hlfast_utc16_a,high_activity_liquidity,xemm_0627_t001_hlfast_utc16_a:2384,would_submit,,pass,-3.0459908,3.0459908,sell,60105.28160368,60107,17.1839632,1.5,touch,Alo,True,-120,120,118.5,binance_source_age_low,basis_low,False,False,False,False
2396,xemm_0627_t001_hlfast_utc16_a,high_activity_liquidity,xemm_0627_t001_hlfast_utc16_a:2396,would_submit,,pass,1.00763388,1.00763388,buy,60099.40305355,60098,14.03053552,1.5,touch,Alo,True,85,85,83.5,binance_source_age_mid,basis_high,False,False,False,False
2451,xemm_0627_t001_hlfast_utc16_a,high_activity_liquidity,xemm_0627_t001_hlfast_utc16_a:2451,would_submit,,pass,-1.10230756,1.10230756,sell,60100.05907698,60101,9.40923024,1.5,touch,Alo,True,0,-0,-1.5,binance_source_age_mid,basis_mid,False,False,False,False
2452,xemm_0627_t001_hlfast_utc16_a,high_activity_liquidity,xemm_0627_t001_hlfast_utc16_a:2452,would_submit,,pass,-1.10038533,1.10038533,sell,60100.05984587,60101,9.40154132,1.5,touch,Alo,True,0,-0,-1.5,binance_source_age_low,basis_mid,False,False,False,False
2474,xemm_0627_t001_hlfast_utc16_a,high_activity_liquidity,xemm_0627_t001_hlfast_utc16_a:2474,would_submit,,pass,-1.02574503,1.02574503,sell,60104.08970199,60105,9.10298012,1.5,touch,Alo,True,0,-0,-1.5,binance_source_age_high,basis_high,False,False,False,False
2483,xemm_0627_t001_hlfast_utc16_a,high_activity_liquidity,xemm_0627_t001_hlfast_utc16_a:2483,would_submit,,pass,1.04775018,1.04775018,buy,60104.91910007,60104,9.19100072,1.5,touch,Alo,True,20,20,18.5,binance_source_age_mid,basis_high,False,False,False,False
2486,xemm_0627_t001_hlfast_utc16_a,high_activity_liquidity,xemm_0627_t001_hlfast_utc16_a:2486,would_submit,,pass,-1.01742875,1.01742875,sell,60106.0930285,60107,9.069715,1.5,touch,Alo,True,0,-0,-1.5,binance_source_age_low,basis_high,False,False,False,False
2487,xemm_0627_t001_hlfast_utc16_a,high_activity_liquidity,xemm_0627_t001_hlfast_utc16_a:2487,would_submit,,pass,-1.01557622,1.01557622,sell,60106.09376951,60107,9.06230488,1.5,touch,Alo,True,-10,10,8.5,binance_source_age_high,basis_high,False,False,False,False
2491,xemm_0627_t001_hlfast_utc16_a,high_activity_liquidity,xemm_0627_t001_hlfast_utc16_a:2491,would_submit,,pass,-1.09346291,1.09346291,sell,60102.06261484,60103,9.37385164,1.5,touch,Alo,True,-50,50,48.5,binance_source_age_high,basis_mid,False,False,False,False
2496,xemm_0627_t001_hlfast_utc16_a,high_activity_liquidity,xemm_0627_t001_hlfast_utc16_a:2496,would_submit,,pass,-1.1144019,1.1144019,sell,60085.05423924,60086,9.4576076,1.5,touch,Alo,True,20,-20,-21.5,binance_source_age_high,basis_high,False,False,False,False
2497,xemm_0627_t001_hlfast_utc16_a,high_activity_liquidity,xemm_0627_t001_hlfast_utc16_a:2497,would_submit,,pass,-1.10990103,1.10990103,sell,60086.05603959,60088,19.43960412,1.5,touch,Alo,True,10,-10,-11.5,binance_source_age_mid,basis_high,False,False,False,False
2504,xemm_0627_t001_hlfast_utc16_a,high_activity_liquidity,xemm_0627_t001_hlfast_utc16_a:2504,would_submit,,pass,-6.15146127,6.15146127,sell,60085.03941549,60088,29.60584508,1.5,touch,Alo,True,0,-0,-1.5,binance_source_age_high,basis_low,False,False,False,False
2509,xemm_0627_t001_hlfast_utc16_a,high_activity_liquidity,xemm_0627_t001_hlfast_utc16_a:2509,would_submit,,pass,1.99057659,1.99057659,buy,60081.29623064,60080,12.96230636,1.5,touch,Alo,True,0,0,-1.5,binance_source_age_mid,basis_high,False,False,False,False
2511,xemm_0627_t001_hlfast_utc16_a,high_activity_liquidity,xemm_0627_t001_hlfast_utc16_a:2511,would_submit,,pass,-1.02057961,1.02057961,sell,60080.09176816,60081,9.08231844,1.5,touch,Alo,True,90,-90,-91.5,binance_source_age_low,basis_high,False,False,False,False
2521,xemm_0627_t001_hlfast_utc16_a,high_activity_liquidity,xemm_0627_t001_hlfast_utc16_a:2521,would_submit,,pass,-1.03434944,1.03434944,sell,60087.08626022,60088,9.13739776,1.5,touch,Alo,True,0,-0,-1.5,binance_source_age_high,basis_high,False,False,False,False
2524,xemm_0627_t001_hlfast_utc16_a,high_activity_liquidity,xemm_0627_t001_hlfast_utc16_a:2524,would_submit,,pass,-2.17952984,2.17952984,sell,60080.62818806,60082,13.71811936,1.5,touch,Alo,True,-10,10,8.5,binance_source_age_high,basis_high,False,False,False,False
2534,xemm_0627_t001_hlfast_utc16_a,high_activity_liquidity,xemm_0627_t001_hlfast_utc16_a:2534,would_submit,,pass,3.34117479,3.34117479,buy,60092.83646992,60091,18.36469916,1.5,touch,Alo,True,0,0,-1.5,binance_source_age_mid,basis_high,False,False,False,False
2542,xemm_0627_t001_hlfast_utc16_a,high_activity_liquidity,xemm_0627_t001_hlfast_utc16_a:2542,would_submit,,pass,2.6072378,2.6072378,buy,60092.54289512,60091,15.4289512,1.5,touch,Alo,True,5,5,3.5,binance_source_age_low,basis_high,False,False,False,False
2549,xemm_0627_t001_hlfast_utc16_a,high_activity_liquidity,xemm_0627_t001_hlfast_utc16_a:2549,would_submit,,pass,1.03578379,1.03578379,buy,60104.91431352,60104,9.14313516,1.5,touch,Alo,True,20,20,18.5,binance_source_age_high,basis_high,False,False,False,False
2561,xemm_0627_t001_hlfast_utc16_a,high_activity_liquidity,xemm_0627_t001_hlfast_utc16_a:2561,would_submit,,pass,1.036871,1.036871,buy,60108.9147484,60108,9.147484,1.5,touch,Alo,True,10,10,8.5,binance_source_age_high,basis_high,False,False,False,False
2563,xemm_0627_t001_hlfast_utc16_a,high_activity_liquidity,xemm_0627_t001_hlfast_utc16_a:2563,would_submit,,pass,-1.08612738,1.08612738,sell,60109.06554905,60110,9.34450952,1.5,touch,Alo,True,70,-70,-71.5,binance_source_age_low,basis_high,False,False,False,False
2569,xemm_0627_t001_hlfast_utc16_a,high_activity_liquidity,xemm_0627_t001_hlfast_utc16_a:2569,would_submit,,pass,1.00849738,1.00849738,buy,60130.90339895,60130,9.03398952,1.5,touch,Alo,True,0,0,-1.5,binance_source_age_low,basis_high,False,False,False,False
2570,xemm_0627_t001_hlfast_utc16_a,high_activity_liquidity,xemm_0627_t001_hlfast_utc16_a:2570,would_submit,,pass,3.09440535,3.09440535,buy,60131.73776214,60130,17.3776214,1.5,touch,Alo,True,0,0,-1.5,binance_source_age_low,basis_high,False,False,False,False
2588,xemm_0627_t001_hlfast_utc16_a,high_activity_liquidity,xemm_0627_t001_hlfast_utc16_a:2588,would_submit,,pass,1.07696274,1.07696274,buy,60121.9307851,60121,9.30785096,1.5,touch,Alo,True,-40,-40,-41.5,binance_source_age_low,basis_high,False,False,False,False
2591,xemm_0627_t001_hlfast_utc16_a,high_activity_liquidity,xemm_0627_t001_hlfast_utc16_a:2591,would_submit,,pass,-1.00978165,1.00978165,sell,60118.09608734,60119,9.0391266,1.5,touch,Alo,True,30,-30,-31.5,binance_source_age_high,basis_high,False,False,False,False
2593,xemm_0627_t001_hlfast_utc16_a,high_activity_liquidity,xemm_0627_t001_hlfast_utc16_a:2593,would_submit,,pass,-1.15188375,1.15188375,sell,60121.0392465,60122,9.607535,1.5,touch,Alo,True,10,-10,-11.5,binance_source_age_high,basis_high,False,False,False,False
2594,xemm_0627_t001_hlfast_utc16_a,high_activity_liquidity,xemm_0627_t001_hlfast_utc16_a:2594,would_submit,,pass,-1.06043357,1.06043357,sell,60122.07582657,60123,9.24173428,1.5,touch,Alo,True,0,-0,-1.5,binance_source_age_high,basis_high,False,False,False,False
2602,xemm_0627_t001_hlfast_utc16_a,high_activity_liquidity,xemm_0627_t001_hlfast_utc16_a:2602,would_submit,,pass,-1.12923529,1.12923529,sell,60122.04830588,60123,9.51694116,1.5,touch,Alo,True,-30,30,28.5,binance_source_age_high,basis_mid,False,False,False,False
2603,xemm_0627_t001_hlfast_utc16_a,high_activity_liquidity,xemm_0627_t001_hlfast_utc16_a:2603,would_submit,,pass,-1.13067198,1.13067198,sell,60122.04773121,60123,9.52268792,1.5,touch,Alo,True,-90,90,88.5,binance_source_age_high,basis_mid,False,False,False,False
2614,xemm_0627_t001_hlfast_utc16_a,high_activity_liquidity,xemm_0627_t001_hlfast_utc16_a:2614,would_submit,,pass,-1.32702233,1.32702233,sell,60112.96919107,60114,10.30808932,1.5,touch,Alo,True,0,-0,-1.5,binance_source_age_mid,basis_high,False,False,False,False
2621,xemm_0627_t001_hlfast_utc16_a,high_activity_liquidity,xemm_0627_t001_hlfast_utc16_a:2621,would_submit,,pass,1.01256701,1.01256701,buy,60111.9050268,60111,9.05026804,1.5,touch,Alo,True,0,0,-1.5,binance_source_age_low,basis_mid,False,False,False,False
2631,xemm_0627_t001_hlfast_utc16_a,high_activity_liquidity,xemm_0627_t001_hlfast_utc16_a:2631,would_submit,,pass,-1.10918071,1.10918071,sell,60109.05632772,60110,9.43672284,1.5,touch,Alo,True,0,-0,-1.5,binance_source_age_low,basis_mid,False,False,False,False
2636,xemm_0627_t001_hlfast_utc16_a,high_activity_liquidity,xemm_0627_t001_hlfast_utc16_a:2636,would_submit,,pass,-1.15297565,1.15297565,sell,60101.03880974,60102,9.6119026,1.5,touch,Alo,True,-30,30,28.5,binance_source_age_mid,basis_mid,False,False,False,False
2646,xemm_0627_t001_hlfast_utc16_a,high_activity_liquidity,xemm_0627_t001_hlfast_utc16_a:2646,would_submit,,pass,1.02473055,1.02473055,buy,60095.90989222,60095,9.0989222,1.5,touch,Alo,True,40,40,38.5,binance_source_age_mid,basis_high,False,False,False,False
2648,xemm_0627_t001_hlfast_utc16_a,high_activity_liquidity,xemm_0627_t001_hlfast_utc16_a:2648,would_submit,,pass,1.03451975,1.03451975,buy,60099.9138079,60099,9.138079,1.5,touch,Alo,True,160,160,158.5,binance_source_age_high,basis_high,False,False,False,False
2650,xemm_0627_t001_hlfast_utc16_a,high_activity_liquidity,xemm_0627_t001_hlfast_utc16_a:2650,would_submit,,pass,1.06582363,1.06582363,buy,60115.92632945,60115,9.26329452,1.5,touch,Alo,True,120,120,118.5,binance_source_age_high,basis_high,False,False,False,False
2664,xemm_0627_t001_hlfast_utc16_a,high_activity_liquidity,xemm_0627_t001_hlfast_utc16_a:2664,would_submit,,pass,1.4293798,1.4293798,buy,60138.07175192,60137,10.7175192,1.5,touch,Alo,True,0,0,-1.5,binance_source_age_low,basis_high,False,False,False,False
2681,xemm_0627_t001_hlfast_utc16_a,high_activity_liquidity,xemm_0627_t001_hlfast_utc16_a:2681,would_submit,,pass,-3.54929355,3.54929355,sell,60163.08028258,60176,129.1971742,1.5,touch,Alo,True,105,-105,-106.5,binance_source_age_mid,basis_high,False,False,False,False
2686,xemm_0627_t001_hlfast_utc16_a,high_activity_liquidity,xemm_0627_t001_hlfast_utc16_a:2686,would_submit,,pass,2.84709729,2.84709729,buy,60182.63883892,60181,16.38838916,1.5,touch,Alo,True,10,10,8.5,binance_source_age_high,basis_high,False,False,False,False
2708,xemm_0627_t001_hlfast_utc16_a,high_activity_liquidity,xemm_0627_t001_hlfast_utc16_a:2708,would_submit,,pass,-1.06199011,1.06199011,sell,60177.07520396,60178,9.24796044,1.5,touch,Alo,True,0,-0,-1.5,binance_source_age_mid,basis_high,False,False,False,False
2709,xemm_0627_t001_hlfast_utc16_a,high_activity_liquidity,xemm_0627_t001_hlfast_utc16_a:2709,would_submit,,pass,-1.05929999,1.05929999,sell,60177.07628,60178,9.23719996,1.5,touch,Alo,True,0,-0,-1.5,binance_source_age_mid,basis_high,False,False,False,False
2716,xemm_0627_t001_hlfast_utc16_a,high_activity_liquidity,xemm_0627_t001_hlfast_utc16_a:2716,would_submit,,pass,-1.8085162,1.8085162,sell,60173.77659352,60175,12.2340648,1.5,touch,Alo,True,-10,10,8.5,binance_source_age_low,basis_mid,False,False,False,False
2720,xemm_0627_t001_hlfast_utc16_a,high_activity_liquidity,xemm_0627_t001_hlfast_utc16_a:2720,would_submit,,pass,1.70521211,1.70521211,buy,60174.18208484,60173,11.82084844,1.5,touch,Alo,True,0,0,-1.5,binance_source_age_low,basis_high,False,False,False,False
2727,xemm_0627_t001_hlfast_utc16_a,high_activity_liquidity,xemm_0627_t001_hlfast_utc16_a:2727,would_submit,,pass,1.0810607,1.0810607,buy,60173.93242428,60173,9.3242428,1.5,touch,Alo,True,0,0,-1.5,binance_source_age_high,basis_high,False,False,False,False
2731,xemm_0627_t001_hlfast_utc16_a,high_activity_liquidity,xemm_0627_t001_hlfast_utc16_a:2731,would_submit,,pass,-1.03469914,1.03469914,sell,60181.08612034,60183,19.13879656,1.5,touch,Alo,True,-5,5,3.5,binance_source_age_mid,basis_high,False,False,False,False
2732,xemm_0627_t001_hlfast_utc16_a,high_activity_liquidity,xemm_0627_t001_hlfast_utc16_a:2732,would_submit,,pass,-1.03777725,1.03777725,sell,60180.5848891,60182,14.151109,1.5,touch,Alo,True,25,-25,-26.5,binance_source_age_low,basis_high,False,False,False,False
2736,xemm_0627_t001_hlfast_utc16_a,high_activity_liquidity,xemm_0627_t001_hlfast_utc16_a:2736,would_submit,,pass,-1.13669985,1.13669985,sell,60183.04532006,60184,9.5467994,1.5,touch,Alo,True,0,-0,-1.5,binance_source_age_high,basis_mid,False,False,False,False
2768,xemm_0627_t001_hlfast_utc16_a,high_activity_liquidity,xemm_0627_t001_hlfast_utc16_a:2768,would_submit,,pass,-2.72516753,2.72516753,sell,60198.40993299,60200,15.90067012,1.5,touch,Alo,True,10,-10,-11.5,binance_source_age_low,basis_high,False,False,False,False
2773,xemm_0627_t001_hlfast_utc16_a,high_activity_liquidity,xemm_0627_t001_hlfast_utc16_a:2773,would_submit,,pass,-1.11680434,1.11680434,sell,60216.05327826,60217,9.46721736,1.5,touch,Alo,True,0,-0,-1.5,binance_source_age_low,basis_high,False,False,False,False
2781,xemm_0627_t001_hlfast_utc16_a,high_activity_liquidity,xemm_0627_t001_hlfast_utc16_a:2781,would_submit,,pass,3.5448662,3.5448662,buy,60211.91794648,60210,19.1794648,1.5,touch,Alo,True,0,0,-1.5,binance_source_age_low,basis_mid,False,False,False,False
2791,xemm_0627_t001_hlfast_utc16_a,high_activity_liquidity,xemm_0627_t001_hlfast_utc16_a:2791,would_submit,,pass,-1.10715455,1.10715455,sell,60221.05713818,60222,9.4286182,1.5,touch,Alo,True,-5,5,3.5,binance_source_age_low,basis_low,False,False,False,False
2802,xemm_0627_t001_hlfast_utc16_a,high_activity_liquidity,xemm_0627_t001_hlfast_utc16_a:2802,would_submit,,pass,18.28032852,18.28032852,buy,60219.81213141,60212,78.12131408,1.5,touch,Alo,True,110,110,108.5,binance_source_age_low,basis_high,False,False,False,False
2814,xemm_0627_t001_hlfast_utc16_a,high_activity_liquidity,xemm_0627_t001_hlfast_utc16_a:2814,would_submit,,pass,-1.10012782,1.10012782,sell,60209.05994887,60210,9.40051128,1.5,touch,Alo,True,-70,70,68.5,binance_source_age_high,basis_low,False,False,False,False
2828,xemm_0627_t001_hlfast_utc16_a,high_activity_liquidity,xemm_0627_t001_hlfast_utc16_a:2828,would_submit,,pass,1.06293301,1.06293301,buy,60203.9251732,60203,9.25173204,1.5,touch,Alo,True,0,0,-1.5,binance_source_age_high,basis_high,False,False,False,False
2838,xemm_0627_t001_hlfast_utc16_a,high_activity_liquidity,xemm_0627_t001_hlfast_utc16_a:2838,would_submit,,pass,3.47915709,3.47915709,buy,60227.89166284,60226,18.91662836,1.5,touch,Alo,True,0,0,-1.5,binance_source_age_low,basis_high,False,False,False,False
2845,xemm_0627_t001_hlfast_utc16_a,high_activity_liquidity,xemm_0627_t001_hlfast_utc16_a:2845,would_submit,,pass,1.0428068,1.0428068,buy,60229.91712272,60229,9.1712272,1.5,touch,Alo,True,0,0,-1.5,binance_source_age_mid,basis_high,False,False,False,False
2884,xemm_0627_t001_hlfast_utc16_a,high_activity_liquidity,xemm_0627_t001_hlfast_utc16_a:2884,would_submit,,pass,1.07056612,1.07056612,buy,60239.92822645,60239,9.28226448,1.5,touch,Alo,True,20,20,18.5,binance_source_age_low,basis_high,False,False,False,False
2898,xemm_0627_t001_hlfast_utc16_a,high_activity_liquidity,xemm_0627_t001_hlfast_utc16_a:2898,would_submit,,pass,-2.68213038,2.68213038,sell,60254.42714785,60256,15.72852152,1.5,touch,Alo,True,-5,5,3.5,binance_source_age_high,basis_mid,False,False,False,False
2899,xemm_0627_t001_hlfast_utc16_a,high_activity_liquidity,xemm_0627_t001_hlfast_utc16_a:2899,would_submit,,pass,-1.08177785,1.08177785,sell,60255.06728886,60256,9.3271114,1.5,touch,Alo,True,-60,60,58.5,binance_source_age_mid,basis_mid,False,False,False,False
2917,xemm_0627_t001_hlfast_utc16_a,high_activity_liquidity,xemm_0627_t001_hlfast_utc16_a:2917,would_submit,,pass,-1.00695668,1.00695668,sell,60250.09721733,60251,9.02782672,1.5,touch,Alo,True,-45,45,43.5,binance_source_age_low,basis_low,False,False,False,False
2932,xemm_0627_t001_hlfast_utc16_a,high_activity_liquidity,xemm_0627_t001_hlfast_utc16_a:2932,would_submit,,pass,-1.93407472,1.93407472,sell,60231.72637011,60233,12.73629888,1.5,touch,Alo,True,0,-0,-1.5,binance_source_age_low,basis_high,False,False,False,False
2935,xemm_0627_t001_hlfast_utc16_a,high_activity_liquidity,xemm_0627_t001_hlfast_utc16_a:2935,would_submit,,pass,-2.39015525,2.39015525,sell,60252.5439379,60254,14.560621,1.5,touch,Alo,True,-10,10,8.5,binance_source_age_low,basis_low,False,False,False,False
2947,xemm_0627_t001_hlfast_utc16_a,high_activity_liquidity,xemm_0627_t001_hlfast_utc16_a:2947,would_submit,,pass,1.02985449,1.02985449,buy,60217.4119418,60213,44.11941796,1.5,touch,Alo,True,-115,-115,-116.5,binance_source_age_low,basis_low,False,False,False,False
2978,xemm_0627_t001_hlfast_utc16_a,high_activity_liquidity,xemm_0627_t001_hlfast_utc16_a:2978,would_submit,,pass,-1.16422225,1.16422225,sell,60206.0343111,60207,9.656889,1.5,touch,Alo,True,-70,70,68.5,binance_source_age_high,basis_mid,False,False,False,False
2983,xemm_0627_t001_hlfast_utc16_a,high_activity_liquidity,xemm_0627_t001_hlfast_utc16_a:2983,would_submit,,pass,-1.01349971,1.01349971,sell,60199.09460012,60200,9.05399884,1.5,touch,Alo,True,0,-0,-1.5,binance_source_age_high,basis_mid,False,False,False,False
2984,xemm_0627_t001_hlfast_utc16_a,high_activity_liquidity,xemm_0627_t001_hlfast_utc16_a:2984,would_submit,,pass,-3.42321533,3.42321533,sell,60198.13071387,60200,18.69286132,1.5,touch,Alo,True,-110,110,108.5,binance_source_age_high,basis_low,False,False,False,False
3025,xemm_0627_t001_hlfast_utc16_a,high_activity_liquidity,xemm_0627_t001_hlfast_utc16_a:3025,would_submit,,pass,-3.12527399,3.12527399,sell,60183.2498904,60185,17.50109596,1.5,touch,Alo,True,0,-0,-1.5,binance_source_age_low,basis_mid,False,False,False,False
3032,xemm_0627_t001_hlfast_utc16_a,high_activity_liquidity,xemm_0627_t001_hlfast_utc16_a:3032,would_submit,,pass,-3.96133418,3.96133418,sell,60181.91546633,60184,20.84533672,1.5,touch,Alo,True,-5,5,3.5,binance_source_age_low,basis_mid,False,False,False,False
3036,xemm_0627_t001_hlfast_utc16_a,high_activity_liquidity,xemm_0627_t001_hlfast_utc16_a:3036,would_submit,,pass,1.01214051,1.01214051,buy,60177.9048562,60177,9.04856204,1.5,touch,Alo,True,-60,-60,-61.5,binance_source_age_high,basis_low,False,False,False,False
3037,xemm_0627_t001_hlfast_utc16_a,high_activity_liquidity,xemm_0627_t001_hlfast_utc16_a:3037,would_submit,,pass,1.00081558,1.00081558,buy,60177.90032623,60177,9.00326232,1.5,touch,Alo,True,-60,-60,-61.5,binance_source_age_mid,basis_low,False,False,False,False
3041,xemm_0627_t001_hlfast_utc16_a,high_activity_liquidity,xemm_0627_t001_hlfast_utc16_a:3041,would_submit,,pass,1.06668359,1.06668359,buy,60170.92667344,60170,9.26673436,1.5,touch,Alo,True,-30,-30,-31.5,binance_source_age_low,basis_mid,False,False,False,False
3050,xemm_0627_t001_hlfast_utc16_a,high_activity_liquidity,xemm_0627_t001_hlfast_utc16_a:3050,would_submit,,pass,1.00211878,1.00211878,buy,60177.90084751,60177,9.00847512,1.5,touch,Alo,True,10,10,8.5,binance_source_age_mid,basis_high,False,False,False,False
3055,xemm_0627_t001_hlfast_utc16_a,high_activity_liquidity,xemm_0627_t001_hlfast_utc16_a:3055,would_submit,,pass,-2.83306836,2.83306836,sell,60188.36677266,60190,16.33227344,1.5,touch,Alo,True,30,-30,-31.5,binance_source_age_mid,basis_high,False,False,False,False
3080,xemm_0627_t001_hlfast_utc16_a,high_activity_liquidity,xemm_0627_t001_hlfast_utc16_a:3080,would_submit,,pass,1.73258472,1.73258472,buy,60183.19303389,60182,11.93033888,1.5,touch,Alo,True,10,10,8.5,binance_source_age_mid,basis_high,False,False,False,False
3081,xemm_0627_t001_hlfast_utc16_a,high_activity_liquidity,xemm_0627_t001_hlfast_utc16_a:3081,would_submit,,pass,1.28162425,1.28162425,buy,60183.0126497,60182,10.126497,1.5,touch,Alo,True,10,10,8.5,binance_source_age_mid,basis_high,False,False,False,False
3086,xemm_0627_t001_hlfast_utc16_a,high_activity_liquidity,xemm_0627_t001_hlfast_utc16_a:3086,would_submit,,pass,5.15281063,5.15281063,buy,60198.56112425,60196,25.61124252,1.5,touch,Alo,True,320,320,318.5,binance_source_age_low,basis_high,False,False,False,False
3089,xemm_0627_t001_hlfast_utc16_a,high_activity_liquidity,xemm_0627_t001_hlfast_utc16_a:3089,would_submit,,pass,-1.01023152,1.01023152,sell,60228.09590739,60229,9.04092608,1.5,touch,Alo,True,10,-10,-11.5,binance_source_age_low,basis_high,False,False,False,False
3136,xemm_0627_t001_hlfast_utc16_a,high_activity_liquidity,xemm_0627_t001_hlfast_utc16_a:3136,would_submit,,pass,1.06422681,1.06422681,buy,60196.92569072,60196,9.25690724,1.5,touch,Alo,True,10,10,8.5,binance_source_age_high,basis_high,False,False,False,False
3151,xemm_0627_t001_hlfast_utc16_a,high_activity_liquidity,xemm_0627_t001_hlfast_utc16_a:3151,would_submit,,pass,-1.03301368,1.03301368,sell,60198.08679453,60199,9.13205472,1.5,touch,Alo,True,0,-0,-1.5,binance_source_age_low,basis_high,False,False,False,False
3152,xemm_0627_t001_hlfast_utc16_a,high_activity_liquidity,xemm_0627_t001_hlfast_utc16_a:3152,would_submit,,pass,-1.08951235,1.08951235,sell,60198.06419506,60199,9.3580494,1.5,touch,Alo,True,0,-0,-1.5,binance_source_age_high,basis_high,False,False,False,False
3153,xemm_0627_t001_hlfast_utc16_a,high_activity_liquidity,xemm_0627_t001_hlfast_utc16_a:3153,would_submit,,pass,-1.08864885,1.08864885,sell,60198.06454046,60199,9.3545954,1.5,touch,Alo,True,0,-0,-1.5,binance_source_age_low,basis_high,False,False,False,False
3154,xemm_0627_t001_hlfast_utc16_a,high_activity_liquidity,xemm_0627_t001_hlfast_utc16_a:3154,would_submit,,pass,-1.00908849,1.00908849,sell,60198.0963646,60199,9.03635396,1.5,touch,Alo,True,0,-0,-1.5,binance_source_age_mid,basis_high,False,False,False,False
3159,xemm_0627_t001_hlfast_utc16_a,high_activity_liquidity,xemm_0627_t001_hlfast_utc16_a:3159,would_submit,,pass,-1.75596053,1.75596053,sell,60197.79761579,60199,12.02384212,1.5,touch,Alo,True,0,-0,-1.5,binance_source_age_low,basis_mid,False,False,False,False
3169,xemm_0627_t001_hlfast_utc16_a,high_activity_liquidity,xemm_0627_t001_hlfast_utc16_a:3169,would_submit,,pass,2.2356921,2.2356921,buy,60191.39427684,60190,13.9427684,1.5,touch,Alo,True,0,0,-1.5,binance_source_age_low,basis_mid,False,False,False,False
3171,xemm_0627_t001_hlfast_utc16_a,high_activity_liquidity,xemm_0627_t001_hlfast_utc16_a:3171,would_submit,,pass,1.83541827,1.83541827,buy,60191.23416731,60190,12.34167308,1.5,touch,Alo,True,0,0,-1.5,binance_source_age_high,basis_high,False,False,False,False
3208,xemm_0627_t001_hlfast_utc16_a,high_activity_liquidity,xemm_0627_t001_hlfast_utc16_a:3208,would_submit,,pass,1.07666629,1.07666629,buy,60159.93066652,60159,9.30666516,1.5,touch,Alo,True,0,0,-1.5,binance_source_age_mid,basis_high,False,False,False,False
3209,xemm_0627_t001_hlfast_utc16_a,high_activity_liquidity,xemm_0627_t001_hlfast_utc16_a:3209,would_submit,,pass,1.80469355,1.80469355,buy,60160.22187742,60159,12.2187742,1.5,touch,Alo,True,0,0,-1.5,binance_source_age_low,basis_high,False,False,False,False
3216,xemm_0627_t001_hlfast_utc16_a,high_activity_liquidity,xemm_0627_t001_hlfast_utc16_a:3216,would_submit,,pass,1.04058446,1.04058446,buy,60160.91623378,60160,9.16233784,1.5,touch,Alo,True,10,10,8.5,binance_source_age_high,basis_high,False,False,False,False
3253,xemm_0627_t001_hlfast_utc16_a,high_activity_liquidity,xemm_0627_t001_hlfast_utc16_a:3253,would_submit,,pass,-1.12038709,1.12038709,sell,60166.05184516,60167,9.48154836,1.5,touch,Alo,True,0,-0,-1.5,binance_source_age_low,basis_high,False,False,False,False
3254,xemm_0627_t001_hlfast_utc16_a,high_activity_liquidity,xemm_0627_t001_hlfast_utc16_a:3254,would_submit,,pass,-1.07242951,1.07242951,sell,60166.0710282,60167,9.28971804,1.5,touch,Alo,True,0,-0,-1.5,binance_source_age_low,basis_high,False,False,False,False
3257,xemm_0627_t001_hlfast_utc16_a,high_activity_liquidity,xemm_0627_t001_hlfast_utc16_a:3257,would_submit,,pass,-1.15211892,1.15211892,sell,60166.03915243,60167,9.60847568,1.5,touch,Alo,True,0,-0,-1.5,binance_source_age_mid,basis_high,False,False,False,False
3288,xemm_0627_t001_hlfast_utc16_a,high_activity_liquidity,xemm_0627_t001_hlfast_utc16_a:3288,would_submit,,pass,1.07268145,1.07268145,buy,60166.92907258,60166,9.2907258,1.5,touch,Alo,True,0,0,-1.5,binance_source_age_low,basis_high,False,False,False,False
3289,xemm_0627_t001_hlfast_utc16_a,high_activity_liquidity,xemm_0627_t001_hlfast_utc16_a:3289,would_submit,,pass,1.04623012,1.04623012,buy,60166.91849205,60166,9.18492048,1.5,touch,Alo,True,0,0,-1.5,binance_source_age_high,basis_high,False,False,False,False
3291,xemm_0627_t001_hlfast_utc16_a,high_activity_liquidity,xemm_0627_t001_hlfast_utc16_a:3291,would_submit,,pass,-1.04139406,1.04139406,sell,60166.08344238,60167,9.16557624,1.5,touch,Alo,True,0,-0,-1.5,binance_source_age_mid,basis_high,False,False,False,False
3292,xemm_0627_t001_hlfast_utc16_a,high_activity_liquidity,xemm_0627_t001_hlfast_utc16_a:3292,would_submit,,pass,-1.12225567,1.12225567,sell,60166.05109773,60167,9.48902268,1.5,touch,Alo,True,0,-0,-1.5,binance_source_age_low,basis_high,False,False,False,False
3297,xemm_0627_t001_hlfast_utc16_a,high_activity_liquidity,xemm_0627_t001_hlfast_utc16_a:3297,would_submit,,pass,-1.06280563,1.06280563,sell,60166.07487775,60167,9.25122252,1.5,touch,Alo,True,0,-0,-1.5,binance_source_age_low,basis_high,False,False,False,False
3298,xemm_0627_t001_hlfast_utc16_a,high_activity_liquidity,xemm_0627_t001_hlfast_utc16_a:3298,would_submit,,pass,-1.13327709,1.13327709,sell,60166.04668916,60167,9.53310836,1.5,touch,Alo,True,0,-0,-1.5,binance_source_age_low,basis_high,False,False,False,False
3313,xemm_0627_t001_hlfast_utc16_a,high_activity_liquidity,xemm_0627_t001_hlfast_utc16_a:3313,would_submit,,pass,-1.11305363,1.11305363,sell,60166.05477855,60167,9.45221452,1.5,touch,Alo,True,0,-0,-1.5,binance_source_age_low,basis_high,False,False,False,False
3314,xemm_0627_t001_hlfast_utc16_a,high_activity_liquidity,xemm_0627_t001_hlfast_utc16_a:3314,would_submit,,pass,-1.11360293,1.11360293,sell,60166.05455883,60167,9.45441172,1.5,touch,Alo,True,0,-0,-1.5,binance_source_age_low,basis_high,False,False,False,False
3315,xemm_0627_t001_hlfast_utc16_a,high_activity_liquidity,xemm_0627_t001_hlfast_utc16_a:3315,would_submit,,pass,-1.11563021,1.11563021,sell,60166.05374792,60167,9.46252084,1.5,touch,Alo,True,0,-0,-1.5,binance_source_age_high,basis_high,False,False,False,False
3316,xemm_0627_t001_hlfast_utc16_a,high_activity_liquidity,xemm_0627_t001_hlfast_utc16_a:3316,would_submit,,pass,-1.11647755,1.11647755,sell,60166.05340898,60167,9.4659102,1.5,touch,Alo,True,0,-0,-1.5,binance_source_age_low,basis_high,False,False,False,False
3320,xemm_0627_t001_hlfast_utc16_a,high_activity_liquidity,xemm_0627_t001_hlfast_utc16_a:3320,would_submit,,pass,-1.52423844,1.52423844,sell,60165.89030462,60167,11.09695376,1.5,touch,Alo,True,0,-0,-1.5,binance_source_age_mid,basis_high,False,False,False,False
3332,xemm_0627_t001_hlfast_utc16_a,high_activity_liquidity,xemm_0627_t001_hlfast_utc16_a:3332,would_submit,,pass,-1.01024251,1.01024251,sell,60166.095903,60167,9.04097004,1.5,touch,Alo,True,0,-0,-1.5,binance_source_age_high,basis_high,False,False,False,False
3357,xemm_0627_t001_hlfast_utc16_a,high_activity_liquidity,xemm_0627_t001_hlfast_utc16_a:3357,would_submit,,pass,-1.00455899,1.00455899,sell,60184.0981764,60185,9.01823596,1.5,touch,Alo,True,0,-0,-1.5,binance_source_age_mid,basis_high,False,False,False,False
3404,xemm_0627_t001_hlfast_utc16_a,high_activity_liquidity,xemm_0627_t001_hlfast_utc16_a:3404,would_submit,,pass,1.02641495,1.02641495,buy,60176.91056598,60176,9.1056598,1.5,touch,Alo,True,0,0,-1.5,binance_source_age_mid,basis_mid,False,False,False,False
3419,xemm_0627_t001_hlfast_utc16_a,high_activity_liquidity,xemm_0627_t001_hlfast_utc16_a:3419,would_submit,,pass,-1.12385786,1.12385786,sell,60169.05045686,60170,9.49543144,1.5,touch,Alo,True,0,-0,-1.5,binance_source_age_low,basis_high,False,False,False,False
3420,xemm_0627_t001_hlfast_utc16_a,high_activity_liquidity,xemm_0627_t001_hlfast_utc16_a:3420,would_submit,,pass,-1.1270271,1.1270271,sell,60169.04918916,60170,9.5081084,1.5,touch,Alo,True,0,-0,-1.5,binance_source_age_low,basis_high,False,False,False,False
3421,xemm_0627_t001_hlfast_utc16_a,high_activity_liquidity,xemm_0627_t001_hlfast_utc16_a:3421,would_submit,,pass,-1.01680026,1.01680026,sell,60169.0932799,60170,9.06720104,1.5,touch,Alo,True,0,-0,-1.5,binance_source_age_high,basis_high,False,False,False,False
3422,xemm_0627_t001_hlfast_utc16_a,high_activity_liquidity,xemm_0627_t001_hlfast_utc16_a:3422,would_submit,,pass,-1.11729485,1.11729485,sell,60169.05308206,60170,9.4691794,1.5,touch,Alo,True,0,-0,-1.5,binance_source_age_mid,basis_high,False,False,False,False
3429,xemm_0627_t001_hlfast_utc16_a,high_activity_liquidity,xemm_0627_t001_hlfast_utc16_a:3429,would_submit,,pass,-2.02243335,2.02243335,sell,60165.69102666,60167,13.0897334,1.5,touch,Alo,True,-10,10,8.5,binance_source_age_high,basis_low,False,False,False,False
3430,xemm_0627_t001_hlfast_utc16_a,high_activity_liquidity,xemm_0627_t001_hlfast_utc16_a:3430,would_submit,,pass,-1.09649544,1.09649544,sell,60166.06140182,60167,9.38598176,1.5,touch,Alo,True,-150,150,148.5,binance_source_age_high,basis_low,False,False,False,False
3431,xemm_0627_t001_hlfast_utc16_a,high_activity_liquidity,xemm_0627_t001_hlfast_utc16_a:3431,would_submit,,pass,-2.85402916,2.85402916,sell,60164.35838834,60166,16.41611664,1.5,touch,Alo,True,-155,155,153.5,binance_source_age_low,basis_low,False,False,False,False
3432,xemm_0627_t001_hlfast_utc16_a,high_activity_liquidity,xemm_0627_t001_hlfast_utc16_a:3432,would_submit,,pass,-1.03172686,1.03172686,sell,60151.08730926,60152,9.12690744,1.5,touch,Alo,True,-105,105,103.5,binance_source_age_low,basis_low,False,False,False,False
3433,xemm_0627_t001_hlfast_utc16_a,high_activity_liquidity,xemm_0627_t001_hlfast_utc16_a:3433,would_submit,,pass,-4.22231453,4.22231453,sell,60148.31107419,60151,26.88925812,1.5,touch,Alo,True,-165,165,163.5,binance_source_age_low,basis_low,False,False,False,False
3438,xemm_0627_t001_hlfast_utc16_a,high_activity_liquidity,xemm_0627_t001_hlfast_utc16_a:3438,would_submit,,pass,1.05781062,1.05781062,buy,60132.42312425,60131,14.23124248,1.5,touch,Alo,True,5,5,3.5,binance_source_age_low,basis_high,False,False,False,False
3441,xemm_0627_t001_hlfast_utc16_a,high_activity_liquidity,xemm_0627_t001_hlfast_utc16_a:3441,would_submit,,pass,2.72636639,2.72636639,buy,60133.59054656,60132,15.90546556,1.5,touch,Alo,True,0,0,-1.5,binance_source_age_low,basis_high,False,False,False,False
3444,xemm_0627_t001_hlfast_utc16_a,high_activity_liquidity,xemm_0627_t001_hlfast_utc16_a:3444,would_submit,,pass,-1.03708582,1.03708582,sell,60140.08516567,60141,9.14834328,1.5,touch,Alo,True,10,-10,-11.5,binance_source_age_low,basis_high,False,False,False,False
3446,xemm_0627_t001_hlfast_utc16_a,high_activity_liquidity,xemm_0627_t001_hlfast_utc16_a:3446,would_submit,,pass,-1.04569796,1.04569796,sell,60141.08172082,60142,9.18279184,1.5,touch,Alo,True,0,-0,-1.5,binance_source_age_low,basis_high,False,False,False,False
3449,xemm_0627_t001_hlfast_utc16_a,high_activity_liquidity,xemm_0627_t001_hlfast_utc16_a:3449,would_submit,,pass,-1.12083912,1.12083912,sell,60141.05166435,60142,9.48335648,1.5,touch,Alo,True,0,-0,-1.5,binance_source_age_mid,basis_high,False,False,False,False
3451,xemm_0627_t001_hlfast_utc16_a,high_activity_liquidity,xemm_0627_t001_hlfast_utc16_a:3451,would_submit,,pass,-1.53221064,1.53221064,sell,60140.88711574,60142,11.12884256,1.5,touch,Alo,True,-10,10,8.5,binance_source_age_high,basis_low,False,False,False,False
3463,xemm_0627_t001_hlfast_utc16_a,high_activity_liquidity,xemm_0627_t001_hlfast_utc16_a:3463,would_submit,,pass,-1.6876834,1.6876834,sell,60124.82492664,60126,11.7507336,1.5,touch,Alo,True,-20,20,18.5,binance_source_age_low,basis_low,False,False,False,False
3465,xemm_0627_t001_hlfast_utc16_a,high_activity_liquidity,xemm_0627_t001_hlfast_utc16_a:3465,would_submit,,pass,1.06091089,1.06091089,buy,60123.92436436,60123,9.24364356,1.5,touch,Alo,True,-70,-70,-71.5,binance_source_age_mid,basis_mid,False,False,False,False
3470,xemm_0627_t001_hlfast_utc16_a,high_activity_liquidity,xemm_0627_t001_hlfast_utc16_a:3470,would_submit,,pass,-1.04136687,1.04136687,sell,60122.08345325,60123,9.16546748,1.5,touch,Alo,True,0,-0,-1.5,binance_source_age_low,basis_high,False,False,False,False
3475,xemm_0627_t001_hlfast_utc16_a,high_activity_liquidity,xemm_0627_t001_hlfast_utc16_a:3475,would_submit,,pass,6.05012522,6.05012522,buy,60118.92005009,60116,29.20050088,1.5,touch,Alo,True,-90,-90,-91.5,binance_source_age_mid,basis_low,False,False,False,False
3486,xemm_0627_t001_hlfast_utc16_a,high_activity_liquidity,xemm_0627_t001_hlfast_utc16_a:3486,would_submit,,pass,-1.07318696,1.07318696,sell,60112.07072522,60113,9.29274784,1.5,touch,Alo,True,0,-0,-1.5,binance_source_age_mid,basis_high,False,False,False,False
3488,xemm_0627_t001_hlfast_utc16_a,high_activity_liquidity,xemm_0627_t001_hlfast_utc16_a:3488,would_submit,,pass,-1.13048746,1.13048746,sell,60112.04780502,60113,9.52194984,1.5,touch,Alo,True,0,-0,-1.5,binance_source_age_mid,basis_mid,False,False,False,False
3490,xemm_0627_t001_hlfast_utc16_a,high_activity_liquidity,xemm_0627_t001_hlfast_utc16_a:3490,would_submit,,pass,-2.51749189,2.51749189,sell,60111.49300324,60113,15.06996756,1.5,touch,Alo,True,-80,80,78.5,binance_source_age_low,basis_low,False,False,False,False
3510,xemm_0627_t001_hlfast_utc16_a,high_activity_liquidity,xemm_0627_t001_hlfast_utc16_a:3510,would_submit,,pass,-1.03313384,1.03313384,sell,60103.08674646,60104,9.13253536,1.5,touch,Alo,True,0,-0,-1.5,binance_source_age_high,basis_high,False,False,False,False
3519,xemm_0627_t001_hlfast_utc16_a,high_activity_liquidity,xemm_0627_t001_hlfast_utc16_a:3519,would_submit,,pass,-1.01988591,1.01988591,sell,60113.09204564,60114,9.07954364,1.5,touch,Alo,True,90,-90,-91.5,binance_source_age_high,basis_high,False,False,False,False
3527,xemm_0627_t001_hlfast_utc16_a,high_activity_liquidity,xemm_0627_t001_hlfast_utc16_a:3527,would_submit,,pass,5.37415424,5.37415424,buy,60124.6496617,60122,26.49661696,1.5,touch,Alo,True,0,0,-1.5,binance_source_age_mid,basis_high,False,False,False,False
3552,xemm_0627_t001_hlfast_utc16_a,high_activity_liquidity,xemm_0627_t001_hlfast_utc16_a:3552,would_submit,,pass,1.09034356,1.09034356,buy,60117.93613742,60117,9.36137424,1.5,touch,Alo,True,0,0,-1.5,binance_source_age_low,basis_high,False,False,False,False
3556,xemm_0627_t001_hlfast_utc16_a,high_activity_liquidity,xemm_0627_t001_hlfast_utc16_a:3556,would_submit,,pass,1.0638799,1.0638799,buy,60117.92555196,60117,9.2555196,1.5,touch,Alo,True,160,160,158.5,binance_source_age_low,basis_high,False,False,False,False
3564,xemm_0627_t001_hlfast_utc16_a,high_activity_liquidity,xemm_0627_t001_hlfast_utc16_a:3564,would_submit,,pass,1.06607618,1.06607618,buy,60137.92643047,60137,9.26430472,1.5,touch,Alo,True,40,40,38.5,binance_source_age_high,basis_high,False,False,False,False
3565,xemm_0627_t001_hlfast_utc16_a,high_activity_liquidity,xemm_0627_t001_hlfast_utc16_a:3565,would_submit,,pass,1.07895123,1.07895123,buy,60141.43158049,60140,14.31580492,1.5,touch,Alo,True,35,35,33.5,binance_source_age_low,basis_high,False,False,False,False
3588,xemm_0627_t001_hlfast_utc16_a,high_activity_liquidity,xemm_0627_t001_hlfast_utc16_a:3588,would_submit,,pass,-1.06325684,1.06325684,sell,60181.07469726,60182,9.25302736,1.5,touch,Alo,True,0,-0,-1.5,binance_source_age_low,basis_high,False,False,False,False
3679,xemm_0627_t001_hlfast_utc17_b,normal_activity_liquidity,xemm_0627_t001_hlfast_utc17_b:3679,would_submit,,pass,-1.09885714,1.09885714,sell,60742.06045714,60743,9.39542856,1.5,touch,Alo,True,0,-0,-1.5,binance_source_age_high,basis_low,False,False,False,False
3681,xemm_0627_t001_hlfast_utc17_b,normal_activity_liquidity,xemm_0627_t001_hlfast_utc17_b:3681,would_submit,,pass,-1.04945377,1.04945377,sell,60742.08021849,60743,9.19781508,1.5,touch,Alo,True,-90,90,88.5,binance_source_age_mid,basis_low,True,False,False,False
3693,xemm_0627_t001_hlfast_utc17_b,normal_activity_liquidity,xemm_0627_t001_hlfast_utc17_b:3693,would_submit,,pass,1.00762531,1.00762531,buy,60733.90305012,60733,9.03050124,1.5,touch,Alo,True,0,0,-1.5,binance_source_age_high,basis_mid,False,False,False,False
3694,xemm_0627_t001_hlfast_utc17_b,normal_activity_liquidity,xemm_0627_t001_hlfast_utc17_b:3694,would_submit,,pass,1.00837233,1.00837233,buy,60733.90334893,60733,9.03348932,1.5,touch,Alo,True,0,0,-1.5,binance_source_age_mid,basis_mid,True,False,False,False
3743,xemm_0627_t001_hlfast_utc17_b,normal_activity_liquidity,xemm_0627_t001_hlfast_utc17_b:3743,would_submit,,pass,-2.55791606,2.55791606,sell,60741.47683358,60743,15.23166424,1.5,touch,Alo,True,0,-0,-1.5,binance_source_age_low,basis_low,False,False,False,False
3839,xemm_0627_t001_hlfast_utc17_b,normal_activity_liquidity,xemm_0627_t001_hlfast_utc17_b:3839,would_submit,,pass,1.04875588,1.04875588,buy,60733.91950235,60733,9.19502352,1.5,touch,Alo,True,0,0,-1.5,binance_source_age_low,basis_mid,False,False,False,False
3844,xemm_0627_t001_hlfast_utc17_b,normal_activity_liquidity,xemm_0627_t001_hlfast_utc17_b:3844,would_submit,,pass,1.04387101,1.04387101,buy,60733.9175484,60733,9.17548404,1.5,touch,Alo,True,0,0,-1.5,binance_source_age_high,basis_mid,False,False,False,False
3865,xemm_0627_t001_hlfast_utc17_b,normal_activity_liquidity,xemm_0627_t001_hlfast_utc17_b:3865,would_submit,,pass,1.09082916,1.09082916,buy,60733.93633166,60733,9.36331664,1.5,touch,Alo,True,0,0,-1.5,binance_source_age_low,basis_mid,False,False,False,False
3934,xemm_0627_t001_hlfast_utc17_b,normal_activity_liquidity,xemm_0627_t001_hlfast_utc17_b:3934,would_submit,,pass,5.20448202,5.20448202,buy,60745.58179281,60743,25.81792808,1.5,touch,Alo,True,0,0,-1.5,binance_source_age_low,basis_high,False,False,False,False
3935,xemm_0627_t001_hlfast_utc17_b,normal_activity_liquidity,xemm_0627_t001_hlfast_utc17_b:3935,would_submit,,pass,1.07026307,1.07026307,buy,60743.92810523,60743,9.28105228,1.5,touch,Alo,True,0,0,-1.5,binance_source_age_low,basis_high,False,False,False,False
3938,xemm_0627_t001_hlfast_utc17_b,normal_activity_liquidity,xemm_0627_t001_hlfast_utc17_b:3938,would_submit,,pass,1.0638393,1.0638393,buy,60743.92553572,60743,9.2553572,1.5,touch,Alo,True,0,0,-1.5,binance_source_age_mid,basis_high,True,False,False,False
3939,xemm_0627_t001_hlfast_utc17_b,normal_activity_liquidity,xemm_0627_t001_hlfast_utc17_b:3939,would_submit,,pass,1.06405394,1.06405394,buy,60743.92562158,60743,9.25621576,1.5,touch,Alo,True,0,0,-1.5,binance_source_age_low,basis_high,False,False,False,False
3941,xemm_0627_t001_hlfast_utc17_b,normal_activity_liquidity,xemm_0627_t001_hlfast_utc17_b:3941,would_submit,,pass,1.00012247,1.00012247,buy,60743.90004899,60743,9.00048988,1.5,touch,Alo,True,0,0,-1.5,binance_source_age_mid,basis_high,True,False,False,False
3942,xemm_0627_t001_hlfast_utc17_b,normal_activity_liquidity,xemm_0627_t001_hlfast_utc17_b:3942,would_submit,,pass,1.01503854,1.01503854,buy,60743.90601542,60743,9.06015416,1.5,touch,Alo,True,0,0,-1.5,binance_source_age_low,basis_high,False,False,False,False
3943,xemm_0627_t001_hlfast_utc17_b,normal_activity_liquidity,xemm_0627_t001_hlfast_utc17_b:3943,would_submit,,pass,1.00783113,1.00783113,buy,60743.90313245,60743,9.03132452,1.5,touch,Alo,True,0,0,-1.5,binance_source_age_low,basis_high,False,False,False,False
3947,xemm_0627_t001_hlfast_utc17_b,normal_activity_liquidity,xemm_0627_t001_hlfast_utc17_b:3947,would_submit,,pass,1.02011652,1.02011652,buy,60743.90804661,60743,9.08046608,1.5,touch,Alo,True,0,0,-1.5,binance_source_age_low,basis_high,False,False,False,False
3954,xemm_0627_t001_hlfast_utc17_b,normal_activity_liquidity,xemm_0627_t001_hlfast_utc17_b:3954,would_submit,,pass,1.03280309,1.03280309,buy,60743.91312124,60743,9.13121236,1.5,touch,Alo,True,0,0,-1.5,binance_source_age_high,basis_high,False,False,False,False
3956,xemm_0627_t001_hlfast_utc17_b,normal_activity_liquidity,xemm_0627_t001_hlfast_utc17_b:3956,would_submit,,pass,1.04273704,1.04273704,buy,60743.91709482,60743,9.17094816,1.5,touch,Alo,True,0,0,-1.5,binance_source_age_mid,basis_high,True,False,False,False
3960,xemm_0627_t001_hlfast_utc17_b,normal_activity_liquidity,xemm_0627_t001_hlfast_utc17_b:3960,would_submit,,pass,-1.11205289,1.11205289,sell,60748.05517884,60749,9.44821156,1.5,touch,Alo,True,0,-0,-1.5,binance_source_age_low,basis_high,False,False,False,False
3976,xemm_0627_t001_hlfast_utc17_b,normal_activity_liquidity,xemm_0627_t001_hlfast_utc17_b:3976,would_submit,,pass,-1.09580817,1.09580817,sell,60753.06167673,60754,9.38323268,1.5,touch,Alo,True,0,-0,-1.5,binance_source_age_high,basis_mid,False,False,False,False
4002,xemm_0627_t001_hlfast_utc17_b,normal_activity_liquidity,xemm_0627_t001_hlfast_utc17_b:4002,would_submit,,pass,1.08899053,1.08899053,buy,60747.93559621,60747,9.35596212,1.5,touch,Alo,True,10,10,8.5,binance_source_age_high,basis_high,False,False,False,False
4085,xemm_0627_t001_hlfast_utc17_b,normal_activity_liquidity,xemm_0627_t001_hlfast_utc17_b:4085,would_submit,,pass,-1.1086644,1.1086644,sell,60758.05653424,60759,9.4346576,1.5,touch,Alo,True,0,-0,-1.5,binance_source_age_low,basis_low,False,False,False,False
4086,xemm_0627_t001_hlfast_utc17_b,normal_activity_liquidity,xemm_0627_t001_hlfast_utc17_b:4086,would_submit,,pass,-1.12228202,1.12228202,sell,60758.05108719,60759,9.48912808,1.5,touch,Alo,True,-20,20,18.5,binance_source_age_mid,basis_low,True,False,False,False
4087,xemm_0627_t001_hlfast_utc17_b,normal_activity_liquidity,xemm_0627_t001_hlfast_utc17_b:4087,would_submit,,pass,-1.11625886,1.11625886,sell,60758.05349646,60759,9.46503544,1.5,touch,Alo,True,-20,20,18.5,binance_source_age_low,basis_low,False,False,False,False
4088,xemm_0627_t001_hlfast_utc17_b,normal_activity_liquidity,xemm_0627_t001_hlfast_utc17_b:4088,would_submit,,pass,-1.11859974,1.11859974,sell,60756.0525601,60757,9.47439896,1.5,touch,Alo,True,0,-0,-1.5,binance_source_age_high,basis_low,False,False,False,False
4126,xemm_0627_t001_hlfast_utc17_b,normal_activity_liquidity,xemm_0627_t001_hlfast_utc17_b:4126,would_submit,,pass,1.06130037,1.06130037,buy,60756.92452015,60756,9.24520148,1.5,touch,Alo,True,20,20,18.5,binance_source_age_mid,basis_high,True,False,False,False
4146,xemm_0627_t001_hlfast_utc17_b,normal_activity_liquidity,xemm_0627_t001_hlfast_utc17_b:4146,would_submit,,pass,1.89538772,1.89538772,buy,60766.25815509,60765,12.58155088,1.5,touch,Alo,True,0,0,-1.5,binance_source_age_low,basis_mid,False,False,False,False
4148,xemm_0627_t001_hlfast_utc17_b,normal_activity_liquidity,xemm_0627_t001_hlfast_utc17_b:4148,would_submit,,pass,1.07672826,1.07672826,buy,60765.9306913,60765,9.30691304,1.5,touch,Alo,True,0,0,-1.5,binance_source_age_high,basis_high,False,False,False,False
4163,xemm_0627_t001_hlfast_utc17_b,normal_activity_liquidity,xemm_0627_t001_hlfast_utc17_b:4163,would_submit,,pass,-2.10744439,2.10744439,sell,60771.65702224,60773,13.42977756,1.5,touch,Alo,True,0,-0,-1.5,binance_source_age_high,basis_mid,False,False,False,False
4178,xemm_0627_t001_hlfast_utc17_b,normal_activity_liquidity,xemm_0627_t001_hlfast_utc17_b:4178,would_submit,,pass,3.81464069,3.81464069,buy,60774.02585628,60772,20.25856276,1.5,touch,Alo,True,0,0,-1.5,binance_source_age_high,basis_mid,False,False,False,False
4195,xemm_0627_t001_hlfast_utc17_b,normal_activity_liquidity,xemm_0627_t001_hlfast_utc17_b:4195,would_submit,,pass,1.03677571,1.03677571,buy,60773.91471028,60773,9.14710284,1.5,touch,Alo,True,0,0,-1.5,binance_source_age_low,basis_high,False,False,False,False
4196,xemm_0627_t001_hlfast_utc17_b,normal_activity_liquidity,xemm_0627_t001_hlfast_utc17_b:4196,would_submit,,pass,1.06461894,1.06461894,buy,60773.92584758,60773,9.25847576,1.5,touch,Alo,True,10,10,8.5,binance_source_age_high,basis_high,False,False,False,False
4197,xemm_0627_t001_hlfast_utc17_b,normal_activity_liquidity,xemm_0627_t001_hlfast_utc17_b:4197,would_submit,,pass,1.05401618,1.05401618,buy,60773.92160647,60773,9.21606472,1.5,touch,Alo,True,10,10,8.5,binance_source_age_mid,basis_high,True,False,False,False
4198,xemm_0627_t001_hlfast_utc17_b,normal_activity_liquidity,xemm_0627_t001_hlfast_utc17_b:4198,would_submit,,pass,1.06047428,1.06047428,buy,60774.92418971,60774,9.24189712,1.5,touch,Alo,True,0,0,-1.5,binance_source_age_low,basis_high,False,False,False,False
4199,xemm_0627_t001_hlfast_utc17_b,normal_activity_liquidity,xemm_0627_t001_hlfast_utc17_b:4199,would_submit,,pass,1.03876782,1.03876782,buy,60774.91550713,60774,9.15507128,1.5,touch,Alo,True,0,0,-1.5,binance_source_age_high,basis_high,False,False,False,False
4200,xemm_0627_t001_hlfast_utc17_b,normal_activity_liquidity,xemm_0627_t001_hlfast_utc17_b:4200,would_submit,,pass,1.05359164,1.05359164,buy,60774.92143666,60774,9.21436656,1.5,touch,Alo,True,0,0,-1.5,binance_source_age_mid,basis_high,True,False,False,False
4201,xemm_0627_t001_hlfast_utc17_b,normal_activity_liquidity,xemm_0627_t001_hlfast_utc17_b:4201,would_submit,,pass,1.07956853,1.07956853,buy,60774.93182741,60774,9.31827412,1.5,touch,Alo,True,0,0,-1.5,binance_source_age_high,basis_high,False,False,False,False
4202,xemm_0627_t001_hlfast_utc17_b,normal_activity_liquidity,xemm_0627_t001_hlfast_utc17_b:4202,would_submit,,pass,1.0765812,1.0765812,buy,60774.93063248,60774,9.3063248,1.5,touch,Alo,True,0,0,-1.5,binance_source_age_mid,basis_high,True,False,False,False
4227,xemm_0627_t001_hlfast_utc17_b,normal_activity_liquidity,xemm_0627_t001_hlfast_utc17_b:4227,would_submit,,pass,1.03724294,1.03724294,buy,60787.91489718,60787,9.14897176,1.5,touch,Alo,True,0,0,-1.5,binance_source_age_mid,basis_mid,True,False,False,False
4237,xemm_0627_t001_hlfast_utc17_b,normal_activity_liquidity,xemm_0627_t001_hlfast_utc17_b:4237,would_submit,,pass,1.03265757,1.03265757,buy,60787.91306303,60787,9.13063028,1.5,touch,Alo,True,0,0,-1.5,binance_source_age_low,basis_low,False,False,False,False
4238,xemm_0627_t001_hlfast_utc17_b,normal_activity_liquidity,xemm_0627_t001_hlfast_utc17_b:4238,would_submit,,pass,1.06845899,1.06845899,buy,60787.9273836,60787,9.27383596,1.5,touch,Alo,True,0,0,-1.5,binance_source_age_low,basis_low,False,False,False,False
4241,xemm_0627_t001_hlfast_utc17_b,normal_activity_liquidity,xemm_0627_t001_hlfast_utc17_b:4241,would_submit,,pass,1.03941262,1.03941262,buy,60787.91576505,60787,9.15765048,1.5,touch,Alo,True,0,0,-1.5,binance_source_age_low,basis_low,False,False,False,False
4242,xemm_0627_t001_hlfast_utc17_b,normal_activity_liquidity,xemm_0627_t001_hlfast_utc17_b:4242,would_submit,,pass,1.02796975,1.02796975,buy,60787.9111879,60787,9.111879,1.5,touch,Alo,True,0,0,-1.5,binance_source_age_low,basis_low,False,False,False,False
4243,xemm_0627_t001_hlfast_utc17_b,normal_activity_liquidity,xemm_0627_t001_hlfast_utc17_b:4243,would_submit,,pass,1.02808655,1.02808655,buy,60787.91123462,60787,9.1123462,1.5,touch,Alo,True,0,0,-1.5,binance_source_age_high,basis_low,False,False,False,False
4245,xemm_0627_t001_hlfast_utc17_b,normal_activity_liquidity,xemm_0627_t001_hlfast_utc17_b:4245,would_submit,,pass,1.03495064,1.03495064,buy,60787.91398026,60787,9.13980256,1.5,touch,Alo,True,0,0,-1.5,binance_source_age_low,basis_low,False,False,False,False
4247,xemm_0627_t001_hlfast_utc17_b,normal_activity_liquidity,xemm_0627_t001_hlfast_utc17_b:4247,would_submit,,pass,1.03396497,1.03396497,buy,60787.91358599,60787,9.13585988,1.5,touch,Alo,True,0,0,-1.5,binance_source_age_low,basis_low,False,False,False,False
4248,xemm_0627_t001_hlfast_utc17_b,normal_activity_liquidity,xemm_0627_t001_hlfast_utc17_b:4248,would_submit,,pass,1.04822923,1.04822923,buy,60787.91929169,60787,9.19291692,1.5,touch,Alo,True,0,0,-1.5,binance_source_age_mid,basis_low,True,False,False,False
4249,xemm_0627_t001_hlfast_utc17_b,normal_activity_liquidity,xemm_0627_t001_hlfast_utc17_b:4249,would_submit,,pass,1.03331508,1.03331508,buy,60787.91332603,60787,9.13326032,1.5,touch,Alo,True,0,0,-1.5,binance_source_age_high,basis_low,False,False,False,False
4251,xemm_0627_t001_hlfast_utc17_b,normal_activity_liquidity,xemm_0627_t001_hlfast_utc17_b:4251,would_submit,,pass,1.00078343,1.00078343,buy,60787.90031337,60787,9.00313372,1.5,touch,Alo,True,0,0,-1.5,binance_source_age_low,basis_low,False,False,False,False
4252,xemm_0627_t001_hlfast_utc17_b,normal_activity_liquidity,xemm_0627_t001_hlfast_utc17_b:4252,would_submit,,pass,1.01775466,1.01775466,buy,60787.90710186,60787,9.07101864,1.5,touch,Alo,True,0,0,-1.5,binance_source_age_high,basis_low,False,False,False,False
4253,xemm_0627_t001_hlfast_utc17_b,normal_activity_liquidity,xemm_0627_t001_hlfast_utc17_b:4253,would_submit,,pass,1.00603749,1.00603749,buy,60787.902415,60787,9.02414996,1.5,touch,Alo,True,0,0,-1.5,binance_source_age_mid,basis_low,True,False,False,False
4254,xemm_0627_t001_hlfast_utc17_b,normal_activity_liquidity,xemm_0627_t001_hlfast_utc17_b:4254,would_submit,,pass,1.02439769,1.02439769,buy,60787.90975908,60787,9.09759076,1.5,touch,Alo,True,0,0,-1.5,binance_source_age_low,basis_low,False,False,False,False
4255,xemm_0627_t001_hlfast_utc17_b,normal_activity_liquidity,xemm_0627_t001_hlfast_utc17_b:4255,would_submit,,pass,1.02120898,1.02120898,buy,60787.90848359,60787,9.08483592,1.5,touch,Alo,True,0,0,-1.5,binance_source_age_high,basis_low,False,False,False,False
4256,xemm_0627_t001_hlfast_utc17_b,normal_activity_liquidity,xemm_0627_t001_hlfast_utc17_b:4256,would_submit,,pass,1.03264977,1.03264977,buy,60787.91305991,60787,9.13059908,1.5,touch,Alo,True,0,0,-1.5,binance_source_age_high,basis_low,False,False,False,False
4257,xemm_0627_t001_hlfast_utc17_b,normal_activity_liquidity,xemm_0627_t001_hlfast_utc17_b:4257,would_submit,,pass,1.03620628,1.03620628,buy,60787.91448251,60787,9.14482512,1.5,touch,Alo,True,0,0,-1.5,binance_source_age_mid,basis_low,True,False,False,False
4258,xemm_0627_t001_hlfast_utc17_b,normal_activity_liquidity,xemm_0627_t001_hlfast_utc17_b:4258,would_submit,,pass,1.07614306,1.07614306,buy,60787.93045722,60787,9.30457224,1.5,touch,Alo,True,0,0,-1.5,binance_source_age_low,basis_high,False,False,False,False
4281,xemm_0627_t001_hlfast_utc17_b,normal_activity_liquidity,xemm_0627_t001_hlfast_utc17_b:4281,would_submit,,pass,2.47803122,2.47803122,buy,60794.49121249,60793,14.91212488,1.5,touch,Alo,True,0,0,-1.5,binance_source_age_mid,basis_high,True,False,False,False
4307,xemm_0627_t001_hlfast_utc17_b,normal_activity_liquidity,xemm_0627_t001_hlfast_utc17_b:4307,would_submit,,pass,1.00692727,1.00692727,buy,60805.90277091,60805,9.02770908,1.5,touch,Alo,True,0,0,-1.5,binance_source_age_high,basis_high,False,False,False,False
4308,xemm_0627_t001_hlfast_utc17_b,normal_activity_liquidity,xemm_0627_t001_hlfast_utc17_b:4308,would_submit,,pass,1.04967076,1.04967076,buy,60805.9198683,60805,9.19868304,1.5,touch,Alo,True,20,20,18.5,binance_source_age_low,basis_high,False,False,False,False
4311,xemm_0627_t001_hlfast_utc17_b,normal_activity_liquidity,xemm_0627_t001_hlfast_utc17_b:4311,would_submit,,pass,1.0099329,1.0099329,buy,60807.90397316,60807,9.0397316,1.5,touch,Alo,True,0,0,-1.5,binance_source_age_low,basis_high,False,False,False,False
4312,xemm_0627_t001_hlfast_utc17_b,normal_activity_liquidity,xemm_0627_t001_hlfast_utc17_b:4312,would_submit,,pass,1.06638625,1.06638625,buy,60807.9265545,60807,9.265545,1.5,touch,Alo,True,0,0,-1.5,binance_source_age_high,basis_high,False,False,False,False
4328,xemm_0627_t001_hlfast_utc17_b,normal_activity_liquidity,xemm_0627_t001_hlfast_utc17_b:4328,would_submit,,pass,-3.06421033,3.06421033,sell,60806.27431587,60808,17.25684132,1.5,touch,Alo,True,180,-180,-181.5,binance_source_age_mid,basis_high,True,False,False,False
4394,xemm_0627_t001_hlfast_utc17_b,normal_activity_liquidity,xemm_0627_t001_hlfast_utc17_b:4394,would_submit,,pass,-1.08863987,1.08863987,sell,60791.06454405,60792,9.35455948,1.5,touch,Alo,True,0,-0,-1.5,binance_source_age_low,basis_mid,False,False,False,False
4550,xemm_0627_t001_hlfast_utc17_b,normal_activity_liquidity,xemm_0627_t001_hlfast_utc17_b:4550,would_submit,,pass,1.01832634,1.01832634,buy,60800.90733054,60800,9.07330536,1.5,touch,Alo,True,80,80,78.5,binance_source_age_high,basis_high,False,False,False,False
4554,xemm_0627_t001_hlfast_utc17_b,normal_activity_liquidity,xemm_0627_t001_hlfast_utc17_b:4554,would_submit,,pass,1.06178247,1.06178247,buy,60812.92471299,60812,9.24712988,1.5,touch,Alo,True,10,10,8.5,binance_source_age_mid,basis_mid,True,False,False,False
4569,xemm_0627_t001_hlfast_utc17_b,normal_activity_liquidity,xemm_0627_t001_hlfast_utc17_b:4569,would_submit,,pass,1.08213453,1.08213453,buy,60813.93285381,60813,9.32853812,1.5,touch,Alo,True,0,0,-1.5,binance_source_age_mid,basis_mid,True,False,False,False
4570,xemm_0627_t001_hlfast_utc17_b,normal_activity_liquidity,xemm_0627_t001_hlfast_utc17_b:4570,would_submit,,pass,1.08582364,1.08582364,buy,60813.93432946,60813,9.34329456,1.5,touch,Alo,True,5,5,3.5,binance_source_age_mid,basis_mid,True,False,False,False
4571,xemm_0627_t001_hlfast_utc17_b,normal_activity_liquidity,xemm_0627_t001_hlfast_utc17_b:4571,would_submit,,pass,1.08218296,1.08218296,buy,60813.93287318,60813,9.32873184,1.5,touch,Alo,True,5,5,3.5,binance_source_age_low,basis_high,False,False,False,False
4607,xemm_0627_t001_hlfast_utc17_b,normal_activity_liquidity,xemm_0627_t001_hlfast_utc17_b:4607,would_submit,,pass,-1.04024431,1.04024431,sell,60796.08390228,60797,9.16097724,1.5,touch,Alo,True,0,-0,-1.5,binance_source_age_high,basis_mid,False,False,False,False
4608,xemm_0627_t001_hlfast_utc17_b,normal_activity_liquidity,xemm_0627_t001_hlfast_utc17_b:4608,would_submit,,pass,-1.02694262,1.02694262,sell,60796.08922295,60797,9.10777048,1.5,touch,Alo,True,0,-0,-1.5,binance_source_age_mid,basis_mid,True,False,False,False
4609,xemm_0627_t001_hlfast_utc17_b,normal_activity_liquidity,xemm_0627_t001_hlfast_utc17_b:4609,would_submit,,pass,-1.06601417,1.06601417,sell,60796.07359433,60797,9.26405668,1.5,touch,Alo,True,0,-0,-1.5,binance_source_age_high,basis_mid,False,False,False,False
4636,xemm_0627_t001_hlfast_utc17_b,normal_activity_liquidity,xemm_0627_t001_hlfast_utc17_b:4636,would_submit,,pass,-1.07610329,1.07610329,sell,60802.06955868,60803,9.30441316,1.5,touch,Alo,True,-50,50,48.5,binance_source_age_high,basis_low,False,False,False,False
4651,xemm_0627_t001_hlfast_utc17_b,normal_activity_liquidity,xemm_0627_t001_hlfast_utc17_b:4651,would_submit,,pass,-3.96106956,3.96106956,sell,60795.91557218,60798,20.84427824,1.5,touch,Alo,True,0,-0,-1.5,binance_source_age_high,basis_low,False,False,False,False
4724,xemm_0627_t001_hlfast_utc17_b,normal_activity_liquidity,xemm_0627_t001_hlfast_utc17_b:4724,would_submit,,pass,-1.09455815,1.09455815,sell,60786.06217674,60787,9.3782326,1.5,touch,Alo,True,0,-0,-1.5,binance_source_age_low,basis_mid,False,False,False,False
4757,xemm_0627_t001_hlfast_utc17_b,normal_activity_liquidity,xemm_0627_t001_hlfast_utc17_b:4757,would_submit,,pass,-1.03534319,1.03534319,sell,60774.08586272,60775,9.14137276,1.5,touch,Alo,True,0,-0,-1.5,binance_source_age_high,basis_mid,False,False,False,False
4803,xemm_0627_t001_hlfast_utc17_b,normal_activity_liquidity,xemm_0627_t001_hlfast_utc17_b:4803,would_submit,,pass,-1.10957674,1.10957674,sell,60783.0561693,60784,9.43830696,1.5,touch,Alo,True,-70,70,68.5,binance_source_age_low,basis_low,False,False,False,False
4804,xemm_0627_t001_hlfast_utc17_b,normal_activity_liquidity,xemm_0627_t001_hlfast_utc17_b:4804,would_submit,,pass,-1.15356097,1.15356097,sell,60783.03857561,60784,9.61424388,1.5,touch,Alo,True,-70,70,68.5,binance_source_age_high,basis_low,False,False,False,False
4828,xemm_0627_t001_hlfast_utc17_b,normal_activity_liquidity,xemm_0627_t001_hlfast_utc17_b:4828,would_submit,,pass,-1.01609706,1.01609706,sell,60774.09356118,60775,9.06438824,1.5,touch,Alo,True,0,-0,-1.5,binance_source_age_low,basis_low,False,False,False,False
4829,xemm_0627_t001_hlfast_utc17_b,normal_activity_liquidity,xemm_0627_t001_hlfast_utc17_b:4829,would_submit,,pass,-1.01708958,1.01708958,sell,60774.09316417,60775,9.06835832,1.5,touch,Alo,True,0,-0,-1.5,binance_source_age_low,basis_low,False,False,False,False
4830,xemm_0627_t001_hlfast_utc17_b,normal_activity_liquidity,xemm_0627_t001_hlfast_utc17_b:4830,would_submit,,pass,-1.03059598,1.03059598,sell,60774.08776161,60775,9.12238392,1.5,touch,Alo,True,0,-0,-1.5,binance_source_age_high,basis_low,False,False,False,False
4831,xemm_0627_t001_hlfast_utc17_b,normal_activity_liquidity,xemm_0627_t001_hlfast_utc17_b:4831,would_submit,,pass,-1.02622774,1.02622774,sell,60774.0895089,60775,9.10491096,1.5,touch,Alo,True,0,-0,-1.5,binance_source_age_mid,basis_low,True,False,False,False
4849,xemm_0627_t001_hlfast_utc17_b,normal_activity_liquidity,xemm_0627_t001_hlfast_utc17_b:4849,would_submit,,pass,-6.78615899,6.78615899,sell,60815.7855364,60819,32.14463596,1.5,touch,Alo,True,0,-0,-1.5,binance_source_age_low,basis_low,False,False,False,False
4861,xemm_0627_t001_hlfast_utc17_b,normal_activity_liquidity,xemm_0627_t001_hlfast_utc17_b:4861,would_submit,,pass,-3.95223706,3.95223706,sell,60759.91910518,60762,20.80894824,1.5,touch,Alo,True,0,-0,-1.5,binance_source_age_mid,basis_low,True,False,False,False
4968,xemm_0627_t001_hlfast_utc17_b,normal_activity_liquidity,xemm_0627_t001_hlfast_utc17_b:4968,would_submit,,pass,-3.44313686,3.44313686,sell,60768.12274526,60770,18.77254744,1.5,touch,Alo,True,-80,80,78.5,binance_source_age_low,basis_low,False,False,False,False
5073,xemm_0627_t001_hlfast_utc17_b,normal_activity_liquidity,xemm_0627_t001_hlfast_utc17_b:5073,would_submit,,pass,1.08982224,1.08982224,buy,60773.9359289,60773,9.35928896,1.5,touch,Alo,True,0,0,-1.5,binance_source_age_high,basis_high,False,False,False,False
5084,xemm_0627_t001_hlfast_utc17_b,normal_activity_liquidity,xemm_0627_t001_hlfast_utc17_b:5084,would_submit,,pass,1.04501649,1.04501649,buy,60782.9180066,60782,9.18006596,1.5,touch,Alo,True,0,0,-1.5,binance_source_age_low,basis_high,False,False,False,False
5086,xemm_0627_t001_hlfast_utc17_b,normal_activity_liquidity,xemm_0627_t001_hlfast_utc17_b:5086,would_submit,,pass,1.04366157,1.04366157,buy,60782.91746463,60782,9.17464628,1.5,touch,Alo,True,0,0,-1.5,binance_source_age_high,basis_high,False,False,False,False
5092,xemm_0627_t001_hlfast_utc17_b,normal_activity_liquidity,xemm_0627_t001_hlfast_utc17_b:5092,would_submit,,pass,1.03185799,1.03185799,buy,60786.9127432,60786,9.12743196,1.5,touch,Alo,True,0,0,-1.5,binance_source_age_low,basis_mid,False,False,False,False
5096,xemm_0627_t001_hlfast_utc17_b,normal_activity_liquidity,xemm_0627_t001_hlfast_utc17_b:5096,would_submit,,pass,1.01334899,1.01334899,buy,60786.9053396,60786,9.05339596,1.5,touch,Alo,True,0,0,-1.5,binance_source_age_mid,basis_high,True,False,False,False
5097,xemm_0627_t001_hlfast_utc17_b,normal_activity_liquidity,xemm_0627_t001_hlfast_utc17_b:5097,would_submit,,pass,1.01366737,1.01366737,buy,60786.90546695,60786,9.05466948,1.5,touch,Alo,True,0,0,-1.5,binance_source_age_mid,basis_high,True,False,False,False
5130,xemm_0627_t001_hlfast_utc17_b,normal_activity_liquidity,xemm_0627_t001_hlfast_utc17_b:5130,would_submit,,pass,-1.11716346,1.11716346,sell,60788.05313462,60789,9.46865384,1.5,touch,Alo,True,0,-0,-1.5,binance_source_age_low,basis_low,False,False,False,False
5157,xemm_0627_t001_hlfast_utc17_b,normal_activity_liquidity,xemm_0627_t001_hlfast_utc17_b:5157,would_submit,,pass,1.04476559,1.04476559,buy,60788.91790624,60788,9.17906236,1.5,touch,Alo,True,0,0,-1.5,binance_source_age_low,basis_high,False,False,False,False
5158,xemm_0627_t001_hlfast_utc17_b,normal_activity_liquidity,xemm_0627_t001_hlfast_utc17_b:5158,would_submit,,pass,1.04427411,1.04427411,buy,60788.91770964,60788,9.17709644,1.5,touch,Alo,True,0,0,-1.5,binance_source_age_mid,basis_high,True,False,False,False
5180,xemm_0627_t001_hlfast_utc17_b,normal_activity_liquidity,xemm_0627_t001_hlfast_utc17_b:5180,would_submit,,pass,-1.03703817,1.03703817,sell,60788.08518473,60789,9.14815268,1.5,touch,Alo,True,0,-0,-1.5,binance_source_age_mid,basis_high,True,False,False,False
5181,xemm_0627_t001_hlfast_utc17_b,normal_activity_liquidity,xemm_0627_t001_hlfast_utc17_b:5181,would_submit,,pass,-1.03997202,1.03997202,sell,60788.08401119,60789,9.15988808,1.5,touch,Alo,True,0,-0,-1.5,binance_source_age_low,basis_high,False,False,False,False
5182,xemm_0627_t001_hlfast_utc17_b,normal_activity_liquidity,xemm_0627_t001_hlfast_utc17_b:5182,would_submit,,pass,-1.03527609,1.03527609,sell,60788.08588956,60789,9.14110436,1.5,touch,Alo,True,0,-0,-1.5,binance_source_age_mid,basis_high,True,False,False,False
5183,xemm_0627_t001_hlfast_utc17_b,normal_activity_liquidity,xemm_0627_t001_hlfast_utc17_b:5183,would_submit,,pass,-1.03052118,1.03052118,sell,60788.08779153,60789,9.12208472,1.5,touch,Alo,True,0,-0,-1.5,binance_source_age_low,basis_high,False,False,False,False
5184,xemm_0627_t001_hlfast_utc17_b,normal_activity_liquidity,xemm_0627_t001_hlfast_utc17_b:5184,would_submit,,pass,-1.02259585,1.02259585,sell,60788.09096166,60789,9.0903834,1.5,touch,Alo,True,0,-0,-1.5,binance_source_age_mid,basis_high,True,False,False,False
5185,xemm_0627_t001_hlfast_utc17_b,normal_activity_liquidity,xemm_0627_t001_hlfast_utc17_b:5185,would_submit,,pass,-1.02033259,1.02033259,sell,60788.09186696,60789,9.08133036,1.5,touch,Alo,True,0,-0,-1.5,binance_source_age_high,basis_high,False,False,False,False
5186,xemm_0627_t001_hlfast_utc17_b,normal_activity_liquidity,xemm_0627_t001_hlfast_utc17_b:5186,would_submit,,pass,-1.09255809,1.09255809,sell,60788.06297676,60789,9.37023236,1.5,touch,Alo,True,0,-0,-1.5,binance_source_age_mid,basis_high,True,False,False,False
5187,xemm_0627_t001_hlfast_utc17_b,normal_activity_liquidity,xemm_0627_t001_hlfast_utc17_b:5187,would_submit,,pass,-1.09800699,1.09800699,sell,60788.0607972,60789,9.39202796,1.5,touch,Alo,True,0,-0,-1.5,binance_source_age_mid,basis_high,True,False,False,False
5188,xemm_0627_t001_hlfast_utc17_b,normal_activity_liquidity,xemm_0627_t001_hlfast_utc17_b:5188,would_submit,,pass,-1.10651401,1.10651401,sell,60788.0573944,60789,9.42605604,1.5,touch,Alo,True,0,-0,-1.5,binance_source_age_low,basis_high,False,False,False,False
5189,xemm_0627_t001_hlfast_utc17_b,normal_activity_liquidity,xemm_0627_t001_hlfast_utc17_b:5189,would_submit,,pass,-1.10534825,1.10534825,sell,60788.0578607,60789,9.421393,1.5,touch,Alo,True,0,-0,-1.5,binance_source_age_low,basis_high,False,False,False,False
5190,xemm_0627_t001_hlfast_utc17_b,normal_activity_liquidity,xemm_0627_t001_hlfast_utc17_b:5190,would_submit,,pass,-1.13055381,1.13055381,sell,60788.04777848,60789,9.52221524,1.5,touch,Alo,True,0,-0,-1.5,binance_source_age_low,basis_high,False,False,False,False
5191,xemm_0627_t001_hlfast_utc17_b,normal_activity_liquidity,xemm_0627_t001_hlfast_utc17_b:5191,would_submit,,pass,-1.12744351,1.12744351,sell,60788.0490226,60789,9.50977404,1.5,touch,Alo,True,0,-0,-1.5,binance_source_age_high,basis_high,False,False,False,False
5192,xemm_0627_t001_hlfast_utc17_b,normal_activity_liquidity,xemm_0627_t001_hlfast_utc17_b:5192,would_submit,,pass,-1.13715548,1.13715548,sell,60788.04513781,60789,9.54862192,1.5,touch,Alo,True,0,-0,-1.5,binance_source_age_high,basis_high,False,False,False,False
5193,xemm_0627_t001_hlfast_utc17_b,normal_activity_liquidity,xemm_0627_t001_hlfast_utc17_b:5193,would_submit,,pass,-1.1326392,1.1326392,sell,60788.04694432,60789,9.5305568,1.5,touch,Alo,True,0,-0,-1.5,binance_source_age_mid,basis_high,True,False,False,False
5194,xemm_0627_t001_hlfast_utc17_b,normal_activity_liquidity,xemm_0627_t001_hlfast_utc17_b:5194,would_submit,,pass,-1.06587021,1.06587021,sell,60788.07365192,60789,9.26348084,1.5,touch,Alo,True,0,-0,-1.5,binance_source_age_mid,basis_high,True,False,False,False
5195,xemm_0627_t001_hlfast_utc17_b,normal_activity_liquidity,xemm_0627_t001_hlfast_utc17_b:5195,would_submit,,pass,-1.03502938,1.03502938,sell,60788.08598825,60789,9.14011752,1.5,touch,Alo,True,0,-0,-1.5,binance_source_age_high,basis_high,False,False,False,False
5196,xemm_0627_t001_hlfast_utc17_b,normal_activity_liquidity,xemm_0627_t001_hlfast_utc17_b:5196,would_submit,,pass,-1.03670506,1.03670506,sell,60788.08531798,60789,9.14682024,1.5,touch,Alo,True,0,-0,-1.5,binance_source_age_low,basis_high,False,False,False,False
5197,xemm_0627_t001_hlfast_utc17_b,normal_activity_liquidity,xemm_0627_t001_hlfast_utc17_b:5197,would_submit,,pass,-1.0315371,1.0315371,sell,60788.08738516,60789,9.1261484,1.5,touch,Alo,True,0,-0,-1.5,binance_source_age_mid,basis_high,True,False,False,False
5198,xemm_0627_t001_hlfast_utc17_b,normal_activity_liquidity,xemm_0627_t001_hlfast_utc17_b:5198,would_submit,,pass,-1.03920876,1.03920876,sell,60788.0843165,60789,9.15683504,1.5,touch,Alo,True,0,-0,-1.5,binance_source_age_mid,basis_high,True,False,False,False
5199,xemm_0627_t001_hlfast_utc17_b,normal_activity_liquidity,xemm_0627_t001_hlfast_utc17_b:5199,would_submit,,pass,-1.05975876,1.05975876,sell,60788.0760965,60789,9.23903504,1.5,touch,Alo,True,0,-0,-1.5,binance_source_age_low,basis_high,False,False,False,False
5200,xemm_0627_t001_hlfast_utc17_b,normal_activity_liquidity,xemm_0627_t001_hlfast_utc17_b:5200,would_submit,,pass,-1.07981911,1.07981911,sell,60788.06807236,60789,9.31927644,1.5,touch,Alo,True,0,-0,-1.5,binance_source_age_low,basis_high,False,False,False,False
5201,xemm_0627_t001_hlfast_utc17_b,normal_activity_liquidity,xemm_0627_t001_hlfast_utc17_b:5201,would_submit,,pass,-1.07926318,1.07926318,sell,60788.06829473,60789,9.31705272,1.5,touch,Alo,True,0,-0,-1.5,binance_source_age_high,basis_high,False,False,False,False
5202,xemm_0627_t001_hlfast_utc17_b,normal_activity_liquidity,xemm_0627_t001_hlfast_utc17_b:5202,would_submit,,pass,-1.06733,1.06733,sell,60788.073068,60789,9.26932,1.5,touch,Alo,True,0,-0,-1.5,binance_source_age_high,basis_high,False,False,False,False
5203,xemm_0627_t001_hlfast_utc17_b,normal_activity_liquidity,xemm_0627_t001_hlfast_utc17_b:5203,would_submit,,pass,-1.06491196,1.06491196,sell,60788.07403522,60789,9.25964784,1.5,touch,Alo,True,0,-0,-1.5,binance_source_age_high,basis_high,False,False,False,False
5204,xemm_0627_t001_hlfast_utc17_b,normal_activity_liquidity,xemm_0627_t001_hlfast_utc17_b:5204,would_submit,,pass,-1.07826938,1.07826938,sell,60788.06869225,60789,9.31307752,1.5,touch,Alo,True,0,-0,-1.5,binance_source_age_mid,basis_high,True,False,False,False
5205,xemm_0627_t001_hlfast_utc17_b,normal_activity_liquidity,xemm_0627_t001_hlfast_utc17_b:5205,would_submit,,pass,-1.07826424,1.07826424,sell,60788.0686943,60789,9.31305696,1.5,touch,Alo,True,0,-0,-1.5,binance_source_age_low,basis_high,False,False,False,False
5206,xemm_0627_t001_hlfast_utc17_b,normal_activity_liquidity,xemm_0627_t001_hlfast_utc17_b:5206,would_submit,,pass,-1.07998716,1.07998716,sell,60788.06800514,60789,9.31994864,1.5,touch,Alo,True,0,-0,-1.5,binance_source_age_low,basis_high,False,False,False,False
5210,xemm_0627_t001_hlfast_utc17_b,normal_activity_liquidity,xemm_0627_t001_hlfast_utc17_b:5210,would_submit,,pass,-1.07813136,1.07813136,sell,60788.06874746,60789,9.31252544,1.5,touch,Alo,True,0,-0,-1.5,binance_source_age_low,basis_mid,False,False,False,False
5211,xemm_0627_t001_hlfast_utc17_b,normal_activity_liquidity,xemm_0627_t001_hlfast_utc17_b:5211,would_submit,,pass,-3.59828281,3.59828281,sell,60787.06068688,60789,19.39313124,1.5,touch,Alo,True,0,-0,-1.5,binance_source_age_high,basis_low,False,False,False,False
5226,xemm_0627_t001_hlfast_utc17_b,normal_activity_liquidity,xemm_0627_t001_hlfast_utc17_b:5226,would_submit,,pass,-2.02519313,2.02519313,sell,60787.68992275,60789,13.10077252,1.5,touch,Alo,True,0,-0,-1.5,binance_source_age_low,basis_low,False,False,False,False
5277,xemm_0627_t001_hlfast_utc17_b,normal_activity_liquidity,xemm_0627_t001_hlfast_utc17_b:5277,would_submit,,pass,-1.02975877,1.02975877,sell,60768.08809649,60769,9.11903508,1.5,touch,Alo,True,0,-0,-1.5,binance_source_age_mid,basis_mid,True,False,False,False
5278,xemm_0627_t001_hlfast_utc17_b,normal_activity_liquidity,xemm_0627_t001_hlfast_utc17_b:5278,would_submit,,pass,-1.01958166,1.01958166,sell,60768.09216734,60769,9.07832664,1.5,touch,Alo,True,0,-0,-1.5,binance_source_age_low,basis_mid,False,False,False,False
5279,xemm_0627_t001_hlfast_utc17_b,normal_activity_liquidity,xemm_0627_t001_hlfast_utc17_b:5279,would_submit,,pass,-1.02350348,1.02350348,sell,60768.09059861,60769,9.09401392,1.5,touch,Alo,True,0,-0,-1.5,binance_source_age_low,basis_mid,False,False,False,False
5286,xemm_0627_t001_hlfast_utc17_b,normal_activity_liquidity,xemm_0627_t001_hlfast_utc17_b:5286,would_submit,,pass,-1.11846265,1.11846265,sell,60768.05261494,60769,9.4738506,1.5,touch,Alo,True,0,-0,-1.5,binance_source_age_high,basis_mid,False,False,False,False
5321,xemm_0627_t001_hlfast_utc17_b,normal_activity_liquidity,xemm_0627_t001_hlfast_utc17_b:5321,would_submit,,pass,1.01873634,1.01873634,buy,60771.90749454,60771,9.07494536,1.5,touch,Alo,True,10,10,8.5,binance_source_age_mid,basis_mid,True,False,False,False
5327,xemm_0627_t001_hlfast_utc17_b,normal_activity_liquidity,xemm_0627_t001_hlfast_utc17_b:5327,would_submit,,pass,1.0668437,1.0668437,buy,60774.92673748,60774,9.2673748,1.5,touch,Alo,True,10,10,8.5,binance_source_age_mid,basis_mid,True,False,False,False
5356,xemm_0627_t001_hlfast_utc17_b,normal_activity_liquidity,xemm_0627_t001_hlfast_utc17_b:5356,would_submit,,pass,-1.16290265,1.16290265,sell,60777.03483894,60778,9.6516106,1.5,touch,Alo,True,20,-20,-21.5,binance_source_age_low,basis_high,False,False,False,False
5358,xemm_0627_t001_hlfast_utc17_b,normal_activity_liquidity,xemm_0627_t001_hlfast_utc17_b:5358,would_submit,,pass,-1.15177402,1.15177402,sell,60779.03929039,60780,9.60709608,1.5,touch,Alo,True,0,-0,-1.5,binance_source_age_mid,basis_low,True,False,False,False
5359,xemm_0627_t001_hlfast_utc17_b,normal_activity_liquidity,xemm_0627_t001_hlfast_utc17_b:5359,would_submit,,pass,-1.03075528,1.03075528,sell,60779.08769789,60780,9.12302112,1.5,touch,Alo,True,0,-0,-1.5,binance_source_age_high,basis_low,False,False,False,False
5361,xemm_0627_t001_hlfast_utc17_b,normal_activity_liquidity,xemm_0627_t001_hlfast_utc17_b:5361,would_submit,,pass,-1.00132589,1.00132589,sell,60779.09946964,60780,9.00530356,1.5,touch,Alo,True,0,-0,-1.5,binance_source_age_low,basis_low,False,False,False,False
5363,xemm_0627_t001_hlfast_utc17_b,normal_activity_liquidity,xemm_0627_t001_hlfast_utc17_b:5363,would_submit,,pass,-1.10690707,1.10690707,sell,60779.05723717,60780,9.42762828,1.5,touch,Alo,True,0,-0,-1.5,binance_source_age_mid,basis_low,True,False,False,False
5364,xemm_0627_t001_hlfast_utc17_b,normal_activity_liquidity,xemm_0627_t001_hlfast_utc17_b:5364,would_submit,,pass,-1.08226231,1.08226231,sell,60779.06709508,60780,9.32904924,1.5,touch,Alo,True,0,-0,-1.5,binance_source_age_low,basis_low,False,False,False,False
5416,xemm_0627_t001_hlfast_utc17_b,normal_activity_liquidity,xemm_0627_t001_hlfast_utc17_b:5416,would_submit,,pass,-1.00985151,1.00985151,sell,60786.0960594,60787,9.03940604,1.5,touch,Alo,True,0,-0,-1.5,binance_source_age_low,basis_mid,False,False,False,False
5419,xemm_0627_t001_hlfast_utc17_b,normal_activity_liquidity,xemm_0627_t001_hlfast_utc17_b:5419,would_submit,,pass,-1.1301805,1.1301805,sell,60786.0479278,60787,9.520722,1.5,touch,Alo,True,0,-0,-1.5,binance_source_age_high,basis_low,False,False,False,False
5420,xemm_0627_t001_hlfast_utc17_b,normal_activity_liquidity,xemm_0627_t001_hlfast_utc17_b:5420,would_submit,,pass,-1.12872445,1.12872445,sell,60786.04851022,60787,9.5148978,1.5,touch,Alo,True,0,-0,-1.5,binance_source_age_mid,basis_low,True,False,False,False
5421,xemm_0627_t001_hlfast_utc17_b,normal_activity_liquidity,xemm_0627_t001_hlfast_utc17_b:5421,would_submit,,pass,-1.1199482,1.1199482,sell,60786.05202072,60787,9.4797928,1.5,touch,Alo,True,0,-0,-1.5,binance_source_age_mid,basis_low,True,False,False,False
5436,xemm_0627_t001_hlfast_utc17_b,normal_activity_liquidity,xemm_0627_t001_hlfast_utc17_b:5436,would_submit,,pass,-1.01945987,1.01945987,sell,60783.09221605,60784,9.07783948,1.5,touch,Alo,True,0,-0,-1.5,binance_source_age_low,basis_low,False,False,False,False
5442,xemm_0627_t001_hlfast_utc17_b,normal_activity_liquidity,xemm_0627_t001_hlfast_utc17_b:5442,would_submit,,pass,1.06027982,1.06027982,buy,60783.92411193,60783,9.24111928,1.5,touch,Alo,True,0,0,-1.5,binance_source_age_high,basis_low,False,False,False,False
5443,xemm_0627_t001_hlfast_utc17_b,normal_activity_liquidity,xemm_0627_t001_hlfast_utc17_b:5443,would_submit,,pass,1.05832509,1.05832509,buy,60783.92333004,60783,9.23330036,1.5,touch,Alo,True,0,0,-1.5,binance_source_age_high,basis_low,False,False,False,False
5444,xemm_0627_t001_hlfast_utc17_b,normal_activity_liquidity,xemm_0627_t001_hlfast_utc17_b:5444,would_submit,,pass,1.0501937,1.0501937,buy,60783.92007748,60783,9.2007748,1.5,touch,Alo,True,0,0,-1.5,binance_source_age_high,basis_low,False,False,False,False
5449,xemm_0627_t001_hlfast_utc17_b,normal_activity_liquidity,xemm_0627_t001_hlfast_utc17_b:5449,would_submit,,pass,1.02353823,1.02353823,buy,60783.90941529,60783,9.09415292,1.5,touch,Alo,True,20,20,18.5,binance_source_age_high,basis_high,False,False,False,False
5454,xemm_0627_t001_hlfast_utc17_b,normal_activity_liquidity,xemm_0627_t001_hlfast_utc17_b:5454,would_submit,,pass,1.03027884,1.03027884,buy,60785.91211154,60785,9.12111536,1.5,touch,Alo,True,20,20,18.5,binance_source_age_high,basis_high,False,False,False,False
5475,xemm_0627_t001_hlfast_utc17_b,normal_activity_liquidity,xemm_0627_t001_hlfast_utc17_b:5475,would_submit,,pass,-4.20765133,4.20765133,sell,60792.81693947,60795,21.83060532,1.5,touch,Alo,True,0,-0,-1.5,binance_source_age_mid,basis_low,True,False,False,False
5500,xemm_0627_t001_hlfast_utc17_b,normal_activity_liquidity,xemm_0627_t001_hlfast_utc17_b:5500,would_submit,,pass,3.79024341,3.79024341,buy,60786.01609736,60784,20.16097364,1.5,touch,Alo,True,10,10,8.5,binance_source_age_low,basis_high,False,False,False,False
5512,xemm_0627_t001_hlfast_utc17_b,normal_activity_liquidity,xemm_0627_t001_hlfast_utc17_b:5512,would_submit,,pass,1.08111078,1.08111078,buy,60802.93244431,60802,9.32444312,1.5,touch,Alo,True,0,0,-1.5,binance_source_age_mid,basis_low,True,False,False,False
5524,xemm_0627_t001_hlfast_utc17_b,normal_activity_liquidity,xemm_0627_t001_hlfast_utc17_b:5524,would_submit,,pass,1.00207221,1.00207221,buy,60802.90082888,60802,9.00828884,1.5,touch,Alo,True,0,0,-1.5,binance_source_age_low,basis_mid,False,False,False,False
5532,xemm_0627_t001_hlfast_utc17_b,normal_activity_liquidity,xemm_0627_t001_hlfast_utc17_b:5532,would_submit,,pass,1.03693042,1.03693042,buy,60802.91477217,60802,9.14772168,1.5,touch,Alo,True,0,0,-1.5,binance_source_age_mid,basis_mid,True,False,False,False
5542,xemm_0627_t001_hlfast_utc17_b,normal_activity_liquidity,xemm_0627_t001_hlfast_utc17_b:5542,would_submit,,pass,1.0935344,1.0935344,buy,60802.93741376,60802,9.3741376,1.5,touch,Alo,True,0,0,-1.5,binance_source_age_low,basis_mid,False,False,False,False
5543,xemm_0627_t001_hlfast_utc17_b,normal_activity_liquidity,xemm_0627_t001_hlfast_utc17_b:5543,would_submit,,pass,1.64447038,1.64447038,buy,60803.15778815,60802,11.57788152,1.5,touch,Alo,True,90,90,88.5,binance_source_age_high,basis_high,False,False,False,False
5549,xemm_0627_t001_hlfast_utc17_b,normal_activity_liquidity,xemm_0627_t001_hlfast_utc17_b:5549,would_submit,,pass,-1.07148395,1.07148395,sell,60811.07140642,60812,9.2859358,1.5,touch,Alo,True,0,-0,-1.5,binance_source_age_mid,basis_low,True,False,False,False
5561,xemm_0627_t001_hlfast_utc17_b,normal_activity_liquidity,xemm_0627_t001_hlfast_utc17_b:5561,would_submit,,pass,-1.08480628,1.08480628,sell,60805.06607749,60806,9.33922512,1.5,touch,Alo,True,0,-0,-1.5,binance_source_age_high,basis_low,False,False,False,False
5562,xemm_0627_t001_hlfast_utc17_b,normal_activity_liquidity,xemm_0627_t001_hlfast_utc17_b:5562,would_submit,,pass,-1.08602844,1.08602844,sell,60805.06558862,60806,9.34411376,1.5,touch,Alo,True,0,-0,-1.5,binance_source_age_mid,basis_low,True,False,False,False
5563,xemm_0627_t001_hlfast_utc17_b,normal_activity_liquidity,xemm_0627_t001_hlfast_utc17_b:5563,would_submit,,pass,-1.07860998,1.07860998,sell,60805.06855601,60806,9.31443992,1.5,touch,Alo,True,0,-0,-1.5,binance_source_age_high,basis_low,False,False,False,False
5564,xemm_0627_t001_hlfast_utc17_b,normal_activity_liquidity,xemm_0627_t001_hlfast_utc17_b:5564,would_submit,,pass,-1.04771284,1.04771284,sell,60805.08091486,60806,9.19085136,1.5,touch,Alo,True,0,-0,-1.5,binance_source_age_mid,basis_low,True,False,False,False
5565,xemm_0627_t001_hlfast_utc17_b,normal_activity_liquidity,xemm_0627_t001_hlfast_utc17_b:5565,would_submit,,pass,-1.04830974,1.04830974,sell,60805.0806761,60806,9.19323896,1.5,touch,Alo,True,0,-0,-1.5,binance_source_age_high,basis_low,False,False,False,False
5568,xemm_0627_t001_hlfast_utc17_b,normal_activity_liquidity,xemm_0627_t001_hlfast_utc17_b:5568,would_submit,,pass,-1.65783711,1.65783711,sell,60804.83686516,60806,11.63134844,1.5,touch,Alo,True,-50,50,48.5,binance_source_age_high,basis_low,False,False,False,False
5610,xemm_0627_t001_hlfast_utc17_b,normal_activity_liquidity,xemm_0627_t001_hlfast_utc17_b:5610,would_submit,,pass,-1.01394683,1.01394683,sell,60785.09442127,60786,9.05578732,1.5,touch,Alo,True,0,-0,-1.5,binance_source_age_mid,basis_low,True,False,False,False
5611,xemm_0627_t001_hlfast_utc17_b,normal_activity_liquidity,xemm_0627_t001_hlfast_utc17_b:5611,would_submit,,pass,-1.02092921,1.02092921,sell,60785.09162832,60786,9.08371684,1.5,touch,Alo,True,0,-0,-1.5,binance_source_age_low,basis_low,False,False,False,False
5612,xemm_0627_t001_hlfast_utc17_b,normal_activity_liquidity,xemm_0627_t001_hlfast_utc17_b:5612,would_submit,,pass,-1.14093495,1.14093495,sell,60785.04362602,60786,9.5637398,1.5,touch,Alo,True,0,-0,-1.5,binance_source_age_low,basis_low,False,False,False,False
5618,xemm_0627_t001_hlfast_utc17_b,normal_activity_liquidity,xemm_0627_t001_hlfast_utc17_b:5618,would_submit,,pass,-1.08195957,1.08195957,sell,60776.06721617,60777,9.32783828,1.5,touch,Alo,True,0,-0,-1.5,binance_source_age_low,basis_mid,False,False,False,False
5619,xemm_0627_t001_hlfast_utc17_b,normal_activity_liquidity,xemm_0627_t001_hlfast_utc17_b:5619,would_submit,,pass,-1.14353977,1.14353977,sell,60776.04258409,60777,9.57415908,1.5,touch,Alo,True,0,-0,-1.5,binance_source_age_high,basis_mid,False,False,False,False
5621,xemm_0627_t001_hlfast_utc17_b,normal_activity_liquidity,xemm_0627_t001_hlfast_utc17_b:5621,would_submit,,pass,-1.12962084,1.12962084,sell,60776.04815166,60777,9.51848336,1.5,touch,Alo,True,0,-0,-1.5,binance_source_age_mid,basis_mid,True,False,False,False
5622,xemm_0627_t001_hlfast_utc17_b,normal_activity_liquidity,xemm_0627_t001_hlfast_utc17_b:5622,would_submit,,pass,-1.07900695,1.07900695,sell,60776.06839722,60777,9.3160278,1.5,touch,Alo,True,0,-0,-1.5,binance_source_age_low,basis_mid,False,False,False,False
5623,xemm_0627_t001_hlfast_utc17_b,normal_activity_liquidity,xemm_0627_t001_hlfast_utc17_b:5623,would_submit,,pass,-1.13664745,1.13664745,sell,60776.04534102,60777,9.5465898,1.5,touch,Alo,True,0,-0,-1.5,binance_source_age_mid,basis_mid,True,False,False,False
5624,xemm_0627_t001_hlfast_utc17_b,normal_activity_liquidity,xemm_0627_t001_hlfast_utc17_b:5624,would_submit,,pass,-1.14437747,1.14437747,sell,60776.04224901,60777,9.57750988,1.5,touch,Alo,True,0,-0,-1.5,binance_source_age_low,basis_mid,False,False,False,False
5627,xemm_0627_t001_hlfast_utc17_b,normal_activity_liquidity,xemm_0627_t001_hlfast_utc17_b:5627,would_submit,,pass,-1.04326669,1.04326669,sell,60776.08269332,60777,9.17306676,1.5,touch,Alo,True,0,-0,-1.5,binance_source_age_mid,basis_mid,True,False,False,False
5628,xemm_0627_t001_hlfast_utc17_b,normal_activity_liquidity,xemm_0627_t001_hlfast_utc17_b:5628,would_submit,,pass,-1.08960231,1.08960231,sell,60776.06415908,60777,9.35840924,1.5,touch,Alo,True,0,-0,-1.5,binance_source_age_high,basis_mid,False,False,False,False
5629,xemm_0627_t001_hlfast_utc17_b,normal_activity_liquidity,xemm_0627_t001_hlfast_utc17_b:5629,would_submit,,pass,-1.04070999,1.04070999,sell,60776.083716,60777,9.16283996,1.5,touch,Alo,True,0,-0,-1.5,binance_source_age_mid,basis_mid,True,False,False,False
5630,xemm_0627_t001_hlfast_utc17_b,normal_activity_liquidity,xemm_0627_t001_hlfast_utc17_b:5630,would_submit,,pass,-1.0494523,1.0494523,sell,60776.08021908,60777,9.1978092,1.5,touch,Alo,True,0,-0,-1.5,binance_source_age_mid,basis_mid,True,False,False,False
5631,xemm_0627_t001_hlfast_utc17_b,normal_activity_liquidity,xemm_0627_t001_hlfast_utc17_b:5631,would_submit,,pass,-1.03715442,1.03715442,sell,60776.08513823,60777,9.14861768,1.5,touch,Alo,True,0,-0,-1.5,binance_source_age_low,basis_mid,False,False,False,False
5632,xemm_0627_t001_hlfast_utc17_b,normal_activity_liquidity,xemm_0627_t001_hlfast_utc17_b:5632,would_submit,,pass,-1.09599514,1.09599514,sell,60776.06160194,60777,9.38398056,1.5,touch,Alo,True,0,-0,-1.5,binance_source_age_high,basis_mid,False,False,False,False
5633,xemm_0627_t001_hlfast_utc17_b,normal_activity_liquidity,xemm_0627_t001_hlfast_utc17_b:5633,would_submit,,pass,-1.04600041,1.04600041,sell,60776.08159984,60777,9.18400164,1.5,touch,Alo,True,0,-0,-1.5,binance_source_age_mid,basis_mid,True,False,False,False
5634,xemm_0627_t001_hlfast_utc17_b,normal_activity_liquidity,xemm_0627_t001_hlfast_utc17_b:5634,would_submit,,pass,-1.12539666,1.12539666,sell,60776.04984134,60777,9.50158664,1.5,touch,Alo,True,0,-0,-1.5,binance_source_age_low,basis_mid,False,False,False,False
5825,xemm_0627_t001_hlfast_utc17_b,normal_activity_liquidity,xemm_0627_t001_hlfast_utc17_b:5825,would_submit,,pass,-1.15317038,1.15317038,sell,60763.03873185,60764,9.61268152,1.5,touch,Alo,True,0,-0,-1.5,binance_source_age_mid,basis_low,True,False,False,False
5826,xemm_0627_t001_hlfast_utc17_b,normal_activity_liquidity,xemm_0627_t001_hlfast_utc17_b:5826,would_submit,,pass,-1.15443117,1.15443117,sell,60763.03822753,60764,9.61772468,1.5,touch,Alo,True,0,-0,-1.5,binance_source_age_low,basis_low,False,False,False,False
5846,xemm_0627_t001_hlfast_utc17_b,normal_activity_liquidity,xemm_0627_t001_hlfast_utc17_b:5846,would_submit,,pass,-1.10015454,1.10015454,sell,60763.05993818,60764,9.40061816,1.5,touch,Alo,True,0,-0,-1.5,binance_source_age_mid,basis_low,True,False,False,False
5847,xemm_0627_t001_hlfast_utc17_b,normal_activity_liquidity,xemm_0627_t001_hlfast_utc17_b:5847,would_submit,,pass,-1.15607676,1.15607676,sell,60763.0375693,60764,9.62430704,1.5,touch,Alo,True,0,-0,-1.5,binance_source_age_low,basis_low,False,False,False,False
5863,xemm_0627_t001_hlfast_utc17_b,normal_activity_liquidity,xemm_0627_t001_hlfast_utc17_b:5863,would_submit,,pass,-1.05266922,1.05266922,sell,60750.07893231,60751,9.21067688,1.5,touch,Alo,True,0,-0,-1.5,binance_source_age_low,basis_mid,False,False,False,False
5864,xemm_0627_t001_hlfast_utc17_b,normal_activity_liquidity,xemm_0627_t001_hlfast_utc17_b:5864,would_submit,,pass,-1.05093584,1.05093584,sell,60750.07962566,60751,9.20374336,1.5,touch,Alo,True,0,-0,-1.5,binance_source_age_low,basis_mid,False,False,False,False
5865,xemm_0627_t001_hlfast_utc17_b,normal_activity_liquidity,xemm_0627_t001_hlfast_utc17_b:5865,would_submit,,pass,-1.07956339,1.07956339,sell,60750.06817464,60751,9.31825356,1.5,touch,Alo,True,0,-0,-1.5,binance_source_age_high,basis_mid,False,False,False,False
5866,xemm_0627_t001_hlfast_utc17_b,normal_activity_liquidity,xemm_0627_t001_hlfast_utc17_b:5866,would_submit,,pass,-1.07255607,1.07255607,sell,60750.07097757,60751,9.29022428,1.5,touch,Alo,True,0,-0,-1.5,binance_source_age_mid,basis_mid,True,False,False,False
5867,xemm_0627_t001_hlfast_utc17_b,normal_activity_liquidity,xemm_0627_t001_hlfast_utc17_b:5867,would_submit,,pass,-1.14768578,1.14768578,sell,60750.04092569,60751,9.59074312,1.5,touch,Alo,True,0,-0,-1.5,binance_source_age_mid,basis_mid,True,False,False,False
5879,xemm_0627_t001_hlfast_utc17_b,normal_activity_liquidity,xemm_0627_t001_hlfast_utc17_b:5879,would_submit,,pass,-1.13153958,1.13153958,sell,60750.04738417,60751,9.52615832,1.5,touch,Alo,True,-40,40,38.5,binance_source_age_high,basis_low,False,False,False,False
5880,xemm_0627_t001_hlfast_utc17_b,normal_activity_liquidity,xemm_0627_t001_hlfast_utc17_b:5880,would_submit,,pass,6.68309405,6.68309405,buy,60753.17323762,60750,31.7323762,1.5,touch,Alo,True,-150,-150,-151.5,binance_source_age_high,basis_low,False,False,False,False
5902,xemm_0627_t001_hlfast_utc17_b,normal_activity_liquidity,xemm_0627_t001_hlfast_utc17_b:5902,would_submit,,pass,-1.05019169,1.05019169,sell,60727.07992332,60728,9.20076676,1.5,touch,Alo,True,0,-0,-1.5,binance_source_age_high,basis_low,False,False,False,False
5903,xemm_0627_t001_hlfast_utc17_b,normal_activity_liquidity,xemm_0627_t001_hlfast_utc17_b:5903,would_submit,,pass,-1.1029131,1.1029131,sell,60727.05883476,60728,9.4116524,1.5,touch,Alo,True,0,-0,-1.5,binance_source_age_high,basis_low,False,False,False,False
5904,xemm_0627_t001_hlfast_utc17_b,normal_activity_liquidity,xemm_0627_t001_hlfast_utc17_b:5904,would_submit,,pass,-1.09384314,1.09384314,sell,60727.06246274,60728,9.37537256,1.5,touch,Alo,True,0,-0,-1.5,binance_source_age_mid,basis_low,True,False,False,False
5914,xemm_0627_t001_hlfast_utc17_b,normal_activity_liquidity,xemm_0627_t001_hlfast_utc17_b:5914,would_submit,,pass,-1.15482764,1.15482764,sell,60727.03806894,60728,9.61931056,1.5,touch,Alo,True,-10,10,8.5,binance_source_age_low,basis_low,False,False,False,False
5922,xemm_0627_t001_hlfast_utc17_b,normal_activity_liquidity,xemm_0627_t001_hlfast_utc17_b:5922,would_submit,,pass,-1.13099907,1.13099907,sell,60726.04760037,60727,9.52399628,1.5,touch,Alo,True,0,-0,-1.5,binance_source_age_high,basis_low,False,False,False,False
5931,xemm_0627_t001_hlfast_utc17_b,normal_activity_liquidity,xemm_0627_t001_hlfast_utc17_b:5931,would_submit,,pass,-1.04184035,1.04184035,sell,60717.08326386,60718,9.1673614,1.5,touch,Alo,True,0,-0,-1.5,binance_source_age_low,basis_mid,False,False,False,False
5935,xemm_0627_t001_hlfast_utc17_b,normal_activity_liquidity,xemm_0627_t001_hlfast_utc17_b:5935,would_submit,,pass,-1.22556084,1.22556084,sell,60717.00977566,60718,9.90224336,1.5,touch,Alo,True,0,-0,-1.5,binance_source_age_high,basis_low,False,False,False,False
5986,xemm_0627_t001_hlfast_utc17_b,normal_activity_liquidity,xemm_0627_t001_hlfast_utc17_b:5986,would_submit,,pass,1.09479405,1.09479405,buy,60728.93791762,60728,9.3791762,1.5,touch,Alo,True,0,0,-1.5,binance_source_age_low,basis_low,False,False,False,False
5987,xemm_0627_t001_hlfast_utc17_b,normal_activity_liquidity,xemm_0627_t001_hlfast_utc17_b:5987,would_submit,,pass,1.02309352,1.02309352,buy,60728.90923741,60728,9.09237408,1.5,touch,Alo,True,5,5,3.5,binance_source_age_low,basis_mid,False,False,False,False
5989,xemm_0627_t001_hlfast_utc17_b,normal_activity_liquidity,xemm_0627_t001_hlfast_utc17_b:5989,would_submit,,pass,1.06189374,1.06189374,buy,60729.4247575,60728,14.24757496,1.5,touch,Alo,True,25,25,23.5,binance_source_age_mid,basis_mid,True,False,False,False
6027,xemm_0627_t001_hlfast_utc17_b,normal_activity_liquidity,xemm_0627_t001_hlfast_utc17_b:6027,would_submit,,pass,1.06885442,1.06885442,buy,60734.92754177,60734,9.27541768,1.5,touch,Alo,True,0,0,-1.5,binance_source_age_low,basis_low,False,False,False,False
6028,xemm_0627_t001_hlfast_utc17_b,normal_activity_liquidity,xemm_0627_t001_hlfast_utc17_b:6028,would_submit,,pass,1.08395135,1.08395135,buy,60734.93358054,60734,9.3358054,1.5,touch,Alo,True,0,0,-1.5,binance_source_age_mid,basis_low,True,False,False,False
6029,xemm_0627_t001_hlfast_utc17_b,normal_activity_liquidity,xemm_0627_t001_hlfast_utc17_b:6029,would_submit,,pass,1.08407167,1.08407167,buy,60734.93362867,60734,9.33628668,1.5,touch,Alo,True,0,0,-1.5,binance_source_age_low,basis_low,False,False,False,False
6099,xemm_0627_t001_hlfast_utc17_b,normal_activity_liquidity,xemm_0627_t001_hlfast_utc17_b:6099,would_submit,,pass,-1.14380202,1.14380202,sell,60733.04247919,60734,9.57520808,1.5,touch,Alo,True,0,-0,-1.5,binance_source_age_mid,basis_low,True,False,False,False
6119,xemm_0627_t001_hlfast_utc17_b,normal_activity_liquidity,xemm_0627_t001_hlfast_utc17_b:6119,would_submit,,pass,-1.04648952,1.04648952,sell,60733.08140419,60734,9.18595808,1.5,touch,Alo,True,0,-0,-1.5,binance_source_age_high,basis_low,False,False,False,False
6120,xemm_0627_t001_hlfast_utc17_b,normal_activity_liquidity,xemm_0627_t001_hlfast_utc17_b:6120,would_submit,,pass,-1.14491201,1.14491201,sell,60733.0420352,60734,9.57964804,1.5,touch,Alo,True,0,-0,-1.5,binance_source_age_mid,basis_low,True,False,False,False
6121,xemm_0627_t001_hlfast_utc17_b,normal_activity_liquidity,xemm_0627_t001_hlfast_utc17_b:6121,would_submit,,pass,-1.14466546,1.14466546,sell,60733.04213382,60734,9.57866184,1.5,touch,Alo,True,0,-0,-1.5,binance_source_age_low,basis_low,False,False,False,False
6176,xemm_0627_t001_hlfast_utc17_b,normal_activity_liquidity,xemm_0627_t001_hlfast_utc17_b:6176,would_submit,,pass,-1.17030964,1.17030964,sell,60733.03187614,60734,9.68123856,1.5,touch,Alo,True,0,-0,-1.5,binance_source_age_low,basis_low,False,False,False,False
6182,xemm_0627_t001_hlfast_utc17_b,normal_activity_liquidity,xemm_0627_t001_hlfast_utc17_b:6182,would_submit,,pass,1.07393136,1.07393136,buy,60733.92957254,60733,9.29572544,1.5,touch,Alo,True,0,0,-1.5,binance_source_age_mid,basis_low,True,False,False,False
6184,xemm_0627_t001_hlfast_utc17_b,normal_activity_liquidity,xemm_0627_t001_hlfast_utc17_b:6184,would_submit,,pass,1.08720279,1.08720279,buy,60733.93488112,60733,9.34881116,1.5,touch,Alo,True,0,0,-1.5,binance_source_age_high,basis_low,False,False,False,False
6185,xemm_0627_t001_hlfast_utc17_b,normal_activity_liquidity,xemm_0627_t001_hlfast_utc17_b:6185,would_submit,,pass,1.07134668,1.07134668,buy,60733.92853867,60733,9.28538672,1.5,touch,Alo,True,0,0,-1.5,binance_source_age_mid,basis_low,True,False,False,False
6196,xemm_0627_t001_hlfast_utc17_b,normal_activity_liquidity,xemm_0627_t001_hlfast_utc17_b:6196,would_submit,,pass,1.02486881,1.02486881,buy,60733.90994752,60733,9.09947524,1.5,touch,Alo,True,0,0,-1.5,binance_source_age_high,basis_low,False,False,False,False
6197,xemm_0627_t001_hlfast_utc17_b,normal_activity_liquidity,xemm_0627_t001_hlfast_utc17_b:6197,would_submit,,pass,1.02970701,1.02970701,buy,60733.9118828,60733,9.11882804,1.5,touch,Alo,True,0,0,-1.5,binance_source_age_mid,basis_low,True,False,False,False
6198,xemm_0627_t001_hlfast_utc17_b,normal_activity_liquidity,xemm_0627_t001_hlfast_utc17_b:6198,would_submit,,pass,1.02706009,1.02706009,buy,60733.91082404,60733,9.10824036,1.5,touch,Alo,True,0,0,-1.5,binance_source_age_low,basis_low,False,False,False,False
6201,xemm_0627_t001_hlfast_utc17_b,normal_activity_liquidity,xemm_0627_t001_hlfast_utc17_b:6201,would_submit,,pass,1.00329488,1.00329488,buy,60733.90131795,60733,9.01317952,1.5,touch,Alo,True,0,0,-1.5,binance_source_age_high,basis_low,False,False,False,False
6213,xemm_0627_t001_hlfast_utc17_b,normal_activity_liquidity,xemm_0627_t001_hlfast_utc17_b:6213,would_submit,,pass,1.01065139,1.01065139,buy,60733.90426056,60733,9.04260556,1.5,touch,Alo,True,0,0,-1.5,binance_source_age_mid,basis_mid,True,False,False,False
6290,xemm_0627_t001_hlfast_utc17_b,normal_activity_liquidity,xemm_0627_t001_hlfast_utc17_b:6290,would_submit,,pass,-1.00164792,1.00164792,sell,60733.09934083,60734,9.00659168,1.5,touch,Alo,True,0,-0,-1.5,binance_source_age_mid,basis_low,True,False,False,False
6337,xemm_0627_t001_hlfast_utc17_b,normal_activity_liquidity,xemm_0627_t001_hlfast_utc17_b:6337,would_submit,,pass,-1.06456772,1.06456772,sell,60733.07417291,60734,9.25827088,1.5,touch,Alo,True,0,-0,-1.5,binance_source_age_high,basis_low,False,False,False,False
6355,xemm_0627_t001_hlfast_utc17_b,normal_activity_liquidity,xemm_0627_t001_hlfast_utc17_b:6355,would_submit,,pass,-1.03524778,1.03524778,sell,60733.08590089,60734,9.14099112,1.5,touch,Alo,True,-10,10,8.5,binance_source_age_high,basis_low,False,False,False,False
6356,xemm_0627_t001_hlfast_utc17_b,normal_activity_liquidity,xemm_0627_t001_hlfast_utc17_b:6356,would_submit,,pass,-1.07307291,1.07307291,sell,60733.07077084,60734,9.29229164,1.5,touch,Alo,True,-10,10,8.5,binance_source_age_mid,basis_low,True,False,False,False
6410,xemm_0627_t001_hlfast_utc17_b,normal_activity_liquidity,xemm_0627_t001_hlfast_utc17_b:6410,would_submit,,pass,-1.11519229,1.11519229,sell,60716.05392308,60717,9.46076916,1.5,touch,Alo,True,0,-0,-1.5,binance_source_age_mid,basis_low,True,False,False,False
6450,xemm_0627_t001_hlfast_utc17_b,normal_activity_liquidity,xemm_0627_t001_hlfast_utc17_b:6450,would_submit,,pass,-1.05142398,1.05142398,sell,60702.07943041,60703,9.20569592,1.5,touch,Alo,True,0,-0,-1.5,binance_source_age_low,basis_mid,False,False,False,False
6463,xemm_0627_t001_hlfast_utc17_b,normal_activity_liquidity,xemm_0627_t001_hlfast_utc17_b:6463,would_submit,,pass,1.09582339,1.09582339,buy,60702.93832936,60702,9.38329356,1.5,touch,Alo,True,0,0,-1.5,binance_source_age_high,basis_low,False,False,False,False
6465,xemm_0627_t001_hlfast_utc17_b,normal_activity_liquidity,xemm_0627_t001_hlfast_utc17_b:6465,would_submit,,pass,1.80775523,1.80775523,buy,60703.22310209,60702,12.23102092,1.5,touch,Alo,True,0,0,-1.5,binance_source_age_high,basis_low,False,False,False,False
6480,xemm_0627_t001_hlfast_utc17_b,normal_activity_liquidity,xemm_0627_t001_hlfast_utc17_b:6480,would_submit,,pass,-1.15098186,1.15098186,sell,60702.03960726,60703,9.60392744,1.5,touch,Alo,True,0,-0,-1.5,binance_source_age_mid,basis_low,True,False,False,False
6502,xemm_0627_t001_hlfast_utc17_b,normal_activity_liquidity,xemm_0627_t001_hlfast_utc17_b:6502,would_submit,,pass,1.08728555,1.08728555,buy,60700.93491422,60700,9.3491422,1.5,touch,Alo,True,0,0,-1.5,binance_source_age_high,basis_low,False,False,False,False
6540,xemm_0627_t001_hlfast_utc17_b,normal_activity_liquidity,xemm_0627_t001_hlfast_utc17_b:6540,would_submit,,pass,-1.0963163,1.0963163,sell,60700.06147348,60701,9.3852652,1.5,touch,Alo,True,0,-0,-1.5,binance_source_age_high,basis_low,False,False,False,False
6582,xemm_0627_t001_hlfast_utc17_b,normal_activity_liquidity,xemm_0627_t001_hlfast_utc17_b:6582,would_submit,,pass,-1.02045209,1.02045209,sell,60700.09181916,60701,9.08180836,1.5,touch,Alo,True,0,-0,-1.5,binance_source_age_low,basis_low,False,False,False,False
6586,xemm_0627_t001_hlfast_utc17_b,normal_activity_liquidity,xemm_0627_t001_hlfast_utc17_b:6586,would_submit,,pass,-1.0112412,1.0112412,sell,60700.09550352,60701,9.0449648,1.5,touch,Alo,True,0,-0,-1.5,binance_source_age_mid,basis_low,True,False,False,False
6587,xemm_0627_t001_hlfast_utc17_b,normal_activity_liquidity,xemm_0627_t001_hlfast_utc17_b:6587,would_submit,,pass,-1.01085804,1.01085804,sell,60700.09565678,60701,9.04343216,1.5,touch,Alo,True,0,-0,-1.5,binance_source_age_high,basis_low,False,False,False,False
6588,xemm_0627_t001_hlfast_utc17_b,normal_activity_liquidity,xemm_0627_t001_hlfast_utc17_b:6588,would_submit,,pass,-1.03711215,1.03711215,sell,60700.08515514,60701,9.1484486,1.5,touch,Alo,True,0,-0,-1.5,binance_source_age_low,basis_low,False,False,False,False
6590,xemm_0627_t001_hlfast_utc17_b,normal_activity_liquidity,xemm_0627_t001_hlfast_utc17_b:6590,would_submit,,pass,-1.02627612,1.02627612,sell,60700.08948955,60701,9.10510448,1.5,touch,Alo,True,0,-0,-1.5,binance_source_age_high,basis_low,False,False,False,False
6591,xemm_0627_t001_hlfast_utc17_b,normal_activity_liquidity,xemm_0627_t001_hlfast_utc17_b:6591,would_submit,,pass,-1.11147826,1.11147826,sell,60700.0554087,60701,9.44591304,1.5,touch,Alo,True,0,-0,-1.5,binance_source_age_high,basis_low,False,False,False,False
6636,xemm_0627_t001_hlfast_utc17_b,normal_activity_liquidity,xemm_0627_t001_hlfast_utc17_b:6636,would_submit,,pass,-1.03729484,1.03729484,sell,60700.08508206,60701,9.14917936,1.5,touch,Alo,True,0,-0,-1.5,binance_source_age_high,basis_low,False,False,False,False
6655,xemm_0627_t001_hlfast_utc17_b,normal_activity_liquidity,xemm_0627_t001_hlfast_utc17_b:6655,would_submit,,pass,-1.09353993,1.09353993,sell,60694.06258403,60695,9.37415972,1.5,touch,Alo,True,0,-0,-1.5,binance_source_age_high,basis_low,False,False,False,False
6672,xemm_0627_t001_hlfast_utc17_b,normal_activity_liquidity,xemm_0627_t001_hlfast_utc17_b:6672,would_submit,,pass,1.02651778,1.02651778,buy,60694.91060711,60694,9.10607112,1.5,touch,Alo,True,0,0,-1.5,binance_source_age_low,basis_low,False,False,False,False
6703,xemm_0627_t001_hlfast_utc17_b,normal_activity_liquidity,xemm_0627_t001_hlfast_utc17_b:6703,would_submit,,pass,2.77292158,2.77292158,buy,60695.60916863,60694,16.09168632,1.5,touch,Alo,True,0,0,-1.5,binance_source_age_low,basis_mid,False,False,False,False
6705,xemm_0627_t001_hlfast_utc17_b,normal_activity_liquidity,xemm_0627_t001_hlfast_utc17_b:6705,would_submit,,pass,3.0531061,3.0531061,buy,60695.72124244,60694,17.2124244,1.5,touch,Alo,True,60,60,58.5,binance_source_age_low,basis_high,False,False,False,False
6731,xemm_0627_t001_hlfast_utc17_b,normal_activity_liquidity,xemm_0627_t001_hlfast_utc17_b:6731,would_submit,,pass,-1.0954348,1.0954348,sell,60700.06182608,60701,9.3817392,1.5,touch,Alo,True,0,-0,-1.5,binance_source_age_mid,basis_low,True,False,False,False
6790,xemm_0627_t001_hlfast_utc17_b,normal_activity_liquidity,xemm_0627_t001_hlfast_utc17_b:6790,would_submit,,pass,-1.10039722,1.10039722,sell,60692.05984111,60693,9.40158888,1.5,touch,Alo,True,0,-0,-1.5,binance_source_age_high,basis_low,False,False,False,False
6791,xemm_0627_t001_hlfast_utc17_b,normal_activity_liquidity,xemm_0627_t001_hlfast_utc17_b:6791,would_submit,,pass,-1.10833992,1.10833992,sell,60692.05666403,60693,9.43335968,1.5,touch,Alo,True,0,-0,-1.5,binance_source_age_mid,basis_low,True,False,False,False
6795,xemm_0627_t001_hlfast_utc17_b,normal_activity_liquidity,xemm_0627_t001_hlfast_utc17_b:6795,would_submit,,pass,-1.05310067,1.05310067,sell,60689.07875973,60690,9.21240268,1.5,touch,Alo,True,0,-0,-1.5,binance_source_age_high,basis_low,False,False,False,False
6796,xemm_0627_t001_hlfast_utc17_b,normal_activity_liquidity,xemm_0627_t001_hlfast_utc17_b:6796,would_submit,,pass,-1.04707139,1.04707139,sell,60689.08117144,60690,9.18828556,1.5,touch,Alo,True,-10,10,8.5,binance_source_age_mid,basis_low,True,False,False,False
6800,xemm_0627_t001_hlfast_utc17_b,normal_activity_liquidity,xemm_0627_t001_hlfast_utc17_b:6800,would_submit,,pass,-12.50928404,12.50928404,sell,60683.49628638,60689,55.03713616,1.5,touch,Alo,True,-90,90,88.5,binance_source_age_low,basis_low,False,False,False,False
6802,xemm_0627_t001_hlfast_utc17_b,normal_activity_liquidity,xemm_0627_t001_hlfast_utc17_b:6802,would_submit,,pass,1.80644315,1.80644315,buy,60680.22257726,60679,12.2257726,1.5,touch,Alo,True,0,0,-1.5,binance_source_age_mid,basis_low,True,False,False,False
6807,xemm_0627_t001_hlfast_utc17_b,normal_activity_liquidity,xemm_0627_t001_hlfast_utc17_b:6807,would_submit,,pass,1.02633263,1.02633263,buy,60679.91053305,60679,9.10533052,1.5,touch,Alo,True,0,0,-1.5,binance_source_age_low,basis_low,False,False,False,False
6808,xemm_0627_t001_hlfast_utc17_b,normal_activity_liquidity,xemm_0627_t001_hlfast_utc17_b:6808,would_submit,,pass,1.09507571,1.09507571,buy,60679.93803028,60679,9.38030284,1.5,touch,Alo,True,0,0,-1.5,binance_source_age_high,basis_low,False,False,False,False
6809,xemm_0627_t001_hlfast_utc17_b,normal_activity_liquidity,xemm_0627_t001_hlfast_utc17_b:6809,would_submit,,pass,1.03212086,1.03212086,buy,60679.91284834,60679,9.12848344,1.5,touch,Alo,True,0,0,-1.5,binance_source_age_low,basis_low,False,False,False,False
6811,xemm_0627_t001_hlfast_utc17_b,normal_activity_liquidity,xemm_0627_t001_hlfast_utc17_b:6811,would_submit,,pass,1.02037504,1.02037504,buy,60679.90815002,60679,9.08150016,1.5,touch,Alo,True,0,0,-1.5,binance_source_age_low,basis_low,False,False,False,False
6812,xemm_0627_t001_hlfast_utc17_b,normal_activity_liquidity,xemm_0627_t001_hlfast_utc17_b:6812,would_submit,,pass,1.01992419,1.01992419,buy,60679.90796968,60679,9.07969676,1.5,touch,Alo,True,0,0,-1.5,binance_source_age_high,basis_low,False,False,False,False
6813,xemm_0627_t001_hlfast_utc17_b,normal_activity_liquidity,xemm_0627_t001_hlfast_utc17_b:6813,would_submit,,pass,1.09484817,1.09484817,buy,60679.93793927,60679,9.37939268,1.5,touch,Alo,True,0,0,-1.5,binance_source_age_mid,basis_low,True,False,False,False
6814,xemm_0627_t001_hlfast_utc17_b,normal_activity_liquidity,xemm_0627_t001_hlfast_utc17_b:6814,would_submit,,pass,1.0950414,1.0950414,buy,60679.93801656,60679,9.3801656,1.5,touch,Alo,True,0,0,-1.5,binance_source_age_low,basis_low,False,False,False,False
6815,xemm_0627_t001_hlfast_utc17_b,normal_activity_liquidity,xemm_0627_t001_hlfast_utc17_b:6815,would_submit,,pass,1.09540859,1.09540859,buy,60679.93816344,60679,9.38163436,1.5,touch,Alo,True,0,0,-1.5,binance_source_age_high,basis_low,False,False,False,False
6816,xemm_0627_t001_hlfast_utc17_b,normal_activity_liquidity,xemm_0627_t001_hlfast_utc17_b:6816,would_submit,,pass,1.09534458,1.09534458,buy,60679.93813783,60679,9.38137832,1.5,touch,Alo,True,0,0,-1.5,binance_source_age_high,basis_low,False,False,False,False
6838,xemm_0627_t001_hlfast_utc17_b,normal_activity_liquidity,xemm_0627_t001_hlfast_utc17_b:6838,would_submit,,pass,1.06071721,1.06071721,buy,60679.92428688,60679,9.24286884,1.5,touch,Alo,True,0,0,-1.5,binance_source_age_mid,basis_low,True,False,False,False
6839,xemm_0627_t001_hlfast_utc17_b,normal_activity_liquidity,xemm_0627_t001_hlfast_utc17_b:6839,would_submit,,pass,1.01399447,1.01399447,buy,60679.90559779,60679,9.05597788,1.5,touch,Alo,True,0,0,-1.5,binance_source_age_mid,basis_low,True,False,False,False
6846,xemm_0627_t001_hlfast_utc17_b,normal_activity_liquidity,xemm_0627_t001_hlfast_utc17_b:6846,would_submit,,pass,1.83247762,1.83247762,buy,60680.23299105,60679,12.32991048,1.5,touch,Alo,True,10,10,8.5,binance_source_age_high,basis_high,False,False,False,False
6853,xemm_0627_t001_hlfast_utc17_b,normal_activity_liquidity,xemm_0627_t001_hlfast_utc17_b:6853,would_submit,,pass,1.08641377,1.08641377,buy,60685.93456551,60685,9.34565508,1.5,touch,Alo,True,40,40,38.5,binance_source_age_high,basis_mid,False,False,False,False
6854,xemm_0627_t001_hlfast_utc17_b,normal_activity_liquidity,xemm_0627_t001_hlfast_utc17_b:6854,would_submit,,pass,1.08705999,1.08705999,buy,60685.934824,60685,9.34823996,1.5,touch,Alo,True,50,50,48.5,binance_source_age_high,basis_mid,False,False,False,False
6855,xemm_0627_t001_hlfast_utc17_b,normal_activity_liquidity,xemm_0627_t001_hlfast_utc17_b:6855,would_submit,,pass,1.08866649,1.08866649,buy,60689.9354666,60689,9.35466596,1.5,touch,Alo,True,10,10,8.5,binance_source_age_mid,basis_mid,True,False,False,False
6857,xemm_0627_t001_hlfast_utc17_b,normal_activity_liquidity,xemm_0627_t001_hlfast_utc17_b:6857,would_submit,,pass,1.06702468,1.06702468,buy,60690.92680987,60690,9.26809872,1.5,touch,Alo,True,0,0,-1.5,binance_source_age_low,basis_low,False,False,False,False
6858,xemm_0627_t001_hlfast_utc17_b,normal_activity_liquidity,xemm_0627_t001_hlfast_utc17_b:6858,would_submit,,pass,1.092891,1.092891,buy,60690.9371564,60690,9.371564,1.5,touch,Alo,True,0,0,-1.5,binance_source_age_high,basis_mid,False,False,False,False
6892,xemm_0627_t001_hlfast_utc17_b,normal_activity_liquidity,xemm_0627_t001_hlfast_utc17_b:6892,would_submit,,pass,-1.1240225,1.1240225,sell,60698.550391,60700,14.49609,1.5,touch,Alo,True,25,-25,-26.5,binance_source_age_low,basis_high,False,False,False,False
6896,xemm_0627_t001_hlfast_utc17_b,normal_activity_liquidity,xemm_0627_t001_hlfast_utc17_b:6896,would_submit,,pass,-1.00048094,1.00048094,sell,60705.09980762,60706,9.00192376,1.5,touch,Alo,True,0,-0,-1.5,binance_source_age_high,basis_mid,False,False,False,False
6908,xemm_0627_t001_hlfast_utc17_b,normal_activity_liquidity,xemm_0627_t001_hlfast_utc17_b:6908,would_submit,,pass,-1.08351931,1.08351931,sell,60705.06659228,60706,9.33407724,1.5,touch,Alo,True,0,-0,-1.5,binance_source_age_low,basis_low,False,False,False,False
6910,xemm_0627_t001_hlfast_utc17_b,normal_activity_liquidity,xemm_0627_t001_hlfast_utc17_b:6910,would_submit,,pass,-1.04945125,1.04945125,sell,60705.0802195,60706,9.197805,1.5,touch,Alo,True,0,-0,-1.5,binance_source_age_mid,basis_low,True,False,False,False
6911,xemm_0627_t001_hlfast_utc17_b,normal_activity_liquidity,xemm_0627_t001_hlfast_utc17_b:6911,would_submit,,pass,-1.08562967,1.08562967,sell,60705.06574813,60706,9.34251868,1.5,touch,Alo,True,0,-0,-1.5,binance_source_age_high,basis_low,False,False,False,False
6913,xemm_0627_t001_hlfast_utc17_b,normal_activity_liquidity,xemm_0627_t001_hlfast_utc17_b:6913,would_submit,,pass,-1.16383742,1.16383742,sell,60705.03446503,60706,9.65534968,1.5,touch,Alo,True,0,-0,-1.5,binance_source_age_low,basis_low,False,False,False,False
6914,xemm_0627_t001_hlfast_utc17_b,normal_activity_liquidity,xemm_0627_t001_hlfast_utc17_b:6914,would_submit,,pass,-1.02285336,1.02285336,sell,60705.09085866,60706,9.09141344,1.5,touch,Alo,True,-110,110,108.5,binance_source_age_low,basis_low,False,False,False,False
6918,xemm_0627_t001_hlfast_utc17_b,normal_activity_liquidity,xemm_0627_t001_hlfast_utc17_b:6918,would_submit,,pass,-1.03329,1.03329,sell,60694.086684,60695,9.13316,1.5,touch,Alo,True,0,-0,-1.5,binance_source_age_mid,basis_mid,True,False,False,False
6920,xemm_0627_t001_hlfast_utc17_b,normal_activity_liquidity,xemm_0627_t001_hlfast_utc17_b:6920,would_submit,,pass,-1.04303172,1.04303172,sell,60694.08278731,60695,9.17212688,1.5,touch,Alo,True,0,-0,-1.5,binance_source_age_mid,basis_mid,True,False,False,False
6921,xemm_0627_t001_hlfast_utc17_b,normal_activity_liquidity,xemm_0627_t001_hlfast_utc17_b:6921,would_submit,,pass,-1.12898108,1.12898108,sell,60694.04840757,60695,9.51592432,1.5,touch,Alo,True,0,-0,-1.5,binance_source_age_high,basis_mid,False,False,False,False
6927,xemm_0627_t001_hlfast_utc17_b,normal_activity_liquidity,xemm_0627_t001_hlfast_utc17_b:6927,would_submit,,pass,-1.14676442,1.14676442,sell,60694.04129423,60695,9.58705768,1.5,touch,Alo,True,-50,50,48.5,binance_source_age_high,basis_low,False,False,False,False
6928,xemm_0627_t001_hlfast_utc17_b,normal_activity_liquidity,xemm_0627_t001_hlfast_utc17_b:6928,would_submit,,pass,-1.14403778,1.14403778,sell,60689.04238489,60690,9.57615112,1.5,touch,Alo,True,0,-0,-1.5,binance_source_age_high,basis_mid,False,False,False,False
6929,xemm_0627_t001_hlfast_utc17_b,normal_activity_liquidity,xemm_0627_t001_hlfast_utc17_b:6929,would_submit,,pass,-1.14716525,1.14716525,sell,60689.0411339,60690,9.588661,1.5,touch,Alo,True,0,-0,-1.5,binance_source_age_mid,basis_mid,True,False,False,False
6930,xemm_0627_t001_hlfast_utc17_b,normal_activity_liquidity,xemm_0627_t001_hlfast_utc17_b:6930,would_submit,,pass,-1.14914667,1.14914667,sell,60689.04034133,60690,9.59658668,1.5,touch,Alo,True,0,-0,-1.5,binance_source_age_low,basis_mid,False,False,False,False
6931,xemm_0627_t001_hlfast_utc17_b,normal_activity_liquidity,xemm_0627_t001_hlfast_utc17_b:6931,would_submit,,pass,-1.02693449,1.02693449,sell,60689.0892262,60690,9.10773796,1.5,touch,Alo,True,0,-0,-1.5,binance_source_age_mid,basis_mid,True,False,False,False
6933,xemm_0627_t001_hlfast_utc17_b,normal_activity_liquidity,xemm_0627_t001_hlfast_utc17_b:6933,would_submit,,pass,-1.16939244,1.16939244,sell,60689.03224302,60690,9.67756976,1.5,touch,Alo,True,0,-0,-1.5,binance_source_age_low,basis_mid,False,False,False,False
6964,xemm_0627_t001_hlfast_utc17_b,normal_activity_liquidity,xemm_0627_t001_hlfast_utc17_b:6964,would_submit,,pass,1.08751968,1.08751968,buy,60686.93500787,60686,9.35007872,1.5,touch,Alo,True,20,20,18.5,binance_source_age_low,basis_high,False,False,False,False
7021,xemm_0627_t001_hlfast_utc17_b,normal_activity_liquidity,xemm_0627_t001_hlfast_utc17_b:7021,would_submit,,pass,-1.13918596,1.13918596,sell,60700.04432562,60701,9.55674384,1.5,touch,Alo,True,0,-0,-1.5,binance_source_age_low,basis_low,False,False,False,False
7046,xemm_0627_t001_hlfast_utc17_b,normal_activity_liquidity,xemm_0627_t001_hlfast_utc17_b:7046,would_submit,,pass,-1.12334791,1.12334791,sell,60700.05066084,60701,9.49339164,1.5,touch,Alo,True,20,-20,-21.5,binance_source_age_mid,basis_mid,True,False,False,False
7047,xemm_0627_t001_hlfast_utc17_b,normal_activity_liquidity,xemm_0627_t001_hlfast_utc17_b:7047,would_submit,,pass,-1.11523776,1.11523776,sell,60700.0539049,60701,9.46095104,1.5,touch,Alo,True,20,-20,-21.5,binance_source_age_low,basis_mid,False,False,False,False
7049,xemm_0627_t001_hlfast_utc17_b,normal_activity_liquidity,xemm_0627_t001_hlfast_utc17_b:7049,would_submit,,pass,-1.0944909,1.0944909,sell,60702.06220364,60703,9.3779636,1.5,touch,Alo,True,0,-0,-1.5,binance_source_age_high,basis_low,False,False,False,False
7059,xemm_0627_t001_hlfast_utc17_b,normal_activity_liquidity,xemm_0627_t001_hlfast_utc17_b:7059,would_submit,,pass,1.07808093,1.07808093,buy,60702.93123237,60702,9.31232372,1.5,touch,Alo,True,0,0,-1.5,binance_source_age_low,basis_low,False,False,False,False
7067,xemm_0627_t001_hlfast_utc17_b,normal_activity_liquidity,xemm_0627_t001_hlfast_utc17_b:7067,would_submit,,pass,-1.08329497,1.08329497,sell,60702.06668201,60703,9.33317988,1.5,touch,Alo,True,0,-0,-1.5,binance_source_age_low,basis_low,False,False,False,False
7068,xemm_0627_t001_hlfast_utc17_b,normal_activity_liquidity,xemm_0627_t001_hlfast_utc17_b:7068,would_submit,,pass,-1.12049093,1.12049093,sell,60702.05180363,60703,9.48196372,1.5,touch,Alo,True,0,-0,-1.5,binance_source_age_high,basis_low,False,False,False,False
7069,xemm_0627_t001_hlfast_utc17_b,normal_activity_liquidity,xemm_0627_t001_hlfast_utc17_b:7069,would_submit,,pass,-1.13616914,1.13616914,sell,60702.04553234,60703,9.54467656,1.5,touch,Alo,True,0,-0,-1.5,binance_source_age_mid,basis_low,True,False,False,False
7071,xemm_0627_t001_hlfast_utc17_b,normal_activity_liquidity,xemm_0627_t001_hlfast_utc17_b:7071,would_submit,,pass,1.00049659,1.00049659,buy,60702.90019864,60702,9.00198636,1.5,touch,Alo,True,60,60,58.5,binance_source_age_high,basis_high,False,False,False,False
7078,xemm_0627_t001_hlfast_utc17_b,normal_activity_liquidity,xemm_0627_t001_hlfast_utc17_b:7078,would_submit,,pass,1.06579882,1.06579882,buy,60708.92631953,60708,9.26319528,1.5,touch,Alo,True,20,20,18.5,binance_source_age_mid,basis_mid,True,False,False,False
7152,xemm_0627_t001_hlfast_utc17_b,normal_activity_liquidity,xemm_0627_t001_hlfast_utc17_b:7152,would_submit,,pass,-1.12126101,1.12126101,sell,60714.0514956,60715,9.48504404,1.5,touch,Alo,True,-30,30,28.5,binance_source_age_low,basis_low,False,False,False,False
7154,xemm_0627_t001_hlfast_utc17_b,normal_activity_liquidity,xemm_0627_t001_hlfast_utc17_b:7154,would_submit,,pass,-1.11671338,1.11671338,sell,60711.05331465,60712,9.46685352,1.5,touch,Alo,True,0,-0,-1.5,binance_source_age_low,basis_low,False,False,False,False
7155,xemm_0627_t001_hlfast_utc17_b,normal_activity_liquidity,xemm_0627_t001_hlfast_utc17_b:7155,would_submit,,pass,-1.11605369,1.11605369,sell,60711.05357852,60712,9.46421476,1.5,touch,Alo,True,0,-0,-1.5,binance_source_age_mid,basis_low,True,False,False,False
7164,xemm_0627_t001_hlfast_utc17_b,normal_activity_liquidity,xemm_0627_t001_hlfast_utc17_b:7164,would_submit,,pass,-1.08701696,1.08701696,sell,60711.06519322,60712,9.34806784,1.5,touch,Alo,True,0,-0,-1.5,binance_source_age_mid,basis_low,True,False,False,False
7169,xemm_0627_t001_hlfast_utc17_b,normal_activity_liquidity,xemm_0627_t001_hlfast_utc17_b:7169,would_submit,,pass,-1.00364999,1.00364999,sell,60711.09854,60712,9.01459996,1.5,touch,Alo,True,0,-0,-1.5,binance_source_age_high,basis_low,False,False,False,False
7199,xemm_0627_t001_hlfast_utc17_c,low_activity_liquidity,xemm_0627_t001_hlfast_utc17_c:7199,would_submit,,pass,1.02634598,1.02634598,buy,60700.91053839,60700,9.10538392,1.5,touch,Alo,True,0,0,-1.5,binance_source_age_high,basis_low,False,False,False,False
7201,xemm_0627_t001_hlfast_utc17_c,low_activity_liquidity,xemm_0627_t001_hlfast_utc17_c:7201,would_submit,,pass,1.00979593,1.00979593,buy,60700.90391837,60700,9.03918372,1.5,touch,Alo,True,0,0,-1.5,binance_source_age_low,basis_low,False,False,False,False
7276,xemm_0627_t001_hlfast_utc17_c,low_activity_liquidity,xemm_0627_t001_hlfast_utc17_c:7276,would_submit,,pass,-4.57695646,4.57695646,sell,60718.66921742,60721,23.30782584,1.5,touch,Alo,True,0,-0,-1.5,binance_source_age_high,basis_low,False,False,False,False
7279,xemm_0627_t001_hlfast_utc17_c,low_activity_liquidity,xemm_0627_t001_hlfast_utc17_c:7279,would_submit,,pass,-1.03974248,1.03974248,sell,60718.08410301,60719,9.15896992,1.5,touch,Alo,True,-70,70,68.5,binance_source_age_mid,basis_low,False,False,False,False
7335,xemm_0627_t001_hlfast_utc17_c,low_activity_liquidity,xemm_0627_t001_hlfast_utc17_c:7335,would_submit,,pass,-1.02762987,1.02762987,sell,60700.08894805,60701,9.11051948,1.5,touch,Alo,True,0,-0,-1.5,binance_source_age_low,basis_low,False,False,False,False
7336,xemm_0627_t001_hlfast_utc17_c,low_activity_liquidity,xemm_0627_t001_hlfast_utc17_c:7336,would_submit,,pass,-1.12162115,1.12162115,sell,60700.05135154,60701,9.4864846,1.5,touch,Alo,True,0,-0,-1.5,binance_source_age_high,basis_low,False,False,False,False
7386,xemm_0627_t001_hlfast_utc17_c,low_activity_liquidity,xemm_0627_t001_hlfast_utc17_c:7386,would_submit,,pass,-1.15991361,1.15991361,sell,60700.03603456,60701,9.63965444,1.5,touch,Alo,True,0,-0,-1.5,binance_source_age_high,basis_low,False,False,False,False
7387,xemm_0627_t001_hlfast_utc17_c,low_activity_liquidity,xemm_0627_t001_hlfast_utc17_c:7387,would_submit,,pass,-1.14650249,1.14650249,sell,60700.041399,60701,9.58600996,1.5,touch,Alo,True,0,-0,-1.5,binance_source_age_mid,basis_low,False,False,False,False
7388,xemm_0627_t001_hlfast_utc17_c,low_activity_liquidity,xemm_0627_t001_hlfast_utc17_c:7388,would_submit,,pass,-1.14707995,1.14707995,sell,60700.04116802,60701,9.5883198,1.5,touch,Alo,True,0,-0,-1.5,binance_source_age_mid,basis_low,False,False,False,False
7389,xemm_0627_t001_hlfast_utc17_c,low_activity_liquidity,xemm_0627_t001_hlfast_utc17_c:7389,would_submit,,pass,-1.03921224,1.03921224,sell,60700.0843151,60701,9.15684896,1.5,touch,Alo,True,-10,10,8.5,binance_source_age_low,basis_low,False,False,False,False
7392,xemm_0627_t001_hlfast_utc17_c,low_activity_liquidity,xemm_0627_t001_hlfast_utc17_c:7392,would_submit,,pass,-1.01212963,1.01212963,sell,60699.09514815,60700,9.04851852,1.5,touch,Alo,True,-10,10,8.5,binance_source_age_mid,basis_low,False,False,False,False
7393,xemm_0627_t001_hlfast_utc17_c,low_activity_liquidity,xemm_0627_t001_hlfast_utc17_c:7393,would_submit,,pass,-1.03114272,1.03114272,sell,60698.08754291,60699,9.12457088,1.5,touch,Alo,True,0,-0,-1.5,binance_source_age_low,basis_low,False,False,False,False
7395,xemm_0627_t001_hlfast_utc17_c,low_activity_liquidity,xemm_0627_t001_hlfast_utc17_c:7395,would_submit,,pass,-1.0002464,1.0002464,sell,60698.09990144,60699,9.0009856,1.5,touch,Alo,True,0,-0,-1.5,binance_source_age_high,basis_low,False,False,False,False
7396,xemm_0627_t001_hlfast_utc17_c,low_activity_liquidity,xemm_0627_t001_hlfast_utc17_c:7396,would_submit,,pass,-1.01963047,1.01963047,sell,60698.09214781,60699,9.07852188,1.5,touch,Alo,True,0,-0,-1.5,binance_source_age_high,basis_low,False,False,False,False
7398,xemm_0627_t001_hlfast_utc17_c,low_activity_liquidity,xemm_0627_t001_hlfast_utc17_c:7398,would_submit,,pass,-1.01283898,1.01283898,sell,60698.09486441,60699,9.05135592,1.5,touch,Alo,True,0,-0,-1.5,binance_source_age_high,basis_low,False,False,False,False
7399,xemm_0627_t001_hlfast_utc17_c,low_activity_liquidity,xemm_0627_t001_hlfast_utc17_c:7399,would_submit,,pass,-1.04380643,1.04380643,sell,60698.08247743,60699,9.17522572,1.5,touch,Alo,True,0,-0,-1.5,binance_source_age_high,basis_low,False,False,False,False
7464,xemm_0627_t001_hlfast_utc17_c,low_activity_liquidity,xemm_0627_t001_hlfast_utc17_c:7464,would_submit,,pass,-1.12421483,1.12421483,sell,60685.05031407,60686,9.49685932,1.5,touch,Alo,True,0,-0,-1.5,binance_source_age_mid,basis_low,False,False,False,False
7465,xemm_0627_t001_hlfast_utc17_c,low_activity_liquidity,xemm_0627_t001_hlfast_utc17_c:7465,would_submit,,pass,-1.12556407,1.12556407,sell,60685.04977437,60686,9.50225628,1.5,touch,Alo,True,0,-0,-1.5,binance_source_age_mid,basis_low,False,False,False,False
7466,xemm_0627_t001_hlfast_utc17_c,low_activity_liquidity,xemm_0627_t001_hlfast_utc17_c:7466,would_submit,,pass,-1.12738502,1.12738502,sell,60685.04904599,60686,9.50954008,1.5,touch,Alo,True,0,-0,-1.5,binance_source_age_high,basis_low,False,False,False,False
7467,xemm_0627_t001_hlfast_utc17_c,low_activity_liquidity,xemm_0627_t001_hlfast_utc17_c:7467,would_submit,,pass,-1.13808519,1.13808519,sell,60685.04476592,60686,9.55234076,1.5,touch,Alo,True,0,-0,-1.5,binance_source_age_mid,basis_low,False,False,False,False
7490,xemm_0627_t001_hlfast_utc17_c,low_activity_liquidity,xemm_0627_t001_hlfast_utc17_c:7490,would_submit,,pass,-1.06321025,1.06321025,sell,60685.0747159,60686,9.252841,1.5,touch,Alo,True,0,-0,-1.5,binance_source_age_mid,basis_low,False,False,False,False
7491,xemm_0627_t001_hlfast_utc17_c,low_activity_liquidity,xemm_0627_t001_hlfast_utc17_c:7491,would_submit,,pass,-1.0299757,1.0299757,sell,60685.08800972,60686,9.1199028,1.5,touch,Alo,True,0,-0,-1.5,binance_source_age_mid,basis_low,False,False,False,False
7492,xemm_0627_t001_hlfast_utc17_c,low_activity_liquidity,xemm_0627_t001_hlfast_utc17_c:7492,would_submit,,pass,-1.02000889,1.02000889,sell,60685.09199644,60686,9.08003556,1.5,touch,Alo,True,0,-0,-1.5,binance_source_age_mid,basis_low,False,False,False,False
7531,xemm_0627_t001_hlfast_utc17_c,low_activity_liquidity,xemm_0627_t001_hlfast_utc17_c:7531,would_submit,,pass,1.04056471,1.04056471,buy,60687.91622588,60687,9.16225884,1.5,touch,Alo,True,0,0,-1.5,binance_source_age_low,basis_low,False,False,False,False
7532,xemm_0627_t001_hlfast_utc17_c,low_activity_liquidity,xemm_0627_t001_hlfast_utc17_c:7532,would_submit,,pass,1.03581829,1.03581829,buy,60687.91432732,60687,9.14327316,1.5,touch,Alo,True,0,0,-1.5,binance_source_age_low,basis_low,False,False,False,False
7548,xemm_0627_t001_hlfast_utc17_c,low_activity_liquidity,xemm_0627_t001_hlfast_utc17_c:7548,would_submit,,pass,1.00923794,1.00923794,buy,60687.90369518,60687,9.03695176,1.5,touch,Alo,True,0,0,-1.5,binance_source_age_low,basis_low,False,False,False,False
7549,xemm_0627_t001_hlfast_utc17_c,low_activity_liquidity,xemm_0627_t001_hlfast_utc17_c:7549,would_submit,,pass,1.45171154,1.45171154,buy,60688.08068462,60687,10.80684616,1.5,touch,Alo,True,0,0,-1.5,binance_source_age_high,basis_low,False,False,False,False
7589,xemm_0627_t001_hlfast_utc17_c,low_activity_liquidity,xemm_0627_t001_hlfast_utc17_c:7589,would_submit,,pass,-1.13589423,1.13589423,sell,60699.04564231,60700,9.54357692,1.5,touch,Alo,True,0,-0,-1.5,binance_source_age_high,basis_mid,False,False,False,False
7641,xemm_0627_t001_hlfast_utc17_c,low_activity_liquidity,xemm_0627_t001_hlfast_utc17_c:7641,would_submit,,pass,-1.05088384,1.05088384,sell,60694.07964646,60695,9.20353536,1.5,touch,Alo,True,0,-0,-1.5,binance_source_age_high,basis_mid,False,False,False,False
7642,xemm_0627_t001_hlfast_utc17_c,low_activity_liquidity,xemm_0627_t001_hlfast_utc17_c:7642,would_submit,,pass,-1.04698116,1.04698116,sell,60694.08120754,60695,9.18792464,1.5,touch,Alo,True,0,-0,-1.5,binance_source_age_high,basis_mid,False,False,False,False
7644,xemm_0627_t001_hlfast_utc17_c,low_activity_liquidity,xemm_0627_t001_hlfast_utc17_c:7644,would_submit,,pass,-1.03706618,1.03706618,sell,60694.08517353,60695,9.14826472,1.5,touch,Alo,True,0,-0,-1.5,binance_source_age_high,basis_mid,False,False,False,False
7645,xemm_0627_t001_hlfast_utc17_c,low_activity_liquidity,xemm_0627_t001_hlfast_utc17_c:7645,would_submit,,pass,-1.03190493,1.03190493,sell,60694.08723803,60695,9.12761972,1.5,touch,Alo,True,0,-0,-1.5,binance_source_age_high,basis_mid,False,False,False,False
7651,xemm_0627_t001_hlfast_utc17_c,low_activity_liquidity,xemm_0627_t001_hlfast_utc17_c:7651,would_submit,,pass,-1.1214666,1.1214666,sell,60694.05141336,60695,9.4858664,1.5,touch,Alo,True,0,-0,-1.5,binance_source_age_high,basis_low,False,False,False,False
7653,xemm_0627_t001_hlfast_utc17_c,low_activity_liquidity,xemm_0627_t001_hlfast_utc17_c:7653,would_submit,,pass,-1.11611963,1.11611963,sell,60694.05355215,60695,9.46447852,1.5,touch,Alo,True,0,-0,-1.5,binance_source_age_low,basis_low,False,False,False,False
7654,xemm_0627_t001_hlfast_utc17_c,low_activity_liquidity,xemm_0627_t001_hlfast_utc17_c:7654,would_submit,,pass,-1.12486576,1.12486576,sell,60694.0500537,60695,9.49946304,1.5,touch,Alo,True,0,-0,-1.5,binance_source_age_mid,basis_low,False,False,False,False
7668,xemm_0627_t001_hlfast_utc17_c,low_activity_liquidity,xemm_0627_t001_hlfast_utc17_c:7668,would_submit,,pass,-1.10076022,1.10076022,sell,60692.05969591,60693,9.40304088,1.5,touch,Alo,True,0,-0,-1.5,binance_source_age_mid,basis_low,False,False,False,False
7669,xemm_0627_t001_hlfast_utc17_c,low_activity_liquidity,xemm_0627_t001_hlfast_utc17_c:7669,would_submit,,pass,-1.09531527,1.09531527,sell,60692.06187389,60693,9.38126108,1.5,touch,Alo,True,-30,30,28.5,binance_source_age_high,basis_low,False,False,False,False
7672,xemm_0627_t001_hlfast_utc17_c,low_activity_liquidity,xemm_0627_t001_hlfast_utc17_c:7672,would_submit,,pass,1.08283093,1.08283093,buy,60689.93313237,60689,9.33132372,1.5,touch,Alo,True,-10,-10,-11.5,binance_source_age_low,basis_low,False,False,False,False
7699,xemm_0627_t001_hlfast_utc17_c,low_activity_liquidity,xemm_0627_t001_hlfast_utc17_c:7699,would_submit,,pass,1.06033194,1.06033194,buy,60686.92413278,60686,9.24132776,1.5,touch,Alo,True,0,0,-1.5,binance_source_age_high,basis_low,False,False,False,False
7711,xemm_0627_t001_hlfast_utc17_c,low_activity_liquidity,xemm_0627_t001_hlfast_utc17_c:7711,would_submit,,pass,1.01297187,1.01297187,buy,60686.90518875,60686,9.05188748,1.5,touch,Alo,True,0,0,-1.5,binance_source_age_low,basis_low,False,False,False,False
7712,xemm_0627_t001_hlfast_utc17_c,low_activity_liquidity,xemm_0627_t001_hlfast_utc17_c:7712,would_submit,,pass,1.01971216,1.01971216,buy,60686.90788486,60686,9.07884864,1.5,touch,Alo,True,0,0,-1.5,binance_source_age_low,basis_low,False,False,False,False
7713,xemm_0627_t001_hlfast_utc17_c,low_activity_liquidity,xemm_0627_t001_hlfast_utc17_c:7713,would_submit,,pass,1.01672945,1.01672945,buy,60686.90669178,60686,9.0669178,1.5,touch,Alo,True,0,0,-1.5,binance_source_age_high,basis_low,False,False,False,False
7714,xemm_0627_t001_hlfast_utc17_c,low_activity_liquidity,xemm_0627_t001_hlfast_utc17_c:7714,would_submit,,pass,1.01806795,1.01806795,buy,60686.90722718,60686,9.0722718,1.5,touch,Alo,True,0,0,-1.5,binance_source_age_mid,basis_low,False,False,False,False
7715,xemm_0627_t001_hlfast_utc17_c,low_activity_liquidity,xemm_0627_t001_hlfast_utc17_c:7715,would_submit,,pass,1.01709389,1.01709389,buy,60686.90683756,60686,9.06837556,1.5,touch,Alo,True,0,0,-1.5,binance_source_age_low,basis_low,False,False,False,False
7716,xemm_0627_t001_hlfast_utc17_c,low_activity_liquidity,xemm_0627_t001_hlfast_utc17_c:7716,would_submit,,pass,1.01601139,1.01601139,buy,60686.90640456,60686,9.06404556,1.5,touch,Alo,True,0,0,-1.5,binance_source_age_high,basis_low,False,False,False,False
7717,xemm_0627_t001_hlfast_utc17_c,low_activity_liquidity,xemm_0627_t001_hlfast_utc17_c:7717,would_submit,,pass,1.06451126,1.06451126,buy,60686.9258045,60686,9.25804504,1.5,touch,Alo,True,0,0,-1.5,binance_source_age_low,basis_low,False,False,False,False
7718,xemm_0627_t001_hlfast_utc17_c,low_activity_liquidity,xemm_0627_t001_hlfast_utc17_c:7718,would_submit,,pass,1.06735815,1.06735815,buy,60686.92694326,60686,9.2694326,1.5,touch,Alo,True,0,0,-1.5,binance_source_age_low,basis_low,False,False,False,False
7719,xemm_0627_t001_hlfast_utc17_c,low_activity_liquidity,xemm_0627_t001_hlfast_utc17_c:7719,would_submit,,pass,1.0613468,1.0613468,buy,60686.92453872,60686,9.2453872,1.5,touch,Alo,True,0,0,-1.5,binance_source_age_high,basis_low,False,False,False,False
7720,xemm_0627_t001_hlfast_utc17_c,low_activity_liquidity,xemm_0627_t001_hlfast_utc17_c:7720,would_submit,,pass,1.06097849,1.06097849,buy,60686.9243914,60686,9.24391396,1.5,touch,Alo,True,0,0,-1.5,binance_source_age_mid,basis_low,False,False,False,False
7721,xemm_0627_t001_hlfast_utc17_c,low_activity_liquidity,xemm_0627_t001_hlfast_utc17_c:7721,would_submit,,pass,1.05983135,1.05983135,buy,60686.92393254,60686,9.2393254,1.5,touch,Alo,True,0,0,-1.5,binance_source_age_high,basis_low,False,False,False,False
7722,xemm_0627_t001_hlfast_utc17_c,low_activity_liquidity,xemm_0627_t001_hlfast_utc17_c:7722,would_submit,,pass,1.06150286,1.06150286,buy,60686.92460114,60686,9.24601144,1.5,touch,Alo,True,0,0,-1.5,binance_source_age_mid,basis_low,False,False,False,False
7775,xemm_0627_t001_hlfast_utc17_c,low_activity_liquidity,xemm_0627_t001_hlfast_utc17_c:7775,would_submit,,pass,-1.00586954,1.00586954,sell,60686.09765218,60687,9.02347816,1.5,touch,Alo,True,0,-0,-1.5,binance_source_age_high,basis_low,False,False,False,False
7824,xemm_0627_t001_hlfast_utc17_c,low_activity_liquidity,xemm_0627_t001_hlfast_utc17_c:7824,would_submit,,pass,1.09083588,1.09083588,buy,60679.93633435,60679,9.36334352,1.5,touch,Alo,True,0,0,-1.5,binance_source_age_mid,basis_low,False,False,False,False
7857,xemm_0627_t001_hlfast_utc17_c,low_activity_liquidity,xemm_0627_t001_hlfast_utc17_c:7857,would_submit,,pass,1.09738133,1.09738133,buy,60680.93895253,60680,9.38952532,1.5,touch,Alo,True,0,0,-1.5,binance_source_age_low,basis_high,False,False,False,False
7889,xemm_0627_t001_hlfast_utc17_c,low_activity_liquidity,xemm_0627_t001_hlfast_utc17_c:7889,would_submit,,pass,-1.12114025,1.12114025,sell,60695.0515439,60696,9.484561,1.5,touch,Alo,True,0,-0,-1.5,binance_source_age_low,basis_mid,False,False,False,False
7890,xemm_0627_t001_hlfast_utc17_c,low_activity_liquidity,xemm_0627_t001_hlfast_utc17_c:7890,would_submit,,pass,-1.13043541,1.13043541,sell,60695.04782584,60696,9.52174164,1.5,touch,Alo,True,0,-0,-1.5,binance_source_age_high,basis_mid,False,False,False,False
7891,xemm_0627_t001_hlfast_utc17_c,low_activity_liquidity,xemm_0627_t001_hlfast_utc17_c:7891,would_submit,,pass,-1.12362724,1.12362724,sell,60695.0505491,60696,9.49450896,1.5,touch,Alo,True,0,-0,-1.5,binance_source_age_mid,basis_mid,False,False,False,False
7892,xemm_0627_t001_hlfast_utc17_c,low_activity_liquidity,xemm_0627_t001_hlfast_utc17_c:7892,would_submit,,pass,-1.12006573,1.12006573,sell,60695.05197371,60696,9.48026292,1.5,touch,Alo,True,0,-0,-1.5,binance_source_age_low,basis_mid,False,False,False,False
7893,xemm_0627_t001_hlfast_utc17_c,low_activity_liquidity,xemm_0627_t001_hlfast_utc17_c:7893,would_submit,,pass,-1.11824837,1.11824837,sell,60695.05270065,60696,9.47299348,1.5,touch,Alo,True,0,-0,-1.5,binance_source_age_mid,basis_mid,False,False,False,False
7894,xemm_0627_t001_hlfast_utc17_c,low_activity_liquidity,xemm_0627_t001_hlfast_utc17_c:7894,would_submit,,pass,-1.11745795,1.11745795,sell,60695.05301682,60696,9.4698318,1.5,touch,Alo,True,0,-0,-1.5,binance_source_age_low,basis_mid,False,False,False,False
7895,xemm_0627_t001_hlfast_utc17_c,low_activity_liquidity,xemm_0627_t001_hlfast_utc17_c:7895,would_submit,,pass,-1.12172851,1.12172851,sell,60695.0513086,60696,9.48691404,1.5,touch,Alo,True,0,-0,-1.5,binance_source_age_low,basis_mid,False,False,False,False
7896,xemm_0627_t001_hlfast_utc17_c,low_activity_liquidity,xemm_0627_t001_hlfast_utc17_c:7896,would_submit,,pass,-1.11964794,1.11964794,sell,60695.05214082,60696,9.47859176,1.5,touch,Alo,True,0,-0,-1.5,binance_source_age_high,basis_mid,False,False,False,False
7897,xemm_0627_t001_hlfast_utc17_c,low_activity_liquidity,xemm_0627_t001_hlfast_utc17_c:7897,would_submit,,pass,-1.11997476,1.11997476,sell,60695.0520101,60696,9.47989904,1.5,touch,Alo,True,0,-0,-1.5,binance_source_age_mid,basis_mid,False,False,False,False
7901,xemm_0627_t001_hlfast_utc17_c,low_activity_liquidity,xemm_0627_t001_hlfast_utc17_c:7901,would_submit,,pass,-1.070696,1.070696,sell,60695.0717216,60696,9.282784,1.5,touch,Alo,True,0,-0,-1.5,binance_source_age_high,basis_low,False,False,False,False
7902,xemm_0627_t001_hlfast_utc17_c,low_activity_liquidity,xemm_0627_t001_hlfast_utc17_c:7902,would_submit,,pass,-1.06468089,1.06468089,sell,60695.07412764,60696,9.25872356,1.5,touch,Alo,True,-10,10,8.5,binance_source_age_low,basis_low,False,False,False,False
7938,xemm_0627_t001_hlfast_utc17_c,low_activity_liquidity,xemm_0627_t001_hlfast_utc17_c:7938,would_submit,,pass,1.0184454,1.0184454,buy,60684.90737816,60684,9.0737816,1.5,touch,Alo,True,0,0,-1.5,binance_source_age_high,basis_low,False,False,False,False
7939,xemm_0627_t001_hlfast_utc17_c,low_activity_liquidity,xemm_0627_t001_hlfast_utc17_c:7939,would_submit,,pass,1.01188987,1.01188987,buy,60684.90475595,60684,9.04755948,1.5,touch,Alo,True,0,0,-1.5,binance_source_age_low,basis_low,False,False,False,False
8015,xemm_0627_t001_hlfast_utc17_c,low_activity_liquidity,xemm_0627_t001_hlfast_utc17_c:8015,would_submit,,pass,1.07724403,1.07724403,buy,60684.93089761,60684,9.30897612,1.5,touch,Alo,True,0,0,-1.5,binance_source_age_low,basis_low,False,False,False,False
8016,xemm_0627_t001_hlfast_utc17_c,low_activity_liquidity,xemm_0627_t001_hlfast_utc17_c:8016,would_submit,,pass,1.07676184,1.07676184,buy,60684.93070474,60684,9.30704736,1.5,touch,Alo,True,0,0,-1.5,binance_source_age_low,basis_low,False,False,False,False
8017,xemm_0627_t001_hlfast_utc17_c,low_activity_liquidity,xemm_0627_t001_hlfast_utc17_c:8017,would_submit,,pass,1.07509236,1.07509236,buy,60684.93003694,60684,9.30036944,1.5,touch,Alo,True,0,0,-1.5,binance_source_age_high,basis_low,False,False,False,False
8018,xemm_0627_t001_hlfast_utc17_c,low_activity_liquidity,xemm_0627_t001_hlfast_utc17_c:8018,would_submit,,pass,1.0608565,1.0608565,buy,60684.9243426,60684,9.243426,1.5,touch,Alo,True,0,0,-1.5,binance_source_age_mid,basis_low,False,False,False,False
8019,xemm_0627_t001_hlfast_utc17_c,low_activity_liquidity,xemm_0627_t001_hlfast_utc17_c:8019,would_submit,,pass,1.05794912,1.05794912,buy,60684.92317965,60684,9.23179648,1.5,touch,Alo,True,0,0,-1.5,binance_source_age_low,basis_low,False,False,False,False
8020,xemm_0627_t001_hlfast_utc17_c,low_activity_liquidity,xemm_0627_t001_hlfast_utc17_c:8020,would_submit,,pass,1.05640886,1.05640886,buy,60684.92256354,60684,9.22563544,1.5,touch,Alo,True,0,0,-1.5,binance_source_age_mid,basis_low,False,False,False,False
8021,xemm_0627_t001_hlfast_utc17_c,low_activity_liquidity,xemm_0627_t001_hlfast_utc17_c:8021,would_submit,,pass,1.05740012,1.05740012,buy,60684.92296005,60684,9.22960048,1.5,touch,Alo,True,0,0,-1.5,binance_source_age_high,basis_low,False,False,False,False
8022,xemm_0627_t001_hlfast_utc17_c,low_activity_liquidity,xemm_0627_t001_hlfast_utc17_c:8022,would_submit,,pass,1.04780578,1.04780578,buy,60684.91912231,60684,9.19122312,1.5,touch,Alo,True,0,0,-1.5,binance_source_age_low,basis_low,False,False,False,False
8023,xemm_0627_t001_hlfast_utc17_c,low_activity_liquidity,xemm_0627_t001_hlfast_utc17_c:8023,would_submit,,pass,1.04969146,1.04969146,buy,60684.91987658,60684,9.19876584,1.5,touch,Alo,True,0,0,-1.5,binance_source_age_high,basis_low,False,False,False,False
8024,xemm_0627_t001_hlfast_utc17_c,low_activity_liquidity,xemm_0627_t001_hlfast_utc17_c:8024,would_submit,,pass,1.0511746,1.0511746,buy,60684.92046984,60684,9.2046984,1.5,touch,Alo,True,0,0,-1.5,binance_source_age_mid,basis_low,False,False,False,False
8025,xemm_0627_t001_hlfast_utc17_c,low_activity_liquidity,xemm_0627_t001_hlfast_utc17_c:8025,would_submit,,pass,1.04946354,1.04946354,buy,60684.91978542,60684,9.19785416,1.5,touch,Alo,True,0,0,-1.5,binance_source_age_low,basis_low,False,False,False,False
8027,xemm_0627_t001_hlfast_utc17_c,low_activity_liquidity,xemm_0627_t001_hlfast_utc17_c:8027,would_submit,,pass,1.0321605,1.0321605,buy,60684.9128642,60684,9.128642,1.5,touch,Alo,True,0,0,-1.5,binance_source_age_low,basis_low,False,False,False,False
8030,xemm_0627_t001_hlfast_utc17_c,low_activity_liquidity,xemm_0627_t001_hlfast_utc17_c:8030,would_submit,,pass,1.03832124,1.03832124,buy,60684.9153285,60684,9.15328496,1.5,touch,Alo,True,0,0,-1.5,binance_source_age_low,basis_mid,False,False,False,False
8031,xemm_0627_t001_hlfast_utc17_c,low_activity_liquidity,xemm_0627_t001_hlfast_utc17_c:8031,would_submit,,pass,1.03992389,1.03992389,buy,60684.91596956,60684,9.15969556,1.5,touch,Alo,True,20,20,18.5,binance_source_age_mid,basis_mid,False,False,False,False
8032,xemm_0627_t001_hlfast_utc17_c,low_activity_liquidity,xemm_0627_t001_hlfast_utc17_c:8032,would_submit,,pass,1.03881953,1.03881953,buy,60684.91552781,60684,9.15527812,1.5,touch,Alo,True,20,20,18.5,binance_source_age_high,basis_mid,False,False,False,False
8037,xemm_0627_t001_hlfast_utc17_c,low_activity_liquidity,xemm_0627_t001_hlfast_utc17_c:8037,would_submit,,pass,1.04637329,1.04637329,buy,60686.91854932,60686,9.18549316,1.5,touch,Alo,True,0,0,-1.5,binance_source_age_low,basis_mid,False,False,False,False
8038,xemm_0627_t001_hlfast_utc17_c,low_activity_liquidity,xemm_0627_t001_hlfast_utc17_c:8038,would_submit,,pass,1.04434031,1.04434031,buy,60686.91773612,60686,9.17736124,1.5,touch,Alo,True,0,0,-1.5,binance_source_age_high,basis_mid,False,False,False,False
8096,xemm_0627_t001_hlfast_utc17_c,low_activity_liquidity,xemm_0627_t001_hlfast_utc17_c:8096,would_submit,,pass,1.04479183,1.04479183,buy,60688.91791673,60688,9.17916732,1.5,touch,Alo,True,0,0,-1.5,binance_source_age_mid,basis_low,False,False,False,False
8097,xemm_0627_t001_hlfast_utc17_c,low_activity_liquidity,xemm_0627_t001_hlfast_utc17_c:8097,would_submit,,pass,1.06757986,1.06757986,buy,60688.92703194,60688,9.27031944,1.5,touch,Alo,True,0,0,-1.5,binance_source_age_low,basis_low,False,False,False,False
8098,xemm_0627_t001_hlfast_utc17_c,low_activity_liquidity,xemm_0627_t001_hlfast_utc17_c:8098,would_submit,,pass,2.09582172,2.09582172,buy,60689.33832869,60688,13.38328688,1.5,touch,Alo,True,0,0,-1.5,binance_source_age_mid,basis_mid,False,False,False,False
8145,xemm_0627_t001_hlfast_utc17_c,low_activity_liquidity,xemm_0627_t001_hlfast_utc17_c:8145,would_submit,,pass,-1.00471328,1.00471328,sell,60689.09811469,60690,9.01885312,1.5,touch,Alo,True,0,-0,-1.5,binance_source_age_mid,basis_low,False,False,False,False
8146,xemm_0627_t001_hlfast_utc17_c,low_activity_liquidity,xemm_0627_t001_hlfast_utc17_c:8146,would_submit,,pass,-1.13330761,1.13330761,sell,60689.04667696,60690,9.53323044,1.5,touch,Alo,True,0,-0,-1.5,binance_source_age_low,basis_low,False,False,False,False
8147,xemm_0627_t001_hlfast_utc17_c,low_activity_liquidity,xemm_0627_t001_hlfast_utc17_c:8147,would_submit,,pass,-1.12882561,1.12882561,sell,60689.04846976,60690,9.51530244,1.5,touch,Alo,True,-10,10,8.5,binance_source_age_low,basis_low,False,False,False,False
8224,xemm_0627_t001_hlfast_utc17_c,low_activity_liquidity,xemm_0627_t001_hlfast_utc17_c:8224,would_submit,,pass,1.02182863,1.02182863,buy,60686.90873145,60686,9.08731452,1.5,touch,Alo,True,0,0,-1.5,binance_source_age_high,basis_low,False,False,False,False
8225,xemm_0627_t001_hlfast_utc17_c,low_activity_liquidity,xemm_0627_t001_hlfast_utc17_c:8225,would_submit,,pass,1.04130969,1.04130969,buy,60686.91652388,60686,9.16523876,1.5,touch,Alo,True,0,0,-1.5,binance_source_age_high,basis_low,False,False,False,False
8226,xemm_0627_t001_hlfast_utc17_c,low_activity_liquidity,xemm_0627_t001_hlfast_utc17_c:8226,would_submit,,pass,1.05045133,1.05045133,buy,60686.92018053,60686,9.20180532,1.5,touch,Alo,True,0,0,-1.5,binance_source_age_low,basis_low,False,False,False,False
8227,xemm_0627_t001_hlfast_utc17_c,low_activity_liquidity,xemm_0627_t001_hlfast_utc17_c:8227,would_submit,,pass,1.04871438,1.04871438,buy,60686.91948575,60686,9.19485752,1.5,touch,Alo,True,0,0,-1.5,binance_source_age_mid,basis_low,False,False,False,False
8228,xemm_0627_t001_hlfast_utc17_c,low_activity_liquidity,xemm_0627_t001_hlfast_utc17_c:8228,would_submit,,pass,1.05425759,1.05425759,buy,60686.92170304,60686,9.21703036,1.5,touch,Alo,True,0,0,-1.5,binance_source_age_low,basis_low,False,False,False,False
8229,xemm_0627_t001_hlfast_utc17_c,low_activity_liquidity,xemm_0627_t001_hlfast_utc17_c:8229,would_submit,,pass,1.06013126,1.06013126,buy,60686.9240525,60686,9.24052504,1.5,touch,Alo,True,0,0,-1.5,binance_source_age_low,basis_low,False,False,False,False
8273,xemm_0627_t001_hlfast_utc17_c,low_activity_liquidity,xemm_0627_t001_hlfast_utc17_c:8273,would_submit,,pass,-1.03275513,1.03275513,sell,60702.08689795,60703,9.13102052,1.5,touch,Alo,True,0,-0,-1.5,binance_source_age_mid,basis_mid,False,False,False,False
8286,xemm_0627_t001_hlfast_utc17_c,low_activity_liquidity,xemm_0627_t001_hlfast_utc17_c:8286,would_submit,,pass,-1.08571215,1.08571215,sell,60702.06571514,60703,9.3428486,1.5,touch,Alo,True,0,-0,-1.5,binance_source_age_low,basis_low,False,False,False,False
8301,xemm_0627_t001_hlfast_utc17_c,low_activity_liquidity,xemm_0627_t001_hlfast_utc17_c:8301,would_submit,,pass,-1.05834648,1.05834648,sell,60702.07666141,60703,9.23338592,1.5,touch,Alo,True,0,-0,-1.5,binance_source_age_high,basis_low,False,False,False,False
8302,xemm_0627_t001_hlfast_utc17_c,low_activity_liquidity,xemm_0627_t001_hlfast_utc17_c:8302,would_submit,,pass,-1.06038208,1.06038208,sell,60702.07584717,60703,9.24152832,1.5,touch,Alo,True,0,-0,-1.5,binance_source_age_mid,basis_low,False,False,False,False
8303,xemm_0627_t001_hlfast_utc17_c,low_activity_liquidity,xemm_0627_t001_hlfast_utc17_c:8303,would_submit,,pass,-1.06019819,1.06019819,sell,60702.07592072,60703,9.24079276,1.5,touch,Alo,True,0,-0,-1.5,binance_source_age_low,basis_low,False,False,False,False
8304,xemm_0627_t001_hlfast_utc17_c,low_activity_liquidity,xemm_0627_t001_hlfast_utc17_c:8304,would_submit,,pass,-1.0595214,1.0595214,sell,60702.07619144,60703,9.2380856,1.5,touch,Alo,True,0,-0,-1.5,binance_source_age_high,basis_low,False,False,False,False
8305,xemm_0627_t001_hlfast_utc17_c,low_activity_liquidity,xemm_0627_t001_hlfast_utc17_c:8305,would_submit,,pass,-1.05803036,1.05803036,sell,60702.07678786,60703,9.23212144,1.5,touch,Alo,True,-10,10,8.5,binance_source_age_high,basis_low,False,False,False,False
8306,xemm_0627_t001_hlfast_utc17_c,low_activity_liquidity,xemm_0627_t001_hlfast_utc17_c:8306,would_submit,,pass,-1.05958871,1.05958871,sell,60702.07616452,60703,9.23835484,1.5,touch,Alo,True,-10,10,8.5,binance_source_age_mid,basis_low,False,False,False,False
8307,xemm_0627_t001_hlfast_utc17_c,low_activity_liquidity,xemm_0627_t001_hlfast_utc17_c:8307,would_submit,,pass,-1.0597426,1.0597426,sell,60701.07610296,60702,9.2389704,1.5,touch,Alo,True,0,-0,-1.5,binance_source_age_high,basis_low,False,False,False,False
8326,xemm_0627_t001_hlfast_utc17_c,low_activity_liquidity,xemm_0627_t001_hlfast_utc17_c:8326,would_submit,,pass,-1.0992369,1.0992369,sell,60692.06030524,60693,9.3969476,1.5,touch,Alo,True,0,-0,-1.5,binance_source_age_mid,basis_low,False,False,False,False
8327,xemm_0627_t001_hlfast_utc17_c,low_activity_liquidity,xemm_0627_t001_hlfast_utc17_c:8327,would_submit,,pass,-1.09129357,1.09129357,sell,60692.06348257,60693,9.36517428,1.5,touch,Alo,True,0,-0,-1.5,binance_source_age_low,basis_low,False,False,False,False
8328,xemm_0627_t001_hlfast_utc17_c,low_activity_liquidity,xemm_0627_t001_hlfast_utc17_c:8328,would_submit,,pass,-1.08178226,1.08178226,sell,60692.0672871,60693,9.32712904,1.5,touch,Alo,True,0,-0,-1.5,binance_source_age_mid,basis_low,False,False,False,False
8329,xemm_0627_t001_hlfast_utc17_c,low_activity_liquidity,xemm_0627_t001_hlfast_utc17_c:8329,would_submit,,pass,-1.08352614,1.08352614,sell,60692.06658954,60693,9.33410456,1.5,touch,Alo,True,0,-0,-1.5,binance_source_age_mid,basis_low,False,False,False,False
8346,xemm_0627_t001_hlfast_utc17_c,low_activity_liquidity,xemm_0627_t001_hlfast_utc17_c:8346,would_submit,,pass,-1.13666359,1.13666359,sell,60685.04533456,60686,9.54665436,1.5,touch,Alo,True,-50,50,48.5,binance_source_age_low,basis_low,False,False,False,False
8358,xemm_0627_t001_hlfast_utc17_c,low_activity_liquidity,xemm_0627_t001_hlfast_utc17_c:8358,would_submit,,pass,-1.03104904,1.03104904,sell,60676.08758038,60677,9.12419616,1.5,touch,Alo,True,0,-0,-1.5,binance_source_age_low,basis_low,False,False,False,False
8359,xemm_0627_t001_hlfast_utc17_c,low_activity_liquidity,xemm_0627_t001_hlfast_utc17_c:8359,would_submit,,pass,-1.00334968,1.00334968,sell,60676.09866013,60677,9.01339872,1.5,touch,Alo,True,0,-0,-1.5,binance_source_age_high,basis_low,False,False,False,False
8360,xemm_0627_t001_hlfast_utc17_c,low_activity_liquidity,xemm_0627_t001_hlfast_utc17_c:8360,would_submit,,pass,-1.00373021,1.00373021,sell,60676.09850792,60677,9.01492084,1.5,touch,Alo,True,0,-0,-1.5,binance_source_age_low,basis_low,False,False,False,False
8361,xemm_0627_t001_hlfast_utc17_c,low_activity_liquidity,xemm_0627_t001_hlfast_utc17_c:8361,would_submit,,pass,-1.14429078,1.14429078,sell,60676.04228369,60677,9.57716312,1.5,touch,Alo,True,0,-0,-1.5,binance_source_age_high,basis_low,False,False,False,False
8364,xemm_0627_t001_hlfast_utc17_c,low_activity_liquidity,xemm_0627_t001_hlfast_utc17_c:8364,would_submit,,pass,1.01292851,1.01292851,buy,60676.9051714,60676,9.05171404,1.5,touch,Alo,True,0,0,-1.5,binance_source_age_high,basis_low,False,False,False,False
8365,xemm_0627_t001_hlfast_utc17_c,low_activity_liquidity,xemm_0627_t001_hlfast_utc17_c:8365,would_submit,,pass,1.01118663,1.01118663,buy,60676.90447465,60676,9.04474652,1.5,touch,Alo,True,0,0,-1.5,binance_source_age_mid,basis_low,False,False,False,False
8369,xemm_0627_t001_hlfast_utc17_c,low_activity_liquidity,xemm_0627_t001_hlfast_utc17_c:8369,would_submit,,pass,-1.14574874,1.14574874,sell,60676.0417005,60677,9.58299496,1.5,touch,Alo,True,10,-10,-11.5,binance_source_age_mid,basis_mid,False,False,False,False
8409,xemm_0627_t001_hlfast_utc17_c,low_activity_liquidity,xemm_0627_t001_hlfast_utc17_c:8409,would_submit,,pass,-1.04221483,1.04221483,sell,60676.08311407,60677,9.16885932,1.5,touch,Alo,True,-60,60,58.5,binance_source_age_low,basis_low,False,False,False,False
8410,xemm_0627_t001_hlfast_utc17_c,low_activity_liquidity,xemm_0627_t001_hlfast_utc17_c:8410,would_submit,,pass,-1.03275584,1.03275584,sell,60676.08689766,60677,9.13102336,1.5,touch,Alo,True,-60,60,58.5,binance_source_age_high,basis_low,False,False,False,False
8411,xemm_0627_t001_hlfast_utc17_c,low_activity_liquidity,xemm_0627_t001_hlfast_utc17_c:8411,would_submit,,pass,-1.09270222,1.09270222,sell,60670.06291911,60671,9.37080888,1.5,touch,Alo,True,-60,60,58.5,binance_source_age_low,basis_low,False,False,False,False
8412,xemm_0627_t001_hlfast_utc17_c,low_activity_liquidity,xemm_0627_t001_hlfast_utc17_c:8412,would_submit,,pass,-1.1044849,1.1044849,sell,60670.05820604,60671,9.4179396,1.5,touch,Alo,True,-60,60,58.5,binance_source_age_high,basis_low,False,False,False,False
8413,xemm_0627_t001_hlfast_utc17_c,low_activity_liquidity,xemm_0627_t001_hlfast_utc17_c:8413,would_submit,,pass,-1.14088282,1.14088282,sell,60664.04364687,60665,9.56353128,1.5,touch,Alo,True,0,-0,-1.5,binance_source_age_mid,basis_mid,False,False,False,False
8431,xemm_0627_t001_hlfast_utc17_c,low_activity_liquidity,xemm_0627_t001_hlfast_utc17_c:8431,would_submit,,pass,-1.0420908,1.0420908,sell,60664.08316368,60665,9.1683632,1.5,touch,Alo,True,0,-0,-1.5,binance_source_age_mid,basis_low,False,False,False,False
8440,xemm_0627_t001_hlfast_utc17_c,low_activity_liquidity,xemm_0627_t001_hlfast_utc17_c:8440,would_submit,,pass,-1.03990552,1.03990552,sell,60658.08403779,60659,9.15962208,1.5,touch,Alo,True,0,-0,-1.5,binance_source_age_mid,basis_low,False,False,False,False
8455,xemm_0627_t001_hlfast_utc17_c,low_activity_liquidity,xemm_0627_t001_hlfast_utc17_c:8455,would_submit,,pass,1.07124108,1.07124108,buy,60648.92849643,60648,9.28496432,1.5,touch,Alo,True,0,0,-1.5,binance_source_age_mid,basis_mid,False,False,False,False
8456,xemm_0627_t001_hlfast_utc17_c,low_activity_liquidity,xemm_0627_t001_hlfast_utc17_c:8456,would_submit,,pass,1.07026396,1.07026396,buy,60648.92810558,60648,9.28105584,1.5,touch,Alo,True,0,0,-1.5,binance_source_age_mid,basis_mid,False,False,False,False
8493,xemm_0627_t001_hlfast_utc17_c,low_activity_liquidity,xemm_0627_t001_hlfast_utc17_c:8493,would_submit,,pass,1.0866692,1.0866692,buy,60666.93466768,60666,9.3466768,1.5,touch,Alo,True,0,0,-1.5,binance_source_age_high,basis_mid,False,False,False,False
8494,xemm_0627_t001_hlfast_utc17_c,low_activity_liquidity,xemm_0627_t001_hlfast_utc17_c:8494,would_submit,,pass,1.08853974,1.08853974,buy,60666.9354159,60666,9.35415896,1.5,touch,Alo,True,0,0,-1.5,binance_source_age_high,basis_mid,False,False,False,False
8495,xemm_0627_t001_hlfast_utc17_c,low_activity_liquidity,xemm_0627_t001_hlfast_utc17_c:8495,would_submit,,pass,1.08831874,1.08831874,buy,60666.9353275,60666,9.35327496,1.5,touch,Alo,True,0,0,-1.5,binance_source_age_mid,basis_mid,False,False,False,False
8496,xemm_0627_t001_hlfast_utc17_c,low_activity_liquidity,xemm_0627_t001_hlfast_utc17_c:8496,would_submit,,pass,1.08026698,1.08026698,buy,60666.93210679,60666,9.32106792,1.5,touch,Alo,True,0,0,-1.5,binance_source_age_low,basis_mid,False,False,False,False
8519,xemm_0627_t001_hlfast_utc17_c,low_activity_liquidity,xemm_0627_t001_hlfast_utc17_c:8519,would_submit,,pass,-1.01105658,1.01105658,sell,60664.09557737,60665,9.04422632,1.5,touch,Alo,True,0,-0,-1.5,binance_source_age_low,basis_mid,False,False,False,False
8547,xemm_0627_t001_hlfast_utc17_c,low_activity_liquidity,xemm_0627_t001_hlfast_utc17_c:8547,would_submit,,pass,-1.1368952,1.1368952,sell,60660.04524192,60661,9.5475808,1.5,touch,Alo,True,0,-0,-1.5,binance_source_age_mid,basis_mid,False,False,False,False
8555,xemm_0627_t001_hlfast_utc17_c,low_activity_liquidity,xemm_0627_t001_hlfast_utc17_c:8555,would_submit,,pass,1.07121939,1.07121939,buy,60660.92848776,60660,9.28487756,1.5,touch,Alo,True,0,0,-1.5,binance_source_age_low,basis_low,False,False,False,False
8556,xemm_0627_t001_hlfast_utc17_c,low_activity_liquidity,xemm_0627_t001_hlfast_utc17_c:8556,would_submit,,pass,1.07018109,1.07018109,buy,60660.92807244,60660,9.28072436,1.5,touch,Alo,True,0,0,-1.5,binance_source_age_high,basis_low,False,False,False,False
8557,xemm_0627_t001_hlfast_utc17_c,low_activity_liquidity,xemm_0627_t001_hlfast_utc17_c:8557,would_submit,,pass,1.07616197,1.07616197,buy,60660.93046479,60660,9.30464788,1.5,touch,Alo,True,0,0,-1.5,binance_source_age_high,basis_mid,False,False,False,False
8559,xemm_0627_t001_hlfast_utc17_c,low_activity_liquidity,xemm_0627_t001_hlfast_utc17_c:8559,would_submit,,pass,1.07489559,1.07489559,buy,60660.92995824,60660,9.29958236,1.5,touch,Alo,True,0,0,-1.5,binance_source_age_mid,basis_mid,False,False,False,False
8563,xemm_0627_t001_hlfast_utc17_c,low_activity_liquidity,xemm_0627_t001_hlfast_utc17_c:8563,would_submit,,pass,1.07402413,1.07402413,buy,60660.92960965,60660,9.29609652,1.5,touch,Alo,True,0,0,-1.5,binance_source_age_low,basis_mid,False,False,False,False
8679,xemm_0627_t001_hlfast_utc17_c,low_activity_liquidity,xemm_0627_t001_hlfast_utc17_c:8679,would_submit,,pass,1.02959218,1.02959218,buy,60667.91183687,60667,9.11836872,1.5,touch,Alo,True,0,0,-1.5,binance_source_age_mid,basis_mid,False,False,False,False
8700,xemm_0627_t001_hlfast_utc17_c,low_activity_liquidity,xemm_0627_t001_hlfast_utc17_c:8700,would_submit,,pass,1.02411368,1.02411368,buy,60676.90964547,60676,9.09645472,1.5,touch,Alo,True,0,0,-1.5,binance_source_age_low,basis_low,False,False,False,False
8701,xemm_0627_t001_hlfast_utc17_c,low_activity_liquidity,xemm_0627_t001_hlfast_utc17_c:8701,would_submit,,pass,1.01080134,1.01080134,buy,60676.90432054,60676,9.04320536,1.5,touch,Alo,True,0,0,-1.5,binance_source_age_high,basis_low,False,False,False,False
8703,xemm_0627_t001_hlfast_utc17_c,low_activity_liquidity,xemm_0627_t001_hlfast_utc17_c:8703,would_submit,,pass,1.00612446,1.00612446,buy,60676.90244978,60676,9.02449784,1.5,touch,Alo,True,0,0,-1.5,binance_source_age_mid,basis_low,False,False,False,False
8704,xemm_0627_t001_hlfast_utc17_c,low_activity_liquidity,xemm_0627_t001_hlfast_utc17_c:8704,would_submit,,pass,1.00602624,1.00602624,buy,60676.9024105,60676,9.02410496,1.5,touch,Alo,True,0,0,-1.5,binance_source_age_low,basis_low,False,False,False,False
8728,xemm_0627_t001_hlfast_utc17_c,low_activity_liquidity,xemm_0627_t001_hlfast_utc17_c:8728,would_submit,,pass,-1.16306714,1.16306714,sell,60676.03477314,60677,9.65226856,1.5,touch,Alo,True,0,-0,-1.5,binance_source_age_high,basis_low,False,False,False,False
8729,xemm_0627_t001_hlfast_utc17_c,low_activity_liquidity,xemm_0627_t001_hlfast_utc17_c:8729,would_submit,,pass,-1.0084014,1.0084014,sell,60676.09663944,60677,9.0336056,1.5,touch,Alo,True,0,-0,-1.5,binance_source_age_mid,basis_low,False,False,False,False
8731,xemm_0627_t001_hlfast_utc17_c,low_activity_liquidity,xemm_0627_t001_hlfast_utc17_c:8731,would_submit,,pass,-1.07306483,1.07306483,sell,60676.07077407,60677,9.29225932,1.5,touch,Alo,True,-20,20,18.5,binance_source_age_low,basis_low,False,False,False,False
8745,xemm_0627_t001_hlfast_utc17_c,low_activity_liquidity,xemm_0627_t001_hlfast_utc17_c:8745,would_submit,,pass,-1.11782495,1.11782495,sell,60671.05287002,60672,9.4712998,1.5,touch,Alo,True,0,-0,-1.5,binance_source_age_mid,basis_high,False,False,False,False
8746,xemm_0627_t001_hlfast_utc17_c,low_activity_liquidity,xemm_0627_t001_hlfast_utc17_c:8746,would_submit,,pass,-1.08197218,1.08197218,sell,60671.06721113,60672,9.32788872,1.5,touch,Alo,True,0,-0,-1.5,binance_source_age_high,basis_mid,False,False,False,False
8747,xemm_0627_t001_hlfast_utc17_c,low_activity_liquidity,xemm_0627_t001_hlfast_utc17_c:8747,would_submit,,pass,-1.14917714,1.14917714,sell,60671.04032914,60672,9.59670856,1.5,touch,Alo,True,0,-0,-1.5,binance_source_age_mid,basis_mid,False,False,False,False
8748,xemm_0627_t001_hlfast_utc17_c,low_activity_liquidity,xemm_0627_t001_hlfast_utc17_c:8748,would_submit,,pass,-1.15165786,1.15165786,sell,60671.03933686,60672,9.60663144,1.5,touch,Alo,True,0,-0,-1.5,binance_source_age_low,basis_mid,False,False,False,False
8749,xemm_0627_t001_hlfast_utc17_c,low_activity_liquidity,xemm_0627_t001_hlfast_utc17_c:8749,would_submit,,pass,-1.15236686,1.15236686,sell,60671.03905326,60672,9.60946744,1.5,touch,Alo,True,0,-0,-1.5,binance_source_age_high,basis_mid,False,False,False,False
8751,xemm_0627_t001_hlfast_utc17_c,low_activity_liquidity,xemm_0627_t001_hlfast_utc17_c:8751,would_submit,,pass,-1.0871071,1.0871071,sell,60671.06515716,60672,9.3484284,1.5,touch,Alo,True,0,-0,-1.5,binance_source_age_high,basis_mid,False,False,False,False
8754,xemm_0627_t001_hlfast_utc17_c,low_activity_liquidity,xemm_0627_t001_hlfast_utc17_c:8754,would_submit,,pass,-1.16570622,1.16570622,sell,60671.03371751,60672,9.66282488,1.5,touch,Alo,True,0,-0,-1.5,binance_source_age_low,basis_mid,False,False,False,False
8756,xemm_0627_t001_hlfast_utc17_c,low_activity_liquidity,xemm_0627_t001_hlfast_utc17_c:8756,would_submit,,pass,-1.0493771,1.0493771,sell,60671.08024916,60672,9.1975084,1.5,touch,Alo,True,0,-0,-1.5,binance_source_age_low,basis_mid,False,False,False,False
8758,xemm_0627_t001_hlfast_utc17_c,low_activity_liquidity,xemm_0627_t001_hlfast_utc17_c:8758,would_submit,,pass,-1.13029264,1.13029264,sell,60671.04788294,60672,9.52117056,1.5,touch,Alo,True,0,-0,-1.5,binance_source_age_low,basis_low,False,False,False,False
8782,xemm_0627_t001_hlfast_utc17_c,low_activity_liquidity,xemm_0627_t001_hlfast_utc17_c:8782,would_submit,,pass,-1.05194797,1.05194797,sell,60662.07922081,60663,9.20779188,1.5,touch,Alo,True,0,-0,-1.5,binance_source_age_mid,basis_mid,False,False,False,False
8786,xemm_0627_t001_hlfast_utc17_c,low_activity_liquidity,xemm_0627_t001_hlfast_utc17_c:8786,would_submit,,pass,-3.14583149,3.14583149,sell,60661.2416674,60663,17.58332596,1.5,touch,Alo,True,0,-0,-1.5,binance_source_age_mid,basis_low,False,False,False,False
8792,xemm_0627_t001_hlfast_utc17_c,low_activity_liquidity,xemm_0627_t001_hlfast_utc17_c:8792,would_submit,,pass,-1.01228564,1.01228564,sell,60662.09508574,60663,9.04914256,1.5,touch,Alo,True,0,-0,-1.5,binance_source_age_low,basis_low,False,False,False,False
8796,xemm_0627_t001_hlfast_utc17_c,low_activity_liquidity,xemm_0627_t001_hlfast_utc17_c:8796,would_submit,,pass,-1.08963862,1.08963862,sell,60662.06414455,60663,9.35855448,1.5,touch,Alo,True,0,-0,-1.5,binance_source_age_low,basis_low,False,False,False,False
8797,xemm_0627_t001_hlfast_utc17_c,low_activity_liquidity,xemm_0627_t001_hlfast_utc17_c:8797,would_submit,,pass,-1.08184545,1.08184545,sell,60662.06726182,60663,9.3273818,1.5,touch,Alo,True,0,-0,-1.5,binance_source_age_high,basis_low,False,False,False,False
8798,xemm_0627_t001_hlfast_utc17_c,low_activity_liquidity,xemm_0627_t001_hlfast_utc17_c:8798,would_submit,,pass,-1.08524126,1.08524126,sell,60662.0659035,60663,9.34096504,1.5,touch,Alo,True,0,-0,-1.5,binance_source_age_high,basis_low,False,False,False,False
8799,xemm_0627_t001_hlfast_utc17_c,low_activity_liquidity,xemm_0627_t001_hlfast_utc17_c:8799,would_submit,,pass,-1.07289785,1.07289785,sell,60662.07084086,60663,9.2915914,1.5,touch,Alo,True,0,-0,-1.5,binance_source_age_mid,basis_low,False,False,False,False
8800,xemm_0627_t001_hlfast_utc17_c,low_activity_liquidity,xemm_0627_t001_hlfast_utc17_c:8800,would_submit,,pass,-1.09056733,1.09056733,sell,60662.06377307,60663,9.36226932,1.5,touch,Alo,True,0,-0,-1.5,binance_source_age_mid,basis_low,False,False,False,False
8801,xemm_0627_t001_hlfast_utc17_c,low_activity_liquidity,xemm_0627_t001_hlfast_utc17_c:8801,would_submit,,pass,-1.09371714,1.09371714,sell,60662.06251314,60663,9.37486856,1.5,touch,Alo,True,0,-0,-1.5,binance_source_age_low,basis_low,False,False,False,False
8802,xemm_0627_t001_hlfast_utc17_c,low_activity_liquidity,xemm_0627_t001_hlfast_utc17_c:8802,would_submit,,pass,-1.09134407,1.09134407,sell,60662.06346237,60663,9.36537628,1.5,touch,Alo,True,0,-0,-1.5,binance_source_age_mid,basis_low,False,False,False,False
8803,xemm_0627_t001_hlfast_utc17_c,low_activity_liquidity,xemm_0627_t001_hlfast_utc17_c:8803,would_submit,,pass,-1.10941093,1.10941093,sell,60662.05623563,60663,9.43764372,1.5,touch,Alo,True,0,-0,-1.5,binance_source_age_high,basis_low,False,False,False,False
8804,xemm_0627_t001_hlfast_utc17_c,low_activity_liquidity,xemm_0627_t001_hlfast_utc17_c:8804,would_submit,,pass,-1.10559811,1.10559811,sell,60662.05776076,60663,9.42239244,1.5,touch,Alo,True,0,-0,-1.5,binance_source_age_mid,basis_low,False,False,False,False
8805,xemm_0627_t001_hlfast_utc17_c,low_activity_liquidity,xemm_0627_t001_hlfast_utc17_c:8805,would_submit,,pass,-1.11394545,1.11394545,sell,60662.05442182,60663,9.4557818,1.5,touch,Alo,True,0,-0,-1.5,binance_source_age_high,basis_low,False,False,False,False
8806,xemm_0627_t001_hlfast_utc17_c,low_activity_liquidity,xemm_0627_t001_hlfast_utc17_c:8806,would_submit,,pass,-1.06566262,1.06566262,sell,60662.07373495,60663,9.26265048,1.5,touch,Alo,True,0,-0,-1.5,binance_source_age_high,basis_low,False,False,False,False
8829,xemm_0627_t001_hlfast_utc17_c,low_activity_liquidity,xemm_0627_t001_hlfast_utc17_c:8829,would_submit,,pass,-1.07449925,1.07449925,sell,60653.0702003,60654,9.297997,1.5,touch,Alo,True,0,-0,-1.5,binance_source_age_mid,basis_mid,False,False,False,False
8830,xemm_0627_t001_hlfast_utc17_c,low_activity_liquidity,xemm_0627_t001_hlfast_utc17_c:8830,would_submit,,pass,-1.14611055,1.14611055,sell,60653.04155578,60654,9.5844422,1.5,touch,Alo,True,0,-0,-1.5,binance_source_age_low,basis_mid,False,False,False,False
8831,xemm_0627_t001_hlfast_utc17_c,low_activity_liquidity,xemm_0627_t001_hlfast_utc17_c:8831,would_submit,,pass,-1.13180631,1.13180631,sell,60653.04727748,60654,9.52722524,1.5,touch,Alo,True,0,-0,-1.5,binance_source_age_mid,basis_mid,False,False,False,False
8832,xemm_0627_t001_hlfast_utc17_c,low_activity_liquidity,xemm_0627_t001_hlfast_utc17_c:8832,would_submit,,pass,-1.13431262,1.13431262,sell,60653.04627495,60654,9.53725048,1.5,touch,Alo,True,0,-0,-1.5,binance_source_age_low,basis_mid,False,False,False,False
8833,xemm_0627_t001_hlfast_utc17_c,low_activity_liquidity,xemm_0627_t001_hlfast_utc17_c:8833,would_submit,,pass,-1.13696561,1.13696561,sell,60653.04521376,60654,9.54786244,1.5,touch,Alo,True,0,-0,-1.5,binance_source_age_mid,basis_mid,False,False,False,False
8872,xemm_0627_t001_hlfast_utc17_c,low_activity_liquidity,xemm_0627_t001_hlfast_utc17_c:8872,would_submit,,pass,1.04780315,1.04780315,buy,60654.91912126,60654,9.1912126,1.5,touch,Alo,True,0,0,-1.5,binance_source_age_mid,basis_high,False,False,False,False
8876,xemm_0627_t001_hlfast_utc17_c,low_activity_liquidity,xemm_0627_t001_hlfast_utc17_c:8876,would_submit,,pass,1.05668791,1.05668791,buy,60657.92267516,60657,9.22675164,1.5,touch,Alo,True,0,0,-1.5,binance_source_age_mid,basis_mid,False,False,False,False
8877,xemm_0627_t001_hlfast_utc17_c,low_activity_liquidity,xemm_0627_t001_hlfast_utc17_c:8877,would_submit,,pass,1.06582516,1.06582516,buy,60657.92633006,60657,9.26330064,1.5,touch,Alo,True,0,0,-1.5,binance_source_age_low,basis_mid,False,False,False,False
8878,xemm_0627_t001_hlfast_utc17_c,low_activity_liquidity,xemm_0627_t001_hlfast_utc17_c:8878,would_submit,,pass,1.03666273,1.03666273,buy,60657.91466509,60657,9.14665092,1.5,touch,Alo,True,0,0,-1.5,binance_source_age_high,basis_high,False,False,False,False
8885,xemm_0627_t001_hlfast_utc17_c,low_activity_liquidity,xemm_0627_t001_hlfast_utc17_c:8885,would_submit,,pass,-1.15276521,1.15276521,sell,60670.03889392,60671,9.61106084,1.5,touch,Alo,True,0,-0,-1.5,binance_source_age_mid,basis_low,False,False,False,False
8886,xemm_0627_t001_hlfast_utc17_c,low_activity_liquidity,xemm_0627_t001_hlfast_utc17_c:8886,would_submit,,pass,-1.15683527,1.15683527,sell,60670.03726589,60671,9.62734108,1.5,touch,Alo,True,0,-0,-1.5,binance_source_age_low,basis_low,False,False,False,False
8887,xemm_0627_t001_hlfast_utc17_c,low_activity_liquidity,xemm_0627_t001_hlfast_utc17_c:8887,would_submit,,pass,-1.15764098,1.15764098,sell,60670.03694361,60671,9.63056392,1.5,touch,Alo,True,0,-0,-1.5,binance_source_age_high,basis_low,False,False,False,False
8901,xemm_0627_t001_hlfast_utc17_c,low_activity_liquidity,xemm_0627_t001_hlfast_utc17_c:8901,would_submit,,pass,-1.16651145,1.16651145,sell,60670.03339542,60671,9.6660458,1.5,touch,Alo,True,-30,30,28.5,binance_source_age_low,basis_low,False,False,False,False
8903,xemm_0627_t001_hlfast_utc17_c,low_activity_liquidity,xemm_0627_t001_hlfast_utc17_c:8903,would_submit,,pass,-1.06888082,1.06888082,sell,60667.07244767,60668,9.27552328,1.5,touch,Alo,True,-80,80,78.5,binance_source_age_low,basis_low,False,False,False,False
8904,xemm_0627_t001_hlfast_utc17_c,low_activity_liquidity,xemm_0627_t001_hlfast_utc17_c:8904,would_submit,,pass,-1.05284769,1.05284769,sell,60667.07886092,60668,9.21139076,1.5,touch,Alo,True,-80,80,78.5,binance_source_age_high,basis_low,False,False,False,False
8905,xemm_0627_t001_hlfast_utc17_c,low_activity_liquidity,xemm_0627_t001_hlfast_utc17_c:8905,would_submit,,pass,-1.05335343,1.05335343,sell,60659.07865863,60660,9.21341372,1.5,touch,Alo,True,0,-0,-1.5,binance_source_age_mid,basis_mid,False,False,False,False
8906,xemm_0627_t001_hlfast_utc17_c,low_activity_liquidity,xemm_0627_t001_hlfast_utc17_c:8906,would_submit,,pass,-1.05988722,1.05988722,sell,60659.07604511,60660,9.23954888,1.5,touch,Alo,True,0,-0,-1.5,binance_source_age_low,basis_mid,False,False,False,False
8945,xemm_0627_t001_hlfast_utc17_c,low_activity_liquidity,xemm_0627_t001_hlfast_utc17_c:8945,would_submit,,pass,-1.12920671,1.12920671,sell,60659.04831732,60660,9.51682684,1.5,touch,Alo,True,0,-0,-1.5,binance_source_age_mid,basis_mid,False,False,False,False
8949,xemm_0627_t001_hlfast_utc17_c,low_activity_liquidity,xemm_0627_t001_hlfast_utc17_c:8949,would_submit,,pass,-1.1459307,1.1459307,sell,60659.04162772,60660,9.5837228,1.5,touch,Alo,True,0,-0,-1.5,binance_source_age_mid,basis_mid,False,False,False,False
8957,xemm_0627_t001_hlfast_utc17_c,low_activity_liquidity,xemm_0627_t001_hlfast_utc17_c:8957,would_submit,,pass,-2.49714157,2.49714157,sell,60658.50114337,60660,14.98856628,1.5,touch,Alo,True,0,-0,-1.5,binance_source_age_low,basis_mid,False,False,False,False
8981,xemm_0627_t001_hlfast_utc17_c,low_activity_liquidity,xemm_0627_t001_hlfast_utc17_c:8981,would_submit,,pass,1.03490358,1.03490358,buy,60659.91396143,60659,9.13961432,1.5,touch,Alo,True,60,60,58.5,binance_source_age_low,basis_mid,False,False,False,False
8994,xemm_0627_t001_hlfast_utc17_c,low_activity_liquidity,xemm_0627_t001_hlfast_utc17_c:8994,would_submit,,pass,1.08014943,1.08014943,buy,60666.93205977,60666,9.32059772,1.5,touch,Alo,True,90,90,88.5,binance_source_age_high,basis_high,False,False,False,False
8995,xemm_0627_t001_hlfast_utc17_c,low_activity_liquidity,xemm_0627_t001_hlfast_utc17_c:8995,would_submit,,pass,1.08347616,1.08347616,buy,60675.93339046,60675,9.33390464,1.5,touch,Alo,True,0,0,-1.5,binance_source_age_high,basis_low,False,False,False,False
8996,xemm_0627_t001_hlfast_utc17_c,low_activity_liquidity,xemm_0627_t001_hlfast_utc17_c:8996,would_submit,,pass,1.07743634,1.07743634,buy,60675.93097454,60675,9.30974536,1.5,touch,Alo,True,0,0,-1.5,binance_source_age_high,basis_low,False,False,False,False
9010,xemm_0627_t001_hlfast_utc17_c,low_activity_liquidity,xemm_0627_t001_hlfast_utc17_c:9010,would_submit,,pass,-1.10088815,1.10088815,sell,60675.05964474,60676,9.4035526,1.5,touch,Alo,True,0,-0,-1.5,binance_source_age_high,basis_mid,False,False,False,False
9011,xemm_0627_t001_hlfast_utc17_c,low_activity_liquidity,xemm_0627_t001_hlfast_utc17_c:9011,would_submit,,pass,-1.10489668,1.10489668,sell,60675.05804133,60676,9.41958672,1.5,touch,Alo,True,0,-0,-1.5,binance_source_age_high,basis_mid,False,False,False,False
9019,xemm_0627_t001_hlfast_utc17_c,low_activity_liquidity,xemm_0627_t001_hlfast_utc17_c:9019,would_submit,,pass,1.04112571,1.04112571,buy,60687.91645028,60687,9.16450284,1.5,touch,Alo,True,0,0,-1.5,binance_source_age_mid,basis_mid,False,False,False,False
9020,xemm_0627_t001_hlfast_utc17_c,low_activity_liquidity,xemm_0627_t001_hlfast_utc17_c:9020,would_submit,,pass,1.06659985,1.06659985,buy,60687.92663994,60687,9.2663994,1.5,touch,Alo,True,0,0,-1.5,binance_source_age_low,basis_mid,False,False,False,False
9021,xemm_0627_t001_hlfast_utc17_c,low_activity_liquidity,xemm_0627_t001_hlfast_utc17_c:9021,would_submit,,pass,1.08802154,1.08802154,buy,60687.93520862,60687,9.35208616,1.5,touch,Alo,True,0,0,-1.5,binance_source_age_high,basis_mid,False,False,False,False
9022,xemm_0627_t001_hlfast_utc17_c,low_activity_liquidity,xemm_0627_t001_hlfast_utc17_c:9022,would_submit,,pass,1.08749499,1.08749499,buy,60687.934998,60687,9.34997996,1.5,touch,Alo,True,0,0,-1.5,binance_source_age_high,basis_mid,False,False,False,False
9044,xemm_0627_t001_hlfast_utc17_c,low_activity_liquidity,xemm_0627_t001_hlfast_utc17_c:9044,would_submit,,pass,1.01786986,1.01786986,buy,60695.90714794,60695,9.07147944,1.5,touch,Alo,True,0,0,-1.5,binance_source_age_mid,basis_mid,False,False,False,False
9045,xemm_0627_t001_hlfast_utc17_c,low_activity_liquidity,xemm_0627_t001_hlfast_utc17_c:9045,would_submit,,pass,1.02909016,1.02909016,buy,60695.91163606,60695,9.11636064,1.5,touch,Alo,True,0,0,-1.5,binance_source_age_high,basis_mid,False,False,False,False
9050,xemm_0627_t001_hlfast_utc17_c,low_activity_liquidity,xemm_0627_t001_hlfast_utc17_c:9050,would_submit,,pass,1.3775136,1.3775136,buy,60696.05100544,60695,10.5100544,1.5,touch,Alo,True,0,0,-1.5,binance_source_age_high,basis_mid,False,False,False,False
9065,xemm_0627_t001_hlfast_utc17_c,low_activity_liquidity,xemm_0627_t001_hlfast_utc17_c:9065,would_submit,,pass,1.8236878,1.8236878,buy,60696.22947512,60695,12.2947512,1.5,touch,Alo,True,0,0,-1.5,binance_source_age_high,basis_high,False,False,False,False
9067,xemm_0627_t001_hlfast_utc17_c,low_activity_liquidity,xemm_0627_t001_hlfast_utc17_c:9067,would_submit,,pass,1.03612409,1.03612409,buy,60695.91444964,60695,9.14449636,1.5,touch,Alo,True,40,40,38.5,binance_source_age_high,basis_high,False,False,False,False
9074,xemm_0627_t001_hlfast_utc17_c,low_activity_liquidity,xemm_0627_t001_hlfast_utc17_c:9074,would_submit,,pass,1.08813161,1.08813161,buy,60699.93525264,60699,9.35252644,1.5,touch,Alo,True,30,30,28.5,binance_source_age_high,basis_high,False,False,False,False
9136,xemm_0627_t001_hlfast_utc17_c,low_activity_liquidity,xemm_0627_t001_hlfast_utc17_c:9136,would_submit,,pass,1.0855896,1.0855896,buy,60711.93423584,60711,9.3423584,1.5,touch,Alo,True,0,0,-1.5,binance_source_age_low,basis_mid,False,False,False,False
9173,xemm_0627_t001_hlfast_utc17_c,low_activity_liquidity,xemm_0627_t001_hlfast_utc17_c:9173,would_submit,,pass,-1.09683971,1.09683971,sell,60719.06126412,60720,9.38735884,1.5,touch,Alo,True,0,-0,-1.5,binance_source_age_low,basis_mid,False,False,False,False
9174,xemm_0627_t001_hlfast_utc17_c,low_activity_liquidity,xemm_0627_t001_hlfast_utc17_c:9174,would_submit,,pass,-1.08096612,1.08096612,sell,60719.06761355,60720,9.32386448,1.5,touch,Alo,True,0,-0,-1.5,binance_source_age_high,basis_mid,False,False,False,False
9175,xemm_0627_t001_hlfast_utc17_c,low_activity_liquidity,xemm_0627_t001_hlfast_utc17_c:9175,would_submit,,pass,-1.08425993,1.08425993,sell,60719.06629603,60720,9.33703972,1.5,touch,Alo,True,0,-0,-1.5,binance_source_age_low,basis_mid,False,False,False,False
9176,xemm_0627_t001_hlfast_utc17_c,low_activity_liquidity,xemm_0627_t001_hlfast_utc17_c:9176,would_submit,,pass,-1.08977199,1.08977199,sell,60719.0640912,60720,9.35908796,1.5,touch,Alo,True,0,-0,-1.5,binance_source_age_high,basis_mid,False,False,False,False
9364,xemm_0627_t001_hlfast_utc17_c,low_activity_liquidity,xemm_0627_t001_hlfast_utc17_c:9364,would_submit,,pass,1.00695091,1.00695091,buy,60747.90278036,60747,9.02780364,1.5,touch,Alo,True,0,0,-1.5,binance_source_age_mid,basis_mid,False,False,False,False
9366,xemm_0627_t001_hlfast_utc17_c,low_activity_liquidity,xemm_0627_t001_hlfast_utc17_c:9366,would_submit,,pass,1.0909802,1.0909802,buy,60747.93639208,60747,9.3639208,1.5,touch,Alo,True,0,0,-1.5,binance_source_age_low,basis_mid,False,False,False,False
9424,xemm_0627_t001_hlfast_utc17_c,low_activity_liquidity,xemm_0627_t001_hlfast_utc17_c:9424,would_submit,,pass,1.04655296,1.04655296,buy,60743.91862118,60743,9.18621184,1.5,touch,Alo,True,40,40,38.5,binance_source_age_mid,basis_high,False,False,False,False
9426,xemm_0627_t001_hlfast_utc17_c,low_activity_liquidity,xemm_0627_t001_hlfast_utc17_c:9426,would_submit,,pass,1.09519436,1.09519436,buy,60747.93807774,60747,9.38077744,1.5,touch,Alo,True,30,30,28.5,binance_source_age_high,basis_high,False,False,False,False
9427,xemm_0627_t001_hlfast_utc17_c,low_activity_liquidity,xemm_0627_t001_hlfast_utc17_c:9427,would_submit,,pass,1.10083213,1.10083213,buy,60749.94033285,60749,9.40332852,1.5,touch,Alo,True,40,40,38.5,binance_source_age_high,basis_high,False,False,False,False
9428,xemm_0627_t001_hlfast_utc17_c,low_activity_liquidity,xemm_0627_t001_hlfast_utc17_c:9428,would_submit,,pass,1.03989549,1.03989549,buy,60750.9159582,60750,9.15958196,1.5,touch,Alo,True,40,40,38.5,binance_source_age_high,basis_high,False,False,False,False
9429,xemm_0627_t001_hlfast_utc17_c,low_activity_liquidity,xemm_0627_t001_hlfast_utc17_c:9429,would_submit,,pass,1.03983028,1.03983028,buy,60753.91593211,60753,9.15932112,1.5,touch,Alo,True,10,10,8.5,binance_source_age_mid,basis_high,False,False,False,False
9430,xemm_0627_t001_hlfast_utc17_c,low_activity_liquidity,xemm_0627_t001_hlfast_utc17_c:9430,would_submit,,pass,1.03941482,1.03941482,buy,60754.91576593,60754,9.15765928,1.5,touch,Alo,True,0,0,-1.5,binance_source_age_low,basis_high,False,False,False,False
9431,xemm_0627_t001_hlfast_utc17_c,low_activity_liquidity,xemm_0627_t001_hlfast_utc17_c:9431,would_submit,,pass,1.01884199,1.01884199,buy,60754.9075368,60754,9.07536796,1.5,touch,Alo,True,0,0,-1.5,binance_source_age_mid,basis_high,False,False,False,False
9432,xemm_0627_t001_hlfast_utc17_c,low_activity_liquidity,xemm_0627_t001_hlfast_utc17_c:9432,would_submit,,pass,1.01072596,1.01072596,buy,60754.90429038,60754,9.04290384,1.5,touch,Alo,True,0,0,-1.5,binance_source_age_low,basis_high,False,False,False,False
9433,xemm_0627_t001_hlfast_utc17_c,low_activity_liquidity,xemm_0627_t001_hlfast_utc17_c:9433,would_submit,,pass,1.01161834,1.01161834,buy,60754.90464734,60754,9.04647336,1.5,touch,Alo,True,0,0,-1.5,binance_source_age_high,basis_high,False,False,False,False
9434,xemm_0627_t001_hlfast_utc17_c,low_activity_liquidity,xemm_0627_t001_hlfast_utc17_c:9434,would_submit,,pass,1.01098508,1.01098508,buy,60754.90439403,60754,9.04394032,1.5,touch,Alo,True,0,0,-1.5,binance_source_age_high,basis_high,False,False,False,False
9435,xemm_0627_t001_hlfast_utc17_c,low_activity_liquidity,xemm_0627_t001_hlfast_utc17_c:9435,would_submit,,pass,1.08145053,1.08145053,buy,60754.93258021,60754,9.32580212,1.5,touch,Alo,True,0,0,-1.5,binance_source_age_mid,basis_high,False,False,False,False
9439,xemm_0627_t001_hlfast_utc17_c,low_activity_liquidity,xemm_0627_t001_hlfast_utc17_c:9439,would_submit,,pass,-1.13432889,1.13432889,sell,60754.04626844,60755,9.53731556,1.5,touch,Alo,True,0,-0,-1.5,binance_source_age_high,basis_high,False,False,False,False
9446,xemm_0627_t001_hlfast_utc17_c,low_activity_liquidity,xemm_0627_t001_hlfast_utc17_c:9446,would_submit,,pass,-1.02237989,1.02237989,sell,60752.09104804,60753,9.08951956,1.5,touch,Alo,True,0,-0,-1.5,binance_source_age_high,basis_low,False,False,False,False
9447,xemm_0627_t001_hlfast_utc17_c,low_activity_liquidity,xemm_0627_t001_hlfast_utc17_c:9447,would_submit,,pass,-1.04750679,1.04750679,sell,60752.08099728,60753,9.19002716,1.5,touch,Alo,True,0,-0,-1.5,binance_source_age_high,basis_low,False,False,False,False
9448,xemm_0627_t001_hlfast_utc17_c,low_activity_liquidity,xemm_0627_t001_hlfast_utc17_c:9448,would_submit,,pass,-1.01259739,1.01259739,sell,60752.09496104,60753,9.05038956,1.5,touch,Alo,True,0,-0,-1.5,binance_source_age_mid,basis_low,False,False,False,False
9449,xemm_0627_t001_hlfast_utc17_c,low_activity_liquidity,xemm_0627_t001_hlfast_utc17_c:9449,would_submit,,pass,-1.13280546,1.13280546,sell,60752.04687782,60753,9.53122184,1.5,touch,Alo,True,0,-0,-1.5,binance_source_age_low,basis_low,False,False,False,False
9468,xemm_0627_t001_hlfast_utc17_c,low_activity_liquidity,xemm_0627_t001_hlfast_utc17_c:9468,would_submit,,pass,-3.49335194,3.49335194,sell,60739.10265922,60741,18.97340776,1.5,touch,Alo,True,0,-0,-1.5,binance_source_age_mid,basis_low,False,False,False,False
9532,xemm_0627_t001_hlfast_utc17_c,low_activity_liquidity,xemm_0627_t001_hlfast_utc17_c:9532,would_submit,,pass,1.39572316,1.39572316,buy,60754.05828926,60753,10.58289264,1.5,touch,Alo,True,0,0,-1.5,binance_source_age_mid,basis_low,False,False,False,False
9535,xemm_0627_t001_hlfast_utc17_c,low_activity_liquidity,xemm_0627_t001_hlfast_utc17_c:9535,would_submit,,pass,1.01944976,1.01944976,buy,60753.9077799,60753,9.07779904,1.5,touch,Alo,True,0,0,-1.5,binance_source_age_low,basis_low,False,False,False,False
9536,xemm_0627_t001_hlfast_utc17_c,low_activity_liquidity,xemm_0627_t001_hlfast_utc17_c:9536,would_submit,,pass,1.02175215,1.02175215,buy,60753.90870086,60753,9.0870086,1.5,touch,Alo,True,0,0,-1.5,binance_source_age_high,basis_low,False,False,False,False
9537,xemm_0627_t001_hlfast_utc17_c,low_activity_liquidity,xemm_0627_t001_hlfast_utc17_c:9537,would_submit,,pass,1.03277003,1.03277003,buy,60753.91310801,60753,9.13108012,1.5,touch,Alo,True,0,0,-1.5,binance_source_age_high,basis_low,False,False,False,False
9545,xemm_0627_t001_hlfast_utc17_c,low_activity_liquidity,xemm_0627_t001_hlfast_utc17_c:9545,would_submit,,pass,2.63672768,2.63672768,buy,60758.55469107,60757,15.54691072,1.5,touch,Alo,True,0,0,-1.5,binance_source_age_mid,basis_mid,False,False,False,False
9585,xemm_0627_t001_hlfast_utc17_c,low_activity_liquidity,xemm_0627_t001_hlfast_utc17_c:9585,would_submit,,pass,-1.01686675,1.01686675,sell,60755.0932533,60756,9.067467,1.5,touch,Alo,True,0,-0,-1.5,binance_source_age_high,basis_mid,False,False,False,False
9586,xemm_0627_t001_hlfast_utc17_c,low_activity_liquidity,xemm_0627_t001_hlfast_utc17_c:9586,would_submit,,pass,-1.01591762,1.01591762,sell,60755.09363295,60756,9.06367048,1.5,touch,Alo,True,0,-0,-1.5,binance_source_age_high,basis_mid,False,False,False,False
9587,xemm_0627_t001_hlfast_utc17_c,low_activity_liquidity,xemm_0627_t001_hlfast_utc17_c:9587,would_submit,,pass,-1.05614083,1.05614083,sell,60755.07754367,60756,9.22456332,1.5,touch,Alo,True,0,-0,-1.5,binance_source_age_low,basis_mid,False,False,False,False
9588,xemm_0627_t001_hlfast_utc17_c,low_activity_liquidity,xemm_0627_t001_hlfast_utc17_c:9588,would_submit,,pass,-1.05584965,1.05584965,sell,60755.07766014,60756,9.2233986,1.5,touch,Alo,True,0,-0,-1.5,binance_source_age_low,basis_mid,False,False,False,False
9589,xemm_0627_t001_hlfast_utc17_c,low_activity_liquidity,xemm_0627_t001_hlfast_utc17_c:9589,would_submit,,pass,-1.05594898,1.05594898,sell,60755.07762041,60756,9.22379592,1.5,touch,Alo,True,0,-0,-1.5,binance_source_age_high,basis_mid,False,False,False,False
9590,xemm_0627_t001_hlfast_utc17_c,low_activity_liquidity,xemm_0627_t001_hlfast_utc17_c:9590,would_submit,,pass,-1.05621044,1.05621044,sell,60755.07751582,60756,9.22484176,1.5,touch,Alo,True,0,-0,-1.5,binance_source_age_high,basis_mid,False,False,False,False
9591,xemm_0627_t001_hlfast_utc17_c,low_activity_liquidity,xemm_0627_t001_hlfast_utc17_c:9591,would_submit,,pass,-1.05570686,1.05570686,sell,60755.07771726,60756,9.22282744,1.5,touch,Alo,True,0,-0,-1.5,binance_source_age_low,basis_mid,False,False,False,False
9592,xemm_0627_t001_hlfast_utc17_c,low_activity_liquidity,xemm_0627_t001_hlfast_utc17_c:9592,would_submit,,pass,-1.06059136,1.06059136,sell,60755.07576346,60756,9.24236544,1.5,touch,Alo,True,0,-0,-1.5,binance_source_age_high,basis_mid,False,False,False,False
9593,xemm_0627_t001_hlfast_utc17_c,low_activity_liquidity,xemm_0627_t001_hlfast_utc17_c:9593,would_submit,,pass,-1.06100725,1.06100725,sell,60755.0755971,60756,9.244029,1.5,touch,Alo,True,0,-0,-1.5,binance_source_age_low,basis_mid,False,False,False,False
9594,xemm_0627_t001_hlfast_utc17_c,low_activity_liquidity,xemm_0627_t001_hlfast_utc17_c:9594,would_submit,,pass,-1.06098543,1.06098543,sell,60755.07560583,60756,9.24394172,1.5,touch,Alo,True,0,-0,-1.5,binance_source_age_mid,basis_mid,False,False,False,False
9595,xemm_0627_t001_hlfast_utc17_c,low_activity_liquidity,xemm_0627_t001_hlfast_utc17_c:9595,would_submit,,pass,-1.06072913,1.06072913,sell,60755.07570835,60756,9.24291652,1.5,touch,Alo,True,0,-0,-1.5,binance_source_age_low,basis_mid,False,False,False,False
9596,xemm_0627_t001_hlfast_utc17_c,low_activity_liquidity,xemm_0627_t001_hlfast_utc17_c:9596,would_submit,,pass,-1.06157341,1.06157341,sell,60755.07537064,60756,9.24629364,1.5,touch,Alo,True,0,-0,-1.5,binance_source_age_low,basis_mid,False,False,False,False
9597,xemm_0627_t001_hlfast_utc17_c,low_activity_liquidity,xemm_0627_t001_hlfast_utc17_c:9597,would_submit,,pass,-1.08081283,1.08081283,sell,60755.06767487,60756,9.32325132,1.5,touch,Alo,True,0,-0,-1.5,binance_source_age_high,basis_mid,False,False,False,False
9598,xemm_0627_t001_hlfast_utc17_c,low_activity_liquidity,xemm_0627_t001_hlfast_utc17_c:9598,would_submit,,pass,-1.06910791,1.06910791,sell,60755.07235684,60756,9.27643164,1.5,touch,Alo,True,0,-0,-1.5,binance_source_age_mid,basis_mid,False,False,False,False
9599,xemm_0627_t001_hlfast_utc17_c,low_activity_liquidity,xemm_0627_t001_hlfast_utc17_c:9599,would_submit,,pass,-1.06908894,1.06908894,sell,60755.07236442,60756,9.27635576,1.5,touch,Alo,True,0,-0,-1.5,binance_source_age_high,basis_mid,False,False,False,False
9600,xemm_0627_t001_hlfast_utc17_c,low_activity_liquidity,xemm_0627_t001_hlfast_utc17_c:9600,would_submit,,pass,-1.06925948,1.06925948,sell,60755.07229621,60756,9.27703792,1.5,touch,Alo,True,0,-0,-1.5,binance_source_age_high,basis_mid,False,False,False,False
9601,xemm_0627_t001_hlfast_utc17_c,low_activity_liquidity,xemm_0627_t001_hlfast_utc17_c:9601,would_submit,,pass,-1.06761884,1.06761884,sell,60755.07295246,60756,9.27047536,1.5,touch,Alo,True,0,-0,-1.5,binance_source_age_low,basis_mid,False,False,False,False
9602,xemm_0627_t001_hlfast_utc17_c,low_activity_liquidity,xemm_0627_t001_hlfast_utc17_c:9602,would_submit,,pass,-1.06739573,1.06739573,sell,60755.07304171,60756,9.26958292,1.5,touch,Alo,True,0,-0,-1.5,binance_source_age_low,basis_mid,False,False,False,False
9603,xemm_0627_t001_hlfast_utc17_c,low_activity_liquidity,xemm_0627_t001_hlfast_utc17_c:9603,would_submit,,pass,-1.06745326,1.06745326,sell,60755.0730187,60756,9.26981304,1.5,touch,Alo,True,0,-0,-1.5,binance_source_age_high,basis_mid,False,False,False,False
9614,xemm_0627_t001_hlfast_utc17_c,low_activity_liquidity,xemm_0627_t001_hlfast_utc17_c:9614,would_submit,,pass,1.00693408,1.00693408,buy,60755.90277363,60755,9.02773632,1.5,touch,Alo,True,0,0,-1.5,binance_source_age_mid,basis_low,False,False,False,False
9705,xemm_0627_t001_hlfast_utc17_c,low_activity_liquidity,xemm_0627_t001_hlfast_utc17_c:9705,would_submit,,pass,-1.07233274,1.07233274,sell,60753.0710669,60754,9.28933096,1.5,touch,Alo,True,0,-0,-1.5,binance_source_age_low,basis_low,False,False,False,False
9706,xemm_0627_t001_hlfast_utc17_c,low_activity_liquidity,xemm_0627_t001_hlfast_utc17_c:9706,would_submit,,pass,-1.08667465,1.08667465,sell,60753.06533014,60754,9.3466986,1.5,touch,Alo,True,-70,70,68.5,binance_source_age_high,basis_low,False,False,False,False
9707,xemm_0627_t001_hlfast_utc17_c,low_activity_liquidity,xemm_0627_t001_hlfast_utc17_c:9707,would_submit,,pass,-1.07640184,1.07640184,sell,60753.06943926,60754,9.30560736,1.5,touch,Alo,True,-70,70,68.5,binance_source_age_high,basis_low,False,False,False,False
9708,xemm_0627_t001_hlfast_utc17_c,low_activity_liquidity,xemm_0627_t001_hlfast_utc17_c:9708,would_submit,,pass,-1.06173694,1.06173694,sell,60746.07530522,60747,9.24694776,1.5,touch,Alo,True,0,-0,-1.5,binance_source_age_mid,basis_mid,False,False,False,False
9709,xemm_0627_t001_hlfast_utc17_c,low_activity_liquidity,xemm_0627_t001_hlfast_utc17_c:9709,would_submit,,pass,-1.05345933,1.05345933,sell,60746.07861627,60747,9.21383732,1.5,touch,Alo,True,0,-0,-1.5,binance_source_age_low,basis_mid,False,False,False,False
9710,xemm_0627_t001_hlfast_utc17_c,low_activity_liquidity,xemm_0627_t001_hlfast_utc17_c:9710,would_submit,,pass,-1.01500661,1.01500661,sell,60746.09399736,60747,9.06002644,1.5,touch,Alo,True,0,-0,-1.5,binance_source_age_mid,basis_mid,False,False,False,False
9711,xemm_0627_t001_hlfast_utc17_c,low_activity_liquidity,xemm_0627_t001_hlfast_utc17_c:9711,would_submit,,pass,-1.002484,1.002484,sell,60746.0990064,60747,9.009936,1.5,touch,Alo,True,0,-0,-1.5,binance_source_age_high,basis_mid,False,False,False,False
9712,xemm_0627_t001_hlfast_utc17_c,low_activity_liquidity,xemm_0627_t001_hlfast_utc17_c:9712,would_submit,,pass,-1.04116856,1.04116856,sell,60746.08353258,60747,9.16467424,1.5,touch,Alo,True,0,-0,-1.5,binance_source_age_mid,basis_mid,False,False,False,False
9713,xemm_0627_t001_hlfast_utc17_c,low_activity_liquidity,xemm_0627_t001_hlfast_utc17_c:9713,would_submit,,pass,-1.05645001,1.05645001,sell,60746.07742,60747,9.22580004,1.5,touch,Alo,True,0,-0,-1.5,binance_source_age_low,basis_mid,False,False,False,False
9714,xemm_0627_t001_hlfast_utc17_c,low_activity_liquidity,xemm_0627_t001_hlfast_utc17_c:9714,would_submit,,pass,-1.05320057,1.05320057,sell,60746.07871977,60747,9.21280228,1.5,touch,Alo,True,0,-0,-1.5,binance_source_age_high,basis_mid,False,False,False,False
9750,xemm_0627_t001_hlfast_utc17_c,low_activity_liquidity,xemm_0627_t001_hlfast_utc17_c:9750,would_submit,,pass,1.02066856,1.02066856,buy,60750.90826742,60750,9.08267424,1.5,touch,Alo,True,0,0,-1.5,binance_source_age_high,basis_mid,False,False,False,False
9751,xemm_0627_t001_hlfast_utc17_c,low_activity_liquidity,xemm_0627_t001_hlfast_utc17_c:9751,would_submit,,pass,1.69689921,1.69689921,buy,60751.17875968,60750,11.78759684,1.5,touch,Alo,True,20,20,18.5,binance_source_age_low,basis_mid,False,False,False,False
9756,xemm_0627_t001_hlfast_utc17_c,low_activity_liquidity,xemm_0627_t001_hlfast_utc17_c:9756,would_submit,,pass,1.02445726,1.02445726,buy,60752.9097829,60752,9.09782904,1.5,touch,Alo,True,0,0,-1.5,binance_source_age_low,basis_mid,False,False,False,False
9757,xemm_0627_t001_hlfast_utc17_c,low_activity_liquidity,xemm_0627_t001_hlfast_utc17_c:9757,would_submit,,pass,1.01958019,1.01958019,buy,60752.90783208,60752,9.07832076,1.5,touch,Alo,True,0,0,-1.5,binance_source_age_high,basis_mid,False,False,False,False
9758,xemm_0627_t001_hlfast_utc17_c,low_activity_liquidity,xemm_0627_t001_hlfast_utc17_c:9758,would_submit,,pass,1.06544584,1.06544584,buy,60752.92617834,60752,9.26178336,1.5,touch,Alo,True,0,0,-1.5,binance_source_age_low,basis_mid,False,False,False,False
9759,xemm_0627_t001_hlfast_utc17_c,low_activity_liquidity,xemm_0627_t001_hlfast_utc17_c:9759,would_submit,,pass,1.45753064,1.45753064,buy,60753.08301226,60752,10.83012256,1.5,touch,Alo,True,0,0,-1.5,binance_source_age_mid,basis_mid,False,False,False,False
9760,xemm_0627_t001_hlfast_utc17_c,low_activity_liquidity,xemm_0627_t001_hlfast_utc17_c:9760,would_submit,,pass,1.01091097,1.01091097,buy,60752.90436439,60752,9.04364388,1.5,touch,Alo,True,0,0,-1.5,binance_source_age_high,basis_mid,False,False,False,False
9761,xemm_0627_t001_hlfast_utc17_c,low_activity_liquidity,xemm_0627_t001_hlfast_utc17_c:9761,would_submit,,pass,1.00675896,1.00675896,buy,60752.90270358,60752,9.02703584,1.5,touch,Alo,True,0,0,-1.5,binance_source_age_mid,basis_mid,False,False,False,False
9765,xemm_0627_t001_hlfast_utc17_c,low_activity_liquidity,xemm_0627_t001_hlfast_utc17_c:9765,would_submit,,pass,-1.03234701,1.03234701,sell,60755.0870612,60756,9.12938804,1.5,touch,Alo,True,0,-0,-1.5,binance_source_age_low,basis_mid,False,False,False,False
9766,xemm_0627_t001_hlfast_utc17_c,low_activity_liquidity,xemm_0627_t001_hlfast_utc17_c:9766,would_submit,,pass,-1.00839957,1.00839957,sell,60755.09664017,60756,9.03359828,1.5,touch,Alo,True,0,-0,-1.5,binance_source_age_high,basis_mid,False,False,False,False
9768,xemm_0627_t001_hlfast_utc17_c,low_activity_liquidity,xemm_0627_t001_hlfast_utc17_c:9768,would_submit,,pass,-1.00608313,1.00608313,sell,60755.09756675,60756,9.02433252,1.5,touch,Alo,True,0,-0,-1.5,binance_source_age_mid,basis_mid,False,False,False,False
9825,xemm_0627_t001_hlfast_utc17_c,low_activity_liquidity,xemm_0627_t001_hlfast_utc17_c:9825,would_submit,,pass,1.04551476,1.04551476,buy,60755.9182059,60755,9.18205904,1.5,touch,Alo,True,10,10,8.5,binance_source_age_mid,basis_high,False,False,False,False
9826,xemm_0627_t001_hlfast_utc17_c,low_activity_liquidity,xemm_0627_t001_hlfast_utc17_c:9826,would_submit,,pass,1.00219653,1.00219653,buy,60755.90087861,60755,9.00878612,1.5,touch,Alo,True,10,10,8.5,binance_source_age_mid,basis_high,False,False,False,False
9924,xemm_0627_t001_hlfast_utc17_c,low_activity_liquidity,xemm_0627_t001_hlfast_utc17_c:9924,would_submit,,pass,1.04899049,1.04899049,buy,60760.9195962,60760,9.19596196,1.5,touch,Alo,True,0,0,-1.5,binance_source_age_low,basis_mid,False,False,False,False
9926,xemm_0627_t001_hlfast_utc17_c,low_activity_liquidity,xemm_0627_t001_hlfast_utc17_c:9926,would_submit,,pass,1.00645977,1.00645977,buy,60760.90258391,60760,9.02583908,1.5,touch,Alo,True,0,0,-1.5,binance_source_age_mid,basis_mid,False,False,False,False
9929,xemm_0627_t001_hlfast_utc17_c,low_activity_liquidity,xemm_0627_t001_hlfast_utc17_c:9929,would_submit,,pass,1.05604762,1.05604762,buy,60760.92241905,60760,9.22419048,1.5,touch,Alo,True,0,0,-1.5,binance_source_age_high,basis_mid,False,False,False,False
9930,xemm_0627_t001_hlfast_utc17_c,low_activity_liquidity,xemm_0627_t001_hlfast_utc17_c:9930,would_submit,,pass,1.0605833,1.0605833,buy,60760.92423332,60760,9.2423332,1.5,touch,Alo,True,60,60,58.5,binance_source_age_mid,basis_high,False,False,False,False
9931,xemm_0627_t001_hlfast_utc17_c,low_activity_liquidity,xemm_0627_t001_hlfast_utc17_c:9931,would_submit,,pass,1.06529516,1.06529516,buy,60760.92611806,60760,9.26118064,1.5,touch,Alo,True,70,70,68.5,binance_source_age_low,basis_high,False,False,False,False
9932,xemm_0627_t001_hlfast_utc17_c,low_activity_liquidity,xemm_0627_t001_hlfast_utc17_c:9932,would_submit,,pass,1.05716259,1.05716259,buy,60766.92286504,60766,9.22865036,1.5,touch,Alo,True,10,10,8.5,binance_source_age_high,basis_mid,False,False,False,False
9933,xemm_0627_t001_hlfast_utc17_c,low_activity_liquidity,xemm_0627_t001_hlfast_utc17_c:9933,would_submit,,pass,1.05261938,1.05261938,buy,60767.92104775,60767,9.21047752,1.5,touch,Alo,True,0,0,-1.5,binance_source_age_high,basis_mid,False,False,False,False
9934,xemm_0627_t001_hlfast_utc17_c,low_activity_liquidity,xemm_0627_t001_hlfast_utc17_c:9934,would_submit,,pass,1.04986156,1.04986156,buy,60767.91994462,60767,9.19944624,1.5,touch,Alo,True,0,0,-1.5,binance_source_age_mid,basis_mid,False,False,False,False
9935,xemm_0627_t001_hlfast_utc17_c,low_activity_liquidity,xemm_0627_t001_hlfast_utc17_c:9935,would_submit,,pass,1.04885078,1.04885078,buy,60767.91954031,60767,9.19540312,1.5,touch,Alo,True,0,0,-1.5,binance_source_age_mid,basis_mid,False,False,False,False
9936,xemm_0627_t001_hlfast_utc17_c,low_activity_liquidity,xemm_0627_t001_hlfast_utc17_c:9936,would_submit,,pass,1.08053595,1.08053595,buy,60767.93221438,60767,9.3221438,1.5,touch,Alo,True,0,0,-1.5,binance_source_age_mid,basis_mid,False,False,False,False
9937,xemm_0627_t001_hlfast_utc17_c,low_activity_liquidity,xemm_0627_t001_hlfast_utc17_c:9937,would_submit,,pass,1.08729282,1.08729282,buy,60767.93491713,60767,9.34917128,1.5,touch,Alo,True,0,0,-1.5,binance_source_age_mid,basis_mid,False,False,False,False
9938,xemm_0627_t001_hlfast_utc17_c,low_activity_liquidity,xemm_0627_t001_hlfast_utc17_c:9938,would_submit,,pass,1.0866751,1.0866751,buy,60767.93467004,60767,9.3467004,1.5,touch,Alo,True,0,0,-1.5,binance_source_age_high,basis_mid,False,False,False,False
9939,xemm_0627_t001_hlfast_utc17_c,low_activity_liquidity,xemm_0627_t001_hlfast_utc17_c:9939,would_submit,,pass,1.02468253,1.02468253,buy,60767.90987301,60767,9.09873012,1.5,touch,Alo,True,45,45,43.5,binance_source_age_mid,basis_mid,False,False,False,False
9940,xemm_0627_t001_hlfast_utc17_c,low_activity_liquidity,xemm_0627_t001_hlfast_utc17_c:9940,would_submit,,pass,1.01274559,1.01274559,buy,60767.90509824,60767,9.05098236,1.5,touch,Alo,True,50,50,48.5,binance_source_age_mid,basis_mid,False,False,False,False
9949,xemm_0627_t001_hlfast_utc17_c,low_activity_liquidity,xemm_0627_t001_hlfast_utc17_c:9949,would_submit,,pass,-1.01606761,1.01606761,sell,60772.09357296,60773,9.06427044,1.5,touch,Alo,True,-50,50,48.5,binance_source_age_low,basis_low,False,False,False,False
9951,xemm_0627_t001_hlfast_utc17_c,low_activity_liquidity,xemm_0627_t001_hlfast_utc17_c:9951,would_submit,,pass,-1.04626123,1.04626123,sell,60767.08149551,60768,9.18504492,1.5,touch,Alo,True,0,-0,-1.5,binance_source_age_low,basis_mid,False,False,False,False
9952,xemm_0627_t001_hlfast_utc17_c,low_activity_liquidity,xemm_0627_t001_hlfast_utc17_c:9952,would_submit,,pass,-1.0459482,1.0459482,sell,60767.08162072,60768,9.1837928,1.5,touch,Alo,True,0,-0,-1.5,binance_source_age_high,basis_mid,False,False,False,False
9953,xemm_0627_t001_hlfast_utc17_c,low_activity_liquidity,xemm_0627_t001_hlfast_utc17_c:9953,would_submit,,pass,-1.04954313,1.04954313,sell,60767.08018275,60768,9.19817252,1.5,touch,Alo,True,0,-0,-1.5,binance_source_age_mid,basis_mid,False,False,False,False
9954,xemm_0627_t001_hlfast_utc17_c,low_activity_liquidity,xemm_0627_t001_hlfast_utc17_c:9954,would_submit,,pass,-1.04980505,1.04980505,sell,60767.08007798,60768,9.1992202,1.5,touch,Alo,True,0,-0,-1.5,binance_source_age_mid,basis_mid,False,False,False,False
9955,xemm_0627_t001_hlfast_utc17_c,low_activity_liquidity,xemm_0627_t001_hlfast_utc17_c:9955,would_submit,,pass,-1.04975275,1.04975275,sell,60767.0800989,60768,9.199011,1.5,touch,Alo,True,0,-0,-1.5,binance_source_age_low,basis_mid,False,False,False,False
9956,xemm_0627_t001_hlfast_utc17_c,low_activity_liquidity,xemm_0627_t001_hlfast_utc17_c:9956,would_submit,,pass,-1.05534457,1.05534457,sell,60767.07786217,60768,9.22137828,1.5,touch,Alo,True,0,-0,-1.5,binance_source_age_high,basis_mid,False,False,False,False
9978,xemm_0627_t001_hlfast_utc17_c,low_activity_liquidity,xemm_0627_t001_hlfast_utc17_c:9978,would_submit,,pass,-1.15142971,1.15142971,sell,60761.03942812,60762,9.60571884,1.5,touch,Alo,True,-10,10,8.5,binance_source_age_low,basis_low,False,False,False,False
9983,xemm_0627_t001_hlfast_utc17_c,low_activity_liquidity,xemm_0627_t001_hlfast_utc17_c:9983,would_submit,,pass,1.03071172,1.03071172,buy,60758.91228469,60758,9.12284688,1.5,touch,Alo,True,0,0,-1.5,binance_source_age_low,basis_low,False,False,False,False
10001,xemm_0627_t001_hlfast_utc17_c,low_activity_liquidity,xemm_0627_t001_hlfast_utc17_c:10001,would_submit,,pass,-1.08854784,1.08854784,sell,60757.06458086,60758,9.35419136,1.5,touch,Alo,True,-10,10,8.5,binance_source_age_mid,basis_low,False,False,False,False
10002,xemm_0627_t001_hlfast_utc17_c,low_activity_liquidity,xemm_0627_t001_hlfast_utc17_c:10002,would_submit,,pass,-1.07560865,1.07560865,sell,60756.06975654,60757,9.3024346,1.5,touch,Alo,True,0,-0,-1.5,binance_source_age_mid,basis_low,False,False,False,False
10003,xemm_0627_t001_hlfast_utc17_c,low_activity_liquidity,xemm_0627_t001_hlfast_utc17_c:10003,would_submit,,pass,-1.07217524,1.07217524,sell,60756.0711299,60757,9.28870096,1.5,touch,Alo,True,0,-0,-1.5,binance_source_age_low,basis_low,False,False,False,False
10004,xemm_0627_t001_hlfast_utc17_c,low_activity_liquidity,xemm_0627_t001_hlfast_utc17_c:10004,would_submit,,pass,-1.08191643,1.08191643,sell,60756.06723343,60757,9.32766572,1.5,touch,Alo,True,0,-0,-1.5,binance_source_age_high,basis_low,False,False,False,False
10016,xemm_0627_t001_hlfast_utc17_c,low_activity_liquidity,xemm_0627_t001_hlfast_utc17_c:10016,would_submit,,pass,-1.03378821,1.03378821,sell,60756.08648472,60757,9.13515284,1.5,touch,Alo,True,0,-0,-1.5,binance_source_age_mid,basis_low,False,False,False,False
10017,xemm_0627_t001_hlfast_utc17_c,low_activity_liquidity,xemm_0627_t001_hlfast_utc17_c:10017,would_submit,,pass,-1.0395583,1.0395583,sell,60756.08417668,60757,9.1582332,1.5,touch,Alo,True,0,-0,-1.5,binance_source_age_low,basis_low,False,False,False,False
10018,xemm_0627_t001_hlfast_utc17_c,low_activity_liquidity,xemm_0627_t001_hlfast_utc17_c:10018,would_submit,,pass,-1.03361779,1.03361779,sell,60756.08655288,60757,9.13447116,1.5,touch,Alo,True,0,-0,-1.5,binance_source_age_high,basis_low,False,False,False,False
10019,xemm_0627_t001_hlfast_utc17_c,low_activity_liquidity,xemm_0627_t001_hlfast_utc17_c:10019,would_submit,,pass,-1.0317237,1.0317237,sell,60756.08731052,60757,9.1268948,1.5,touch,Alo,True,0,-0,-1.5,binance_source_age_high,basis_low,False,False,False,False
10050,xemm_0627_t001_hlfast_utc17_c,low_activity_liquidity,xemm_0627_t001_hlfast_utc17_c:10050,would_submit,,pass,1.07375603,1.07375603,buy,60738.92950241,60738,9.29502412,1.5,touch,Alo,True,90,90,88.5,binance_source_age_mid,basis_high,False,False,False,False
10051,xemm_0627_t001_hlfast_utc17_c,low_activity_liquidity,xemm_0627_t001_hlfast_utc17_c:10051,would_submit,,pass,1.0256198,1.0256198,buy,60739.91024792,60739,9.1024792,1.5,touch,Alo,True,80,80,78.5,binance_source_age_low,basis_high,False,False,False,False
10068,xemm_0627_t001_hlfast_utc17_c,low_activity_liquidity,xemm_0627_t001_hlfast_utc17_c:10068,would_submit,,pass,-1.1051045,1.1051045,sell,60751.0579582,60752,9.420418,1.5,touch,Alo,True,0,-0,-1.5,binance_source_age_mid,basis_mid,False,False,False,False
10069,xemm_0627_t001_hlfast_utc17_c,low_activity_liquidity,xemm_0627_t001_hlfast_utc17_c:10069,would_submit,,pass,-1.03448978,1.03448978,sell,60751.08620409,60752,9.13795912,1.5,touch,Alo,True,0,-0,-1.5,binance_source_age_low,basis_mid,False,False,False,False
10070,xemm_0627_t001_hlfast_utc17_c,low_activity_liquidity,xemm_0627_t001_hlfast_utc17_c:10070,would_submit,,pass,-1.10771351,1.10771351,sell,60751.0569146,60752,9.43085404,1.5,touch,Alo,True,0,-0,-1.5,binance_source_age_low,basis_mid,False,False,False,False
10084,xemm_0627_t001_hlfast_utc17_c,low_activity_liquidity,xemm_0627_t001_hlfast_utc17_c:10084,would_submit,,pass,1.02065515,1.02065515,buy,60751.90826206,60751,9.0826206,1.5,touch,Alo,True,0,0,-1.5,binance_source_age_low,basis_low,False,False,False,False
10085,xemm_0627_t001_hlfast_utc17_c,low_activity_liquidity,xemm_0627_t001_hlfast_utc17_c:10085,would_submit,,pass,1.01906303,1.01906303,buy,60751.90762521,60751,9.07625212,1.5,touch,Alo,True,0,0,-1.5,binance_source_age_high,basis_low,False,False,False,False
10088,xemm_0627_t001_hlfast_utc17_c,low_activity_liquidity,xemm_0627_t001_hlfast_utc17_c:10088,would_submit,,pass,1.02267726,1.02267726,buy,60751.9090709,60751,9.09070904,1.5,touch,Alo,True,0,0,-1.5,binance_source_age_high,basis_low,False,False,False,False
10089,xemm_0627_t001_hlfast_utc17_c,low_activity_liquidity,xemm_0627_t001_hlfast_utc17_c:10089,would_submit,,pass,1.02390625,1.02390625,buy,60751.9095625,60751,9.095625,1.5,touch,Alo,True,0,0,-1.5,binance_source_age_low,basis_low,False,False,False,False
10104,xemm_0627_t001_hlfast_utc17_c,low_activity_liquidity,xemm_0627_t001_hlfast_utc17_c:10104,would_submit,,pass,1.01243098,1.01243098,buy,60751.90497239,60751,9.04972392,1.5,touch,Alo,True,0,0,-1.5,binance_source_age_high,basis_mid,False,False,False,False
10121,xemm_0627_t001_hlfast_utc17_c,low_activity_liquidity,xemm_0627_t001_hlfast_utc17_c:10121,would_submit,,pass,-1.13868811,1.13868811,sell,60751.04452476,60752,9.55475244,1.5,touch,Alo,True,0,-0,-1.5,binance_source_age_low,basis_low,False,False,False,False
10165,xemm_0627_t001_hlfast_utc17_c,low_activity_liquidity,xemm_0627_t001_hlfast_utc17_c:10165,would_submit,,pass,1.02460664,1.02460664,buy,60743.90984266,60743,9.09842656,1.5,touch,Alo,True,0,0,-1.5,binance_source_age_high,basis_mid,False,False,False,False
10166,xemm_0627_t001_hlfast_utc17_c,low_activity_liquidity,xemm_0627_t001_hlfast_utc17_c:10166,would_submit,,pass,1.03850575,1.03850575,buy,60743.9154023,60743,9.154023,1.5,touch,Alo,True,0,0,-1.5,binance_source_age_mid,basis_mid,False,False,False,False
10246,xemm_0627_t001_hlfast_utc17_c,low_activity_liquidity,xemm_0627_t001_hlfast_utc17_c:10246,would_submit,,pass,1.0058012,1.0058012,buy,60750.90232048,60750,9.0232048,1.5,touch,Alo,True,0,0,-1.5,binance_source_age_mid,basis_low,False,False,False,False
10257,xemm_0627_t001_hlfast_utc17_c,low_activity_liquidity,xemm_0627_t001_hlfast_utc17_c:10257,would_submit,,pass,-1.08082956,1.08082956,sell,60750.06766818,60751,9.32331824,1.5,touch,Alo,True,0,-0,-1.5,binance_source_age_low,basis_mid,False,False,False,False
10274,xemm_0627_t001_hlfast_utc17_c,low_activity_liquidity,xemm_0627_t001_hlfast_utc17_c:10274,would_submit,,pass,-1.16229954,1.16229954,sell,60750.03508018,60751,9.64919816,1.5,touch,Alo,True,0,-0,-1.5,binance_source_age_low,basis_mid,False,False,False,False
10292,xemm_0627_t001_hlfast_utc17_c,low_activity_liquidity,xemm_0627_t001_hlfast_utc17_c:10292,would_submit,,pass,1.57697086,1.57697086,buy,60751.13078834,60750,11.30788344,1.5,touch,Alo,True,0,0,-1.5,binance_source_age_mid,basis_mid,False,False,False,False
10302,xemm_0627_t001_hlfast_utc17_c,low_activity_liquidity,xemm_0627_t001_hlfast_utc17_c:10302,would_submit,,pass,1.00500708,1.00500708,buy,60751.90200283,60751,9.02002832,1.5,touch,Alo,True,40,40,38.5,binance_source_age_low,basis_high,False,False,False,False
10303,xemm_0627_t001_hlfast_utc17_c,low_activity_liquidity,xemm_0627_t001_hlfast_utc17_c:10303,would_submit,,pass,1.00779056,1.00779056,buy,60752.90311622,60752,9.03116224,1.5,touch,Alo,True,100,100,98.5,binance_source_age_high,basis_high,False,False,False,False
10304,xemm_0627_t001_hlfast_utc17_c,low_activity_liquidity,xemm_0627_t001_hlfast_utc17_c:10304,would_submit,,pass,1.00365935,1.00365935,buy,60755.90146374,60755,9.0146374,1.5,touch,Alo,True,70,70,68.5,binance_source_age_high,basis_high,False,False,False,False
10305,xemm_0627_t001_hlfast_utc17_c,low_activity_liquidity,xemm_0627_t001_hlfast_utc17_c:10305,would_submit,,pass,1.02240609,1.02240609,buy,60762.90896244,60762,9.08962436,1.5,touch,Alo,True,0,0,-1.5,binance_source_age_mid,basis_low,False,False,False,False
10306,xemm_0627_t001_hlfast_utc17_c,low_activity_liquidity,xemm_0627_t001_hlfast_utc17_c:10306,would_submit,,pass,1.03523454,1.03523454,buy,60762.91409382,60762,9.14093816,1.5,touch,Alo,True,0,0,-1.5,binance_source_age_low,basis_low,False,False,False,False
10307,xemm_0627_t001_hlfast_utc17_c,low_activity_liquidity,xemm_0627_t001_hlfast_utc17_c:10307,would_submit,,pass,1.04218895,1.04218895,buy,60762.91687558,60762,9.1687558,1.5,touch,Alo,True,0,0,-1.5,binance_source_age_high,basis_low,False,False,False,False
10308,xemm_0627_t001_hlfast_utc17_c,low_activity_liquidity,xemm_0627_t001_hlfast_utc17_c:10308,would_submit,,pass,1.04100651,1.04100651,buy,60762.9164026,60762,9.16402604,1.5,touch,Alo,True,0,0,-1.5,binance_source_age_low,basis_low,False,False,False,False
10309,xemm_0627_t001_hlfast_utc17_c,low_activity_liquidity,xemm_0627_t001_hlfast_utc17_c:10309,would_submit,,pass,1.0412429,1.0412429,buy,60762.91649716,60762,9.1649716,1.5,touch,Alo,True,0,0,-1.5,binance_source_age_high,basis_low,False,False,False,False
10310,xemm_0627_t001_hlfast_utc17_c,low_activity_liquidity,xemm_0627_t001_hlfast_utc17_c:10310,would_submit,,pass,1.02035423,1.02035423,buy,60762.90814169,60762,9.08141692,1.5,touch,Alo,True,0,0,-1.5,binance_source_age_mid,basis_low,False,False,False,False
10311,xemm_0627_t001_hlfast_utc17_c,low_activity_liquidity,xemm_0627_t001_hlfast_utc17_c:10311,would_submit,,pass,1.04105703,1.04105703,buy,60762.91642281,60762,9.16422812,1.5,touch,Alo,True,0,0,-1.5,binance_source_age_mid,basis_low,False,False,False,False
10312,xemm_0627_t001_hlfast_utc17_c,low_activity_liquidity,xemm_0627_t001_hlfast_utc17_c:10312,would_submit,,pass,1.08539835,1.08539835,buy,60762.93415934,60762,9.3415934,1.5,touch,Alo,True,0,0,-1.5,binance_source_age_high,basis_mid,False,False,False,False
10362,xemm_0627_t001_hlfast_utc17_c,low_activity_liquidity,xemm_0627_t001_hlfast_utc17_c:10362,would_submit,,pass,1.08428224,1.08428224,buy,60764.9337129,60764,9.33712896,1.5,touch,Alo,True,80,80,78.5,binance_source_age_mid,basis_high,False,False,False,False
10368,xemm_0627_t001_hlfast_utc17_c,low_activity_liquidity,xemm_0627_t001_hlfast_utc17_c:10368,would_submit,,pass,1.07716886,1.07716886,buy,60772.93086754,60772,9.30867544,1.5,touch,Alo,True,0,0,-1.5,binance_source_age_mid,basis_high,False,False,False,False
10370,xemm_0627_t001_hlfast_utc17_c,low_activity_liquidity,xemm_0627_t001_hlfast_utc17_c:10370,would_submit,,pass,1.08173531,1.08173531,buy,60772.93269412,60772,9.32694124,1.5,touch,Alo,True,0,0,-1.5,binance_source_age_high,basis_high,False,False,False,False
10371,xemm_0627_t001_hlfast_utc17_c,low_activity_liquidity,xemm_0627_t001_hlfast_utc17_c:10371,would_submit,,pass,1.08134518,1.08134518,buy,60772.93253807,60772,9.32538072,1.5,touch,Alo,True,0,0,-1.5,binance_source_age_high,basis_high,False,False,False,False
10372,xemm_0627_t001_hlfast_utc17_c,low_activity_liquidity,xemm_0627_t001_hlfast_utc17_c:10372,would_submit,,pass,1.05679785,1.05679785,buy,60772.92271914,60772,9.2271914,1.5,touch,Alo,True,0,0,-1.5,binance_source_age_high,basis_high,False,False,False,False
10373,xemm_0627_t001_hlfast_utc17_c,low_activity_liquidity,xemm_0627_t001_hlfast_utc17_c:10373,would_submit,,pass,1.05679189,1.05679189,buy,60772.92271676,60772,9.22716756,1.5,touch,Alo,True,0,0,-1.5,binance_source_age_mid,basis_high,False,False,False,False
10374,xemm_0627_t001_hlfast_utc17_c,low_activity_liquidity,xemm_0627_t001_hlfast_utc17_c:10374,would_submit,,pass,1.02483183,1.02483183,buy,60772.90993273,60772,9.09932732,1.5,touch,Alo,True,0,0,-1.5,binance_source_age_mid,basis_high,False,False,False,False
10386,xemm_0627_t001_hlfast_utc17_c,low_activity_liquidity,xemm_0627_t001_hlfast_utc17_c:10386,would_submit,,pass,-1.12069242,1.12069242,sell,60782.05172303,60783,9.48276968,1.5,touch,Alo,True,0,-0,-1.5,binance_source_age_mid,basis_high,False,False,False,False
10391,xemm_0627_t001_hlfast_utc17_c,low_activity_liquidity,xemm_0627_t001_hlfast_utc17_c:10391,would_submit,,pass,1.46455049,1.46455049,buy,60783.0858202,60782,10.85820196,1.5,touch,Alo,True,0,0,-1.5,binance_source_age_low,basis_low,False,False,False,False
10429,xemm_0627_t001_hlfast_utc17_c,low_activity_liquidity,xemm_0627_t001_hlfast_utc17_c:10429,would_submit,,pass,-1.07297439,1.07297439,sell,60790.07081024,60791,9.29189756,1.5,touch,Alo,True,-20,20,18.5,binance_source_age_high,basis_low,False,False,False,False
10433,xemm_0627_t001_hlfast_utc17_c,low_activity_liquidity,xemm_0627_t001_hlfast_utc17_c:10433,would_submit,,pass,-1.15624408,1.15624408,sell,60788.03750237,60789,9.62497632,1.5,touch,Alo,True,-80,80,78.5,binance_source_age_mid,basis_low,False,False,False,False
10438,xemm_0627_t001_hlfast_utc17_c,low_activity_liquidity,xemm_0627_t001_hlfast_utc17_c:10438,would_submit,,pass,-1.98089311,1.98089311,sell,60779.70764276,60781,12.92357244,1.5,touch,Alo,True,0,-0,-1.5,binance_source_age_low,basis_low,False,False,False,False
10466,xemm_0627_t001_hlfast_utc17_c,low_activity_liquidity,xemm_0627_t001_hlfast_utc17_c:10466,would_submit,,pass,-1.07570712,1.07570712,sell,60775.06971715,60776,9.30282848,1.5,touch,Alo,True,0,-0,-1.5,binance_source_age_mid,basis_mid,False,False,False,False
10467,xemm_0627_t001_hlfast_utc17_c,low_activity_liquidity,xemm_0627_t001_hlfast_utc17_c:10467,would_submit,,pass,-1.15154874,1.15154874,sell,60775.0393805,60776,9.60619496,1.5,touch,Alo,True,0,-0,-1.5,binance_source_age_low,basis_mid,False,False,False,False
10468,xemm_0627_t001_hlfast_utc17_c,low_activity_liquidity,xemm_0627_t001_hlfast_utc17_c:10468,would_submit,,pass,-1.14351273,1.14351273,sell,60775.04259491,60776,9.57405092,1.5,touch,Alo,True,0,-0,-1.5,binance_source_age_high,basis_mid,False,False,False,False
10469,xemm_0627_t001_hlfast_utc17_c,low_activity_liquidity,xemm_0627_t001_hlfast_utc17_c:10469,would_submit,,pass,-1.14632446,1.14632446,sell,60775.04147022,60776,9.58529784,1.5,touch,Alo,True,0,-0,-1.5,binance_source_age_low,basis_mid,False,False,False,False
10471,xemm_0627_t001_hlfast_utc17_c,low_activity_liquidity,xemm_0627_t001_hlfast_utc17_c:10471,would_submit,,pass,1.01222562,1.01222562,buy,60775.90489025,60775,9.04890248,1.5,touch,Alo,True,0,0,-1.5,binance_source_age_low,basis_mid,False,False,False,False
10472,xemm_0627_t001_hlfast_utc17_c,low_activity_liquidity,xemm_0627_t001_hlfast_utc17_c:10472,would_submit,,pass,1.01583137,1.01583137,buy,60775.90633255,60775,9.06332548,1.5,touch,Alo,True,0,0,-1.5,binance_source_age_high,basis_mid,False,False,False,False
10503,xemm_0627_t001_hlfast_utc17_c,low_activity_liquidity,xemm_0627_t001_hlfast_utc17_c:10503,would_submit,,pass,1.06574938,1.06574938,buy,60775.92629975,60775,9.26299752,1.5,touch,Alo,True,0,0,-1.5,binance_source_age_high,basis_mid,False,False,False,False
10504,xemm_0627_t001_hlfast_utc17_c,low_activity_liquidity,xemm_0627_t001_hlfast_utc17_c:10504,would_submit,,pass,1.06694637,1.06694637,buy,60775.92677855,60775,9.26778548,1.5,touch,Alo,True,0,0,-1.5,binance_source_age_high,basis_mid,False,False,False,False
10527,xemm_0627_t001_hlfast_utc17_c,low_activity_liquidity,xemm_0627_t001_hlfast_utc17_c:10527,would_submit,,pass,1.05016638,1.05016638,buy,60788.92006655,60788,9.20066552,1.5,touch,Alo,True,40,40,38.5,binance_source_age_mid,basis_mid,False,False,False,False
10528,xemm_0627_t001_hlfast_utc17_c,low_activity_liquidity,xemm_0627_t001_hlfast_utc17_c:10528,would_submit,,pass,1.09000129,1.09000129,buy,60788.93600052,60788,9.36000516,1.5,touch,Alo,True,40,40,38.5,binance_source_age_low,basis_mid,False,False,False,False
10531,xemm_0627_t001_hlfast_utc17_c,low_activity_liquidity,xemm_0627_t001_hlfast_utc17_c:10531,would_submit,,pass,-1.00567396,1.00567396,sell,60792.09773042,60793,9.02269584,1.5,touch,Alo,True,0,-0,-1.5,binance_source_age_high,basis_low,False,False,False,False
10532,xemm_0627_t001_hlfast_utc17_c,low_activity_liquidity,xemm_0627_t001_hlfast_utc17_c:10532,would_submit,,pass,-1.13213253,1.13213253,sell,60792.04714699,60793,9.52853012,1.5,touch,Alo,True,0,-0,-1.5,binance_source_age_mid,basis_low,False,False,False,False
10533,xemm_0627_t001_hlfast_utc17_c,low_activity_liquidity,xemm_0627_t001_hlfast_utc17_c:10533,would_submit,,pass,-1.12942179,1.12942179,sell,60792.04823128,60793,9.51768716,1.5,touch,Alo,True,0,-0,-1.5,binance_source_age_mid,basis_low,False,False,False,False
10534,xemm_0627_t001_hlfast_utc17_c,low_activity_liquidity,xemm_0627_t001_hlfast_utc17_c:10534,would_submit,,pass,-1.13006336,1.13006336,sell,60792.04797466,60793,9.52025344,1.5,touch,Alo,True,0,-0,-1.5,binance_source_age_low,basis_low,False,False,False,False
10535,xemm_0627_t001_hlfast_utc17_c,low_activity_liquidity,xemm_0627_t001_hlfast_utc17_c:10535,would_submit,,pass,-1.12799084,1.12799084,sell,60792.04880366,60793,9.51196336,1.5,touch,Alo,True,-10,10,8.5,binance_source_age_high,basis_low,False,False,False,False
10536,xemm_0627_t001_hlfast_utc17_c,low_activity_liquidity,xemm_0627_t001_hlfast_utc17_c:10536,would_submit,,pass,-1.12679964,1.12679964,sell,60792.04928014,60793,9.50719856,1.5,touch,Alo,True,-10,10,8.5,binance_source_age_high,basis_low,False,False,False,False
10537,xemm_0627_t001_hlfast_utc17_c,low_activity_liquidity,xemm_0627_t001_hlfast_utc17_c:10537,would_submit,,pass,-1.12594319,1.12594319,sell,60791.04962272,60792,9.50377276,1.5,touch,Alo,True,0,-0,-1.5,binance_source_age_mid,basis_mid,False,False,False,False
10538,xemm_0627_t001_hlfast_utc17_c,low_activity_liquidity,xemm_0627_t001_hlfast_utc17_c:10538,would_submit,,pass,-1.12815561,1.12815561,sell,60791.04873776,60792,9.51262244,1.5,touch,Alo,True,0,-0,-1.5,binance_source_age_low,basis_mid,False,False,False,False
10539,xemm_0627_t001_hlfast_utc17_c,low_activity_liquidity,xemm_0627_t001_hlfast_utc17_c:10539,would_submit,,pass,-1.13060582,1.13060582,sell,60791.04775767,60792,9.52242328,1.5,touch,Alo,True,0,-0,-1.5,binance_source_age_low,basis_mid,False,False,False,False
10540,xemm_0627_t001_hlfast_utc17_c,low_activity_liquidity,xemm_0627_t001_hlfast_utc17_c:10540,would_submit,,pass,-1.03531909,1.03531909,sell,60791.08587236,60792,9.14127636,1.5,touch,Alo,True,0,-0,-1.5,binance_source_age_low,basis_mid,False,False,False,False
10547,xemm_0627_t001_hlfast_utc17_c,low_activity_liquidity,xemm_0627_t001_hlfast_utc17_c:10547,would_submit,,pass,-1.14808511,1.14808511,sell,60791.04076596,60792,9.59234044,1.5,touch,Alo,True,0,-0,-1.5,binance_source_age_high,basis_mid,False,False,False,False
10548,xemm_0627_t001_hlfast_utc17_c,low_activity_liquidity,xemm_0627_t001_hlfast_utc17_c:10548,would_submit,,pass,-1.15151111,1.15151111,sell,60791.03939556,60792,9.60604444,1.5,touch,Alo,True,0,-0,-1.5,binance_source_age_mid,basis_mid,False,False,False,False
10549,xemm_0627_t001_hlfast_utc17_c,low_activity_liquidity,xemm_0627_t001_hlfast_utc17_c:10549,would_submit,,pass,-1.163108,1.163108,sell,60791.0347568,60792,9.652432,1.5,touch,Alo,True,0,-0,-1.5,binance_source_age_low,basis_mid,False,False,False,False
10550,xemm_0627_t001_hlfast_utc17_c,low_activity_liquidity,xemm_0627_t001_hlfast_utc17_c:10550,would_submit,,pass,-2.20189857,2.20189857,sell,60790.61924057,60792,13.80759428,1.5,touch,Alo,True,0,-0,-1.5,binance_source_age_low,basis_low,False,False,False,False
10568,xemm_0627_t001_hlfast_utc17_c,low_activity_liquidity,xemm_0627_t001_hlfast_utc17_c:10568,would_submit,,pass,1.09219015,1.09219015,buy,60789.93687606,60789,9.3687606,1.5,touch,Alo,True,0,0,-1.5,binance_source_age_high,basis_low,False,False,False,False
10570,xemm_0627_t001_hlfast_utc17_c,low_activity_liquidity,xemm_0627_t001_hlfast_utc17_c:10570,would_submit,,pass,1.05356211,1.05356211,buy,60789.92142484,60789,9.21424844,1.5,touch,Alo,True,0,0,-1.5,binance_source_age_low,basis_low,False,False,False,False
10571,xemm_0627_t001_hlfast_utc17_c,low_activity_liquidity,xemm_0627_t001_hlfast_utc17_c:10571,would_submit,,pass,1.04800948,1.04800948,buy,60789.91920379,60789,9.19203792,1.5,touch,Alo,True,0,0,-1.5,binance_source_age_high,basis_low,False,False,False,False
10622,xemm_0627_t001_hlfast_utc17_c,low_activity_liquidity,xemm_0627_t001_hlfast_utc17_c:10622,would_submit,,pass,1.03187919,1.03187919,buy,60788.91275168,60788,9.12751676,1.5,touch,Alo,True,0,0,-1.5,binance_source_age_low,basis_low,False,False,False,False
10623,xemm_0627_t001_hlfast_utc17_c,low_activity_liquidity,xemm_0627_t001_hlfast_utc17_c:10623,would_submit,,pass,1.03121638,1.03121638,buy,60788.91248655,60788,9.12486552,1.5,touch,Alo,True,0,0,-1.5,binance_source_age_high,basis_low,False,False,False,False
10624,xemm_0627_t001_hlfast_utc17_c,low_activity_liquidity,xemm_0627_t001_hlfast_utc17_c:10624,would_submit,,pass,1.02955358,1.02955358,buy,60788.91182143,60788,9.11821432,1.5,touch,Alo,True,0,0,-1.5,binance_source_age_mid,basis_low,False,False,False,False
10625,xemm_0627_t001_hlfast_utc17_c,low_activity_liquidity,xemm_0627_t001_hlfast_utc17_c:10625,would_submit,,pass,1.02847819,1.02847819,buy,60788.91139128,60788,9.11391276,1.5,touch,Alo,True,0,0,-1.5,binance_source_age_mid,basis_low,False,False,False,False
