event_sequence,source_channel,source_event_exchange_time_ms,source_local_receive_ts_ns,exchange_time_delta_from_previous_ms,local_receive_delta_from_previous_ms,exchange_time_regressed_from_previous,previous_l2_event_sequence,previous_l2_exchange_time_ms,latest_l2_age_ms_by_exchange_time,previous_trade_event_sequence,previous_trade_exchange_time_ms,latest_trade_age_ms_by_exchange_time,next_l2_event_sequence,next_l2_exchange_time_ms,next_l2_delta_ms_by_exchange_time,next_trade_event_sequence,next_trade_exchange_time_ms,next_trade_delta_ms_by_exchange_time,local_receive_ordering_status,exchange_time_ordering_status,bbo_history_count_proxy_from_candidate_events,bbo_history_span_ms_proxy,freshness_source,fresh_touch_evidence_status,top_reset_status,skip_reason
1,l2Book,1782283106232,1782283106958865637,,,False,,,,,,,3,1782283108940,2708,2,1782283106096,-136,latest_l2_received_before_or_at_candidate,no_l2_visible,1,0,synthetic_current_event_only,block,missing,missing_same_side_strict_through_support;missing_touch_freshness_or_queue_reset_evidence;missing_recent_same_side_at_or_through_throughput
2,trades,1782283106096,1782283106959899105,-136,1.033468,True,1,1782283106232,-136,,,,3,1782283108940,2844,4,1782283109007,2911,latest_l2_received_before_or_at_candidate,latest_l2_exchange_time_after_candidate_visible_by_local_receive,1,0,synthetic_current_event_only,block,missing,missing_same_side_strict_through_support;missing_touch_freshness_or_queue_reset_evidence
3,l2Book,1782283108940,1782283109213810146,2844,2253.911041,False,1,1782283106232,2708,2,1782283106096,2844,5,1782283114309,5369,4,1782283109007,67,latest_l2_received_before_or_at_candidate,latest_l2_exchange_time_before_candidate,2,2708,real_bbo_history_touch_stability,pass,not_reset,missing_same_side_strict_through_support
4,trades,1782283109007,1782283109271548315,67,57.738169,False,3,1782283108940,67,2,1782283106096,2911,5,1782283114309,5302,6,1782283118006,8999,latest_l2_received_before_or_at_candidate,latest_l2_exchange_time_before_candidate,2,2775,real_bbo_history_touch_stability,pass,not_reset,missing_same_side_strict_through_support
5,l2Book,1782283114309,1782283114572187100,5302,5300.638785,False,3,1782283108940,5369,4,1782283109007,5302,8,1782283119683,5374,6,1782283118006,3697,latest_l2_received_before_or_at_candidate,latest_l2_exchange_time_before_candidate,3,8077,real_bbo_history_touch_stability,pass,reset_supported,missing_same_side_strict_through_support;missing_recent_same_side_at_or_through_throughput
6,trades,1782283118006,1782283118251388334,3697,3679.201234,False,5,1782283114309,3697,4,1782283109007,8999,8,1782283119683,1677,7,1782283118689,683,latest_l2_received_before_or_at_candidate,latest_l2_exchange_time_before_candidate,3,11774,real_bbo_history_touch_stability,pass,reset_supported,missing_same_side_strict_through_support;missing_recent_same_side_at_or_through_throughput
7,trades,1782283118689,1782283119018258493,683,766.870159,False,5,1782283114309,4380,6,1782283118006,683,8,1782283119683,994,9,1782283121162,2473,latest_l2_received_before_or_at_candidate,latest_l2_exchange_time_before_candidate,3,12457,real_bbo_history_touch_stability,pass,reset_supported,missing_same_side_strict_through_support;missing_recent_same_side_at_or_through_throughput
8,l2Book,1782283119683,1782283119966204350,994,947.945857,False,5,1782283114309,5374,7,1782283118689,994,12,1782283125107,5424,9,1782283121162,1479,latest_l2_received_before_or_at_candidate,latest_l2_exchange_time_before_candidate,4,13451,real_bbo_history_touch_stability,pass,reset_supported,missing_same_side_strict_through_support;missing_recent_same_side_at_or_through_throughput
9,trades,1782283121162,1782283121347215039,1479,1381.010689,False,8,1782283119683,1479,7,1782283118689,2473,12,1782283125107,3945,10,1782283122585,1423,latest_l2_received_before_or_at_candidate,latest_l2_exchange_time_before_candidate,4,14930,real_bbo_history_touch_stability,pass,reset_supported,
10,trades,1782283122585,1782283122800245957,1423,1453.030918,False,8,1782283119683,2902,9,1782283121162,1423,12,1782283125107,2522,11,1782283124035,1450,latest_l2_received_before_or_at_candidate,latest_l2_exchange_time_before_candidate,4,16353,real_bbo_history_touch_stability,pass,reset_supported,
11,trades,1782283124035,1782283124287830096,1450,1487.584139,False,8,1782283119683,4352,10,1782283122585,1450,12,1782283125107,1072,13,1782283128066,4031,latest_l2_received_before_or_at_candidate,latest_l2_exchange_time_before_candidate,4,17803,real_bbo_history_touch_stability,pass,reset_supported,
12,l2Book,1782283125107,1782283125426949813,1072,1139.119717,False,8,1782283119683,5424,11,1782283124035,1072,14,1782283130417,5310,13,1782283128066,2959,latest_l2_received_before_or_at_candidate,latest_l2_exchange_time_before_candidate,5,18875,real_bbo_history_insufficient,block,missing,missing_same_side_strict_through_support;missing_touch_freshness_or_queue_reset_evidence
13,trades,1782283128066,1782283128317879801,2959,2890.929988,False,12,1782283125107,2959,11,1782283124035,4031,14,1782283130417,2351,15,1782283131036,2970,latest_l2_received_before_or_at_candidate,latest_l2_exchange_time_before_candidate,5,21834,real_bbo_history_touch_stability,pass,missing,missing_same_side_strict_through_support
14,l2Book,1782283130417,1782283130681507034,2351,2363.627233,False,12,1782283125107,5310,13,1782283128066,2351,18,1782283135829,5412,15,1782283131036,619,latest_l2_received_before_or_at_candidate,latest_l2_exchange_time_before_candidate,6,24185,real_bbo_history_touch_stability,pass,reset_supported,missing_same_side_strict_through_support
15,trades,1782283131036,1782283131295321558,619,613.814524,False,14,1782283130417,619,13,1782283128066,2970,18,1782283135829,4793,16,1782283132060,1024,latest_l2_received_before_or_at_candidate,latest_l2_exchange_time_before_candidate,6,24804,real_bbo_history_touch_stability,pass,reset_supported,missing_same_side_strict_through_support
16,trades,1782283132060,1782283132371323926,1024,1076.002368,False,14,1782283130417,1643,15,1782283131036,1024,18,1782283135829,3769,17,1782283135002,2942,latest_l2_received_before_or_at_candidate,latest_l2_exchange_time_before_candidate,6,25828,real_bbo_history_touch_stability,pass,reset_supported,missing_same_side_strict_through_support
17,trades,1782283135002,1782283135258894197,2942,2887.570271,False,14,1782283130417,4585,16,1782283132060,2942,18,1782283135829,827,19,1782283139002,4000,latest_l2_received_before_or_at_candidate,latest_l2_exchange_time_before_candidate,6,28770,real_bbo_history_touch_stability,pass,reset_supported,missing_same_side_strict_through_support
18,l2Book,1782283135829,1782283136141476447,827,882.58225,False,14,1782283130417,5412,17,1782283135002,827,20,1782283141191,5362,19,1782283139002,3173,latest_l2_received_before_or_at_candidate,latest_l2_exchange_time_before_candidate,7,29597,real_bbo_history_touch_stability,pass,reset_supported,missing_same_side_strict_through_support
19,trades,1782283139002,1782283139240886736,3173,3099.410289,False,18,1782283135829,3173,17,1782283135002,4000,20,1782283141191,2189,21,1782283145927,6925,latest_l2_received_before_or_at_candidate,latest_l2_exchange_time_before_candidate,7,32770,real_bbo_history_touch_stability,pass,reset_supported,missing_same_side_strict_through_support;missing_recent_same_side_at_or_through_throughput
20,l2Book,1782283141191,1782283141508323020,2189,2267.436284,False,18,1782283135829,5362,19,1782283139002,2189,22,1782283146614,5423,21,1782283145927,4736,latest_l2_received_before_or_at_candidate,latest_l2_exchange_time_before_candidate,8,34959,real_bbo_history_touch_stability,pass,reset_supported,missing_same_side_strict_through_support;missing_recent_same_side_at_or_through_throughput
21,trades,1782283145927,1782283146112464670,4736,4604.14165,False,20,1782283141191,4736,19,1782283139002,6925,22,1782283146614,687,23,1782283148037,2110,latest_l2_received_before_or_at_candidate,latest_l2_exchange_time_before_candidate,8,39695,real_bbo_history_touch_stability,pass,reset_supported,missing_same_side_strict_through_support;missing_recent_same_side_at_or_through_throughput
22,l2Book,1782283146614,1782283146839279124,687,726.814454,False,20,1782283141191,5423,21,1782283145927,687,26,1782283151988,5374,23,1782283148037,1423,latest_l2_received_before_or_at_candidate,latest_l2_exchange_time_before_candidate,9,40382,real_bbo_history_touch_stability,pass,reset_supported,missing_same_side_strict_through_support;missing_recent_same_side_at_or_through_throughput
23,trades,1782283148037,1782283148288419915,1423,1449.140791,False,22,1782283146614,1423,21,1782283145927,2110,26,1782283151988,3951,24,1782283149456,1419,latest_l2_received_before_or_at_candidate,latest_l2_exchange_time_before_candidate,9,41805,real_bbo_history_touch_stability,pass,reset_supported,missing_same_side_strict_through_support;missing_recent_same_side_at_or_through_throughput
24,trades,1782283149456,1782283149646032676,1419,1357.612761,False,22,1782283146614,2842,23,1782283148037,1419,26,1782283151988,2532,25,1782283151151,1695,latest_l2_received_before_or_at_candidate,latest_l2_exchange_time_before_candidate,9,43224,real_bbo_history_touch_stability,pass,reset_supported,missing_same_side_strict_through_support
25,trades,1782283151151,1782283151384680761,1695,1738.648085,False,22,1782283146614,4537,24,1782283149456,1695,26,1782283151988,837,27,1782283153675,2524,latest_l2_received_before_or_at_candidate,latest_l2_exchange_time_before_candidate,9,44919,real_bbo_history_touch_stability,pass,reset_supported,missing_same_side_strict_through_support
26,l2Book,1782283151988,1782283152278066168,837,893.385407,False,22,1782283146614,5374,25,1782283151151,837,30,1782283157394,5406,27,1782283153675,1687,latest_l2_received_before_or_at_candidate,latest_l2_exchange_time_before_candidate,10,45756,real_bbo_history_insufficient,block,missing,missing_same_side_strict_through_support;missing_touch_freshness_or_queue_reset_evidence;missing_recent_same_side_at_or_through_throughput
27,trades,1782283153675,1782283154149936271,1687,1871.870103,False,26,1782283151988,1687,25,1782283151151,2524,30,1782283157394,3719,28,1782283153731,56,latest_l2_received_before_or_at_candidate,latest_l2_exchange_time_before_candidate,10,47443,real_bbo_history_touch_stability,pass,missing,missing_same_side_strict_through_support
28,trades,1782283153731,1782283154150267847,56,0.331576,False,26,1782283151988,1743,27,1782283153675,56,30,1782283157394,3663,29,1782283154003,272,latest_l2_received_before_or_at_candidate,latest_l2_exchange_time_before_candidate,10,47499,real_bbo_history_touch_stability,pass,missing,missing_same_side_strict_through_support
29,trades,1782283154003,1782283154238358112,272,88.090265,False,26,1782283151988,2015,28,1782283153731,272,30,1782283157394,3391,31,1782283158000,3997,latest_l2_received_before_or_at_candidate,latest_l2_exchange_time_before_candidate,10,47771,real_bbo_history_touch_stability,pass,missing,missing_same_side_strict_through_support
30,l2Book,1782283157394,1782283157708174712,3391,3469.8166,False,26,1782283151988,5406,29,1782283154003,3391,36,1782283162697,5303,31,1782283158000,606,latest_l2_received_before_or_at_candidate,latest_l2_exchange_time_before_candidate,11,51162,real_bbo_history_touch_stability,pass,reset_supported,missing_same_side_strict_through_support;missing_recent_same_side_at_or_through_throughput
31,trades,1782283158000,1782283158309109354,606,600.934642,False,30,1782283157394,606,29,1782283154003,3997,36,1782283162697,4697,32,1782283161001,3001,latest_l2_received_before_or_at_candidate,latest_l2_exchange_time_before_candidate,11,51768,real_bbo_history_touch_stability,pass,reset_supported,missing_same_side_strict_through_support
32,trades,1782283161001,1782283161244406217,3001,2935.296863,False,30,1782283157394,3607,31,1782283158000,3001,36,1782283162697,1696,33,1782283161348,347,latest_l2_received_before_or_at_candidate,latest_l2_exchange_time_before_candidate,11,54769,real_bbo_history_touch_stability,pass,reset_supported,missing_same_side_strict_through_support;missing_recent_same_side_at_or_through_throughput
33,trades,1782283161348,1782283161543061530,347,298.655313,False,30,1782283157394,3954,32,1782283161001,347,36,1782283162697,1349,34,1782283161886,538,latest_l2_received_before_or_at_candidate,latest_l2_exchange_time_before_candidate,11,55116,real_bbo_history_touch_stability,pass,reset_supported,missing_same_side_strict_through_support
34,trades,1782283161886,1782283162071611323,538,528.549793,False,30,1782283157394,4492,33,1782283161348,538,36,1782283162697,811,35,1782283162020,134,latest_l2_received_before_or_at_candidate,latest_l2_exchange_time_before_candidate,11,55654,real_bbo_history_touch_stability,pass,reset_supported,missing_same_side_strict_through_support
35,trades,1782283162020,1782283162270410273,134,198.79895,False,30,1782283157394,4626,34,1782283161886,134,36,1782283162697,677,37,1782283164888,2868,latest_l2_received_before_or_at_candidate,latest_l2_exchange_time_before_candidate,11,55788,real_bbo_history_touch_stability,pass,reset_supported,missing_same_side_strict_through_support
36,l2Book,1782283162697,1782283162987757621,677,717.347348,False,30,1782283157394,5303,35,1782283162020,677,40,1782283168128,5431,37,1782283164888,2191,latest_l2_received_before_or_at_candidate,latest_l2_exchange_time_before_candidate,12,56465,real_bbo_history_touch_stability,pass,not_reset,missing_same_side_strict_through_support
37,trades,1782283164888,1782283165190844939,2191,2203.087318,False,36,1782283162697,2191,35,1782283162020,2868,40,1782283168128,3240,38,1782283165025,137,latest_l2_received_before_or_at_candidate,latest_l2_exchange_time_before_candidate,12,58656,real_bbo_history_touch_stability,pass,not_reset,missing_same_side_strict_through_support
38,trades,1782283165025,1782283165303892797,137,113.047858,False,36,1782283162697,2328,37,1782283164888,137,40,1782283168128,3103,39,1782283166505,1480,latest_l2_received_before_or_at_candidate,latest_l2_exchange_time_before_candidate,12,58793,real_bbo_history_touch_stability,pass,not_reset,outside_quality_a_b_queue_bands
39,trades,1782283166505,1782283166852469687,1480,1548.57689,False,36,1782283162697,3808,38,1782283165025,1480,40,1782283168128,1623,41,1782283169017,2512,latest_l2_received_before_or_at_candidate,latest_l2_exchange_time_before_candidate,12,60273,real_bbo_history_touch_stability,pass,not_reset,outside_quality_a_b_queue_bands
40,l2Book,1782283168128,1782283168429691946,1623,1577.222259,False,36,1782283162697,5431,39,1782283166505,1623,44,1782283173546,5418,41,1782283169017,889,latest_l2_received_before_or_at_candidate,latest_l2_exchange_time_before_candidate,13,61896,real_bbo_history_insufficient,block,missing,missing_same_side_strict_through_support;missing_touch_freshness_or_queue_reset_evidence;missing_recent_same_side_at_or_through_throughput
41,trades,1782283169017,1782283169251372848,889,821.680902,False,40,1782283168128,889,39,1782283166505,2512,44,1782283173546,4529,42,1782283169975,958,latest_l2_received_before_or_at_candidate,latest_l2_exchange_time_before_candidate,13,62785,real_bbo_history_touch_stability,pass,missing,missing_same_side_strict_through_support;missing_recent_same_side_at_or_through_throughput
42,trades,1782283169975,1782283170168961597,958,917.588749,False,40,1782283168128,1847,41,1782283169017,958,44,1782283173546,3571,43,1782283172390,2415,latest_l2_received_before_or_at_candidate,latest_l2_exchange_time_before_candidate,13,63743,real_bbo_history_touch_stability,pass,missing,
43,trades,1782283172390,1782283172572837786,2415,2403.876189,False,40,1782283168128,4262,42,1782283169975,2415,44,1782283173546,1156,45,1782283176140,3750,latest_l2_received_before_or_at_candidate,latest_l2_exchange_time_before_candidate,13,66158,real_bbo_history_touch_stability,pass,missing,
44,l2Book,1782283173546,1782283173840135441,1156,1267.297655,False,40,1782283168128,5418,43,1782283172390,1156,48,1782283178925,5379,45,1782283176140,2594,latest_l2_received_before_or_at_candidate,latest_l2_exchange_time_before_candidate,14,67314,real_bbo_history_insufficient,block,missing,missing_same_side_strict_through_support;missing_touch_freshness_or_queue_reset_evidence
45,trades,1782283176140,1782283176444028493,2594,2603.893052,False,44,1782283173546,2594,43,1782283172390,3750,48,1782283178925,2785,46,1782283177145,1005,latest_l2_received_before_or_at_candidate,latest_l2_exchange_time_before_candidate,14,69908,real_bbo_history_touch_stability,pass,missing,missing_same_side_strict_through_support
46,trades,1782283177145,1782283177356754809,1005,912.726316,False,44,1782283173546,3599,45,1782283176140,1005,48,1782283178925,1780,47,1782283178028,883,latest_l2_received_before_or_at_candidate,latest_l2_exchange_time_before_candidate,14,70913,real_bbo_history_touch_stability,pass,missing,missing_same_side_strict_through_support
47,trades,1782283178028,1782283178291023297,883,934.268488,False,44,1782283173546,4482,46,1782283177145,883,48,1782283178925,897,49,1782283183289,5261,latest_l2_received_before_or_at_candidate,latest_l2_exchange_time_before_candidate,14,71796,real_bbo_history_touch_stability,pass,missing,missing_same_side_strict_through_support
48,l2Book,1782283178925,1782283179406680230,897,1115.656933,False,44,1782283173546,5379,47,1782283178028,897,55,1782283184425,5500,49,1782283183289,4364,latest_l2_received_before_or_at_candidate,latest_l2_exchange_time_before_candidate,15,72693,real_bbo_history_insufficient,block,missing,missing_same_side_strict_through_support;missing_touch_freshness_or_queue_reset_evidence;missing_recent_same_side_at_or_through_throughput
49,trades,1782283183289,1782283183601173751,4364,4194.493521,False,48,1782283178925,4364,47,1782283178028,5261,55,1782283184425,1136,50,1782283183452,163,latest_l2_received_before_or_at_candidate,latest_l2_exchange_time_before_candidate,15,77057,real_bbo_history_touch_stability,pass,missing,missing_same_side_strict_through_support;missing_recent_same_side_at_or_through_throughput
50,trades,1782283183452,1782283183674038266,163,72.864515,False,48,1782283178925,4527,49,1782283183289,163,55,1782283184425,973,51,1782283183709,257,latest_l2_received_before_or_at_candidate,latest_l2_exchange_time_before_candidate,15,77220,real_bbo_history_touch_stability,pass,missing,missing_same_side_strict_through_support;missing_recent_same_side_at_or_through_throughput
51,trades,1782283183709,1782283183907288723,257,233.250457,False,48,1782283178925,4784,50,1782283183452,257,55,1782283184425,716,52,1782283183848,139,latest_l2_received_before_or_at_candidate,latest_l2_exchange_time_before_candidate,15,77477,real_bbo_history_touch_stability,pass,missing,missing_same_side_strict_through_support;missing_recent_same_side_at_or_through_throughput
52,trades,1782283183848,1782283184349980172,139,442.691449,False,48,1782283178925,4923,51,1782283183709,139,55,1782283184425,577,53,1782283184045,197,latest_l2_received_before_or_at_candidate,latest_l2_exchange_time_before_candidate,15,77616,real_bbo_history_touch_stability,pass,missing,missing_same_side_strict_through_support;missing_recent_same_side_at_or_through_throughput
53,trades,1782283184045,1782283184516150063,197,166.169891,False,48,1782283178925,5120,52,1782283183848,197,55,1782283184425,380,54,1782283184425,380,latest_l2_received_before_or_at_candidate,latest_l2_exchange_time_before_candidate,15,77813,real_bbo_history_stale,block,missing,missing_same_side_strict_through_support;missing_touch_freshness_or_queue_reset_evidence;missing_recent_same_side_at_or_through_throughput
54,trades,1782283184425,1782283184748312717,380,232.162654,False,48,1782283178925,5500,53,1782283184045,380,55,1782283184425,0,56,1782283185409,984,latest_l2_received_before_or_at_candidate,latest_l2_exchange_time_before_candidate,15,78193,real_bbo_history_stale,block,missing,missing_same_side_strict_through_support;missing_touch_freshness_or_queue_reset_evidence;missing_recent_same_side_at_or_through_throughput
55,l2Book,1782283184425,1782283184748688158,0,0.375441,False,48,1782283178925,5500,54,1782283184425,0,59,1782283189831,5406,56,1782283185409,984,latest_l2_received_before_or_at_candidate,latest_l2_exchange_time_before_candidate,16,78193,real_bbo_history_insufficient,block,missing,missing_same_side_strict_through_support;missing_touch_freshness_or_queue_reset_evidence
56,trades,1782283185409,1782283185623468808,984,874.78065,False,55,1782283184425,984,54,1782283184425,984,59,1782283189831,4422,57,1782283186814,1405,latest_l2_received_before_or_at_candidate,latest_l2_exchange_time_before_candidate,16,79177,real_bbo_history_touch_stability,pass,missing,missing_same_side_strict_through_support
57,trades,1782283186814,1782283187000055057,1405,1376.586249,False,55,1782283184425,2389,56,1782283185409,1405,59,1782283189831,3017,58,1782283188025,1211,latest_l2_received_before_or_at_candidate,latest_l2_exchange_time_before_candidate,16,80582,real_bbo_history_touch_stability,pass,missing,missing_same_side_strict_through_support
58,trades,1782283188025,1782283188302394960,1211,1302.339903,False,55,1782283184425,3600,57,1782283186814,1211,59,1782283189831,1806,60,1782283191063,3038,latest_l2_received_before_or_at_candidate,latest_l2_exchange_time_before_candidate,16,81793,real_bbo_history_touch_stability,pass,missing,missing_same_side_strict_through_support
59,l2Book,1782283189831,1782283190111909944,1806,1809.514984,False,55,1782283184425,5406,58,1782283188025,1806,64,1782283195268,5437,60,1782283191063,1232,latest_l2_received_before_or_at_candidate,latest_l2_exchange_time_before_candidate,17,83599,real_bbo_history_touch_stability,pass,reset_supported,missing_same_side_strict_through_support
60,trades,1782283191063,1782283191320528235,1232,1208.618291,False,59,1782283189831,1232,58,1782283188025,3038,64,1782283195268,4205,61,1782283191545,482,latest_l2_received_before_or_at_candidate,latest_l2_exchange_time_before_candidate,17,84831,real_bbo_history_touch_stability,pass,reset_supported,missing_same_side_strict_through_support;missing_recent_same_side_at_or_through_throughput
61,trades,1782283191545,1782283191748348500,482,427.820265,False,59,1782283189831,1714,60,1782283191063,482,64,1782283195268,3723,62,1782283192013,468,latest_l2_received_before_or_at_candidate,latest_l2_exchange_time_before_candidate,17,85313,real_bbo_history_touch_stability,pass,reset_supported,missing_same_side_strict_through_support;missing_recent_same_side_at_or_through_throughput
62,trades,1782283192013,1782283192363320658,468,614.972158,False,59,1782283189831,2182,61,1782283191545,468,64,1782283195268,3255,63,1782283195068,3055,latest_l2_received_before_or_at_candidate,latest_l2_exchange_time_before_candidate,17,85781,real_bbo_history_touch_stability,pass,reset_supported,missing_same_side_strict_through_support
63,trades,1782283195068,1782283195316202893,3055,2952.882235,False,59,1782283189831,5237,62,1782283192013,3055,64,1782283195268,200,65,1782283199032,3964,latest_l2_received_before_or_at_candidate,latest_l2_exchange_time_before_candidate,17,88836,real_bbo_history_stale,block,reset_supported,missing_same_side_strict_through_support;missing_touch_freshness_or_queue_reset_evidence
64,l2Book,1782283195268,1782283195557791800,200,241.588907,False,59,1782283189831,5437,63,1782283195068,200,66,1782283200620,5352,65,1782283199032,3764,latest_l2_received_before_or_at_candidate,latest_l2_exchange_time_before_candidate,18,89036,real_bbo_history_touch_stability,pass,reset_supported,missing_same_side_strict_through_support
65,trades,1782283199032,1782283199406386425,3764,3848.594625,False,64,1782283195268,3764,63,1782283195068,3964,66,1782283200620,1588,68,1782283206579,7547,latest_l2_received_before_or_at_candidate,latest_l2_exchange_time_before_candidate,18,92800,real_bbo_history_touch_stability,pass,reset_supported,missing_same_side_strict_through_support;missing_recent_same_side_at_or_through_throughput
66,l2Book,1782283200620,1782283200921473957,1588,1515.087532,False,64,1782283195268,5352,65,1782283199032,1588,67,1782283205994,5374,68,1782283206579,5959,latest_l2_received_before_or_at_candidate,latest_l2_exchange_time_before_candidate,19,94388,real_bbo_history_insufficient,block,missing,missing_same_side_strict_through_support;missing_touch_freshness_or_queue_reset_evidence;missing_recent_same_side_at_or_through_throughput
67,l2Book,1782283205994,1782283206276584296,5374,5355.110339,False,66,1782283200620,5374,65,1782283199032,6962,71,1782283211388,5394,68,1782283206579,585,latest_l2_received_before_or_at_candidate,latest_l2_exchange_time_before_candidate,20,99762,real_bbo_history_touch_stability,pass,not_reset,missing_same_side_strict_through_support;missing_recent_same_side_at_or_through_throughput
68,trades,1782283206579,1782283206852819705,585,576.235409,False,67,1782283205994,585,65,1782283199032,7547,71,1782283211388,4809,69,1782283208029,1450,latest_l2_received_before_or_at_candidate,latest_l2_exchange_time_before_candidate,20,100347,real_bbo_history_touch_stability,pass,not_reset,missing_same_side_strict_through_support;missing_recent_same_side_at_or_through_throughput
69,trades,1782283208029,1782283208274348958,1450,1421.529253,False,67,1782283205994,2035,68,1782283206579,1450,71,1782283211388,3359,70,1782283211182,3153,latest_l2_received_before_or_at_candidate,latest_l2_exchange_time_before_candidate,20,101797,real_bbo_history_touch_stability,pass,not_reset,missing_same_side_strict_through_support;missing_recent_same_side_at_or_through_throughput
70,trades,1782283211182,1782283211351020106,3153,3076.671148,False,67,1782283205994,5188,69,1782283208029,3153,71,1782283211388,206,72,1782283211661,479,latest_l2_received_before_or_at_candidate,latest_l2_exchange_time_before_candidate,20,104950,real_bbo_history_stale,block,not_reset,missing_same_side_strict_through_support;missing_touch_freshness_or_queue_reset_evidence;missing_recent_same_side_at_or_through_throughput
71,l2Book,1782283211388,1782283211685878463,206,334.858357,False,67,1782283205994,5394,70,1782283211182,206,78,1782283216802,5414,72,1782283211661,273,latest_l2_received_before_or_at_candidate,latest_l2_exchange_time_before_candidate,21,105156,real_bbo_history_insufficient,block,missing,missing_same_side_strict_through_support;missing_touch_freshness_or_queue_reset_evidence;missing_recent_same_side_at_or_through_throughput
72,trades,1782283211661,1782283211879937198,273,194.058735,False,71,1782283211388,273,70,1782283211182,479,78,1782283216802,5141,73,1782283212553,892,latest_l2_received_before_or_at_candidate,latest_l2_exchange_time_before_candidate,21,105429,real_bbo_history_touch_stability,pass,missing,missing_same_side_strict_through_support;missing_recent_same_side_at_or_through_throughput
73,trades,1782283212553,1782283212793342135,892,913.404937,False,71,1782283211388,1165,72,1782283211661,892,78,1782283216802,4249,74,1782283214016,1463,latest_l2_received_before_or_at_candidate,latest_l2_exchange_time_before_candidate,21,106321,real_bbo_history_touch_stability,pass,missing,missing_same_side_strict_through_support;missing_recent_same_side_at_or_through_throughput
74,trades,1782283214016,1782283214254319143,1463,1460.977008,False,71,1782283211388,2628,73,1782283212553,1463,78,1782283216802,2786,75,1782283215521,1505,latest_l2_received_before_or_at_candidate,latest_l2_exchange_time_before_candidate,21,107784,real_bbo_history_touch_stability,pass,missing,missing_same_side_strict_through_support;missing_recent_same_side_at_or_through_throughput
75,trades,1782283215521,1782283215704772135,1505,1450.452992,False,71,1782283211388,4133,74,1782283214016,1505,78,1782283216802,1281,76,1782283215781,260,latest_l2_received_before_or_at_candidate,latest_l2_exchange_time_before_candidate,21,109289,real_bbo_history_touch_stability,pass,missing,missing_same_side_strict_through_support;missing_recent_same_side_at_or_through_throughput
76,trades,1782283215781,1782283215988286518,260,283.514383,False,71,1782283211388,4393,75,1782283215521,260,78,1782283216802,1021,77,1782283216466,685,latest_l2_received_before_or_at_candidate,latest_l2_exchange_time_before_candidate,21,109549,real_bbo_history_touch_stability,pass,missing,missing_same_side_strict_through_support;missing_recent_same_side_at_or_through_throughput
77,trades,1782283216466,1782283216653545053,685,665.258535,False,71,1782283211388,5078,76,1782283215781,685,78,1782283216802,336,79,1782283218013,1547,latest_l2_received_before_or_at_candidate,latest_l2_exchange_time_before_candidate,21,110234,real_bbo_history_stale,block,missing,missing_same_side_strict_through_support;missing_touch_freshness_or_queue_reset_evidence;missing_recent_same_side_at_or_through_throughput
78,l2Book,1782283216802,1782283217111731494,336,458.186441,False,71,1782283211388,5414,77,1782283216466,336,83,1782283222209,5407,79,1782283218013,1211,latest_l2_received_before_or_at_candidate,latest_l2_exchange_time_before_candidate,22,110570,real_bbo_history_insufficient,block,missing,missing_same_side_strict_through_support;missing_touch_freshness_or_queue_reset_evidence
79,trades,1782283218013,1782283218249185840,1211,1137.454346,False,78,1782283216802,1211,77,1782283216466,1547,83,1782283222209,4196,80,1782283218829,816,latest_l2_received_before_or_at_candidate,latest_l2_exchange_time_before_candidate,22,111781,real_bbo_history_touch_stability,pass,missing,missing_same_side_strict_through_support
80,trades,1782283218829,1782283219010016465,816,760.830625,False,78,1782283216802,2027,79,1782283218013,816,83,1782283222209,3380,81,1782283221058,2229,latest_l2_received_before_or_at_candidate,latest_l2_exchange_time_before_candidate,22,112597,real_bbo_history_touch_stability,pass,missing,missing_same_side_strict_through_support
81,trades,1782283221058,1782283221302149965,2229,2292.1335,False,78,1782283216802,4256,80,1782283218829,2229,83,1782283222209,1151,82,1782283222010,952,latest_l2_received_before_or_at_candidate,latest_l2_exchange_time_before_candidate,22,114826,real_bbo_history_touch_stability,pass,missing,missing_same_side_strict_through_support;missing_recent_same_side_at_or_through_throughput
82,trades,1782283222010,1782283222260832888,952,958.682923,False,78,1782283216802,5208,81,1782283221058,952,83,1782283222209,199,84,1782283222484,474,latest_l2_received_before_or_at_candidate,latest_l2_exchange_time_before_candidate,22,115778,real_bbo_history_stale,block,missing,missing_same_side_strict_through_support;missing_touch_freshness_or_queue_reset_evidence
83,l2Book,1782283222209,1782283222510195762,199,249.362874,False,78,1782283216802,5407,82,1782283222010,199,86,1782283227591,5382,84,1782283222484,275,latest_l2_received_before_or_at_candidate,latest_l2_exchange_time_before_candidate,23,115977,real_bbo_history_touch_stability,pass,not_reset,missing_same_side_strict_through_support
84,trades,1782283222484,1782283222674388690,275,164.192928,False,83,1782283222209,275,82,1782283222010,474,86,1782283227591,5107,85,1782283225015,2531,latest_l2_received_before_or_at_candidate,latest_l2_exchange_time_before_candidate,23,116252,real_bbo_history_touch_stability,pass,not_reset,missing_same_side_strict_through_support
85,trades,1782283225015,1782283225267117326,2531,2592.728636,False,83,1782283222209,2806,84,1782283222484,2531,86,1782283227591,2576,87,1782283229045,4030,latest_l2_received_before_or_at_candidate,latest_l2_exchange_time_before_candidate,23,118783,real_bbo_history_touch_stability,pass,not_reset,missing_same_side_strict_through_support
86,l2Book,1782283227591,1782283227860641157,2576,2593.523831,False,83,1782283222209,5382,85,1782283225015,2576,91,1782283233003,5412,87,1782283229045,1454,latest_l2_received_before_or_at_candidate,latest_l2_exchange_time_before_candidate,24,121359,real_bbo_history_touch_stability,pass,not_reset,missing_same_side_strict_through_support
87,trades,1782283229045,1782283229283734347,1454,1423.09319,False,86,1782283227591,1454,85,1782283225015,4030,91,1782283233003,3958,88,1782283229664,619,latest_l2_received_before_or_at_candidate,latest_l2_exchange_time_before_candidate,24,122813,real_bbo_history_touch_stability,pass,not_reset,missing_same_side_strict_through_support;missing_recent_same_side_at_or_through_throughput
88,trades,1782283229664,1782283229850894266,619,567.159919,False,86,1782283227591,2073,87,1782283229045,619,91,1782283233003,3339,89,1782283231389,1725,latest_l2_received_before_or_at_candidate,latest_l2_exchange_time_before_candidate,24,123432,real_bbo_history_touch_stability,pass,not_reset,missing_same_side_strict_through_support
89,trades,1782283231389,1782283231676926781,1725,1826.032515,False,86,1782283227591,3798,88,1782283229664,1725,91,1782283233003,1614,90,1782283232461,1072,latest_l2_received_before_or_at_candidate,latest_l2_exchange_time_before_candidate,24,125157,real_bbo_history_touch_stability,pass,not_reset,missing_same_side_strict_through_support
90,trades,1782283232461,1782283232773712320,1072,1096.785539,False,86,1782283227591,4870,89,1782283231389,1072,91,1782283233003,542,92,1782283233932,1471,latest_l2_received_before_or_at_candidate,latest_l2_exchange_time_before_candidate,24,126229,real_bbo_history_touch_stability,pass,not_reset,missing_same_side_strict_through_support
91,l2Book,1782283233003,1782283233364379463,542,590.667143,False,86,1782283227591,5412,90,1782283232461,542,97,1782283238441,5438,92,1782283233932,929,latest_l2_received_before_or_at_candidate,latest_l2_exchange_time_before_candidate,25,126771,real_bbo_history_touch_stability,pass,reset_supported,missing_same_side_strict_through_support
92,trades,1782283233932,1782283234122913206,929,758.533743,False,91,1782283233003,929,90,1782283232461,1471,97,1782283238441,4509,93,1782283236415,2483,latest_l2_received_before_or_at_candidate,latest_l2_exchange_time_before_candidate,25,127700,real_bbo_history_touch_stability,pass,reset_supported,missing_same_side_strict_through_support
93,trades,1782283236415,1782283236605549134,2483,2482.635928,False,91,1782283233003,3412,92,1782283233932,2483,97,1782283238441,2026,94,1782283237424,1009,latest_l2_received_before_or_at_candidate,latest_l2_exchange_time_before_candidate,25,130183,real_bbo_history_touch_stability,pass,reset_supported,missing_same_side_strict_through_support
94,trades,1782283237424,1782283237646159343,1009,1040.610209,False,91,1782283233003,4421,93,1782283236415,1009,97,1782283238441,1017,95,1782283237692,268,latest_l2_received_before_or_at_candidate,latest_l2_exchange_time_before_candidate,25,131192,real_bbo_history_touch_stability,pass,reset_supported,missing_same_side_strict_through_support
95,trades,1782283237692,1782283237886636288,268,240.476945,False,91,1782283233003,4689,94,1782283237424,268,97,1782283238441,749,96,1782283238026,334,latest_l2_received_before_or_at_candidate,latest_l2_exchange_time_before_candidate,25,131460,real_bbo_history_touch_stability,pass,reset_supported,missing_same_side_strict_through_support
96,trades,1782283238026,1782283238269403221,334,382.766933,False,91,1782283233003,5023,95,1782283237692,334,97,1782283238441,415,98,1782283241230,3204,latest_l2_received_before_or_at_candidate,latest_l2_exchange_time_before_candidate,25,131794,real_bbo_history_stale,block,reset_supported,missing_same_side_strict_through_support;missing_touch_freshness_or_queue_reset_evidence
97,l2Book,1782283238441,1782283238783467288,415,514.064067,False,91,1782283233003,5438,96,1782283238026,415,100,1782283243812,5371,98,1782283241230,2789,latest_l2_received_before_or_at_candidate,latest_l2_exchange_time_before_candidate,26,132209,real_bbo_history_touch_stability,pass,reset_supported,missing_same_side_strict_through_support
98,trades,1782283241230,1782283241448710645,2789,2665.243357,False,97,1782283238441,2789,96,1782283238026,3204,100,1782283243812,2582,99,1782283241295,65,latest_l2_received_before_or_at_candidate,latest_l2_exchange_time_before_candidate,26,134998,real_bbo_history_touch_stability,pass,reset_supported,missing_same_side_strict_through_support
99,trades,1782283241295,1782283241515992871,65,67.282226,False,97,1782283238441,2854,98,1782283241230,65,100,1782283243812,2517,101,1782283244009,2714,latest_l2_received_before_or_at_candidate,latest_l2_exchange_time_before_candidate,26,135063,real_bbo_history_touch_stability,pass,reset_supported,missing_same_side_strict_through_support
100,l2Book,1782283243812,1782283244093705029,2517,2577.712158,False,97,1782283238441,5371,99,1782283241295,2517,106,1782283249222,5410,101,1782283244009,197,latest_l2_received_before_or_at_candidate,latest_l2_exchange_time_before_candidate,27,137580,real_bbo_history_touch_stability,pass,reset_supported,missing_same_side_strict_through_support
101,trades,1782283244009,1782283244230820463,197,137.115434,False,100,1782283243812,197,99,1782283241295,2714,106,1782283249222,5213,102,1782283244836,827,latest_l2_received_before_or_at_candidate,latest_l2_exchange_time_before_candidate,27,137777,real_bbo_history_touch_stability,pass,reset_supported,missing_same_side_strict_through_support
102,trades,1782283244836,1782283245041931779,827,811.111316,False,100,1782283243812,1024,101,1782283244009,827,106,1782283249222,4386,103,1782283245303,467,latest_l2_received_before_or_at_candidate,latest_l2_exchange_time_before_candidate,27,138604,real_bbo_history_touch_stability,pass,reset_supported,missing_same_side_strict_through_support
103,trades,1782283245303,1782283245518638034,467,476.706255,False,100,1782283243812,1491,102,1782283244836,467,106,1782283249222,3919,104,1782283245454,151,latest_l2_received_before_or_at_candidate,latest_l2_exchange_time_before_candidate,27,139071,real_bbo_history_touch_stability,pass,reset_supported,missing_same_side_strict_through_support
104,trades,1782283245454,1782283245721687930,151,203.049896,False,100,1782283243812,1642,103,1782283245303,151,106,1782283249222,3768,105,1782283248005,2551,latest_l2_received_before_or_at_candidate,latest_l2_exchange_time_before_candidate,27,139222,real_bbo_history_touch_stability,pass,reset_supported,missing_same_side_strict_through_support
105,trades,1782283248005,1782283248263366099,2551,2541.678169,False,100,1782283243812,4193,104,1782283245454,2551,106,1782283249222,1217,107,1782283249561,1556,latest_l2_received_before_or_at_candidate,latest_l2_exchange_time_before_candidate,27,141773,real_bbo_history_touch_stability,pass,reset_supported,missing_same_side_strict_through_support
106,l2Book,1782283249222,1782283249546949250,1217,1283.583151,False,100,1782283243812,5410,105,1782283248005,1217,111,1782283254644,5422,107,1782283249561,339,latest_l2_received_before_or_at_candidate,latest_l2_exchange_time_before_candidate,28,142990,real_bbo_history_touch_stability,pass,reset_supported,missing_same_side_strict_through_support
107,trades,1782283249561,1782283249865473726,339,318.524476,False,106,1782283249222,339,105,1782283248005,1556,111,1782283254644,5083,108,1782283251027,1466,latest_l2_received_before_or_at_candidate,latest_l2_exchange_time_before_candidate,28,143329,real_bbo_history_touch_stability,pass,reset_supported,missing_same_side_strict_through_support
108,trades,1782283251027,1782283251283277426,1466,1417.8037,False,106,1782283249222,1805,107,1782283249561,1466,111,1782283254644,3617,109,1782283252056,1029,latest_l2_received_before_or_at_candidate,latest_l2_exchange_time_before_candidate,28,144795,real_bbo_history_touch_stability,pass,reset_supported,missing_same_side_strict_through_support
109,trades,1782283252056,1782283252295193497,1029,1011.916071,False,106,1782283249222,2834,108,1782283251027,1029,111,1782283254644,2588,110,1782283254376,2320,latest_l2_received_before_or_at_candidate,latest_l2_exchange_time_before_candidate,28,145824,real_bbo_history_touch_stability,pass,reset_supported,missing_same_side_strict_through_support
110,trades,1782283254376,1782283254861676851,2320,2566.483354,False,106,1782283249222,5154,109,1782283252056,2320,111,1782283254644,268,112,1782283255082,706,latest_l2_received_before_or_at_candidate,latest_l2_exchange_time_before_candidate,28,148144,real_bbo_history_stale,block,reset_supported,missing_same_side_strict_through_support;missing_touch_freshness_or_queue_reset_evidence
111,l2Book,1782283254644,1782283255082247275,268,220.570424,False,106,1782283249222,5422,110,1782283254376,268,116,1782283260047,5403,112,1782283255082,438,latest_l2_received_before_or_at_candidate,latest_l2_exchange_time_before_candidate,29,148412,real_bbo_history_touch_stability,pass,reset_supported,missing_same_side_strict_through_support
112,trades,1782283255082,1782283255340362336,438,258.115061,False,111,1782283254644,438,110,1782283254376,706,116,1782283260047,4965,113,1782283257542,2460,latest_l2_received_before_or_at_candidate,latest_l2_exchange_time_before_candidate,29,148850,real_bbo_history_touch_stability,pass,reset_supported,missing_same_side_strict_through_support
113,trades,1782283257542,1782283257768164174,2460,2427.801838,False,111,1782283254644,2898,112,1782283255082,2460,116,1782283260047,2505,114,1782283258283,741,latest_l2_received_before_or_at_candidate,latest_l2_exchange_time_before_candidate,29,151310,real_bbo_history_touch_stability,pass,reset_supported,missing_same_side_strict_through_support
114,trades,1782283258283,1782283258495888765,741,727.724591,False,111,1782283254644,3639,113,1782283257542,741,116,1782283260047,1764,115,1782283258480,197,latest_l2_received_before_or_at_candidate,latest_l2_exchange_time_before_candidate,29,152051,real_bbo_history_touch_stability,pass,reset_supported,missing_same_side_strict_through_support
115,trades,1782283258480,1782283258755530259,197,259.641494,False,111,1782283254644,3836,114,1782283258283,197,116,1782283260047,1567,117,1782283264884,6404,latest_l2_received_before_or_at_candidate,latest_l2_exchange_time_before_candidate,29,152248,real_bbo_history_touch_stability,pass,reset_supported,outside_quality_a_b_queue_bands
116,l2Book,1782283260047,1782283260545778219,1567,1790.24796,False,111,1782283254644,5403,115,1782283258480,1567,118,1782283265358,5311,117,1782283264884,4837,latest_l2_received_before_or_at_candidate,latest_l2_exchange_time_before_candidate,30,153815,real_bbo_history_insufficient,block,missing,missing_same_side_strict_through_support;missing_touch_freshness_or_queue_reset_evidence;missing_recent_same_side_at_or_through_throughput
117,trades,1782283264884,1782283265130870173,4837,4585.091954,False,116,1782283260047,4837,115,1782283258480,6404,118,1782283265358,474,119,1782283266231,1347,latest_l2_received_before_or_at_candidate,latest_l2_exchange_time_before_candidate,30,158652,real_bbo_history_touch_stability,pass,missing,missing_same_side_strict_through_support
118,l2Book,1782283265358,1782283265658790389,474,527.920216,False,116,1782283260047,5311,117,1782283264884,474,123,1782283270705,5347,119,1782283266231,873,latest_l2_received_before_or_at_candidate,latest_l2_exchange_time_before_candidate,31,159126,real_bbo_history_touch_stability,pass,not_reset,missing_same_side_strict_through_support
119,trades,1782283266231,1782283266426183850,873,767.393461,False,118,1782283265358,873,117,1782283264884,1347,123,1782283270705,4474,120,1782283268039,1808,latest_l2_received_before_or_at_candidate,latest_l2_exchange_time_before_candidate,31,159999,real_bbo_history_touch_stability,pass,not_reset,missing_same_side_strict_through_support
120,trades,1782283268039,1782283268360620958,1808,1934.437108,False,118,1782283265358,2681,119,1782283266231,1808,123,1782283270705,2666,121,1782283270370,2331,latest_l2_received_before_or_at_candidate,latest_l2_exchange_time_before_candidate,31,161807,real_bbo_history_touch_stability,pass,not_reset,missing_same_side_strict_through_support
121,trades,1782283270370,1782283270559324421,2331,2198.703463,False,118,1782283265358,5012,120,1782283268039,2331,123,1782283270705,335,122,1782283270420,50,latest_l2_received_before_or_at_candidate,latest_l2_exchange_time_before_candidate,31,164138,real_bbo_history_stale,block,not_reset,missing_same_side_strict_through_support;missing_touch_freshness_or_queue_reset_evidence
122,trades,1782283270420,1782283270608252272,50,48.927851,False,118,1782283265358,5062,121,1782283270370,50,123,1782283270705,285,124,1782283274000,3580,latest_l2_received_before_or_at_candidate,latest_l2_exchange_time_before_candidate,31,164188,real_bbo_history_stale,block,not_reset,missing_same_side_strict_through_support;missing_touch_freshness_or_queue_reset_evidence
123,l2Book,1782283270705,1782283270990491488,285,382.239216,False,118,1782283265358,5347,122,1782283270420,285,125,1782283276126,5421,124,1782283274000,3295,latest_l2_received_before_or_at_candidate,latest_l2_exchange_time_before_candidate,32,164473,real_bbo_history_touch_stability,pass,reset_supported,missing_same_side_strict_through_support
124,trades,1782283274000,1782283274232104078,3295,3241.61259,False,123,1782283270705,3295,122,1782283270420,3580,125,1782283276126,2126,126,1782283276738,2738,latest_l2_received_before_or_at_candidate,latest_l2_exchange_time_before_candidate,32,167768,real_bbo_history_touch_stability,pass,reset_supported,missing_same_side_strict_through_support
125,l2Book,1782283276126,1782283276430727954,2126,2198.623876,False,123,1782283270705,5421,124,1782283274000,2126,130,1782283281534,5408,126,1782283276738,612,latest_l2_received_before_or_at_candidate,latest_l2_exchange_time_before_candidate,33,169894,real_bbo_history_touch_stability,pass,not_reset,missing_same_side_strict_through_support
126,trades,1782283276738,1782283276933602021,612,502.874067,False,125,1782283276126,612,124,1782283274000,2738,130,1782283281534,4796,127,1782283277689,951,latest_l2_received_before_or_at_candidate,latest_l2_exchange_time_before_candidate,33,170506,real_bbo_history_touch_stability,pass,not_reset,missing_same_side_strict_through_support
127,trades,1782283277689,1782283277872718449,951,939.116428,False,125,1782283276126,1563,126,1782283276738,951,130,1782283281534,3845,128,1782283278023,334,latest_l2_received_before_or_at_candidate,latest_l2_exchange_time_before_candidate,33,171457,real_bbo_history_touch_stability,pass,not_reset,missing_same_side_strict_through_support
128,trades,1782283278023,1782283278304403381,334,431.684932,False,125,1782283276126,1897,127,1782283277689,334,130,1782283281534,3511,129,1782283281045,3022,latest_l2_received_before_or_at_candidate,latest_l2_exchange_time_before_candidate,33,171791,real_bbo_history_touch_stability,pass,not_reset,missing_same_side_strict_through_support
129,trades,1782283281045,1782283281300962566,3022,2996.559185,False,125,1782283276126,4919,128,1782283278023,3022,130,1782283281534,489,131,1782283282000,955,latest_l2_received_before_or_at_candidate,latest_l2_exchange_time_before_candidate,33,174813,real_bbo_history_touch_stability,pass,not_reset,missing_same_side_strict_through_support;missing_recent_same_side_at_or_through_throughput
130,l2Book,1782283281534,1782283281822077337,489,521.114771,False,125,1782283276126,5408,129,1782283281045,489,134,1782283286956,5422,131,1782283282000,466,latest_l2_received_before_or_at_candidate,latest_l2_exchange_time_before_candidate,34,175302,real_bbo_history_touch_stability,pass,reset_supported,missing_same_side_strict_through_support;missing_recent_same_side_at_or_through_throughput
131,trades,1782283282000,1782283282254616943,466,432.539606,False,130,1782283281534,466,129,1782283281045,955,134,1782283286956,4956,132,1782283283490,1490,latest_l2_received_before_or_at_candidate,latest_l2_exchange_time_before_candidate,34,175768,real_bbo_history_touch_stability,pass,reset_supported,missing_same_side_strict_through_support
132,trades,1782283283490,1782283283694791314,1490,1440.174371,False,130,1782283281534,1956,131,1782283282000,1490,134,1782283286956,3466,133,1782283285051,1561,latest_l2_received_before_or_at_candidate,latest_l2_exchange_time_before_candidate,34,177258,real_bbo_history_touch_stability,pass,reset_supported,missing_same_side_strict_through_support
133,trades,1782283285051,1782283285319951271,1561,1625.159957,False,130,1782283281534,3517,132,1782283283490,1561,134,1782283286956,1905,135,1782283288037,2986,latest_l2_received_before_or_at_candidate,latest_l2_exchange_time_before_candidate,34,178819,real_bbo_history_touch_stability,pass,reset_supported,missing_same_side_strict_through_support
134,l2Book,1782283286956,1782283287258514461,1905,1938.56319,False,130,1782283281534,5422,133,1782283285051,1905,139,1782283292393,5437,135,1782283288037,1081,latest_l2_received_before_or_at_candidate,latest_l2_exchange_time_before_candidate,35,180724,real_bbo_history_touch_stability,pass,reset_supported,missing_same_side_strict_through_support
135,trades,1782283288037,1782283288359504390,1081,1100.989929,False,134,1782283286956,1081,133,1782283285051,2986,139,1782283292393,4356,136,1782283289051,1014,latest_l2_received_before_or_at_candidate,latest_l2_exchange_time_before_candidate,35,181805,real_bbo_history_touch_stability,pass,reset_supported,missing_same_side_strict_through_support
136,trades,1782283289051,1782283289290314285,1014,930.809895,False,134,1782283286956,2095,135,1782283288037,1014,139,1782283292393,3342,137,1782283290804,1753,latest_l2_received_before_or_at_candidate,latest_l2_exchange_time_before_candidate,35,182819,real_bbo_history_touch_stability,pass,reset_supported,missing_same_side_strict_through_support
137,trades,1782283290804,1782283291034144988,1753,1743.830703,False,134,1782283286956,3848,136,1782283289051,1753,139,1782283292393,1589,138,1782283291947,1143,latest_l2_received_before_or_at_candidate,latest_l2_exchange_time_before_candidate,35,184572,real_bbo_history_touch_stability,pass,reset_supported,missing_same_side_strict_through_support
138,trades,1782283291947,1782283292153146279,1143,1119.001291,False,134,1782283286956,4991,137,1782283290804,1143,139,1782283292393,446,140,1782283296358,4411,latest_l2_received_before_or_at_candidate,latest_l2_exchange_time_before_candidate,35,185715,real_bbo_history_touch_stability,pass,reset_supported,missing_same_side_strict_through_support
139,l2Book,1782283292393,1782283292706020136,446,552.873857,False,134,1782283286956,5437,138,1782283291947,446,142,1782283297767,5374,140,1782283296358,3965,latest_l2_received_before_or_at_candidate,latest_l2_exchange_time_before_candidate,36,186161,real_bbo_history_touch_stability,pass,reset_supported,missing_same_side_strict_through_support
140,trades,1782283296358,1782283296541124010,3965,3835.103874,False,139,1782283292393,3965,138,1782283291947,4411,142,1782283297767,1409,141,1782283297767,1409,latest_l2_received_before_or_at_candidate,latest_l2_exchange_time_before_candidate,36,190126,real_bbo_history_touch_stability,pass,reset_supported,outside_quality_a_b_queue_bands
141,trades,1782283297767,1782283298064010904,1409,1522.886894,False,139,1782283292393,5374,140,1782283296358,1409,142,1782283297767,0,143,1782283298035,268,latest_l2_received_before_or_at_candidate,latest_l2_exchange_time_before_candidate,36,191535,real_bbo_history_stale,block,reset_supported,missing_touch_freshness_or_queue_reset_evidence
142,l2Book,1782283297767,1782283298064479590,0,0.468686,False,139,1782283292393,5374,141,1782283297767,0,146,1782283303177,5410,143,1782283298035,268,latest_l2_received_before_or_at_candidate,latest_l2_exchange_time_before_candidate,37,191535,real_bbo_history_insufficient,block,missing,missing_same_side_strict_through_support;missing_touch_freshness_or_queue_reset_evidence
143,trades,1782283298035,1782283298268791068,268,204.311478,False,142,1782283297767,268,141,1782283297767,268,146,1782283303177,5142,144,1782283298706,671,latest_l2_received_before_or_at_candidate,latest_l2_exchange_time_before_candidate,37,191803,real_bbo_history_touch_stability,pass,missing,missing_same_side_strict_through_support
144,trades,1782283298706,1782283298894270743,671,625.479675,False,142,1782283297767,939,143,1782283298035,671,146,1782283303177,4471,145,1782283301895,3189,latest_l2_received_before_or_at_candidate,latest_l2_exchange_time_before_candidate,37,192474,real_bbo_history_touch_stability,pass,missing,missing_same_side_strict_through_support
145,trades,1782283301895,1782283302075621807,3189,3181.351064,False,142,1782283297767,4128,144,1782283298706,3189,146,1782283303177,1282,147,1782283304050,2155,latest_l2_received_before_or_at_candidate,latest_l2_exchange_time_before_candidate,37,195663,real_bbo_history_touch_stability,pass,missing,missing_same_side_strict_through_support;missing_recent_same_side_at_or_through_throughput
146,l2Book,1782283303177,1782283303466442364,1282,1390.820557,False,142,1782283297767,5410,145,1782283301895,1282,152,1782283308609,5432,147,1782283304050,873,latest_l2_received_before_or_at_candidate,latest_l2_exchange_time_before_candidate,38,196945,real_bbo_history_touch_stability,pass,reset_supported,missing_same_side_strict_through_support;missing_recent_same_side_at_or_through_throughput
147,trades,1782283304050,1782283304284131667,873,817.689303,False,146,1782283303177,873,145,1782283301895,2155,152,1782283308609,4559,148,1782283304452,402,latest_l2_received_before_or_at_candidate,latest_l2_exchange_time_before_candidate,38,197818,real_bbo_history_touch_stability,pass,reset_supported,missing_same_side_strict_through_support
148,trades,1782283304452,1782283304652808172,402,368.676505,False,146,1782283303177,1275,147,1782283304050,402,152,1782283308609,4157,149,1782283305483,1031,latest_l2_received_before_or_at_candidate,latest_l2_exchange_time_before_candidate,38,198220,real_bbo_history_touch_stability,pass,reset_supported,missing_same_side_strict_through_support
149,trades,1782283305483,1782283305698131904,1031,1045.323732,False,146,1782283303177,2306,148,1782283304452,1031,152,1782283308609,3126,150,1782283306786,1303,latest_l2_received_before_or_at_candidate,latest_l2_exchange_time_before_candidate,38,199251,real_bbo_history_touch_stability,pass,reset_supported,outside_quality_a_b_queue_bands
150,trades,1782283306786,1782283306949938436,1303,1251.806532,False,146,1782283303177,3609,149,1782283305483,1303,152,1782283308609,1823,151,1782283308049,1263,latest_l2_received_before_or_at_candidate,latest_l2_exchange_time_before_candidate,38,200554,real_bbo_history_touch_stability,pass,reset_supported,outside_quality_a_b_queue_bands
151,trades,1782283308049,1782283308402371642,1263,1452.433206,False,146,1782283303177,4872,150,1782283306786,1263,152,1782283308609,560,153,1782283311009,2960,latest_l2_received_before_or_at_candidate,latest_l2_exchange_time_before_candidate,38,201817,real_bbo_history_touch_stability,pass,reset_supported,outside_quality_a_b_queue_bands
152,l2Book,1782283308609,1782283308925339573,560,522.967931,False,146,1782283303177,5432,151,1782283308049,560,156,1782283313943,5334,153,1782283311009,2400,latest_l2_received_before_or_at_candidate,latest_l2_exchange_time_before_candidate,39,202377,real_bbo_history_insufficient,block,missing,missing_same_side_strict_through_support;missing_touch_freshness_or_queue_reset_evidence
153,trades,1782283311009,1782283311261580198,2400,2336.240625,False,152,1782283308609,2400,151,1782283308049,2960,156,1782283313943,2934,154,1782283312036,1027,latest_l2_received_before_or_at_candidate,latest_l2_exchange_time_before_candidate,39,204777,real_bbo_history_touch_stability,pass,missing,missing_same_side_strict_through_support
154,trades,1782283312036,1782283312279214977,1027,1017.634779,False,152,1782283308609,3427,153,1782283311009,1027,156,1782283313943,1907,155,1782283313675,1639,latest_l2_received_before_or_at_candidate,latest_l2_exchange_time_before_candidate,39,205804,real_bbo_history_touch_stability,pass,missing,outside_quality_a_b_queue_bands
155,trades,1782283313675,1782283313861810983,1639,1582.596006,False,152,1782283308609,5066,154,1782283312036,1639,156,1782283313943,268,157,1782283314277,602,latest_l2_received_before_or_at_candidate,latest_l2_exchange_time_before_candidate,39,207443,real_bbo_history_stale,block,missing,missing_touch_freshness_or_queue_reset_evidence
156,l2Book,1782283313943,1782283314236069527,268,374.258544,False,152,1782283308609,5334,155,1782283313675,268,160,1782283319336,5393,157,1782283314277,334,latest_l2_received_before_or_at_candidate,latest_l2_exchange_time_before_candidate,40,207711,real_bbo_history_insufficient,block,missing,missing_same_side_strict_through_support;missing_touch_freshness_or_queue_reset_evidence
157,trades,1782283314277,1782283314489780308,334,253.710781,False,156,1782283313943,334,155,1782283313675,602,160,1782283319336,5059,158,1782283315026,749,latest_l2_received_before_or_at_candidate,latest_l2_exchange_time_before_candidate,40,208045,real_bbo_history_touch_stability,pass,missing,
158,trades,1782283315026,1782283315407760859,749,917.980551,False,156,1782283313943,1083,157,1782283314277,749,160,1782283319336,4310,159,1782283319006,3980,latest_l2_received_before_or_at_candidate,latest_l2_exchange_time_before_candidate,40,208794,real_bbo_history_touch_stability,pass,missing,
159,trades,1782283319006,1782283319220325802,3980,3812.564943,False,156,1782283313943,5063,158,1782283315026,3980,160,1782283319336,330,161,1782283321146,2140,latest_l2_received_before_or_at_candidate,latest_l2_exchange_time_before_candidate,40,212774,real_bbo_history_stale,block,missing,missing_same_side_strict_through_support;missing_touch_freshness_or_queue_reset_evidence;missing_recent_same_side_at_or_through_throughput
160,l2Book,1782283319336,1782283319630258429,330,409.932627,False,156,1782283313943,5393,159,1782283319006,330,163,1782283324684,5348,161,1782283321146,1810,latest_l2_received_before_or_at_candidate,latest_l2_exchange_time_before_candidate,41,213104,real_bbo_history_insufficient,block,missing,missing_same_side_strict_through_support;missing_touch_freshness_or_queue_reset_evidence;missing_recent_same_side_at_or_through_throughput
161,trades,1782283321146,1782283321334297505,1810,1704.039076,False,160,1782283319336,1810,159,1782283319006,2140,163,1782283324684,3538,162,1782283324014,2868,latest_l2_received_before_or_at_candidate,latest_l2_exchange_time_before_candidate,41,214914,real_bbo_history_touch_stability,pass,missing,missing_same_side_strict_through_support
162,trades,1782283324014,1782283324251681176,2868,2917.383671,False,160,1782283319336,4678,161,1782283321146,2868,163,1782283324684,670,164,1782283326926,2912,latest_l2_received_before_or_at_candidate,latest_l2_exchange_time_before_candidate,41,217782,real_bbo_history_touch_stability,pass,missing,missing_same_side_strict_through_support
163,l2Book,1782283324684,1782283324981708214,670,730.027038,False,160,1782283319336,5348,162,1782283324014,670,167,1782283329982,5298,164,1782283326926,2242,latest_l2_received_before_or_at_candidate,latest_l2_exchange_time_before_candidate,42,218452,real_bbo_history_touch_stability,pass,not_reset,missing_same_side_strict_through_support
164,trades,1782283326926,1782283327125026229,2242,2143.318015,False,163,1782283324684,2242,162,1782283324014,2912,167,1782283329982,3056,165,1782283327403,477,latest_l2_received_before_or_at_candidate,latest_l2_exchange_time_before_candidate,42,220694,real_bbo_history_touch_stability,pass,not_reset,missing_same_side_strict_through_support
165,trades,1782283327403,1782283327670605328,477,545.579099,False,163,1782283324684,2719,164,1782283326926,477,167,1782283329982,2579,166,1782283328008,605,latest_l2_received_before_or_at_candidate,latest_l2_exchange_time_before_candidate,42,221171,real_bbo_history_touch_stability,pass,not_reset,missing_same_side_strict_through_support;missing_recent_same_side_at_or_through_throughput
166,trades,1782283328008,1782283328292535161,605,621.929833,False,163,1782283324684,3324,165,1782283327403,605,167,1782283329982,1974,168,1782283331458,3450,latest_l2_received_before_or_at_candidate,latest_l2_exchange_time_before_candidate,42,221776,real_bbo_history_touch_stability,pass,not_reset,missing_same_side_strict_through_support;missing_recent_same_side_at_or_through_throughput
167,l2Book,1782283329982,1782283330466314909,1974,2173.779748,False,163,1782283324684,5298,166,1782283328008,1974,171,1782283335360,5378,168,1782283331458,1476,latest_l2_received_before_or_at_candidate,latest_l2_exchange_time_before_candidate,43,223750,real_bbo_history_touch_stability,pass,not_reset,missing_same_side_strict_through_support;missing_recent_same_side_at_or_through_throughput
168,trades,1782283331458,1782283331705113796,1476,1238.798887,False,167,1782283329982,1476,166,1782283328008,3450,171,1782283335360,3902,169,1782283331678,220,latest_l2_received_before_or_at_candidate,latest_l2_exchange_time_before_candidate,43,225226,real_bbo_history_touch_stability,pass,not_reset,missing_same_side_strict_through_support;missing_recent_same_side_at_or_through_throughput
169,trades,1782283331678,1782283331989236357,220,284.122561,False,167,1782283329982,1696,168,1782283331458,220,171,1782283335360,3682,170,1782283334001,2323,latest_l2_received_before_or_at_candidate,latest_l2_exchange_time_before_candidate,43,225446,real_bbo_history_touch_stability,pass,not_reset,missing_same_side_strict_through_support;missing_recent_same_side_at_or_through_throughput
170,trades,1782283334001,1782283334237234181,2323,2247.997824,False,167,1782283329982,4019,169,1782283331678,2323,171,1782283335360,1359,172,1782283335700,1699,latest_l2_received_before_or_at_candidate,latest_l2_exchange_time_before_candidate,43,227769,real_bbo_history_touch_stability,pass,not_reset,missing_same_side_strict_through_support;missing_recent_same_side_at_or_through_throughput
171,l2Book,1782283335360,1782283335636679135,1359,1399.444954,False,167,1782283329982,5378,170,1782283334001,1359,176,1782283340724,5364,172,1782283335700,340,latest_l2_received_before_or_at_candidate,latest_l2_exchange_time_before_candidate,44,229128,real_bbo_history_insufficient,block,missing,missing_same_side_strict_through_support;missing_touch_freshness_or_queue_reset_evidence
172,trades,1782283335700,1782283335889964011,340,253.284876,False,171,1782283335360,340,170,1782283334001,1699,176,1782283340724,5024,173,1782283338030,2330,latest_l2_received_before_or_at_candidate,latest_l2_exchange_time_before_candidate,44,229468,real_bbo_history_touch_stability,pass,missing,missing_same_side_strict_through_support
173,trades,1782283338030,1782283338418439159,2330,2528.475148,False,171,1782283335360,2670,172,1782283335700,2330,176,1782283340724,2694,174,1782283339516,1486,latest_l2_received_before_or_at_candidate,latest_l2_exchange_time_before_candidate,44,231798,real_bbo_history_touch_stability,pass,missing,missing_same_side_strict_through_support
174,trades,1782283339516,1782283339715455546,1486,1297.016387,False,171,1782283335360,4156,173,1782283338030,1486,176,1782283340724,1208,175,1782283340525,1009,latest_l2_received_before_or_at_candidate,latest_l2_exchange_time_before_candidate,44,233284,real_bbo_history_touch_stability,pass,missing,missing_same_side_strict_through_support
175,trades,1782283340525,1782283340723246995,1009,1007.791449,False,171,1782283335360,5165,174,1782283339516,1009,176,1782283340724,199,177,1782283341047,522,latest_l2_received_before_or_at_candidate,latest_l2_exchange_time_before_candidate,44,234293,real_bbo_history_stale,block,missing,missing_same_side_strict_through_support;missing_touch_freshness_or_queue_reset_evidence
176,l2Book,1782283340724,1782283341012349821,199,289.102826,False,171,1782283335360,5364,175,1782283340525,199,181,1782283346075,5351,177,1782283341047,323,latest_l2_received_before_or_at_candidate,latest_l2_exchange_time_before_candidate,45,234492,real_bbo_history_touch_stability,pass,not_reset,missing_same_side_strict_through_support
177,trades,1782283341047,1782283341307851184,323,295.501363,False,176,1782283340724,323,175,1782283340525,522,181,1782283346075,5028,178,1782283341814,767,latest_l2_received_before_or_at_candidate,latest_l2_exchange_time_before_candidate,45,234815,real_bbo_history_touch_stability,pass,not_reset,missing_same_side_strict_through_support;missing_recent_same_side_at_or_through_throughput
178,trades,1782283341814,1782283342084650252,767,776.799068,False,176,1782283340724,1090,177,1782283341047,767,181,1782283346075,4261,179,1782283342017,203,latest_l2_received_before_or_at_candidate,latest_l2_exchange_time_before_candidate,45,235582,real_bbo_history_touch_stability,pass,not_reset,missing_same_side_strict_through_support;missing_recent_same_side_at_or_through_throughput
179,trades,1782283342017,1782283342248365611,203,163.715359,False,176,1782283340724,1293,178,1782283341814,203,181,1782283346075,4058,180,1782283345039,3022,latest_l2_received_before_or_at_candidate,latest_l2_exchange_time_before_candidate,45,235785,real_bbo_history_touch_stability,pass,not_reset,missing_same_side_strict_through_support
180,trades,1782283345039,1782283345551245147,3022,3302.879536,False,176,1782283340724,4315,179,1782283342017,3022,181,1782283346075,1036,182,1782283349008,3969,latest_l2_received_before_or_at_candidate,latest_l2_exchange_time_before_candidate,45,238807,real_bbo_history_touch_stability,pass,not_reset,missing_same_side_strict_through_support
181,l2Book,1782283346075,1782283346378874068,1036,827.628921,False,176,1782283340724,5351,180,1782283345039,1036,183,1782283351508,5433,182,1782283349008,2933,latest_l2_received_before_or_at_candidate,latest_l2_exchange_time_before_candidate,46,239843,real_bbo_history_touch_stability,pass,reset_supported,missing_same_side_strict_through_support
182,trades,1782283349008,1782283349244168921,2933,2865.294853,False,181,1782283346075,2933,180,1782283345039,3969,183,1782283351508,2500,184,1782283351651,2643,latest_l2_received_before_or_at_candidate,latest_l2_exchange_time_before_candidate,46,242776,real_bbo_history_touch_stability,pass,reset_supported,missing_same_side_strict_through_support;missing_recent_same_side_at_or_through_throughput
183,l2Book,1782283351508,1782283351785032073,2500,2540.863152,False,181,1782283346075,5433,182,1782283349008,2500,187,1782283356921,5413,184,1782283351651,143,latest_l2_received_before_or_at_candidate,latest_l2_exchange_time_before_candidate,47,245276,real_bbo_history_touch_stability,pass,reset_supported,missing_same_side_strict_through_support;missing_recent_same_side_at_or_through_throughput
184,trades,1782283351651,1782283351870260492,143,85.228419,False,183,1782283351508,143,182,1782283349008,2643,187,1782283356921,5270,185,1782283354899,3248,latest_l2_received_before_or_at_candidate,latest_l2_exchange_time_before_candidate,47,245419,real_bbo_history_touch_stability,pass,reset_supported,missing_same_side_strict_through_support;missing_recent_same_side_at_or_through_throughput
185,trades,1782283354899,1782283355110223999,3248,3239.963507,False,183,1782283351508,3391,184,1782283351651,3248,187,1782283356921,2022,186,1782283355624,725,latest_l2_received_before_or_at_candidate,latest_l2_exchange_time_before_candidate,47,248667,real_bbo_history_touch_stability,pass,reset_supported,missing_same_side_strict_through_support;missing_recent_same_side_at_or_through_throughput
186,trades,1782283355624,1782283355834137992,725,723.913993,False,183,1782283351508,4116,185,1782283354899,725,187,1782283356921,1297,188,1782283358042,2418,latest_l2_received_before_or_at_candidate,latest_l2_exchange_time_before_candidate,47,249392,real_bbo_history_touch_stability,pass,reset_supported,missing_same_side_strict_through_support;missing_recent_same_side_at_or_through_throughput
187,l2Book,1782283356921,1782283357211581275,1297,1377.443283,False,183,1782283351508,5413,186,1782283355624,1297,191,1782283362308,5387,188,1782283358042,1121,latest_l2_received_before_or_at_candidate,latest_l2_exchange_time_before_candidate,48,250689,real_bbo_history_insufficient,block,missing,missing_same_side_strict_through_support;missing_touch_freshness_or_queue_reset_evidence
188,trades,1782283358042,1782283358285333439,1121,1073.752164,False,187,1782283356921,1121,186,1782283355624,2418,191,1782283362308,4266,189,1782283358388,346,latest_l2_received_before_or_at_candidate,latest_l2_exchange_time_before_candidate,48,251810,real_bbo_history_touch_stability,pass,missing,missing_same_side_strict_through_support
189,trades,1782283358388,1782283358577904258,346,292.570819,False,187,1782283356921,1467,188,1782283358042,346,191,1782283362308,3920,190,1782283360140,1752,latest_l2_received_before_or_at_candidate,latest_l2_exchange_time_before_candidate,48,252156,real_bbo_history_touch_stability,pass,missing,missing_same_side_strict_through_support
190,trades,1782283360140,1782283360666782714,1752,2088.878456,False,187,1782283356921,3219,189,1782283358388,1752,191,1782283362308,2168,192,1782283362643,2503,latest_l2_received_before_or_at_candidate,latest_l2_exchange_time_before_candidate,48,253908,real_bbo_history_touch_stability,pass,missing,missing_same_side_strict_through_support
191,l2Book,1782283362308,1782283362594808916,2168,1928.026202,False,187,1782283356921,5387,190,1782283360140,2168,195,1782283367763,5455,192,1782283362643,335,latest_l2_received_before_or_at_candidate,latest_l2_exchange_time_before_candidate,49,256076,real_bbo_history_touch_stability,pass,reset_supported,missing_same_side_strict_through_support
192,trades,1782283362643,1782283362835436316,335,240.6274,False,191,1782283362308,335,190,1782283360140,2503,195,1782283367763,5120,193,1782283362791,148,latest_l2_received_before_or_at_candidate,latest_l2_exchange_time_before_candidate,49,256411,real_bbo_history_touch_stability,pass,reset_supported,missing_same_side_strict_through_support
193,trades,1782283362791,1782283362991233388,148,155.797072,False,191,1782283362308,483,192,1782283362643,148,195,1782283367763,4972,194,1782283364003,1212,latest_l2_received_before_or_at_candidate,latest_l2_exchange_time_before_candidate,49,256559,real_bbo_history_touch_stability,pass,reset_supported,missing_same_side_strict_through_support
194,trades,1782283364003,1782283364253630495,1212,1262.397107,False,191,1782283362308,1695,193,1782283362791,1212,195,1782283367763,3760,196,1782283368030,4027,latest_l2_received_before_or_at_candidate,latest_l2_exchange_time_before_candidate,49,257771,real_bbo_history_touch_stability,pass,reset_supported,missing_same_side_strict_through_support
195,l2Book,1782283367763,1782283368065436336,3760,3811.805841,False,191,1782283362308,5455,194,1782283364003,3760,202,1782283373233,5470,196,1782283368030,267,latest_l2_received_before_or_at_candidate,latest_l2_exchange_time_before_candidate,50,261531,real_bbo_history_touch_stability,pass,reset_supported,missing_same_side_strict_through_support;missing_recent_same_side_at_or_through_throughput
196,trades,1782283368030,1782283368299644219,267,234.207883,False,195,1782283367763,267,194,1782283364003,4027,202,1782283373233,5203,197,1782283369192,1162,latest_l2_received_before_or_at_candidate,latest_l2_exchange_time_before_candidate,50,261798,real_bbo_history_touch_stability,pass,reset_supported,
197,trades,1782283369192,1782283369376708882,1162,1077.064663,False,195,1782283367763,1429,196,1782283368030,1162,202,1782283373233,4041,198,1782283371024,1832,latest_l2_received_before_or_at_candidate,latest_l2_exchange_time_before_candidate,50,262960,real_bbo_history_touch_stability,pass,reset_supported,
198,trades,1782283371024,1782283371381460945,1832,2004.752063,False,195,1782283367763,3261,197,1782283369192,1832,202,1782283373233,2209,199,1782283372050,1026,latest_l2_received_before_or_at_candidate,latest_l2_exchange_time_before_candidate,50,264792,real_bbo_history_touch_stability,pass,reset_supported,
199,trades,1782283372050,1782283372268996362,1026,887.535417,False,195,1782283367763,4287,198,1782283371024,1026,202,1782283373233,1183,200,1782283372693,643,latest_l2_received_before_or_at_candidate,latest_l2_exchange_time_before_candidate,50,265818,real_bbo_history_touch_stability,pass,reset_supported,
200,trades,1782283372693,1782283372989390811,643,720.394449,False,195,1782283367763,4930,199,1782283372050,643,202,1782283373233,540,201,1782283372897,204,latest_l2_received_before_or_at_candidate,latest_l2_exchange_time_before_candidate,50,266461,real_bbo_history_touch_stability,pass,reset_supported,
201,trades,1782283372897,1782283373124840009,204,135.449198,False,195,1782283367763,5134,200,1782283372693,204,202,1782283373233,336,203,1782283375043,2146,latest_l2_received_before_or_at_candidate,latest_l2_exchange_time_before_candidate,50,266665,real_bbo_history_stale,block,reset_supported,missing_touch_freshness_or_queue_reset_evidence
202,l2Book,1782283373233,1782283373550297886,336,425.457877,False,195,1782283367763,5470,201,1782283372897,336,206,1782283378672,5439,203,1782283375043,1810,latest_l2_received_before_or_at_candidate,latest_l2_exchange_time_before_candidate,51,267001,real_bbo_history_insufficient,block,missing,missing_same_side_strict_through_support;missing_touch_freshness_or_queue_reset_evidence;missing_recent_same_side_at_or_through_throughput
203,trades,1782283375043,1782283375369904444,1810,1819.606558,False,202,1782283373233,1810,201,1782283372897,2146,206,1782283378672,3629,204,1782283377328,2285,latest_l2_received_before_or_at_candidate,latest_l2_exchange_time_before_candidate,51,268811,real_bbo_history_touch_stability,pass,missing,
204,trades,1782283377328,1782283377555484646,2285,2185.580202,False,202,1782283373233,4095,203,1782283375043,2285,206,1782283378672,1344,205,1782283377433,105,latest_l2_received_before_or_at_candidate,latest_l2_exchange_time_before_candidate,51,271096,real_bbo_history_touch_stability,pass,missing,
205,trades,1782283377433,1782283377615312143,105,59.827497,False,202,1782283373233,4200,204,1782283377328,105,206,1782283378672,1239,207,1782283379019,1586,latest_l2_received_before_or_at_candidate,latest_l2_exchange_time_before_candidate,51,271201,real_bbo_history_touch_stability,pass,missing,
206,l2Book,1782283378672,1782283378932817112,1239,1317.504969,False,202,1782283373233,5439,205,1782283377433,1239,210,1782283383959,5287,207,1782283379019,347,latest_l2_received_before_or_at_candidate,latest_l2_exchange_time_before_candidate,52,272440,real_bbo_history_insufficient,block,missing,missing_same_side_strict_through_support;missing_touch_freshness_or_queue_reset_evidence
207,trades,1782283379019,1782283379275383612,347,342.5665,False,206,1782283378672,347,205,1782283377433,1586,210,1782283383959,4940,208,1782283380759,1740,latest_l2_received_before_or_at_candidate,latest_l2_exchange_time_before_candidate,52,272787,real_bbo_history_touch_stability,pass,missing,missing_same_side_strict_through_support
208,trades,1782283380759,1782283381050824101,1740,1775.440489,False,206,1782283378672,2087,207,1782283379019,1740,210,1782283383959,3200,209,1782283383694,2935,latest_l2_received_before_or_at_candidate,latest_l2_exchange_time_before_candidate,52,274527,real_bbo_history_touch_stability,pass,missing,missing_same_side_strict_through_support
209,trades,1782283383694,1782283383889073733,2935,2838.249632,False,206,1782283378672,5022,208,1782283380759,2935,210,1782283383959,265,211,1782283384030,336,latest_l2_received_before_or_at_candidate,latest_l2_exchange_time_before_candidate,52,277462,real_bbo_history_stale,block,missing,missing_same_side_strict_through_support;missing_touch_freshness_or_queue_reset_evidence
210,l2Book,1782283383959,1782283384256984074,265,367.910341,False,206,1782283378672,5287,209,1782283383694,265,213,1782283389333,5374,211,1782283384030,71,latest_l2_received_before_or_at_candidate,latest_l2_exchange_time_before_candidate,53,277727,real_bbo_history_insufficient,block,missing,missing_same_side_strict_through_support;missing_touch_freshness_or_queue_reset_evidence;missing_recent_same_side_at_or_through_throughput
211,trades,1782283384030,1782283384319662566,71,62.678492,False,210,1782283383959,71,209,1782283383694,336,213,1782283389333,5303,212,1782283388057,4027,latest_l2_received_before_or_at_candidate,latest_l2_exchange_time_before_candidate,53,277798,real_bbo_history_insufficient,block,missing,missing_same_side_strict_through_support;missing_touch_freshness_or_queue_reset_evidence;missing_recent_same_side_at_or_through_throughput
212,trades,1782283388057,1782283388326844473,4027,4007.181907,False,210,1782283383959,4098,211,1782283384030,4027,213,1782283389333,1276,214,1782283389981,1924,latest_l2_received_before_or_at_candidate,latest_l2_exchange_time_before_candidate,53,281825,real_bbo_history_touch_stability,pass,missing,missing_same_side_strict_through_support;missing_recent_same_side_at_or_through_throughput
213,l2Book,1782283389333,1782283389657480221,1276,1330.635748,False,210,1782283383959,5374,212,1782283388057,1276,219,1782283394689,5356,214,1782283389981,648,latest_l2_received_before_or_at_candidate,latest_l2_exchange_time_before_candidate,54,283101,real_bbo_history_touch_stability,pass,not_reset,missing_same_side_strict_through_support;missing_recent_same_side_at_or_through_throughput
214,trades,1782283389981,1782283390181975347,648,524.495126,False,213,1782283389333,648,212,1782283388057,1924,219,1782283394689,4708,215,1782283390122,141,latest_l2_received_before_or_at_candidate,latest_l2_exchange_time_before_candidate,54,283749,real_bbo_history_touch_stability,pass,not_reset,
215,trades,1782283390122,1782283390363178647,141,181.2033,False,213,1782283389333,789,214,1782283389981,141,219,1782283394689,4567,216,1782283390476,354,latest_l2_received_before_or_at_candidate,latest_l2_exchange_time_before_candidate,54,283890,real_bbo_history_touch_stability,pass,not_reset,
216,trades,1782283390476,1782283390909967538,354,546.788891,False,213,1782283389333,1143,215,1782283390122,354,219,1782283394689,4213,217,1782283391748,1272,latest_l2_received_before_or_at_candidate,latest_l2_exchange_time_before_candidate,54,284244,real_bbo_history_touch_stability,pass,not_reset,
217,trades,1782283391748,1782283391945007683,1272,1035.040145,False,213,1782283389333,2415,216,1782283390476,1272,219,1782283394689,2941,218,1782283394004,2256,latest_l2_received_before_or_at_candidate,latest_l2_exchange_time_before_candidate,54,285516,real_bbo_history_touch_stability,pass,not_reset,
218,trades,1782283394004,1782283394254194599,2256,2309.186916,False,213,1782283389333,4671,217,1782283391748,2256,219,1782283394689,685,220,1782283398013,4009,latest_l2_received_before_or_at_candidate,latest_l2_exchange_time_before_candidate,54,287772,real_bbo_history_touch_stability,pass,not_reset,
219,l2Book,1782283394689,1782283394977748345,685,723.553746,False,213,1782283389333,5356,218,1782283394004,685,221,1782283400121,5432,220,1782283398013,3324,latest_l2_received_before_or_at_candidate,latest_l2_exchange_time_before_candidate,55,288457,real_bbo_history_insufficient,block,missing,missing_same_side_strict_through_support;missing_touch_freshness_or_queue_reset_evidence
220,trades,1782283398013,1782283398275949102,3324,3298.200757,False,219,1782283394689,3324,218,1782283394004,4009,221,1782283400121,2108,222,1782283401002,2989,latest_l2_received_before_or_at_candidate,latest_l2_exchange_time_before_candidate,55,291781,real_bbo_history_touch_stability,pass,missing,missing_same_side_strict_through_support
221,l2Book,1782283400121,1782283400433229648,2108,2157.280546,False,219,1782283394689,5432,220,1782283398013,2108,228,1782283405562,5441,222,1782283401002,881,latest_l2_received_before_or_at_candidate,latest_l2_exchange_time_before_candidate,56,293889,real_bbo_history_touch_stability,pass,reset_supported,missing_same_side_strict_through_support
222,trades,1782283401002,1782283401247501970,881,814.272322,False,221,1782283400121,881,220,1782283398013,2989,228,1782283405562,4560,223,1782283402008,1006,latest_l2_received_before_or_at_candidate,latest_l2_exchange_time_before_candidate,56,294770,real_bbo_history_touch_stability,pass,reset_supported,missing_same_side_strict_through_support
223,trades,1782283402008,1782283402252759144,1006,1005.257174,False,221,1782283400121,1887,222,1782283401002,1006,228,1782283405562,3554,224,1782283404487,2479,latest_l2_received_before_or_at_candidate,latest_l2_exchange_time_before_candidate,56,295776,real_bbo_history_touch_stability,pass,reset_supported,
224,trades,1782283404487,1782283404718104564,2479,2465.34542,False,221,1782283400121,4366,223,1782283402008,2479,228,1782283405562,1075,225,1782283405024,537,latest_l2_received_before_or_at_candidate,latest_l2_exchange_time_before_candidate,56,298255,real_bbo_history_touch_stability,pass,reset_supported,
225,trades,1782283405024,1782283405265372373,537,547.267809,False,221,1782283400121,4903,224,1782283404487,537,228,1782283405562,538,226,1782283405428,404,latest_l2_received_before_or_at_candidate,latest_l2_exchange_time_before_candidate,56,298792,real_bbo_history_touch_stability,pass,reset_supported,
226,trades,1782283405428,1782283405909412903,404,644.04053,False,221,1782283400121,5307,225,1782283405024,404,228,1782283405562,134,227,1782283405495,67,latest_l2_received_before_or_at_candidate,latest_l2_exchange_time_before_candidate,56,299196,real_bbo_history_stale,block,reset_supported,missing_touch_freshness_or_queue_reset_evidence
227,trades,1782283405495,1782283405909620276,67,0.207373,False,221,1782283400121,5374,226,1782283405428,67,228,1782283405562,67,229,1782283409000,3505,latest_l2_received_before_or_at_candidate,latest_l2_exchange_time_before_candidate,56,299263,real_bbo_history_stale,block,reset_supported,missing_touch_freshness_or_queue_reset_evidence
228,l2Book,1782283405562,1782283405909900848,67,0.280572,False,221,1782283400121,5441,227,1782283405495,67,231,1782283410807,5245,229,1782283409000,3438,latest_l2_received_before_or_at_candidate,latest_l2_exchange_time_before_candidate,57,299330,real_bbo_history_insufficient,block,missing,missing_same_side_strict_through_support;missing_touch_freshness_or_queue_reset_evidence
229,trades,1782283409000,1782283409272138534,3438,3362.237686,False,228,1782283405562,3438,227,1782283405495,3505,231,1782283410807,1807,230,1782283409150,150,latest_l2_received_before_or_at_candidate,latest_l2_exchange_time_before_candidate,57,302768,real_bbo_history_touch_stability,pass,missing,missing_same_side_strict_through_support;missing_recent_same_side_at_or_through_throughput
230,trades,1782283409150,1782283409332796521,150,60.657987,False,228,1782283405562,3588,229,1782283409000,150,231,1782283410807,1657,232,1782283414242,5092,latest_l2_received_before_or_at_candidate,latest_l2_exchange_time_before_candidate,57,302918,real_bbo_history_touch_stability,pass,missing,missing_same_side_strict_through_support
231,l2Book,1782283410807,1782283411060847660,1657,1728.051139,False,228,1782283405562,5245,230,1782283409150,1657,234,1782283416157,5350,232,1782283414242,3435,latest_l2_received_before_or_at_candidate,latest_l2_exchange_time_before_candidate,58,304575,real_bbo_history_touch_stability,pass,not_reset,missing_same_side_strict_through_support
232,trades,1782283414242,1782283414447896809,3435,3387.049149,False,231,1782283410807,3435,230,1782283409150,5092,234,1782283416157,1915,233,1782283414642,400,latest_l2_received_before_or_at_candidate,latest_l2_exchange_time_before_candidate,58,308010,real_bbo_history_touch_stability,pass,not_reset,missing_same_side_strict_through_support;missing_recent_same_side_at_or_through_throughput
233,trades,1782283414642,1782283414837496887,400,389.600078,False,231,1782283410807,3835,232,1782283414242,400,234,1782283416157,1515,235,1782283418022,3380,latest_l2_received_before_or_at_candidate,latest_l2_exchange_time_before_candidate,58,308410,real_bbo_history_touch_stability,pass,not_reset,missing_same_side_strict_through_support
234,l2Book,1782283416157,1782283416460535589,1515,1623.038702,False,231,1782283410807,5350,233,1782283414642,1515,236,1782283421549,5392,235,1782283418022,1865,latest_l2_received_before_or_at_candidate,latest_l2_exchange_time_before_candidate,59,309925,real_bbo_history_touch_stability,pass,not_reset,missing_same_side_strict_through_support
235,trades,1782283418022,1782283418270244323,1865,1809.708734,False,234,1782283416157,1865,233,1782283414642,3380,236,1782283421549,3527,237,1782283424046,6024,latest_l2_received_before_or_at_candidate,latest_l2_exchange_time_before_candidate,59,311790,real_bbo_history_touch_stability,pass,not_reset,missing_same_side_strict_through_support;missing_recent_same_side_at_or_through_throughput
236,l2Book,1782283421549,1782283421857168602,3527,3586.924279,False,234,1782283416157,5392,235,1782283418022,3527,239,1782283426963,5414,237,1782283424046,2497,latest_l2_received_before_or_at_candidate,latest_l2_exchange_time_before_candidate,60,315317,real_bbo_history_touch_stability,pass,reset_supported,missing_same_side_strict_through_support;missing_recent_same_side_at_or_through_throughput
237,trades,1782283424046,1782283424275611350,2497,2418.442748,False,236,1782283421549,2497,235,1782283418022,6024,239,1782283426963,2917,238,1782283426442,2396,latest_l2_received_before_or_at_candidate,latest_l2_exchange_time_before_candidate,60,317814,real_bbo_history_touch_stability,pass,reset_supported,missing_same_side_strict_through_support
238,trades,1782283426442,1782283426774274114,2396,2498.662764,False,236,1782283421549,4893,237,1782283424046,2396,239,1782283426963,521,240,1782283428011,1569,latest_l2_received_before_or_at_candidate,latest_l2_exchange_time_before_candidate,60,320210,real_bbo_history_touch_stability,pass,reset_supported,missing_same_side_strict_through_support
239,l2Book,1782283426963,1782283427280171681,521,505.897567,False,236,1782283421549,5414,238,1782283426442,521,245,1782283432345,5382,240,1782283428011,1048,latest_l2_received_before_or_at_candidate,latest_l2_exchange_time_before_candidate,61,320731,real_bbo_history_insufficient,block,missing,missing_touch_freshness_or_queue_reset_evidence
240,trades,1782283428011,1782283428285683080,1048,1005.511399,False,239,1782283426963,1048,238,1782283426442,1569,245,1782283432345,4334,241,1782283429237,1226,latest_l2_received_before_or_at_candidate,latest_l2_exchange_time_before_candidate,61,321779,real_bbo_history_touch_stability,pass,missing,missing_same_side_strict_through_support
241,trades,1782283429237,1782283429462225384,1226,1176.542304,False,239,1782283426963,2274,240,1782283428011,1226,245,1782283432345,3108,242,1782283431052,1815,latest_l2_received_before_or_at_candidate,latest_l2_exchange_time_before_candidate,61,323005,real_bbo_history_touch_stability,pass,missing,missing_same_side_strict_through_support
242,trades,1782283431052,1782283431301960156,1815,1839.734772,False,239,1782283426963,4089,241,1782283429237,1815,245,1782283432345,1293,243,1782283431737,685,latest_l2_received_before_or_at_candidate,latest_l2_exchange_time_before_candidate,61,324820,real_bbo_history_touch_stability,pass,missing,missing_same_side_strict_through_support
243,trades,1782283431737,1782283431919862283,685,617.902127,False,239,1782283426963,4774,242,1782283431052,685,245,1782283432345,608,244,1782283432005,268,latest_l2_received_before_or_at_candidate,latest_l2_exchange_time_before_candidate,61,325505,real_bbo_history_touch_stability,pass,missing,missing_same_side_strict_through_support
244,trades,1782283432005,1782283432245057508,268,325.195225,False,239,1782283426963,5042,243,1782283431737,268,245,1782283432345,340,246,1782283435047,3042,latest_l2_received_before_or_at_candidate,latest_l2_exchange_time_before_candidate,61,325773,real_bbo_history_stale,block,missing,missing_same_side_strict_through_support;missing_touch_freshness_or_queue_reset_evidence
245,l2Book,1782283432345,1782283432628411761,340,383.354253,False,239,1782283426963,5382,244,1782283432005,340,249,1782283437738,5393,246,1782283435047,2702,latest_l2_received_before_or_at_candidate,latest_l2_exchange_time_before_candidate,62,326113,real_bbo_history_touch_stability,pass,reset_supported,missing_same_side_strict_through_support
246,trades,1782283435047,1782283435368857551,2702,2740.44579,False,245,1782283432345,2702,244,1782283432005,3042,249,1782283437738,2691,247,1782283436064,1017,latest_l2_received_before_or_at_candidate,latest_l2_exchange_time_before_candidate,62,328815,real_bbo_history_touch_stability,pass,reset_supported,missing_same_side_strict_through_support
247,trades,1782283436064,1782283436289967449,1017,921.109898,False,245,1782283432345,3719,246,1782283435047,1017,249,1782283437738,1674,248,1782283437483,1419,latest_l2_received_before_or_at_candidate,latest_l2_exchange_time_before_candidate,62,329832,real_bbo_history_touch_stability,pass,reset_supported,missing_same_side_strict_through_support
248,trades,1782283437483,1782283437626747216,1419,1336.779767,False,245,1782283432345,5138,247,1782283436064,1419,249,1782283437738,255,250,1782283438490,1007,latest_l2_received_before_or_at_candidate,latest_l2_exchange_time_before_candidate,62,331251,real_bbo_history_stale,block,reset_supported,missing_same_side_strict_through_support;missing_touch_freshness_or_queue_reset_evidence
249,l2Book,1782283437738,1782283438024544536,255,397.79732,False,245,1782283432345,5393,248,1782283437483,255,252,1782283443093,5355,250,1782283438490,752,latest_l2_received_before_or_at_candidate,latest_l2_exchange_time_before_candidate,63,331506,real_bbo_history_touch_stability,pass,reset_supported,missing_same_side_strict_through_support
250,trades,1782283438490,1782283438613794561,752,589.250025,False,249,1782283437738,752,248,1782283437483,1007,252,1782283443093,4603,251,1782283439029,539,latest_l2_received_before_or_at_candidate,latest_l2_exchange_time_before_candidate,63,332258,real_bbo_history_touch_stability,pass,reset_supported,missing_same_side_strict_through_support;missing_recent_same_side_at_or_through_throughput
251,trades,1782283439029,1782283439241265780,539,627.471219,False,249,1782283437738,1291,250,1782283438490,539,252,1782283443093,4064,253,1782283444581,5552,latest_l2_received_before_or_at_candidate,latest_l2_exchange_time_before_candidate,63,332797,real_bbo_history_touch_stability,pass,reset_supported,missing_same_side_strict_through_support;missing_recent_same_side_at_or_through_throughput
252,l2Book,1782283443093,1782283443400133038,4064,4158.867258,False,249,1782283437738,5355,251,1782283439029,4064,255,1782283448525,5432,253,1782283444581,1488,latest_l2_received_before_or_at_candidate,latest_l2_exchange_time_before_candidate,64,336861,real_bbo_history_touch_stability,pass,reset_supported,missing_same_side_strict_through_support;missing_recent_same_side_at_or_through_throughput
253,trades,1782283444581,1782283444769536678,1488,1369.40364,False,252,1782283443093,1488,251,1782283439029,5552,255,1782283448525,3944,254,1782283448016,3435,latest_l2_received_before_or_at_candidate,latest_l2_exchange_time_before_candidate,64,338349,real_bbo_history_touch_stability,pass,reset_supported,missing_same_side_strict_through_support;missing_recent_same_side_at_or_through_throughput
254,trades,1782283448016,1782283448287597902,3435,3518.061224,False,252,1782283443093,4923,253,1782283444581,3435,255,1782283448525,509,256,1782283450475,2459,latest_l2_received_before_or_at_candidate,latest_l2_exchange_time_before_candidate,64,341784,real_bbo_history_touch_stability,pass,reset_supported,missing_same_side_strict_through_support;missing_recent_same_side_at_or_through_throughput
255,l2Book,1782283448525,1782283448872237966,509,584.640064,False,252,1782283443093,5432,254,1782283448016,509,261,1782283454064,5539,256,1782283450475,1950,latest_l2_received_before_or_at_candidate,latest_l2_exchange_time_before_candidate,65,342293,real_bbo_history_touch_stability,pass,reset_supported,missing_same_side_strict_through_support;missing_recent_same_side_at_or_through_throughput
256,trades,1782283450475,1782283450673115631,1950,1800.877665,False,255,1782283448525,1950,254,1782283448016,2459,261,1782283454064,3589,257,1782283450674,199,latest_l2_received_before_or_at_candidate,latest_l2_exchange_time_before_candidate,65,344243,real_bbo_history_touch_stability,pass,reset_supported,missing_same_side_strict_through_support;missing_recent_same_side_at_or_through_throughput
257,trades,1782283450674,1782283451155877781,199,482.76215,False,255,1782283448525,2149,256,1782283450475,199,261,1782283454064,3390,258,1782283451275,601,latest_l2_received_before_or_at_candidate,latest_l2_exchange_time_before_candidate,65,344442,real_bbo_history_touch_stability,pass,reset_supported,missing_same_side_strict_through_support
258,trades,1782283451275,1782283451571837928,601,415.960147,False,255,1782283448525,2750,257,1782283450674,601,261,1782283454064,2789,259,1782283451567,292,latest_l2_received_before_or_at_candidate,latest_l2_exchange_time_before_candidate,65,345043,real_bbo_history_touch_stability,pass,reset_supported,missing_same_side_strict_through_support
259,trades,1782283451567,1782283451819169764,292,247.331836,False,255,1782283448525,3042,258,1782283451275,292,261,1782283454064,2497,260,1782283454001,2434,latest_l2_received_before_or_at_candidate,latest_l2_exchange_time_before_candidate,65,345335,real_bbo_history_touch_stability,pass,reset_supported,outside_quality_a_b_queue_bands
260,trades,1782283454001,1782283454363894508,2434,2544.724744,False,255,1782283448525,5476,259,1782283451567,2434,261,1782283454064,63,262,1782283455708,1707,latest_l2_received_before_or_at_candidate,latest_l2_exchange_time_before_candidate,65,347769,real_bbo_history_stale,block,reset_supported,missing_touch_freshness_or_queue_reset_evidence
261,l2Book,1782283454064,1782283454364359371,63,0.464863,False,255,1782283448525,5539,260,1782283454001,63,274,1782283459395,5331,262,1782283455708,1644,latest_l2_received_before_or_at_candidate,latest_l2_exchange_time_before_candidate,66,347832,real_bbo_history_insufficient,block,missing,missing_same_side_strict_through_support;missing_touch_freshness_or_queue_reset_evidence
262,trades,1782283455708,1782283456103993806,1644,1739.634435,False,261,1782283454064,1644,260,1782283454001,1707,274,1782283459395,3687,263,1782283456874,1166,latest_l2_received_before_or_at_candidate,latest_l2_exchange_time_before_candidate,66,349476,real_bbo_history_touch_stability,pass,missing,missing_same_side_strict_through_support
263,trades,1782283456874,1782283457058193357,1166,954.199551,False,261,1782283454064,2810,262,1782283455708,1166,274,1782283459395,2521,264,1782283458012,1138,latest_l2_received_before_or_at_candidate,latest_l2_exchange_time_before_candidate,66,350642,real_bbo_history_touch_stability,pass,missing,missing_same_side_strict_through_support
264,trades,1782283458012,1782283458285351602,1138,1227.158245,False,261,1782283454064,3948,263,1782283456874,1138,274,1782283459395,1383,265,1782283458159,147,latest_l2_received_before_or_at_candidate,latest_l2_exchange_time_before_candidate,66,351780,real_bbo_history_touch_stability,pass,missing,missing_same_side_strict_through_support
265,trades,1782283458159,1782283458344274122,147,58.92252,False,261,1782283454064,4095,264,1782283458012,147,274,1782283459395,1236,266,1782283458381,222,latest_l2_received_before_or_at_candidate,latest_l2_exchange_time_before_candidate,66,351927,real_bbo_history_touch_stability,pass,missing,missing_same_side_strict_through_support
266,trades,1782283458381,1782283458591591118,222,247.316996,False,261,1782283454064,4317,265,1782283458159,222,274,1782283459395,1014,267,1782283458518,137,latest_l2_received_before_or_at_candidate,latest_l2_exchange_time_before_candidate,66,352149,real_bbo_history_touch_stability,pass,missing,missing_same_side_strict_through_support
267,trades,1782283458518,1782283458721898981,137,130.307863,False,261,1782283454064,4454,266,1782283458381,137,274,1782283459395,877,268,1782283458651,133,latest_l2_received_before_or_at_candidate,latest_l2_exchange_time_before_candidate,66,352286,real_bbo_history_touch_stability,pass,missing,missing_same_side_strict_through_support
268,trades,1782283458651,1782283458832708069,133,110.809088,False,261,1782283454064,4587,267,1782283458518,133,274,1782283459395,744,269,1782283458783,132,latest_l2_received_before_or_at_candidate,latest_l2_exchange_time_before_candidate,66,352419,real_bbo_history_touch_stability,pass,missing,missing_same_side_strict_through_support
269,trades,1782283458783,1782283458973868085,132,141.160016,False,261,1782283454064,4719,268,1782283458651,132,274,1782283459395,612,270,1782283458917,134,latest_l2_received_before_or_at_candidate,latest_l2_exchange_time_before_candidate,66,352551,real_bbo_history_touch_stability,pass,missing,missing_same_side_strict_through_support
270,trades,1782283458917,1782283459128193119,134,154.325034,False,261,1782283454064,4853,269,1782283458783,134,274,1782283459395,478,271,1782283459050,133,latest_l2_received_before_or_at_candidate,latest_l2_exchange_time_before_candidate,66,352685,real_bbo_history_touch_stability,pass,missing,missing_same_side_strict_through_support
271,trades,1782283459050,1782283459298602712,133,170.409593,False,261,1782283454064,4986,270,1782283458917,133,274,1782283459395,345,272,1782283459118,68,latest_l2_received_before_or_at_candidate,latest_l2_exchange_time_before_candidate,66,352818,real_bbo_history_touch_stability,pass,missing,missing_same_side_strict_through_support
272,trades,1782283459118,1782283459310673563,68,12.070851,False,261,1782283454064,5054,271,1782283459050,68,274,1782283459395,277,273,1782283459251,133,latest_l2_received_before_or_at_candidate,latest_l2_exchange_time_before_candidate,66,352886,real_bbo_history_stale,block,missing,missing_same_side_strict_through_support;missing_touch_freshness_or_queue_reset_evidence
273,trades,1782283459251,1782283459439005115,133,128.331552,False,261,1782283454064,5187,272,1782283459118,133,274,1782283459395,144,275,1782283459465,214,latest_l2_received_before_or_at_candidate,latest_l2_exchange_time_before_candidate,66,353019,real_bbo_history_stale,block,missing,missing_same_side_strict_through_support;missing_touch_freshness_or_queue_reset_evidence
274,l2Book,1782283459395,1782283459690739045,144,251.73393,False,261,1782283454064,5331,273,1782283459251,144,298,1782283464821,5426,275,1782283459465,70,latest_l2_received_before_or_at_candidate,latest_l2_exchange_time_before_candidate,67,353163,real_bbo_history_touch_stability,pass,not_reset,missing_same_side_strict_through_support
275,trades,1782283459465,1782283459744486196,70,53.747151,False,274,1782283459395,70,273,1782283459251,214,298,1782283464821,5356,276,1782283459598,133,latest_l2_received_before_or_at_candidate,latest_l2_exchange_time_before_candidate,67,353233,real_bbo_history_touch_stability,pass,not_reset,missing_same_side_strict_through_support
276,trades,1782283459598,1782283459818847764,133,74.361568,False,274,1782283459395,203,275,1782283459465,133,298,1782283464821,5223,277,1782283459732,134,latest_l2_received_before_or_at_candidate,latest_l2_exchange_time_before_candidate,67,353366,real_bbo_history_touch_stability,pass,not_reset,missing_same_side_strict_through_support
277,trades,1782283459732,1782283459917118258,134,98.270494,False,274,1782283459395,337,276,1782283459598,134,298,1782283464821,5089,278,1782283459868,136,latest_l2_received_before_or_at_candidate,latest_l2_exchange_time_before_candidate,67,353500,real_bbo_history_touch_stability,pass,not_reset,missing_same_side_strict_through_support
278,trades,1782283459868,1782283460052829557,136,135.711299,False,274,1782283459395,473,277,1782283459732,136,298,1782283464821,4953,279,1782283460001,133,latest_l2_received_before_or_at_candidate,latest_l2_exchange_time_before_candidate,67,353636,real_bbo_history_touch_stability,pass,not_reset,missing_same_side_strict_through_support
279,trades,1782283460001,1782283460264387708,133,211.558151,False,274,1782283459395,606,278,1782283459868,133,298,1782283464821,4820,280,1782283460067,66,latest_l2_received_before_or_at_candidate,latest_l2_exchange_time_before_candidate,67,353769,real_bbo_history_touch_stability,pass,not_reset,missing_same_side_strict_through_support
280,trades,1782283460067,1782283460279476528,66,15.08882,False,274,1782283459395,672,279,1782283460001,66,298,1782283464821,4754,281,1782283460201,134,latest_l2_received_before_or_at_candidate,latest_l2_exchange_time_before_candidate,67,353835,real_bbo_history_touch_stability,pass,not_reset,missing_same_side_strict_through_support
281,trades,1782283460201,1782283460412804780,134,133.328252,False,274,1782283459395,806,280,1782283460067,134,298,1782283464821,4620,282,1782283460406,205,latest_l2_received_before_or_at_candidate,latest_l2_exchange_time_before_candidate,67,353969,real_bbo_history_touch_stability,pass,not_reset,missing_same_side_strict_through_support
282,trades,1782283460406,1782283460527038136,205,114.233356,False,274,1782283459395,1011,281,1782283460201,205,298,1782283464821,4415,283,1782283460477,71,latest_l2_received_before_or_at_candidate,latest_l2_exchange_time_before_candidate,67,354174,real_bbo_history_touch_stability,pass,not_reset,outside_quality_a_b_queue_bands
283,trades,1782283460477,1782283460776261450,71,249.223314,False,274,1782283459395,1082,282,1782283460406,71,298,1782283464821,4344,284,1782283460554,77,latest_l2_received_before_or_at_candidate,latest_l2_exchange_time_before_candidate,67,354245,real_bbo_history_touch_stability,pass,not_reset,outside_quality_a_b_queue_bands
284,trades,1782283460554,1782283460814105703,77,37.844253,False,274,1782283459395,1159,283,1782283460477,77,298,1782283464821,4267,285,1782283460747,193,latest_l2_received_before_or_at_candidate,latest_l2_exchange_time_before_candidate,67,354322,real_bbo_history_touch_stability,pass,not_reset,outside_quality_a_b_queue_bands
285,trades,1782283460747,1782283461128032325,193,313.926622,False,274,1782283459395,1352,284,1782283460554,193,298,1782283464821,4074,286,1782283460817,70,latest_l2_received_before_or_at_candidate,latest_l2_exchange_time_before_candidate,67,354515,real_bbo_history_touch_stability,pass,not_reset,outside_quality_a_b_queue_bands
286,trades,1782283460817,1782283461203733086,70,75.700761,False,274,1782283459395,1422,285,1782283460747,70,298,1782283464821,4004,287,1782283460875,58,latest_l2_received_before_or_at_candidate,latest_l2_exchange_time_before_candidate,67,354585,real_bbo_history_touch_stability,pass,not_reset,outside_quality_a_b_queue_bands
287,trades,1782283460875,1782283461203972721,58,0.239635,False,274,1782283459395,1480,286,1782283460817,58,298,1782283464821,3946,288,1782283461016,141,latest_l2_received_before_or_at_candidate,latest_l2_exchange_time_before_candidate,67,354643,real_bbo_history_touch_stability,pass,not_reset,outside_quality_a_b_queue_bands
288,trades,1782283461016,1782283461432468128,141,228.495407,False,274,1782283459395,1621,287,1782283460875,141,298,1782283464821,3805,289,1782283461150,134,latest_l2_received_before_or_at_candidate,latest_l2_exchange_time_before_candidate,67,354784,real_bbo_history_touch_stability,pass,not_reset,outside_quality_a_b_queue_bands
289,trades,1782283461150,1782283461479301476,134,46.833348,False,274,1782283459395,1755,288,1782283461016,134,298,1782283464821,3671,290,1782283461218,68,latest_l2_received_before_or_at_candidate,latest_l2_exchange_time_before_candidate,67,354918,real_bbo_history_touch_stability,pass,not_reset,outside_quality_a_b_queue_bands
290,trades,1782283461218,1782283461479594680,68,0.293204,False,274,1782283459395,1823,289,1782283461150,68,298,1782283464821,3603,291,1782283461349,131,latest_l2_received_before_or_at_candidate,latest_l2_exchange_time_before_candidate,67,354986,real_bbo_history_touch_stability,pass,not_reset,outside_quality_a_b_queue_bands
291,trades,1782283461349,1782283461539086979,131,59.492299,False,274,1782283459395,1954,290,1782283461218,131,298,1782283464821,3472,292,1782283461544,195,latest_l2_received_before_or_at_candidate,latest_l2_exchange_time_before_candidate,67,355117,real_bbo_history_touch_stability,pass,not_reset,outside_quality_a_b_queue_bands
292,trades,1782283461544,1782283461778179036,195,239.092057,False,274,1782283459395,2149,291,1782283461349,195,298,1782283464821,3277,293,1782283462025,481,latest_l2_received_before_or_at_candidate,latest_l2_exchange_time_before_candidate,67,355312,real_bbo_history_touch_stability,pass,not_reset,outside_quality_a_b_queue_bands
293,trades,1782283462025,1782283462282858857,481,504.679821,False,274,1782283459395,2630,292,1782283461544,481,298,1782283464821,2796,294,1782283462862,837,latest_l2_received_before_or_at_candidate,latest_l2_exchange_time_before_candidate,67,355793,real_bbo_history_touch_stability,pass,not_reset,outside_quality_a_b_queue_bands
294,trades,1782283462862,1782283463040731133,837,757.872276,False,274,1782283459395,3467,293,1782283462025,837,298,1782283464821,1959,295,1782283463887,1025,latest_l2_received_before_or_at_candidate,latest_l2_exchange_time_before_candidate,67,356630,real_bbo_history_touch_stability,pass,not_reset,outside_quality_a_b_queue_bands
295,trades,1782283463887,1782283464104950281,1025,1064.219148,False,274,1782283459395,4492,294,1782283462862,1025,298,1782283464821,934,296,1782283464021,134,latest_l2_received_before_or_at_candidate,latest_l2_exchange_time_before_candidate,67,357655,real_bbo_history_touch_stability,pass,not_reset,outside_quality_a_b_queue_bands
296,trades,1782283464021,1782283464312547981,134,207.5977,False,274,1782283459395,4626,295,1782283463887,134,298,1782283464821,800,297,1782283464419,398,latest_l2_received_before_or_at_candidate,latest_l2_exchange_time_before_candidate,67,357789,real_bbo_history_touch_stability,pass,not_reset,outside_quality_a_b_queue_bands
297,trades,1782283464419,1782283464611434618,398,298.886637,False,274,1782283459395,5024,296,1782283464021,398,298,1782283464821,402,299,1782283465006,587,latest_l2_received_before_or_at_candidate,latest_l2_exchange_time_before_candidate,67,358187,real_bbo_history_stale,block,not_reset,missing_touch_freshness_or_queue_reset_evidence
298,l2Book,1782283464821,1782283465130853211,402,519.418593,False,274,1782283459395,5426,297,1782283464419,402,308,1782283470193,5372,299,1782283465006,185,latest_l2_received_before_or_at_candidate,latest_l2_exchange_time_before_candidate,68,358589,real_bbo_history_insufficient,block,missing,missing_same_side_strict_through_support;missing_touch_freshness_or_queue_reset_evidence
299,trades,1782283465006,1782283465203021198,185,72.167987,False,298,1782283464821,185,297,1782283464419,587,308,1782283470193,5187,300,1782283465759,753,latest_l2_received_before_or_at_candidate,latest_l2_exchange_time_before_candidate,68,358774,real_bbo_history_insufficient,block,missing,missing_same_side_strict_through_support;missing_touch_freshness_or_queue_reset_evidence
300,trades,1782283465759,1782283466206792281,753,1003.771083,False,298,1782283464821,938,299,1782283465006,753,308,1782283470193,4434,301,1782283466097,338,latest_l2_received_before_or_at_candidate,latest_l2_exchange_time_before_candidate,68,359527,real_bbo_history_touch_stability,pass,missing,missing_same_side_strict_through_support
301,trades,1782283466097,1782283466366859784,338,160.067503,False,298,1782283464821,1276,300,1782283465759,338,308,1782283470193,4096,302,1782283467125,1028,latest_l2_received_before_or_at_candidate,latest_l2_exchange_time_before_candidate,68,359865,real_bbo_history_touch_stability,pass,missing,missing_same_side_strict_through_support
302,trades,1782283467125,1782283467322247092,1028,955.387308,False,298,1782283464821,2304,301,1782283466097,1028,308,1782283470193,3068,303,1782283468267,1142,latest_l2_received_before_or_at_candidate,latest_l2_exchange_time_before_candidate,68,360893,real_bbo_history_touch_stability,pass,missing,missing_same_side_strict_through_support
303,trades,1782283468267,1782283468470234582,1142,1147.98749,False,298,1782283464821,3446,302,1782283467125,1142,308,1782283470193,1926,304,1782283468973,706,latest_l2_received_before_or_at_candidate,latest_l2_exchange_time_before_candidate,68,362035,real_bbo_history_touch_stability,pass,missing,missing_same_side_strict_through_support
304,trades,1782283468973,1782283469161239716,706,691.005134,False,298,1782283464821,4152,303,1782283468267,706,308,1782283470193,1220,305,1782283469041,68,latest_l2_received_before_or_at_candidate,latest_l2_exchange_time_before_candidate,68,362741,real_bbo_history_touch_stability,pass,missing,missing_same_side_strict_through_support
305,trades,1782283469041,1782283469297479623,68,136.239907,False,298,1782283464821,4220,304,1782283468973,68,308,1782283470193,1152,306,1782283469308,267,latest_l2_received_before_or_at_candidate,latest_l2_exchange_time_before_candidate,68,362809,real_bbo_history_touch_stability,pass,missing,missing_same_side_strict_through_support
306,trades,1782283469308,1782283469519384810,267,221.905187,False,298,1782283464821,4487,305,1782283469041,267,308,1782283470193,885,307,1782283469858,550,latest_l2_received_before_or_at_candidate,latest_l2_exchange_time_before_candidate,68,363076,real_bbo_history_touch_stability,pass,missing,outside_quality_a_b_queue_bands
307,trades,1782283469858,1782283470047935663,550,528.550853,False,298,1782283464821,5037,306,1782283469308,550,308,1782283470193,335,309,1782283470598,740,latest_l2_received_before_or_at_candidate,latest_l2_exchange_time_before_candidate,68,363626,real_bbo_history_stale,block,missing,missing_touch_freshness_or_queue_reset_evidence
308,l2Book,1782283470193,1782283470520693838,335,472.758175,False,298,1782283464821,5372,307,1782283469858,335,318,1782283475554,5361,309,1782283470598,405,latest_l2_received_before_or_at_candidate,latest_l2_exchange_time_before_candidate,69,363961,real_bbo_history_insufficient,block,missing,missing_same_side_strict_through_support;missing_touch_freshness_or_queue_reset_evidence
309,trades,1782283470598,1782283470791139950,405,270.446112,False,308,1782283470193,405,307,1782283469858,740,318,1782283475554,4956,310,1782283471887,1289,latest_l2_received_before_or_at_candidate,latest_l2_exchange_time_before_candidate,69,364366,real_bbo_history_touch_stability,pass,missing,missing_same_side_strict_through_support
310,trades,1782283471887,1782283472096245311,1289,1305.105361,False,308,1782283470193,1694,309,1782283470598,1289,318,1782283475554,3667,311,1782283472154,267,latest_l2_received_before_or_at_candidate,latest_l2_exchange_time_before_candidate,69,365655,real_bbo_history_touch_stability,pass,missing,outside_quality_a_b_queue_bands
311,trades,1782283472154,1782283472345299745,267,249.054434,False,308,1782283470193,1961,310,1782283471887,267,318,1782283475554,3400,312,1782283472290,136,latest_l2_received_before_or_at_candidate,latest_l2_exchange_time_before_candidate,69,365922,real_bbo_history_touch_stability,pass,missing,outside_quality_a_b_queue_bands
312,trades,1782283472290,1782283472500235647,136,154.935902,False,308,1782283470193,2097,311,1782283472154,136,318,1782283475554,3264,313,1782283472709,419,latest_l2_received_before_or_at_candidate,latest_l2_exchange_time_before_candidate,69,366058,real_bbo_history_touch_stability,pass,missing,outside_quality_a_b_queue_bands
313,trades,1782283472709,1782283472887141501,419,386.905854,False,308,1782283470193,2516,312,1782283472290,419,318,1782283475554,2845,314,1782283473024,315,latest_l2_received_before_or_at_candidate,latest_l2_exchange_time_before_candidate,69,366477,real_bbo_history_touch_stability,pass,missing,outside_quality_a_b_queue_bands
314,trades,1782283473024,1782283473304342881,315,417.20138,False,308,1782283470193,2831,313,1782283472709,315,318,1782283475554,2530,315,1782283474267,1243,latest_l2_received_before_or_at_candidate,latest_l2_exchange_time_before_candidate,69,366792,real_bbo_history_touch_stability,pass,missing,outside_quality_a_b_queue_bands
315,trades,1782283474267,1782283474487788359,1243,1183.445478,False,308,1782283470193,4074,314,1782283473024,1243,318,1782283475554,1287,316,1782283474540,273,latest_l2_received_before_or_at_candidate,latest_l2_exchange_time_before_candidate,69,368035,real_bbo_history_touch_stability,pass,missing,outside_quality_a_b_queue_bands
316,trades,1782283474540,1782283474774583559,273,286.7952,False,308,1782283470193,4347,315,1782283474267,273,318,1782283475554,1014,317,1782283474810,270,latest_l2_received_before_or_at_candidate,latest_l2_exchange_time_before_candidate,69,368308,real_bbo_history_touch_stability,pass,missing,outside_quality_a_b_queue_bands
317,trades,1782283474810,1782283475011669449,270,237.08589,False,308,1782283470193,4617,316,1782283474540,270,318,1782283475554,744,319,1782283476239,1429,latest_l2_received_before_or_at_candidate,latest_l2_exchange_time_before_candidate,69,368578,real_bbo_history_touch_stability,pass,missing,outside_quality_a_b_queue_bands
318,l2Book,1782283475554,1782283475754385808,744,742.716359,False,308,1782283470193,5361,317,1782283474810,744,325,1782283481023,5469,319,1782283476239,685,latest_l2_received_before_or_at_candidate,latest_l2_exchange_time_before_candidate,70,369322,real_bbo_history_insufficient,block,missing,missing_same_side_strict_through_support;missing_touch_freshness_or_queue_reset_evidence
319,trades,1782283476239,1782283476459121708,685,704.7359,False,318,1782283475554,685,317,1782283474810,1429,325,1782283481023,4784,320,1782283477690,1451,latest_l2_received_before_or_at_candidate,latest_l2_exchange_time_before_candidate,70,370007,real_bbo_history_touch_stability,pass,missing,missing_same_side_strict_through_support
320,trades,1782283477690,1782283477874388646,1451,1415.266938,False,318,1782283475554,2136,319,1782283476239,1451,325,1782283481023,3333,321,1782283478029,339,latest_l2_received_before_or_at_candidate,latest_l2_exchange_time_before_candidate,70,371458,real_bbo_history_touch_stability,pass,missing,missing_same_side_strict_through_support
321,trades,1782283478029,1782283478260646871,339,386.258225,False,318,1782283475554,2475,320,1782283477690,339,325,1782283481023,2994,322,1782283478436,407,latest_l2_received_before_or_at_candidate,latest_l2_exchange_time_before_candidate,70,371797,real_bbo_history_touch_stability,pass,missing,missing_same_side_strict_through_support
322,trades,1782283478436,1782283478640814013,407,380.167142,False,318,1782283475554,2882,321,1782283478029,407,325,1782283481023,2587,323,1782283478773,337,latest_l2_received_before_or_at_candidate,latest_l2_exchange_time_before_candidate,70,372204,real_bbo_history_touch_stability,pass,missing,missing_same_side_strict_through_support
323,trades,1782283478773,1782283478963455384,337,322.641371,False,318,1782283475554,3219,322,1782283478436,337,325,1782283481023,2250,324,1782283480094,1321,latest_l2_received_before_or_at_candidate,latest_l2_exchange_time_before_candidate,70,372541,real_bbo_history_touch_stability,pass,missing,missing_same_side_strict_through_support
324,trades,1782283480094,1782283480279653826,1321,1316.198442,False,318,1782283475554,4540,323,1782283478773,1321,325,1782283481023,929,326,1782283481093,999,latest_l2_received_before_or_at_candidate,latest_l2_exchange_time_before_candidate,70,373862,real_bbo_history_touch_stability,pass,missing,missing_same_side_strict_through_support
325,l2Book,1782283481023,1782283481467893136,929,1188.23931,False,318,1782283475554,5469,324,1782283480094,929,336,1782283486488,5465,326,1782283481093,70,latest_l2_received_before_or_at_candidate,latest_l2_exchange_time_before_candidate,71,374791,real_bbo_history_touch_stability,pass,not_reset,missing_same_side_strict_through_support
326,trades,1782283481093,1782283481518123562,70,50.230426,False,325,1782283481023,70,324,1782283480094,999,336,1782283486488,5395,327,1782283481434,341,latest_l2_received_before_or_at_candidate,latest_l2_exchange_time_before_candidate,71,374861,real_bbo_history_touch_stability,pass,not_reset,missing_same_side_strict_through_support
327,trades,1782283481434,1782283481653086359,341,134.962797,False,325,1782283481023,411,326,1782283481093,341,336,1782283486488,5054,328,1782283482241,807,latest_l2_received_before_or_at_candidate,latest_l2_exchange_time_before_candidate,71,375202,real_bbo_history_touch_stability,pass,not_reset,missing_same_side_strict_through_support
328,trades,1782283482241,1782283482455044151,807,801.957792,False,325,1782283481023,1218,327,1782283481434,807,336,1782283486488,4247,329,1782283482306,65,latest_l2_received_before_or_at_candidate,latest_l2_exchange_time_before_candidate,71,376009,real_bbo_history_touch_stability,pass,not_reset,missing_same_side_strict_through_support
329,trades,1782283482306,1782283482495296531,65,40.25238,False,325,1782283481023,1283,328,1782283482241,65,336,1782283486488,4182,330,1782283483460,1154,latest_l2_received_before_or_at_candidate,latest_l2_exchange_time_before_candidate,71,376074,real_bbo_history_touch_stability,pass,not_reset,missing_same_side_strict_through_support
330,trades,1782283483460,1782283483669523911,1154,1174.22738,False,325,1782283481023,2437,329,1782283482306,1154,336,1782283486488,3028,331,1782283483527,67,latest_l2_received_before_or_at_candidate,latest_l2_exchange_time_before_candidate,71,377228,real_bbo_history_touch_stability,pass,not_reset,missing_same_side_strict_through_support
331,trades,1782283483527,1782283483713521527,67,43.997616,False,325,1782283481023,2504,330,1782283483460,67,336,1782283486488,2961,332,1782283483661,134,latest_l2_received_before_or_at_candidate,latest_l2_exchange_time_before_candidate,71,377295,real_bbo_history_touch_stability,pass,not_reset,missing_same_side_strict_through_support
332,trades,1782283483661,1782283483846081884,134,132.560357,False,325,1782283481023,2638,331,1782283483527,134,336,1782283486488,2827,333,1782283484062,401,latest_l2_received_before_or_at_candidate,latest_l2_exchange_time_before_candidate,71,377429,real_bbo_history_touch_stability,pass,not_reset,missing_same_side_strict_through_support
333,trades,1782283484062,1782283484282516335,401,436.434451,False,325,1782283481023,3039,332,1782283483661,401,336,1782283486488,2426,334,1782283484534,472,latest_l2_received_before_or_at_candidate,latest_l2_exchange_time_before_candidate,71,377830,real_bbo_history_touch_stability,pass,not_reset,missing_same_side_strict_through_support
334,trades,1782283484534,1782283484718540228,472,436.023893,False,325,1782283481023,3511,333,1782283484062,472,336,1782283486488,1954,335,1782283485961,1427,latest_l2_received_before_or_at_candidate,latest_l2_exchange_time_before_candidate,71,378302,real_bbo_history_touch_stability,pass,not_reset,missing_same_side_strict_through_support;missing_recent_same_side_at_or_through_throughput
335,trades,1782283485961,1782283486324803816,1427,1606.263588,False,325,1782283481023,4938,334,1782283484534,1427,336,1782283486488,527,337,1782283487022,1061,latest_l2_received_before_or_at_candidate,latest_l2_exchange_time_before_candidate,71,379729,real_bbo_history_touch_stability,pass,not_reset,missing_same_side_strict_through_support;missing_recent_same_side_at_or_through_throughput
336,l2Book,1782283486488,1782283486769873485,527,445.069669,False,325,1782283481023,5465,335,1782283485961,527,346,1782283491856,5368,337,1782283487022,534,latest_l2_received_before_or_at_candidate,latest_l2_exchange_time_before_candidate,72,380256,real_bbo_history_insufficient,block,missing,missing_same_side_strict_through_support;missing_touch_freshness_or_queue_reset_evidence
337,trades,1782283487022,1782283487372834240,534,602.960755,False,336,1782283486488,534,335,1782283485961,1061,346,1782283491856,4834,338,1782283488044,1022,latest_l2_received_before_or_at_candidate,latest_l2_exchange_time_before_candidate,72,380790,real_bbo_history_touch_stability,pass,missing,outside_quality_a_b_queue_bands
338,trades,1782283488044,1782283488340456010,1022,967.62177,False,336,1782283486488,1556,337,1782283487022,1022,346,1782283491856,3812,339,1782283488194,150,latest_l2_received_before_or_at_candidate,latest_l2_exchange_time_before_candidate,72,381812,real_bbo_history_touch_stability,pass,missing,outside_quality_a_b_queue_bands
339,trades,1782283488194,1782283488480737437,150,140.281427,False,336,1782283486488,1706,338,1782283488044,150,346,1782283491856,3662,340,1782283489099,905,latest_l2_received_before_or_at_candidate,latest_l2_exchange_time_before_candidate,72,381962,real_bbo_history_touch_stability,pass,missing,outside_quality_a_b_queue_bands
340,trades,1782283489099,1782283489294996024,905,814.258587,False,336,1782283486488,2611,339,1782283488194,905,346,1782283491856,2757,341,1782283489300,201,latest_l2_received_before_or_at_candidate,latest_l2_exchange_time_before_candidate,72,382867,real_bbo_history_touch_stability,pass,missing,outside_quality_a_b_queue_bands
341,trades,1782283489300,1782283489488478522,201,193.482498,False,336,1782283486488,2812,340,1782283489099,201,346,1782283491856,2556,342,1782283490106,806,latest_l2_received_before_or_at_candidate,latest_l2_exchange_time_before_candidate,72,383068,real_bbo_history_touch_stability,pass,missing,outside_quality_a_b_queue_bands
342,trades,1782283490106,1782283490402130720,806,913.652198,False,336,1782283486488,3618,341,1782283489300,806,346,1782283491856,1750,343,1782283490310,204,latest_l2_received_before_or_at_candidate,latest_l2_exchange_time_before_candidate,72,383874,real_bbo_history_touch_stability,pass,missing,outside_quality_a_b_queue_bands
343,trades,1782283490310,1782283490569789661,204,167.658941,False,336,1782283486488,3822,342,1782283490106,204,346,1782283491856,1546,344,1782283491052,742,latest_l2_received_before_or_at_candidate,latest_l2_exchange_time_before_candidate,72,384078,real_bbo_history_touch_stability,pass,missing,outside_quality_a_b_queue_bands
344,trades,1782283491052,1782283491447718947,742,877.929286,False,336,1782283486488,4564,343,1782283490310,742,346,1782283491856,804,345,1782283491454,402,latest_l2_received_before_or_at_candidate,latest_l2_exchange_time_before_candidate,72,384820,real_bbo_history_touch_stability,pass,missing,outside_quality_a_b_queue_bands
345,trades,1782283491454,1782283491671881678,402,224.162731,False,336,1782283486488,4966,344,1782283491052,402,346,1782283491856,402,347,1782283492064,610,latest_l2_received_before_or_at_candidate,latest_l2_exchange_time_before_candidate,72,385222,real_bbo_history_touch_stability,pass,missing,outside_quality_a_b_queue_bands
346,l2Book,1782283491856,1782283492178994678,402,507.113,False,336,1782283486488,5368,345,1782283491454,402,355,1782283497131,5275,347,1782283492064,208,latest_l2_received_before_or_at_candidate,latest_l2_exchange_time_before_candidate,73,385624,real_bbo_history_insufficient,block,missing,missing_same_side_strict_through_support;missing_touch_freshness_or_queue_reset_evidence
347,trades,1782283492064,1782283492323623452,208,144.628774,False,346,1782283491856,208,345,1782283491454,610,355,1782283497131,5067,348,1782283492334,270,latest_l2_received_before_or_at_candidate,latest_l2_exchange_time_before_candidate,73,385832,real_bbo_history_insufficient,block,missing,missing_same_side_strict_through_support;missing_touch_freshness_or_queue_reset_evidence
348,trades,1782283492334,1782283492540979691,270,217.356239,False,346,1782283491856,478,347,1782283492064,270,355,1782283497131,4797,349,1782283492693,359,latest_l2_received_before_or_at_candidate,latest_l2_exchange_time_before_candidate,73,386102,real_bbo_history_touch_stability,pass,missing,missing_same_side_strict_through_support
349,trades,1782283492693,1782283492901287699,359,360.308008,False,346,1782283491856,837,348,1782283492334,359,355,1782283497131,4438,350,1782283493228,535,latest_l2_received_before_or_at_candidate,latest_l2_exchange_time_before_candidate,73,386461,real_bbo_history_touch_stability,pass,missing,outside_quality_a_b_queue_bands
350,trades,1782283493228,1782283493401054006,535,499.766307,False,346,1782283491856,1372,349,1782283492693,535,355,1782283497131,3903,351,1782283493726,498,latest_l2_received_before_or_at_candidate,latest_l2_exchange_time_before_candidate,73,386996,real_bbo_history_touch_stability,pass,missing,outside_quality_a_b_queue_bands
351,trades,1782283493726,1782283493915253544,498,514.199538,False,346,1782283491856,1870,350,1782283493228,498,355,1782283497131,3405,352,1782283495016,1290,latest_l2_received_before_or_at_candidate,latest_l2_exchange_time_before_candidate,73,387494,real_bbo_history_touch_stability,pass,missing,outside_quality_a_b_queue_bands
352,trades,1782283495016,1782283495354583593,1290,1439.330049,False,346,1782283491856,3160,351,1782283493726,1290,355,1782283497131,2115,353,1782283496123,1107,latest_l2_received_before_or_at_candidate,latest_l2_exchange_time_before_candidate,73,388784,real_bbo_history_touch_stability,pass,missing,outside_quality_a_b_queue_bands
353,trades,1782283496123,1782283496578507973,1107,1223.92438,False,346,1782283491856,4267,352,1782283495016,1107,355,1782283497131,1008,354,1782283496191,68,latest_l2_received_before_or_at_candidate,latest_l2_exchange_time_before_candidate,73,389891,real_bbo_history_touch_stability,pass,missing,outside_quality_a_b_queue_bands
354,trades,1782283496191,1782283496579181738,68,0.673765,False,346,1782283491856,4335,353,1782283496123,68,355,1782283497131,940,356,1782283497333,1142,latest_l2_received_before_or_at_candidate,latest_l2_exchange_time_before_candidate,73,389959,real_bbo_history_touch_stability,pass,missing,outside_quality_a_b_queue_bands
355,l2Book,1782283497131,1782283497426485986,940,847.304248,False,346,1782283491856,5275,354,1782283496191,940,363,1782283502492,5361,356,1782283497333,202,latest_l2_received_before_or_at_candidate,latest_l2_exchange_time_before_candidate,74,390899,real_bbo_history_insufficient,block,missing,missing_same_side_strict_through_support;missing_touch_freshness_or_queue_reset_evidence
356,trades,1782283497333,1782283497533828132,202,107.342146,False,355,1782283497131,202,354,1782283496191,1142,363,1782283502492,5159,357,1782283497677,344,latest_l2_received_before_or_at_candidate,latest_l2_exchange_time_before_candidate,74,391101,real_bbo_history_insufficient,block,missing,missing_touch_freshness_or_queue_reset_evidence
357,trades,1782283497677,1782283497954470894,344,420.642762,False,355,1782283497131,546,356,1782283497333,344,363,1782283502492,4815,358,1782283498416,739,latest_l2_received_before_or_at_candidate,latest_l2_exchange_time_before_candidate,74,391445,real_bbo_history_touch_stability,pass,missing,outside_quality_a_b_queue_bands
358,trades,1782283498416,1782283498623934132,739,669.463238,False,355,1782283497131,1285,357,1782283497677,739,363,1782283502492,4076,359,1782283498951,535,latest_l2_received_before_or_at_candidate,latest_l2_exchange_time_before_candidate,74,392184,real_bbo_history_touch_stability,pass,missing,outside_quality_a_b_queue_bands
359,trades,1782283498951,1782283499136901597,535,512.967465,False,355,1782283497131,1820,358,1782283498416,535,363,1782283502492,3541,360,1782283499020,69,latest_l2_received_before_or_at_candidate,latest_l2_exchange_time_before_candidate,74,392719,real_bbo_history_touch_stability,pass,missing,outside_quality_a_b_queue_bands
360,trades,1782283499020,1782283499251870282,69,114.968685,False,355,1782283497131,1889,359,1782283498951,69,363,1782283502492,3472,361,1782283499761,741,latest_l2_received_before_or_at_candidate,latest_l2_exchange_time_before_candidate,74,392788,real_bbo_history_touch_stability,pass,missing,outside_quality_a_b_queue_bands
361,trades,1782283499761,1782283499933928037,741,682.057755,False,355,1782283497131,2630,360,1782283499020,741,363,1782283502492,2731,362,1782283501759,1998,latest_l2_received_before_or_at_candidate,latest_l2_exchange_time_before_candidate,74,393529,real_bbo_history_touch_stability,pass,missing,outside_quality_a_b_queue_bands
362,trades,1782283501759,1782283501969635795,1998,2035.707758,False,355,1782283497131,4628,361,1782283499761,1998,363,1782283502492,733,364,1782283502565,806,latest_l2_received_before_or_at_candidate,latest_l2_exchange_time_before_candidate,74,395527,real_bbo_history_touch_stability,pass,missing,outside_quality_a_b_queue_bands
363,l2Book,1782283502492,1782283502792209669,733,822.573874,False,355,1782283497131,5361,362,1782283501759,733,369,1782283507882,5390,364,1782283502565,73,latest_l2_received_before_or_at_candidate,latest_l2_exchange_time_before_candidate,75,396260,real_bbo_history_insufficient,block,missing,missing_same_side_strict_through_support;missing_touch_freshness_or_queue_reset_evidence
364,trades,1782283502565,1782283502878659716,73,86.450047,False,363,1782283502492,73,362,1782283501759,806,369,1782283507882,5317,365,1782283504723,2158,latest_l2_received_before_or_at_candidate,latest_l2_exchange_time_before_candidate,75,396333,real_bbo_history_insufficient,block,missing,missing_touch_freshness_or_queue_reset_evidence
365,trades,1782283504723,1782283505016035479,2158,2137.375763,False,363,1782283502492,2231,364,1782283502565,2158,369,1782283507882,3159,366,1782283505206,483,latest_l2_received_before_or_at_candidate,latest_l2_exchange_time_before_candidate,75,398491,real_bbo_history_touch_stability,pass,missing,
366,trades,1782283505206,1782283505512214206,483,496.178727,False,363,1782283502492,2714,365,1782283504723,483,369,1782283507882,2676,367,1782283506531,1325,latest_l2_received_before_or_at_candidate,latest_l2_exchange_time_before_candidate,75,398974,real_bbo_history_touch_stability,pass,missing,
367,trades,1782283506531,1782283506750018099,1325,1237.803893,False,363,1782283502492,4039,366,1782283505206,1325,369,1782283507882,1351,368,1782283507748,1217,latest_l2_received_before_or_at_candidate,latest_l2_exchange_time_before_candidate,75,400299,real_bbo_history_touch_stability,pass,missing,
368,trades,1782283507748,1782283507994785778,1217,1244.767679,False,363,1782283502492,5256,367,1782283506531,1217,369,1782283507882,134,370,1782283508016,268,latest_l2_received_before_or_at_candidate,latest_l2_exchange_time_before_candidate,75,401516,real_bbo_history_stale,block,missing,missing_touch_freshness_or_queue_reset_evidence
369,l2Book,1782283507882,1782283508188638888,134,193.85311,False,363,1782283502492,5390,368,1782283507748,134,374,1782283513286,5404,370,1782283508016,134,latest_l2_received_before_or_at_candidate,latest_l2_exchange_time_before_candidate,76,401650,real_bbo_history_insufficient,block,missing,missing_touch_freshness_or_queue_reset_evidence
370,trades,1782283508016,1782283508299173981,134,110.535093,False,369,1782283507882,134,368,1782283507748,268,374,1782283513286,5270,371,1782283509071,1055,latest_l2_received_before_or_at_candidate,latest_l2_exchange_time_before_candidate,76,401784,real_bbo_history_insufficient,block,missing,missing_touch_freshness_or_queue_reset_evidence
371,trades,1782283509071,1782283509410132841,1055,1110.95886,False,369,1782283507882,1189,370,1782283508016,1055,374,1782283513286,4215,372,1782283509378,307,latest_l2_received_before_or_at_candidate,latest_l2_exchange_time_before_candidate,76,402839,real_bbo_history_touch_stability,pass,missing,
372,trades,1782283509378,1782283509575249013,307,165.116172,False,369,1782283507882,1496,371,1782283509071,307,374,1782283513286,3908,373,1782283510321,943,latest_l2_received_before_or_at_candidate,latest_l2_exchange_time_before_candidate,76,403146,real_bbo_history_touch_stability,pass,missing,
373,trades,1782283510321,1782283510582490452,943,1007.241439,False,369,1782283507882,2439,372,1782283509378,943,374,1782283513286,2965,375,1782283513745,3424,latest_l2_received_before_or_at_candidate,latest_l2_exchange_time_before_candidate,76,404089,real_bbo_history_touch_stability,pass,missing,
374,l2Book,1782283513286,1782283513505569900,2965,2923.079448,False,369,1782283507882,5404,373,1782283510321,2965,385,1782283518720,5434,375,1782283513745,459,latest_l2_received_before_or_at_candidate,latest_l2_exchange_time_before_candidate,77,407054,real_bbo_history_insufficient,block,missing,missing_same_side_strict_through_support;missing_touch_freshness_or_queue_reset_evidence
375,trades,1782283513745,1782283513964047925,459,458.478025,False,374,1782283513286,459,373,1782283510321,3424,385,1782283518720,4975,376,1782283514022,277,latest_l2_received_before_or_at_candidate,latest_l2_exchange_time_before_candidate,77,407513,real_bbo_history_touch_stability,pass,missing,
376,trades,1782283514022,1782283514258108408,277,294.060483,False,374,1782283513286,736,375,1782283513745,277,385,1782283518720,4698,377,1782283514830,808,latest_l2_received_before_or_at_candidate,latest_l2_exchange_time_before_candidate,77,407790,real_bbo_history_touch_stability,pass,missing,
377,trades,1782283514830,1782283515034578251,808,776.469843,False,374,1782283513286,1544,376,1782283514022,808,385,1782283518720,3890,378,1782283514898,68,latest_l2_received_before_or_at_candidate,latest_l2_exchange_time_before_candidate,77,408598,real_bbo_history_touch_stability,pass,missing,
378,trades,1782283514898,1782283515177631788,68,143.053537,False,374,1782283513286,1612,377,1782283514830,68,385,1782283518720,3822,379,1782283515783,885,latest_l2_received_before_or_at_candidate,latest_l2_exchange_time_before_candidate,77,408666,real_bbo_history_touch_stability,pass,missing,
379,trades,1782283515783,1782283515977320644,885,799.688856,False,374,1782283513286,2497,378,1782283514898,885,385,1782283518720,2937,380,1782283515916,133,latest_l2_received_before_or_at_candidate,latest_l2_exchange_time_before_candidate,77,409551,real_bbo_history_touch_stability,pass,missing,
380,trades,1782283515916,1782283516110991621,133,133.670977,False,374,1782283513286,2630,379,1782283515783,133,385,1782283518720,2804,381,1782283515983,67,latest_l2_received_before_or_at_candidate,latest_l2_exchange_time_before_candidate,77,409684,real_bbo_history_touch_stability,pass,missing,
381,trades,1782283515983,1782283516251186182,67,140.194561,False,374,1782283513286,2697,380,1782283515916,67,385,1782283518720,2737,382,1782283516116,133,latest_l2_received_before_or_at_candidate,latest_l2_exchange_time_before_candidate,77,409751,real_bbo_history_touch_stability,pass,missing,
382,trades,1782283516116,1782283516548361697,133,297.175515,False,374,1782283513286,2830,381,1782283515983,133,385,1782283518720,2604,383,1782283516938,822,latest_l2_received_before_or_at_candidate,latest_l2_exchange_time_before_candidate,77,409884,real_bbo_history_touch_stability,pass,missing,
383,trades,1782283516938,1782283517132911942,822,584.550245,False,374,1782283513286,3652,382,1782283516116,822,385,1782283518720,1782,384,1782283518022,1084,latest_l2_received_before_or_at_candidate,latest_l2_exchange_time_before_candidate,77,410706,real_bbo_history_touch_stability,pass,missing,
384,trades,1782283518022,1782283518293073430,1084,1160.161488,False,374,1782283513286,4736,383,1782283516938,1084,385,1782283518720,698,386,1782283519055,1033,latest_l2_received_before_or_at_candidate,latest_l2_exchange_time_before_candidate,77,411790,real_bbo_history_touch_stability,pass,missing,
385,l2Book,1782283518720,1782283519014891804,698,721.818374,False,374,1782283513286,5434,384,1782283518022,698,398,1782283524083,5363,386,1782283519055,335,latest_l2_received_before_or_at_candidate,latest_l2_exchange_time_before_candidate,78,412488,real_bbo_history_insufficient,block,missing,missing_same_side_strict_through_support;missing_touch_freshness_or_queue_reset_evidence
386,trades,1782283519055,1782283519293240506,335,278.348702,False,385,1782283518720,335,384,1782283518022,1033,398,1782283524083,5028,387,1782283519322,267,latest_l2_received_before_or_at_candidate,latest_l2_exchange_time_before_candidate,78,412823,real_bbo_history_touch_stability,pass,missing,missing_same_side_strict_through_support
387,trades,1782283519322,1782283519578581952,267,285.341446,False,385,1782283518720,602,386,1782283519055,267,398,1782283524083,4761,388,1782283519778,456,latest_l2_received_before_or_at_candidate,latest_l2_exchange_time_before_candidate,78,413090,real_bbo_history_touch_stability,pass,missing,missing_same_side_strict_through_support
388,trades,1782283519778,1782283520105391653,456,526.809701,False,385,1782283518720,1058,387,1782283519322,456,398,1782283524083,4305,389,1782283520061,283,latest_l2_received_before_or_at_candidate,latest_l2_exchange_time_before_candidate,78,413546,real_bbo_history_touch_stability,pass,missing,missing_same_side_strict_through_support
389,trades,1782283520061,1782283520340767484,283,235.375831,False,385,1782283518720,1341,388,1782283519778,283,398,1782283524083,4022,390,1782283521040,979,latest_l2_received_before_or_at_candidate,latest_l2_exchange_time_before_candidate,78,413829,real_bbo_history_touch_stability,pass,missing,missing_same_side_strict_through_support
390,trades,1782283521040,1782283521334079700,979,993.312216,False,385,1782283518720,2320,389,1782283520061,979,398,1782283524083,3043,391,1782283521309,269,latest_l2_received_before_or_at_candidate,latest_l2_exchange_time_before_candidate,78,414808,real_bbo_history_touch_stability,pass,missing,missing_same_side_strict_through_support
391,trades,1782283521309,1782283521627066640,269,292.98694,False,385,1782283518720,2589,390,1782283521040,269,398,1782283524083,2774,392,1782283521817,508,latest_l2_received_before_or_at_candidate,latest_l2_exchange_time_before_candidate,78,415077,real_bbo_history_touch_stability,pass,missing,missing_same_side_strict_through_support
392,trades,1782283521817,1782283522001851576,508,374.784936,False,385,1782283518720,3097,391,1782283521309,508,398,1782283524083,2266,393,1782283522018,201,latest_l2_received_before_or_at_candidate,latest_l2_exchange_time_before_candidate,78,415585,real_bbo_history_touch_stability,pass,missing,missing_same_side_strict_through_support
393,trades,1782283522018,1782283522293733140,201,291.881564,False,385,1782283518720,3298,392,1782283521817,201,398,1782283524083,2065,394,1782283522355,337,latest_l2_received_before_or_at_candidate,latest_l2_exchange_time_before_candidate,78,415786,real_bbo_history_touch_stability,pass,missing,missing_same_side_strict_through_support
394,trades,1782283522355,1782283522495028644,337,201.295504,False,385,1782283518720,3635,393,1782283522018,337,398,1782283524083,1728,395,1782283522579,224,latest_l2_received_before_or_at_candidate,latest_l2_exchange_time_before_candidate,78,416123,real_bbo_history_touch_stability,pass,missing,missing_same_side_strict_through_support
395,trades,1782283522579,1782283522834053156,224,339.024512,False,385,1782283518720,3859,394,1782283522355,224,398,1782283524083,1504,396,1782283523691,1112,latest_l2_received_before_or_at_candidate,latest_l2_exchange_time_before_candidate,78,416347,real_bbo_history_touch_stability,pass,missing,missing_same_side_strict_through_support
396,trades,1782283523691,1782283523885268209,1112,1051.215053,False,385,1782283518720,4971,395,1782283522579,1112,398,1782283524083,392,397,1782283523754,63,latest_l2_received_before_or_at_candidate,latest_l2_exchange_time_before_candidate,78,417459,real_bbo_history_touch_stability,pass,missing,missing_same_side_strict_through_support
397,trades,1782283523754,1782283523944711325,63,59.443116,False,385,1782283518720,5034,396,1782283523691,63,398,1782283524083,329,399,1782283524528,774,latest_l2_received_before_or_at_candidate,latest_l2_exchange_time_before_candidate,78,417522,real_bbo_history_stale,block,missing,missing_same_side_strict_through_support;missing_touch_freshness_or_queue_reset_evidence
398,l2Book,1782283524083,1782283524414602148,329,469.890823,False,385,1782283518720,5363,397,1782283523754,329,409,1782283529447,5364,399,1782283524528,445,latest_l2_received_before_or_at_candidate,latest_l2_exchange_time_before_candidate,79,417851,real_bbo_history_touch_stability,pass,reset_supported,missing_same_side_strict_through_support
399,trades,1782283524528,1782283524737971755,445,323.369607,False,398,1782283524083,445,397,1782283523754,774,409,1782283529447,4919,400,1782283525077,549,latest_l2_received_before_or_at_candidate,latest_l2_exchange_time_before_candidate,79,418296,real_bbo_history_touch_stability,pass,reset_supported,missing_same_side_strict_through_support
400,trades,1782283525077,1782283525385648032,549,647.676277,False,398,1782283524083,994,399,1782283524528,549,409,1782283529447,4370,401,1782283525295,218,latest_l2_received_before_or_at_candidate,latest_l2_exchange_time_before_candidate,79,418845,real_bbo_history_touch_stability,pass,reset_supported,
401,trades,1782283525295,1782283525586202026,218,200.553994,False,398,1782283524083,1212,400,1782283525077,218,409,1782283529447,4152,402,1782283525533,238,latest_l2_received_before_or_at_candidate,latest_l2_exchange_time_before_candidate,79,419063,real_bbo_history_touch_stability,pass,reset_supported,
402,trades,1782283525533,1782283525815609114,238,229.407088,False,398,1782283524083,1450,401,1782283525295,238,409,1782283529447,3914,403,1782283526066,533,latest_l2_received_before_or_at_candidate,latest_l2_exchange_time_before_candidate,79,419301,real_bbo_history_touch_stability,pass,reset_supported,
403,trades,1782283526066,1782283526422978135,533,607.369021,False,398,1782283524083,1983,402,1782283525533,533,409,1782283529447,3381,404,1782283526335,269,latest_l2_received_before_or_at_candidate,latest_l2_exchange_time_before_candidate,79,419834,real_bbo_history_touch_stability,pass,reset_supported,
404,trades,1782283526335,1782283526987571637,269,564.593502,False,398,1782283524083,2252,403,1782283526066,269,409,1782283529447,3112,405,1782283528133,1798,latest_l2_received_before_or_at_candidate,latest_l2_exchange_time_before_candidate,79,420103,real_bbo_history_touch_stability,pass,reset_supported,
405,trades,1782283528133,1782283528330230924,1798,1342.659287,False,398,1782283524083,4050,404,1782283526335,1798,409,1782283529447,1314,406,1782283528801,668,latest_l2_received_before_or_at_candidate,latest_l2_exchange_time_before_candidate,79,421901,real_bbo_history_touch_stability,pass,reset_supported,
406,trades,1782283528801,1782283529006605792,668,676.374868,False,398,1782283524083,4718,405,1782283528133,668,409,1782283529447,646,407,1782283529004,203,latest_l2_received_before_or_at_candidate,latest_l2_exchange_time_before_candidate,79,422569,real_bbo_history_touch_stability,pass,reset_supported,
407,trades,1782283529004,1782283529286438652,203,279.83286,False,398,1782283524083,4921,406,1782283528801,203,409,1782283529447,443,408,1782283529136,132,latest_l2_received_before_or_at_candidate,latest_l2_exchange_time_before_candidate,79,422772,real_bbo_history_touch_stability,pass,reset_supported,
408,trades,1782283529136,1782283529337129948,132,50.691296,False,398,1782283524083,5053,407,1782283529004,132,409,1782283529447,311,410,1782283529959,823,latest_l2_received_before_or_at_candidate,latest_l2_exchange_time_before_candidate,79,422904,real_bbo_history_stale,block,reset_supported,missing_same_side_strict_through_support;missing_touch_freshness_or_queue_reset_evidence;missing_recent_same_side_at_or_through_throughput
409,l2Book,1782283529447,1782283529776901578,311,439.77163,False,398,1782283524083,5364,408,1782283529136,311,423,1782283534784,5337,410,1782283529959,512,latest_l2_received_before_or_at_candidate,latest_l2_exchange_time_before_candidate,80,423215,real_bbo_history_insufficient,block,missing,missing_same_side_strict_through_support;missing_touch_freshness_or_queue_reset_evidence;missing_recent_same_side_at_or_through_throughput
410,trades,1782283529959,1782283530280396661,512,503.495083,False,409,1782283529447,512,408,1782283529136,823,423,1782283534784,4825,411,1782283530127,168,latest_l2_received_before_or_at_candidate,latest_l2_exchange_time_before_candidate,80,423727,real_bbo_history_touch_stability,pass,missing,
411,trades,1782283530127,1782283530381411130,168,101.014469,False,409,1782283529447,680,410,1782283529959,168,423,1782283534784,4657,412,1782283530925,798,latest_l2_received_before_or_at_candidate,latest_l2_exchange_time_before_candidate,80,423895,real_bbo_history_touch_stability,pass,missing,
412,trades,1782283530925,1782283531114422331,798,733.011201,False,409,1782283529447,1478,411,1782283530127,798,423,1782283534784,3859,413,1782283531398,473,latest_l2_received_before_or_at_candidate,latest_l2_exchange_time_before_candidate,80,424693,real_bbo_history_touch_stability,pass,missing,
413,trades,1782283531398,1782283531721420378,473,606.998047,False,409,1782283529447,1951,412,1782283530925,473,423,1782283534784,3386,414,1782283531567,169,latest_l2_received_before_or_at_candidate,latest_l2_exchange_time_before_candidate,80,425166,real_bbo_history_touch_stability,pass,missing,
414,trades,1782283531567,1782283531888740432,169,167.320054,False,409,1782283529447,2120,413,1782283531398,169,423,1782283534784,3217,415,1782283531664,97,latest_l2_received_before_or_at_candidate,latest_l2_exchange_time_before_candidate,80,425335,real_bbo_history_touch_stability,pass,missing,
415,trades,1782283531664,1782283531916918062,97,28.17763,False,409,1782283529447,2217,414,1782283531567,97,423,1782283534784,3120,416,1782283532481,817,latest_l2_received_before_or_at_candidate,latest_l2_exchange_time_before_candidate,80,425432,real_bbo_history_touch_stability,pass,missing,
416,trades,1782283532481,1782283532699215328,817,782.297266,False,409,1782283529447,3034,415,1782283531664,817,423,1782283534784,2303,417,1782283532548,67,latest_l2_received_before_or_at_candidate,latest_l2_exchange_time_before_candidate,80,426249,real_bbo_history_touch_stability,pass,missing,
417,trades,1782283532548,1782283532739976481,67,40.761153,False,409,1782283529447,3101,416,1782283532481,67,423,1782283534784,2236,418,1782283532950,402,latest_l2_received_before_or_at_candidate,latest_l2_exchange_time_before_candidate,80,426316,real_bbo_history_touch_stability,pass,missing,
418,trades,1782283532950,1782283533139062630,402,399.086149,False,409,1782283529447,3503,417,1782283532548,402,423,1782283534784,1834,419,1782283533373,423,latest_l2_received_before_or_at_candidate,latest_l2_exchange_time_before_candidate,80,426718,real_bbo_history_touch_stability,pass,missing,
419,trades,1782283533373,1782283533568996650,423,429.93402,False,409,1782283529447,3926,418,1782283532950,423,423,1782283534784,1411,420,1782283534176,803,latest_l2_received_before_or_at_candidate,latest_l2_exchange_time_before_candidate,80,427141,real_bbo_history_touch_stability,pass,missing,
420,trades,1782283534176,1782283534355107370,803,786.11072,False,409,1782283529447,4729,419,1782283533373,803,423,1782283534784,608,421,1782283534381,205,latest_l2_received_before_or_at_candidate,latest_l2_exchange_time_before_candidate,80,427944,real_bbo_history_touch_stability,pass,missing,
421,trades,1782283534381,1782283534592570829,205,237.463459,False,409,1782283529447,4934,420,1782283534176,205,423,1782283534784,403,422,1782283534450,69,latest_l2_received_before_or_at_candidate,latest_l2_exchange_time_before_candidate,80,428149,real_bbo_history_touch_stability,pass,missing,
422,trades,1782283534450,1782283534634601594,69,42.030765,False,409,1782283529447,5003,421,1782283534381,69,423,1782283534784,334,424,1782283536075,1625,latest_l2_received_before_or_at_candidate,latest_l2_exchange_time_before_candidate,80,428218,real_bbo_history_stale,block,missing,missing_same_side_strict_through_support;missing_touch_freshness_or_queue_reset_evidence
423,l2Book,1782283534784,1782283535075648112,334,441.046518,False,409,1782283529447,5337,422,1782283534450,334,429,1782283540107,5323,424,1782283536075,1291,latest_l2_received_before_or_at_candidate,latest_l2_exchange_time_before_candidate,81,428552,real_bbo_history_touch_stability,pass,not_reset,missing_same_side_strict_through_support
424,trades,1782283536075,1782283536340685889,1291,1265.037777,False,423,1782283534784,1291,422,1782283534450,1625,429,1782283540107,4032,425,1782283538011,1936,latest_l2_received_before_or_at_candidate,latest_l2_exchange_time_before_candidate,81,429843,real_bbo_history_touch_stability,pass,not_reset,missing_same_side_strict_through_support
425,trades,1782283538011,1782283538336036964,1936,1995.351075,False,423,1782283534784,3227,424,1782283536075,1936,429,1782283540107,2096,426,1782283538358,347,latest_l2_received_before_or_at_candidate,latest_l2_exchange_time_before_candidate,81,431779,real_bbo_history_touch_stability,pass,not_reset,missing_same_side_strict_through_support;missing_recent_same_side_at_or_through_throughput
426,trades,1782283538358,1782283538576265006,347,240.228042,False,423,1782283534784,3574,425,1782283538011,347,429,1782283540107,1749,427,1782283538514,156,latest_l2_received_before_or_at_candidate,latest_l2_exchange_time_before_candidate,81,432126,real_bbo_history_touch_stability,pass,not_reset,outside_quality_a_b_queue_bands
427,trades,1782283538514,1782283538816685164,156,240.420158,False,423,1782283534784,3730,426,1782283538358,156,429,1782283540107,1593,428,1782283539512,998,latest_l2_received_before_or_at_candidate,latest_l2_exchange_time_before_candidate,81,432282,real_bbo_history_touch_stability,pass,not_reset,outside_quality_a_b_queue_bands
428,trades,1782283539512,1782283539703999370,998,887.314206,False,423,1782283534784,4728,427,1782283538514,998,429,1782283540107,595,430,1782283540812,1300,latest_l2_received_before_or_at_candidate,latest_l2_exchange_time_before_candidate,81,433280,real_bbo_history_touch_stability,pass,not_reset,outside_quality_a_b_queue_bands
429,l2Book,1782283540107,1782283540420356316,595,716.356946,False,423,1782283534784,5323,428,1782283539512,595,439,1782283545467,5360,430,1782283540812,705,latest_l2_received_before_or_at_candidate,latest_l2_exchange_time_before_candidate,82,433875,real_bbo_history_insufficient,block,missing,missing_same_side_strict_through_support;missing_touch_freshness_or_queue_reset_evidence
430,trades,1782283540812,1782283541007608370,705,587.252054,False,429,1782283540107,705,428,1782283539512,1300,439,1782283545467,4655,431,1782283541278,466,latest_l2_received_before_or_at_candidate,latest_l2_exchange_time_before_candidate,82,434580,real_bbo_history_touch_stability,pass,missing,missing_same_side_strict_through_support
431,trades,1782283541278,1782283541740940106,466,733.331736,False,429,1782283540107,1171,430,1782283540812,466,439,1782283545467,4189,432,1782283541489,211,latest_l2_received_before_or_at_candidate,latest_l2_exchange_time_before_candidate,82,435046,real_bbo_history_touch_stability,pass,missing,missing_same_side_strict_through_support
432,trades,1782283541489,1782283541868701592,211,127.761486,False,429,1782283540107,1382,431,1782283541278,211,439,1782283545467,3978,433,1782283542039,550,latest_l2_received_before_or_at_candidate,latest_l2_exchange_time_before_candidate,82,435257,real_bbo_history_touch_stability,pass,missing,missing_same_side_strict_through_support
433,trades,1782283542039,1782283542335982804,550,467.281212,False,429,1782283540107,1932,432,1782283541489,550,439,1782283545467,3428,434,1782283543322,1283,latest_l2_received_before_or_at_candidate,latest_l2_exchange_time_before_candidate,82,435807,real_bbo_history_touch_stability,pass,missing,missing_same_side_strict_through_support
434,trades,1782283543322,1782283543607509596,1283,1271.526792,False,429,1782283540107,3215,433,1782283542039,1283,439,1782283545467,2145,435,1782283544053,731,latest_l2_received_before_or_at_candidate,latest_l2_exchange_time_before_candidate,82,437090,real_bbo_history_touch_stability,pass,missing,missing_same_side_strict_through_support
435,trades,1782283544053,1782283544283331949,731,675.822353,False,429,1782283540107,3946,434,1782283543322,731,439,1782283545467,1414,436,1782283544193,140,latest_l2_received_before_or_at_candidate,latest_l2_exchange_time_before_candidate,82,437821,real_bbo_history_touch_stability,pass,missing,missing_same_side_strict_through_support
436,trades,1782283544193,1782283544370435766,140,87.103817,False,429,1782283540107,4086,435,1782283544053,140,439,1782283545467,1274,437,1782283544392,199,latest_l2_received_before_or_at_candidate,latest_l2_exchange_time_before_candidate,82,437961,real_bbo_history_touch_stability,pass,missing,missing_same_side_strict_through_support
437,trades,1782283544392,1782283544647180580,199,276.744814,False,429,1782283540107,4285,436,1782283544193,199,439,1782283545467,1075,438,1782283544593,201,latest_l2_received_before_or_at_candidate,latest_l2_exchange_time_before_candidate,82,438160,real_bbo_history_touch_stability,pass,missing,missing_same_side_strict_through_support
438,trades,1782283544593,1782283544785026267,201,137.845687,False,429,1782283540107,4486,437,1782283544392,201,439,1782283545467,874,440,1782283545803,1210,latest_l2_received_before_or_at_candidate,latest_l2_exchange_time_before_candidate,82,438361,real_bbo_history_touch_stability,pass,missing,missing_same_side_strict_through_support
439,l2Book,1782283545467,1782283545751901353,874,966.875086,False,429,1782283540107,5360,438,1782283544593,874,446,1782283550941,5474,440,1782283545803,336,latest_l2_received_before_or_at_candidate,latest_l2_exchange_time_before_candidate,83,439235,real_bbo_history_touch_stability,pass,reset_supported,missing_same_side_strict_through_support
440,trades,1782283545803,1782283545979414645,336,227.513292,False,439,1782283545467,336,438,1782283544593,1210,446,1782283550941,5138,441,1782283546911,1108,latest_l2_received_before_or_at_candidate,latest_l2_exchange_time_before_candidate,83,439571,real_bbo_history_touch_stability,pass,reset_supported,missing_same_side_strict_through_support
441,trades,1782283546911,1782283547105664012,1108,1126.249367,False,439,1782283545467,1444,440,1782283545803,1108,446,1782283550941,4030,442,1782283546976,65,latest_l2_received_before_or_at_candidate,latest_l2_exchange_time_before_candidate,83,440679,real_bbo_history_touch_stability,pass,reset_supported,missing_same_side_strict_through_support
442,trades,1782283546976,1782283547162467817,65,56.803805,False,439,1782283545467,1509,441,1782283546911,65,446,1782283550941,3965,443,1782283548000,1024,latest_l2_received_before_or_at_candidate,latest_l2_exchange_time_before_candidate,83,440744,real_bbo_history_touch_stability,pass,reset_supported,missing_same_side_strict_through_support
443,trades,1782283548000,1782283548252875998,1024,1090.408181,False,439,1782283545467,2533,442,1782283546976,1024,446,1782283550941,2941,444,1782283548627,627,latest_l2_received_before_or_at_candidate,latest_l2_exchange_time_before_candidate,83,441768,real_bbo_history_touch_stability,pass,reset_supported,missing_same_side_strict_through_support
444,trades,1782283548627,1782283548848606142,627,595.730144,False,439,1782283545467,3160,443,1782283548000,627,446,1782283550941,2314,445,1782283549385,758,latest_l2_received_before_or_at_candidate,latest_l2_exchange_time_before_candidate,83,442395,real_bbo_history_touch_stability,pass,reset_supported,missing_same_side_strict_through_support
445,trades,1782283549385,1782283549607328005,758,758.721863,False,439,1782283545467,3918,444,1782283548627,758,446,1782283550941,1556,447,1782283551077,1692,latest_l2_received_before_or_at_candidate,latest_l2_exchange_time_before_candidate,83,443153,real_bbo_history_touch_stability,pass,reset_supported,missing_same_side_strict_through_support
446,l2Book,1782283550941,1782283551233784104,1556,1626.456099,False,439,1782283545467,5474,445,1782283549385,1556,457,1782283556437,5496,447,1782283551077,136,latest_l2_received_before_or_at_candidate,latest_l2_exchange_time_before_candidate,84,444709,real_bbo_history_insufficient,block,missing,missing_touch_freshness_or_queue_reset_evidence
447,trades,1782283551077,1782283551333175410,136,99.391306,False,446,1782283550941,136,445,1782283549385,1692,457,1782283556437,5360,448,1782283551145,68,latest_l2_received_before_or_at_candidate,latest_l2_exchange_time_before_candidate,84,444845,real_bbo_history_insufficient,block,missing,missing_same_side_strict_through_support;missing_touch_freshness_or_queue_reset_evidence;missing_recent_same_side_at_or_through_throughput
448,trades,1782283551145,1782283551350434923,68,17.259513,False,446,1782283550941,204,447,1782283551077,68,457,1782283556437,5292,449,1782283551278,133,latest_l2_received_before_or_at_candidate,latest_l2_exchange_time_before_candidate,84,444913,real_bbo_history_insufficient,block,missing,missing_same_side_strict_through_support;missing_touch_freshness_or_queue_reset_evidence;missing_recent_same_side_at_or_through_throughput
449,trades,1782283551278,1782283551417760837,133,67.325914,False,446,1782283550941,337,448,1782283551145,133,457,1782283556437,5159,450,1782283552024,746,latest_l2_received_before_or_at_candidate,latest_l2_exchange_time_before_candidate,84,445046,real_bbo_history_touch_stability,pass,missing,missing_same_side_strict_through_support;missing_recent_same_side_at_or_through_throughput
450,trades,1782283552024,1782283552357525870,746,939.765033,False,446,1782283550941,1083,449,1782283551278,746,457,1782283556437,4413,451,1782283553306,1282,latest_l2_received_before_or_at_candidate,latest_l2_exchange_time_before_candidate,84,445792,real_bbo_history_touch_stability,pass,missing,missing_same_side_strict_through_support
451,trades,1782283553306,1782283553553194356,1282,1195.668486,False,446,1782283550941,2365,450,1782283552024,1282,457,1782283556437,3131,452,1782283554193,887,latest_l2_received_before_or_at_candidate,latest_l2_exchange_time_before_candidate,84,447074,real_bbo_history_touch_stability,pass,missing,missing_same_side_strict_through_support
452,trades,1782283554193,1782283554475872934,887,922.678578,False,446,1782283550941,3252,451,1782283553306,887,457,1782283556437,2244,453,1782283555019,826,latest_l2_received_before_or_at_candidate,latest_l2_exchange_time_before_candidate,84,447961,real_bbo_history_touch_stability,pass,missing,missing_same_side_strict_through_support
453,trades,1782283555019,1782283555271214302,826,795.341368,False,446,1782283550941,4078,452,1782283554193,826,457,1782283556437,1418,454,1782283555384,365,latest_l2_received_before_or_at_candidate,latest_l2_exchange_time_before_candidate,84,448787,real_bbo_history_touch_stability,pass,missing,missing_same_side_strict_through_support
454,trades,1782283555384,1782283555655252393,365,384.038091,False,446,1782283550941,4443,453,1782283555019,365,457,1782283556437,1053,455,1782283555515,131,latest_l2_received_before_or_at_candidate,latest_l2_exchange_time_before_candidate,84,449152,real_bbo_history_touch_stability,pass,missing,missing_same_side_strict_through_support;missing_recent_same_side_at_or_through_throughput
455,trades,1782283555515,1782283555732096956,131,76.844563,False,446,1782283550941,4574,454,1782283555384,131,457,1782283556437,922,456,1782283555590,75,latest_l2_received_before_or_at_candidate,latest_l2_exchange_time_before_candidate,84,449283,real_bbo_history_touch_stability,pass,missing,missing_same_side_strict_through_support;missing_recent_same_side_at_or_through_throughput
456,trades,1782283555590,1782283555790516808,75,58.419852,False,446,1782283550941,4649,455,1782283555515,75,457,1782283556437,847,458,1782283558297,2707,latest_l2_received_before_or_at_candidate,latest_l2_exchange_time_before_candidate,84,449358,real_bbo_history_touch_stability,pass,missing,missing_same_side_strict_through_support;missing_recent_same_side_at_or_through_throughput
457,l2Book,1782283556437,1782283557131456657,847,1340.939849,False,446,1782283550941,5496,456,1782283555590,847,462,1782283561965,5528,458,1782283558297,1860,latest_l2_received_before_or_at_candidate,latest_l2_exchange_time_before_candidate,85,450205,real_bbo_history_insufficient,block,missing,missing_touch_freshness_or_queue_reset_evidence
458,trades,1782283558297,1782283558490304241,1860,1358.847584,False,457,1782283556437,1860,456,1782283555590,2707,462,1782283561965,3668,459,1782283558831,534,latest_l2_received_before_or_at_candidate,latest_l2_exchange_time_before_candidate,85,452065,real_bbo_history_touch_stability,pass,missing,outside_quality_a_b_queue_bands
459,trades,1782283558831,1782283559028676535,534,538.372294,False,457,1782283556437,2394,458,1782283558297,534,462,1782283561965,3134,460,1782283559044,213,latest_l2_received_before_or_at_candidate,latest_l2_exchange_time_before_candidate,85,452599,real_bbo_history_touch_stability,pass,missing,missing_same_side_strict_through_support
460,trades,1782283559044,1782283559285229650,213,256.553115,False,457,1782283556437,2607,459,1782283558831,213,462,1782283561965,2921,461,1782283559111,67,latest_l2_received_before_or_at_candidate,latest_l2_exchange_time_before_candidate,85,452812,real_bbo_history_touch_stability,pass,missing,missing_same_side_strict_through_support
461,trades,1782283559111,1782283559305497718,67,20.268068,False,457,1782283556437,2674,460,1782283559044,67,462,1782283561965,2854,463,1782283564465,5354,latest_l2_received_before_or_at_candidate,latest_l2_exchange_time_before_candidate,85,452879,real_bbo_history_touch_stability,pass,missing,missing_same_side_strict_through_support
462,l2Book,1782283561965,1782283562263687279,2854,2958.189561,False,457,1782283556437,5528,461,1782283559111,2854,467,1782283567366,5401,463,1782283564465,2500,latest_l2_received_before_or_at_candidate,latest_l2_exchange_time_before_candidate,86,455733,real_bbo_history_insufficient,block,missing,missing_same_side_strict_through_support;missing_touch_freshness_or_queue_reset_evidence
463,trades,1782283564465,1782283564656639322,2500,2392.952043,False,462,1782283561965,2500,461,1782283559111,5354,467,1782283567366,2901,464,1782283564863,398,latest_l2_received_before_or_at_candidate,latest_l2_exchange_time_before_candidate,86,458233,real_bbo_history_touch_stability,pass,missing,missing_same_side_strict_through_support
464,trades,1782283564863,1782283565010624604,398,353.985282,False,462,1782283561965,2898,463,1782283564465,398,467,1782283567366,2503,465,1782283565279,416,latest_l2_received_before_or_at_candidate,latest_l2_exchange_time_before_candidate,86,458631,real_bbo_history_touch_stability,pass,missing,missing_same_side_strict_through_support
465,trades,1782283565279,1782283565545074583,416,534.449979,False,462,1782283561965,3314,464,1782283564863,416,467,1782283567366,2087,466,1782283566067,788,latest_l2_received_before_or_at_candidate,latest_l2_exchange_time_before_candidate,86,459047,real_bbo_history_touch_stability,pass,missing,missing_same_side_strict_through_support
466,trades,1782283566067,1782283566371074215,788,825.999632,False,462,1782283561965,4102,465,1782283565279,788,467,1782283567366,1299,468,1782283568036,1969,latest_l2_received_before_or_at_candidate,latest_l2_exchange_time_before_candidate,86,459835,real_bbo_history_touch_stability,pass,missing,missing_same_side_strict_through_support
467,l2Book,1782283567366,1782283567668833912,1299,1297.759697,False,462,1782283561965,5401,466,1782283566067,1299,471,1782283572786,5420,468,1782283568036,670,latest_l2_received_before_or_at_candidate,latest_l2_exchange_time_before_candidate,87,461134,real_bbo_history_touch_stability,pass,reset_supported,missing_same_side_strict_through_support
468,trades,1782283568036,1782283568302493725,670,633.659813,False,467,1782283567366,670,466,1782283566067,1969,471,1782283572786,4750,469,1782283569068,1032,latest_l2_received_before_or_at_candidate,latest_l2_exchange_time_before_candidate,87,461804,real_bbo_history_touch_stability,pass,reset_supported,missing_same_side_strict_through_support;missing_recent_same_side_at_or_through_throughput
469,trades,1782283569068,1782283569400414309,1032,1097.920584,False,467,1782283567366,1702,468,1782283568036,1032,471,1782283572786,3718,470,1782283569366,298,latest_l2_received_before_or_at_candidate,latest_l2_exchange_time_before_candidate,87,462836,real_bbo_history_touch_stability,pass,reset_supported,missing_same_side_strict_through_support;missing_recent_same_side_at_or_through_throughput
470,trades,1782283569366,1782283569582882954,298,182.468645,False,467,1782283567366,2000,469,1782283569068,298,471,1782283572786,3420,472,1782283574007,4641,latest_l2_received_before_or_at_candidate,latest_l2_exchange_time_before_candidate,87,463134,real_bbo_history_touch_stability,pass,reset_supported,missing_same_side_strict_through_support
471,l2Book,1782283572786,1782283573104683598,3420,3521.800644,False,467,1782283567366,5420,470,1782283569366,3420,477,1782283578166,5380,472,1782283574007,1221,latest_l2_received_before_or_at_candidate,latest_l2_exchange_time_before_candidate,88,466554,real_bbo_history_touch_stability,pass,reset_supported,missing_same_side_strict_through_support;missing_recent_same_side_at_or_through_throughput
472,trades,1782283574007,1782283574258758566,1221,1154.074968,False,471,1782283572786,1221,470,1782283569366,4641,477,1782283578166,4159,473,1782283575811,1804,latest_l2_received_before_or_at_candidate,latest_l2_exchange_time_before_candidate,88,467775,real_bbo_history_touch_stability,pass,reset_supported,missing_same_side_strict_through_support
473,trades,1782283575811,1782283576003458437,1804,1744.699871,False,471,1782283572786,3025,472,1782283574007,1804,477,1782283578166,2355,474,1782283576289,478,latest_l2_received_before_or_at_candidate,latest_l2_exchange_time_before_candidate,88,469579,real_bbo_history_touch_stability,pass,reset_supported,missing_same_side_strict_through_support
474,trades,1782283576289,1782283576485664009,478,482.205572,False,471,1782283572786,3503,473,1782283575811,478,477,1782283578166,1877,475,1782283577156,867,latest_l2_received_before_or_at_candidate,latest_l2_exchange_time_before_candidate,88,470057,real_bbo_history_touch_stability,pass,reset_supported,missing_same_side_strict_through_support
475,trades,1782283577156,1782283577398589226,867,912.925217,False,471,1782283572786,4370,474,1782283576289,867,477,1782283578166,1010,476,1782283578034,878,latest_l2_received_before_or_at_candidate,latest_l2_exchange_time_before_candidate,88,470924,real_bbo_history_touch_stability,pass,reset_supported,missing_same_side_strict_through_support;missing_recent_same_side_at_or_through_throughput
476,trades,1782283578034,1782283578311934101,878,913.344875,False,471,1782283572786,5248,475,1782283577156,878,477,1782283578166,132,478,1782283578303,269,latest_l2_received_before_or_at_candidate,latest_l2_exchange_time_before_candidate,88,471802,real_bbo_history_stale,block,reset_supported,missing_same_side_strict_through_support;missing_touch_freshness_or_queue_reset_evidence
477,l2Book,1782283578166,1782283578481721877,132,169.787776,False,471,1782283572786,5380,476,1782283578034,132,487,1782283583577,5411,478,1782283578303,137,latest_l2_received_before_or_at_candidate,latest_l2_exchange_time_before_candidate,89,471934,real_bbo_history_touch_stability,pass,reset_supported,missing_same_side_strict_through_support
478,trades,1782283578303,1782283578555313055,137,73.591178,False,477,1782283578166,137,476,1782283578034,269,487,1782283583577,5274,479,1782283578371,68,latest_l2_received_before_or_at_candidate,latest_l2_exchange_time_before_candidate,89,472071,real_bbo_history_touch_stability,pass,reset_supported,missing_same_side_strict_through_support
479,trades,1782283578371,1782283578596499980,68,41.186925,False,477,1782283578166,205,478,1782283578303,68,487,1782283583577,5206,480,1782283578436,65,latest_l2_received_before_or_at_candidate,latest_l2_exchange_time_before_candidate,89,472139,real_bbo_history_touch_stability,pass,reset_supported,
480,trades,1782283578436,1782283578689076744,65,92.576764,False,477,1782283578166,270,479,1782283578371,65,487,1782283583577,5141,481,1782283578708,272,latest_l2_received_before_or_at_candidate,latest_l2_exchange_time_before_candidate,89,472204,real_bbo_history_touch_stability,pass,reset_supported,
481,trades,1782283578708,1782283579013461934,272,324.38519,False,477,1782283578166,542,480,1782283578436,272,487,1782283583577,4869,482,1782283579178,470,latest_l2_received_before_or_at_candidate,latest_l2_exchange_time_before_candidate,89,472476,real_bbo_history_touch_stability,pass,reset_supported,
482,trades,1782283579178,1782283579402534780,470,389.072846,False,477,1782283578166,1012,481,1782283578708,470,487,1782283583577,4399,483,1782283579320,142,latest_l2_received_before_or_at_candidate,latest_l2_exchange_time_before_candidate,89,472946,real_bbo_history_touch_stability,pass,reset_supported,
483,trades,1782283579320,1782283579588616145,142,186.081365,False,477,1782283578166,1154,482,1782283579178,142,487,1782283583577,4257,484,1782283581052,1732,latest_l2_received_before_or_at_candidate,latest_l2_exchange_time_before_candidate,89,473088,real_bbo_history_touch_stability,pass,reset_supported,
484,trades,1782283581052,1782283581311222690,1732,1722.606545,False,477,1782283578166,2886,483,1782283579320,1732,487,1782283583577,2525,485,1782283581813,761,latest_l2_received_before_or_at_candidate,latest_l2_exchange_time_before_candidate,89,474820,real_bbo_history_touch_stability,pass,reset_supported,
485,trades,1782283581813,1782283582091972436,761,780.749746,False,477,1782283578166,3647,484,1782283581052,761,487,1782283583577,1764,486,1782283583096,1283,latest_l2_received_before_or_at_candidate,latest_l2_exchange_time_before_candidate,89,475581,real_bbo_history_touch_stability,pass,reset_supported,
486,trades,1782283583096,1782283583360253231,1283,1268.280795,False,477,1782283578166,4930,485,1782283581813,1283,487,1782283583577,481,488,1782283584395,1299,latest_l2_received_before_or_at_candidate,latest_l2_exchange_time_before_candidate,89,476864,real_bbo_history_touch_stability,pass,reset_supported,missing_same_side_strict_through_support;missing_recent_same_side_at_or_through_throughput
487,l2Book,1782283583577,1782283583878666595,481,518.413364,False,477,1782283578166,5411,486,1782283583096,481,494,1782283589010,5433,488,1782283584395,818,latest_l2_received_before_or_at_candidate,latest_l2_exchange_time_before_candidate,90,477345,real_bbo_history_insufficient,block,missing,missing_same_side_strict_through_support;missing_touch_freshness_or_queue_reset_evidence;missing_recent_same_side_at_or_through_throughput
488,trades,1782283584395,1782283584589956156,818,711.289561,False,487,1782283583577,818,486,1782283583096,1299,494,1782283589010,4615,489,1782283584997,602,latest_l2_received_before_or_at_candidate,latest_l2_exchange_time_before_candidate,90,478163,real_bbo_history_touch_stability,pass,missing,missing_same_side_strict_through_support;missing_recent_same_side_at_or_through_throughput
489,trades,1782283584997,1782283585177270159,602,587.314003,False,487,1782283583577,1420,488,1782283584395,602,494,1782283589010,4013,490,1782283585059,62,latest_l2_received_before_or_at_candidate,latest_l2_exchange_time_before_candidate,90,478765,real_bbo_history_touch_stability,pass,missing,missing_same_side_strict_through_support;missing_recent_same_side_at_or_through_throughput
490,trades,1782283585059,1782283585294134919,62,116.86476,False,487,1782283583577,1482,489,1782283584997,62,494,1782283589010,3951,491,1782283585669,610,latest_l2_received_before_or_at_candidate,latest_l2_exchange_time_before_candidate,90,478827,real_bbo_history_touch_stability,pass,missing,missing_same_side_strict_through_support
491,trades,1782283585669,1782283585856808056,610,562.673137,False,487,1782283583577,2092,490,1782283585059,610,494,1782283589010,3341,492,1782283588397,2728,latest_l2_received_before_or_at_candidate,latest_l2_exchange_time_before_candidate,90,479437,real_bbo_history_touch_stability,pass,missing,missing_same_side_strict_through_support
492,trades,1782283588397,1782283588584166340,2728,2727.358284,False,487,1782283583577,4820,491,1782283585669,2728,494,1782283589010,613,493,1782283589010,613,latest_l2_received_before_or_at_candidate,latest_l2_exchange_time_before_candidate,90,482165,real_bbo_history_touch_stability,pass,missing,missing_same_side_strict_through_support
493,trades,1782283589010,1782283589336721448,613,752.555108,False,487,1782283583577,5433,492,1782283588397,613,494,1782283589010,0,496,1782283596556,7546,latest_l2_received_before_or_at_candidate,latest_l2_exchange_time_before_candidate,90,482778,real_bbo_history_stale,block,missing,missing_same_side_strict_through_support;missing_touch_freshness_or_queue_reset_evidence
494,l2Book,1782283589010,1782283589337085733,0,0.364285,False,487,1782283583577,5433,493,1782283589010,0,495,1782283594359,5349,496,1782283596556,7546,latest_l2_received_before_or_at_candidate,latest_l2_exchange_time_before_candidate,91,482778,real_bbo_history_touch_stability,pass,reset_supported,missing_same_side_strict_through_support
495,l2Book,1782283594359,1782283594655010408,5349,5317.924675,False,494,1782283589010,5349,493,1782283589010,5349,499,1782283599737,5378,496,1782283596556,2197,latest_l2_received_before_or_at_candidate,latest_l2_exchange_time_before_candidate,92,488127,real_bbo_history_touch_stability,pass,reset_supported,missing_same_side_strict_through_support;missing_recent_same_side_at_or_through_throughput
496,trades,1782283596556,1782283596820876462,2197,2165.866054,False,495,1782283594359,2197,493,1782283589010,7546,499,1782283599737,3181,497,1782283598031,1475,latest_l2_received_before_or_at_candidate,latest_l2_exchange_time_before_candidate,92,490324,real_bbo_history_touch_stability,pass,reset_supported,missing_same_side_strict_through_support;missing_recent_same_side_at_or_through_throughput
497,trades,1782283598031,1782283598249601452,1475,1428.72499,False,495,1782283594359,3672,496,1782283596556,1475,499,1782283599737,1706,498,1782283598298,267,latest_l2_received_before_or_at_candidate,latest_l2_exchange_time_before_candidate,92,491799,real_bbo_history_touch_stability,pass,reset_supported,missing_same_side_strict_through_support;missing_recent_same_side_at_or_through_throughput
498,trades,1782283598298,1782283598496203715,267,246.602263,False,495,1782283594359,3939,497,1782283598031,267,499,1782283599737,1439,500,1782283604059,5761,latest_l2_received_before_or_at_candidate,latest_l2_exchange_time_before_candidate,92,492066,real_bbo_history_touch_stability,pass,reset_supported,missing_same_side_strict_through_support;missing_recent_same_side_at_or_through_throughput
499,l2Book,1782283599737,1782283600026201936,1439,1529.998221,False,495,1782283594359,5378,498,1782283598298,1439,502,1782283605075,5338,500,1782283604059,4322,latest_l2_received_before_or_at_candidate,latest_l2_exchange_time_before_candidate,93,493505,real_bbo_history_touch_stability,pass,reset_supported,missing_same_side_strict_through_support;missing_recent_same_side_at_or_through_throughput
500,trades,1782283604059,1782283604314063788,4322,4287.861852,False,499,1782283599737,4322,498,1782283598298,5761,502,1782283605075,1016,501,1782283604808,749,latest_l2_received_before_or_at_candidate,latest_l2_exchange_time_before_candidate,93,497827,real_bbo_history_touch_stability,pass,reset_supported,missing_same_side_strict_through_support
501,trades,1782283604808,1782283604995169293,749,681.105505,False,499,1782283599737,5071,500,1782283604059,749,502,1782283605075,267,503,1782283606783,1975,latest_l2_received_before_or_at_candidate,latest_l2_exchange_time_before_candidate,93,498576,real_bbo_history_stale,block,reset_supported,missing_same_side_strict_through_support;missing_touch_freshness_or_queue_reset_evidence
502,l2Book,1782283605075,1782283605398382639,267,403.213346,False,499,1782283599737,5338,501,1782283604808,267,506,1782283610502,5427,503,1782283606783,1708,latest_l2_received_before_or_at_candidate,latest_l2_exchange_time_before_candidate,94,498843,real_bbo_history_insufficient,block,missing,missing_touch_freshness_or_queue_reset_evidence
503,trades,1782283606783,1782283607164114041,1708,1765.731402,False,502,1782283605075,1708,501,1782283604808,1975,506,1782283610502,3719,504,1782283608004,1221,latest_l2_received_before_or_at_candidate,latest_l2_exchange_time_before_candidate,94,500551,real_bbo_history_touch_stability,pass,missing,outside_quality_a_b_queue_bands
504,trades,1782283608004,1782283608250261693,1221,1086.147652,False,502,1782283605075,2929,503,1782283606783,1221,506,1782283610502,2498,505,1782283610451,2447,latest_l2_received_before_or_at_candidate,latest_l2_exchange_time_before_candidate,94,501772,real_bbo_history_touch_stability,pass,missing,missing_same_side_strict_through_support;missing_recent_same_side_at_or_through_throughput
505,trades,1782283610451,1782283610637835916,2447,2387.574223,False,502,1782283605075,5376,504,1782283608004,2447,506,1782283610502,51,507,1782283611055,604,latest_l2_received_before_or_at_candidate,latest_l2_exchange_time_before_candidate,94,504219,real_bbo_history_stale,block,missing,missing_same_side_strict_through_support;missing_touch_freshness_or_queue_reset_evidence;missing_recent_same_side_at_or_through_throughput
506,l2Book,1782283610502,1782283610797505632,51,159.669716,False,502,1782283605075,5427,505,1782283610451,51,517,1782283615904,5402,507,1782283611055,553,latest_l2_received_before_or_at_candidate,latest_l2_exchange_time_before_candidate,95,504270,real_bbo_history_insufficient,block,missing,missing_touch_freshness_or_queue_reset_evidence
507,trades,1782283611055,1782283611411348258,553,613.842626,False,506,1782283610502,553,505,1782283610451,604,517,1782283615904,4849,508,1782283611711,656,latest_l2_received_before_or_at_candidate,latest_l2_exchange_time_before_candidate,95,504823,real_bbo_history_touch_stability,pass,missing,missing_same_side_strict_through_support;missing_recent_same_side_at_or_through_throughput
508,trades,1782283611711,1782283611932905413,656,521.557155,False,506,1782283610502,1209,507,1782283611055,656,517,1782283615904,4193,509,1782283611780,69,latest_l2_received_before_or_at_candidate,latest_l2_exchange_time_before_candidate,95,505479,real_bbo_history_touch_stability,pass,missing,missing_same_side_strict_through_support;missing_recent_same_side_at_or_through_throughput
509,trades,1782283611780,1782283611997665771,69,64.760358,False,506,1782283610502,1278,508,1782283611711,69,517,1782283615904,4124,510,1782283611918,138,latest_l2_received_before_or_at_candidate,latest_l2_exchange_time_before_candidate,95,505548,real_bbo_history_touch_stability,pass,missing,missing_same_side_strict_through_support;missing_recent_same_side_at_or_through_throughput
510,trades,1782283611918,1782283612378728621,138,381.06285,False,506,1782283610502,1416,509,1782283611780,138,517,1782283615904,3986,511,1782283612537,619,latest_l2_received_before_or_at_candidate,latest_l2_exchange_time_before_candidate,95,505686,real_bbo_history_touch_stability,pass,missing,missing_same_side_strict_through_support;missing_recent_same_side_at_or_through_throughput
511,trades,1782283612537,1782283612736981536,619,358.252915,False,506,1782283610502,2035,510,1782283611918,619,517,1782283615904,3367,512,1782283613016,479,latest_l2_received_before_or_at_candidate,latest_l2_exchange_time_before_candidate,95,506305,real_bbo_history_touch_stability,pass,missing,missing_same_side_strict_through_support;missing_recent_same_side_at_or_through_throughput
512,trades,1782283613016,1782283613307175114,479,570.193578,False,506,1782283610502,2514,511,1782283612537,479,517,1782283615904,2888,513,1782283613155,139,latest_l2_received_before_or_at_candidate,latest_l2_exchange_time_before_candidate,95,506784,real_bbo_history_touch_stability,pass,missing,missing_same_side_strict_through_support;missing_recent_same_side_at_or_through_throughput
513,trades,1782283613155,1782283613393314122,139,86.139008,False,506,1782283610502,2653,512,1782283613016,139,517,1782283615904,2749,514,1782283613355,200,latest_l2_received_before_or_at_candidate,latest_l2_exchange_time_before_candidate,95,506923,real_bbo_history_touch_stability,pass,missing,missing_same_side_strict_through_support;missing_recent_same_side_at_or_through_throughput
514,trades,1782283613355,1782283613603362842,200,210.04872,False,506,1782283610502,2853,513,1782283613155,200,517,1782283615904,2549,515,1782283613991,636,latest_l2_received_before_or_at_candidate,latest_l2_exchange_time_before_candidate,95,507123,real_bbo_history_touch_stability,pass,missing,missing_same_side_strict_through_support;missing_recent_same_side_at_or_through_throughput
515,trades,1782283613991,1782283614217682111,636,614.319269,False,506,1782283610502,3489,514,1782283613355,636,517,1782283615904,1913,516,1782283615026,1035,latest_l2_received_before_or_at_candidate,latest_l2_exchange_time_before_candidate,95,507759,real_bbo_history_touch_stability,pass,missing,missing_same_side_strict_through_support;missing_recent_same_side_at_or_through_throughput
516,trades,1782283615026,1782283615269466207,1035,1051.784096,False,506,1782283610502,4524,515,1782283613991,1035,517,1782283615904,878,518,1782283616040,1014,latest_l2_received_before_or_at_candidate,latest_l2_exchange_time_before_candidate,95,508794,real_bbo_history_touch_stability,pass,missing,missing_same_side_strict_through_support;missing_recent_same_side_at_or_through_throughput
517,l2Book,1782283615904,1782283616220504198,878,951.037991,False,506,1782283610502,5402,516,1782283615026,878,524,1782283621265,5361,518,1782283616040,136,latest_l2_received_before_or_at_candidate,latest_l2_exchange_time_before_candidate,96,509672,real_bbo_history_insufficient,block,missing,missing_same_side_strict_through_support;missing_touch_freshness_or_queue_reset_evidence
518,trades,1782283616040,1782283616344657299,136,124.153101,False,517,1782283615904,136,516,1782283615026,1014,524,1782283621265,5225,519,1782283616175,135,latest_l2_received_before_or_at_candidate,latest_l2_exchange_time_before_candidate,96,509808,real_bbo_history_insufficient,block,missing,missing_same_side_strict_through_support;missing_touch_freshness_or_queue_reset_evidence
519,trades,1782283616175,1782283616421206383,135,76.549084,False,517,1782283615904,271,518,1782283616040,135,524,1782283621265,5090,520,1782283618205,2030,latest_l2_received_before_or_at_candidate,latest_l2_exchange_time_before_candidate,96,509943,real_bbo_history_touch_stability,pass,missing,missing_same_side_strict_through_support
520,trades,1782283618205,1782283618417321259,2030,1996.114876,False,517,1782283615904,2301,519,1782283616175,2030,524,1782283621265,3060,521,1782283619023,818,latest_l2_received_before_or_at_candidate,latest_l2_exchange_time_before_candidate,96,511973,real_bbo_history_touch_stability,pass,missing,missing_same_side_strict_through_support;missing_recent_same_side_at_or_through_throughput
521,trades,1782283619023,1782283619269491543,818,852.170284,False,517,1782283615904,3119,520,1782283618205,818,524,1782283621265,2242,522,1782283619642,619,latest_l2_received_before_or_at_candidate,latest_l2_exchange_time_before_candidate,96,512791,real_bbo_history_touch_stability,pass,missing,missing_same_side_strict_through_support;missing_recent_same_side_at_or_through_throughput
522,trades,1782283619642,1782283619924183873,619,654.69233,False,517,1782283615904,3738,521,1782283619023,619,524,1782283621265,1623,523,1782283621197,1555,latest_l2_received_before_or_at_candidate,latest_l2_exchange_time_before_candidate,96,513410,real_bbo_history_touch_stability,pass,missing,missing_same_side_strict_through_support;missing_recent_same_side_at_or_through_throughput
523,trades,1782283621197,1782283621404550029,1555,1480.366156,False,517,1782283615904,5293,522,1782283619642,1555,524,1782283621265,68,525,1782283622074,877,latest_l2_received_before_or_at_candidate,latest_l2_exchange_time_before_candidate,96,514965,real_bbo_history_stale,block,missing,missing_same_side_strict_through_support;missing_touch_freshness_or_queue_reset_evidence;missing_recent_same_side_at_or_through_throughput
524,l2Book,1782283621265,1782283621583868829,68,179.3188,False,517,1782283615904,5361,523,1782283621197,68,528,1782283626627,5362,525,1782283622074,809,latest_l2_received_before_or_at_candidate,latest_l2_exchange_time_before_candidate,97,515033,real_bbo_history_insufficient,block,missing,missing_same_side_strict_through_support;missing_touch_freshness_or_queue_reset_evidence
525,trades,1782283622074,1782283622374475798,809,790.606969,False,524,1782283621265,809,523,1782283621197,877,528,1782283626627,4553,526,1782283622206,132,latest_l2_received_before_or_at_candidate,latest_l2_exchange_time_before_candidate,97,515842,real_bbo_history_touch_stability,pass,missing,missing_same_side_strict_through_support
526,trades,1782283622206,1782283622423504231,132,49.028433,False,524,1782283621265,941,525,1782283622074,132,528,1782283626627,4421,527,1782283623028,822,latest_l2_received_before_or_at_candidate,latest_l2_exchange_time_before_candidate,97,515974,real_bbo_history_touch_stability,pass,missing,
527,trades,1782283623028,1782283623328688138,822,905.183907,False,524,1782283621265,1763,526,1782283622206,822,528,1782283626627,3599,529,1782283628064,5036,latest_l2_received_before_or_at_candidate,latest_l2_exchange_time_before_candidate,97,516796,real_bbo_history_touch_stability,pass,missing,
528,l2Book,1782283626627,1782283626918905703,3599,3590.217565,False,524,1782283621265,5362,527,1782283623028,3599,530,1782283632081,5454,529,1782283628064,1437,latest_l2_received_before_or_at_candidate,latest_l2_exchange_time_before_candidate,98,520395,real_bbo_history_insufficient,block,missing,missing_same_side_strict_through_support;missing_touch_freshness_or_queue_reset_evidence;missing_recent_same_side_at_or_through_throughput
529,trades,1782283628064,1782283628299007466,1437,1380.101763,False,528,1782283626627,1437,527,1782283623028,5036,530,1782283632081,4017,531,1782283634017,5953,latest_l2_received_before_or_at_candidate,latest_l2_exchange_time_before_candidate,98,521832,real_bbo_history_touch_stability,pass,missing,missing_same_side_strict_through_support;missing_recent_same_side_at_or_through_throughput
530,l2Book,1782283632081,1782283632615803185,4017,4316.795719,False,528,1782283626627,5454,529,1782283628064,4017,533,1782283637388,5307,531,1782283634017,1936,latest_l2_received_before_or_at_candidate,latest_l2_exchange_time_before_candidate,99,525849,real_bbo_history_touch_stability,pass,reset_supported,missing_same_side_strict_through_support;missing_recent_same_side_at_or_through_throughput
531,trades,1782283634017,1782283634250988020,1936,1635.184835,False,530,1782283632081,1936,529,1782283628064,5953,533,1782283637388,3371,532,1782283635381,1364,latest_l2_received_before_or_at_candidate,latest_l2_exchange_time_before_candidate,99,527785,real_bbo_history_touch_stability,pass,reset_supported,missing_same_side_strict_through_support
532,trades,1782283635381,1782283635600296552,1364,1349.308532,False,530,1782283632081,3300,531,1782283634017,1364,533,1782283637388,2007,534,1782283638042,2661,latest_l2_received_before_or_at_candidate,latest_l2_exchange_time_before_candidate,99,529149,real_bbo_history_touch_stability,pass,reset_supported,missing_same_side_strict_through_support
533,l2Book,1782283637388,1782283637678997491,2007,2078.700939,False,530,1782283632081,5307,532,1782283635381,2007,539,1782283642790,5402,534,1782283638042,654,latest_l2_received_before_or_at_candidate,latest_l2_exchange_time_before_candidate,100,531156,real_bbo_history_touch_stability,pass,not_reset,missing_same_side_strict_through_support;missing_recent_same_side_at_or_through_throughput
534,trades,1782283638042,1782283638292663599,654,613.666108,False,533,1782283637388,654,532,1782283635381,2661,539,1782283642790,4748,535,1782283638125,83,latest_l2_received_before_or_at_candidate,latest_l2_exchange_time_before_candidate,100,531810,real_bbo_history_touch_stability,pass,not_reset,missing_same_side_strict_through_support
535,trades,1782283638125,1782283638316563239,83,23.89964,False,533,1782283637388,737,534,1782283638042,83,539,1782283642790,4665,536,1782283638327,202,latest_l2_received_before_or_at_candidate,latest_l2_exchange_time_before_candidate,100,531893,real_bbo_history_touch_stability,pass,not_reset,missing_same_side_strict_through_support
536,trades,1782283638327,1782283638537653292,202,221.090053,False,533,1782283637388,939,535,1782283638125,202,539,1782283642790,4463,537,1782283639344,1017,latest_l2_received_before_or_at_candidate,latest_l2_exchange_time_before_candidate,100,532095,real_bbo_history_touch_stability,pass,not_reset,missing_same_side_strict_through_support
537,trades,1782283639344,1782283639537736714,1017,1000.083422,False,533,1782283637388,1956,536,1782283638327,1017,539,1782283642790,3446,538,1782283641040,1696,latest_l2_received_before_or_at_candidate,latest_l2_exchange_time_before_candidate,100,533112,real_bbo_history_touch_stability,pass,not_reset,missing_same_side_strict_through_support
538,trades,1782283641040,1782283641297103697,1696,1759.366983,False,533,1782283637388,3652,537,1782283639344,1696,539,1782283642790,1750,540,1782283643872,2832,latest_l2_received_before_or_at_candidate,latest_l2_exchange_time_before_candidate,100,534808,real_bbo_history_touch_stability,pass,not_reset,missing_same_side_strict_through_support
539,l2Book,1782283642790,1782283643082793666,1750,1785.689969,False,533,1782283637388,5402,538,1782283641040,1750,544,1782283648174,5384,540,1782283643872,1082,latest_l2_received_before_or_at_candidate,latest_l2_exchange_time_before_candidate,101,536558,real_bbo_history_insufficient,block,missing,missing_same_side_strict_through_support;missing_touch_freshness_or_queue_reset_evidence;missing_recent_same_side_at_or_through_throughput
540,trades,1782283643872,1782283644143561408,1082,1060.767742,False,539,1782283642790,1082,538,1782283641040,2832,544,1782283648174,4302,541,1782283644208,336,latest_l2_received_before_or_at_candidate,latest_l2_exchange_time_before_candidate,101,537640,real_bbo_history_touch_stability,pass,missing,missing_same_side_strict_through_support;missing_recent_same_side_at_or_through_throughput
541,trades,1782283644208,1782283644422442455,336,278.881047,False,539,1782283642790,1418,540,1782283643872,336,544,1782283648174,3966,542,1782283645033,825,latest_l2_received_before_or_at_candidate,latest_l2_exchange_time_before_candidate,101,537976,real_bbo_history_touch_stability,pass,missing,missing_same_side_strict_through_support;missing_recent_same_side_at_or_through_throughput
542,trades,1782283645033,1782283645295394098,825,872.951643,False,539,1782283642790,2243,541,1782283644208,825,544,1782283648174,3141,543,1782283646179,1146,latest_l2_received_before_or_at_candidate,latest_l2_exchange_time_before_candidate,101,538801,real_bbo_history_touch_stability,pass,missing,missing_same_side_strict_through_support
543,trades,1782283646179,1782283646437147410,1146,1141.753312,False,539,1782283642790,3389,542,1782283645033,1146,544,1782283648174,1995,545,1782283648984,2805,latest_l2_received_before_or_at_candidate,latest_l2_exchange_time_before_candidate,101,539947,real_bbo_history_touch_stability,pass,missing,missing_same_side_strict_through_support
544,l2Book,1782283648174,1782283648480819020,1995,2043.67161,False,539,1782283642790,5384,543,1782283646179,1995,550,1782283653528,5354,545,1782283648984,810,latest_l2_received_before_or_at_candidate,latest_l2_exchange_time_before_candidate,102,541942,real_bbo_history_touch_stability,pass,not_reset,missing_same_side_strict_through_support
545,trades,1782283648984,1782283649166635540,810,685.81652,False,544,1782283648174,810,543,1782283646179,2805,550,1782283653528,4544,546,1782283649052,68,latest_l2_received_before_or_at_candidate,latest_l2_exchange_time_before_candidate,102,542752,real_bbo_history_touch_stability,pass,not_reset,missing_same_side_strict_through_support
546,trades,1782283649052,1782283649327104791,68,160.469251,False,544,1782283648174,878,545,1782283648984,68,550,1782283653528,4476,547,1782283651353,2301,latest_l2_received_before_or_at_candidate,latest_l2_exchange_time_before_candidate,102,542820,real_bbo_history_touch_stability,pass,not_reset,missing_same_side_strict_through_support
547,trades,1782283651353,1782283651614789309,2301,2287.684518,False,544,1782283648174,3179,546,1782283649052,2301,550,1782283653528,2175,548,1782283651422,69,latest_l2_received_before_or_at_candidate,latest_l2_exchange_time_before_candidate,102,545121,real_bbo_history_touch_stability,pass,not_reset,missing_same_side_strict_through_support
548,trades,1782283651422,1782283651639477867,69,24.688558,False,544,1782283648174,3248,547,1782283651353,69,550,1782283653528,2106,549,1782283652089,667,latest_l2_received_before_or_at_candidate,latest_l2_exchange_time_before_candidate,102,545190,real_bbo_history_touch_stability,pass,not_reset,missing_same_side_strict_through_support
549,trades,1782283652089,1782283652456209432,667,816.731565,False,544,1782283648174,3915,548,1782283651422,667,550,1782283653528,1439,551,1782283658037,5948,latest_l2_received_before_or_at_candidate,latest_l2_exchange_time_before_candidate,102,545857,real_bbo_history_touch_stability,pass,not_reset,missing_same_side_strict_through_support
550,l2Book,1782283653528,1782283653807073887,1439,1350.864455,False,544,1782283648174,5354,549,1782283652089,1439,552,1782283658913,5385,551,1782283658037,4509,latest_l2_received_before_or_at_candidate,latest_l2_exchange_time_before_candidate,103,547296,real_bbo_history_touch_stability,pass,not_reset,missing_same_side_strict_through_support
551,trades,1782283658037,1782283658259426747,4509,4452.35286,False,550,1782283653528,4509,549,1782283652089,5948,552,1782283658913,876,553,1782283660469,2432,latest_l2_received_before_or_at_candidate,latest_l2_exchange_time_before_candidate,103,551805,real_bbo_history_touch_stability,pass,not_reset,missing_same_side_strict_through_support;missing_recent_same_side_at_or_through_throughput
552,l2Book,1782283658913,1782283659219417227,876,959.99048,False,550,1782283653528,5385,551,1782283658037,876,556,1782283664387,5474,553,1782283660469,1556,latest_l2_received_before_or_at_candidate,latest_l2_exchange_time_before_candidate,104,552681,real_bbo_history_touch_stability,pass,reset_supported,missing_same_side_strict_through_support;missing_recent_same_side_at_or_through_throughput
553,trades,1782283660469,1782283660653490164,1556,1434.072937,False,552,1782283658913,1556,551,1782283658037,2432,556,1782283664387,3918,554,1782283663497,3028,latest_l2_received_before_or_at_candidate,latest_l2_exchange_time_before_candidate,104,554237,real_bbo_history_touch_stability,pass,reset_supported,missing_same_side_strict_through_support
554,trades,1782283663497,1782283663684772663,3028,3031.282499,False,552,1782283658913,4584,553,1782283660469,3028,556,1782283664387,890,555,1782283664036,539,latest_l2_received_before_or_at_candidate,latest_l2_exchange_time_before_candidate,104,557265,real_bbo_history_touch_stability,pass,reset_supported,missing_same_side_strict_through_support;missing_recent_same_side_at_or_through_throughput
555,trades,1782283664036,1782283664281552444,539,596.779781,False,552,1782283658913,5123,554,1782283663497,539,556,1782283664387,351,557,1782283664520,484,latest_l2_received_before_or_at_candidate,latest_l2_exchange_time_before_candidate,104,557804,real_bbo_history_stale,block,reset_supported,missing_same_side_strict_through_support;missing_touch_freshness_or_queue_reset_evidence
556,l2Book,1782283664387,1782283664676044874,351,394.49243,False,552,1782283658913,5474,555,1782283664036,351,566,1782283669889,5502,557,1782283664520,133,latest_l2_received_before_or_at_candidate,latest_l2_exchange_time_before_candidate,105,558155,real_bbo_history_touch_stability,pass,reset_supported,missing_same_side_strict_through_support
557,trades,1782283664520,1782283664789276546,133,113.231672,False,556,1782283664387,133,555,1782283664036,484,566,1782283669889,5369,558,1782283665874,1354,latest_l2_received_before_or_at_candidate,latest_l2_exchange_time_before_candidate,105,558288,real_bbo_history_touch_stability,pass,reset_supported,outside_quality_a_b_queue_bands
558,trades,1782283665874,1782283666070963604,1354,1281.687058,False,556,1782283664387,1487,557,1782283664520,1354,566,1782283669889,4015,559,1782283666275,401,latest_l2_received_before_or_at_candidate,latest_l2_exchange_time_before_candidate,105,559642,real_bbo_history_touch_stability,pass,reset_supported,outside_quality_a_b_queue_bands
559,trades,1782283666275,1782283666474314035,401,403.350431,False,556,1782283664387,1888,558,1782283665874,401,566,1782283669889,3614,560,1782283666817,542,latest_l2_received_before_or_at_candidate,latest_l2_exchange_time_before_candidate,105,560043,real_bbo_history_touch_stability,pass,reset_supported,outside_quality_a_b_queue_bands
560,trades,1782283666817,1782283667037009787,542,562.695752,False,556,1782283664387,2430,559,1782283666275,542,566,1782283669889,3072,561,1782283666884,67,latest_l2_received_before_or_at_candidate,latest_l2_exchange_time_before_candidate,105,560585,real_bbo_history_touch_stability,pass,reset_supported,outside_quality_a_b_queue_bands
561,trades,1782283666884,1782283667089200087,67,52.1903,False,556,1782283664387,2497,560,1782283666817,67,566,1782283669889,3005,562,1782283666947,63,latest_l2_received_before_or_at_candidate,latest_l2_exchange_time_before_candidate,105,560652,real_bbo_history_touch_stability,pass,reset_supported,outside_quality_a_b_queue_bands
562,trades,1782283666947,1782283667149085971,63,59.885884,False,556,1782283664387,2560,561,1782283666884,63,566,1782283669889,2942,563,1782283668009,1062,latest_l2_received_before_or_at_candidate,latest_l2_exchange_time_before_candidate,105,560715,real_bbo_history_touch_stability,pass,reset_supported,outside_quality_a_b_queue_bands
563,trades,1782283668009,1782283668275969555,1062,1126.883584,False,556,1782283664387,3622,562,1782283666947,1062,566,1782283669889,1880,564,1782283669104,1095,latest_l2_received_before_or_at_candidate,latest_l2_exchange_time_before_candidate,105,561777,real_bbo_history_touch_stability,pass,reset_supported,outside_quality_a_b_queue_bands
564,trades,1782283669104,1782283669313830748,1095,1037.861193,False,556,1782283664387,4717,563,1782283668009,1095,566,1782283669889,785,565,1782283669731,627,latest_l2_received_before_or_at_candidate,latest_l2_exchange_time_before_candidate,105,562872,real_bbo_history_touch_stability,pass,reset_supported,outside_quality_a_b_queue_bands
565,trades,1782283669731,1782283669947554861,627,633.724113,False,556,1782283664387,5344,564,1782283669104,627,566,1782283669889,158,567,1782283670214,483,latest_l2_received_before_or_at_candidate,latest_l2_exchange_time_before_candidate,105,563499,real_bbo_history_stale,block,reset_supported,missing_touch_freshness_or_queue_reset_evidence
566,l2Book,1782283669889,1782283670270748085,158,323.193224,False,556,1782283664387,5502,565,1782283669731,158,574,1782283675324,5435,567,1782283670214,325,latest_l2_received_before_or_at_candidate,latest_l2_exchange_time_before_candidate,106,563657,real_bbo_history_insufficient,block,missing,missing_touch_freshness_or_queue_reset_evidence
567,trades,1782283670214,1782283670427876582,325,157.128497,False,566,1782283669889,325,565,1782283669731,483,574,1782283675324,5110,568,1782283670838,624,latest_l2_received_before_or_at_candidate,latest_l2_exchange_time_before_candidate,106,563982,real_bbo_history_touch_stability,pass,missing,outside_quality_a_b_queue_bands
568,trades,1782283670838,1782283671055993223,624,628.116641,False,566,1782283669889,949,567,1782283670214,624,574,1782283675324,4486,569,1782283670897,59,latest_l2_received_before_or_at_candidate,latest_l2_exchange_time_before_candidate,106,564606,real_bbo_history_touch_stability,pass,missing,outside_quality_a_b_queue_bands
569,trades,1782283670897,1782283671099574310,59,43.581087,False,566,1782283669889,1008,568,1782283670838,59,574,1782283675324,4427,570,1782283671030,133,latest_l2_received_before_or_at_candidate,latest_l2_exchange_time_before_candidate,106,564665,real_bbo_history_touch_stability,pass,missing,outside_quality_a_b_queue_bands
570,trades,1782283671030,1782283671336567033,133,236.992723,False,566,1782283669889,1141,569,1782283670897,133,574,1782283675324,4294,571,1782283672455,1425,latest_l2_received_before_or_at_candidate,latest_l2_exchange_time_before_candidate,106,564798,real_bbo_history_touch_stability,pass,missing,outside_quality_a_b_queue_bands
571,trades,1782283672455,1782283672707365194,1425,1370.798161,False,566,1782283669889,2566,570,1782283671030,1425,574,1782283675324,2869,572,1782283674718,2263,latest_l2_received_before_or_at_candidate,latest_l2_exchange_time_before_candidate,106,566223,real_bbo_history_touch_stability,pass,missing,outside_quality_a_b_queue_bands
572,trades,1782283674718,1782283674904628791,2263,2197.263597,False,566,1782283669889,4829,571,1782283672455,2263,574,1782283675324,606,573,1782283675055,337,latest_l2_received_before_or_at_candidate,latest_l2_exchange_time_before_candidate,106,568486,real_bbo_history_touch_stability,pass,missing,outside_quality_a_b_queue_bands
573,trades,1782283675055,1782283675315334822,337,410.706031,False,566,1782283669889,5166,572,1782283674718,337,574,1782283675324,269,575,1782283679062,4007,latest_l2_received_before_or_at_candidate,latest_l2_exchange_time_before_candidate,106,568823,real_bbo_history_stale,block,missing,missing_touch_freshness_or_queue_reset_evidence
574,l2Book,1782283675324,1782283675607856639,269,292.521817,False,566,1782283669889,5435,573,1782283675055,269,576,1782283680761,5437,575,1782283679062,3738,latest_l2_received_before_or_at_candidate,latest_l2_exchange_time_before_candidate,107,569092,real_bbo_history_insufficient,block,missing,missing_same_side_strict_through_support;missing_touch_freshness_or_queue_reset_evidence
575,trades,1782283679062,1782283679306215332,3738,3698.358693,False,574,1782283675324,3738,573,1782283675055,4007,576,1782283680761,1699,577,1782283680849,1787,latest_l2_received_before_or_at_candidate,latest_l2_exchange_time_before_candidate,107,572830,real_bbo_history_touch_stability,pass,missing,missing_same_side_strict_through_support
576,l2Book,1782283680761,1782283681066851184,1699,1760.635852,False,574,1782283675324,5437,575,1782283679062,1699,578,1782283686188,5427,577,1782283680849,88,latest_l2_received_before_or_at_candidate,latest_l2_exchange_time_before_candidate,108,574529,real_bbo_history_touch_stability,pass,reset_supported,missing_same_side_strict_through_support
577,trades,1782283680849,1782283681149857105,88,83.005921,False,576,1782283680761,88,575,1782283679062,1787,578,1782283686188,5339,579,1782283687013,6164,latest_l2_received_before_or_at_candidate,latest_l2_exchange_time_before_candidate,108,574617,real_bbo_history_touch_stability,pass,reset_supported,missing_same_side_strict_through_support
578,l2Book,1782283686188,1782283686505970507,5339,5356.113402,False,576,1782283680761,5427,577,1782283680849,5339,583,1782283691540,5352,579,1782283687013,825,latest_l2_received_before_or_at_candidate,latest_l2_exchange_time_before_candidate,109,579956,real_bbo_history_touch_stability,pass,not_reset,missing_same_side_strict_through_support;missing_recent_same_side_at_or_through_throughput
579,trades,1782283687013,1782283687247617552,825,741.647045,False,578,1782283686188,825,577,1782283680849,6164,583,1782283691540,4527,580,1782283688022,1009,latest_l2_received_before_or_at_candidate,latest_l2_exchange_time_before_candidate,109,580781,real_bbo_history_touch_stability,pass,not_reset,missing_same_side_strict_through_support;missing_recent_same_side_at_or_through_throughput
580,trades,1782283688022,1782283688263906202,1009,1016.28865,False,578,1782283686188,1834,579,1782283687013,1009,583,1782283691540,3518,581,1782283691058,3036,latest_l2_received_before_or_at_candidate,latest_l2_exchange_time_before_candidate,109,581790,real_bbo_history_touch_stability,pass,not_reset,missing_same_side_strict_through_support;missing_recent_same_side_at_or_through_throughput
581,trades,1782283691058,1782283691328759388,3036,3064.853186,False,578,1782283686188,4870,580,1782283688022,3036,583,1782283691540,482,582,1782283691261,203,latest_l2_received_before_or_at_candidate,latest_l2_exchange_time_before_candidate,109,584826,real_bbo_history_touch_stability,pass,not_reset,missing_same_side_strict_through_support;missing_recent_same_side_at_or_through_throughput
582,trades,1782283691261,1782283691464898701,203,136.139313,False,578,1782283686188,5073,581,1782283691058,203,583,1782283691540,279,584,1782283694039,2778,latest_l2_received_before_or_at_candidate,latest_l2_exchange_time_before_candidate,109,585029,real_bbo_history_stale,block,not_reset,missing_same_side_strict_through_support;missing_touch_freshness_or_queue_reset_evidence;missing_recent_same_side_at_or_through_throughput
583,l2Book,1782283691540,1782283691818165311,279,353.26661,False,578,1782283686188,5352,582,1782283691261,279,587,1782283696973,5433,584,1782283694039,2499,latest_l2_received_before_or_at_candidate,latest_l2_exchange_time_before_candidate,110,585308,real_bbo_history_touch_stability,pass,not_reset,missing_same_side_strict_through_support;missing_recent_same_side_at_or_through_throughput
584,trades,1782283694039,1782283694285463670,2499,2467.298359,False,583,1782283691540,2499,582,1782283691261,2778,587,1782283696973,2934,585,1782283695685,1646,latest_l2_received_before_or_at_candidate,latest_l2_exchange_time_before_candidate,110,587807,real_bbo_history_touch_stability,pass,not_reset,missing_same_side_strict_through_support
585,trades,1782283695685,1782283695871582080,1646,1586.11841,False,583,1782283691540,4145,584,1782283694039,1646,587,1782283696973,1288,586,1782283696220,535,latest_l2_received_before_or_at_candidate,latest_l2_exchange_time_before_candidate,110,589453,real_bbo_history_touch_stability,pass,not_reset,missing_same_side_strict_through_support
586,trades,1782283696220,1782283696414251152,535,542.669072,False,583,1782283691540,4680,585,1782283695685,535,587,1782283696973,753,588,1782283697511,1291,latest_l2_received_before_or_at_candidate,latest_l2_exchange_time_before_candidate,110,589988,real_bbo_history_touch_stability,pass,not_reset,missing_same_side_strict_through_support
587,l2Book,1782283696973,1782283697272270281,753,858.019129,False,583,1782283691540,5433,586,1782283696220,753,596,1782283702376,5403,588,1782283697511,538,latest_l2_received_before_or_at_candidate,latest_l2_exchange_time_before_candidate,111,590741,real_bbo_history_touch_stability,pass,reset_supported,missing_same_side_strict_through_support
588,trades,1782283697511,1782283697867935098,538,595.664817,False,587,1782283696973,538,586,1782283696220,1291,596,1782283702376,4865,589,1782283698061,550,latest_l2_received_before_or_at_candidate,latest_l2_exchange_time_before_candidate,111,591279,real_bbo_history_touch_stability,pass,reset_supported,missing_same_side_strict_through_support
589,trades,1782283698061,1782283698386649449,550,518.714351,False,587,1782283696973,1088,588,1782283697511,550,596,1782283702376,4315,590,1782283699152,1091,latest_l2_received_before_or_at_candidate,latest_l2_exchange_time_before_candidate,111,591829,real_bbo_history_touch_stability,pass,reset_supported,missing_same_side_strict_through_support
590,trades,1782283699152,1782283699426244471,1091,1039.595022,False,587,1782283696973,2179,589,1782283698061,1091,596,1782283702376,3224,591,1782283699489,337,latest_l2_received_before_or_at_candidate,latest_l2_exchange_time_before_candidate,111,592920,real_bbo_history_touch_stability,pass,reset_supported,missing_same_side_strict_through_support
591,trades,1782283699489,1782283699668750131,337,242.50566,False,587,1782283696973,2516,590,1782283699152,337,596,1782283702376,2887,592,1782283699690,201,latest_l2_received_before_or_at_candidate,latest_l2_exchange_time_before_candidate,111,593257,real_bbo_history_touch_stability,pass,reset_supported,missing_same_side_strict_through_support
592,trades,1782283699690,1782283699957513192,201,288.763061,False,587,1782283696973,2717,591,1782283699489,201,596,1782283702376,2686,593,1782283701025,1335,latest_l2_received_before_or_at_candidate,latest_l2_exchange_time_before_candidate,111,593458,real_bbo_history_touch_stability,pass,reset_supported,missing_same_side_strict_through_support
593,trades,1782283701025,1782283701278810461,1335,1321.297269,False,587,1782283696973,4052,592,1782283699690,1335,596,1782283702376,1351,594,1782283701303,278,latest_l2_received_before_or_at_candidate,latest_l2_exchange_time_before_candidate,111,594793,real_bbo_history_touch_stability,pass,reset_supported,missing_same_side_strict_through_support
594,trades,1782283701303,1782283701591584439,278,312.773978,False,587,1782283696973,4330,593,1782283701025,278,596,1782283702376,1073,595,1782283701976,673,latest_l2_received_before_or_at_candidate,latest_l2_exchange_time_before_candidate,111,595071,real_bbo_history_touch_stability,pass,reset_supported,missing_same_side_strict_through_support
595,trades,1782283701976,1782283702166662470,673,575.078031,False,587,1782283696973,5003,594,1782283701303,673,596,1782283702376,400,597,1782283703223,1247,latest_l2_received_before_or_at_candidate,latest_l2_exchange_time_before_candidate,111,595744,real_bbo_history_stale,block,reset_supported,missing_same_side_strict_through_support;missing_touch_freshness_or_queue_reset_evidence
596,l2Book,1782283702376,1782283702914816671,400,748.154201,False,587,1782283696973,5403,595,1782283701976,400,,,,597,1782283703223,847,latest_l2_received_before_or_at_candidate,latest_l2_exchange_time_before_candidate,112,596144,real_bbo_history_touch_stability,pass,reset_supported,missing_same_side_strict_through_support
597,trades,1782283703223,1782283703437667927,847,522.851256,False,596,1782283702376,847,595,1782283701976,1247,,,,598,1782283704525,1302,latest_l2_received_before_or_at_candidate,latest_l2_exchange_time_before_candidate,112,596991,real_bbo_history_touch_stability,pass,reset_supported,missing_same_side_strict_through_support;missing_recent_same_side_at_or_through_throughput
598,trades,1782283704525,1782283704805264234,1302,1367.596307,False,596,1782283702376,2149,597,1782283703223,1302,,,,599,1782283705054,529,latest_l2_received_before_or_at_candidate,latest_l2_exchange_time_before_candidate,112,598293,real_bbo_history_touch_stability,pass,reset_supported,missing_same_side_strict_through_support;missing_recent_same_side_at_or_through_throughput
599,trades,1782283705054,1782283705409310171,529,604.045937,False,596,1782283702376,2678,598,1782283704525,529,,,,,,,latest_l2_received_before_or_at_candidate,latest_l2_exchange_time_before_candidate,112,598822,real_bbo_history_touch_stability,pass,reset_supported,outside_quality_a_b_queue_bands
