schema_version,task_id,sample_sequence,event_sequence,event_type,monotonic_ns,audit_utc_ns,order_reference_token,source,classification,detail_code
skhynix_c6in_latency_v2,0822T002,1,1,submit_call_start,595236333434383,1787454960020740469,order_ref_sha256_bcdd536739e7073374633d5b3dcc4ccfed2a174dabb939a8dd4ebf283afc9ab7,c6in_official_sdk,request_started,
skhynix_c6in_latency_v2,0822T002,1,2,submit_response_end,595236753052104,1787454960440358744,order_ref_sha256_bcdd536739e7073374633d5b3dcc4ccfed2a174dabb939a8dd4ebf283afc9ab7,c6in_official_sdk,response_received,
skhynix_c6in_latency_v2,0822T002,1,3,resting_confirm,595236774981081,1787454960462286755,order_ref_sha256_bcdd536739e7073374633d5b3dcc4ccfed2a174dabb939a8dd4ebf283afc9ab7,c6in_official_sdk,exact_reference_resting,
skhynix_c6in_latency_v2,0822T002,1,4,risk_decision_ready,595237025051151,1787454960712357457,order_ref_sha256_bcdd536739e7073374633d5b3dcc4ccfed2a174dabb939a8dd4ebf283afc9ab7,c6in_official_sdk,frozen_settle_complete,
skhynix_c6in_latency_v2,0822T002,1,5,cancel_enqueue,595237025053793,1787454960712359096,order_ref_sha256_bcdd536739e7073374633d5b3dcc4ccfed2a174dabb939a8dd4ebf283afc9ab7,c6in_official_sdk,cancel_enqueued,
skhynix_c6in_latency_v2,0822T002,1,6,cancel_call_start,595237025055345,1787454960712360644,order_ref_sha256_bcdd536739e7073374633d5b3dcc4ccfed2a174dabb939a8dd4ebf283afc9ab7,c6in_official_sdk,request_started,
skhynix_c6in_latency_v2,0822T002,1,7,terminal_observation_start,595237025055725,1787454960712361355,order_ref_sha256_bcdd536739e7073374633d5b3dcc4ccfed2a174dabb939a8dd4ebf283afc9ab7,c6in_official_sdk,exact_reference_poll_started,
skhynix_c6in_latency_v2,0822T002,1,8,cancel_response_end,595237753794940,1787454961441100906,order_ref_sha256_bcdd536739e7073374633d5b3dcc4ccfed2a174dabb939a8dd4ebf283afc9ab7,c6in_official_sdk,response_received,normal
skhynix_c6in_latency_v2,0822T002,1,9,terminal_confirm,595243455111295,1787454967142417399,order_ref_sha256_bcdd536739e7073374633d5b3dcc4ccfed2a174dabb939a8dd4ebf283afc9ab7,c6in_official_sdk,exact_reference_cancel_confirmed,
skhynix_c6in_latency_v2,0822T002,1,10,final_open_orders_confirm,595243490632909,1787454967177938666,order_ref_sha256_bcdd536739e7073374633d5b3dcc4ccfed2a174dabb939a8dd4ebf283afc9ab7,c6in_official_sdk,private_safety_reconciled,
skhynix_c6in_latency_v2,0822T002,2,1,submit_call_start,595256317419113,1787454980004724721,order_ref_sha256_5eecc6cad431b6bb7b9a648d03bd15ae403fdee20376ae9a5ff59c985f8cfaf1,c6in_official_sdk,request_started,
skhynix_c6in_latency_v2,0822T002,2,2,submit_response_end,595256683339505,1787454980370645259,order_ref_sha256_5eecc6cad431b6bb7b9a648d03bd15ae403fdee20376ae9a5ff59c985f8cfaf1,c6in_official_sdk,response_received,
skhynix_c6in_latency_v2,0822T002,2,3,resting_confirm,595256705339579,1787454980392645458,order_ref_sha256_5eecc6cad431b6bb7b9a648d03bd15ae403fdee20376ae9a5ff59c985f8cfaf1,c6in_official_sdk,exact_reference_resting,
skhynix_c6in_latency_v2,0822T002,2,4,risk_decision_ready,595256955407410,1787454980642713549,order_ref_sha256_5eecc6cad431b6bb7b9a648d03bd15ae403fdee20376ae9a5ff59c985f8cfaf1,c6in_official_sdk,frozen_settle_complete,
skhynix_c6in_latency_v2,0822T002,2,5,cancel_enqueue,595256955409743,1787454980642715042,order_ref_sha256_5eecc6cad431b6bb7b9a648d03bd15ae403fdee20376ae9a5ff59c985f8cfaf1,c6in_official_sdk,cancel_enqueued,
skhynix_c6in_latency_v2,0822T002,2,6,cancel_call_start,595256955411101,1787454980642716412,order_ref_sha256_5eecc6cad431b6bb7b9a648d03bd15ae403fdee20376ae9a5ff59c985f8cfaf1,c6in_official_sdk,request_started,
skhynix_c6in_latency_v2,0822T002,2,7,terminal_observation_start,595256955411509,1787454980642716793,order_ref_sha256_5eecc6cad431b6bb7b9a648d03bd15ae403fdee20376ae9a5ff59c985f8cfaf1,c6in_official_sdk,exact_reference_poll_started,
skhynix_c6in_latency_v2,0822T002,2,8,cancel_response_end,595257628938239,1787454981316244230,order_ref_sha256_5eecc6cad431b6bb7b9a648d03bd15ae403fdee20376ae9a5ff59c985f8cfaf1,c6in_official_sdk,response_received,normal
skhynix_c6in_latency_v2,0822T002,2,9,terminal_confirm,595257680095494,1787454981367401200,order_ref_sha256_5eecc6cad431b6bb7b9a648d03bd15ae403fdee20376ae9a5ff59c985f8cfaf1,c6in_official_sdk,exact_reference_cancel_confirmed,
skhynix_c6in_latency_v2,0822T002,2,10,final_open_orders_confirm,595257711300535,1787454981398606259,order_ref_sha256_5eecc6cad431b6bb7b9a648d03bd15ae403fdee20376ae9a5ff59c985f8cfaf1,c6in_official_sdk,private_safety_reconciled,
skhynix_c6in_latency_v2,0822T002,3,1,submit_call_start,595276316660069,1787455000003966068,order_ref_sha256_acb372a52e2384e93f660898158a306c371dc7de4d73da12e6f75852dd8602a8,c6in_official_sdk,request_started,
skhynix_c6in_latency_v2,0822T002,3,2,submit_response_end,595276735797675,1787455000423103814,order_ref_sha256_acb372a52e2384e93f660898158a306c371dc7de4d73da12e6f75852dd8602a8,c6in_official_sdk,response_received,
skhynix_c6in_latency_v2,0822T002,3,3,resting_confirm,595276757519232,1787455000444824925,order_ref_sha256_acb372a52e2384e93f660898158a306c371dc7de4d73da12e6f75852dd8602a8,c6in_official_sdk,exact_reference_resting,
skhynix_c6in_latency_v2,0822T002,3,4,risk_decision_ready,595277007581734,1787455000694887828,order_ref_sha256_acb372a52e2384e93f660898158a306c371dc7de4d73da12e6f75852dd8602a8,c6in_official_sdk,frozen_settle_complete,
skhynix_c6in_latency_v2,0822T002,3,5,cancel_enqueue,595277007583723,1787455000694889037,order_ref_sha256_acb372a52e2384e93f660898158a306c371dc7de4d73da12e6f75852dd8602a8,c6in_official_sdk,cancel_enqueued,
skhynix_c6in_latency_v2,0822T002,3,6,cancel_call_start,595277007584698,1787455000694889999,order_ref_sha256_acb372a52e2384e93f660898158a306c371dc7de4d73da12e6f75852dd8602a8,c6in_official_sdk,request_started,
skhynix_c6in_latency_v2,0822T002,3,7,terminal_observation_start,595277007585064,1787455000694890399,order_ref_sha256_acb372a52e2384e93f660898158a306c371dc7de4d73da12e6f75852dd8602a8,c6in_official_sdk,exact_reference_poll_started,
skhynix_c6in_latency_v2,0822T002,3,8,cancel_response_end,595278043788941,1787455001731094657,order_ref_sha256_acb372a52e2384e93f660898158a306c371dc7de4d73da12e6f75852dd8602a8,c6in_official_sdk,response_received,normal
skhynix_c6in_latency_v2,0822T002,3,9,terminal_confirm,595278078449073,1787455001765754878,order_ref_sha256_acb372a52e2384e93f660898158a306c371dc7de4d73da12e6f75852dd8602a8,c6in_official_sdk,exact_reference_cancel_confirmed,
skhynix_c6in_latency_v2,0822T002,3,10,final_open_orders_confirm,595278108336530,1787455001795642201,order_ref_sha256_acb372a52e2384e93f660898158a306c371dc7de4d73da12e6f75852dd8602a8,c6in_official_sdk,private_safety_reconciled,
skhynix_c6in_latency_v2,0822T002,4,1,submit_call_start,595296317553194,1787455020004858818,order_ref_sha256_abba93923131dc9bfafe0bb3eb5c892d737e92e460aee3783c9a49dc0ff17402,c6in_official_sdk,request_started,
skhynix_c6in_latency_v2,0822T002,4,2,submit_response_end,595296698026152,1787455020385332220,order_ref_sha256_abba93923131dc9bfafe0bb3eb5c892d737e92e460aee3783c9a49dc0ff17402,c6in_official_sdk,response_received,
skhynix_c6in_latency_v2,0822T002,4,3,resting_confirm,595296710321613,1787455020397627344,order_ref_sha256_abba93923131dc9bfafe0bb3eb5c892d737e92e460aee3783c9a49dc0ff17402,c6in_official_sdk,exact_reference_resting,
skhynix_c6in_latency_v2,0822T002,4,4,risk_decision_ready,595296960386055,1787455020647692455,order_ref_sha256_abba93923131dc9bfafe0bb3eb5c892d737e92e460aee3783c9a49dc0ff17402,c6in_official_sdk,frozen_settle_complete,
skhynix_c6in_latency_v2,0822T002,4,5,cancel_enqueue,595296960388897,1787455020647694210,order_ref_sha256_abba93923131dc9bfafe0bb3eb5c892d737e92e460aee3783c9a49dc0ff17402,c6in_official_sdk,cancel_enqueued,
skhynix_c6in_latency_v2,0822T002,4,6,cancel_call_start,595296960390011,1787455020647695313,order_ref_sha256_abba93923131dc9bfafe0bb3eb5c892d737e92e460aee3783c9a49dc0ff17402,c6in_official_sdk,request_started,
skhynix_c6in_latency_v2,0822T002,4,7,terminal_observation_start,595296960390435,1787455020647695835,order_ref_sha256_abba93923131dc9bfafe0bb3eb5c892d737e92e460aee3783c9a49dc0ff17402,c6in_official_sdk,exact_reference_poll_started,
skhynix_c6in_latency_v2,0822T002,4,8,cancel_response_end,595297671000228,1787455021358305980,order_ref_sha256_abba93923131dc9bfafe0bb3eb5c892d737e92e460aee3783c9a49dc0ff17402,c6in_official_sdk,response_received,normal
skhynix_c6in_latency_v2,0822T002,4,9,terminal_confirm,595297678355777,1787455021365661300,order_ref_sha256_abba93923131dc9bfafe0bb3eb5c892d737e92e460aee3783c9a49dc0ff17402,c6in_official_sdk,exact_reference_cancel_confirmed,
skhynix_c6in_latency_v2,0822T002,4,10,final_open_orders_confirm,595297706688835,1787455021393994577,order_ref_sha256_abba93923131dc9bfafe0bb3eb5c892d737e92e460aee3783c9a49dc0ff17402,c6in_official_sdk,private_safety_reconciled,
skhynix_c6in_latency_v2,0822T002,5,1,submit_call_start,595316317958570,1787455040005264260,order_ref_sha256_9abab3edb931f656dc3f7b43831ae3369d0c0b309c42be3c8197c4ee0700d1dd,c6in_official_sdk,request_started,
skhynix_c6in_latency_v2,0822T002,5,2,submit_response_end,595316691825574,1787455040379131320,order_ref_sha256_9abab3edb931f656dc3f7b43831ae3369d0c0b309c42be3c8197c4ee0700d1dd,c6in_official_sdk,response_received,
skhynix_c6in_latency_v2,0822T002,5,3,resting_confirm,595316696540411,1787455040383846216,order_ref_sha256_9abab3edb931f656dc3f7b43831ae3369d0c0b309c42be3c8197c4ee0700d1dd,c6in_official_sdk,exact_reference_resting,
skhynix_c6in_latency_v2,0822T002,5,4,risk_decision_ready,595316946603396,1787455040633909839,order_ref_sha256_9abab3edb931f656dc3f7b43831ae3369d0c0b309c42be3c8197c4ee0700d1dd,c6in_official_sdk,frozen_settle_complete,
skhynix_c6in_latency_v2,0822T002,5,5,cancel_enqueue,595316946606260,1787455040633911565,order_ref_sha256_9abab3edb931f656dc3f7b43831ae3369d0c0b309c42be3c8197c4ee0700d1dd,c6in_official_sdk,cancel_enqueued,
skhynix_c6in_latency_v2,0822T002,5,6,cancel_call_start,595316946607600,1787455040633912898,order_ref_sha256_9abab3edb931f656dc3f7b43831ae3369d0c0b309c42be3c8197c4ee0700d1dd,c6in_official_sdk,request_started,
skhynix_c6in_latency_v2,0822T002,5,7,terminal_observation_start,595316946608130,1787455040633913545,order_ref_sha256_9abab3edb931f656dc3f7b43831ae3369d0c0b309c42be3c8197c4ee0700d1dd,c6in_official_sdk,exact_reference_poll_started,
skhynix_c6in_latency_v2,0822T002,5,8,cancel_response_end,595317628525180,1787455041315830891,order_ref_sha256_9abab3edb931f656dc3f7b43831ae3369d0c0b309c42be3c8197c4ee0700d1dd,c6in_official_sdk,response_received,normal
skhynix_c6in_latency_v2,0822T002,5,9,terminal_confirm,595317666533275,1787455041353838953,order_ref_sha256_9abab3edb931f656dc3f7b43831ae3369d0c0b309c42be3c8197c4ee0700d1dd,c6in_official_sdk,exact_reference_cancel_confirmed,
skhynix_c6in_latency_v2,0822T002,5,10,final_open_orders_confirm,595317709007828,1787455041396313782,order_ref_sha256_9abab3edb931f656dc3f7b43831ae3369d0c0b309c42be3c8197c4ee0700d1dd,c6in_official_sdk,private_safety_reconciled,
skhynix_c6in_latency_v2,0822T002,6,1,submit_call_start,595336317969548,1787455060005275276,order_ref_sha256_02602a61c466fd5facd8d3bb891daafdf65d69b66ee1970ed07bf16dbb897109,c6in_official_sdk,request_started,
skhynix_c6in_latency_v2,0822T002,6,2,submit_response_end,595336684513401,1787455060371819239,order_ref_sha256_02602a61c466fd5facd8d3bb891daafdf65d69b66ee1970ed07bf16dbb897109,c6in_official_sdk,response_received,
skhynix_c6in_latency_v2,0822T002,6,3,resting_confirm,595336689760221,1787455060377065817,order_ref_sha256_02602a61c466fd5facd8d3bb891daafdf65d69b66ee1970ed07bf16dbb897109,c6in_official_sdk,exact_reference_resting,
skhynix_c6in_latency_v2,0822T002,6,4,risk_decision_ready,595336939822913,1787455060627128957,order_ref_sha256_02602a61c466fd5facd8d3bb891daafdf65d69b66ee1970ed07bf16dbb897109,c6in_official_sdk,frozen_settle_complete,
skhynix_c6in_latency_v2,0822T002,6,5,cancel_enqueue,595336939825494,1787455060627130800,order_ref_sha256_02602a61c466fd5facd8d3bb891daafdf65d69b66ee1970ed07bf16dbb897109,c6in_official_sdk,cancel_enqueued,
skhynix_c6in_latency_v2,0822T002,6,6,cancel_call_start,595336939826724,1787455060627132020,order_ref_sha256_02602a61c466fd5facd8d3bb891daafdf65d69b66ee1970ed07bf16dbb897109,c6in_official_sdk,request_started,
skhynix_c6in_latency_v2,0822T002,6,7,terminal_observation_start,595336939827048,1787455060627132428,order_ref_sha256_02602a61c466fd5facd8d3bb891daafdf65d69b66ee1970ed07bf16dbb897109,c6in_official_sdk,exact_reference_poll_started,
skhynix_c6in_latency_v2,0822T002,6,8,terminal_confirm,595337602207636,1787455061289513438,order_ref_sha256_02602a61c466fd5facd8d3bb891daafdf65d69b66ee1970ed07bf16dbb897109,c6in_official_sdk,exact_reference_cancel_confirmed,
skhynix_c6in_latency_v2,0822T002,6,9,cancel_response_end,595337730718693,1787455061418024404,order_ref_sha256_02602a61c466fd5facd8d3bb891daafdf65d69b66ee1970ed07bf16dbb897109,c6in_official_sdk,response_received,normal
skhynix_c6in_latency_v2,0822T002,6,10,final_open_orders_confirm,595337789860647,1787455061477166493,order_ref_sha256_02602a61c466fd5facd8d3bb891daafdf65d69b66ee1970ed07bf16dbb897109,c6in_official_sdk,private_safety_reconciled,
skhynix_c6in_latency_v2,0822T002,7,1,submit_call_start,595356319219251,1787455080006524849,order_ref_sha256_cd857227c55dbf5314a923969ffd862af212e702c7b037ba60547615fb0db5e6,c6in_official_sdk,request_started,
skhynix_c6in_latency_v2,0822T002,7,2,submit_response_end,595356788278864,1787455080475584624,order_ref_sha256_cd857227c55dbf5314a923969ffd862af212e702c7b037ba60547615fb0db5e6,c6in_official_sdk,response_received,
skhynix_c6in_latency_v2,0822T002,7,3,resting_confirm,595356808327198,1787455080495633065,order_ref_sha256_cd857227c55dbf5314a923969ffd862af212e702c7b037ba60547615fb0db5e6,c6in_official_sdk,exact_reference_resting,
skhynix_c6in_latency_v2,0822T002,7,4,risk_decision_ready,595357058401762,1787455080745708240,order_ref_sha256_cd857227c55dbf5314a923969ffd862af212e702c7b037ba60547615fb0db5e6,c6in_official_sdk,frozen_settle_complete,
skhynix_c6in_latency_v2,0822T002,7,5,cancel_enqueue,595357058404413,1787455080745709724,order_ref_sha256_cd857227c55dbf5314a923969ffd862af212e702c7b037ba60547615fb0db5e6,c6in_official_sdk,cancel_enqueued,
skhynix_c6in_latency_v2,0822T002,7,6,cancel_call_start,595357058405868,1787455080745711157,order_ref_sha256_cd857227c55dbf5314a923969ffd862af212e702c7b037ba60547615fb0db5e6,c6in_official_sdk,request_started,
skhynix_c6in_latency_v2,0822T002,7,7,terminal_observation_start,595357058406151,1787455080745711628,order_ref_sha256_cd857227c55dbf5314a923969ffd862af212e702c7b037ba60547615fb0db5e6,c6in_official_sdk,exact_reference_poll_started,
skhynix_c6in_latency_v2,0822T002,7,8,cancel_response_end,595357739629412,1787455081426935060,order_ref_sha256_cd857227c55dbf5314a923969ffd862af212e702c7b037ba60547615fb0db5e6,c6in_official_sdk,response_received,normal
skhynix_c6in_latency_v2,0822T002,7,9,terminal_confirm,595362966798869,1787455086654105118,order_ref_sha256_cd857227c55dbf5314a923969ffd862af212e702c7b037ba60547615fb0db5e6,c6in_official_sdk,exact_reference_cancel_confirmed,
skhynix_c6in_latency_v2,0822T002,7,10,final_open_orders_confirm,595362993827968,1787455086681133838,order_ref_sha256_cd857227c55dbf5314a923969ffd862af212e702c7b037ba60547615fb0db5e6,c6in_official_sdk,private_safety_reconciled,
skhynix_c6in_latency_v2,0822T002,8,1,submit_call_start,595376318113569,1787455100005419189,order_ref_sha256_cea93162da0773ee1c224873c1aacb8107d0d2475047e2324e17961ab0a19ce8,c6in_official_sdk,request_started,
skhynix_c6in_latency_v2,0822T002,8,2,submit_response_end,595376725672509,1787455100412978440,order_ref_sha256_cea93162da0773ee1c224873c1aacb8107d0d2475047e2324e17961ab0a19ce8,c6in_official_sdk,response_received,
skhynix_c6in_latency_v2,0822T002,8,3,resting_confirm,595376731188885,1787455100418494615,order_ref_sha256_cea93162da0773ee1c224873c1aacb8107d0d2475047e2324e17961ab0a19ce8,c6in_official_sdk,exact_reference_resting,
skhynix_c6in_latency_v2,0822T002,8,4,risk_decision_ready,595376981254756,1787455100668561771,order_ref_sha256_cea93162da0773ee1c224873c1aacb8107d0d2475047e2324e17961ab0a19ce8,c6in_official_sdk,frozen_settle_complete,
skhynix_c6in_latency_v2,0822T002,8,5,cancel_enqueue,595376981257708,1787455100668563047,order_ref_sha256_cea93162da0773ee1c224873c1aacb8107d0d2475047e2324e17961ab0a19ce8,c6in_official_sdk,cancel_enqueued,
skhynix_c6in_latency_v2,0822T002,8,6,cancel_call_start,595376981259469,1787455100668564781,order_ref_sha256_cea93162da0773ee1c224873c1aacb8107d0d2475047e2324e17961ab0a19ce8,c6in_official_sdk,request_started,
skhynix_c6in_latency_v2,0822T002,8,7,terminal_observation_start,595376981259863,1787455100668565234,order_ref_sha256_cea93162da0773ee1c224873c1aacb8107d0d2475047e2324e17961ab0a19ce8,c6in_official_sdk,exact_reference_poll_started,
skhynix_c6in_latency_v2,0822T002,8,8,cancel_response_end,595377728274998,1787455101415580807,order_ref_sha256_cea93162da0773ee1c224873c1aacb8107d0d2475047e2324e17961ab0a19ce8,c6in_official_sdk,response_received,normal
skhynix_c6in_latency_v2,0822T002,8,9,terminal_confirm,595377746017516,1787455101433323114,order_ref_sha256_cea93162da0773ee1c224873c1aacb8107d0d2475047e2324e17961ab0a19ce8,c6in_official_sdk,exact_reference_cancel_confirmed,
skhynix_c6in_latency_v2,0822T002,8,10,final_open_orders_confirm,595377780547562,1787455101467853285,order_ref_sha256_cea93162da0773ee1c224873c1aacb8107d0d2475047e2324e17961ab0a19ce8,c6in_official_sdk,private_safety_reconciled,
skhynix_c6in_latency_v2,0822T002,9,1,submit_call_start,595396318202526,1787455120005508210,order_ref_sha256_8cac23383da56a75df8206ba7215a675d90ae20a422e8f848e0afd5d86610a79,c6in_official_sdk,request_started,
skhynix_c6in_latency_v2,0822T002,9,2,submit_response_end,595396770034970,1787455120457340645,order_ref_sha256_8cac23383da56a75df8206ba7215a675d90ae20a422e8f848e0afd5d86610a79,c6in_official_sdk,response_received,
skhynix_c6in_latency_v2,0822T002,9,3,resting_confirm,595396790992881,1787455120478298631,order_ref_sha256_8cac23383da56a75df8206ba7215a675d90ae20a422e8f848e0afd5d86610a79,c6in_official_sdk,exact_reference_resting,
skhynix_c6in_latency_v2,0822T002,9,4,risk_decision_ready,595397041060139,1787455120728366482,order_ref_sha256_8cac23383da56a75df8206ba7215a675d90ae20a422e8f848e0afd5d86610a79,c6in_official_sdk,frozen_settle_complete,
skhynix_c6in_latency_v2,0822T002,9,5,cancel_enqueue,595397041062654,1787455120728367943,order_ref_sha256_8cac23383da56a75df8206ba7215a675d90ae20a422e8f848e0afd5d86610a79,c6in_official_sdk,cancel_enqueued,
skhynix_c6in_latency_v2,0822T002,9,6,cancel_call_start,595397041063953,1787455120728369262,order_ref_sha256_8cac23383da56a75df8206ba7215a675d90ae20a422e8f848e0afd5d86610a79,c6in_official_sdk,request_started,
skhynix_c6in_latency_v2,0822T002,9,7,terminal_observation_start,595397041064297,1787455120728369670,order_ref_sha256_8cac23383da56a75df8206ba7215a675d90ae20a422e8f848e0afd5d86610a79,c6in_official_sdk,exact_reference_poll_started,
skhynix_c6in_latency_v2,0822T002,9,8,cancel_response_end,595397686728526,1787455121374034202,order_ref_sha256_8cac23383da56a75df8206ba7215a675d90ae20a422e8f848e0afd5d86610a79,c6in_official_sdk,response_received,normal
skhynix_c6in_latency_v2,0822T002,9,9,terminal_confirm,595397724456253,1787455121411762230,order_ref_sha256_8cac23383da56a75df8206ba7215a675d90ae20a422e8f848e0afd5d86610a79,c6in_official_sdk,exact_reference_cancel_confirmed,
skhynix_c6in_latency_v2,0822T002,9,10,final_open_orders_confirm,595397808467488,1787455121495773208,order_ref_sha256_8cac23383da56a75df8206ba7215a675d90ae20a422e8f848e0afd5d86610a79,c6in_official_sdk,private_safety_reconciled,
skhynix_c6in_latency_v2,0822T002,10,1,submit_call_start,595416318281555,1787455140005587321,order_ref_sha256_2ca2f67f52866d61b7ae485f4f7ae062b659b2c4a2c95389c7fe8eae1107a2cf,c6in_official_sdk,request_started,
skhynix_c6in_latency_v2,0822T002,10,2,submit_response_end,595416727890325,1787455140415196420,order_ref_sha256_2ca2f67f52866d61b7ae485f4f7ae062b659b2c4a2c95389c7fe8eae1107a2cf,c6in_official_sdk,response_received,
skhynix_c6in_latency_v2,0822T002,10,3,resting_confirm,595416775965534,1787455140463271672,order_ref_sha256_2ca2f67f52866d61b7ae485f4f7ae062b659b2c4a2c95389c7fe8eae1107a2cf,c6in_official_sdk,exact_reference_resting,
skhynix_c6in_latency_v2,0822T002,10,4,risk_decision_ready,595417026028888,1787455140713335062,order_ref_sha256_2ca2f67f52866d61b7ae485f4f7ae062b659b2c4a2c95389c7fe8eae1107a2cf,c6in_official_sdk,frozen_settle_complete,
skhynix_c6in_latency_v2,0822T002,10,5,cancel_enqueue,595417026031139,1787455140713336458,order_ref_sha256_2ca2f67f52866d61b7ae485f4f7ae062b659b2c4a2c95389c7fe8eae1107a2cf,c6in_official_sdk,cancel_enqueued,
skhynix_c6in_latency_v2,0822T002,10,6,cancel_call_start,595417026032731,1787455140713338020,order_ref_sha256_2ca2f67f52866d61b7ae485f4f7ae062b659b2c4a2c95389c7fe8eae1107a2cf,c6in_official_sdk,request_started,
skhynix_c6in_latency_v2,0822T002,10,7,terminal_observation_start,595417026033110,1787455140713338497,order_ref_sha256_2ca2f67f52866d61b7ae485f4f7ae062b659b2c4a2c95389c7fe8eae1107a2cf,c6in_official_sdk,exact_reference_poll_started,
skhynix_c6in_latency_v2,0822T002,10,8,cancel_response_end,595417766033514,1787455141453339514,order_ref_sha256_2ca2f67f52866d61b7ae485f4f7ae062b659b2c4a2c95389c7fe8eae1107a2cf,c6in_official_sdk,response_received,normal
skhynix_c6in_latency_v2,0822T002,10,9,terminal_confirm,595417781216188,1787455141468521683,order_ref_sha256_2ca2f67f52866d61b7ae485f4f7ae062b659b2c4a2c95389c7fe8eae1107a2cf,c6in_official_sdk,exact_reference_cancel_confirmed,
skhynix_c6in_latency_v2,0822T002,10,10,final_open_orders_confirm,595417811309799,1787455141498615592,order_ref_sha256_2ca2f67f52866d61b7ae485f4f7ae062b659b2c4a2c95389c7fe8eae1107a2cf,c6in_official_sdk,private_safety_reconciled,
skhynix_c6in_latency_v2,0822T002,11,1,submit_call_start,595436323058234,1787455160010364036,order_ref_sha256_0e78ca4fd87e791a959d2921aa2b21751c82aaf2fa6b1cfd09440ba203bcf8d1,c6in_official_sdk,request_started,
skhynix_c6in_latency_v2,0822T002,11,2,submit_response_end,595436736140168,1787455160423445916,order_ref_sha256_0e78ca4fd87e791a959d2921aa2b21751c82aaf2fa6b1cfd09440ba203bcf8d1,c6in_official_sdk,response_received,
skhynix_c6in_latency_v2,0822T002,11,3,resting_confirm,595436744065066,1787455160431370675,order_ref_sha256_0e78ca4fd87e791a959d2921aa2b21751c82aaf2fa6b1cfd09440ba203bcf8d1,c6in_official_sdk,exact_reference_resting,
skhynix_c6in_latency_v2,0822T002,11,4,risk_decision_ready,595436994136097,1787455160681442365,order_ref_sha256_0e78ca4fd87e791a959d2921aa2b21751c82aaf2fa6b1cfd09440ba203bcf8d1,c6in_official_sdk,frozen_settle_complete,
skhynix_c6in_latency_v2,0822T002,11,5,cancel_enqueue,595436994138348,1787455160681443650,order_ref_sha256_0e78ca4fd87e791a959d2921aa2b21751c82aaf2fa6b1cfd09440ba203bcf8d1,c6in_official_sdk,cancel_enqueued,
skhynix_c6in_latency_v2,0822T002,11,6,cancel_call_start,595436994139985,1787455160681445268,order_ref_sha256_0e78ca4fd87e791a959d2921aa2b21751c82aaf2fa6b1cfd09440ba203bcf8d1,c6in_official_sdk,request_started,
skhynix_c6in_latency_v2,0822T002,11,7,terminal_observation_start,595436994140304,1787455160681445677,order_ref_sha256_0e78ca4fd87e791a959d2921aa2b21751c82aaf2fa6b1cfd09440ba203bcf8d1,c6in_official_sdk,exact_reference_poll_started,
skhynix_c6in_latency_v2,0822T002,11,8,cancel_response_end,595437673859942,1787455161361165612,order_ref_sha256_0e78ca4fd87e791a959d2921aa2b21751c82aaf2fa6b1cfd09440ba203bcf8d1,c6in_official_sdk,response_received,normal
skhynix_c6in_latency_v2,0822T002,11,9,terminal_confirm,595437702242554,1787455161389548143,order_ref_sha256_0e78ca4fd87e791a959d2921aa2b21751c82aaf2fa6b1cfd09440ba203bcf8d1,c6in_official_sdk,exact_reference_cancel_confirmed,
skhynix_c6in_latency_v2,0822T002,11,10,final_open_orders_confirm,595437732787753,1787455161420093725,order_ref_sha256_0e78ca4fd87e791a959d2921aa2b21751c82aaf2fa6b1cfd09440ba203bcf8d1,c6in_official_sdk,private_safety_reconciled,
skhynix_c6in_latency_v2,0822T002,12,1,submit_call_start,595456318977066,1787455180006282766,order_ref_sha256_4c9fe36a17e608cc1037970fea1e5206f8a0d17333a3d8dcf91b3b20c588367d,c6in_official_sdk,request_started,
skhynix_c6in_latency_v2,0822T002,12,2,submit_response_end,595456654011203,1787455180341316861,order_ref_sha256_4c9fe36a17e608cc1037970fea1e5206f8a0d17333a3d8dcf91b3b20c588367d,c6in_official_sdk,response_received,
skhynix_c6in_latency_v2,0822T002,12,3,resting_confirm,595456658609537,1787455180345915148,order_ref_sha256_4c9fe36a17e608cc1037970fea1e5206f8a0d17333a3d8dcf91b3b20c588367d,c6in_official_sdk,exact_reference_resting,
skhynix_c6in_latency_v2,0822T002,12,4,risk_decision_ready,595456908678912,1787455180595984672,order_ref_sha256_4c9fe36a17e608cc1037970fea1e5206f8a0d17333a3d8dcf91b3b20c588367d,c6in_official_sdk,frozen_settle_complete,
skhynix_c6in_latency_v2,0822T002,12,5,cancel_enqueue,595456908680840,1787455180595986140,order_ref_sha256_4c9fe36a17e608cc1037970fea1e5206f8a0d17333a3d8dcf91b3b20c588367d,c6in_official_sdk,cancel_enqueued,
skhynix_c6in_latency_v2,0822T002,12,6,cancel_call_start,595456908682236,1787455180595987534,order_ref_sha256_4c9fe36a17e608cc1037970fea1e5206f8a0d17333a3d8dcf91b3b20c588367d,c6in_official_sdk,request_started,
skhynix_c6in_latency_v2,0822T002,12,7,terminal_observation_start,595456908682573,1787455180595987873,order_ref_sha256_4c9fe36a17e608cc1037970fea1e5206f8a0d17333a3d8dcf91b3b20c588367d,c6in_official_sdk,exact_reference_poll_started,
skhynix_c6in_latency_v2,0822T002,12,8,cancel_response_end,595457621561684,1787455181308867526,order_ref_sha256_4c9fe36a17e608cc1037970fea1e5206f8a0d17333a3d8dcf91b3b20c588367d,c6in_official_sdk,response_received,normal
skhynix_c6in_latency_v2,0822T002,12,9,terminal_confirm,595457674885898,1787455181362191398,order_ref_sha256_4c9fe36a17e608cc1037970fea1e5206f8a0d17333a3d8dcf91b3b20c588367d,c6in_official_sdk,exact_reference_cancel_confirmed,
skhynix_c6in_latency_v2,0822T002,12,10,final_open_orders_confirm,595457715512921,1787455181402818611,order_ref_sha256_4c9fe36a17e608cc1037970fea1e5206f8a0d17333a3d8dcf91b3b20c588367d,c6in_official_sdk,private_safety_reconciled,
skhynix_c6in_latency_v2,0822T002,13,1,submit_call_start,595476323677199,1787455200010983274,order_ref_sha256_f94ceae4a84cf5ae5f36a9b59ed87a9dfed42dcdb2de55657183ed4f822fc33d,c6in_official_sdk,request_started,
skhynix_c6in_latency_v2,0822T002,13,2,submit_response_end,595476737744112,1787455200425049844,order_ref_sha256_f94ceae4a84cf5ae5f36a9b59ed87a9dfed42dcdb2de55657183ed4f822fc33d,c6in_official_sdk,response_received,
skhynix_c6in_latency_v2,0822T002,13,3,resting_confirm,595476816191462,1787455200503497266,order_ref_sha256_f94ceae4a84cf5ae5f36a9b59ed87a9dfed42dcdb2de55657183ed4f822fc33d,c6in_official_sdk,exact_reference_resting,
skhynix_c6in_latency_v2,0822T002,13,4,risk_decision_ready,595477066262318,1787455200753569186,order_ref_sha256_f94ceae4a84cf5ae5f36a9b59ed87a9dfed42dcdb2de55657183ed4f822fc33d,c6in_official_sdk,frozen_settle_complete,
skhynix_c6in_latency_v2,0822T002,13,5,cancel_enqueue,595477066265945,1787455200753571246,order_ref_sha256_f94ceae4a84cf5ae5f36a9b59ed87a9dfed42dcdb2de55657183ed4f822fc33d,c6in_official_sdk,cancel_enqueued,
skhynix_c6in_latency_v2,0822T002,13,6,cancel_call_start,595477066267319,1787455200753572632,order_ref_sha256_f94ceae4a84cf5ae5f36a9b59ed87a9dfed42dcdb2de55657183ed4f822fc33d,c6in_official_sdk,request_started,
skhynix_c6in_latency_v2,0822T002,13,7,terminal_observation_start,595477066267745,1787455200753573124,order_ref_sha256_f94ceae4a84cf5ae5f36a9b59ed87a9dfed42dcdb2de55657183ed4f822fc33d,c6in_official_sdk,exact_reference_poll_started,
skhynix_c6in_latency_v2,0822T002,13,8,cancel_response_end,595477709522893,1787455201396829312,order_ref_sha256_f94ceae4a84cf5ae5f36a9b59ed87a9dfed42dcdb2de55657183ed4f822fc33d,c6in_official_sdk,response_received,normal
skhynix_c6in_latency_v2,0822T002,13,9,terminal_confirm,595483121280305,1787455206808585922,order_ref_sha256_f94ceae4a84cf5ae5f36a9b59ed87a9dfed42dcdb2de55657183ed4f822fc33d,c6in_official_sdk,exact_reference_cancel_confirmed,
skhynix_c6in_latency_v2,0822T002,13,10,final_open_orders_confirm,595483174035650,1787455206861341374,order_ref_sha256_f94ceae4a84cf5ae5f36a9b59ed87a9dfed42dcdb2de55657183ed4f822fc33d,c6in_official_sdk,private_safety_reconciled,
skhynix_c6in_latency_v2,0822T002,14,1,submit_call_start,595496325701212,1787455220013006920,order_ref_sha256_7ff588f26fb5993fe04e91d6334b4cc3c870ad3d1a6cfc0e3067e9e63bafd46c,c6in_official_sdk,request_started,
skhynix_c6in_latency_v2,0822T002,14,2,submit_response_end,595496746296591,1787455220433602618,order_ref_sha256_7ff588f26fb5993fe04e91d6334b4cc3c870ad3d1a6cfc0e3067e9e63bafd46c,c6in_official_sdk,response_received,
skhynix_c6in_latency_v2,0822T002,14,3,resting_confirm,595496751846984,1787455220439152712,order_ref_sha256_7ff588f26fb5993fe04e91d6334b4cc3c870ad3d1a6cfc0e3067e9e63bafd46c,c6in_official_sdk,exact_reference_resting,
skhynix_c6in_latency_v2,0822T002,14,4,risk_decision_ready,595497001920813,1787455220689227051,order_ref_sha256_7ff588f26fb5993fe04e91d6334b4cc3c870ad3d1a6cfc0e3067e9e63bafd46c,c6in_official_sdk,frozen_settle_complete,
skhynix_c6in_latency_v2,0822T002,14,5,cancel_enqueue,595497001923553,1787455220689228841,order_ref_sha256_7ff588f26fb5993fe04e91d6334b4cc3c870ad3d1a6cfc0e3067e9e63bafd46c,c6in_official_sdk,cancel_enqueued,
skhynix_c6in_latency_v2,0822T002,14,6,cancel_call_start,595497001924887,1787455220689230171,order_ref_sha256_7ff588f26fb5993fe04e91d6334b4cc3c870ad3d1a6cfc0e3067e9e63bafd46c,c6in_official_sdk,request_started,
skhynix_c6in_latency_v2,0822T002,14,7,terminal_observation_start,595497001925290,1787455220689230691,order_ref_sha256_7ff588f26fb5993fe04e91d6334b4cc3c870ad3d1a6cfc0e3067e9e63bafd46c,c6in_official_sdk,exact_reference_poll_started,
skhynix_c6in_latency_v2,0822T002,14,8,cancel_response_end,595497636206479,1787455221323512557,order_ref_sha256_7ff588f26fb5993fe04e91d6334b4cc3c870ad3d1a6cfc0e3067e9e63bafd46c,c6in_official_sdk,response_received,normal
skhynix_c6in_latency_v2,0822T002,14,9,terminal_confirm,595497671548369,1787455221358853832,order_ref_sha256_7ff588f26fb5993fe04e91d6334b4cc3c870ad3d1a6cfc0e3067e9e63bafd46c,c6in_official_sdk,exact_reference_cancel_confirmed,
skhynix_c6in_latency_v2,0822T002,14,10,final_open_orders_confirm,595497706047524,1787455221393353177,order_ref_sha256_7ff588f26fb5993fe04e91d6334b4cc3c870ad3d1a6cfc0e3067e9e63bafd46c,c6in_official_sdk,private_safety_reconciled,
skhynix_c6in_latency_v2,0822T002,15,1,submit_call_start,595516318958493,1787455240006264189,order_ref_sha256_51cf109548a23a7e2348eb15af95908a6638d6f48829432b6bb626e0e4ceec1b,c6in_official_sdk,request_started,
skhynix_c6in_latency_v2,0822T002,15,2,submit_response_end,595516747731141,1787455240435036897,order_ref_sha256_51cf109548a23a7e2348eb15af95908a6638d6f48829432b6bb626e0e4ceec1b,c6in_official_sdk,response_received,
skhynix_c6in_latency_v2,0822T002,15,3,resting_confirm,595516752072026,1787455240439377654,order_ref_sha256_51cf109548a23a7e2348eb15af95908a6638d6f48829432b6bb626e0e4ceec1b,c6in_official_sdk,exact_reference_resting,
skhynix_c6in_latency_v2,0822T002,15,4,risk_decision_ready,595517002147856,1787455240689454331,order_ref_sha256_51cf109548a23a7e2348eb15af95908a6638d6f48829432b6bb626e0e4ceec1b,c6in_official_sdk,frozen_settle_complete,
skhynix_c6in_latency_v2,0822T002,15,5,cancel_enqueue,595517002150656,1787455240689455959,order_ref_sha256_51cf109548a23a7e2348eb15af95908a6638d6f48829432b6bb626e0e4ceec1b,c6in_official_sdk,cancel_enqueued,
skhynix_c6in_latency_v2,0822T002,15,6,cancel_call_start,595517002152011,1787455240689457320,order_ref_sha256_51cf109548a23a7e2348eb15af95908a6638d6f48829432b6bb626e0e4ceec1b,c6in_official_sdk,request_started,
skhynix_c6in_latency_v2,0822T002,15,7,terminal_observation_start,595517002153011,1787455240689458589,order_ref_sha256_51cf109548a23a7e2348eb15af95908a6638d6f48829432b6bb626e0e4ceec1b,c6in_official_sdk,exact_reference_poll_started,
skhynix_c6in_latency_v2,0822T002,15,8,cancel_response_end,595517692046332,1787455241379352571,order_ref_sha256_51cf109548a23a7e2348eb15af95908a6638d6f48829432b6bb626e0e4ceec1b,c6in_official_sdk,response_received,normal
skhynix_c6in_latency_v2,0822T002,15,9,terminal_confirm,595517754714376,1787455241442019978,order_ref_sha256_51cf109548a23a7e2348eb15af95908a6638d6f48829432b6bb626e0e4ceec1b,c6in_official_sdk,exact_reference_cancel_confirmed,
skhynix_c6in_latency_v2,0822T002,15,10,final_open_orders_confirm,595517791861377,1787455241479167086,order_ref_sha256_51cf109548a23a7e2348eb15af95908a6638d6f48829432b6bb626e0e4ceec1b,c6in_official_sdk,private_safety_reconciled,
skhynix_c6in_latency_v2,0822T002,16,1,submit_call_start,595536319071561,1787455260006377448,order_ref_sha256_392c4ac6bc9a39264a6e1322381005562fd9b768a36f27caf7fa8b46fbeac4c2,c6in_official_sdk,request_started,
skhynix_c6in_latency_v2,0822T002,16,2,submit_response_end,595536669597941,1787455260356903624,order_ref_sha256_392c4ac6bc9a39264a6e1322381005562fd9b768a36f27caf7fa8b46fbeac4c2,c6in_official_sdk,response_received,
skhynix_c6in_latency_v2,0822T002,16,3,resting_confirm,595536674744141,1787455260362049753,order_ref_sha256_392c4ac6bc9a39264a6e1322381005562fd9b768a36f27caf7fa8b46fbeac4c2,c6in_official_sdk,exact_reference_resting,
skhynix_c6in_latency_v2,0822T002,16,4,risk_decision_ready,595536924804526,1787455260612110483,order_ref_sha256_392c4ac6bc9a39264a6e1322381005562fd9b768a36f27caf7fa8b46fbeac4c2,c6in_official_sdk,frozen_settle_complete,
skhynix_c6in_latency_v2,0822T002,16,5,cancel_enqueue,595536924806701,1787455260612112018,order_ref_sha256_392c4ac6bc9a39264a6e1322381005562fd9b768a36f27caf7fa8b46fbeac4c2,c6in_official_sdk,cancel_enqueued,
skhynix_c6in_latency_v2,0822T002,16,6,cancel_call_start,595536924807720,1787455260612113059,order_ref_sha256_392c4ac6bc9a39264a6e1322381005562fd9b768a36f27caf7fa8b46fbeac4c2,c6in_official_sdk,request_started,
skhynix_c6in_latency_v2,0822T002,16,7,terminal_observation_start,595536924808097,1787455260612113491,order_ref_sha256_392c4ac6bc9a39264a6e1322381005562fd9b768a36f27caf7fa8b46fbeac4c2,c6in_official_sdk,exact_reference_poll_started,
skhynix_c6in_latency_v2,0822T002,16,8,cancel_response_end,595537604306137,1787455261291611920,order_ref_sha256_392c4ac6bc9a39264a6e1322381005562fd9b768a36f27caf7fa8b46fbeac4c2,c6in_official_sdk,response_received,normal
skhynix_c6in_latency_v2,0822T002,16,9,terminal_confirm,595537666750350,1787455261354055941,order_ref_sha256_392c4ac6bc9a39264a6e1322381005562fd9b768a36f27caf7fa8b46fbeac4c2,c6in_official_sdk,exact_reference_cancel_confirmed,
skhynix_c6in_latency_v2,0822T002,16,10,final_open_orders_confirm,595537712065575,1787455261399371207,order_ref_sha256_392c4ac6bc9a39264a6e1322381005562fd9b768a36f27caf7fa8b46fbeac4c2,c6in_official_sdk,private_safety_reconciled,
skhynix_c6in_latency_v2,0822T002,17,1,submit_call_start,595556320067312,1787455280007373044,order_ref_sha256_e0593050a4fc2813353d0794884cd11d410105fa8f0ac23d41a52db553d3b757,c6in_official_sdk,request_started,
skhynix_c6in_latency_v2,0822T002,17,2,submit_response_end,595556673611821,1787455280360917554,order_ref_sha256_e0593050a4fc2813353d0794884cd11d410105fa8f0ac23d41a52db553d3b757,c6in_official_sdk,response_received,
skhynix_c6in_latency_v2,0822T002,17,3,resting_confirm,595556678853996,1787455280366159653,order_ref_sha256_e0593050a4fc2813353d0794884cd11d410105fa8f0ac23d41a52db553d3b757,c6in_official_sdk,exact_reference_resting,
skhynix_c6in_latency_v2,0822T002,17,4,risk_decision_ready,595556928915012,1787455280616221589,order_ref_sha256_e0593050a4fc2813353d0794884cd11d410105fa8f0ac23d41a52db553d3b757,c6in_official_sdk,frozen_settle_complete,
skhynix_c6in_latency_v2,0822T002,17,5,cancel_enqueue,595556928917410,1787455280616222710,order_ref_sha256_e0593050a4fc2813353d0794884cd11d410105fa8f0ac23d41a52db553d3b757,c6in_official_sdk,cancel_enqueued,
skhynix_c6in_latency_v2,0822T002,17,6,cancel_call_start,595556928918829,1787455280616224123,order_ref_sha256_e0593050a4fc2813353d0794884cd11d410105fa8f0ac23d41a52db553d3b757,c6in_official_sdk,request_started,
skhynix_c6in_latency_v2,0822T002,17,7,terminal_observation_start,595556928919160,1787455280616224443,order_ref_sha256_e0593050a4fc2813353d0794884cd11d410105fa8f0ac23d41a52db553d3b757,c6in_official_sdk,exact_reference_poll_started,
skhynix_c6in_latency_v2,0822T002,17,8,terminal_confirm,595557590553920,1787455281277859589,order_ref_sha256_e0593050a4fc2813353d0794884cd11d410105fa8f0ac23d41a52db553d3b757,c6in_official_sdk,exact_reference_cancel_confirmed,
skhynix_c6in_latency_v2,0822T002,17,9,cancel_response_end,595557601474890,1787455281288780560,order_ref_sha256_e0593050a4fc2813353d0794884cd11d410105fa8f0ac23d41a52db553d3b757,c6in_official_sdk,response_received,normal
skhynix_c6in_latency_v2,0822T002,17,10,final_open_orders_confirm,595557631598130,1787455281318903766,order_ref_sha256_e0593050a4fc2813353d0794884cd11d410105fa8f0ac23d41a52db553d3b757,c6in_official_sdk,private_safety_reconciled,
skhynix_c6in_latency_v2,0822T002,18,1,submit_call_start,595576353419984,1787455300040725628,order_ref_sha256_94c3e50d926aec67576a9d2bf8c3904bf7833d163cf18ca9cc0eda0d7c073755,c6in_official_sdk,request_started,
skhynix_c6in_latency_v2,0822T002,18,2,submit_response_end,595576890347028,1787455300577652879,order_ref_sha256_94c3e50d926aec67576a9d2bf8c3904bf7833d163cf18ca9cc0eda0d7c073755,c6in_official_sdk,response_received,
skhynix_c6in_latency_v2,0822T002,18,3,resting_confirm,595576914022486,1787455300601328516,order_ref_sha256_94c3e50d926aec67576a9d2bf8c3904bf7833d163cf18ca9cc0eda0d7c073755,c6in_official_sdk,exact_reference_resting,
skhynix_c6in_latency_v2,0822T002,18,4,risk_decision_ready,595577164094474,1787455300851401052,order_ref_sha256_94c3e50d926aec67576a9d2bf8c3904bf7833d163cf18ca9cc0eda0d7c073755,c6in_official_sdk,frozen_settle_complete,
skhynix_c6in_latency_v2,0822T002,18,5,cancel_enqueue,595577164097298,1787455300851402599,order_ref_sha256_94c3e50d926aec67576a9d2bf8c3904bf7833d163cf18ca9cc0eda0d7c073755,c6in_official_sdk,cancel_enqueued,
skhynix_c6in_latency_v2,0822T002,18,6,cancel_call_start,595577164098811,1787455300851404100,order_ref_sha256_94c3e50d926aec67576a9d2bf8c3904bf7833d163cf18ca9cc0eda0d7c073755,c6in_official_sdk,request_started,
skhynix_c6in_latency_v2,0822T002,18,7,terminal_observation_start,595577164099214,1787455300851404616,order_ref_sha256_94c3e50d926aec67576a9d2bf8c3904bf7833d163cf18ca9cc0eda0d7c073755,c6in_official_sdk,exact_reference_poll_started,
skhynix_c6in_latency_v2,0822T002,18,8,cancel_response_end,595577918111433,1787455301605417141,order_ref_sha256_94c3e50d926aec67576a9d2bf8c3904bf7833d163cf18ca9cc0eda0d7c073755,c6in_official_sdk,response_received,normal
skhynix_c6in_latency_v2,0822T002,18,9,terminal_confirm,595577977864102,1787455301665169755,order_ref_sha256_94c3e50d926aec67576a9d2bf8c3904bf7833d163cf18ca9cc0eda0d7c073755,c6in_official_sdk,exact_reference_cancel_confirmed,
skhynix_c6in_latency_v2,0822T002,18,10,final_open_orders_confirm,595578008094989,1787455301695400859,order_ref_sha256_94c3e50d926aec67576a9d2bf8c3904bf7833d163cf18ca9cc0eda0d7c073755,c6in_official_sdk,private_safety_reconciled,
skhynix_c6in_latency_v2,0822T002,19,1,submit_call_start,595596319051371,1787455320006357085,order_ref_sha256_f047f53345b2a543d8a4d8250f38735113e605b79bc60533cea8f13ff53ab652,c6in_official_sdk,request_started,
skhynix_c6in_latency_v2,0822T002,19,2,submit_response_end,595596732144716,1787455320419450450,order_ref_sha256_f047f53345b2a543d8a4d8250f38735113e605b79bc60533cea8f13ff53ab652,c6in_official_sdk,response_received,
skhynix_c6in_latency_v2,0822T002,19,3,resting_confirm,595596751812074,1787455320439117713,order_ref_sha256_f047f53345b2a543d8a4d8250f38735113e605b79bc60533cea8f13ff53ab652,c6in_official_sdk,exact_reference_resting,
skhynix_c6in_latency_v2,0822T002,19,4,risk_decision_ready,595597001875787,1787455320689181726,order_ref_sha256_f047f53345b2a543d8a4d8250f38735113e605b79bc60533cea8f13ff53ab652,c6in_official_sdk,frozen_settle_complete,
skhynix_c6in_latency_v2,0822T002,19,5,cancel_enqueue,595597001877429,1787455320689182721,order_ref_sha256_f047f53345b2a543d8a4d8250f38735113e605b79bc60533cea8f13ff53ab652,c6in_official_sdk,cancel_enqueued,
skhynix_c6in_latency_v2,0822T002,19,6,cancel_call_start,595597001878323,1787455320689183609,order_ref_sha256_f047f53345b2a543d8a4d8250f38735113e605b79bc60533cea8f13ff53ab652,c6in_official_sdk,request_started,
skhynix_c6in_latency_v2,0822T002,19,7,terminal_observation_start,595597001878793,1787455320689184115,order_ref_sha256_f047f53345b2a543d8a4d8250f38735113e605b79bc60533cea8f13ff53ab652,c6in_official_sdk,exact_reference_poll_started,
skhynix_c6in_latency_v2,0822T002,19,8,cancel_response_end,595597747370274,1787455321434676015,order_ref_sha256_f047f53345b2a543d8a4d8250f38735113e605b79bc60533cea8f13ff53ab652,c6in_official_sdk,response_received,normal
skhynix_c6in_latency_v2,0822T002,19,9,terminal_confirm,595602999956100,1787455326687262124,order_ref_sha256_f047f53345b2a543d8a4d8250f38735113e605b79bc60533cea8f13ff53ab652,c6in_official_sdk,exact_reference_cancel_confirmed,
skhynix_c6in_latency_v2,0822T002,19,10,final_open_orders_confirm,595603036067362,1787455326723373202,order_ref_sha256_f047f53345b2a543d8a4d8250f38735113e605b79bc60533cea8f13ff53ab652,c6in_official_sdk,private_safety_reconciled,
skhynix_c6in_latency_v2,0822T002,20,1,submit_call_start,595616324180941,1787455340011486627,order_ref_sha256_516a7347b9c07ca4dc164a53d97f16ad84583c21ad02b5924b336c8855acb77a,c6in_official_sdk,request_started,
skhynix_c6in_latency_v2,0822T002,20,2,submit_response_end,595616769773701,1787455340457079473,order_ref_sha256_516a7347b9c07ca4dc164a53d97f16ad84583c21ad02b5924b336c8855acb77a,c6in_official_sdk,response_received,
skhynix_c6in_latency_v2,0822T002,20,3,resting_confirm,595616832765401,1787455340520071259,order_ref_sha256_516a7347b9c07ca4dc164a53d97f16ad84583c21ad02b5924b336c8855acb77a,c6in_official_sdk,exact_reference_resting,
skhynix_c6in_latency_v2,0822T002,20,4,risk_decision_ready,595617082828361,1787455340770134703,order_ref_sha256_516a7347b9c07ca4dc164a53d97f16ad84583c21ad02b5924b336c8855acb77a,c6in_official_sdk,frozen_settle_complete,
skhynix_c6in_latency_v2,0822T002,20,5,cancel_enqueue,595617082830994,1787455340770136303,order_ref_sha256_516a7347b9c07ca4dc164a53d97f16ad84583c21ad02b5924b336c8855acb77a,c6in_official_sdk,cancel_enqueued,
skhynix_c6in_latency_v2,0822T002,20,6,cancel_call_start,595617082832265,1787455340770137564,order_ref_sha256_516a7347b9c07ca4dc164a53d97f16ad84583c21ad02b5924b336c8855acb77a,c6in_official_sdk,request_started,
skhynix_c6in_latency_v2,0822T002,20,7,terminal_observation_start,595617082832692,1787455340770138089,order_ref_sha256_516a7347b9c07ca4dc164a53d97f16ad84583c21ad02b5924b336c8855acb77a,c6in_official_sdk,exact_reference_poll_started,
skhynix_c6in_latency_v2,0822T002,20,8,cancel_response_end,595617762765371,1787455341450071007,order_ref_sha256_516a7347b9c07ca4dc164a53d97f16ad84583c21ad02b5924b336c8855acb77a,c6in_official_sdk,response_received,normal
skhynix_c6in_latency_v2,0822T002,20,9,terminal_confirm,595617787938044,1787455341475243635,order_ref_sha256_516a7347b9c07ca4dc164a53d97f16ad84583c21ad02b5924b336c8855acb77a,c6in_official_sdk,exact_reference_cancel_confirmed,
skhynix_c6in_latency_v2,0822T002,20,10,final_open_orders_confirm,595617824111233,1787455341511417061,order_ref_sha256_516a7347b9c07ca4dc164a53d97f16ad84583c21ad02b5924b336c8855acb77a,c6in_official_sdk,private_safety_reconciled,
skhynix_c6in_latency_v2,0822T002,21,1,submit_call_start,595636319432615,1787455360006738324,order_ref_sha256_4f02efd529b65f69aaee55e0f22b2d81e82afa106d9a6d48444f1cede74bc6e4,c6in_official_sdk,request_started,
skhynix_c6in_latency_v2,0822T002,21,2,submit_response_end,595636734694469,1787455360422000518,order_ref_sha256_4f02efd529b65f69aaee55e0f22b2d81e82afa106d9a6d48444f1cede74bc6e4,c6in_official_sdk,response_received,
skhynix_c6in_latency_v2,0822T002,21,3,resting_confirm,595636740344889,1787455360427650542,order_ref_sha256_4f02efd529b65f69aaee55e0f22b2d81e82afa106d9a6d48444f1cede74bc6e4,c6in_official_sdk,exact_reference_resting,
skhynix_c6in_latency_v2,0822T002,21,4,risk_decision_ready,595636990407436,1787455360677713629,order_ref_sha256_4f02efd529b65f69aaee55e0f22b2d81e82afa106d9a6d48444f1cede74bc6e4,c6in_official_sdk,frozen_settle_complete,
skhynix_c6in_latency_v2,0822T002,21,5,cancel_enqueue,595636990409999,1787455360677715297,order_ref_sha256_4f02efd529b65f69aaee55e0f22b2d81e82afa106d9a6d48444f1cede74bc6e4,c6in_official_sdk,cancel_enqueued,
skhynix_c6in_latency_v2,0822T002,21,6,cancel_call_start,595636990411549,1787455360677716865,order_ref_sha256_4f02efd529b65f69aaee55e0f22b2d81e82afa106d9a6d48444f1cede74bc6e4,c6in_official_sdk,request_started,
skhynix_c6in_latency_v2,0822T002,21,7,terminal_observation_start,595636990411907,1787455360677717292,order_ref_sha256_4f02efd529b65f69aaee55e0f22b2d81e82afa106d9a6d48444f1cede74bc6e4,c6in_official_sdk,exact_reference_poll_started,
skhynix_c6in_latency_v2,0822T002,21,8,cancel_response_end,595637716822066,1787455361404127858,order_ref_sha256_4f02efd529b65f69aaee55e0f22b2d81e82afa106d9a6d48444f1cede74bc6e4,c6in_official_sdk,response_received,normal
skhynix_c6in_latency_v2,0822T002,21,9,terminal_confirm,595637743220495,1787455361430526182,order_ref_sha256_4f02efd529b65f69aaee55e0f22b2d81e82afa106d9a6d48444f1cede74bc6e4,c6in_official_sdk,exact_reference_cancel_confirmed,
skhynix_c6in_latency_v2,0822T002,21,10,final_open_orders_confirm,595637772392932,1787455361459698704,order_ref_sha256_4f02efd529b65f69aaee55e0f22b2d81e82afa106d9a6d48444f1cede74bc6e4,c6in_official_sdk,private_safety_reconciled,
skhynix_c6in_latency_v2,0822T002,22,1,submit_call_start,595656319039164,1787455380006344862,order_ref_sha256_4265578230adc795a5d67e6d1a2c65edddaaa714dec9dca30185cfdee547ae20,c6in_official_sdk,request_started,
skhynix_c6in_latency_v2,0822T002,22,2,submit_response_end,595656796237820,1787455380483543499,order_ref_sha256_4265578230adc795a5d67e6d1a2c65edddaaa714dec9dca30185cfdee547ae20,c6in_official_sdk,response_received,
skhynix_c6in_latency_v2,0822T002,22,3,resting_confirm,595656805032003,1787455380492337714,order_ref_sha256_4265578230adc795a5d67e6d1a2c65edddaaa714dec9dca30185cfdee547ae20,c6in_official_sdk,exact_reference_resting,
skhynix_c6in_latency_v2,0822T002,22,4,risk_decision_ready,595657055096947,1787455380742403219,order_ref_sha256_4265578230adc795a5d67e6d1a2c65edddaaa714dec9dca30185cfdee547ae20,c6in_official_sdk,frozen_settle_complete,
skhynix_c6in_latency_v2,0822T002,22,5,cancel_enqueue,595657055099565,1787455380742404867,order_ref_sha256_4265578230adc795a5d67e6d1a2c65edddaaa714dec9dca30185cfdee547ae20,c6in_official_sdk,cancel_enqueued,
skhynix_c6in_latency_v2,0822T002,22,6,cancel_call_start,595657055100992,1787455380742406288,order_ref_sha256_4265578230adc795a5d67e6d1a2c65edddaaa714dec9dca30185cfdee547ae20,c6in_official_sdk,request_started,
skhynix_c6in_latency_v2,0822T002,22,7,terminal_observation_start,595657055101348,1787455380742406760,order_ref_sha256_4265578230adc795a5d67e6d1a2c65edddaaa714dec9dca30185cfdee547ae20,c6in_official_sdk,exact_reference_poll_started,
skhynix_c6in_latency_v2,0822T002,22,8,cancel_response_end,595657777291036,1787455381464596825,order_ref_sha256_4265578230adc795a5d67e6d1a2c65edddaaa714dec9dca30185cfdee547ae20,c6in_official_sdk,response_received,normal
skhynix_c6in_latency_v2,0822T002,22,9,terminal_confirm,595657784386379,1787455381471691993,order_ref_sha256_4265578230adc795a5d67e6d1a2c65edddaaa714dec9dca30185cfdee547ae20,c6in_official_sdk,exact_reference_cancel_confirmed,
skhynix_c6in_latency_v2,0822T002,22,10,final_open_orders_confirm,595657817761242,1787455381505066945,order_ref_sha256_4265578230adc795a5d67e6d1a2c65edddaaa714dec9dca30185cfdee547ae20,c6in_official_sdk,private_safety_reconciled,
skhynix_c6in_latency_v2,0822T002,23,1,submit_call_start,595676320571724,1787455400007877344,order_ref_sha256_a87b61d18cd519c1e0b0209f846f9cb46f5bc9ca5dcc345f52ac2577b687044e,c6in_official_sdk,request_started,
skhynix_c6in_latency_v2,0822T002,23,2,submit_response_end,595676805731840,1787455400493037677,order_ref_sha256_a87b61d18cd519c1e0b0209f846f9cb46f5bc9ca5dcc345f52ac2577b687044e,c6in_official_sdk,response_received,
skhynix_c6in_latency_v2,0822T002,23,3,resting_confirm,595676809882227,1787455400497187742,order_ref_sha256_a87b61d18cd519c1e0b0209f846f9cb46f5bc9ca5dcc345f52ac2577b687044e,c6in_official_sdk,exact_reference_resting,
skhynix_c6in_latency_v2,0822T002,23,4,risk_decision_ready,595677059951430,1787455400747257889,order_ref_sha256_a87b61d18cd519c1e0b0209f846f9cb46f5bc9ca5dcc345f52ac2577b687044e,c6in_official_sdk,frozen_settle_complete,
skhynix_c6in_latency_v2,0822T002,23,5,cancel_enqueue,595677059954111,1787455400747259438,order_ref_sha256_a87b61d18cd519c1e0b0209f846f9cb46f5bc9ca5dcc345f52ac2577b687044e,c6in_official_sdk,cancel_enqueued,
skhynix_c6in_latency_v2,0822T002,23,6,cancel_call_start,595677059955398,1787455400747260681,order_ref_sha256_a87b61d18cd519c1e0b0209f846f9cb46f5bc9ca5dcc345f52ac2577b687044e,c6in_official_sdk,request_started,
skhynix_c6in_latency_v2,0822T002,23,7,terminal_observation_start,595677059955808,1787455400747261194,order_ref_sha256_a87b61d18cd519c1e0b0209f846f9cb46f5bc9ca5dcc345f52ac2577b687044e,c6in_official_sdk,exact_reference_poll_started,
skhynix_c6in_latency_v2,0822T002,23,8,cancel_response_end,595677726388902,1787455401413694669,order_ref_sha256_a87b61d18cd519c1e0b0209f846f9cb46f5bc9ca5dcc345f52ac2577b687044e,c6in_official_sdk,response_received,normal
skhynix_c6in_latency_v2,0822T002,23,9,terminal_confirm,595677773403006,1787455401460708598,order_ref_sha256_a87b61d18cd519c1e0b0209f846f9cb46f5bc9ca5dcc345f52ac2577b687044e,c6in_official_sdk,exact_reference_cancel_confirmed,
skhynix_c6in_latency_v2,0822T002,23,10,final_open_orders_confirm,595677807796904,1787455401495102753,order_ref_sha256_a87b61d18cd519c1e0b0209f846f9cb46f5bc9ca5dcc345f52ac2577b687044e,c6in_official_sdk,private_safety_reconciled,
skhynix_c6in_latency_v2,0822T002,24,1,submit_call_start,595696319926608,1787455420007232302,order_ref_sha256_39e4e30c3e6269d2831d7b4011ebf92892ca67656aeaa218ecd7e5c056c9bc9d,c6in_official_sdk,request_started,
skhynix_c6in_latency_v2,0822T002,24,2,submit_response_end,595696752149810,1787455420439455545,order_ref_sha256_39e4e30c3e6269d2831d7b4011ebf92892ca67656aeaa218ecd7e5c056c9bc9d,c6in_official_sdk,response_received,
skhynix_c6in_latency_v2,0822T002,24,3,resting_confirm,595696757189495,1787455420444495163,order_ref_sha256_39e4e30c3e6269d2831d7b4011ebf92892ca67656aeaa218ecd7e5c056c9bc9d,c6in_official_sdk,exact_reference_resting,
skhynix_c6in_latency_v2,0822T002,24,4,risk_decision_ready,595697007257029,1787455420694563743,order_ref_sha256_39e4e30c3e6269d2831d7b4011ebf92892ca67656aeaa218ecd7e5c056c9bc9d,c6in_official_sdk,frozen_settle_complete,
skhynix_c6in_latency_v2,0822T002,24,5,cancel_enqueue,595697007259674,1787455420694564976,order_ref_sha256_39e4e30c3e6269d2831d7b4011ebf92892ca67656aeaa218ecd7e5c056c9bc9d,c6in_official_sdk,cancel_enqueued,
skhynix_c6in_latency_v2,0822T002,24,6,cancel_call_start,595697007261963,1787455420694567262,order_ref_sha256_39e4e30c3e6269d2831d7b4011ebf92892ca67656aeaa218ecd7e5c056c9bc9d,c6in_official_sdk,request_started,
skhynix_c6in_latency_v2,0822T002,24,7,terminal_observation_start,595697007262389,1787455420694567772,order_ref_sha256_39e4e30c3e6269d2831d7b4011ebf92892ca67656aeaa218ecd7e5c056c9bc9d,c6in_official_sdk,exact_reference_poll_started,
skhynix_c6in_latency_v2,0822T002,24,8,cancel_response_end,595697649784930,1787455421337090546,order_ref_sha256_39e4e30c3e6269d2831d7b4011ebf92892ca67656aeaa218ecd7e5c056c9bc9d,c6in_official_sdk,response_received,normal
skhynix_c6in_latency_v2,0822T002,24,9,terminal_confirm,595697660772585,1787455421348078157,order_ref_sha256_39e4e30c3e6269d2831d7b4011ebf92892ca67656aeaa218ecd7e5c056c9bc9d,c6in_official_sdk,exact_reference_cancel_confirmed,
skhynix_c6in_latency_v2,0822T002,24,10,final_open_orders_confirm,595697692436015,1787455421379741728,order_ref_sha256_39e4e30c3e6269d2831d7b4011ebf92892ca67656aeaa218ecd7e5c056c9bc9d,c6in_official_sdk,private_safety_reconciled,
skhynix_c6in_latency_v2,0822T002,25,1,submit_call_start,595716319815123,1787455440007121009,order_ref_sha256_0a42cac621c8d9df851afef69b628c4c863a6fa4bdd1c4cd6e595f685e6a468a,c6in_official_sdk,request_started,
skhynix_c6in_latency_v2,0822T002,25,2,submit_response_end,595716744855002,1787455440432160722,order_ref_sha256_0a42cac621c8d9df851afef69b628c4c863a6fa4bdd1c4cd6e595f685e6a468a,c6in_official_sdk,response_received,
skhynix_c6in_latency_v2,0822T002,25,3,resting_confirm,595716767677997,1787455440454983656,order_ref_sha256_0a42cac621c8d9df851afef69b628c4c863a6fa4bdd1c4cd6e595f685e6a468a,c6in_official_sdk,exact_reference_resting,
skhynix_c6in_latency_v2,0822T002,25,4,risk_decision_ready,595717017741232,1787455440705047378,order_ref_sha256_0a42cac621c8d9df851afef69b628c4c863a6fa4bdd1c4cd6e595f685e6a468a,c6in_official_sdk,frozen_settle_complete,
skhynix_c6in_latency_v2,0822T002,25,5,cancel_enqueue,595717017743230,1787455440705048549,order_ref_sha256_0a42cac621c8d9df851afef69b628c4c863a6fa4bdd1c4cd6e595f685e6a468a,c6in_official_sdk,cancel_enqueued,
skhynix_c6in_latency_v2,0822T002,25,6,cancel_call_start,595717017744651,1787455440705049938,order_ref_sha256_0a42cac621c8d9df851afef69b628c4c863a6fa4bdd1c4cd6e595f685e6a468a,c6in_official_sdk,request_started,
skhynix_c6in_latency_v2,0822T002,25,7,terminal_observation_start,595717017745040,1787455440705050419,order_ref_sha256_0a42cac621c8d9df851afef69b628c4c863a6fa4bdd1c4cd6e595f685e6a468a,c6in_official_sdk,exact_reference_poll_started,
skhynix_c6in_latency_v2,0822T002,25,8,cancel_response_end,595717759470902,1787455441446776584,order_ref_sha256_0a42cac621c8d9df851afef69b628c4c863a6fa4bdd1c4cd6e595f685e6a468a,c6in_official_sdk,response_received,normal
skhynix_c6in_latency_v2,0822T002,25,9,terminal_confirm,595722939095946,1787455446626401878,order_ref_sha256_0a42cac621c8d9df851afef69b628c4c863a6fa4bdd1c4cd6e595f685e6a468a,c6in_official_sdk,exact_reference_cancel_confirmed,
skhynix_c6in_latency_v2,0822T002,25,10,final_open_orders_confirm,595722971234416,1787455446658540439,order_ref_sha256_0a42cac621c8d9df851afef69b628c4c863a6fa4bdd1c4cd6e595f685e6a468a,c6in_official_sdk,private_safety_reconciled,
skhynix_c6in_latency_v2,0822T002,26,1,submit_call_start,595736320090359,1787455460007396058,order_ref_sha256_a518080fcb14477aed2265056b9048c7768381ecf051102b0474ed9fd0bf6ccb,c6in_official_sdk,request_started,
skhynix_c6in_latency_v2,0822T002,26,2,submit_response_end,595736689955621,1787455460377261411,order_ref_sha256_a518080fcb14477aed2265056b9048c7768381ecf051102b0474ed9fd0bf6ccb,c6in_official_sdk,response_received,
skhynix_c6in_latency_v2,0822T002,26,3,resting_confirm,595736712253088,1787455460399558869,order_ref_sha256_a518080fcb14477aed2265056b9048c7768381ecf051102b0474ed9fd0bf6ccb,c6in_official_sdk,exact_reference_resting,
skhynix_c6in_latency_v2,0822T002,26,4,risk_decision_ready,595736962317832,1787455460649624014,order_ref_sha256_a518080fcb14477aed2265056b9048c7768381ecf051102b0474ed9fd0bf6ccb,c6in_official_sdk,frozen_settle_complete,
skhynix_c6in_latency_v2,0822T002,26,5,cancel_enqueue,595736962319710,1787455460649625029,order_ref_sha256_a518080fcb14477aed2265056b9048c7768381ecf051102b0474ed9fd0bf6ccb,c6in_official_sdk,cancel_enqueued,
skhynix_c6in_latency_v2,0822T002,26,6,cancel_call_start,595736962320929,1787455460649626213,order_ref_sha256_a518080fcb14477aed2265056b9048c7768381ecf051102b0474ed9fd0bf6ccb,c6in_official_sdk,request_started,
skhynix_c6in_latency_v2,0822T002,26,7,terminal_observation_start,595736962321260,1787455460649626770,order_ref_sha256_a518080fcb14477aed2265056b9048c7768381ecf051102b0474ed9fd0bf6ccb,c6in_official_sdk,exact_reference_poll_started,
skhynix_c6in_latency_v2,0822T002,26,8,cancel_response_end,595737672039124,1787455461359344913,order_ref_sha256_a518080fcb14477aed2265056b9048c7768381ecf051102b0474ed9fd0bf6ccb,c6in_official_sdk,response_received,normal
skhynix_c6in_latency_v2,0822T002,26,9,terminal_confirm,595737700878900,1787455461388184395,order_ref_sha256_a518080fcb14477aed2265056b9048c7768381ecf051102b0474ed9fd0bf6ccb,c6in_official_sdk,exact_reference_cancel_confirmed,
skhynix_c6in_latency_v2,0822T002,26,10,final_open_orders_confirm,595737734850980,1787455461422156778,order_ref_sha256_a518080fcb14477aed2265056b9048c7768381ecf051102b0474ed9fd0bf6ccb,c6in_official_sdk,private_safety_reconciled,
skhynix_c6in_latency_v2,0822T002,27,1,submit_call_start,595756321005565,1787455480008311178,order_ref_sha256_44a08995933f80aabfa7eb0da3f7b80f5d69d6d57ed7935abdd63d0685973d2e,c6in_official_sdk,request_started,
skhynix_c6in_latency_v2,0822T002,27,2,submit_response_end,595756775179334,1787455480462485144,order_ref_sha256_44a08995933f80aabfa7eb0da3f7b80f5d69d6d57ed7935abdd63d0685973d2e,c6in_official_sdk,response_received,
skhynix_c6in_latency_v2,0822T002,27,3,resting_confirm,595756795457039,1787455480482762893,order_ref_sha256_44a08995933f80aabfa7eb0da3f7b80f5d69d6d57ed7935abdd63d0685973d2e,c6in_official_sdk,exact_reference_resting,
skhynix_c6in_latency_v2,0822T002,27,4,risk_decision_ready,595757045521226,1787455480732827399,order_ref_sha256_44a08995933f80aabfa7eb0da3f7b80f5d69d6d57ed7935abdd63d0685973d2e,c6in_official_sdk,frozen_settle_complete,
skhynix_c6in_latency_v2,0822T002,27,5,cancel_enqueue,595757045523518,1787455480732828825,order_ref_sha256_44a08995933f80aabfa7eb0da3f7b80f5d69d6d57ed7935abdd63d0685973d2e,c6in_official_sdk,cancel_enqueued,
skhynix_c6in_latency_v2,0822T002,27,6,cancel_call_start,595757045524921,1787455480732830217,order_ref_sha256_44a08995933f80aabfa7eb0da3f7b80f5d69d6d57ed7935abdd63d0685973d2e,c6in_official_sdk,request_started,
skhynix_c6in_latency_v2,0822T002,27,7,terminal_observation_start,595757045525214,1787455480732830592,order_ref_sha256_44a08995933f80aabfa7eb0da3f7b80f5d69d6d57ed7935abdd63d0685973d2e,c6in_official_sdk,exact_reference_poll_started,
skhynix_c6in_latency_v2,0822T002,27,8,cancel_response_end,595757777954072,1787455481465260074,order_ref_sha256_44a08995933f80aabfa7eb0da3f7b80f5d69d6d57ed7935abdd63d0685973d2e,c6in_official_sdk,response_received,normal
skhynix_c6in_latency_v2,0822T002,27,9,terminal_confirm,595757823339491,1787455481510645103,order_ref_sha256_44a08995933f80aabfa7eb0da3f7b80f5d69d6d57ed7935abdd63d0685973d2e,c6in_official_sdk,exact_reference_cancel_confirmed,
skhynix_c6in_latency_v2,0822T002,27,10,final_open_orders_confirm,595757863907580,1787455481551213649,order_ref_sha256_44a08995933f80aabfa7eb0da3f7b80f5d69d6d57ed7935abdd63d0685973d2e,c6in_official_sdk,private_safety_reconciled,
skhynix_c6in_latency_v2,0822T002,28,1,submit_call_start,595776320039759,1787455500007345377,order_ref_sha256_4600ec0fa853fe51b739a0076ad1ec9dbaa4c18dc2909714222758189f8e80de,c6in_official_sdk,request_started,
skhynix_c6in_latency_v2,0822T002,28,2,submit_response_end,595776700210640,1787455500387516369,order_ref_sha256_4600ec0fa853fe51b739a0076ad1ec9dbaa4c18dc2909714222758189f8e80de,c6in_official_sdk,response_received,
skhynix_c6in_latency_v2,0822T002,28,3,resting_confirm,595776735941689,1787455500423247729,order_ref_sha256_4600ec0fa853fe51b739a0076ad1ec9dbaa4c18dc2909714222758189f8e80de,c6in_official_sdk,exact_reference_resting,
skhynix_c6in_latency_v2,0822T002,28,4,risk_decision_ready,595776986009004,1787455500673315799,order_ref_sha256_4600ec0fa853fe51b739a0076ad1ec9dbaa4c18dc2909714222758189f8e80de,c6in_official_sdk,frozen_settle_complete,
skhynix_c6in_latency_v2,0822T002,28,5,cancel_enqueue,595776986011794,1787455500673317131,order_ref_sha256_4600ec0fa853fe51b739a0076ad1ec9dbaa4c18dc2909714222758189f8e80de,c6in_official_sdk,cancel_enqueued,
skhynix_c6in_latency_v2,0822T002,28,6,cancel_call_start,595776986013930,1787455500673319232,order_ref_sha256_4600ec0fa853fe51b739a0076ad1ec9dbaa4c18dc2909714222758189f8e80de,c6in_official_sdk,request_started,
skhynix_c6in_latency_v2,0822T002,28,7,terminal_observation_start,595776986014338,1787455500673319742,order_ref_sha256_4600ec0fa853fe51b739a0076ad1ec9dbaa4c18dc2909714222758189f8e80de,c6in_official_sdk,exact_reference_poll_started,
skhynix_c6in_latency_v2,0822T002,28,8,cancel_response_end,595777714441797,1787455501401748035,order_ref_sha256_4600ec0fa853fe51b739a0076ad1ec9dbaa4c18dc2909714222758189f8e80de,c6in_official_sdk,response_received,normal
skhynix_c6in_latency_v2,0822T002,28,9,terminal_confirm,595777729014223,1787455501416319814,order_ref_sha256_4600ec0fa853fe51b739a0076ad1ec9dbaa4c18dc2909714222758189f8e80de,c6in_official_sdk,exact_reference_cancel_confirmed,
skhynix_c6in_latency_v2,0822T002,28,10,final_open_orders_confirm,595777767723227,1787455501455028974,order_ref_sha256_4600ec0fa853fe51b739a0076ad1ec9dbaa4c18dc2909714222758189f8e80de,c6in_official_sdk,private_safety_reconciled,
skhynix_c6in_latency_v2,0822T002,29,1,submit_call_start,595796320042770,1787455520007348454,order_ref_sha256_62dbb93c7efac8a9394d584c86ba5527fc80b7626b8134ca0ce9b79c8e96e512,c6in_official_sdk,request_started,
skhynix_c6in_latency_v2,0822T002,29,2,submit_response_end,595796650992319,1787455520338298166,order_ref_sha256_62dbb93c7efac8a9394d584c86ba5527fc80b7626b8134ca0ce9b79c8e96e512,c6in_official_sdk,response_received,
skhynix_c6in_latency_v2,0822T002,29,3,resting_confirm,595796655512307,1787455520342817862,order_ref_sha256_62dbb93c7efac8a9394d584c86ba5527fc80b7626b8134ca0ce9b79c8e96e512,c6in_official_sdk,exact_reference_resting,
skhynix_c6in_latency_v2,0822T002,29,4,risk_decision_ready,595796905577030,1787455520592883097,order_ref_sha256_62dbb93c7efac8a9394d584c86ba5527fc80b7626b8134ca0ce9b79c8e96e512,c6in_official_sdk,frozen_settle_complete,
skhynix_c6in_latency_v2,0822T002,29,5,cancel_enqueue,595796905579044,1787455520592884346,order_ref_sha256_62dbb93c7efac8a9394d584c86ba5527fc80b7626b8134ca0ce9b79c8e96e512,c6in_official_sdk,cancel_enqueued,
skhynix_c6in_latency_v2,0822T002,29,6,cancel_call_start,595796905580286,1787455520592885586,order_ref_sha256_62dbb93c7efac8a9394d584c86ba5527fc80b7626b8134ca0ce9b79c8e96e512,c6in_official_sdk,request_started,
skhynix_c6in_latency_v2,0822T002,29,7,terminal_observation_start,595796905580696,1787455520592886104,order_ref_sha256_62dbb93c7efac8a9394d584c86ba5527fc80b7626b8134ca0ce9b79c8e96e512,c6in_official_sdk,exact_reference_poll_started,
skhynix_c6in_latency_v2,0822T002,29,8,cancel_response_end,595797578431226,1787455521265736987,order_ref_sha256_62dbb93c7efac8a9394d584c86ba5527fc80b7626b8134ca0ce9b79c8e96e512,c6in_official_sdk,response_received,normal
skhynix_c6in_latency_v2,0822T002,29,9,terminal_confirm,595797636347193,1787455521323652835,order_ref_sha256_62dbb93c7efac8a9394d584c86ba5527fc80b7626b8134ca0ce9b79c8e96e512,c6in_official_sdk,exact_reference_cancel_confirmed,
skhynix_c6in_latency_v2,0822T002,29,10,final_open_orders_confirm,595797667185957,1787455521354491632,order_ref_sha256_62dbb93c7efac8a9394d584c86ba5527fc80b7626b8134ca0ce9b79c8e96e512,c6in_official_sdk,private_safety_reconciled,
skhynix_c6in_latency_v2,0822T002,30,1,submit_call_start,595816320096360,1787455540007401970,order_ref_sha256_4f4b58e390c1e2500e30f19d32e24527047049f60df28ed2bd9e0329926fd66c,c6in_official_sdk,request_started,
skhynix_c6in_latency_v2,0822T002,30,2,submit_response_end,595816792581028,1787455540479886726,order_ref_sha256_4f4b58e390c1e2500e30f19d32e24527047049f60df28ed2bd9e0329926fd66c,c6in_official_sdk,response_received,
skhynix_c6in_latency_v2,0822T002,30,3,resting_confirm,595816800892288,1787455540488198111,order_ref_sha256_4f4b58e390c1e2500e30f19d32e24527047049f60df28ed2bd9e0329926fd66c,c6in_official_sdk,exact_reference_resting,
skhynix_c6in_latency_v2,0822T002,30,4,risk_decision_ready,595817050953686,1787455540738259913,order_ref_sha256_4f4b58e390c1e2500e30f19d32e24527047049f60df28ed2bd9e0329926fd66c,c6in_official_sdk,frozen_settle_complete,
skhynix_c6in_latency_v2,0822T002,30,5,cancel_enqueue,595817050955604,1787455540738260908,order_ref_sha256_4f4b58e390c1e2500e30f19d32e24527047049f60df28ed2bd9e0329926fd66c,c6in_official_sdk,cancel_enqueued,
skhynix_c6in_latency_v2,0822T002,30,6,cancel_call_start,595817050956458,1787455540738261761,order_ref_sha256_4f4b58e390c1e2500e30f19d32e24527047049f60df28ed2bd9e0329926fd66c,c6in_official_sdk,request_started,
skhynix_c6in_latency_v2,0822T002,30,7,terminal_observation_start,595817050956793,1787455540738262195,order_ref_sha256_4f4b58e390c1e2500e30f19d32e24527047049f60df28ed2bd9e0329926fd66c,c6in_official_sdk,exact_reference_poll_started,
skhynix_c6in_latency_v2,0822T002,30,8,cancel_response_end,595817714401312,1787455541401706937,order_ref_sha256_4f4b58e390c1e2500e30f19d32e24527047049f60df28ed2bd9e0329926fd66c,c6in_official_sdk,response_received,normal
skhynix_c6in_latency_v2,0822T002,30,9,terminal_confirm,595817771944487,1787455541459249999,order_ref_sha256_4f4b58e390c1e2500e30f19d32e24527047049f60df28ed2bd9e0329926fd66c,c6in_official_sdk,exact_reference_cancel_confirmed,
skhynix_c6in_latency_v2,0822T002,30,10,final_open_orders_confirm,595817815029161,1787455541502334963,order_ref_sha256_4f4b58e390c1e2500e30f19d32e24527047049f60df28ed2bd9e0329926fd66c,c6in_official_sdk,private_safety_reconciled,
skhynix_c6in_latency_v2,0822T002,31,1,submit_call_start,595836320128439,1787455560007434144,order_ref_sha256_e707ef4576c4df6cddd2a1f28c518520a8abd34939e8d180a92b34b5f0beab7f,c6in_official_sdk,request_started,
skhynix_c6in_latency_v2,0822T002,31,2,submit_response_end,595836652634084,1787455560339939885,order_ref_sha256_e707ef4576c4df6cddd2a1f28c518520a8abd34939e8d180a92b34b5f0beab7f,c6in_official_sdk,response_received,
skhynix_c6in_latency_v2,0822T002,31,3,resting_confirm,595836672721940,1787455560360027650,order_ref_sha256_e707ef4576c4df6cddd2a1f28c518520a8abd34939e8d180a92b34b5f0beab7f,c6in_official_sdk,exact_reference_resting,
skhynix_c6in_latency_v2,0822T002,31,4,risk_decision_ready,595836922784118,1787455560610089992,order_ref_sha256_e707ef4576c4df6cddd2a1f28c518520a8abd34939e8d180a92b34b5f0beab7f,c6in_official_sdk,frozen_settle_complete,
skhynix_c6in_latency_v2,0822T002,31,5,cancel_enqueue,595836922785390,1787455560610090684,order_ref_sha256_e707ef4576c4df6cddd2a1f28c518520a8abd34939e8d180a92b34b5f0beab7f,c6in_official_sdk,cancel_enqueued,
skhynix_c6in_latency_v2,0822T002,31,6,cancel_call_start,595836922786938,1787455560610092247,order_ref_sha256_e707ef4576c4df6cddd2a1f28c518520a8abd34939e8d180a92b34b5f0beab7f,c6in_official_sdk,request_started,
skhynix_c6in_latency_v2,0822T002,31,7,terminal_observation_start,595836922787344,1787455560610092723,order_ref_sha256_e707ef4576c4df6cddd2a1f28c518520a8abd34939e8d180a92b34b5f0beab7f,c6in_official_sdk,exact_reference_poll_started,
skhynix_c6in_latency_v2,0822T002,31,8,cancel_response_end,595837647738168,1787455561335044314,order_ref_sha256_e707ef4576c4df6cddd2a1f28c518520a8abd34939e8d180a92b34b5f0beab7f,c6in_official_sdk,response_received,normal
skhynix_c6in_latency_v2,0822T002,31,9,terminal_confirm,595842691091328,1787455566378396901,order_ref_sha256_e707ef4576c4df6cddd2a1f28c518520a8abd34939e8d180a92b34b5f0beab7f,c6in_official_sdk,exact_reference_cancel_confirmed,
skhynix_c6in_latency_v2,0822T002,31,10,final_open_orders_confirm,595842723475048,1787455566410780793,order_ref_sha256_e707ef4576c4df6cddd2a1f28c518520a8abd34939e8d180a92b34b5f0beab7f,c6in_official_sdk,private_safety_reconciled,
skhynix_c6in_latency_v2,0822T002,32,1,submit_call_start,595856322282823,1787455580009588405,order_ref_sha256_02bf4a955300c0f19d063b755689bf7fd441d19578229b6449cbfd9c438bd0d1,c6in_official_sdk,request_started,
skhynix_c6in_latency_v2,0822T002,32,2,submit_response_end,595856993312450,1787455580680618201,order_ref_sha256_02bf4a955300c0f19d063b755689bf7fd441d19578229b6449cbfd9c438bd0d1,c6in_official_sdk,response_received,
skhynix_c6in_latency_v2,0822T002,32,3,resting_confirm,595857000972742,1787455580688278346,order_ref_sha256_02bf4a955300c0f19d063b755689bf7fd441d19578229b6449cbfd9c438bd0d1,c6in_official_sdk,exact_reference_resting,
skhynix_c6in_latency_v2,0822T002,32,4,risk_decision_ready,595857251046421,1787455580938352416,order_ref_sha256_02bf4a955300c0f19d063b755689bf7fd441d19578229b6449cbfd9c438bd0d1,c6in_official_sdk,frozen_settle_complete,
skhynix_c6in_latency_v2,0822T002,32,5,cancel_enqueue,595857251048293,1787455580938353596,order_ref_sha256_02bf4a955300c0f19d063b755689bf7fd441d19578229b6449cbfd9c438bd0d1,c6in_official_sdk,cancel_enqueued,
skhynix_c6in_latency_v2,0822T002,32,6,cancel_call_start,595857251049400,1787455580938354692,order_ref_sha256_02bf4a955300c0f19d063b755689bf7fd441d19578229b6449cbfd9c438bd0d1,c6in_official_sdk,request_started,
skhynix_c6in_latency_v2,0822T002,32,7,terminal_observation_start,595857251049802,1787455580938355198,order_ref_sha256_02bf4a955300c0f19d063b755689bf7fd441d19578229b6449cbfd9c438bd0d1,c6in_official_sdk,exact_reference_poll_started,
skhynix_c6in_latency_v2,0822T002,32,8,cancel_response_end,595857924537909,1787455581611843653,order_ref_sha256_02bf4a955300c0f19d063b755689bf7fd441d19578229b6449cbfd9c438bd0d1,c6in_official_sdk,response_received,normal
skhynix_c6in_latency_v2,0822T002,32,9,terminal_confirm,595857941394164,1787455581628699746,order_ref_sha256_02bf4a955300c0f19d063b755689bf7fd441d19578229b6449cbfd9c438bd0d1,c6in_official_sdk,exact_reference_cancel_confirmed,
skhynix_c6in_latency_v2,0822T002,32,10,final_open_orders_confirm,595857972858267,1787455581660163923,order_ref_sha256_02bf4a955300c0f19d063b755689bf7fd441d19578229b6449cbfd9c438bd0d1,c6in_official_sdk,private_safety_reconciled,
skhynix_c6in_latency_v2,0822T002,33,1,submit_call_start,595876326678481,1787455600013984093,order_ref_sha256_b7696c9901d788a19031fd7e3ff82abf5467ae6d34c1bc2eaf6aa4799e645ae7,c6in_official_sdk,request_started,
skhynix_c6in_latency_v2,0822T002,33,2,submit_response_end,595876755779936,1787455600443085773,order_ref_sha256_b7696c9901d788a19031fd7e3ff82abf5467ae6d34c1bc2eaf6aa4799e645ae7,c6in_official_sdk,response_received,
skhynix_c6in_latency_v2,0822T002,33,3,resting_confirm,595876773470288,1787455600460775972,order_ref_sha256_b7696c9901d788a19031fd7e3ff82abf5467ae6d34c1bc2eaf6aa4799e645ae7,c6in_official_sdk,exact_reference_resting,
skhynix_c6in_latency_v2,0822T002,33,4,risk_decision_ready,595877023535921,1787455600710842510,order_ref_sha256_b7696c9901d788a19031fd7e3ff82abf5467ae6d34c1bc2eaf6aa4799e645ae7,c6in_official_sdk,frozen_settle_complete,
skhynix_c6in_latency_v2,0822T002,33,5,cancel_enqueue,595877023538250,1787455600710843555,order_ref_sha256_b7696c9901d788a19031fd7e3ff82abf5467ae6d34c1bc2eaf6aa4799e645ae7,c6in_official_sdk,cancel_enqueued,
skhynix_c6in_latency_v2,0822T002,33,6,cancel_call_start,595877023539468,1787455600710844770,order_ref_sha256_b7696c9901d788a19031fd7e3ff82abf5467ae6d34c1bc2eaf6aa4799e645ae7,c6in_official_sdk,request_started,
skhynix_c6in_latency_v2,0822T002,33,7,terminal_observation_start,595877023539901,1787455600710845370,order_ref_sha256_b7696c9901d788a19031fd7e3ff82abf5467ae6d34c1bc2eaf6aa4799e645ae7,c6in_official_sdk,exact_reference_poll_started,
skhynix_c6in_latency_v2,0822T002,33,8,cancel_response_end,595877662937653,1787455601350243335,order_ref_sha256_b7696c9901d788a19031fd7e3ff82abf5467ae6d34c1bc2eaf6aa4799e645ae7,c6in_official_sdk,response_received,normal
skhynix_c6in_latency_v2,0822T002,33,9,terminal_confirm,595877710303194,1787455601397608840,order_ref_sha256_b7696c9901d788a19031fd7e3ff82abf5467ae6d34c1bc2eaf6aa4799e645ae7,c6in_official_sdk,exact_reference_cancel_confirmed,
skhynix_c6in_latency_v2,0822T002,33,10,final_open_orders_confirm,595877740601618,1787455601427907303,order_ref_sha256_b7696c9901d788a19031fd7e3ff82abf5467ae6d34c1bc2eaf6aa4799e645ae7,c6in_official_sdk,private_safety_reconciled,
skhynix_c6in_latency_v2,0822T002,34,1,submit_call_start,595896320902319,1787455620008207927,order_ref_sha256_636dabee4366d731f28e701fc37422bc8b3ef22fe3ad1308152727c1f2b11525,c6in_official_sdk,request_started,
skhynix_c6in_latency_v2,0822T002,34,2,submit_response_end,595896833759530,1787455620521065166,order_ref_sha256_636dabee4366d731f28e701fc37422bc8b3ef22fe3ad1308152727c1f2b11525,c6in_official_sdk,response_received,
skhynix_c6in_latency_v2,0822T002,34,3,resting_confirm,595896838965149,1787455620526270852,order_ref_sha256_636dabee4366d731f28e701fc37422bc8b3ef22fe3ad1308152727c1f2b11525,c6in_official_sdk,exact_reference_resting,
skhynix_c6in_latency_v2,0822T002,34,4,risk_decision_ready,595897089025331,1787455620776331511,order_ref_sha256_636dabee4366d731f28e701fc37422bc8b3ef22fe3ad1308152727c1f2b11525,c6in_official_sdk,frozen_settle_complete,
skhynix_c6in_latency_v2,0822T002,34,5,cancel_enqueue,595897089027404,1787455620776332709,order_ref_sha256_636dabee4366d731f28e701fc37422bc8b3ef22fe3ad1308152727c1f2b11525,c6in_official_sdk,cancel_enqueued,
skhynix_c6in_latency_v2,0822T002,34,6,cancel_call_start,595897089028841,1787455620776334142,order_ref_sha256_636dabee4366d731f28e701fc37422bc8b3ef22fe3ad1308152727c1f2b11525,c6in_official_sdk,request_started,
skhynix_c6in_latency_v2,0822T002,34,7,terminal_observation_start,595897089029244,1787455620776334628,order_ref_sha256_636dabee4366d731f28e701fc37422bc8b3ef22fe3ad1308152727c1f2b11525,c6in_official_sdk,exact_reference_poll_started,
skhynix_c6in_latency_v2,0822T002,34,8,cancel_response_end,595897768679308,1787455621455985211,order_ref_sha256_636dabee4366d731f28e701fc37422bc8b3ef22fe3ad1308152727c1f2b11525,c6in_official_sdk,response_received,normal
skhynix_c6in_latency_v2,0822T002,34,9,terminal_confirm,595897815069240,1787455621502374782,order_ref_sha256_636dabee4366d731f28e701fc37422bc8b3ef22fe3ad1308152727c1f2b11525,c6in_official_sdk,exact_reference_cancel_confirmed,
skhynix_c6in_latency_v2,0822T002,34,10,final_open_orders_confirm,595897846358204,1787455621533663860,order_ref_sha256_636dabee4366d731f28e701fc37422bc8b3ef22fe3ad1308152727c1f2b11525,c6in_official_sdk,private_safety_reconciled,
skhynix_c6in_latency_v2,0822T002,35,1,submit_call_start,595916323726406,1787455640011032011,order_ref_sha256_837aefacec366381eac63f8b78ea7010e100ecc612a7b0316f186d8207cb0a66,c6in_official_sdk,request_started,
skhynix_c6in_latency_v2,0822T002,35,2,submit_response_end,595916749854439,1787455640437160202,order_ref_sha256_837aefacec366381eac63f8b78ea7010e100ecc612a7b0316f186d8207cb0a66,c6in_official_sdk,response_received,
skhynix_c6in_latency_v2,0822T002,35,3,resting_confirm,595916758881713,1787455640446187287,order_ref_sha256_837aefacec366381eac63f8b78ea7010e100ecc612a7b0316f186d8207cb0a66,c6in_official_sdk,exact_reference_resting,
skhynix_c6in_latency_v2,0822T002,35,4,risk_decision_ready,595917008946027,1787455640696252402,order_ref_sha256_837aefacec366381eac63f8b78ea7010e100ecc612a7b0316f186d8207cb0a66,c6in_official_sdk,frozen_settle_complete,
skhynix_c6in_latency_v2,0822T002,35,5,cancel_enqueue,595917008948209,1787455640696253514,order_ref_sha256_837aefacec366381eac63f8b78ea7010e100ecc612a7b0316f186d8207cb0a66,c6in_official_sdk,cancel_enqueued,
skhynix_c6in_latency_v2,0822T002,35,6,cancel_call_start,595917008949511,1787455640696254945,order_ref_sha256_837aefacec366381eac63f8b78ea7010e100ecc612a7b0316f186d8207cb0a66,c6in_official_sdk,request_started,
skhynix_c6in_latency_v2,0822T002,35,7,terminal_observation_start,595917008950464,1787455640696255936,order_ref_sha256_837aefacec366381eac63f8b78ea7010e100ecc612a7b0316f186d8207cb0a66,c6in_official_sdk,exact_reference_poll_started,
skhynix_c6in_latency_v2,0822T002,35,8,cancel_response_end,595917756346461,1787455641443652554,order_ref_sha256_837aefacec366381eac63f8b78ea7010e100ecc612a7b0316f186d8207cb0a66,c6in_official_sdk,response_received,normal
skhynix_c6in_latency_v2,0822T002,35,9,terminal_confirm,595917787737743,1787455641475043258,order_ref_sha256_837aefacec366381eac63f8b78ea7010e100ecc612a7b0316f186d8207cb0a66,c6in_official_sdk,exact_reference_cancel_confirmed,
skhynix_c6in_latency_v2,0822T002,35,10,final_open_orders_confirm,595917817312495,1787455641504618237,order_ref_sha256_837aefacec366381eac63f8b78ea7010e100ecc612a7b0316f186d8207cb0a66,c6in_official_sdk,private_safety_reconciled,
skhynix_c6in_latency_v2,0822T002,36,1,submit_call_start,595936322721079,1787455660010026757,order_ref_sha256_09b30fee7caca763691a3f5b87c898163af6241d9bac26e2125300e4f3e106cc,c6in_official_sdk,request_started,
skhynix_c6in_latency_v2,0822T002,36,2,submit_response_end,595936730467154,1787455660417772776,order_ref_sha256_09b30fee7caca763691a3f5b87c898163af6241d9bac26e2125300e4f3e106cc,c6in_official_sdk,response_received,
skhynix_c6in_latency_v2,0822T002,36,3,resting_confirm,595936735202883,1787455660422508666,order_ref_sha256_09b30fee7caca763691a3f5b87c898163af6241d9bac26e2125300e4f3e106cc,c6in_official_sdk,exact_reference_resting,
skhynix_c6in_latency_v2,0822T002,36,4,risk_decision_ready,595936985270951,1787455660672577488,order_ref_sha256_09b30fee7caca763691a3f5b87c898163af6241d9bac26e2125300e4f3e106cc,c6in_official_sdk,frozen_settle_complete,
skhynix_c6in_latency_v2,0822T002,36,5,cancel_enqueue,595936985273628,1787455660672578938,order_ref_sha256_09b30fee7caca763691a3f5b87c898163af6241d9bac26e2125300e4f3e106cc,c6in_official_sdk,cancel_enqueued,
skhynix_c6in_latency_v2,0822T002,36,6,cancel_call_start,595936985275111,1787455660672580410,order_ref_sha256_09b30fee7caca763691a3f5b87c898163af6241d9bac26e2125300e4f3e106cc,c6in_official_sdk,request_started,
skhynix_c6in_latency_v2,0822T002,36,7,terminal_observation_start,595936985275510,1787455660672580919,order_ref_sha256_09b30fee7caca763691a3f5b87c898163af6241d9bac26e2125300e4f3e106cc,c6in_official_sdk,exact_reference_poll_started,
skhynix_c6in_latency_v2,0822T002,36,8,cancel_response_end,595937664094258,1787455661351400325,order_ref_sha256_09b30fee7caca763691a3f5b87c898163af6241d9bac26e2125300e4f3e106cc,c6in_official_sdk,response_received,normal
skhynix_c6in_latency_v2,0822T002,36,9,terminal_confirm,595937668762798,1787455661356068382,order_ref_sha256_09b30fee7caca763691a3f5b87c898163af6241d9bac26e2125300e4f3e106cc,c6in_official_sdk,exact_reference_cancel_confirmed,
skhynix_c6in_latency_v2,0822T002,36,10,final_open_orders_confirm,595937698551495,1787455661385857307,order_ref_sha256_09b30fee7caca763691a3f5b87c898163af6241d9bac26e2125300e4f3e106cc,c6in_official_sdk,private_safety_reconciled,
skhynix_c6in_latency_v2,0822T002,37,1,submit_call_start,595956321446295,1787455680008751900,order_ref_sha256_fe16cc45bf725cbb7beae1439ea7e620406d18a4e1dae6a6fc657d1928bc3e5e,c6in_official_sdk,request_started,
skhynix_c6in_latency_v2,0822T002,37,2,submit_response_end,595956711686814,1787455680398992578,order_ref_sha256_fe16cc45bf725cbb7beae1439ea7e620406d18a4e1dae6a6fc657d1928bc3e5e,c6in_official_sdk,response_received,
skhynix_c6in_latency_v2,0822T002,37,3,resting_confirm,595956736910832,1787455680424216480,order_ref_sha256_fe16cc45bf725cbb7beae1439ea7e620406d18a4e1dae6a6fc657d1928bc3e5e,c6in_official_sdk,exact_reference_resting,
skhynix_c6in_latency_v2,0822T002,37,4,risk_decision_ready,595956986976003,1787455680674282418,order_ref_sha256_fe16cc45bf725cbb7beae1439ea7e620406d18a4e1dae6a6fc657d1928bc3e5e,c6in_official_sdk,frozen_settle_complete,
skhynix_c6in_latency_v2,0822T002,37,5,cancel_enqueue,595956986978563,1787455680674283857,order_ref_sha256_fe16cc45bf725cbb7beae1439ea7e620406d18a4e1dae6a6fc657d1928bc3e5e,c6in_official_sdk,cancel_enqueued,
skhynix_c6in_latency_v2,0822T002,37,6,cancel_call_start,595956986980042,1787455680674285332,order_ref_sha256_fe16cc45bf725cbb7beae1439ea7e620406d18a4e1dae6a6fc657d1928bc3e5e,c6in_official_sdk,request_started,
skhynix_c6in_latency_v2,0822T002,37,7,terminal_observation_start,595956986980514,1787455680674285992,order_ref_sha256_fe16cc45bf725cbb7beae1439ea7e620406d18a4e1dae6a6fc657d1928bc3e5e,c6in_official_sdk,exact_reference_poll_started,
skhynix_c6in_latency_v2,0822T002,37,8,cancel_response_end,595957771881448,1787455681459187271,order_ref_sha256_fe16cc45bf725cbb7beae1439ea7e620406d18a4e1dae6a6fc657d1928bc3e5e,c6in_official_sdk,response_received,normal
skhynix_c6in_latency_v2,0822T002,37,9,terminal_confirm,595963044941555,1787455686732247193,order_ref_sha256_fe16cc45bf725cbb7beae1439ea7e620406d18a4e1dae6a6fc657d1928bc3e5e,c6in_official_sdk,exact_reference_cancel_confirmed,
skhynix_c6in_latency_v2,0822T002,37,10,final_open_orders_confirm,595963075216250,1787455686762522002,order_ref_sha256_fe16cc45bf725cbb7beae1439ea7e620406d18a4e1dae6a6fc657d1928bc3e5e,c6in_official_sdk,private_safety_reconciled,
skhynix_c6in_latency_v2,0822T002,38,1,submit_call_start,595976321527264,1787455700008832890,order_ref_sha256_88deaf8a8b3ebe32acb8ddde8741b5c001390ad15f153be9a71c5f3192aa1ab4,c6in_official_sdk,request_started,
skhynix_c6in_latency_v2,0822T002,38,2,submit_response_end,595976805570177,1787455700492876229,order_ref_sha256_88deaf8a8b3ebe32acb8ddde8741b5c001390ad15f153be9a71c5f3192aa1ab4,c6in_official_sdk,response_received,
skhynix_c6in_latency_v2,0822T002,38,3,resting_confirm,595976810022299,1787455700497327915,order_ref_sha256_88deaf8a8b3ebe32acb8ddde8741b5c001390ad15f153be9a71c5f3192aa1ab4,c6in_official_sdk,exact_reference_resting,
skhynix_c6in_latency_v2,0822T002,38,4,risk_decision_ready,595977060100093,1787455700747406274,order_ref_sha256_88deaf8a8b3ebe32acb8ddde8741b5c001390ad15f153be9a71c5f3192aa1ab4,c6in_official_sdk,frozen_settle_complete,
skhynix_c6in_latency_v2,0822T002,38,5,cancel_enqueue,595977060102669,1787455700747408047,order_ref_sha256_88deaf8a8b3ebe32acb8ddde8741b5c001390ad15f153be9a71c5f3192aa1ab4,c6in_official_sdk,cancel_enqueued,
skhynix_c6in_latency_v2,0822T002,38,6,cancel_call_start,595977060104566,1787455700747409850,order_ref_sha256_88deaf8a8b3ebe32acb8ddde8741b5c001390ad15f153be9a71c5f3192aa1ab4,c6in_official_sdk,request_started,
skhynix_c6in_latency_v2,0822T002,38,7,terminal_observation_start,595977060104929,1787455700747410558,order_ref_sha256_88deaf8a8b3ebe32acb8ddde8741b5c001390ad15f153be9a71c5f3192aa1ab4,c6in_official_sdk,exact_reference_poll_started,
skhynix_c6in_latency_v2,0822T002,38,8,cancel_response_end,595977689431743,1787455701376737845,order_ref_sha256_88deaf8a8b3ebe32acb8ddde8741b5c001390ad15f153be9a71c5f3192aa1ab4,c6in_official_sdk,response_received,normal
skhynix_c6in_latency_v2,0822T002,38,9,terminal_confirm,595977739118108,1787455701426423883,order_ref_sha256_88deaf8a8b3ebe32acb8ddde8741b5c001390ad15f153be9a71c5f3192aa1ab4,c6in_official_sdk,exact_reference_cancel_confirmed,
skhynix_c6in_latency_v2,0822T002,38,10,final_open_orders_confirm,595977768231571,1787455701455537387,order_ref_sha256_88deaf8a8b3ebe32acb8ddde8741b5c001390ad15f153be9a71c5f3192aa1ab4,c6in_official_sdk,private_safety_reconciled,
skhynix_c6in_latency_v2,0822T002,39,1,submit_call_start,595996321752440,1787455720009058127,order_ref_sha256_fc292cbaaeb4df229002a9aed6c463f56bd8fca7cc2ee429790fa2ed377efd85,c6in_official_sdk,request_started,
skhynix_c6in_latency_v2,0822T002,39,2,submit_response_end,595996834117177,1787455720521423610,order_ref_sha256_fc292cbaaeb4df229002a9aed6c463f56bd8fca7cc2ee429790fa2ed377efd85,c6in_official_sdk,response_received,
skhynix_c6in_latency_v2,0822T002,39,3,resting_confirm,595996838227959,1787455720525533554,order_ref_sha256_fc292cbaaeb4df229002a9aed6c463f56bd8fca7cc2ee429790fa2ed377efd85,c6in_official_sdk,exact_reference_resting,
skhynix_c6in_latency_v2,0822T002,39,4,risk_decision_ready,595997088288810,1787455720775594511,order_ref_sha256_fc292cbaaeb4df229002a9aed6c463f56bd8fca7cc2ee429790fa2ed377efd85,c6in_official_sdk,frozen_settle_complete,
skhynix_c6in_latency_v2,0822T002,39,5,cancel_enqueue,595997088290185,1787455720775595475,order_ref_sha256_fc292cbaaeb4df229002a9aed6c463f56bd8fca7cc2ee429790fa2ed377efd85,c6in_official_sdk,cancel_enqueued,
skhynix_c6in_latency_v2,0822T002,39,6,cancel_call_start,595997088290776,1787455720775596090,order_ref_sha256_fc292cbaaeb4df229002a9aed6c463f56bd8fca7cc2ee429790fa2ed377efd85,c6in_official_sdk,request_started,
skhynix_c6in_latency_v2,0822T002,39,7,terminal_observation_start,595997088291117,1787455720775596405,order_ref_sha256_fc292cbaaeb4df229002a9aed6c463f56bd8fca7cc2ee429790fa2ed377efd85,c6in_official_sdk,exact_reference_poll_started,
skhynix_c6in_latency_v2,0822T002,39,8,cancel_response_end,595997779277824,1787455721466583535,order_ref_sha256_fc292cbaaeb4df229002a9aed6c463f56bd8fca7cc2ee429790fa2ed377efd85,c6in_official_sdk,response_received,normal
skhynix_c6in_latency_v2,0822T002,39,9,terminal_confirm,595997816720797,1787455721504026431,order_ref_sha256_fc292cbaaeb4df229002a9aed6c463f56bd8fca7cc2ee429790fa2ed377efd85,c6in_official_sdk,exact_reference_cancel_confirmed,
skhynix_c6in_latency_v2,0822T002,39,10,final_open_orders_confirm,595997847511699,1787455721534817345,order_ref_sha256_fc292cbaaeb4df229002a9aed6c463f56bd8fca7cc2ee429790fa2ed377efd85,c6in_official_sdk,private_safety_reconciled,
skhynix_c6in_latency_v2,0822T002,40,1,submit_call_start,596016321233406,1787455740008539203,order_ref_sha256_579b6903bd1671675b6a924947ad3c692d92ff1cbcf8a6fa350846f9b6709cb2,c6in_official_sdk,request_started,
skhynix_c6in_latency_v2,0822T002,40,2,submit_response_end,596016695018258,1787455740382324025,order_ref_sha256_579b6903bd1671675b6a924947ad3c692d92ff1cbcf8a6fa350846f9b6709cb2,c6in_official_sdk,response_received,
skhynix_c6in_latency_v2,0822T002,40,3,resting_confirm,596016700619428,1787455740387925139,order_ref_sha256_579b6903bd1671675b6a924947ad3c692d92ff1cbcf8a6fa350846f9b6709cb2,c6in_official_sdk,exact_reference_resting,
skhynix_c6in_latency_v2,0822T002,40,4,risk_decision_ready,596016950688915,1787455740637995336,order_ref_sha256_579b6903bd1671675b6a924947ad3c692d92ff1cbcf8a6fa350846f9b6709cb2,c6in_official_sdk,frozen_settle_complete,
skhynix_c6in_latency_v2,0822T002,40,5,cancel_enqueue,596016950691404,1787455740637996715,order_ref_sha256_579b6903bd1671675b6a924947ad3c692d92ff1cbcf8a6fa350846f9b6709cb2,c6in_official_sdk,cancel_enqueued,
skhynix_c6in_latency_v2,0822T002,40,6,cancel_call_start,596016950692684,1787455740637997972,order_ref_sha256_579b6903bd1671675b6a924947ad3c692d92ff1cbcf8a6fa350846f9b6709cb2,c6in_official_sdk,request_started,
skhynix_c6in_latency_v2,0822T002,40,7,terminal_observation_start,596016950693145,1787455740637998518,order_ref_sha256_579b6903bd1671675b6a924947ad3c692d92ff1cbcf8a6fa350846f9b6709cb2,c6in_official_sdk,exact_reference_poll_started,
skhynix_c6in_latency_v2,0822T002,40,8,cancel_response_end,596017728344831,1787455741415650664,order_ref_sha256_579b6903bd1671675b6a924947ad3c692d92ff1cbcf8a6fa350846f9b6709cb2,c6in_official_sdk,response_received,normal
skhynix_c6in_latency_v2,0822T002,40,9,terminal_confirm,596017775750169,1787455741463055906,order_ref_sha256_579b6903bd1671675b6a924947ad3c692d92ff1cbcf8a6fa350846f9b6709cb2,c6in_official_sdk,exact_reference_cancel_confirmed,
skhynix_c6in_latency_v2,0822T002,40,10,final_open_orders_confirm,596017806298911,1787455741493604739,order_ref_sha256_579b6903bd1671675b6a924947ad3c692d92ff1cbcf8a6fa350846f9b6709cb2,c6in_official_sdk,private_safety_reconciled,
skhynix_c6in_latency_v2,0822T002,41,1,submit_call_start,596196317397874,1787455920004703505,order_ref_sha256_2e08e95c402c2b69c317cfc4087220d241ea158031acc6639c646b20733e8e35,c6in_official_sdk,request_started,
skhynix_c6in_latency_v2,0822T002,41,2,submit_response_end,596196744397617,1787455920431703374,order_ref_sha256_2e08e95c402c2b69c317cfc4087220d241ea158031acc6639c646b20733e8e35,c6in_official_sdk,response_received,
skhynix_c6in_latency_v2,0822T002,41,3,resting_confirm,596196818194452,1787455920505500387,order_ref_sha256_2e08e95c402c2b69c317cfc4087220d241ea158031acc6639c646b20733e8e35,c6in_official_sdk,exact_reference_resting,
skhynix_c6in_latency_v2,0822T002,41,4,risk_decision_ready,596197068257780,1787455920755563909,order_ref_sha256_2e08e95c402c2b69c317cfc4087220d241ea158031acc6639c646b20733e8e35,c6in_official_sdk,frozen_settle_complete,
skhynix_c6in_latency_v2,0822T002,41,5,cancel_enqueue,596197068260153,1787455920755565460,order_ref_sha256_2e08e95c402c2b69c317cfc4087220d241ea158031acc6639c646b20733e8e35,c6in_official_sdk,cancel_enqueued,
skhynix_c6in_latency_v2,0822T002,41,6,cancel_call_start,596197068261541,1787455920755566886,order_ref_sha256_2e08e95c402c2b69c317cfc4087220d241ea158031acc6639c646b20733e8e35,c6in_official_sdk,request_started,
skhynix_c6in_latency_v2,0822T002,41,7,terminal_observation_start,596197068262145,1787455920755567591,order_ref_sha256_2e08e95c402c2b69c317cfc4087220d241ea158031acc6639c646b20733e8e35,c6in_official_sdk,exact_reference_poll_started,
skhynix_c6in_latency_v2,0822T002,41,8,cancel_response_end,596197813734742,1787455921501040560,order_ref_sha256_2e08e95c402c2b69c317cfc4087220d241ea158031acc6639c646b20733e8e35,c6in_official_sdk,response_received,normal
skhynix_c6in_latency_v2,0822T002,41,9,terminal_confirm,596202997257370,1787455926684563179,order_ref_sha256_2e08e95c402c2b69c317cfc4087220d241ea158031acc6639c646b20733e8e35,c6in_official_sdk,exact_reference_cancel_confirmed,
skhynix_c6in_latency_v2,0822T002,41,10,final_open_orders_confirm,596203028905210,1787455926716210925,order_ref_sha256_2e08e95c402c2b69c317cfc4087220d241ea158031acc6639c646b20733e8e35,c6in_official_sdk,private_safety_reconciled,
skhynix_c6in_latency_v2,0822T002,42,1,submit_call_start,596216317179834,1787455940004485449,order_ref_sha256_a6eacaf6ce9569224e74ef571735ecd4eeddd0b69076341ee70a09bc86370fe6,c6in_official_sdk,request_started,
skhynix_c6in_latency_v2,0822T002,42,2,submit_response_end,596216751009696,1787455940438315440,order_ref_sha256_a6eacaf6ce9569224e74ef571735ecd4eeddd0b69076341ee70a09bc86370fe6,c6in_official_sdk,response_received,
skhynix_c6in_latency_v2,0822T002,42,3,resting_confirm,596216790415645,1787455940477721408,order_ref_sha256_a6eacaf6ce9569224e74ef571735ecd4eeddd0b69076341ee70a09bc86370fe6,c6in_official_sdk,exact_reference_resting,
skhynix_c6in_latency_v2,0822T002,42,4,risk_decision_ready,596217040482244,1787455940727788470,order_ref_sha256_a6eacaf6ce9569224e74ef571735ecd4eeddd0b69076341ee70a09bc86370fe6,c6in_official_sdk,frozen_settle_complete,
skhynix_c6in_latency_v2,0822T002,42,5,cancel_enqueue,596217040484836,1787455940727790140,order_ref_sha256_a6eacaf6ce9569224e74ef571735ecd4eeddd0b69076341ee70a09bc86370fe6,c6in_official_sdk,cancel_enqueued,
skhynix_c6in_latency_v2,0822T002,42,6,cancel_call_start,596217040486228,1787455940727791512,order_ref_sha256_a6eacaf6ce9569224e74ef571735ecd4eeddd0b69076341ee70a09bc86370fe6,c6in_official_sdk,request_started,
skhynix_c6in_latency_v2,0822T002,42,7,terminal_observation_start,596217040486594,1787455940727791975,order_ref_sha256_a6eacaf6ce9569224e74ef571735ecd4eeddd0b69076341ee70a09bc86370fe6,c6in_official_sdk,exact_reference_poll_started,
skhynix_c6in_latency_v2,0822T002,42,8,cancel_response_end,596217784055530,1787455941471361216,order_ref_sha256_a6eacaf6ce9569224e74ef571735ecd4eeddd0b69076341ee70a09bc86370fe6,c6in_official_sdk,response_received,normal
skhynix_c6in_latency_v2,0822T002,42,9,terminal_confirm,596223661864374,1787455947349169981,order_ref_sha256_a6eacaf6ce9569224e74ef571735ecd4eeddd0b69076341ee70a09bc86370fe6,c6in_official_sdk,exact_reference_cancel_confirmed,
skhynix_c6in_latency_v2,0822T002,42,10,final_open_orders_confirm,596223693179645,1787455947380485295,order_ref_sha256_a6eacaf6ce9569224e74ef571735ecd4eeddd0b69076341ee70a09bc86370fe6,c6in_official_sdk,private_safety_reconciled,
skhynix_c6in_latency_v2,0822T002,43,1,submit_call_start,596236317254761,1787455960004560367,order_ref_sha256_51e592861de29ac19ac00de259afcf3829580c70c83b61577f305b4c1a8468ab,c6in_official_sdk,request_started,
skhynix_c6in_latency_v2,0822T002,43,2,submit_response_end,596236782393762,1787455960469699504,order_ref_sha256_51e592861de29ac19ac00de259afcf3829580c70c83b61577f305b4c1a8468ab,c6in_official_sdk,response_received,
skhynix_c6in_latency_v2,0822T002,43,3,resting_confirm,596236786703840,1787455960474009334,order_ref_sha256_51e592861de29ac19ac00de259afcf3829580c70c83b61577f305b4c1a8468ab,c6in_official_sdk,exact_reference_resting,
skhynix_c6in_latency_v2,0822T002,43,4,risk_decision_ready,596237036765474,1787455960724071705,order_ref_sha256_51e592861de29ac19ac00de259afcf3829580c70c83b61577f305b4c1a8468ab,c6in_official_sdk,frozen_settle_complete,
skhynix_c6in_latency_v2,0822T002,43,5,cancel_enqueue,596237036767893,1787455960724073218,order_ref_sha256_51e592861de29ac19ac00de259afcf3829580c70c83b61577f305b4c1a8468ab,c6in_official_sdk,cancel_enqueued,
skhynix_c6in_latency_v2,0822T002,43,6,cancel_call_start,596237036769235,1787455960724074539,order_ref_sha256_51e592861de29ac19ac00de259afcf3829580c70c83b61577f305b4c1a8468ab,c6in_official_sdk,request_started,
skhynix_c6in_latency_v2,0822T002,43,7,terminal_observation_start,596237036769632,1787455960724075028,order_ref_sha256_51e592861de29ac19ac00de259afcf3829580c70c83b61577f305b4c1a8468ab,c6in_official_sdk,exact_reference_poll_started,
skhynix_c6in_latency_v2,0822T002,43,8,cancel_response_end,596237785149734,1787455961472455563,order_ref_sha256_51e592861de29ac19ac00de259afcf3829580c70c83b61577f305b4c1a8468ab,c6in_official_sdk,response_received,normal
skhynix_c6in_latency_v2,0822T002,43,9,terminal_confirm,596237813707345,1787455961501012844,order_ref_sha256_51e592861de29ac19ac00de259afcf3829580c70c83b61577f305b4c1a8468ab,c6in_official_sdk,exact_reference_cancel_confirmed,
skhynix_c6in_latency_v2,0822T002,43,10,final_open_orders_confirm,596237846480287,1787455961533786229,order_ref_sha256_51e592861de29ac19ac00de259afcf3829580c70c83b61577f305b4c1a8468ab,c6in_official_sdk,private_safety_reconciled,
skhynix_c6in_latency_v2,0822T002,44,1,submit_call_start,596256350394293,1787455980037699984,order_ref_sha256_857d9a57e53bc94a46409be229e8c2eff502fb952f3dbcafa65c48aaa532e0c4,c6in_official_sdk,request_started,
skhynix_c6in_latency_v2,0822T002,44,2,submit_response_end,596256783904864,1787455980471210707,order_ref_sha256_857d9a57e53bc94a46409be229e8c2eff502fb952f3dbcafa65c48aaa532e0c4,c6in_official_sdk,response_received,
skhynix_c6in_latency_v2,0822T002,44,3,resting_confirm,596256789798310,1787455980477103883,order_ref_sha256_857d9a57e53bc94a46409be229e8c2eff502fb952f3dbcafa65c48aaa532e0c4,c6in_official_sdk,exact_reference_resting,
skhynix_c6in_latency_v2,0822T002,44,4,risk_decision_ready,596257039860067,1787455980727166087,order_ref_sha256_857d9a57e53bc94a46409be229e8c2eff502fb952f3dbcafa65c48aaa532e0c4,c6in_official_sdk,frozen_settle_complete,
skhynix_c6in_latency_v2,0822T002,44,5,cancel_enqueue,596257039862113,1787455980727167429,order_ref_sha256_857d9a57e53bc94a46409be229e8c2eff502fb952f3dbcafa65c48aaa532e0c4,c6in_official_sdk,cancel_enqueued,
skhynix_c6in_latency_v2,0822T002,44,6,cancel_call_start,596257039864109,1787455980727169405,order_ref_sha256_857d9a57e53bc94a46409be229e8c2eff502fb952f3dbcafa65c48aaa532e0c4,c6in_official_sdk,request_started,
skhynix_c6in_latency_v2,0822T002,44,7,terminal_observation_start,596257039864434,1787455980727169824,order_ref_sha256_857d9a57e53bc94a46409be229e8c2eff502fb952f3dbcafa65c48aaa532e0c4,c6in_official_sdk,exact_reference_poll_started,
skhynix_c6in_latency_v2,0822T002,44,8,cancel_response_end,596257734503789,1787455981421809438,order_ref_sha256_857d9a57e53bc94a46409be229e8c2eff502fb952f3dbcafa65c48aaa532e0c4,c6in_official_sdk,response_received,normal
skhynix_c6in_latency_v2,0822T002,44,9,terminal_confirm,596257759601466,1787455981446907026,order_ref_sha256_857d9a57e53bc94a46409be229e8c2eff502fb952f3dbcafa65c48aaa532e0c4,c6in_official_sdk,exact_reference_cancel_confirmed,
skhynix_c6in_latency_v2,0822T002,44,10,final_open_orders_confirm,596257790556471,1787455981477862299,order_ref_sha256_857d9a57e53bc94a46409be229e8c2eff502fb952f3dbcafa65c48aaa532e0c4,c6in_official_sdk,private_safety_reconciled,
skhynix_c6in_latency_v2,0822T002,45,1,submit_call_start,596276318690937,1787456000005996574,order_ref_sha256_86ee26a81f9c7508b197378b2ec15d593bab6c1f447d8249c8a520d6685b6bf0,c6in_official_sdk,request_started,
skhynix_c6in_latency_v2,0822T002,45,2,submit_response_end,596276715789558,1787456000403095325,order_ref_sha256_86ee26a81f9c7508b197378b2ec15d593bab6c1f447d8249c8a520d6685b6bf0,c6in_official_sdk,response_received,
skhynix_c6in_latency_v2,0822T002,45,3,resting_confirm,596276744904839,1787456000432210684,order_ref_sha256_86ee26a81f9c7508b197378b2ec15d593bab6c1f447d8249c8a520d6685b6bf0,c6in_official_sdk,exact_reference_resting,
skhynix_c6in_latency_v2,0822T002,45,4,risk_decision_ready,596276994976615,1787456000682283007,order_ref_sha256_86ee26a81f9c7508b197378b2ec15d593bab6c1f447d8249c8a520d6685b6bf0,c6in_official_sdk,frozen_settle_complete,
skhynix_c6in_latency_v2,0822T002,45,5,cancel_enqueue,596276994979970,1787456000682285282,order_ref_sha256_86ee26a81f9c7508b197378b2ec15d593bab6c1f447d8249c8a520d6685b6bf0,c6in_official_sdk,cancel_enqueued,
skhynix_c6in_latency_v2,0822T002,45,6,cancel_call_start,596276994981260,1787456000682286556,order_ref_sha256_86ee26a81f9c7508b197378b2ec15d593bab6c1f447d8249c8a520d6685b6bf0,c6in_official_sdk,request_started,
skhynix_c6in_latency_v2,0822T002,45,7,terminal_observation_start,596276994981625,1787456000682287007,order_ref_sha256_86ee26a81f9c7508b197378b2ec15d593bab6c1f447d8249c8a520d6685b6bf0,c6in_official_sdk,exact_reference_poll_started,
skhynix_c6in_latency_v2,0822T002,45,8,cancel_response_end,596277711903749,1787456001399209475,order_ref_sha256_86ee26a81f9c7508b197378b2ec15d593bab6c1f447d8249c8a520d6685b6bf0,c6in_official_sdk,response_received,normal
skhynix_c6in_latency_v2,0822T002,45,9,terminal_confirm,596277746375295,1787456001433680904,order_ref_sha256_86ee26a81f9c7508b197378b2ec15d593bab6c1f447d8249c8a520d6685b6bf0,c6in_official_sdk,exact_reference_cancel_confirmed,
skhynix_c6in_latency_v2,0822T002,45,10,final_open_orders_confirm,596277777849374,1787456001465155332,order_ref_sha256_86ee26a81f9c7508b197378b2ec15d593bab6c1f447d8249c8a520d6685b6bf0,c6in_official_sdk,private_safety_reconciled,
skhynix_c6in_latency_v2,0822T002,46,1,submit_call_start,596296318409345,1787456020005715353,order_ref_sha256_9cb0b5decd231ee0b7862ce7561eb3de642d72a28be040e316739eb353d7c6e9,c6in_official_sdk,request_started,
skhynix_c6in_latency_v2,0822T002,46,2,submit_response_end,596296709661305,1787456020396967082,order_ref_sha256_9cb0b5decd231ee0b7862ce7561eb3de642d72a28be040e316739eb353d7c6e9,c6in_official_sdk,response_received,
skhynix_c6in_latency_v2,0822T002,46,3,resting_confirm,596296713600340,1787456020400906347,order_ref_sha256_9cb0b5decd231ee0b7862ce7561eb3de642d72a28be040e316739eb353d7c6e9,c6in_official_sdk,exact_reference_resting,
skhynix_c6in_latency_v2,0822T002,46,4,risk_decision_ready,596296963661301,1787456020650967539,order_ref_sha256_9cb0b5decd231ee0b7862ce7561eb3de642d72a28be040e316739eb353d7c6e9,c6in_official_sdk,frozen_settle_complete,
skhynix_c6in_latency_v2,0822T002,46,5,cancel_enqueue,596296963663987,1787456020650969320,order_ref_sha256_9cb0b5decd231ee0b7862ce7561eb3de642d72a28be040e316739eb353d7c6e9,c6in_official_sdk,cancel_enqueued,
skhynix_c6in_latency_v2,0822T002,46,6,cancel_call_start,596296963665778,1787456020650971085,order_ref_sha256_9cb0b5decd231ee0b7862ce7561eb3de642d72a28be040e316739eb353d7c6e9,c6in_official_sdk,request_started,
skhynix_c6in_latency_v2,0822T002,46,7,terminal_observation_start,596296963666225,1787456020650971630,order_ref_sha256_9cb0b5decd231ee0b7862ce7561eb3de642d72a28be040e316739eb353d7c6e9,c6in_official_sdk,exact_reference_poll_started,
skhynix_c6in_latency_v2,0822T002,46,8,cancel_response_end,596297583451332,1787456021270757484,order_ref_sha256_9cb0b5decd231ee0b7862ce7561eb3de642d72a28be040e316739eb353d7c6e9,c6in_official_sdk,response_received,normal
skhynix_c6in_latency_v2,0822T002,46,9,terminal_confirm,596297599525957,1787456021286831545,order_ref_sha256_9cb0b5decd231ee0b7862ce7561eb3de642d72a28be040e316739eb353d7c6e9,c6in_official_sdk,exact_reference_cancel_confirmed,
skhynix_c6in_latency_v2,0822T002,46,10,final_open_orders_confirm,596297630100558,1787456021317406313,order_ref_sha256_9cb0b5decd231ee0b7862ce7561eb3de642d72a28be040e316739eb353d7c6e9,c6in_official_sdk,private_safety_reconciled,
skhynix_c6in_latency_v2,0822T002,47,1,submit_call_start,596316318174113,1787456040005479797,order_ref_sha256_3534b8a98d67fa0896811456fdf5445ab48f14315151ced4b379c17a53c5f2ac,c6in_official_sdk,request_started,
skhynix_c6in_latency_v2,0822T002,47,2,submit_response_end,596316676527417,1787456040363833185,order_ref_sha256_3534b8a98d67fa0896811456fdf5445ab48f14315151ced4b379c17a53c5f2ac,c6in_official_sdk,response_received,
skhynix_c6in_latency_v2,0822T002,47,3,resting_confirm,596316696703715,1787456040384009626,order_ref_sha256_3534b8a98d67fa0896811456fdf5445ab48f14315151ced4b379c17a53c5f2ac,c6in_official_sdk,exact_reference_resting,
skhynix_c6in_latency_v2,0822T002,47,4,risk_decision_ready,596316946772176,1787456040634078557,order_ref_sha256_3534b8a98d67fa0896811456fdf5445ab48f14315151ced4b379c17a53c5f2ac,c6in_official_sdk,frozen_settle_complete,
skhynix_c6in_latency_v2,0822T002,47,5,cancel_enqueue,596316946774320,1787456040634079619,order_ref_sha256_3534b8a98d67fa0896811456fdf5445ab48f14315151ced4b379c17a53c5f2ac,c6in_official_sdk,cancel_enqueued,
skhynix_c6in_latency_v2,0822T002,47,6,cancel_call_start,596316946775369,1787456040634080666,order_ref_sha256_3534b8a98d67fa0896811456fdf5445ab48f14315151ced4b379c17a53c5f2ac,c6in_official_sdk,request_started,
skhynix_c6in_latency_v2,0822T002,47,7,terminal_observation_start,596316946775706,1787456040634081168,order_ref_sha256_3534b8a98d67fa0896811456fdf5445ab48f14315151ced4b379c17a53c5f2ac,c6in_official_sdk,exact_reference_poll_started,
skhynix_c6in_latency_v2,0822T002,47,8,cancel_response_end,596317745998613,1787456041433305169,order_ref_sha256_3534b8a98d67fa0896811456fdf5445ab48f14315151ced4b379c17a53c5f2ac,c6in_official_sdk,response_received,normal
skhynix_c6in_latency_v2,0822T002,47,9,terminal_confirm,596323735151553,1787456047422457124,order_ref_sha256_3534b8a98d67fa0896811456fdf5445ab48f14315151ced4b379c17a53c5f2ac,c6in_official_sdk,exact_reference_cancel_confirmed,
skhynix_c6in_latency_v2,0822T002,47,10,final_open_orders_confirm,596323782274952,1787456047469580598,order_ref_sha256_3534b8a98d67fa0896811456fdf5445ab48f14315151ced4b379c17a53c5f2ac,c6in_official_sdk,private_safety_reconciled,
skhynix_c6in_latency_v2,0822T002,48,1,submit_call_start,596336318228674,1787456060005534270,order_ref_sha256_ff5aa35ecdfafe9322bde71836440488726f884b982708dfbbb8d2f33182d7f9,c6in_official_sdk,request_started,
skhynix_c6in_latency_v2,0822T002,48,2,submit_response_end,596336755233044,1787456060442538711,order_ref_sha256_ff5aa35ecdfafe9322bde71836440488726f884b982708dfbbb8d2f33182d7f9,c6in_official_sdk,response_received,
skhynix_c6in_latency_v2,0822T002,48,3,resting_confirm,596336791494679,1787456060478800691,order_ref_sha256_ff5aa35ecdfafe9322bde71836440488726f884b982708dfbbb8d2f33182d7f9,c6in_official_sdk,exact_reference_resting,
skhynix_c6in_latency_v2,0822T002,48,4,risk_decision_ready,596337041568059,1787456060728874495,order_ref_sha256_ff5aa35ecdfafe9322bde71836440488726f884b982708dfbbb8d2f33182d7f9,c6in_official_sdk,frozen_settle_complete,
skhynix_c6in_latency_v2,0822T002,48,5,cancel_enqueue,596337041570944,1787456060728876245,order_ref_sha256_ff5aa35ecdfafe9322bde71836440488726f884b982708dfbbb8d2f33182d7f9,c6in_official_sdk,cancel_enqueued,
skhynix_c6in_latency_v2,0822T002,48,6,cancel_call_start,596337041572164,1787456060728877448,order_ref_sha256_ff5aa35ecdfafe9322bde71836440488726f884b982708dfbbb8d2f33182d7f9,c6in_official_sdk,request_started,
skhynix_c6in_latency_v2,0822T002,48,7,terminal_observation_start,596337041572502,1787456060728877983,order_ref_sha256_ff5aa35ecdfafe9322bde71836440488726f884b982708dfbbb8d2f33182d7f9,c6in_official_sdk,exact_reference_poll_started,
skhynix_c6in_latency_v2,0822T002,48,8,cancel_response_end,596337769150818,1787456061456456657,order_ref_sha256_ff5aa35ecdfafe9322bde71836440488726f884b982708dfbbb8d2f33182d7f9,c6in_official_sdk,response_received,normal
skhynix_c6in_latency_v2,0822T002,48,9,terminal_confirm,596337835942776,1787456061523248298,order_ref_sha256_ff5aa35ecdfafe9322bde71836440488726f884b982708dfbbb8d2f33182d7f9,c6in_official_sdk,exact_reference_cancel_confirmed,
skhynix_c6in_latency_v2,0822T002,48,10,final_open_orders_confirm,596337866623229,1787456061553929261,order_ref_sha256_ff5aa35ecdfafe9322bde71836440488726f884b982708dfbbb8d2f33182d7f9,c6in_official_sdk,private_safety_reconciled,
skhynix_c6in_latency_v2,0822T002,49,1,submit_call_start,596356318482805,1787456080005788428,order_ref_sha256_fdd628ce5462d0d67428b6d012eab00330f7ab67da6e0031247103c485f3579e,c6in_official_sdk,request_started,
skhynix_c6in_latency_v2,0822T002,49,2,submit_response_end,596356766325105,1787456080453630746,order_ref_sha256_fdd628ce5462d0d67428b6d012eab00330f7ab67da6e0031247103c485f3579e,c6in_official_sdk,response_received,
skhynix_c6in_latency_v2,0822T002,49,3,resting_confirm,596356771377428,1787456080458683127,order_ref_sha256_fdd628ce5462d0d67428b6d012eab00330f7ab67da6e0031247103c485f3579e,c6in_official_sdk,exact_reference_resting,
skhynix_c6in_latency_v2,0822T002,49,4,risk_decision_ready,596357021439838,1787456080708745940,order_ref_sha256_fdd628ce5462d0d67428b6d012eab00330f7ab67da6e0031247103c485f3579e,c6in_official_sdk,frozen_settle_complete,
skhynix_c6in_latency_v2,0822T002,49,5,cancel_enqueue,596357021441496,1787456080708746796,order_ref_sha256_fdd628ce5462d0d67428b6d012eab00330f7ab67da6e0031247103c485f3579e,c6in_official_sdk,cancel_enqueued,
skhynix_c6in_latency_v2,0822T002,49,6,cancel_call_start,596357021442509,1787456080708747807,order_ref_sha256_fdd628ce5462d0d67428b6d012eab00330f7ab67da6e0031247103c485f3579e,c6in_official_sdk,request_started,
skhynix_c6in_latency_v2,0822T002,49,7,terminal_observation_start,596357021442898,1787456080708748582,order_ref_sha256_fdd628ce5462d0d67428b6d012eab00330f7ab67da6e0031247103c485f3579e,c6in_official_sdk,exact_reference_poll_started,
skhynix_c6in_latency_v2,0822T002,49,8,cancel_response_end,596357653758668,1787456081341064447,order_ref_sha256_fdd628ce5462d0d67428b6d012eab00330f7ab67da6e0031247103c485f3579e,c6in_official_sdk,response_received,normal
skhynix_c6in_latency_v2,0822T002,49,9,terminal_confirm,596357747885083,1787456081435190677,order_ref_sha256_fdd628ce5462d0d67428b6d012eab00330f7ab67da6e0031247103c485f3579e,c6in_official_sdk,exact_reference_cancel_confirmed,
skhynix_c6in_latency_v2,0822T002,49,10,final_open_orders_confirm,596357778550145,1787456081465856377,order_ref_sha256_fdd628ce5462d0d67428b6d012eab00330f7ab67da6e0031247103c485f3579e,c6in_official_sdk,private_safety_reconciled,
skhynix_c6in_latency_v2,0822T002,50,1,submit_call_start,596376318330137,1787456100005635756,order_ref_sha256_e7c82079bc00fea5775fde9351e8489b3a0fb43313f17ea14d9918f9cddc60ff,c6in_official_sdk,request_started,
skhynix_c6in_latency_v2,0822T002,50,2,submit_response_end,596376779654298,1787456100466960051,order_ref_sha256_e7c82079bc00fea5775fde9351e8489b3a0fb43313f17ea14d9918f9cddc60ff,c6in_official_sdk,response_received,
skhynix_c6in_latency_v2,0822T002,50,3,resting_confirm,596376811901051,1787456100499206819,order_ref_sha256_e7c82079bc00fea5775fde9351e8489b3a0fb43313f17ea14d9918f9cddc60ff,c6in_official_sdk,exact_reference_resting,
skhynix_c6in_latency_v2,0822T002,50,4,risk_decision_ready,596377061976584,1787456100749283124,order_ref_sha256_e7c82079bc00fea5775fde9351e8489b3a0fb43313f17ea14d9918f9cddc60ff,c6in_official_sdk,frozen_settle_complete,
skhynix_c6in_latency_v2,0822T002,50,5,cancel_enqueue,596377061979314,1787456100749284636,order_ref_sha256_e7c82079bc00fea5775fde9351e8489b3a0fb43313f17ea14d9918f9cddc60ff,c6in_official_sdk,cancel_enqueued,
skhynix_c6in_latency_v2,0822T002,50,6,cancel_call_start,596377061980836,1787456100749286150,order_ref_sha256_e7c82079bc00fea5775fde9351e8489b3a0fb43313f17ea14d9918f9cddc60ff,c6in_official_sdk,request_started,
skhynix_c6in_latency_v2,0822T002,50,7,terminal_observation_start,596377061981308,1787456100749286794,order_ref_sha256_e7c82079bc00fea5775fde9351e8489b3a0fb43313f17ea14d9918f9cddc60ff,c6in_official_sdk,exact_reference_poll_started,
skhynix_c6in_latency_v2,0822T002,50,8,cancel_response_end,596377799051669,1787456101486357425,order_ref_sha256_e7c82079bc00fea5775fde9351e8489b3a0fb43313f17ea14d9918f9cddc60ff,c6in_official_sdk,response_received,normal
skhynix_c6in_latency_v2,0822T002,50,9,terminal_confirm,596377825844245,1787456101513149825,order_ref_sha256_e7c82079bc00fea5775fde9351e8489b3a0fb43313f17ea14d9918f9cddc60ff,c6in_official_sdk,exact_reference_cancel_confirmed,
skhynix_c6in_latency_v2,0822T002,50,10,final_open_orders_confirm,596377857739389,1787456101545045204,order_ref_sha256_e7c82079bc00fea5775fde9351e8489b3a0fb43313f17ea14d9918f9cddc60ff,c6in_official_sdk,private_safety_reconciled,
skhynix_c6in_latency_v2,0822T002,51,1,submit_call_start,596396318368930,1787456120005674630,order_ref_sha256_a4c5400ec1f682b65becc2d4794764d942a535d9560a59adf792271a6f4de44e,c6in_official_sdk,request_started,
skhynix_c6in_latency_v2,0822T002,51,2,submit_response_end,596396725877670,1787456120413183421,order_ref_sha256_a4c5400ec1f682b65becc2d4794764d942a535d9560a59adf792271a6f4de44e,c6in_official_sdk,response_received,
skhynix_c6in_latency_v2,0822T002,51,3,resting_confirm,596396732039609,1787456120419345248,order_ref_sha256_a4c5400ec1f682b65becc2d4794764d942a535d9560a59adf792271a6f4de44e,c6in_official_sdk,exact_reference_resting,
skhynix_c6in_latency_v2,0822T002,51,4,risk_decision_ready,596396982102156,1787456120669408239,order_ref_sha256_a4c5400ec1f682b65becc2d4794764d942a535d9560a59adf792271a6f4de44e,c6in_official_sdk,frozen_settle_complete,
skhynix_c6in_latency_v2,0822T002,51,5,cancel_enqueue,596396982103706,1787456120669409024,order_ref_sha256_a4c5400ec1f682b65becc2d4794764d942a535d9560a59adf792271a6f4de44e,c6in_official_sdk,cancel_enqueued,
skhynix_c6in_latency_v2,0822T002,51,6,cancel_call_start,596396982104502,1787456120669409792,order_ref_sha256_a4c5400ec1f682b65becc2d4794764d942a535d9560a59adf792271a6f4de44e,c6in_official_sdk,request_started,
skhynix_c6in_latency_v2,0822T002,51,7,terminal_observation_start,596396982104877,1787456120669410294,order_ref_sha256_a4c5400ec1f682b65becc2d4794764d942a535d9560a59adf792271a6f4de44e,c6in_official_sdk,exact_reference_poll_started,
skhynix_c6in_latency_v2,0822T002,51,8,cancel_response_end,596397619300526,1787456121306606337,order_ref_sha256_a4c5400ec1f682b65becc2d4794764d942a535d9560a59adf792271a6f4de44e,c6in_official_sdk,response_received,normal
skhynix_c6in_latency_v2,0822T002,51,9,terminal_confirm,596397659587559,1787456121346893194,order_ref_sha256_a4c5400ec1f682b65becc2d4794764d942a535d9560a59adf792271a6f4de44e,c6in_official_sdk,exact_reference_cancel_confirmed,
skhynix_c6in_latency_v2,0822T002,51,10,final_open_orders_confirm,596397700574686,1787456121387880441,order_ref_sha256_a4c5400ec1f682b65becc2d4794764d942a535d9560a59adf792271a6f4de44e,c6in_official_sdk,private_safety_reconciled,
skhynix_c6in_latency_v2,0822T002,52,1,submit_call_start,596416328303667,1787456140015609649,order_ref_sha256_4a776f715036498d888adb419d0faa66f059774cd3baf3c90aae69feace22dc2,c6in_official_sdk,request_started,
skhynix_c6in_latency_v2,0822T002,52,2,submit_response_end,596416674501804,1787456140361807648,order_ref_sha256_4a776f715036498d888adb419d0faa66f059774cd3baf3c90aae69feace22dc2,c6in_official_sdk,response_received,
skhynix_c6in_latency_v2,0822T002,52,3,resting_confirm,596416679805104,1787456140367110857,order_ref_sha256_4a776f715036498d888adb419d0faa66f059774cd3baf3c90aae69feace22dc2,c6in_official_sdk,exact_reference_resting,
skhynix_c6in_latency_v2,0822T002,52,4,risk_decision_ready,596416929867784,1787456140617174442,order_ref_sha256_4a776f715036498d888adb419d0faa66f059774cd3baf3c90aae69feace22dc2,c6in_official_sdk,frozen_settle_complete,
skhynix_c6in_latency_v2,0822T002,52,5,cancel_enqueue,596416929870561,1787456140617175858,order_ref_sha256_4a776f715036498d888adb419d0faa66f059774cd3baf3c90aae69feace22dc2,c6in_official_sdk,cancel_enqueued,
skhynix_c6in_latency_v2,0822T002,52,6,cancel_call_start,596416929871843,1787456140617177132,order_ref_sha256_4a776f715036498d888adb419d0faa66f059774cd3baf3c90aae69feace22dc2,c6in_official_sdk,request_started,
skhynix_c6in_latency_v2,0822T002,52,7,terminal_observation_start,596416929872170,1787456140617177546,order_ref_sha256_4a776f715036498d888adb419d0faa66f059774cd3baf3c90aae69feace22dc2,c6in_official_sdk,exact_reference_poll_started,
skhynix_c6in_latency_v2,0822T002,52,8,cancel_response_end,596417646728164,1787456141334034033,order_ref_sha256_4a776f715036498d888adb419d0faa66f059774cd3baf3c90aae69feace22dc2,c6in_official_sdk,response_received,normal
skhynix_c6in_latency_v2,0822T002,52,9,terminal_confirm,596417655114812,1787456141342420394,order_ref_sha256_4a776f715036498d888adb419d0faa66f059774cd3baf3c90aae69feace22dc2,c6in_official_sdk,exact_reference_cancel_confirmed,
skhynix_c6in_latency_v2,0822T002,52,10,final_open_orders_confirm,596417686729472,1787456141374035230,order_ref_sha256_4a776f715036498d888adb419d0faa66f059774cd3baf3c90aae69feace22dc2,c6in_official_sdk,private_safety_reconciled,
skhynix_c6in_latency_v2,0822T002,53,1,submit_call_start,596436318809745,1787456160006115361,order_ref_sha256_dcb4b2d7ff3c22396febb2f4d330a5a06485a3dd2e166e2caa1708e9ed0f3355,c6in_official_sdk,request_started,
skhynix_c6in_latency_v2,0822T002,53,2,submit_response_end,596436768993530,1787456160456299199,order_ref_sha256_dcb4b2d7ff3c22396febb2f4d330a5a06485a3dd2e166e2caa1708e9ed0f3355,c6in_official_sdk,response_received,
skhynix_c6in_latency_v2,0822T002,53,3,resting_confirm,596436789344786,1787456160476650542,order_ref_sha256_dcb4b2d7ff3c22396febb2f4d330a5a06485a3dd2e166e2caa1708e9ed0f3355,c6in_official_sdk,exact_reference_resting,
skhynix_c6in_latency_v2,0822T002,53,4,risk_decision_ready,596437039412264,1787456160726718440,order_ref_sha256_dcb4b2d7ff3c22396febb2f4d330a5a06485a3dd2e166e2caa1708e9ed0f3355,c6in_official_sdk,frozen_settle_complete,
skhynix_c6in_latency_v2,0822T002,53,5,cancel_enqueue,596437039414491,1787456160726719813,order_ref_sha256_dcb4b2d7ff3c22396febb2f4d330a5a06485a3dd2e166e2caa1708e9ed0f3355,c6in_official_sdk,cancel_enqueued,
skhynix_c6in_latency_v2,0822T002,53,6,cancel_call_start,596437039415663,1787456160726720962,order_ref_sha256_dcb4b2d7ff3c22396febb2f4d330a5a06485a3dd2e166e2caa1708e9ed0f3355,c6in_official_sdk,request_started,
skhynix_c6in_latency_v2,0822T002,53,7,terminal_observation_start,596437039415990,1787456160726721390,order_ref_sha256_dcb4b2d7ff3c22396febb2f4d330a5a06485a3dd2e166e2caa1708e9ed0f3355,c6in_official_sdk,exact_reference_poll_started,
skhynix_c6in_latency_v2,0822T002,53,8,cancel_response_end,596437759346274,1787456161446651979,order_ref_sha256_dcb4b2d7ff3c22396febb2f4d330a5a06485a3dd2e166e2caa1708e9ed0f3355,c6in_official_sdk,response_received,normal
skhynix_c6in_latency_v2,0822T002,53,9,terminal_confirm,596443402679499,1787456167089985143,order_ref_sha256_dcb4b2d7ff3c22396febb2f4d330a5a06485a3dd2e166e2caa1708e9ed0f3355,c6in_official_sdk,exact_reference_cancel_confirmed,
skhynix_c6in_latency_v2,0822T002,53,10,final_open_orders_confirm,596443435860137,1787456167123165979,order_ref_sha256_dcb4b2d7ff3c22396febb2f4d330a5a06485a3dd2e166e2caa1708e9ed0f3355,c6in_official_sdk,private_safety_reconciled,
skhynix_c6in_latency_v2,0822T002,54,1,submit_call_start,596456319795481,1787456180007101398,order_ref_sha256_87fff3e0611086285f61a6823095aa1276ce717997093085131e7413609afca8,c6in_official_sdk,request_started,
skhynix_c6in_latency_v2,0822T002,54,2,submit_response_end,596456736913547,1787456180424219287,order_ref_sha256_87fff3e0611086285f61a6823095aa1276ce717997093085131e7413609afca8,c6in_official_sdk,response_received,
skhynix_c6in_latency_v2,0822T002,54,3,resting_confirm,596456743864316,1787456180431170575,order_ref_sha256_87fff3e0611086285f61a6823095aa1276ce717997093085131e7413609afca8,c6in_official_sdk,exact_reference_resting,
skhynix_c6in_latency_v2,0822T002,54,4,risk_decision_ready,596456993934719,1787456180681240875,order_ref_sha256_87fff3e0611086285f61a6823095aa1276ce717997093085131e7413609afca8,c6in_official_sdk,frozen_settle_complete,
skhynix_c6in_latency_v2,0822T002,54,5,cancel_enqueue,596456993936790,1787456180681242101,order_ref_sha256_87fff3e0611086285f61a6823095aa1276ce717997093085131e7413609afca8,c6in_official_sdk,cancel_enqueued,
skhynix_c6in_latency_v2,0822T002,54,6,cancel_call_start,596456993938127,1787456180681243421,order_ref_sha256_87fff3e0611086285f61a6823095aa1276ce717997093085131e7413609afca8,c6in_official_sdk,request_started,
skhynix_c6in_latency_v2,0822T002,54,7,terminal_observation_start,596456993938486,1787456180681243888,order_ref_sha256_87fff3e0611086285f61a6823095aa1276ce717997093085131e7413609afca8,c6in_official_sdk,exact_reference_poll_started,
skhynix_c6in_latency_v2,0822T002,54,8,cancel_response_end,596457650376393,1787456181337682159,order_ref_sha256_87fff3e0611086285f61a6823095aa1276ce717997093085131e7413609afca8,c6in_official_sdk,response_received,normal
skhynix_c6in_latency_v2,0822T002,54,9,terminal_confirm,596457689497314,1787456181376802898,order_ref_sha256_87fff3e0611086285f61a6823095aa1276ce717997093085131e7413609afca8,c6in_official_sdk,exact_reference_cancel_confirmed,
skhynix_c6in_latency_v2,0822T002,54,10,final_open_orders_confirm,596457722097136,1787456181409403404,order_ref_sha256_87fff3e0611086285f61a6823095aa1276ce717997093085131e7413609afca8,c6in_official_sdk,private_safety_reconciled,
skhynix_c6in_latency_v2,0822T002,55,1,submit_call_start,596476318404123,1787456200005709849,order_ref_sha256_3d1d6f2ebdd8b822d51173c17dfa1f0011e8fcfa6f594f090b2b0f72cd07cf4f,c6in_official_sdk,request_started,
skhynix_c6in_latency_v2,0822T002,55,2,submit_response_end,596476679606441,1787456200366912206,order_ref_sha256_3d1d6f2ebdd8b822d51173c17dfa1f0011e8fcfa6f594f090b2b0f72cd07cf4f,c6in_official_sdk,response_received,
skhynix_c6in_latency_v2,0822T002,55,3,resting_confirm,596476685502374,1787456200372808056,order_ref_sha256_3d1d6f2ebdd8b822d51173c17dfa1f0011e8fcfa6f594f090b2b0f72cd07cf4f,c6in_official_sdk,exact_reference_resting,
skhynix_c6in_latency_v2,0822T002,55,4,risk_decision_ready,596476935564524,1787456200622870683,order_ref_sha256_3d1d6f2ebdd8b822d51173c17dfa1f0011e8fcfa6f594f090b2b0f72cd07cf4f,c6in_official_sdk,frozen_settle_complete,
skhynix_c6in_latency_v2,0822T002,55,5,cancel_enqueue,596476935566507,1787456200622871829,order_ref_sha256_3d1d6f2ebdd8b822d51173c17dfa1f0011e8fcfa6f594f090b2b0f72cd07cf4f,c6in_official_sdk,cancel_enqueued,
skhynix_c6in_latency_v2,0822T002,55,6,cancel_call_start,596476935567748,1787456200622873039,order_ref_sha256_3d1d6f2ebdd8b822d51173c17dfa1f0011e8fcfa6f594f090b2b0f72cd07cf4f,c6in_official_sdk,request_started,
skhynix_c6in_latency_v2,0822T002,55,7,terminal_observation_start,596476935568021,1787456200622873445,order_ref_sha256_3d1d6f2ebdd8b822d51173c17dfa1f0011e8fcfa6f594f090b2b0f72cd07cf4f,c6in_official_sdk,exact_reference_poll_started,
skhynix_c6in_latency_v2,0822T002,55,8,cancel_response_end,596477601737768,1787456201289043519,order_ref_sha256_3d1d6f2ebdd8b822d51173c17dfa1f0011e8fcfa6f594f090b2b0f72cd07cf4f,c6in_official_sdk,response_received,normal
skhynix_c6in_latency_v2,0822T002,55,9,terminal_confirm,596477645580476,1787456201332886360,order_ref_sha256_3d1d6f2ebdd8b822d51173c17dfa1f0011e8fcfa6f594f090b2b0f72cd07cf4f,c6in_official_sdk,exact_reference_cancel_confirmed,
skhynix_c6in_latency_v2,0822T002,55,10,final_open_orders_confirm,596477676486592,1787456201363792438,order_ref_sha256_3d1d6f2ebdd8b822d51173c17dfa1f0011e8fcfa6f594f090b2b0f72cd07cf4f,c6in_official_sdk,private_safety_reconciled,
skhynix_c6in_latency_v2,0822T002,56,1,submit_call_start,596496319991310,1787456220007297003,order_ref_sha256_914977b6ee93cef8a9ef0d68aca4f33213d555d86136169c4590605d4ed6e054,c6in_official_sdk,request_started,
skhynix_c6in_latency_v2,0822T002,56,2,submit_response_end,596496690409857,1787456220377715582,order_ref_sha256_914977b6ee93cef8a9ef0d68aca4f33213d555d86136169c4590605d4ed6e054,c6in_official_sdk,response_received,
skhynix_c6in_latency_v2,0822T002,56,3,resting_confirm,596496696563538,1787456220383869255,order_ref_sha256_914977b6ee93cef8a9ef0d68aca4f33213d555d86136169c4590605d4ed6e054,c6in_official_sdk,exact_reference_resting,
skhynix_c6in_latency_v2,0822T002,56,4,risk_decision_ready,596496946632220,1787456220633938853,order_ref_sha256_914977b6ee93cef8a9ef0d68aca4f33213d555d86136169c4590605d4ed6e054,c6in_official_sdk,frozen_settle_complete,
skhynix_c6in_latency_v2,0822T002,56,5,cancel_enqueue,596496946634652,1787456220633939962,order_ref_sha256_914977b6ee93cef8a9ef0d68aca4f33213d555d86136169c4590605d4ed6e054,c6in_official_sdk,cancel_enqueued,
skhynix_c6in_latency_v2,0822T002,56,6,cancel_call_start,596496946636215,1787456220633941542,order_ref_sha256_914977b6ee93cef8a9ef0d68aca4f33213d555d86136169c4590605d4ed6e054,c6in_official_sdk,request_started,
skhynix_c6in_latency_v2,0822T002,56,7,terminal_observation_start,596496946636686,1787456220633942418,order_ref_sha256_914977b6ee93cef8a9ef0d68aca4f33213d555d86136169c4590605d4ed6e054,c6in_official_sdk,exact_reference_poll_started,
skhynix_c6in_latency_v2,0822T002,56,8,cancel_response_end,596497615757816,1787456221303063544,order_ref_sha256_914977b6ee93cef8a9ef0d68aca4f33213d555d86136169c4590605d4ed6e054,c6in_official_sdk,response_received,normal
skhynix_c6in_latency_v2,0822T002,56,9,terminal_confirm,596497667362299,1787456221354667938,order_ref_sha256_914977b6ee93cef8a9ef0d68aca4f33213d555d86136169c4590605d4ed6e054,c6in_official_sdk,exact_reference_cancel_confirmed,
skhynix_c6in_latency_v2,0822T002,56,10,final_open_orders_confirm,596497698260509,1787456221385566253,order_ref_sha256_914977b6ee93cef8a9ef0d68aca4f33213d555d86136169c4590605d4ed6e054,c6in_official_sdk,private_safety_reconciled,
skhynix_c6in_latency_v2,0822T002,57,1,submit_call_start,596516321449184,1787456240008754904,order_ref_sha256_fefc50777fd809a13bc68ad479a1b238bc61b923c0d0854ab157f78f12674cc5,c6in_official_sdk,request_started,
skhynix_c6in_latency_v2,0822T002,57,2,submit_response_end,596516765593513,1787456240452899339,order_ref_sha256_fefc50777fd809a13bc68ad479a1b238bc61b923c0d0854ab157f78f12674cc5,c6in_official_sdk,response_received,
skhynix_c6in_latency_v2,0822T002,57,3,resting_confirm,596516771291134,1787456240458596727,order_ref_sha256_fefc50777fd809a13bc68ad479a1b238bc61b923c0d0854ab157f78f12674cc5,c6in_official_sdk,exact_reference_resting,
skhynix_c6in_latency_v2,0822T002,57,4,risk_decision_ready,596517021353331,1787456240708659847,order_ref_sha256_fefc50777fd809a13bc68ad479a1b238bc61b923c0d0854ab157f78f12674cc5,c6in_official_sdk,frozen_settle_complete,
skhynix_c6in_latency_v2,0822T002,57,5,cancel_enqueue,596517021355550,1787456240708660854,order_ref_sha256_fefc50777fd809a13bc68ad479a1b238bc61b923c0d0854ab157f78f12674cc5,c6in_official_sdk,cancel_enqueued,
skhynix_c6in_latency_v2,0822T002,57,6,cancel_call_start,596517021356634,1787456240708661936,order_ref_sha256_fefc50777fd809a13bc68ad479a1b238bc61b923c0d0854ab157f78f12674cc5,c6in_official_sdk,request_started,
skhynix_c6in_latency_v2,0822T002,57,7,terminal_observation_start,596517021357223,1787456240708662629,order_ref_sha256_fefc50777fd809a13bc68ad479a1b238bc61b923c0d0854ab157f78f12674cc5,c6in_official_sdk,exact_reference_poll_started,
skhynix_c6in_latency_v2,0822T002,57,8,cancel_response_end,596517723033995,1787456241410339645,order_ref_sha256_fefc50777fd809a13bc68ad479a1b238bc61b923c0d0854ab157f78f12674cc5,c6in_official_sdk,response_received,normal
skhynix_c6in_latency_v2,0822T002,57,9,terminal_confirm,596517782975052,1787456241470280544,order_ref_sha256_fefc50777fd809a13bc68ad479a1b238bc61b923c0d0854ab157f78f12674cc5,c6in_official_sdk,exact_reference_cancel_confirmed,
skhynix_c6in_latency_v2,0822T002,57,10,final_open_orders_confirm,596517814294688,1787456241501600467,order_ref_sha256_fefc50777fd809a13bc68ad479a1b238bc61b923c0d0854ab157f78f12674cc5,c6in_official_sdk,private_safety_reconciled,
skhynix_c6in_latency_v2,0822T002,58,1,submit_call_start,596536319121824,1787456260006427442,order_ref_sha256_ee9ab2ade1a0da8ea77d9e7d808d8f4a0e04b2cfea9ee5d1d643fe80cfea4190,c6in_official_sdk,request_started,
skhynix_c6in_latency_v2,0822T002,58,2,submit_response_end,596536756216380,1787456260443522009,order_ref_sha256_ee9ab2ade1a0da8ea77d9e7d808d8f4a0e04b2cfea9ee5d1d643fe80cfea4190,c6in_official_sdk,response_received,
skhynix_c6in_latency_v2,0822T002,58,3,resting_confirm,596536761756090,1787456260449061682,order_ref_sha256_ee9ab2ade1a0da8ea77d9e7d808d8f4a0e04b2cfea9ee5d1d643fe80cfea4190,c6in_official_sdk,exact_reference_resting,
skhynix_c6in_latency_v2,0822T002,58,4,risk_decision_ready,596537011817531,1787456260699124417,order_ref_sha256_ee9ab2ade1a0da8ea77d9e7d808d8f4a0e04b2cfea9ee5d1d643fe80cfea4190,c6in_official_sdk,frozen_settle_complete,
skhynix_c6in_latency_v2,0822T002,58,5,cancel_enqueue,596537011820315,1787456260699125603,order_ref_sha256_ee9ab2ade1a0da8ea77d9e7d808d8f4a0e04b2cfea9ee5d1d643fe80cfea4190,c6in_official_sdk,cancel_enqueued,
skhynix_c6in_latency_v2,0822T002,58,6,cancel_call_start,596537011821817,1787456260699127137,order_ref_sha256_ee9ab2ade1a0da8ea77d9e7d808d8f4a0e04b2cfea9ee5d1d643fe80cfea4190,c6in_official_sdk,request_started,
skhynix_c6in_latency_v2,0822T002,58,7,terminal_observation_start,596537011822363,1787456260699127746,order_ref_sha256_ee9ab2ade1a0da8ea77d9e7d808d8f4a0e04b2cfea9ee5d1d643fe80cfea4190,c6in_official_sdk,exact_reference_poll_started,
skhynix_c6in_latency_v2,0822T002,58,8,cancel_response_end,596537660858293,1787456261348164021,order_ref_sha256_ee9ab2ade1a0da8ea77d9e7d808d8f4a0e04b2cfea9ee5d1d643fe80cfea4190,c6in_official_sdk,response_received,normal
skhynix_c6in_latency_v2,0822T002,58,9,terminal_confirm,596537698849303,1787456261386155004,order_ref_sha256_ee9ab2ade1a0da8ea77d9e7d808d8f4a0e04b2cfea9ee5d1d643fe80cfea4190,c6in_official_sdk,exact_reference_cancel_confirmed,
skhynix_c6in_latency_v2,0822T002,58,10,final_open_orders_confirm,596537730342022,1787456261417647793,order_ref_sha256_ee9ab2ade1a0da8ea77d9e7d808d8f4a0e04b2cfea9ee5d1d643fe80cfea4190,c6in_official_sdk,private_safety_reconciled,
skhynix_c6in_latency_v2,0822T002,59,1,submit_call_start,596556328559498,1787456280015865573,order_ref_sha256_a11868216066108a47074927b8dea419c41f961c835de25b254a1777c72dd9dc,c6in_official_sdk,request_started,
skhynix_c6in_latency_v2,0822T002,59,2,submit_response_end,596556740892612,1787456280428198739,order_ref_sha256_a11868216066108a47074927b8dea419c41f961c835de25b254a1777c72dd9dc,c6in_official_sdk,response_received,
skhynix_c6in_latency_v2,0822T002,59,3,resting_confirm,596556870616845,1787456280557923062,order_ref_sha256_a11868216066108a47074927b8dea419c41f961c835de25b254a1777c72dd9dc,c6in_official_sdk,exact_reference_resting,
skhynix_c6in_latency_v2,0822T002,59,4,risk_decision_ready,596557120685657,1787456280807992019,order_ref_sha256_a11868216066108a47074927b8dea419c41f961c835de25b254a1777c72dd9dc,c6in_official_sdk,frozen_settle_complete,
skhynix_c6in_latency_v2,0822T002,59,5,cancel_enqueue,596557120687980,1787456280807993291,order_ref_sha256_a11868216066108a47074927b8dea419c41f961c835de25b254a1777c72dd9dc,c6in_official_sdk,cancel_enqueued,
skhynix_c6in_latency_v2,0822T002,59,6,cancel_call_start,596557120689163,1787456280807994459,order_ref_sha256_a11868216066108a47074927b8dea419c41f961c835de25b254a1777c72dd9dc,c6in_official_sdk,request_started,
skhynix_c6in_latency_v2,0822T002,59,7,terminal_observation_start,596557120689536,1787456280807994952,order_ref_sha256_a11868216066108a47074927b8dea419c41f961c835de25b254a1777c72dd9dc,c6in_official_sdk,exact_reference_poll_started,
skhynix_c6in_latency_v2,0822T002,59,8,cancel_response_end,596558078814381,1787456281766120134,order_ref_sha256_a11868216066108a47074927b8dea419c41f961c835de25b254a1777c72dd9dc,c6in_official_sdk,response_received,normal
skhynix_c6in_latency_v2,0822T002,59,9,terminal_confirm,596563151211390,1787456286838517072,order_ref_sha256_a11868216066108a47074927b8dea419c41f961c835de25b254a1777c72dd9dc,c6in_official_sdk,exact_reference_cancel_confirmed,
skhynix_c6in_latency_v2,0822T002,59,10,final_open_orders_confirm,596563185848532,1787456286873154361,order_ref_sha256_a11868216066108a47074927b8dea419c41f961c835de25b254a1777c72dd9dc,c6in_official_sdk,private_safety_reconciled,
skhynix_c6in_latency_v2,0822T002,60,1,submit_call_start,596576318993527,1787456300006299129,order_ref_sha256_f2691d8173a945f67bee3d04203d5cb852e3637f6177a2eb44884a8d4d397d38,c6in_official_sdk,request_started,
skhynix_c6in_latency_v2,0822T002,60,2,submit_response_end,596576685902672,1787456300373208432,order_ref_sha256_f2691d8173a945f67bee3d04203d5cb852e3637f6177a2eb44884a8d4d397d38,c6in_official_sdk,response_received,
skhynix_c6in_latency_v2,0822T002,60,3,resting_confirm,596576692149119,1787456300379454777,order_ref_sha256_f2691d8173a945f67bee3d04203d5cb852e3637f6177a2eb44884a8d4d397d38,c6in_official_sdk,exact_reference_resting,
skhynix_c6in_latency_v2,0822T002,60,4,risk_decision_ready,596576942218214,1787456300629524447,order_ref_sha256_f2691d8173a945f67bee3d04203d5cb852e3637f6177a2eb44884a8d4d397d38,c6in_official_sdk,frozen_settle_complete,
skhynix_c6in_latency_v2,0822T002,60,5,cancel_enqueue,596576942220599,1787456300629525904,order_ref_sha256_f2691d8173a945f67bee3d04203d5cb852e3637f6177a2eb44884a8d4d397d38,c6in_official_sdk,cancel_enqueued,
skhynix_c6in_latency_v2,0822T002,60,6,cancel_call_start,596576942221854,1787456300629527149,order_ref_sha256_f2691d8173a945f67bee3d04203d5cb852e3637f6177a2eb44884a8d4d397d38,c6in_official_sdk,request_started,
skhynix_c6in_latency_v2,0822T002,60,7,terminal_observation_start,596576942222132,1787456300629527540,order_ref_sha256_f2691d8173a945f67bee3d04203d5cb852e3637f6177a2eb44884a8d4d397d38,c6in_official_sdk,exact_reference_poll_started,
skhynix_c6in_latency_v2,0822T002,60,8,cancel_response_end,596577693848467,1787456301381154271,order_ref_sha256_f2691d8173a945f67bee3d04203d5cb852e3637f6177a2eb44884a8d4d397d38,c6in_official_sdk,response_received,normal
skhynix_c6in_latency_v2,0822T002,60,9,terminal_confirm,596577790364778,1787456301477670369,order_ref_sha256_f2691d8173a945f67bee3d04203d5cb852e3637f6177a2eb44884a8d4d397d38,c6in_official_sdk,exact_reference_cancel_confirmed,
skhynix_c6in_latency_v2,0822T002,60,10,final_open_orders_confirm,596577823717569,1787456301511023485,order_ref_sha256_f2691d8173a945f67bee3d04203d5cb852e3637f6177a2eb44884a8d4d397d38,c6in_official_sdk,private_safety_reconciled,
skhynix_c6in_latency_v2,0822T002,61,1,submit_call_start,596596319600306,1787456320006906030,order_ref_sha256_f5a99e1b354c719f1cc7087dd8dd97e346dc780eb49db8a902989e0f84c9eacf,c6in_official_sdk,request_started,
skhynix_c6in_latency_v2,0822T002,61,2,submit_response_end,596596676210356,1787456320363516112,order_ref_sha256_f5a99e1b354c719f1cc7087dd8dd97e346dc780eb49db8a902989e0f84c9eacf,c6in_official_sdk,response_received,
skhynix_c6in_latency_v2,0822T002,61,3,resting_confirm,596596698514168,1787456320385820209,order_ref_sha256_f5a99e1b354c719f1cc7087dd8dd97e346dc780eb49db8a902989e0f84c9eacf,c6in_official_sdk,exact_reference_resting,
skhynix_c6in_latency_v2,0822T002,61,4,risk_decision_ready,596596948576832,1787456320635882506,order_ref_sha256_f5a99e1b354c719f1cc7087dd8dd97e346dc780eb49db8a902989e0f84c9eacf,c6in_official_sdk,frozen_settle_complete,
skhynix_c6in_latency_v2,0822T002,61,5,cancel_enqueue,596596948578019,1787456320635883334,order_ref_sha256_f5a99e1b354c719f1cc7087dd8dd97e346dc780eb49db8a902989e0f84c9eacf,c6in_official_sdk,cancel_enqueued,
skhynix_c6in_latency_v2,0822T002,61,6,cancel_call_start,596596948579056,1787456320635884375,order_ref_sha256_f5a99e1b354c719f1cc7087dd8dd97e346dc780eb49db8a902989e0f84c9eacf,c6in_official_sdk,request_started,
skhynix_c6in_latency_v2,0822T002,61,7,terminal_observation_start,596596948579392,1787456320635884803,order_ref_sha256_f5a99e1b354c719f1cc7087dd8dd97e346dc780eb49db8a902989e0f84c9eacf,c6in_official_sdk,exact_reference_poll_started,
skhynix_c6in_latency_v2,0822T002,61,8,cancel_response_end,596597665509383,1787456321352815195,order_ref_sha256_f5a99e1b354c719f1cc7087dd8dd97e346dc780eb49db8a902989e0f84c9eacf,c6in_official_sdk,response_received,normal
skhynix_c6in_latency_v2,0822T002,61,9,terminal_confirm,596597694317667,1787456321381623312,order_ref_sha256_f5a99e1b354c719f1cc7087dd8dd97e346dc780eb49db8a902989e0f84c9eacf,c6in_official_sdk,exact_reference_cancel_confirmed,
skhynix_c6in_latency_v2,0822T002,61,10,final_open_orders_confirm,596597725456687,1787456321412762934,order_ref_sha256_f5a99e1b354c719f1cc7087dd8dd97e346dc780eb49db8a902989e0f84c9eacf,c6in_official_sdk,private_safety_reconciled,
skhynix_c6in_latency_v2,0822T002,62,1,submit_call_start,596616320556789,1787456340007862425,order_ref_sha256_f26c61832f6c36968aba6a00feb16b4d9822596ba6bb1a23295c237b2c66a8ec,c6in_official_sdk,request_started,
skhynix_c6in_latency_v2,0822T002,62,2,submit_response_end,596616697351817,1787456340384657476,order_ref_sha256_f26c61832f6c36968aba6a00feb16b4d9822596ba6bb1a23295c237b2c66a8ec,c6in_official_sdk,response_received,
skhynix_c6in_latency_v2,0822T002,62,3,resting_confirm,596616703996061,1787456340391301817,order_ref_sha256_f26c61832f6c36968aba6a00feb16b4d9822596ba6bb1a23295c237b2c66a8ec,c6in_official_sdk,exact_reference_resting,
skhynix_c6in_latency_v2,0822T002,62,4,risk_decision_ready,596616954059877,1787456340641365346,order_ref_sha256_f26c61832f6c36968aba6a00feb16b4d9822596ba6bb1a23295c237b2c66a8ec,c6in_official_sdk,frozen_settle_complete,
skhynix_c6in_latency_v2,0822T002,62,5,cancel_enqueue,596616954060735,1787456340641366039,order_ref_sha256_f26c61832f6c36968aba6a00feb16b4d9822596ba6bb1a23295c237b2c66a8ec,c6in_official_sdk,cancel_enqueued,
skhynix_c6in_latency_v2,0822T002,62,6,cancel_call_start,596616954061308,1787456340641366603,order_ref_sha256_f26c61832f6c36968aba6a00feb16b4d9822596ba6bb1a23295c237b2c66a8ec,c6in_official_sdk,request_started,
skhynix_c6in_latency_v2,0822T002,62,7,terminal_observation_start,596616954061584,1787456340641366868,order_ref_sha256_f26c61832f6c36968aba6a00feb16b4d9822596ba6bb1a23295c237b2c66a8ec,c6in_official_sdk,exact_reference_poll_started,
skhynix_c6in_latency_v2,0822T002,62,8,cancel_response_end,596617628236017,1787456341315541755,order_ref_sha256_f26c61832f6c36968aba6a00feb16b4d9822596ba6bb1a23295c237b2c66a8ec,c6in_official_sdk,response_received,normal
skhynix_c6in_latency_v2,0822T002,62,9,terminal_confirm,596617667328843,1787456341354634406,order_ref_sha256_f26c61832f6c36968aba6a00feb16b4d9822596ba6bb1a23295c237b2c66a8ec,c6in_official_sdk,exact_reference_cancel_confirmed,
skhynix_c6in_latency_v2,0822T002,62,10,final_open_orders_confirm,596617698428812,1787456341385734581,order_ref_sha256_f26c61832f6c36968aba6a00feb16b4d9822596ba6bb1a23295c237b2c66a8ec,c6in_official_sdk,private_safety_reconciled,
skhynix_c6in_latency_v2,0822T002,63,1,submit_call_start,596636320981843,1787456360008287732,order_ref_sha256_300eddc9799489ed201682363d5224a18fbc229adb56c01daff788aa24d9e809,c6in_official_sdk,request_started,
skhynix_c6in_latency_v2,0822T002,63,2,submit_response_end,596636777391630,1787456360464697384,order_ref_sha256_300eddc9799489ed201682363d5224a18fbc229adb56c01daff788aa24d9e809,c6in_official_sdk,response_received,
skhynix_c6in_latency_v2,0822T002,63,3,resting_confirm,596636781983660,1787456360469289248,order_ref_sha256_300eddc9799489ed201682363d5224a18fbc229adb56c01daff788aa24d9e809,c6in_official_sdk,exact_reference_resting,
skhynix_c6in_latency_v2,0822T002,63,4,risk_decision_ready,596637032016864,1787456360719322799,order_ref_sha256_300eddc9799489ed201682363d5224a18fbc229adb56c01daff788aa24d9e809,c6in_official_sdk,frozen_settle_complete,
skhynix_c6in_latency_v2,0822T002,63,5,cancel_enqueue,596637032018780,1787456360719324121,order_ref_sha256_300eddc9799489ed201682363d5224a18fbc229adb56c01daff788aa24d9e809,c6in_official_sdk,cancel_enqueued,
skhynix_c6in_latency_v2,0822T002,63,6,cancel_call_start,596637032020580,1787456360719325877,order_ref_sha256_300eddc9799489ed201682363d5224a18fbc229adb56c01daff788aa24d9e809,c6in_official_sdk,request_started,
skhynix_c6in_latency_v2,0822T002,63,7,terminal_observation_start,596637032020946,1787456360719326353,order_ref_sha256_300eddc9799489ed201682363d5224a18fbc229adb56c01daff788aa24d9e809,c6in_official_sdk,exact_reference_poll_started,
skhynix_c6in_latency_v2,0822T002,63,8,cancel_response_end,596637710374645,1787456361397680363,order_ref_sha256_300eddc9799489ed201682363d5224a18fbc229adb56c01daff788aa24d9e809,c6in_official_sdk,response_received,normal
skhynix_c6in_latency_v2,0822T002,63,9,terminal_confirm,596637754788419,1787456361442094044,order_ref_sha256_300eddc9799489ed201682363d5224a18fbc229adb56c01daff788aa24d9e809,c6in_official_sdk,exact_reference_cancel_confirmed,
skhynix_c6in_latency_v2,0822T002,63,10,final_open_orders_confirm,596637786264213,1787456361473570094,order_ref_sha256_300eddc9799489ed201682363d5224a18fbc229adb56c01daff788aa24d9e809,c6in_official_sdk,private_safety_reconciled,
skhynix_c6in_latency_v2,0822T002,64,1,submit_call_start,596656319762693,1787456380007068509,order_ref_sha256_6ea02d3191907d80c2cb7cbb13a4e4256803b15fa8b3944c23c6b504a35b7c74,c6in_official_sdk,request_started,
skhynix_c6in_latency_v2,0822T002,64,2,submit_response_end,596656722812212,1787456380410117988,order_ref_sha256_6ea02d3191907d80c2cb7cbb13a4e4256803b15fa8b3944c23c6b504a35b7c74,c6in_official_sdk,response_received,
skhynix_c6in_latency_v2,0822T002,64,3,resting_confirm,596656727578271,1787456380414883847,order_ref_sha256_6ea02d3191907d80c2cb7cbb13a4e4256803b15fa8b3944c23c6b504a35b7c74,c6in_official_sdk,exact_reference_resting,
skhynix_c6in_latency_v2,0822T002,64,4,risk_decision_ready,596656977640573,1787456380664946709,order_ref_sha256_6ea02d3191907d80c2cb7cbb13a4e4256803b15fa8b3944c23c6b504a35b7c74,c6in_official_sdk,frozen_settle_complete,
skhynix_c6in_latency_v2,0822T002,64,5,cancel_enqueue,596656977642343,1787456380664947646,order_ref_sha256_6ea02d3191907d80c2cb7cbb13a4e4256803b15fa8b3944c23c6b504a35b7c74,c6in_official_sdk,cancel_enqueued,
skhynix_c6in_latency_v2,0822T002,64,6,cancel_call_start,596656977643496,1787456380664948791,order_ref_sha256_6ea02d3191907d80c2cb7cbb13a4e4256803b15fa8b3944c23c6b504a35b7c74,c6in_official_sdk,request_started,
skhynix_c6in_latency_v2,0822T002,64,7,terminal_observation_start,596656977643931,1787456380664949592,order_ref_sha256_6ea02d3191907d80c2cb7cbb13a4e4256803b15fa8b3944c23c6b504a35b7c74,c6in_official_sdk,exact_reference_poll_started,
skhynix_c6in_latency_v2,0822T002,64,8,terminal_confirm,596657611035126,1787456381298340727,order_ref_sha256_6ea02d3191907d80c2cb7cbb13a4e4256803b15fa8b3944c23c6b504a35b7c74,c6in_official_sdk,exact_reference_cancel_confirmed,
skhynix_c6in_latency_v2,0822T002,64,9,cancel_response_end,596657775823915,1787456381463129601,order_ref_sha256_6ea02d3191907d80c2cb7cbb13a4e4256803b15fa8b3944c23c6b504a35b7c74,c6in_official_sdk,response_received,normal
skhynix_c6in_latency_v2,0822T002,64,10,final_open_orders_confirm,596657806781197,1787456381494086881,order_ref_sha256_6ea02d3191907d80c2cb7cbb13a4e4256803b15fa8b3944c23c6b504a35b7c74,c6in_official_sdk,private_safety_reconciled,
skhynix_c6in_latency_v2,0822T002,65,1,submit_call_start,596676320125191,1787456400007430900,order_ref_sha256_aa859d51731cba3cd38de2492f6ffe9aa54fcd87cfb98f2ff71389c588aa341c,c6in_official_sdk,request_started,
skhynix_c6in_latency_v2,0822T002,65,2,submit_response_end,596676693185257,1787456400380491068,order_ref_sha256_aa859d51731cba3cd38de2492f6ffe9aa54fcd87cfb98f2ff71389c588aa341c,c6in_official_sdk,response_received,
skhynix_c6in_latency_v2,0822T002,65,3,resting_confirm,596676713489874,1787456400400795684,order_ref_sha256_aa859d51731cba3cd38de2492f6ffe9aa54fcd87cfb98f2ff71389c588aa341c,c6in_official_sdk,exact_reference_resting,
skhynix_c6in_latency_v2,0822T002,65,4,risk_decision_ready,596676963553457,1787456400650860060,order_ref_sha256_aa859d51731cba3cd38de2492f6ffe9aa54fcd87cfb98f2ff71389c588aa341c,c6in_official_sdk,frozen_settle_complete,
skhynix_c6in_latency_v2,0822T002,65,5,cancel_enqueue,596676963556432,1787456400650861746,order_ref_sha256_aa859d51731cba3cd38de2492f6ffe9aa54fcd87cfb98f2ff71389c588aa341c,c6in_official_sdk,cancel_enqueued,
skhynix_c6in_latency_v2,0822T002,65,6,cancel_call_start,596676963557943,1787456400650863241,order_ref_sha256_aa859d51731cba3cd38de2492f6ffe9aa54fcd87cfb98f2ff71389c588aa341c,c6in_official_sdk,request_started,
skhynix_c6in_latency_v2,0822T002,65,7,terminal_observation_start,596676963558312,1787456400650863623,order_ref_sha256_aa859d51731cba3cd38de2492f6ffe9aa54fcd87cfb98f2ff71389c588aa341c,c6in_official_sdk,exact_reference_poll_started,
skhynix_c6in_latency_v2,0822T002,65,8,cancel_response_end,596677786497730,1787456401473803461,order_ref_sha256_aa859d51731cba3cd38de2492f6ffe9aa54fcd87cfb98f2ff71389c588aa341c,c6in_official_sdk,response_received,normal
skhynix_c6in_latency_v2,0822T002,65,9,terminal_confirm,596683178996212,1787456406866301879,order_ref_sha256_aa859d51731cba3cd38de2492f6ffe9aa54fcd87cfb98f2ff71389c588aa341c,c6in_official_sdk,exact_reference_cancel_confirmed,
skhynix_c6in_latency_v2,0822T002,65,10,final_open_orders_confirm,596683215057467,1787456406902363306,order_ref_sha256_aa859d51731cba3cd38de2492f6ffe9aa54fcd87cfb98f2ff71389c588aa341c,c6in_official_sdk,private_safety_reconciled,
skhynix_c6in_latency_v2,0822T002,66,1,submit_call_start,596696320313883,1787456420007619480,order_ref_sha256_11814b1aefb444f6faf44994defa3d3fcb44c6ecaab45ab952029ed3fee8400f,c6in_official_sdk,request_started,
skhynix_c6in_latency_v2,0822T002,66,2,submit_response_end,596696707929654,1787456420395235359,order_ref_sha256_11814b1aefb444f6faf44994defa3d3fcb44c6ecaab45ab952029ed3fee8400f,c6in_official_sdk,response_received,
skhynix_c6in_latency_v2,0822T002,66,3,resting_confirm,596696713633171,1787456420400938789,order_ref_sha256_11814b1aefb444f6faf44994defa3d3fcb44c6ecaab45ab952029ed3fee8400f,c6in_official_sdk,exact_reference_resting,
skhynix_c6in_latency_v2,0822T002,66,4,risk_decision_ready,596696963698750,1787456420651005493,order_ref_sha256_11814b1aefb444f6faf44994defa3d3fcb44c6ecaab45ab952029ed3fee8400f,c6in_official_sdk,frozen_settle_complete,
skhynix_c6in_latency_v2,0822T002,66,5,cancel_enqueue,596696963701330,1787456420651006647,order_ref_sha256_11814b1aefb444f6faf44994defa3d3fcb44c6ecaab45ab952029ed3fee8400f,c6in_official_sdk,cancel_enqueued,
skhynix_c6in_latency_v2,0822T002,66,6,cancel_call_start,596696963703098,1787456420651008389,order_ref_sha256_11814b1aefb444f6faf44994defa3d3fcb44c6ecaab45ab952029ed3fee8400f,c6in_official_sdk,request_started,
skhynix_c6in_latency_v2,0822T002,66,7,terminal_observation_start,596696963703464,1787456420651008861,order_ref_sha256_11814b1aefb444f6faf44994defa3d3fcb44c6ecaab45ab952029ed3fee8400f,c6in_official_sdk,exact_reference_poll_started,
skhynix_c6in_latency_v2,0822T002,66,8,cancel_response_end,596697625910734,1787456421313216557,order_ref_sha256_11814b1aefb444f6faf44994defa3d3fcb44c6ecaab45ab952029ed3fee8400f,c6in_official_sdk,response_received,normal
skhynix_c6in_latency_v2,0822T002,66,9,terminal_confirm,596697670844945,1787456421358150585,order_ref_sha256_11814b1aefb444f6faf44994defa3d3fcb44c6ecaab45ab952029ed3fee8400f,c6in_official_sdk,exact_reference_cancel_confirmed,
skhynix_c6in_latency_v2,0822T002,66,10,final_open_orders_confirm,596697701770669,1787456421389076580,order_ref_sha256_11814b1aefb444f6faf44994defa3d3fcb44c6ecaab45ab952029ed3fee8400f,c6in_official_sdk,private_safety_reconciled,
skhynix_c6in_latency_v2,0822T002,67,1,submit_call_start,596716319960843,1787456440007266543,order_ref_sha256_227390dd41edc7fb5291ffe367dbd292c8e1ebae4640c5618fa112fa740ff8c6,c6in_official_sdk,request_started,
skhynix_c6in_latency_v2,0822T002,67,2,submit_response_end,596716687532072,1787456440374837816,order_ref_sha256_227390dd41edc7fb5291ffe367dbd292c8e1ebae4640c5618fa112fa740ff8c6,c6in_official_sdk,response_received,
skhynix_c6in_latency_v2,0822T002,67,3,resting_confirm,596716696518813,1787456440383824594,order_ref_sha256_227390dd41edc7fb5291ffe367dbd292c8e1ebae4640c5618fa112fa740ff8c6,c6in_official_sdk,exact_reference_resting,
skhynix_c6in_latency_v2,0822T002,67,4,risk_decision_ready,596716946577660,1787456440633884169,order_ref_sha256_227390dd41edc7fb5291ffe367dbd292c8e1ebae4640c5618fa112fa740ff8c6,c6in_official_sdk,frozen_settle_complete,
skhynix_c6in_latency_v2,0822T002,67,5,cancel_enqueue,596716946579827,1787456440633885140,order_ref_sha256_227390dd41edc7fb5291ffe367dbd292c8e1ebae4640c5618fa112fa740ff8c6,c6in_official_sdk,cancel_enqueued,
skhynix_c6in_latency_v2,0822T002,67,6,cancel_call_start,596716946581436,1787456440633886731,order_ref_sha256_227390dd41edc7fb5291ffe367dbd292c8e1ebae4640c5618fa112fa740ff8c6,c6in_official_sdk,request_started,
skhynix_c6in_latency_v2,0822T002,67,7,terminal_observation_start,596716946581826,1787456440633887246,order_ref_sha256_227390dd41edc7fb5291ffe367dbd292c8e1ebae4640c5618fa112fa740ff8c6,c6in_official_sdk,exact_reference_poll_started,
skhynix_c6in_latency_v2,0822T002,67,8,cancel_response_end,596717652287689,1787456441339593382,order_ref_sha256_227390dd41edc7fb5291ffe367dbd292c8e1ebae4640c5618fa112fa740ff8c6,c6in_official_sdk,response_received,normal
skhynix_c6in_latency_v2,0822T002,67,9,terminal_confirm,596717693795515,1787456441381101133,order_ref_sha256_227390dd41edc7fb5291ffe367dbd292c8e1ebae4640c5618fa112fa740ff8c6,c6in_official_sdk,exact_reference_cancel_confirmed,
skhynix_c6in_latency_v2,0822T002,67,10,final_open_orders_confirm,596717735614645,1787456441422920568,order_ref_sha256_227390dd41edc7fb5291ffe367dbd292c8e1ebae4640c5618fa112fa740ff8c6,c6in_official_sdk,private_safety_reconciled,
skhynix_c6in_latency_v2,0822T002,68,1,submit_call_start,596736322804049,1787456460010109746,order_ref_sha256_b44de50c2f30b7fe203a6092c99a95ce8365bdc94e12f99f69bf252e1c8f5eea,c6in_official_sdk,request_started,
skhynix_c6in_latency_v2,0822T002,68,2,submit_response_end,596736748282152,1787456460435587909,order_ref_sha256_b44de50c2f30b7fe203a6092c99a95ce8365bdc94e12f99f69bf252e1c8f5eea,c6in_official_sdk,response_received,
skhynix_c6in_latency_v2,0822T002,68,3,resting_confirm,596736804769417,1787456460492075160,order_ref_sha256_b44de50c2f30b7fe203a6092c99a95ce8365bdc94e12f99f69bf252e1c8f5eea,c6in_official_sdk,exact_reference_resting,
skhynix_c6in_latency_v2,0822T002,68,4,risk_decision_ready,596737054846325,1787456460742152905,order_ref_sha256_b44de50c2f30b7fe203a6092c99a95ce8365bdc94e12f99f69bf252e1c8f5eea,c6in_official_sdk,frozen_settle_complete,
skhynix_c6in_latency_v2,0822T002,68,5,cancel_enqueue,596737054849170,1787456460742154589,order_ref_sha256_b44de50c2f30b7fe203a6092c99a95ce8365bdc94e12f99f69bf252e1c8f5eea,c6in_official_sdk,cancel_enqueued,
skhynix_c6in_latency_v2,0822T002,68,6,cancel_call_start,596737054850707,1787456460742156018,order_ref_sha256_b44de50c2f30b7fe203a6092c99a95ce8365bdc94e12f99f69bf252e1c8f5eea,c6in_official_sdk,request_started,
skhynix_c6in_latency_v2,0822T002,68,7,terminal_observation_start,596737054851068,1787456460742156463,order_ref_sha256_b44de50c2f30b7fe203a6092c99a95ce8365bdc94e12f99f69bf252e1c8f5eea,c6in_official_sdk,exact_reference_poll_started,
skhynix_c6in_latency_v2,0822T002,68,8,cancel_response_end,596737806836582,1787456461494142451,order_ref_sha256_b44de50c2f30b7fe203a6092c99a95ce8365bdc94e12f99f69bf252e1c8f5eea,c6in_official_sdk,response_received,normal
skhynix_c6in_latency_v2,0822T002,68,9,terminal_confirm,596737879320192,1787456461566625697,order_ref_sha256_b44de50c2f30b7fe203a6092c99a95ce8365bdc94e12f99f69bf252e1c8f5eea,c6in_official_sdk,exact_reference_cancel_confirmed,
skhynix_c6in_latency_v2,0822T002,68,10,final_open_orders_confirm,596737910891372,1787456461598197197,order_ref_sha256_b44de50c2f30b7fe203a6092c99a95ce8365bdc94e12f99f69bf252e1c8f5eea,c6in_official_sdk,private_safety_reconciled,
skhynix_c6in_latency_v2,0822T002,69,1,submit_call_start,596756320258996,1787456480007564687,order_ref_sha256_3e4745f07318d34c670bd5dafae1543b71387e2c91ea63be9bed17938d8b2afc,c6in_official_sdk,request_started,
skhynix_c6in_latency_v2,0822T002,69,2,submit_response_end,596756666543733,1787456480353849478,order_ref_sha256_3e4745f07318d34c670bd5dafae1543b71387e2c91ea63be9bed17938d8b2afc,c6in_official_sdk,response_received,
skhynix_c6in_latency_v2,0822T002,69,3,resting_confirm,596756671276090,1787456480358581637,order_ref_sha256_3e4745f07318d34c670bd5dafae1543b71387e2c91ea63be9bed17938d8b2afc,c6in_official_sdk,exact_reference_resting,
skhynix_c6in_latency_v2,0822T002,69,4,risk_decision_ready,596756921350533,1787456480608656446,order_ref_sha256_3e4745f07318d34c670bd5dafae1543b71387e2c91ea63be9bed17938d8b2afc,c6in_official_sdk,frozen_settle_complete,
skhynix_c6in_latency_v2,0822T002,69,5,cancel_enqueue,596756921352222,1787456480608657528,order_ref_sha256_3e4745f07318d34c670bd5dafae1543b71387e2c91ea63be9bed17938d8b2afc,c6in_official_sdk,cancel_enqueued,
skhynix_c6in_latency_v2,0822T002,69,6,cancel_call_start,596756921353254,1787456480608658548,order_ref_sha256_3e4745f07318d34c670bd5dafae1543b71387e2c91ea63be9bed17938d8b2afc,c6in_official_sdk,request_started,
skhynix_c6in_latency_v2,0822T002,69,7,terminal_observation_start,596756921353664,1787456480608659058,order_ref_sha256_3e4745f07318d34c670bd5dafae1543b71387e2c91ea63be9bed17938d8b2afc,c6in_official_sdk,exact_reference_poll_started,
skhynix_c6in_latency_v2,0822T002,69,8,cancel_response_end,596757668171462,1787456481355477376,order_ref_sha256_3e4745f07318d34c670bd5dafae1543b71387e2c91ea63be9bed17938d8b2afc,c6in_official_sdk,response_received,normal
skhynix_c6in_latency_v2,0822T002,69,9,terminal_confirm,596757672699060,1787456481360004635,order_ref_sha256_3e4745f07318d34c670bd5dafae1543b71387e2c91ea63be9bed17938d8b2afc,c6in_official_sdk,exact_reference_cancel_confirmed,
skhynix_c6in_latency_v2,0822T002,69,10,final_open_orders_confirm,596757703488143,1787456481390793986,order_ref_sha256_3e4745f07318d34c670bd5dafae1543b71387e2c91ea63be9bed17938d8b2afc,c6in_official_sdk,private_safety_reconciled,
skhynix_c6in_latency_v2,0822T002,70,1,submit_call_start,596776321348854,1787456500008654442,order_ref_sha256_d3778f7005919fbb5532bdcf201c7b3718c653ba71d2c17419abb43916b2b156,c6in_official_sdk,request_started,
skhynix_c6in_latency_v2,0822T002,70,2,submit_response_end,596776728297296,1787456500415602987,order_ref_sha256_d3778f7005919fbb5532bdcf201c7b3718c653ba71d2c17419abb43916b2b156,c6in_official_sdk,response_received,
skhynix_c6in_latency_v2,0822T002,70,3,resting_confirm,596776739512341,1787456500426818209,order_ref_sha256_d3778f7005919fbb5532bdcf201c7b3718c653ba71d2c17419abb43916b2b156,c6in_official_sdk,exact_reference_resting,
skhynix_c6in_latency_v2,0822T002,70,4,risk_decision_ready,596776989581845,1787456500676888075,order_ref_sha256_d3778f7005919fbb5532bdcf201c7b3718c653ba71d2c17419abb43916b2b156,c6in_official_sdk,frozen_settle_complete,
skhynix_c6in_latency_v2,0822T002,70,5,cancel_enqueue,596776989584211,1787456500676889518,order_ref_sha256_d3778f7005919fbb5532bdcf201c7b3718c653ba71d2c17419abb43916b2b156,c6in_official_sdk,cancel_enqueued,
skhynix_c6in_latency_v2,0822T002,70,6,cancel_call_start,596776989585863,1787456500676891160,order_ref_sha256_d3778f7005919fbb5532bdcf201c7b3718c653ba71d2c17419abb43916b2b156,c6in_official_sdk,request_started,
skhynix_c6in_latency_v2,0822T002,70,7,terminal_observation_start,596776989586326,1787456500676891732,order_ref_sha256_d3778f7005919fbb5532bdcf201c7b3718c653ba71d2c17419abb43916b2b156,c6in_official_sdk,exact_reference_poll_started,
skhynix_c6in_latency_v2,0822T002,70,8,cancel_response_end,596777650686516,1787456501337992261,order_ref_sha256_d3778f7005919fbb5532bdcf201c7b3718c653ba71d2c17419abb43916b2b156,c6in_official_sdk,response_received,normal
skhynix_c6in_latency_v2,0822T002,70,9,terminal_confirm,596777692029013,1787456501379334560,order_ref_sha256_d3778f7005919fbb5532bdcf201c7b3718c653ba71d2c17419abb43916b2b156,c6in_official_sdk,exact_reference_cancel_confirmed,
skhynix_c6in_latency_v2,0822T002,70,10,final_open_orders_confirm,596777721713596,1787456501409019420,order_ref_sha256_d3778f7005919fbb5532bdcf201c7b3718c653ba71d2c17419abb43916b2b156,c6in_official_sdk,private_safety_reconciled,
skhynix_c6in_latency_v2,0822T002,71,1,submit_call_start,596796323052933,1787456520010358656,order_ref_sha256_cc58d66e6f7180c4899d5654f2629d2b4b2515bdf2e074877906db320c6fff5c,c6in_official_sdk,request_started,
skhynix_c6in_latency_v2,0822T002,71,2,submit_response_end,596796697794261,1787456520385100285,order_ref_sha256_cc58d66e6f7180c4899d5654f2629d2b4b2515bdf2e074877906db320c6fff5c,c6in_official_sdk,response_received,
skhynix_c6in_latency_v2,0822T002,71,3,resting_confirm,596796737527160,1787456520424832871,order_ref_sha256_cc58d66e6f7180c4899d5654f2629d2b4b2515bdf2e074877906db320c6fff5c,c6in_official_sdk,exact_reference_resting,
skhynix_c6in_latency_v2,0822T002,71,4,risk_decision_ready,596796987589235,1787456520674895196,order_ref_sha256_cc58d66e6f7180c4899d5654f2629d2b4b2515bdf2e074877906db320c6fff5c,c6in_official_sdk,frozen_settle_complete,
skhynix_c6in_latency_v2,0822T002,71,5,cancel_enqueue,596796987591468,1787456520674896780,order_ref_sha256_cc58d66e6f7180c4899d5654f2629d2b4b2515bdf2e074877906db320c6fff5c,c6in_official_sdk,cancel_enqueued,
skhynix_c6in_latency_v2,0822T002,71,6,cancel_call_start,596796987592946,1787456520674898253,order_ref_sha256_cc58d66e6f7180c4899d5654f2629d2b4b2515bdf2e074877906db320c6fff5c,c6in_official_sdk,request_started,
skhynix_c6in_latency_v2,0822T002,71,7,terminal_observation_start,596796987593316,1787456520674898690,order_ref_sha256_cc58d66e6f7180c4899d5654f2629d2b4b2515bdf2e074877906db320c6fff5c,c6in_official_sdk,exact_reference_poll_started,
skhynix_c6in_latency_v2,0822T002,71,8,cancel_response_end,596797652898783,1787456521340204536,order_ref_sha256_cc58d66e6f7180c4899d5654f2629d2b4b2515bdf2e074877906db320c6fff5c,c6in_official_sdk,response_received,normal
skhynix_c6in_latency_v2,0822T002,71,9,terminal_confirm,596803548642051,1787456527235947611,order_ref_sha256_cc58d66e6f7180c4899d5654f2629d2b4b2515bdf2e074877906db320c6fff5c,c6in_official_sdk,exact_reference_cancel_confirmed,
skhynix_c6in_latency_v2,0822T002,71,10,final_open_orders_confirm,596803593732306,1787456527281038111,order_ref_sha256_cc58d66e6f7180c4899d5654f2629d2b4b2515bdf2e074877906db320c6fff5c,c6in_official_sdk,private_safety_reconciled,
skhynix_c6in_latency_v2,0822T002,72,1,submit_call_start,596816320885292,1787456540008190898,order_ref_sha256_87fd25d8dc20b7dcc1468fb983011c6ba6581f9e2fe8c27dd2107f9530885cb8,c6in_official_sdk,request_started,
skhynix_c6in_latency_v2,0822T002,72,2,submit_response_end,596816716381045,1787456540403686752,order_ref_sha256_87fd25d8dc20b7dcc1468fb983011c6ba6581f9e2fe8c27dd2107f9530885cb8,c6in_official_sdk,response_received,
skhynix_c6in_latency_v2,0822T002,72,3,resting_confirm,596816721057396,1787456540408362931,order_ref_sha256_87fd25d8dc20b7dcc1468fb983011c6ba6581f9e2fe8c27dd2107f9530885cb8,c6in_official_sdk,exact_reference_resting,
skhynix_c6in_latency_v2,0822T002,72,4,risk_decision_ready,596816971118688,1787456540658424745,order_ref_sha256_87fd25d8dc20b7dcc1468fb983011c6ba6581f9e2fe8c27dd2107f9530885cb8,c6in_official_sdk,frozen_settle_complete,
skhynix_c6in_latency_v2,0822T002,72,5,cancel_enqueue,596816971120598,1787456540658425914,order_ref_sha256_87fd25d8dc20b7dcc1468fb983011c6ba6581f9e2fe8c27dd2107f9530885cb8,c6in_official_sdk,cancel_enqueued,
skhynix_c6in_latency_v2,0822T002,72,6,cancel_call_start,596816971121486,1787456540658426775,order_ref_sha256_87fd25d8dc20b7dcc1468fb983011c6ba6581f9e2fe8c27dd2107f9530885cb8,c6in_official_sdk,request_started,
skhynix_c6in_latency_v2,0822T002,72,7,terminal_observation_start,596816971121764,1787456540658427139,order_ref_sha256_87fd25d8dc20b7dcc1468fb983011c6ba6581f9e2fe8c27dd2107f9530885cb8,c6in_official_sdk,exact_reference_poll_started,
skhynix_c6in_latency_v2,0822T002,72,8,cancel_response_end,596817647898976,1787456541335204872,order_ref_sha256_87fd25d8dc20b7dcc1468fb983011c6ba6581f9e2fe8c27dd2107f9530885cb8,c6in_official_sdk,response_received,normal
skhynix_c6in_latency_v2,0822T002,72,9,terminal_confirm,596817657207471,1787456541344512954,order_ref_sha256_87fd25d8dc20b7dcc1468fb983011c6ba6581f9e2fe8c27dd2107f9530885cb8,c6in_official_sdk,exact_reference_cancel_confirmed,
skhynix_c6in_latency_v2,0822T002,72,10,final_open_orders_confirm,596817688473936,1787456541375779595,order_ref_sha256_87fd25d8dc20b7dcc1468fb983011c6ba6581f9e2fe8c27dd2107f9530885cb8,c6in_official_sdk,private_safety_reconciled,
skhynix_c6in_latency_v2,0822T002,73,1,submit_call_start,596836320514632,1787456560007820347,order_ref_sha256_203bb84b6955104ea0579d45ee3b3f34c426cebf744062998fe60ce378336bde,c6in_official_sdk,request_started,
skhynix_c6in_latency_v2,0822T002,73,2,submit_response_end,596836743883562,1787456560431189374,order_ref_sha256_203bb84b6955104ea0579d45ee3b3f34c426cebf744062998fe60ce378336bde,c6in_official_sdk,response_received,
skhynix_c6in_latency_v2,0822T002,73,3,resting_confirm,596836749223413,1787456560436528944,order_ref_sha256_203bb84b6955104ea0579d45ee3b3f34c426cebf744062998fe60ce378336bde,c6in_official_sdk,exact_reference_resting,
skhynix_c6in_latency_v2,0822T002,73,4,risk_decision_ready,596836999290546,1787456560686596545,order_ref_sha256_203bb84b6955104ea0579d45ee3b3f34c426cebf744062998fe60ce378336bde,c6in_official_sdk,frozen_settle_complete,
skhynix_c6in_latency_v2,0822T002,73,5,cancel_enqueue,596836999292328,1787456560686597652,order_ref_sha256_203bb84b6955104ea0579d45ee3b3f34c426cebf744062998fe60ce378336bde,c6in_official_sdk,cancel_enqueued,
skhynix_c6in_latency_v2,0822T002,73,6,cancel_call_start,596836999293519,1787456560686598828,order_ref_sha256_203bb84b6955104ea0579d45ee3b3f34c426cebf744062998fe60ce378336bde,c6in_official_sdk,request_started,
skhynix_c6in_latency_v2,0822T002,73,7,terminal_observation_start,596836999293902,1787456560686599305,order_ref_sha256_203bb84b6955104ea0579d45ee3b3f34c426cebf744062998fe60ce378336bde,c6in_official_sdk,exact_reference_poll_started,
skhynix_c6in_latency_v2,0822T002,73,8,cancel_response_end,596837739705037,1787456561427011184,order_ref_sha256_203bb84b6955104ea0579d45ee3b3f34c426cebf744062998fe60ce378336bde,c6in_official_sdk,response_received,normal
skhynix_c6in_latency_v2,0822T002,73,9,terminal_confirm,596837760069140,1787456561447374754,order_ref_sha256_203bb84b6955104ea0579d45ee3b3f34c426cebf744062998fe60ce378336bde,c6in_official_sdk,exact_reference_cancel_confirmed,
skhynix_c6in_latency_v2,0822T002,73,10,final_open_orders_confirm,596837790578267,1787456561477884285,order_ref_sha256_203bb84b6955104ea0579d45ee3b3f34c426cebf744062998fe60ce378336bde,c6in_official_sdk,private_safety_reconciled,
skhynix_c6in_latency_v2,0822T002,74,1,submit_call_start,596856320579380,1787456580007885043,order_ref_sha256_278e7d983774287e0c3c9c861093af1d56272920fd2ada0684a13a17ebeff987,c6in_official_sdk,request_started,
skhynix_c6in_latency_v2,0822T002,74,2,submit_response_end,596856748469488,1787456580435775447,order_ref_sha256_278e7d983774287e0c3c9c861093af1d56272920fd2ada0684a13a17ebeff987,c6in_official_sdk,response_received,
skhynix_c6in_latency_v2,0822T002,74,3,resting_confirm,596856754756816,1787456580442062571,order_ref_sha256_278e7d983774287e0c3c9c861093af1d56272920fd2ada0684a13a17ebeff987,c6in_official_sdk,exact_reference_resting,
skhynix_c6in_latency_v2,0822T002,74,4,risk_decision_ready,596857004821046,1787456580692127417,order_ref_sha256_278e7d983774287e0c3c9c861093af1d56272920fd2ada0684a13a17ebeff987,c6in_official_sdk,frozen_settle_complete,
skhynix_c6in_latency_v2,0822T002,74,5,cancel_enqueue,596857004823344,1787456580692128668,order_ref_sha256_278e7d983774287e0c3c9c861093af1d56272920fd2ada0684a13a17ebeff987,c6in_official_sdk,cancel_enqueued,
skhynix_c6in_latency_v2,0822T002,74,6,cancel_call_start,596857004825102,1787456580692130399,order_ref_sha256_278e7d983774287e0c3c9c861093af1d56272920fd2ada0684a13a17ebeff987,c6in_official_sdk,request_started,
skhynix_c6in_latency_v2,0822T002,74,7,terminal_observation_start,596857004825435,1787456580692130830,order_ref_sha256_278e7d983774287e0c3c9c861093af1d56272920fd2ada0684a13a17ebeff987,c6in_official_sdk,exact_reference_poll_started,
skhynix_c6in_latency_v2,0822T002,74,8,cancel_response_end,596857673134531,1787456581360440233,order_ref_sha256_278e7d983774287e0c3c9c861093af1d56272920fd2ada0684a13a17ebeff987,c6in_official_sdk,response_received,normal
skhynix_c6in_latency_v2,0822T002,74,9,terminal_confirm,596857722062533,1787456581409367956,order_ref_sha256_278e7d983774287e0c3c9c861093af1d56272920fd2ada0684a13a17ebeff987,c6in_official_sdk,exact_reference_cancel_confirmed,
skhynix_c6in_latency_v2,0822T002,74,10,final_open_orders_confirm,596857757740562,1787456581445046947,order_ref_sha256_278e7d983774287e0c3c9c861093af1d56272920fd2ada0684a13a17ebeff987,c6in_official_sdk,private_safety_reconciled,
skhynix_c6in_latency_v2,0822T002,75,1,submit_call_start,596876320942223,1787456600008247910,order_ref_sha256_482d99c00ed9b19931690292863a506edb75cf8e8ea9ff494d8dff5d4074f884,c6in_official_sdk,request_started,
skhynix_c6in_latency_v2,0822T002,75,2,submit_response_end,596876693428166,1787456600380734025,order_ref_sha256_482d99c00ed9b19931690292863a506edb75cf8e8ea9ff494d8dff5d4074f884,c6in_official_sdk,response_received,
skhynix_c6in_latency_v2,0822T002,75,3,resting_confirm,596876724515582,1787456600411821242,order_ref_sha256_482d99c00ed9b19931690292863a506edb75cf8e8ea9ff494d8dff5d4074f884,c6in_official_sdk,exact_reference_resting,
skhynix_c6in_latency_v2,0822T002,75,4,risk_decision_ready,596876974578566,1787456600661884617,order_ref_sha256_482d99c00ed9b19931690292863a506edb75cf8e8ea9ff494d8dff5d4074f884,c6in_official_sdk,frozen_settle_complete,
skhynix_c6in_latency_v2,0822T002,75,5,cancel_enqueue,596876974580339,1787456600661885655,order_ref_sha256_482d99c00ed9b19931690292863a506edb75cf8e8ea9ff494d8dff5d4074f884,c6in_official_sdk,cancel_enqueued,
skhynix_c6in_latency_v2,0822T002,75,6,cancel_call_start,596876974582279,1787456600661887573,order_ref_sha256_482d99c00ed9b19931690292863a506edb75cf8e8ea9ff494d8dff5d4074f884,c6in_official_sdk,request_started,
skhynix_c6in_latency_v2,0822T002,75,7,terminal_observation_start,596876974582696,1787456600661888071,order_ref_sha256_482d99c00ed9b19931690292863a506edb75cf8e8ea9ff494d8dff5d4074f884,c6in_official_sdk,exact_reference_poll_started,
skhynix_c6in_latency_v2,0822T002,75,8,cancel_response_end,596877652838024,1787456601340144051,order_ref_sha256_482d99c00ed9b19931690292863a506edb75cf8e8ea9ff494d8dff5d4074f884,c6in_official_sdk,response_received,normal
skhynix_c6in_latency_v2,0822T002,75,9,terminal_confirm,596877666075971,1787456601353381566,order_ref_sha256_482d99c00ed9b19931690292863a506edb75cf8e8ea9ff494d8dff5d4074f884,c6in_official_sdk,exact_reference_cancel_confirmed,
skhynix_c6in_latency_v2,0822T002,75,10,final_open_orders_confirm,596877695288777,1787456601382594604,order_ref_sha256_482d99c00ed9b19931690292863a506edb75cf8e8ea9ff494d8dff5d4074f884,c6in_official_sdk,private_safety_reconciled,
skhynix_c6in_latency_v2,0822T002,76,1,submit_call_start,596896321974434,1787456620009280278,order_ref_sha256_d9d4ad04c70b32c840cf52afa0ab3c46c96466c4b3adc65714cfe65b5e677d4f,c6in_official_sdk,request_started,
skhynix_c6in_latency_v2,0822T002,76,2,submit_response_end,596896690107887,1787456620377413649,order_ref_sha256_d9d4ad04c70b32c840cf52afa0ab3c46c96466c4b3adc65714cfe65b5e677d4f,c6in_official_sdk,response_received,
skhynix_c6in_latency_v2,0822T002,76,3,resting_confirm,596896697174261,1787456620384479928,order_ref_sha256_d9d4ad04c70b32c840cf52afa0ab3c46c96466c4b3adc65714cfe65b5e677d4f,c6in_official_sdk,exact_reference_resting,
skhynix_c6in_latency_v2,0822T002,76,4,risk_decision_ready,596896947238739,1787456620634544926,order_ref_sha256_d9d4ad04c70b32c840cf52afa0ab3c46c96466c4b3adc65714cfe65b5e677d4f,c6in_official_sdk,frozen_settle_complete,
skhynix_c6in_latency_v2,0822T002,76,5,cancel_enqueue,596896947241082,1787456620634546389,order_ref_sha256_d9d4ad04c70b32c840cf52afa0ab3c46c96466c4b3adc65714cfe65b5e677d4f,c6in_official_sdk,cancel_enqueued,
skhynix_c6in_latency_v2,0822T002,76,6,cancel_call_start,596896947242066,1787456620634547361,order_ref_sha256_d9d4ad04c70b32c840cf52afa0ab3c46c96466c4b3adc65714cfe65b5e677d4f,c6in_official_sdk,request_started,
skhynix_c6in_latency_v2,0822T002,76,7,terminal_observation_start,596896947242427,1787456620634547711,order_ref_sha256_d9d4ad04c70b32c840cf52afa0ab3c46c96466c4b3adc65714cfe65b5e677d4f,c6in_official_sdk,exact_reference_poll_started,
skhynix_c6in_latency_v2,0822T002,76,8,cancel_response_end,596897601896283,1787456621289202372,order_ref_sha256_d9d4ad04c70b32c840cf52afa0ab3c46c96466c4b3adc65714cfe65b5e677d4f,c6in_official_sdk,response_received,normal
skhynix_c6in_latency_v2,0822T002,76,9,terminal_confirm,596897642606700,1787456621329912372,order_ref_sha256_d9d4ad04c70b32c840cf52afa0ab3c46c96466c4b3adc65714cfe65b5e677d4f,c6in_official_sdk,exact_reference_cancel_confirmed,
skhynix_c6in_latency_v2,0822T002,76,10,final_open_orders_confirm,596897680732287,1787456621368038057,order_ref_sha256_d9d4ad04c70b32c840cf52afa0ab3c46c96466c4b3adc65714cfe65b5e677d4f,c6in_official_sdk,private_safety_reconciled,
skhynix_c6in_latency_v2,0822T002,77,1,submit_call_start,596916321339054,1787456640008644643,order_ref_sha256_b9cf0f0ca8e83664bac8cbf6e23d46459a2f98c32b3f24fd46d7c651f0e9c3ba,c6in_official_sdk,request_started,
skhynix_c6in_latency_v2,0822T002,77,2,submit_response_end,596916738651298,1787456640425957035,order_ref_sha256_b9cf0f0ca8e83664bac8cbf6e23d46459a2f98c32b3f24fd46d7c651f0e9c3ba,c6in_official_sdk,response_received,
skhynix_c6in_latency_v2,0822T002,77,3,resting_confirm,596916760653107,1787456640447959337,order_ref_sha256_b9cf0f0ca8e83664bac8cbf6e23d46459a2f98c32b3f24fd46d7c651f0e9c3ba,c6in_official_sdk,exact_reference_resting,
skhynix_c6in_latency_v2,0822T002,77,4,risk_decision_ready,596917010713469,1787456640698019608,order_ref_sha256_b9cf0f0ca8e83664bac8cbf6e23d46459a2f98c32b3f24fd46d7c651f0e9c3ba,c6in_official_sdk,frozen_settle_complete,
skhynix_c6in_latency_v2,0822T002,77,5,cancel_enqueue,596917010715481,1787456640698020823,order_ref_sha256_b9cf0f0ca8e83664bac8cbf6e23d46459a2f98c32b3f24fd46d7c651f0e9c3ba,c6in_official_sdk,cancel_enqueued,
skhynix_c6in_latency_v2,0822T002,77,6,cancel_call_start,596917010716326,1787456640698021639,order_ref_sha256_b9cf0f0ca8e83664bac8cbf6e23d46459a2f98c32b3f24fd46d7c651f0e9c3ba,c6in_official_sdk,request_started,
skhynix_c6in_latency_v2,0822T002,77,7,terminal_observation_start,596917010716713,1787456640698022095,order_ref_sha256_b9cf0f0ca8e83664bac8cbf6e23d46459a2f98c32b3f24fd46d7c651f0e9c3ba,c6in_official_sdk,exact_reference_poll_started,
skhynix_c6in_latency_v2,0822T002,77,8,cancel_response_end,596917805108295,1787456641492414052,order_ref_sha256_b9cf0f0ca8e83664bac8cbf6e23d46459a2f98c32b3f24fd46d7c651f0e9c3ba,c6in_official_sdk,response_received,normal
skhynix_c6in_latency_v2,0822T002,77,9,terminal_confirm,596923443241650,1787456647130547335,order_ref_sha256_b9cf0f0ca8e83664bac8cbf6e23d46459a2f98c32b3f24fd46d7c651f0e9c3ba,c6in_official_sdk,exact_reference_cancel_confirmed,
skhynix_c6in_latency_v2,0822T002,77,10,final_open_orders_confirm,596923486217783,1787456647173523645,order_ref_sha256_b9cf0f0ca8e83664bac8cbf6e23d46459a2f98c32b3f24fd46d7c651f0e9c3ba,c6in_official_sdk,private_safety_reconciled,
skhynix_c6in_latency_v2,0822T002,78,1,submit_call_start,596936322163910,1787456660009469661,order_ref_sha256_568848baecdd9a4565a23860776fc23a57ab045ff31a90f81700829ab4ff963c,c6in_official_sdk,request_started,
skhynix_c6in_latency_v2,0822T002,78,2,submit_response_end,596936724398804,1787456660411704463,order_ref_sha256_568848baecdd9a4565a23860776fc23a57ab045ff31a90f81700829ab4ff963c,c6in_official_sdk,response_received,
skhynix_c6in_latency_v2,0822T002,78,3,resting_confirm,596936744106582,1787456660431412651,order_ref_sha256_568848baecdd9a4565a23860776fc23a57ab045ff31a90f81700829ab4ff963c,c6in_official_sdk,exact_reference_resting,
skhynix_c6in_latency_v2,0822T002,78,4,risk_decision_ready,596936994177640,1787456660681483755,order_ref_sha256_568848baecdd9a4565a23860776fc23a57ab045ff31a90f81700829ab4ff963c,c6in_official_sdk,frozen_settle_complete,
skhynix_c6in_latency_v2,0822T002,78,5,cancel_enqueue,596936994180203,1787456660681485514,order_ref_sha256_568848baecdd9a4565a23860776fc23a57ab045ff31a90f81700829ab4ff963c,c6in_official_sdk,cancel_enqueued,
skhynix_c6in_latency_v2,0822T002,78,6,cancel_call_start,596936994181865,1787456660681487172,order_ref_sha256_568848baecdd9a4565a23860776fc23a57ab045ff31a90f81700829ab4ff963c,c6in_official_sdk,request_started,
skhynix_c6in_latency_v2,0822T002,78,7,terminal_observation_start,596936994182221,1787456660681487590,order_ref_sha256_568848baecdd9a4565a23860776fc23a57ab045ff31a90f81700829ab4ff963c,c6in_official_sdk,exact_reference_poll_started,
skhynix_c6in_latency_v2,0822T002,78,8,cancel_response_end,596937703846475,1787456661391152154,order_ref_sha256_568848baecdd9a4565a23860776fc23a57ab045ff31a90f81700829ab4ff963c,c6in_official_sdk,response_received,normal
skhynix_c6in_latency_v2,0822T002,78,9,terminal_confirm,596937766543536,1787456661453849401,order_ref_sha256_568848baecdd9a4565a23860776fc23a57ab045ff31a90f81700829ab4ff963c,c6in_official_sdk,exact_reference_cancel_confirmed,
skhynix_c6in_latency_v2,0822T002,78,10,final_open_orders_confirm,596937866127322,1787456661553433092,order_ref_sha256_568848baecdd9a4565a23860776fc23a57ab045ff31a90f81700829ab4ff963c,c6in_official_sdk,private_safety_reconciled,
skhynix_c6in_latency_v2,0822T002,79,1,submit_call_start,596956322340703,1787456680009646322,order_ref_sha256_58f0842cfee35211520d961b696d944f9d42199953b93cc7f048f86927d7983a,c6in_official_sdk,request_started,
skhynix_c6in_latency_v2,0822T002,79,2,submit_response_end,596956741018944,1787456680428324593,order_ref_sha256_58f0842cfee35211520d961b696d944f9d42199953b93cc7f048f86927d7983a,c6in_official_sdk,response_received,
skhynix_c6in_latency_v2,0822T002,79,3,resting_confirm,596956745680047,1787456680432985896,order_ref_sha256_58f0842cfee35211520d961b696d944f9d42199953b93cc7f048f86927d7983a,c6in_official_sdk,exact_reference_resting,
skhynix_c6in_latency_v2,0822T002,79,4,risk_decision_ready,596956995743918,1787456680683050213,order_ref_sha256_58f0842cfee35211520d961b696d944f9d42199953b93cc7f048f86927d7983a,c6in_official_sdk,frozen_settle_complete,
skhynix_c6in_latency_v2,0822T002,79,5,cancel_enqueue,596956995746000,1787456680683051322,order_ref_sha256_58f0842cfee35211520d961b696d944f9d42199953b93cc7f048f86927d7983a,c6in_official_sdk,cancel_enqueued,
skhynix_c6in_latency_v2,0822T002,79,6,cancel_call_start,596956995747560,1787456680683052856,order_ref_sha256_58f0842cfee35211520d961b696d944f9d42199953b93cc7f048f86927d7983a,c6in_official_sdk,request_started,
skhynix_c6in_latency_v2,0822T002,79,7,terminal_observation_start,596956995747886,1787456680683053469,order_ref_sha256_58f0842cfee35211520d961b696d944f9d42199953b93cc7f048f86927d7983a,c6in_official_sdk,exact_reference_poll_started,
skhynix_c6in_latency_v2,0822T002,79,8,cancel_response_end,596957638939639,1787456681326245392,order_ref_sha256_58f0842cfee35211520d961b696d944f9d42199953b93cc7f048f86927d7983a,c6in_official_sdk,response_received,normal
skhynix_c6in_latency_v2,0822T002,79,9,terminal_confirm,596957721533430,1787456681408838918,order_ref_sha256_58f0842cfee35211520d961b696d944f9d42199953b93cc7f048f86927d7983a,c6in_official_sdk,exact_reference_cancel_confirmed,
skhynix_c6in_latency_v2,0822T002,79,10,final_open_orders_confirm,596957790625152,1787456681477930853,order_ref_sha256_58f0842cfee35211520d961b696d944f9d42199953b93cc7f048f86927d7983a,c6in_official_sdk,private_safety_reconciled,
skhynix_c6in_latency_v2,0822T002,80,1,submit_call_start,596976321945127,1787456700009250845,order_ref_sha256_c5d42187b9dd3bc8084f33140ab108e25c2c69e1fe1f6561d38572afd5c0af21,c6in_official_sdk,request_started,
skhynix_c6in_latency_v2,0822T002,80,2,submit_response_end,596976729068324,1787456700416373952,order_ref_sha256_c5d42187b9dd3bc8084f33140ab108e25c2c69e1fe1f6561d38572afd5c0af21,c6in_official_sdk,response_received,
skhynix_c6in_latency_v2,0822T002,80,3,resting_confirm,596976735374510,1787456700422680111,order_ref_sha256_c5d42187b9dd3bc8084f33140ab108e25c2c69e1fe1f6561d38572afd5c0af21,c6in_official_sdk,exact_reference_resting,
skhynix_c6in_latency_v2,0822T002,80,4,risk_decision_ready,596976985444152,1787456700672750713,order_ref_sha256_c5d42187b9dd3bc8084f33140ab108e25c2c69e1fe1f6561d38572afd5c0af21,c6in_official_sdk,frozen_settle_complete,
skhynix_c6in_latency_v2,0822T002,80,5,cancel_enqueue,596976985446282,1787456700672751588,order_ref_sha256_c5d42187b9dd3bc8084f33140ab108e25c2c69e1fe1f6561d38572afd5c0af21,c6in_official_sdk,cancel_enqueued,
skhynix_c6in_latency_v2,0822T002,80,6,cancel_call_start,596976985447626,1787456700672752926,order_ref_sha256_c5d42187b9dd3bc8084f33140ab108e25c2c69e1fe1f6561d38572afd5c0af21,c6in_official_sdk,request_started,
skhynix_c6in_latency_v2,0822T002,80,7,terminal_observation_start,596976985448008,1787456700672753320,order_ref_sha256_c5d42187b9dd3bc8084f33140ab108e25c2c69e1fe1f6561d38572afd5c0af21,c6in_official_sdk,exact_reference_poll_started,
skhynix_c6in_latency_v2,0822T002,80,8,cancel_response_end,596977817944666,1787456701505250295,order_ref_sha256_c5d42187b9dd3bc8084f33140ab108e25c2c69e1fe1f6561d38572afd5c0af21,c6in_official_sdk,response_received,normal
skhynix_c6in_latency_v2,0822T002,80,9,terminal_confirm,596977875279824,1787456701562585349,order_ref_sha256_c5d42187b9dd3bc8084f33140ab108e25c2c69e1fe1f6561d38572afd5c0af21,c6in_official_sdk,exact_reference_cancel_confirmed,
skhynix_c6in_latency_v2,0822T002,80,10,final_open_orders_confirm,596977907311350,1787456701594617184,order_ref_sha256_c5d42187b9dd3bc8084f33140ab108e25c2c69e1fe1f6561d38572afd5c0af21,c6in_official_sdk,private_safety_reconciled,
skhynix_c6in_latency_v2,0822T002,81,1,submit_call_start,597156318478018,1787456880005784109,order_ref_sha256_24cf3a96c2ea11461ea3437d100469703caac67929ef2df81ec51d7f73dc8bd6,c6in_official_sdk,request_started,
skhynix_c6in_latency_v2,0822T002,81,2,submit_response_end,597156682259863,1787456880369565613,order_ref_sha256_24cf3a96c2ea11461ea3437d100469703caac67929ef2df81ec51d7f73dc8bd6,c6in_official_sdk,response_received,
skhynix_c6in_latency_v2,0822T002,81,3,resting_confirm,597156714505519,1787456880401811285,order_ref_sha256_24cf3a96c2ea11461ea3437d100469703caac67929ef2df81ec51d7f73dc8bd6,c6in_official_sdk,exact_reference_resting,
skhynix_c6in_latency_v2,0822T002,81,4,risk_decision_ready,597156964568925,1787456880651876007,order_ref_sha256_24cf3a96c2ea11461ea3437d100469703caac67929ef2df81ec51d7f73dc8bd6,c6in_official_sdk,frozen_settle_complete,
skhynix_c6in_latency_v2,0822T002,81,5,cancel_enqueue,597156964572320,1787456880651877674,order_ref_sha256_24cf3a96c2ea11461ea3437d100469703caac67929ef2df81ec51d7f73dc8bd6,c6in_official_sdk,cancel_enqueued,
skhynix_c6in_latency_v2,0822T002,81,6,cancel_call_start,597156964574253,1787456880651879554,order_ref_sha256_24cf3a96c2ea11461ea3437d100469703caac67929ef2df81ec51d7f73dc8bd6,c6in_official_sdk,request_started,
skhynix_c6in_latency_v2,0822T002,81,7,terminal_observation_start,597156964574550,1787456880651879928,order_ref_sha256_24cf3a96c2ea11461ea3437d100469703caac67929ef2df81ec51d7f73dc8bd6,c6in_official_sdk,exact_reference_poll_started,
skhynix_c6in_latency_v2,0822T002,81,8,cancel_response_end,597157700988681,1787456881388294442,order_ref_sha256_24cf3a96c2ea11461ea3437d100469703caac67929ef2df81ec51d7f73dc8bd6,c6in_official_sdk,response_received,normal
skhynix_c6in_latency_v2,0822T002,81,9,terminal_confirm,597163750764953,1787456887438070609,order_ref_sha256_24cf3a96c2ea11461ea3437d100469703caac67929ef2df81ec51d7f73dc8bd6,c6in_official_sdk,exact_reference_cancel_confirmed,
skhynix_c6in_latency_v2,0822T002,81,10,final_open_orders_confirm,597163782459811,1787456887469765549,order_ref_sha256_24cf3a96c2ea11461ea3437d100469703caac67929ef2df81ec51d7f73dc8bd6,c6in_official_sdk,private_safety_reconciled,
skhynix_c6in_latency_v2,0822T002,82,1,submit_call_start,597176318607916,1787456900005913593,order_ref_sha256_a46a0ac2e13daa37ea813ad7fe92c29042b0c839d0f1b1a6d8214295406a3833,c6in_official_sdk,request_started,
skhynix_c6in_latency_v2,0822T002,82,2,submit_response_end,597176721948852,1787456900409254689,order_ref_sha256_a46a0ac2e13daa37ea813ad7fe92c29042b0c839d0f1b1a6d8214295406a3833,c6in_official_sdk,response_received,
skhynix_c6in_latency_v2,0822T002,82,3,resting_confirm,597176785078726,1787456900472384542,order_ref_sha256_a46a0ac2e13daa37ea813ad7fe92c29042b0c839d0f1b1a6d8214295406a3833,c6in_official_sdk,exact_reference_resting,
skhynix_c6in_latency_v2,0822T002,82,4,risk_decision_ready,597177035145735,1787456900722452138,order_ref_sha256_a46a0ac2e13daa37ea813ad7fe92c29042b0c839d0f1b1a6d8214295406a3833,c6in_official_sdk,frozen_settle_complete,
skhynix_c6in_latency_v2,0822T002,82,5,cancel_enqueue,597177035148376,1787456900722453681,order_ref_sha256_a46a0ac2e13daa37ea813ad7fe92c29042b0c839d0f1b1a6d8214295406a3833,c6in_official_sdk,cancel_enqueued,
skhynix_c6in_latency_v2,0822T002,82,6,cancel_call_start,597177035149560,1787456900722454858,order_ref_sha256_a46a0ac2e13daa37ea813ad7fe92c29042b0c839d0f1b1a6d8214295406a3833,c6in_official_sdk,request_started,
skhynix_c6in_latency_v2,0822T002,82,7,terminal_observation_start,597177035150216,1787456900722455751,order_ref_sha256_a46a0ac2e13daa37ea813ad7fe92c29042b0c839d0f1b1a6d8214295406a3833,c6in_official_sdk,exact_reference_poll_started,
skhynix_c6in_latency_v2,0822T002,82,8,cancel_response_end,597177815260799,1787456901502566507,order_ref_sha256_a46a0ac2e13daa37ea813ad7fe92c29042b0c839d0f1b1a6d8214295406a3833,c6in_official_sdk,response_received,normal
skhynix_c6in_latency_v2,0822T002,82,9,terminal_confirm,597177868656573,1787456901555962063,order_ref_sha256_a46a0ac2e13daa37ea813ad7fe92c29042b0c839d0f1b1a6d8214295406a3833,c6in_official_sdk,exact_reference_cancel_confirmed,
skhynix_c6in_latency_v2,0822T002,82,10,final_open_orders_confirm,597177898237890,1787456901585543558,order_ref_sha256_a46a0ac2e13daa37ea813ad7fe92c29042b0c839d0f1b1a6d8214295406a3833,c6in_official_sdk,private_safety_reconciled,
skhynix_c6in_latency_v2,0822T002,83,1,submit_call_start,597196318518277,1787456920005824210,order_ref_sha256_acbb7c382d841a7d1e0f7de06736f676fc4b09b8155ef28ffd2ef9f8ac0b317f,c6in_official_sdk,request_started,
skhynix_c6in_latency_v2,0822T002,83,2,submit_response_end,597196731682035,1787456920418987721,order_ref_sha256_acbb7c382d841a7d1e0f7de06736f676fc4b09b8155ef28ffd2ef9f8ac0b317f,c6in_official_sdk,response_received,
skhynix_c6in_latency_v2,0822T002,83,3,resting_confirm,597196737061824,1787456920424367351,order_ref_sha256_acbb7c382d841a7d1e0f7de06736f676fc4b09b8155ef28ffd2ef9f8ac0b317f,c6in_official_sdk,exact_reference_resting,
skhynix_c6in_latency_v2,0822T002,83,4,risk_decision_ready,597196987130763,1787456920674436550,order_ref_sha256_acbb7c382d841a7d1e0f7de06736f676fc4b09b8155ef28ffd2ef9f8ac0b317f,c6in_official_sdk,frozen_settle_complete,
skhynix_c6in_latency_v2,0822T002,83,5,cancel_enqueue,597196987132278,1787456920674437581,order_ref_sha256_acbb7c382d841a7d1e0f7de06736f676fc4b09b8155ef28ffd2ef9f8ac0b317f,c6in_official_sdk,cancel_enqueued,
skhynix_c6in_latency_v2,0822T002,83,6,cancel_call_start,597196987133713,1787456920674438997,order_ref_sha256_acbb7c382d841a7d1e0f7de06736f676fc4b09b8155ef28ffd2ef9f8ac0b317f,c6in_official_sdk,request_started,
skhynix_c6in_latency_v2,0822T002,83,7,terminal_observation_start,597196987134113,1787456920674439398,order_ref_sha256_acbb7c382d841a7d1e0f7de06736f676fc4b09b8155ef28ffd2ef9f8ac0b317f,c6in_official_sdk,exact_reference_poll_started,
skhynix_c6in_latency_v2,0822T002,83,8,cancel_response_end,597197729154952,1787456921416460690,order_ref_sha256_acbb7c382d841a7d1e0f7de06736f676fc4b09b8155ef28ffd2ef9f8ac0b317f,c6in_official_sdk,response_received,normal
skhynix_c6in_latency_v2,0822T002,83,9,terminal_confirm,597197778692551,1787456921465998164,order_ref_sha256_acbb7c382d841a7d1e0f7de06736f676fc4b09b8155ef28ffd2ef9f8ac0b317f,c6in_official_sdk,exact_reference_cancel_confirmed,
skhynix_c6in_latency_v2,0822T002,83,10,final_open_orders_confirm,597197809101028,1787456921496406763,order_ref_sha256_acbb7c382d841a7d1e0f7de06736f676fc4b09b8155ef28ffd2ef9f8ac0b317f,c6in_official_sdk,private_safety_reconciled,
skhynix_c6in_latency_v2,0822T002,84,1,submit_call_start,597216318355973,1787456940005661591,order_ref_sha256_1eaf72a6da2b0ce24c1fb2fbaed5b4a3e27746ae16e3964ed7d07579c5994317,c6in_official_sdk,request_started,
skhynix_c6in_latency_v2,0822T002,84,2,submit_response_end,597216763789795,1787456940451095870,order_ref_sha256_1eaf72a6da2b0ce24c1fb2fbaed5b4a3e27746ae16e3964ed7d07579c5994317,c6in_official_sdk,response_received,
skhynix_c6in_latency_v2,0822T002,84,3,resting_confirm,597216770427675,1787456940457733343,order_ref_sha256_1eaf72a6da2b0ce24c1fb2fbaed5b4a3e27746ae16e3964ed7d07579c5994317,c6in_official_sdk,exact_reference_resting,
skhynix_c6in_latency_v2,0822T002,84,4,risk_decision_ready,597217020487625,1787456940707793539,order_ref_sha256_1eaf72a6da2b0ce24c1fb2fbaed5b4a3e27746ae16e3964ed7d07579c5994317,c6in_official_sdk,frozen_settle_complete,
skhynix_c6in_latency_v2,0822T002,84,5,cancel_enqueue,597217020489366,1787456940707794670,order_ref_sha256_1eaf72a6da2b0ce24c1fb2fbaed5b4a3e27746ae16e3964ed7d07579c5994317,c6in_official_sdk,cancel_enqueued,
skhynix_c6in_latency_v2,0822T002,84,6,cancel_call_start,597217020490894,1787456940707796193,order_ref_sha256_1eaf72a6da2b0ce24c1fb2fbaed5b4a3e27746ae16e3964ed7d07579c5994317,c6in_official_sdk,request_started,
skhynix_c6in_latency_v2,0822T002,84,7,terminal_observation_start,597217020491248,1787456940707796618,order_ref_sha256_1eaf72a6da2b0ce24c1fb2fbaed5b4a3e27746ae16e3964ed7d07579c5994317,c6in_official_sdk,exact_reference_poll_started,
skhynix_c6in_latency_v2,0822T002,84,8,cancel_response_end,597217770220169,1787456941457525908,order_ref_sha256_1eaf72a6da2b0ce24c1fb2fbaed5b4a3e27746ae16e3964ed7d07579c5994317,c6in_official_sdk,response_received,normal
skhynix_c6in_latency_v2,0822T002,84,9,terminal_confirm,597217802441395,1787456941489746998,order_ref_sha256_1eaf72a6da2b0ce24c1fb2fbaed5b4a3e27746ae16e3964ed7d07579c5994317,c6in_official_sdk,exact_reference_cancel_confirmed,
skhynix_c6in_latency_v2,0822T002,84,10,final_open_orders_confirm,597217833925194,1787456941521230858,order_ref_sha256_1eaf72a6da2b0ce24c1fb2fbaed5b4a3e27746ae16e3964ed7d07579c5994317,c6in_official_sdk,private_safety_reconciled,
skhynix_c6in_latency_v2,0822T002,85,1,submit_call_start,597236318378768,1787456960005684398,order_ref_sha256_a6b13485f5bb23ab8560eefb9305a89ba506e342de48d169ac18917ec455eb41,c6in_official_sdk,request_started,
skhynix_c6in_latency_v2,0822T002,85,2,submit_response_end,597236671972601,1787456960359278253,order_ref_sha256_a6b13485f5bb23ab8560eefb9305a89ba506e342de48d169ac18917ec455eb41,c6in_official_sdk,response_received,
skhynix_c6in_latency_v2,0822T002,85,3,resting_confirm,597236676595678,1787456960363901181,order_ref_sha256_a6b13485f5bb23ab8560eefb9305a89ba506e342de48d169ac18917ec455eb41,c6in_official_sdk,exact_reference_resting,
skhynix_c6in_latency_v2,0822T002,85,4,risk_decision_ready,597236926660083,1787456960613965861,order_ref_sha256_a6b13485f5bb23ab8560eefb9305a89ba506e342de48d169ac18917ec455eb41,c6in_official_sdk,frozen_settle_complete,
skhynix_c6in_latency_v2,0822T002,85,5,cancel_enqueue,597236926661737,1787456960613967052,order_ref_sha256_a6b13485f5bb23ab8560eefb9305a89ba506e342de48d169ac18917ec455eb41,c6in_official_sdk,cancel_enqueued,
skhynix_c6in_latency_v2,0822T002,85,6,cancel_call_start,597236926662721,1787456960613968009,order_ref_sha256_a6b13485f5bb23ab8560eefb9305a89ba506e342de48d169ac18917ec455eb41,c6in_official_sdk,request_started,
skhynix_c6in_latency_v2,0822T002,85,7,terminal_observation_start,597236926662977,1787456960613968262,order_ref_sha256_a6b13485f5bb23ab8560eefb9305a89ba506e342de48d169ac18917ec455eb41,c6in_official_sdk,exact_reference_poll_started,
skhynix_c6in_latency_v2,0822T002,85,8,cancel_response_end,597237626131982,1787456961313437832,order_ref_sha256_a6b13485f5bb23ab8560eefb9305a89ba506e342de48d169ac18917ec455eb41,c6in_official_sdk,response_received,normal
skhynix_c6in_latency_v2,0822T002,85,9,terminal_confirm,597237661068676,1787456961348374274,order_ref_sha256_a6b13485f5bb23ab8560eefb9305a89ba506e342de48d169ac18917ec455eb41,c6in_official_sdk,exact_reference_cancel_confirmed,
skhynix_c6in_latency_v2,0822T002,85,10,final_open_orders_confirm,597237710492688,1787456961397798454,order_ref_sha256_a6b13485f5bb23ab8560eefb9305a89ba506e342de48d169ac18917ec455eb41,c6in_official_sdk,private_safety_reconciled,
skhynix_c6in_latency_v2,0822T002,86,1,submit_call_start,597256318305011,1787456980005610694,order_ref_sha256_6dd5af6b357130cc99b474bdcc2b93ba4e563f9706bc6567659ff30946e9c6ed,c6in_official_sdk,request_started,
skhynix_c6in_latency_v2,0822T002,86,2,submit_response_end,597256687062206,1787456980374368183,order_ref_sha256_6dd5af6b357130cc99b474bdcc2b93ba4e563f9706bc6567659ff30946e9c6ed,c6in_official_sdk,response_received,
skhynix_c6in_latency_v2,0822T002,86,3,resting_confirm,597256691386098,1787456980378691678,order_ref_sha256_6dd5af6b357130cc99b474bdcc2b93ba4e563f9706bc6567659ff30946e9c6ed,c6in_official_sdk,exact_reference_resting,
skhynix_c6in_latency_v2,0822T002,86,4,risk_decision_ready,597256941445883,1787456980628751428,order_ref_sha256_6dd5af6b357130cc99b474bdcc2b93ba4e563f9706bc6567659ff30946e9c6ed,c6in_official_sdk,frozen_settle_complete,
skhynix_c6in_latency_v2,0822T002,86,5,cancel_enqueue,597256941446970,1787456980628752268,order_ref_sha256_6dd5af6b357130cc99b474bdcc2b93ba4e563f9706bc6567659ff30946e9c6ed,c6in_official_sdk,cancel_enqueued,
skhynix_c6in_latency_v2,0822T002,86,6,cancel_call_start,597256941448116,1787456980628753406,order_ref_sha256_6dd5af6b357130cc99b474bdcc2b93ba4e563f9706bc6567659ff30946e9c6ed,c6in_official_sdk,request_started,
skhynix_c6in_latency_v2,0822T002,86,7,terminal_observation_start,597256941448381,1787456980628753707,order_ref_sha256_6dd5af6b357130cc99b474bdcc2b93ba4e563f9706bc6567659ff30946e9c6ed,c6in_official_sdk,exact_reference_poll_started,
skhynix_c6in_latency_v2,0822T002,86,8,cancel_response_end,597257745861648,1787456981433167406,order_ref_sha256_6dd5af6b357130cc99b474bdcc2b93ba4e563f9706bc6567659ff30946e9c6ed,c6in_official_sdk,response_received,normal
skhynix_c6in_latency_v2,0822T002,86,9,terminal_confirm,597257759793296,1787456981447098873,order_ref_sha256_6dd5af6b357130cc99b474bdcc2b93ba4e563f9706bc6567659ff30946e9c6ed,c6in_official_sdk,exact_reference_cancel_confirmed,
skhynix_c6in_latency_v2,0822T002,86,10,final_open_orders_confirm,597257839253347,1787456981526558992,order_ref_sha256_6dd5af6b357130cc99b474bdcc2b93ba4e563f9706bc6567659ff30946e9c6ed,c6in_official_sdk,private_safety_reconciled,
skhynix_c6in_latency_v2,0822T002,87,1,submit_call_start,597276318047388,1787457000005353286,order_ref_sha256_c0d36c0404625646edae630de1a24ee9e2a02221477fad64b0918de90a0da8f9,c6in_official_sdk,request_started,
skhynix_c6in_latency_v2,0822T002,87,2,submit_response_end,597276722741730,1787457000410047781,order_ref_sha256_c0d36c0404625646edae630de1a24ee9e2a02221477fad64b0918de90a0da8f9,c6in_official_sdk,response_received,
skhynix_c6in_latency_v2,0822T002,87,3,resting_confirm,597276771879328,1787457000459185276,order_ref_sha256_c0d36c0404625646edae630de1a24ee9e2a02221477fad64b0918de90a0da8f9,c6in_official_sdk,exact_reference_resting,
skhynix_c6in_latency_v2,0822T002,87,4,risk_decision_ready,597277021948458,1787457000709254579,order_ref_sha256_c0d36c0404625646edae630de1a24ee9e2a02221477fad64b0918de90a0da8f9,c6in_official_sdk,frozen_settle_complete,
skhynix_c6in_latency_v2,0822T002,87,5,cancel_enqueue,597277021950316,1787457000709255634,order_ref_sha256_c0d36c0404625646edae630de1a24ee9e2a02221477fad64b0918de90a0da8f9,c6in_official_sdk,cancel_enqueued,
skhynix_c6in_latency_v2,0822T002,87,6,cancel_call_start,597277021952032,1787457000709257343,order_ref_sha256_c0d36c0404625646edae630de1a24ee9e2a02221477fad64b0918de90a0da8f9,c6in_official_sdk,request_started,
skhynix_c6in_latency_v2,0822T002,87,7,terminal_observation_start,597277021952385,1787457000709257772,order_ref_sha256_c0d36c0404625646edae630de1a24ee9e2a02221477fad64b0918de90a0da8f9,c6in_official_sdk,exact_reference_poll_started,
skhynix_c6in_latency_v2,0822T002,87,8,cancel_response_end,597277751558183,1787457001438863848,order_ref_sha256_c0d36c0404625646edae630de1a24ee9e2a02221477fad64b0918de90a0da8f9,c6in_official_sdk,response_received,normal
skhynix_c6in_latency_v2,0822T002,87,9,terminal_confirm,597283426439683,1787457007113745491,order_ref_sha256_c0d36c0404625646edae630de1a24ee9e2a02221477fad64b0918de90a0da8f9,c6in_official_sdk,exact_reference_cancel_confirmed,
skhynix_c6in_latency_v2,0822T002,87,10,final_open_orders_confirm,597283456170593,1787457007143476324,order_ref_sha256_c0d36c0404625646edae630de1a24ee9e2a02221477fad64b0918de90a0da8f9,c6in_official_sdk,private_safety_reconciled,
skhynix_c6in_latency_v2,0822T002,88,1,submit_call_start,597296318252234,1787457020005557937,order_ref_sha256_58fcbde2ddf9548296e1d65c86b95dd795462769dcbec12adf7cb3608aa5d881,c6in_official_sdk,request_started,
skhynix_c6in_latency_v2,0822T002,88,2,submit_response_end,597296751511901,1787457020438818052,order_ref_sha256_58fcbde2ddf9548296e1d65c86b95dd795462769dcbec12adf7cb3608aa5d881,c6in_official_sdk,response_received,
skhynix_c6in_latency_v2,0822T002,88,3,resting_confirm,597296774124419,1787457020461430043,order_ref_sha256_58fcbde2ddf9548296e1d65c86b95dd795462769dcbec12adf7cb3608aa5d881,c6in_official_sdk,exact_reference_resting,
skhynix_c6in_latency_v2,0822T002,88,4,risk_decision_ready,597297024187454,1787457020711493751,order_ref_sha256_58fcbde2ddf9548296e1d65c86b95dd795462769dcbec12adf7cb3608aa5d881,c6in_official_sdk,frozen_settle_complete,
skhynix_c6in_latency_v2,0822T002,88,5,cancel_enqueue,597297024190158,1787457020711495473,order_ref_sha256_58fcbde2ddf9548296e1d65c86b95dd795462769dcbec12adf7cb3608aa5d881,c6in_official_sdk,cancel_enqueued,
skhynix_c6in_latency_v2,0822T002,88,6,cancel_call_start,597297024191322,1787457020711496629,order_ref_sha256_58fcbde2ddf9548296e1d65c86b95dd795462769dcbec12adf7cb3608aa5d881,c6in_official_sdk,request_started,
skhynix_c6in_latency_v2,0822T002,88,7,terminal_observation_start,597297024191761,1787457020711497232,order_ref_sha256_58fcbde2ddf9548296e1d65c86b95dd795462769dcbec12adf7cb3608aa5d881,c6in_official_sdk,exact_reference_poll_started,
skhynix_c6in_latency_v2,0822T002,88,8,cancel_response_end,597297831726032,1787457021519031794,order_ref_sha256_58fcbde2ddf9548296e1d65c86b95dd795462769dcbec12adf7cb3608aa5d881,c6in_official_sdk,response_received,normal
skhynix_c6in_latency_v2,0822T002,88,9,terminal_confirm,597298037298304,1787457021724603980,order_ref_sha256_58fcbde2ddf9548296e1d65c86b95dd795462769dcbec12adf7cb3608aa5d881,c6in_official_sdk,exact_reference_cancel_confirmed,
skhynix_c6in_latency_v2,0822T002,88,10,final_open_orders_confirm,597298068362469,1787457021755668158,order_ref_sha256_58fcbde2ddf9548296e1d65c86b95dd795462769dcbec12adf7cb3608aa5d881,c6in_official_sdk,private_safety_reconciled,
skhynix_c6in_latency_v2,0822T002,89,1,submit_call_start,597316318272332,1787457040005577946,order_ref_sha256_d75c4a52a66d1c8b600a43b3a114eea6a22440b42f8b6a352a2be1d996fc377a,c6in_official_sdk,request_started,
skhynix_c6in_latency_v2,0822T002,89,2,submit_response_end,597316760339055,1787457040447644866,order_ref_sha256_d75c4a52a66d1c8b600a43b3a114eea6a22440b42f8b6a352a2be1d996fc377a,c6in_official_sdk,response_received,
skhynix_c6in_latency_v2,0822T002,89,3,resting_confirm,597316798795127,1787457040486100849,order_ref_sha256_d75c4a52a66d1c8b600a43b3a114eea6a22440b42f8b6a352a2be1d996fc377a,c6in_official_sdk,exact_reference_resting,
skhynix_c6in_latency_v2,0822T002,89,4,risk_decision_ready,597317048859448,1787457040736165811,order_ref_sha256_d75c4a52a66d1c8b600a43b3a114eea6a22440b42f8b6a352a2be1d996fc377a,c6in_official_sdk,frozen_settle_complete,
skhynix_c6in_latency_v2,0822T002,89,5,cancel_enqueue,597317048861698,1787457040736167015,order_ref_sha256_d75c4a52a66d1c8b600a43b3a114eea6a22440b42f8b6a352a2be1d996fc377a,c6in_official_sdk,cancel_enqueued,
skhynix_c6in_latency_v2,0822T002,89,6,cancel_call_start,597317048863126,1787457040736168421,order_ref_sha256_d75c4a52a66d1c8b600a43b3a114eea6a22440b42f8b6a352a2be1d996fc377a,c6in_official_sdk,request_started,
skhynix_c6in_latency_v2,0822T002,89,7,terminal_observation_start,597317048863597,1787457040736169069,order_ref_sha256_d75c4a52a66d1c8b600a43b3a114eea6a22440b42f8b6a352a2be1d996fc377a,c6in_official_sdk,exact_reference_poll_started,
skhynix_c6in_latency_v2,0822T002,89,8,terminal_confirm,597317771820921,1787457041459126507,order_ref_sha256_d75c4a52a66d1c8b600a43b3a114eea6a22440b42f8b6a352a2be1d996fc377a,c6in_official_sdk,exact_reference_cancel_confirmed,
skhynix_c6in_latency_v2,0822T002,89,9,cancel_response_end,597317850872127,1787457041538177766,order_ref_sha256_d75c4a52a66d1c8b600a43b3a114eea6a22440b42f8b6a352a2be1d996fc377a,c6in_official_sdk,response_received,normal
skhynix_c6in_latency_v2,0822T002,89,10,final_open_orders_confirm,597317910760388,1787457041598066115,order_ref_sha256_d75c4a52a66d1c8b600a43b3a114eea6a22440b42f8b6a352a2be1d996fc377a,c6in_official_sdk,private_safety_reconciled,
skhynix_c6in_latency_v2,0822T002,90,1,submit_call_start,597336318054932,1787457060005360550,order_ref_sha256_f614644cb1e859546d4255a8ea2fe1e2d52d246c4a586e3f6934e607fac7a235,c6in_official_sdk,request_started,
skhynix_c6in_latency_v2,0822T002,90,2,submit_response_end,597336700462230,1787457060387767878,order_ref_sha256_f614644cb1e859546d4255a8ea2fe1e2d52d246c4a586e3f6934e607fac7a235,c6in_official_sdk,response_received,
skhynix_c6in_latency_v2,0822T002,90,3,resting_confirm,597336705433202,1787457060392739026,order_ref_sha256_f614644cb1e859546d4255a8ea2fe1e2d52d246c4a586e3f6934e607fac7a235,c6in_official_sdk,exact_reference_resting,
skhynix_c6in_latency_v2,0822T002,90,4,risk_decision_ready,597336955509950,1787457060642816217,order_ref_sha256_f614644cb1e859546d4255a8ea2fe1e2d52d246c4a586e3f6934e607fac7a235,c6in_official_sdk,frozen_settle_complete,
skhynix_c6in_latency_v2,0822T002,90,5,cancel_enqueue,597336955512460,1787457060642817768,order_ref_sha256_f614644cb1e859546d4255a8ea2fe1e2d52d246c4a586e3f6934e607fac7a235,c6in_official_sdk,cancel_enqueued,
skhynix_c6in_latency_v2,0822T002,90,6,cancel_call_start,597336955514227,1787457060642819522,order_ref_sha256_f614644cb1e859546d4255a8ea2fe1e2d52d246c4a586e3f6934e607fac7a235,c6in_official_sdk,request_started,
skhynix_c6in_latency_v2,0822T002,90,7,terminal_observation_start,597336955514597,1787457060642820003,order_ref_sha256_f614644cb1e859546d4255a8ea2fe1e2d52d246c4a586e3f6934e607fac7a235,c6in_official_sdk,exact_reference_poll_started,
skhynix_c6in_latency_v2,0822T002,90,8,terminal_confirm,597337670576719,1787457061357882682,order_ref_sha256_f614644cb1e859546d4255a8ea2fe1e2d52d246c4a586e3f6934e607fac7a235,c6in_official_sdk,exact_reference_cancel_confirmed,
skhynix_c6in_latency_v2,0822T002,90,9,cancel_response_end,597337678606668,1787457061365912386,order_ref_sha256_f614644cb1e859546d4255a8ea2fe1e2d52d246c4a586e3f6934e607fac7a235,c6in_official_sdk,response_received,normal
skhynix_c6in_latency_v2,0822T002,90,10,final_open_orders_confirm,597337719338801,1787457061406644803,order_ref_sha256_f614644cb1e859546d4255a8ea2fe1e2d52d246c4a586e3f6934e607fac7a235,c6in_official_sdk,private_safety_reconciled,
skhynix_c6in_latency_v2,0822T002,91,1,submit_call_start,597356319352202,1787457080006658095,order_ref_sha256_fb435e7d7ab9ae6e2557b6a2926fb0ccbb959ea0a04618167e57fac37b57065d,c6in_official_sdk,request_started,
skhynix_c6in_latency_v2,0822T002,91,2,submit_response_end,597356736710922,1787457080424016687,order_ref_sha256_fb435e7d7ab9ae6e2557b6a2926fb0ccbb959ea0a04618167e57fac37b57065d,c6in_official_sdk,response_received,
skhynix_c6in_latency_v2,0822T002,91,3,resting_confirm,597356741839133,1787457080429144829,order_ref_sha256_fb435e7d7ab9ae6e2557b6a2926fb0ccbb959ea0a04618167e57fac37b57065d,c6in_official_sdk,exact_reference_resting,
skhynix_c6in_latency_v2,0822T002,91,4,risk_decision_ready,597356991907426,1787457080679213536,order_ref_sha256_fb435e7d7ab9ae6e2557b6a2926fb0ccbb959ea0a04618167e57fac37b57065d,c6in_official_sdk,frozen_settle_complete,
skhynix_c6in_latency_v2,0822T002,91,5,cancel_enqueue,597356991909591,1787457080679214920,order_ref_sha256_fb435e7d7ab9ae6e2557b6a2926fb0ccbb959ea0a04618167e57fac37b57065d,c6in_official_sdk,cancel_enqueued,
skhynix_c6in_latency_v2,0822T002,91,6,cancel_call_start,597356991910804,1787457080679216098,order_ref_sha256_fb435e7d7ab9ae6e2557b6a2926fb0ccbb959ea0a04618167e57fac37b57065d,c6in_official_sdk,request_started,
skhynix_c6in_latency_v2,0822T002,91,7,terminal_observation_start,597356991911178,1787457080679216561,order_ref_sha256_fb435e7d7ab9ae6e2557b6a2926fb0ccbb959ea0a04618167e57fac37b57065d,c6in_official_sdk,exact_reference_poll_started,
skhynix_c6in_latency_v2,0822T002,91,8,cancel_response_end,597357603546033,1787457081290851901,order_ref_sha256_fb435e7d7ab9ae6e2557b6a2926fb0ccbb959ea0a04618167e57fac37b57065d,c6in_official_sdk,response_received,normal
skhynix_c6in_latency_v2,0822T002,91,9,terminal_confirm,597357630895095,1787457081318200576,order_ref_sha256_fb435e7d7ab9ae6e2557b6a2926fb0ccbb959ea0a04618167e57fac37b57065d,c6in_official_sdk,exact_reference_cancel_confirmed,
skhynix_c6in_latency_v2,0822T002,91,10,final_open_orders_confirm,597357693199379,1787457081380505126,order_ref_sha256_fb435e7d7ab9ae6e2557b6a2926fb0ccbb959ea0a04618167e57fac37b57065d,c6in_official_sdk,private_safety_reconciled,
skhynix_c6in_latency_v2,0822T002,92,1,submit_call_start,597376321385757,1787457100008691363,order_ref_sha256_8aa92b6ba3b37b9430a4b51b6a1a4c5b817270b6728ac557e4f4afc658f55783,c6in_official_sdk,request_started,
skhynix_c6in_latency_v2,0822T002,92,2,submit_response_end,597376662624474,1787457100349930118,order_ref_sha256_8aa92b6ba3b37b9430a4b51b6a1a4c5b817270b6728ac557e4f4afc658f55783,c6in_official_sdk,response_received,
skhynix_c6in_latency_v2,0822T002,92,3,resting_confirm,597376669075588,1787457100356381164,order_ref_sha256_8aa92b6ba3b37b9430a4b51b6a1a4c5b817270b6728ac557e4f4afc658f55783,c6in_official_sdk,exact_reference_resting,
skhynix_c6in_latency_v2,0822T002,92,4,risk_decision_ready,597376919141780,1787457100606447928,order_ref_sha256_8aa92b6ba3b37b9430a4b51b6a1a4c5b817270b6728ac557e4f4afc658f55783,c6in_official_sdk,frozen_settle_complete,
skhynix_c6in_latency_v2,0822T002,92,5,cancel_enqueue,597376919143925,1787457100606449243,order_ref_sha256_8aa92b6ba3b37b9430a4b51b6a1a4c5b817270b6728ac557e4f4afc658f55783,c6in_official_sdk,cancel_enqueued,
skhynix_c6in_latency_v2,0822T002,92,6,cancel_call_start,597376919145859,1787457100606451152,order_ref_sha256_8aa92b6ba3b37b9430a4b51b6a1a4c5b817270b6728ac557e4f4afc658f55783,c6in_official_sdk,request_started,
skhynix_c6in_latency_v2,0822T002,92,7,terminal_observation_start,597376919146229,1787457100606451617,order_ref_sha256_8aa92b6ba3b37b9430a4b51b6a1a4c5b817270b6728ac557e4f4afc658f55783,c6in_official_sdk,exact_reference_poll_started,
skhynix_c6in_latency_v2,0822T002,92,8,cancel_response_end,597377591053186,1787457101278358863,order_ref_sha256_8aa92b6ba3b37b9430a4b51b6a1a4c5b817270b6728ac557e4f4afc658f55783,c6in_official_sdk,response_received,normal
skhynix_c6in_latency_v2,0822T002,92,9,terminal_confirm,597377605515452,1787457101292821056,order_ref_sha256_8aa92b6ba3b37b9430a4b51b6a1a4c5b817270b6728ac557e4f4afc658f55783,c6in_official_sdk,exact_reference_cancel_confirmed,
skhynix_c6in_latency_v2,0822T002,92,10,final_open_orders_confirm,597377638760351,1787457101326066664,order_ref_sha256_8aa92b6ba3b37b9430a4b51b6a1a4c5b817270b6728ac557e4f4afc658f55783,c6in_official_sdk,private_safety_reconciled,
skhynix_c6in_latency_v2,0822T002,93,1,submit_call_start,597396318861128,1787457120006166751,order_ref_sha256_6a9029efbba112cafa2cfd2d6ace6c8a8cda7aae7beb80025528c28fa322f47f,c6in_official_sdk,request_started,
skhynix_c6in_latency_v2,0822T002,93,2,submit_response_end,597396671628480,1787457120358934256,order_ref_sha256_6a9029efbba112cafa2cfd2d6ace6c8a8cda7aae7beb80025528c28fa322f47f,c6in_official_sdk,response_received,
skhynix_c6in_latency_v2,0822T002,93,3,resting_confirm,597396703898998,1787457120391205084,order_ref_sha256_6a9029efbba112cafa2cfd2d6ace6c8a8cda7aae7beb80025528c28fa322f47f,c6in_official_sdk,exact_reference_resting,
skhynix_c6in_latency_v2,0822T002,93,4,risk_decision_ready,597396953970469,1787457120641276806,order_ref_sha256_6a9029efbba112cafa2cfd2d6ace6c8a8cda7aae7beb80025528c28fa322f47f,c6in_official_sdk,frozen_settle_complete,
skhynix_c6in_latency_v2,0822T002,93,5,cancel_enqueue,597396953972944,1787457120641278233,order_ref_sha256_6a9029efbba112cafa2cfd2d6ace6c8a8cda7aae7beb80025528c28fa322f47f,c6in_official_sdk,cancel_enqueued,
skhynix_c6in_latency_v2,0822T002,93,6,cancel_call_start,597396953974269,1787457120641279553,order_ref_sha256_6a9029efbba112cafa2cfd2d6ace6c8a8cda7aae7beb80025528c28fa322f47f,c6in_official_sdk,request_started,
skhynix_c6in_latency_v2,0822T002,93,7,terminal_observation_start,597396953974604,1787457120641279993,order_ref_sha256_6a9029efbba112cafa2cfd2d6ace6c8a8cda7aae7beb80025528c28fa322f47f,c6in_official_sdk,exact_reference_poll_started,
skhynix_c6in_latency_v2,0822T002,93,8,cancel_response_end,597397628330167,1787457121315635994,order_ref_sha256_6a9029efbba112cafa2cfd2d6ace6c8a8cda7aae7beb80025528c28fa322f47f,c6in_official_sdk,response_received,normal
skhynix_c6in_latency_v2,0822T002,93,9,terminal_confirm,597403560212368,1787457127247517937,order_ref_sha256_6a9029efbba112cafa2cfd2d6ace6c8a8cda7aae7beb80025528c28fa322f47f,c6in_official_sdk,exact_reference_cancel_confirmed,
skhynix_c6in_latency_v2,0822T002,93,10,final_open_orders_confirm,597403590159841,1787457127277465597,order_ref_sha256_6a9029efbba112cafa2cfd2d6ace6c8a8cda7aae7beb80025528c28fa322f47f,c6in_official_sdk,private_safety_reconciled,
skhynix_c6in_latency_v2,0822T002,94,1,submit_call_start,597416331130692,1787457140018436699,order_ref_sha256_49510ebbf5b197758c86c5ce8456ef9d8c1248899a0c9ce42f6765b26942af16,c6in_official_sdk,request_started,
skhynix_c6in_latency_v2,0822T002,94,2,submit_response_end,597416671007821,1787457140358313589,order_ref_sha256_49510ebbf5b197758c86c5ce8456ef9d8c1248899a0c9ce42f6765b26942af16,c6in_official_sdk,response_received,
skhynix_c6in_latency_v2,0822T002,94,3,resting_confirm,597416675665950,1787457140362971459,order_ref_sha256_49510ebbf5b197758c86c5ce8456ef9d8c1248899a0c9ce42f6765b26942af16,c6in_official_sdk,exact_reference_resting,
skhynix_c6in_latency_v2,0822T002,94,4,risk_decision_ready,597416925726393,1787457140613032605,order_ref_sha256_49510ebbf5b197758c86c5ce8456ef9d8c1248899a0c9ce42f6765b26942af16,c6in_official_sdk,frozen_settle_complete,
skhynix_c6in_latency_v2,0822T002,94,5,cancel_enqueue,597416925728635,1787457140613033938,order_ref_sha256_49510ebbf5b197758c86c5ce8456ef9d8c1248899a0c9ce42f6765b26942af16,c6in_official_sdk,cancel_enqueued,
skhynix_c6in_latency_v2,0822T002,94,6,cancel_call_start,597416925729935,1787457140613035230,order_ref_sha256_49510ebbf5b197758c86c5ce8456ef9d8c1248899a0c9ce42f6765b26942af16,c6in_official_sdk,request_started,
skhynix_c6in_latency_v2,0822T002,94,7,terminal_observation_start,597416925730286,1787457140613035702,order_ref_sha256_49510ebbf5b197758c86c5ce8456ef9d8c1248899a0c9ce42f6765b26942af16,c6in_official_sdk,exact_reference_poll_started,
skhynix_c6in_latency_v2,0822T002,94,8,cancel_response_end,597417608088026,1787457141295393784,order_ref_sha256_49510ebbf5b197758c86c5ce8456ef9d8c1248899a0c9ce42f6765b26942af16,c6in_official_sdk,response_received,normal
skhynix_c6in_latency_v2,0822T002,94,9,terminal_confirm,597417663949694,1787457141351255190,order_ref_sha256_49510ebbf5b197758c86c5ce8456ef9d8c1248899a0c9ce42f6765b26942af16,c6in_official_sdk,exact_reference_cancel_confirmed,
skhynix_c6in_latency_v2,0822T002,94,10,final_open_orders_confirm,597417695328251,1787457141382633988,order_ref_sha256_49510ebbf5b197758c86c5ce8456ef9d8c1248899a0c9ce42f6765b26942af16,c6in_official_sdk,private_safety_reconciled,
skhynix_c6in_latency_v2,0822T002,95,1,submit_call_start,597436319666900,1787457160006972617,order_ref_sha256_30b8805c0b78975f1ec14a9c60cbfcbb5a66a0be6e7aa16f4fc6bf19a704fb6f,c6in_official_sdk,request_started,
skhynix_c6in_latency_v2,0822T002,95,2,submit_response_end,597436706740135,1787457160394045948,order_ref_sha256_30b8805c0b78975f1ec14a9c60cbfcbb5a66a0be6e7aa16f4fc6bf19a704fb6f,c6in_official_sdk,response_received,
skhynix_c6in_latency_v2,0822T002,95,3,resting_confirm,597436730310237,1787457160417616013,order_ref_sha256_30b8805c0b78975f1ec14a9c60cbfcbb5a66a0be6e7aa16f4fc6bf19a704fb6f,c6in_official_sdk,exact_reference_resting,
skhynix_c6in_latency_v2,0822T002,95,4,risk_decision_ready,597436980377045,1787457160667683267,order_ref_sha256_30b8805c0b78975f1ec14a9c60cbfcbb5a66a0be6e7aa16f4fc6bf19a704fb6f,c6in_official_sdk,frozen_settle_complete,
skhynix_c6in_latency_v2,0822T002,95,5,cancel_enqueue,597436980379510,1787457160667684819,order_ref_sha256_30b8805c0b78975f1ec14a9c60cbfcbb5a66a0be6e7aa16f4fc6bf19a704fb6f,c6in_official_sdk,cancel_enqueued,
skhynix_c6in_latency_v2,0822T002,95,6,cancel_call_start,597436980381068,1787457160667686382,order_ref_sha256_30b8805c0b78975f1ec14a9c60cbfcbb5a66a0be6e7aa16f4fc6bf19a704fb6f,c6in_official_sdk,request_started,
skhynix_c6in_latency_v2,0822T002,95,7,terminal_observation_start,597436980381588,1787457160667686972,order_ref_sha256_30b8805c0b78975f1ec14a9c60cbfcbb5a66a0be6e7aa16f4fc6bf19a704fb6f,c6in_official_sdk,exact_reference_poll_started,
skhynix_c6in_latency_v2,0822T002,95,8,cancel_response_end,597437662259029,1787457161349564884,order_ref_sha256_30b8805c0b78975f1ec14a9c60cbfcbb5a66a0be6e7aa16f4fc6bf19a704fb6f,c6in_official_sdk,response_received,normal
skhynix_c6in_latency_v2,0822T002,95,9,terminal_confirm,597437691195566,1787457161378501102,order_ref_sha256_30b8805c0b78975f1ec14a9c60cbfcbb5a66a0be6e7aa16f4fc6bf19a704fb6f,c6in_official_sdk,exact_reference_cancel_confirmed,
skhynix_c6in_latency_v2,0822T002,95,10,final_open_orders_confirm,597437721083189,1787457161408388943,order_ref_sha256_30b8805c0b78975f1ec14a9c60cbfcbb5a66a0be6e7aa16f4fc6bf19a704fb6f,c6in_official_sdk,private_safety_reconciled,
skhynix_c6in_latency_v2,0822T002,96,1,submit_call_start,597456319185900,1787457180006491494,order_ref_sha256_9f7438a038b709742fb3872680c415c9a29df9a2622b9a32fb09e19c23e25990,c6in_official_sdk,request_started,
skhynix_c6in_latency_v2,0822T002,96,2,submit_response_end,597456749695227,1787457180437001047,order_ref_sha256_9f7438a038b709742fb3872680c415c9a29df9a2622b9a32fb09e19c23e25990,c6in_official_sdk,response_received,
skhynix_c6in_latency_v2,0822T002,96,3,resting_confirm,597456769795584,1787457180457101359,order_ref_sha256_9f7438a038b709742fb3872680c415c9a29df9a2622b9a32fb09e19c23e25990,c6in_official_sdk,exact_reference_resting,
skhynix_c6in_latency_v2,0822T002,96,4,risk_decision_ready,597457019863364,1787457180707169863,order_ref_sha256_9f7438a038b709742fb3872680c415c9a29df9a2622b9a32fb09e19c23e25990,c6in_official_sdk,frozen_settle_complete,
skhynix_c6in_latency_v2,0822T002,96,5,cancel_enqueue,597457019865447,1787457180707170756,order_ref_sha256_9f7438a038b709742fb3872680c415c9a29df9a2622b9a32fb09e19c23e25990,c6in_official_sdk,cancel_enqueued,
skhynix_c6in_latency_v2,0822T002,96,6,cancel_call_start,597457019866737,1787457180707172038,order_ref_sha256_9f7438a038b709742fb3872680c415c9a29df9a2622b9a32fb09e19c23e25990,c6in_official_sdk,request_started,
skhynix_c6in_latency_v2,0822T002,96,7,terminal_observation_start,597457019867340,1787457180707172817,order_ref_sha256_9f7438a038b709742fb3872680c415c9a29df9a2622b9a32fb09e19c23e25990,c6in_official_sdk,exact_reference_poll_started,
skhynix_c6in_latency_v2,0822T002,96,8,cancel_response_end,597457703354580,1787457181390660322,order_ref_sha256_9f7438a038b709742fb3872680c415c9a29df9a2622b9a32fb09e19c23e25990,c6in_official_sdk,response_received,normal
skhynix_c6in_latency_v2,0822T002,96,9,terminal_confirm,597457739533806,1787457181426839430,order_ref_sha256_9f7438a038b709742fb3872680c415c9a29df9a2622b9a32fb09e19c23e25990,c6in_official_sdk,exact_reference_cancel_confirmed,
skhynix_c6in_latency_v2,0822T002,96,10,final_open_orders_confirm,597457770878911,1787457181458184652,order_ref_sha256_9f7438a038b709742fb3872680c415c9a29df9a2622b9a32fb09e19c23e25990,c6in_official_sdk,private_safety_reconciled,
skhynix_c6in_latency_v2,0822T002,97,1,submit_call_start,597476319511622,1787457200006817258,order_ref_sha256_927c74ac597af06a34ea57fd61c7dd7ff2f37659f38677730fe03d08e10312a9,c6in_official_sdk,request_started,
skhynix_c6in_latency_v2,0822T002,97,2,submit_response_end,597476720480702,1787457200407786391,order_ref_sha256_927c74ac597af06a34ea57fd61c7dd7ff2f37659f38677730fe03d08e10312a9,c6in_official_sdk,response_received,
skhynix_c6in_latency_v2,0822T002,97,3,resting_confirm,597476731467370,1787457200418773199,order_ref_sha256_927c74ac597af06a34ea57fd61c7dd7ff2f37659f38677730fe03d08e10312a9,c6in_official_sdk,exact_reference_resting,
skhynix_c6in_latency_v2,0822T002,97,4,risk_decision_ready,597476981536603,1787457200668842513,order_ref_sha256_927c74ac597af06a34ea57fd61c7dd7ff2f37659f38677730fe03d08e10312a9,c6in_official_sdk,frozen_settle_complete,
skhynix_c6in_latency_v2,0822T002,97,5,cancel_enqueue,597476981538409,1787457200668843696,order_ref_sha256_927c74ac597af06a34ea57fd61c7dd7ff2f37659f38677730fe03d08e10312a9,c6in_official_sdk,cancel_enqueued,
skhynix_c6in_latency_v2,0822T002,97,6,cancel_call_start,597476981539745,1787457200668845033,order_ref_sha256_927c74ac597af06a34ea57fd61c7dd7ff2f37659f38677730fe03d08e10312a9,c6in_official_sdk,request_started,
skhynix_c6in_latency_v2,0822T002,97,7,terminal_observation_start,597476981540079,1787457200668845384,order_ref_sha256_927c74ac597af06a34ea57fd61c7dd7ff2f37659f38677730fe03d08e10312a9,c6in_official_sdk,exact_reference_poll_started,
skhynix_c6in_latency_v2,0822T002,97,8,cancel_response_end,597477721725934,1787457201409031712,order_ref_sha256_927c74ac597af06a34ea57fd61c7dd7ff2f37659f38677730fe03d08e10312a9,c6in_official_sdk,response_received,normal
skhynix_c6in_latency_v2,0822T002,97,9,terminal_confirm,597477760657173,1787457201447962716,order_ref_sha256_927c74ac597af06a34ea57fd61c7dd7ff2f37659f38677730fe03d08e10312a9,c6in_official_sdk,exact_reference_cancel_confirmed,
skhynix_c6in_latency_v2,0822T002,97,10,final_open_orders_confirm,597477793528264,1787457201480833993,order_ref_sha256_927c74ac597af06a34ea57fd61c7dd7ff2f37659f38677730fe03d08e10312a9,c6in_official_sdk,private_safety_reconciled,
skhynix_c6in_latency_v2,0822T002,98,1,submit_call_start,597496319566508,1787457220006872223,order_ref_sha256_73ffb43dcac1b2efb594d0ae932e813ea6a61e79d721a6a3b1ea5f185b2ee6a0,c6in_official_sdk,request_started,
skhynix_c6in_latency_v2,0822T002,98,2,submit_response_end,597496637522720,1787457220324828771,order_ref_sha256_73ffb43dcac1b2efb594d0ae932e813ea6a61e79d721a6a3b1ea5f185b2ee6a0,c6in_official_sdk,response_received,
skhynix_c6in_latency_v2,0822T002,98,3,resting_confirm,597496651070198,1787457220338375936,order_ref_sha256_73ffb43dcac1b2efb594d0ae932e813ea6a61e79d721a6a3b1ea5f185b2ee6a0,c6in_official_sdk,exact_reference_resting,
skhynix_c6in_latency_v2,0822T002,98,4,risk_decision_ready,597496901136224,1787457220588442086,order_ref_sha256_73ffb43dcac1b2efb594d0ae932e813ea6a61e79d721a6a3b1ea5f185b2ee6a0,c6in_official_sdk,frozen_settle_complete,
skhynix_c6in_latency_v2,0822T002,98,5,cancel_enqueue,597496901137916,1787457220588443221,order_ref_sha256_73ffb43dcac1b2efb594d0ae932e813ea6a61e79d721a6a3b1ea5f185b2ee6a0,c6in_official_sdk,cancel_enqueued,
skhynix_c6in_latency_v2,0822T002,98,6,cancel_call_start,597496901139437,1787457220588444740,order_ref_sha256_73ffb43dcac1b2efb594d0ae932e813ea6a61e79d721a6a3b1ea5f185b2ee6a0,c6in_official_sdk,request_started,
skhynix_c6in_latency_v2,0822T002,98,7,terminal_observation_start,597496901139792,1787457220588445168,order_ref_sha256_73ffb43dcac1b2efb594d0ae932e813ea6a61e79d721a6a3b1ea5f185b2ee6a0,c6in_official_sdk,exact_reference_poll_started,
skhynix_c6in_latency_v2,0822T002,98,8,cancel_response_end,597497614923993,1787457221302229758,order_ref_sha256_73ffb43dcac1b2efb594d0ae932e813ea6a61e79d721a6a3b1ea5f185b2ee6a0,c6in_official_sdk,response_received,normal
skhynix_c6in_latency_v2,0822T002,98,9,terminal_confirm,597497654635633,1787457221341941331,order_ref_sha256_73ffb43dcac1b2efb594d0ae932e813ea6a61e79d721a6a3b1ea5f185b2ee6a0,c6in_official_sdk,exact_reference_cancel_confirmed,
skhynix_c6in_latency_v2,0822T002,98,10,final_open_orders_confirm,597497684474362,1787457221371780011,order_ref_sha256_73ffb43dcac1b2efb594d0ae932e813ea6a61e79d721a6a3b1ea5f185b2ee6a0,c6in_official_sdk,private_safety_reconciled,
skhynix_c6in_latency_v2,0822T002,99,1,submit_call_start,597516320382089,1787457240007687965,order_ref_sha256_071348bbbc466d5451a1f51b89dd665903363c9ef330c9b0edc609c962dac1fa,c6in_official_sdk,request_started,
skhynix_c6in_latency_v2,0822T002,99,2,submit_response_end,597516655196247,1787457240342502017,order_ref_sha256_071348bbbc466d5451a1f51b89dd665903363c9ef330c9b0edc609c962dac1fa,c6in_official_sdk,response_received,
skhynix_c6in_latency_v2,0822T002,99,3,resting_confirm,597516737514107,1787457240424819739,order_ref_sha256_071348bbbc466d5451a1f51b89dd665903363c9ef330c9b0edc609c962dac1fa,c6in_official_sdk,exact_reference_resting,
skhynix_c6in_latency_v2,0822T002,99,4,risk_decision_ready,597516987581851,1787457240674887453,order_ref_sha256_071348bbbc466d5451a1f51b89dd665903363c9ef330c9b0edc609c962dac1fa,c6in_official_sdk,frozen_settle_complete,
skhynix_c6in_latency_v2,0822T002,99,5,cancel_enqueue,597516987582754,1787457240674888063,order_ref_sha256_071348bbbc466d5451a1f51b89dd665903363c9ef330c9b0edc609c962dac1fa,c6in_official_sdk,cancel_enqueued,
skhynix_c6in_latency_v2,0822T002,99,6,cancel_call_start,597516987584310,1787457240674889608,order_ref_sha256_071348bbbc466d5451a1f51b89dd665903363c9ef330c9b0edc609c962dac1fa,c6in_official_sdk,request_started,
skhynix_c6in_latency_v2,0822T002,99,7,terminal_observation_start,597516987584725,1787457240674890036,order_ref_sha256_071348bbbc466d5451a1f51b89dd665903363c9ef330c9b0edc609c962dac1fa,c6in_official_sdk,exact_reference_poll_started,
skhynix_c6in_latency_v2,0822T002,99,8,cancel_response_end,597517779135801,1787457241466441467,order_ref_sha256_071348bbbc466d5451a1f51b89dd665903363c9ef330c9b0edc609c962dac1fa,c6in_official_sdk,response_received,normal
skhynix_c6in_latency_v2,0822T002,99,9,terminal_confirm,597523650309350,1787457247337614942,order_ref_sha256_071348bbbc466d5451a1f51b89dd665903363c9ef330c9b0edc609c962dac1fa,c6in_official_sdk,exact_reference_cancel_confirmed,
skhynix_c6in_latency_v2,0822T002,99,10,final_open_orders_confirm,597523687466860,1787457247374773524,order_ref_sha256_071348bbbc466d5451a1f51b89dd665903363c9ef330c9b0edc609c962dac1fa,c6in_official_sdk,private_safety_reconciled,
skhynix_c6in_latency_v2,0822T002,100,1,submit_call_start,597536321714544,1787457260009020208,order_ref_sha256_e7ac02934d1c83476a879396259520feb1845fd511a3c365423ca7c8f2a22db6,c6in_official_sdk,request_started,
skhynix_c6in_latency_v2,0822T002,100,2,submit_response_end,597536742055109,1787457260429360774,order_ref_sha256_e7ac02934d1c83476a879396259520feb1845fd511a3c365423ca7c8f2a22db6,c6in_official_sdk,response_received,
skhynix_c6in_latency_v2,0822T002,100,3,resting_confirm,597536765520647,1787457260452826440,order_ref_sha256_e7ac02934d1c83476a879396259520feb1845fd511a3c365423ca7c8f2a22db6,c6in_official_sdk,exact_reference_resting,
skhynix_c6in_latency_v2,0822T002,100,4,risk_decision_ready,597537015581540,1787457260702887744,order_ref_sha256_e7ac02934d1c83476a879396259520feb1845fd511a3c365423ca7c8f2a22db6,c6in_official_sdk,frozen_settle_complete,
skhynix_c6in_latency_v2,0822T002,100,5,cancel_enqueue,597537015583769,1787457260702889077,order_ref_sha256_e7ac02934d1c83476a879396259520feb1845fd511a3c365423ca7c8f2a22db6,c6in_official_sdk,cancel_enqueued,
skhynix_c6in_latency_v2,0822T002,100,6,cancel_call_start,597537015585008,1787457260702890313,order_ref_sha256_e7ac02934d1c83476a879396259520feb1845fd511a3c365423ca7c8f2a22db6,c6in_official_sdk,request_started,
skhynix_c6in_latency_v2,0822T002,100,7,terminal_observation_start,597537015585356,1787457260702890667,order_ref_sha256_e7ac02934d1c83476a879396259520feb1845fd511a3c365423ca7c8f2a22db6,c6in_official_sdk,exact_reference_poll_started,
skhynix_c6in_latency_v2,0822T002,100,8,cancel_response_end,597537672647934,1787457261359953557,order_ref_sha256_e7ac02934d1c83476a879396259520feb1845fd511a3c365423ca7c8f2a22db6,c6in_official_sdk,response_received,normal
skhynix_c6in_latency_v2,0822T002,100,9,terminal_confirm,597537728815546,1787457261416121230,order_ref_sha256_e7ac02934d1c83476a879396259520feb1845fd511a3c365423ca7c8f2a22db6,c6in_official_sdk,exact_reference_cancel_confirmed,
skhynix_c6in_latency_v2,0822T002,100,10,final_open_orders_confirm,597537761719284,1787457261449024954,order_ref_sha256_e7ac02934d1c83476a879396259520feb1845fd511a3c365423ca7c8f2a22db6,c6in_official_sdk,private_safety_reconciled,
