event_index,event_kind,event_time_ms,current_bid_px,current_ask_px,candidate_status,candidate_reason,candidate_bounded,candidate_half_spread_ticks,fixed_half_spread_ticks,authoritative_half_spread_ticks,dynamic_overlay_changed,fixed_bid_px,fixed_ask_px,dynamic_bid_px,dynamic_ask_px,final_quote_behavior_changed,strict_gate_status,strict_gate_allowed,strict_gate_reason,order_endpoint_called,inference_scope
1,book,1784713668932,65846.0,65847.0,fallback_fixed,missing_latest_market_estimator,True,0.5,0.5,0.5,False,65846.0,65847.0,65846.0,65847.0,False,fail_closed,False,"strict_seeded_dynamic_gate_failed:candidate_status_pass,fallback_to_fixed_false,dynamic_overlay_changed,final_quote_behavior_changed",False,same_sample_production_quote_mechanism_shadow_not_fill_or_economics
2,trade,1784713659066,65846.0,65847.0,fallback_fixed,missing_latest_market_estimator,True,0.5,0.5,0.5,False,65846.0,65847.0,65846.0,65847.0,False,fail_closed,False,"strict_seeded_dynamic_gate_failed:candidate_status_pass,fallback_to_fixed_false,dynamic_overlay_changed,final_quote_behavior_changed",False,same_sample_production_quote_mechanism_shadow_not_fill_or_economics
3,trade,1784713660008,65846.0,65847.0,fallback_fixed,missing_latest_market_estimator,True,0.5,0.5,0.5,False,65846.0,65847.0,65846.0,65847.0,False,fail_closed,False,"strict_seeded_dynamic_gate_failed:candidate_status_pass,fallback_to_fixed_false,dynamic_overlay_changed,final_quote_behavior_changed",False,same_sample_production_quote_mechanism_shadow_not_fill_or_economics
4,trade,1784713660008,65846.0,65847.0,fallback_fixed,missing_latest_market_estimator,True,0.5,0.5,0.5,False,65846.0,65847.0,65846.0,65847.0,False,fail_closed,False,"strict_seeded_dynamic_gate_failed:candidate_status_pass,fallback_to_fixed_false,dynamic_overlay_changed,final_quote_behavior_changed",False,same_sample_production_quote_mechanism_shadow_not_fill_or_economics
5,trade,1784713660410,65846.0,65847.0,fallback_fixed,missing_latest_market_estimator,True,0.5,0.5,0.5,False,65846.0,65847.0,65846.0,65847.0,False,fail_closed,False,"strict_seeded_dynamic_gate_failed:candidate_status_pass,fallback_to_fixed_false,dynamic_overlay_changed,final_quote_behavior_changed",False,same_sample_production_quote_mechanism_shadow_not_fill_or_economics
6,trade,1784713661279,65846.0,65847.0,fallback_fixed,missing_latest_market_estimator,True,0.5,0.5,0.5,False,65846.0,65847.0,65846.0,65847.0,False,fail_closed,False,"strict_seeded_dynamic_gate_failed:candidate_status_pass,fallback_to_fixed_false,dynamic_overlay_changed,final_quote_behavior_changed",False,same_sample_production_quote_mechanism_shadow_not_fill_or_economics
7,trade,1784713661482,65846.0,65847.0,fallback_fixed,missing_latest_market_estimator,True,0.5,0.5,0.5,False,65846.0,65847.0,65846.0,65847.0,False,fail_closed,False,"strict_seeded_dynamic_gate_failed:candidate_status_pass,fallback_to_fixed_false,dynamic_overlay_changed,final_quote_behavior_changed",False,same_sample_production_quote_mechanism_shadow_not_fill_or_economics
8,trade,1784713661482,65846.0,65847.0,fallback_fixed,missing_latest_market_estimator,True,0.5,0.5,0.5,False,65846.0,65847.0,65846.0,65847.0,False,fail_closed,False,"strict_seeded_dynamic_gate_failed:candidate_status_pass,fallback_to_fixed_false,dynamic_overlay_changed,final_quote_behavior_changed",False,same_sample_production_quote_mechanism_shadow_not_fill_or_economics
9,trade,1784713661482,65846.0,65847.0,fallback_fixed,missing_latest_market_estimator,True,0.5,0.5,0.5,False,65846.0,65847.0,65846.0,65847.0,False,fail_closed,False,"strict_seeded_dynamic_gate_failed:candidate_status_pass,fallback_to_fixed_false,dynamic_overlay_changed,final_quote_behavior_changed",False,same_sample_production_quote_mechanism_shadow_not_fill_or_economics
10,trade,1784713661482,65846.0,65847.0,fallback_fixed,missing_latest_market_estimator,True,0.5,0.5,0.5,False,65846.0,65847.0,65846.0,65847.0,False,fail_closed,False,"strict_seeded_dynamic_gate_failed:candidate_status_pass,fallback_to_fixed_false,dynamic_overlay_changed,final_quote_behavior_changed",False,same_sample_production_quote_mechanism_shadow_not_fill_or_economics
11,trade,1784713663020,65846.0,65847.0,fallback_fixed,missing_latest_market_estimator,True,0.5,0.5,0.5,False,65846.0,65847.0,65846.0,65847.0,False,fail_closed,False,"strict_seeded_dynamic_gate_failed:candidate_status_pass,fallback_to_fixed_false,dynamic_overlay_changed,final_quote_behavior_changed",False,same_sample_production_quote_mechanism_shadow_not_fill_or_economics
12,trade,1784713663155,65846.0,65847.0,fallback_fixed,missing_latest_market_estimator,True,0.5,0.5,0.5,False,65846.0,65847.0,65846.0,65847.0,False,fail_closed,False,"strict_seeded_dynamic_gate_failed:candidate_status_pass,fallback_to_fixed_false,dynamic_overlay_changed,final_quote_behavior_changed",False,same_sample_production_quote_mechanism_shadow_not_fill_or_economics
13,trade,1784713663696,65846.0,65847.0,fallback_fixed,missing_latest_market_estimator,True,0.5,0.5,0.5,False,65846.0,65847.0,65846.0,65847.0,False,fail_closed,False,"strict_seeded_dynamic_gate_failed:candidate_status_pass,fallback_to_fixed_false,dynamic_overlay_changed,final_quote_behavior_changed",False,same_sample_production_quote_mechanism_shadow_not_fill_or_economics
14,trade,1784713663696,65846.0,65847.0,fallback_fixed,missing_latest_market_estimator,True,0.5,0.5,0.5,False,65846.0,65847.0,65846.0,65847.0,False,fail_closed,False,"strict_seeded_dynamic_gate_failed:candidate_status_pass,fallback_to_fixed_false,dynamic_overlay_changed,final_quote_behavior_changed",False,same_sample_production_quote_mechanism_shadow_not_fill_or_economics
15,trade,1784713663696,65846.0,65847.0,fallback_fixed,missing_latest_market_estimator,True,0.5,0.5,0.5,False,65846.0,65847.0,65846.0,65847.0,False,fail_closed,False,"strict_seeded_dynamic_gate_failed:candidate_status_pass,fallback_to_fixed_false,dynamic_overlay_changed,final_quote_behavior_changed",False,same_sample_production_quote_mechanism_shadow_not_fill_or_economics
16,trade,1784713663696,65846.0,65847.0,fallback_fixed,missing_latest_market_estimator,True,0.5,0.5,0.5,False,65846.0,65847.0,65846.0,65847.0,False,fail_closed,False,"strict_seeded_dynamic_gate_failed:candidate_status_pass,fallback_to_fixed_false,dynamic_overlay_changed,final_quote_behavior_changed",False,same_sample_production_quote_mechanism_shadow_not_fill_or_economics
17,trade,1784713663696,65846.0,65847.0,fallback_fixed,missing_latest_market_estimator,True,0.5,0.5,0.5,False,65846.0,65847.0,65846.0,65847.0,False,fail_closed,False,"strict_seeded_dynamic_gate_failed:candidate_status_pass,fallback_to_fixed_false,dynamic_overlay_changed,final_quote_behavior_changed",False,same_sample_production_quote_mechanism_shadow_not_fill_or_economics
18,trade,1784713663696,65846.0,65847.0,fallback_fixed,missing_latest_market_estimator,True,0.5,0.5,0.5,False,65846.0,65847.0,65846.0,65847.0,False,fail_closed,False,"strict_seeded_dynamic_gate_failed:candidate_status_pass,fallback_to_fixed_false,dynamic_overlay_changed,final_quote_behavior_changed",False,same_sample_production_quote_mechanism_shadow_not_fill_or_economics
19,trade,1784713664100,65846.0,65847.0,fallback_fixed,missing_latest_market_estimator,True,0.5,0.5,0.5,False,65846.0,65847.0,65846.0,65847.0,False,fail_closed,False,"strict_seeded_dynamic_gate_failed:candidate_status_pass,fallback_to_fixed_false,dynamic_overlay_changed,final_quote_behavior_changed",False,same_sample_production_quote_mechanism_shadow_not_fill_or_economics
20,trade,1784713664100,65846.0,65847.0,fallback_fixed,missing_latest_market_estimator,True,0.5,0.5,0.5,False,65846.0,65847.0,65846.0,65847.0,False,fail_closed,False,"strict_seeded_dynamic_gate_failed:candidate_status_pass,fallback_to_fixed_false,dynamic_overlay_changed,final_quote_behavior_changed",False,same_sample_production_quote_mechanism_shadow_not_fill_or_economics
21,trade,1784713664166,65846.0,65847.0,fallback_fixed,missing_latest_market_estimator,True,0.5,0.5,0.5,False,65846.0,65847.0,65846.0,65847.0,False,fail_closed,False,"strict_seeded_dynamic_gate_failed:candidate_status_pass,fallback_to_fixed_false,dynamic_overlay_changed,final_quote_behavior_changed",False,same_sample_production_quote_mechanism_shadow_not_fill_or_economics
22,trade,1784713664299,65846.0,65847.0,fallback_fixed,missing_latest_market_estimator,True,0.5,0.5,0.5,False,65846.0,65847.0,65846.0,65847.0,False,fail_closed,False,"strict_seeded_dynamic_gate_failed:candidate_status_pass,fallback_to_fixed_false,dynamic_overlay_changed,final_quote_behavior_changed",False,same_sample_production_quote_mechanism_shadow_not_fill_or_economics
23,trade,1784713664700,65846.0,65847.0,fallback_fixed,missing_latest_market_estimator,True,0.5,0.5,0.5,False,65846.0,65847.0,65846.0,65847.0,False,fail_closed,False,"strict_seeded_dynamic_gate_failed:candidate_status_pass,fallback_to_fixed_false,dynamic_overlay_changed,final_quote_behavior_changed",False,same_sample_production_quote_mechanism_shadow_not_fill_or_economics
24,trade,1784713666249,65846.0,65847.0,fallback_fixed,missing_latest_market_estimator,True,0.5,0.5,0.5,False,65846.0,65847.0,65846.0,65847.0,False,fail_closed,False,"strict_seeded_dynamic_gate_failed:candidate_status_pass,fallback_to_fixed_false,dynamic_overlay_changed,final_quote_behavior_changed",False,same_sample_production_quote_mechanism_shadow_not_fill_or_economics
25,trade,1784713666517,65846.0,65847.0,fallback_fixed,missing_latest_market_estimator,True,0.5,0.5,0.5,False,65846.0,65847.0,65846.0,65847.0,False,fail_closed,False,"strict_seeded_dynamic_gate_failed:candidate_status_pass,fallback_to_fixed_false,dynamic_overlay_changed,final_quote_behavior_changed",False,same_sample_production_quote_mechanism_shadow_not_fill_or_economics
26,trade,1784713666716,65846.0,65847.0,fallback_fixed,missing_latest_market_estimator,True,0.5,0.5,0.5,False,65846.0,65847.0,65846.0,65847.0,False,fail_closed,False,"strict_seeded_dynamic_gate_failed:candidate_status_pass,fallback_to_fixed_false,dynamic_overlay_changed,final_quote_behavior_changed",False,same_sample_production_quote_mechanism_shadow_not_fill_or_economics
27,trade,1784713666716,65846.0,65847.0,fallback_fixed,missing_latest_market_estimator,True,0.5,0.5,0.5,False,65846.0,65847.0,65846.0,65847.0,False,fail_closed,False,"strict_seeded_dynamic_gate_failed:candidate_status_pass,fallback_to_fixed_false,dynamic_overlay_changed,final_quote_behavior_changed",False,same_sample_production_quote_mechanism_shadow_not_fill_or_economics
28,trade,1784713667387,65846.0,65847.0,fallback_fixed,missing_latest_market_estimator,True,0.5,0.5,0.5,False,65846.0,65847.0,65846.0,65847.0,False,fail_closed,False,"strict_seeded_dynamic_gate_failed:candidate_status_pass,fallback_to_fixed_false,dynamic_overlay_changed,final_quote_behavior_changed",False,same_sample_production_quote_mechanism_shadow_not_fill_or_economics
29,trade,1784713668058,65846.0,65847.0,fallback_fixed,missing_latest_market_estimator,True,0.5,0.5,0.5,False,65846.0,65847.0,65846.0,65847.0,False,fail_closed,False,"strict_seeded_dynamic_gate_failed:candidate_status_pass,fallback_to_fixed_false,dynamic_overlay_changed,final_quote_behavior_changed",False,same_sample_production_quote_mechanism_shadow_not_fill_or_economics
30,trade,1784713669268,65846.0,65847.0,fallback_fixed,missing_latest_market_estimator,True,0.5,0.5,0.5,False,65846.0,65847.0,65846.0,65847.0,False,fail_closed,False,"strict_seeded_dynamic_gate_failed:candidate_status_pass,fallback_to_fixed_false,dynamic_overlay_changed,final_quote_behavior_changed",False,same_sample_production_quote_mechanism_shadow_not_fill_or_economics
31,trade,1784713669268,65846.0,65847.0,fallback_fixed,missing_latest_market_estimator,True,0.5,0.5,0.5,False,65846.0,65847.0,65846.0,65847.0,False,fail_closed,False,"strict_seeded_dynamic_gate_failed:candidate_status_pass,fallback_to_fixed_false,dynamic_overlay_changed,final_quote_behavior_changed",False,same_sample_production_quote_mechanism_shadow_not_fill_or_economics
32,book,1784713669471,65846.0,65847.0,pass,,True,1.00099908,0.5,1.00099908,True,65846.0,65847.0,65845.0,65848.0,True,pass,True,,False,same_sample_production_quote_mechanism_shadow_not_fill_or_economics
33,book,1784713669999,65846.0,65847.0,pass,,True,1.00254907,0.5,1.00254907,True,65846.0,65847.0,65845.0,65848.0,True,pass,True,,False,same_sample_production_quote_mechanism_shadow_not_fill_or_economics
34,trade,1784713670075,65846.0,65847.0,fallback_fixed,missing_latest_market_estimator,True,0.5,0.5,0.5,False,65846.0,65847.0,65846.0,65847.0,False,fail_closed,False,"strict_seeded_dynamic_gate_failed:candidate_status_pass,fallback_to_fixed_false,dynamic_overlay_changed,final_quote_behavior_changed",False,same_sample_production_quote_mechanism_shadow_not_fill_or_economics
35,trade,1784713670476,65846.0,65847.0,fallback_fixed,missing_latest_market_estimator,True,0.5,0.5,0.5,False,65846.0,65847.0,65846.0,65847.0,False,fail_closed,False,"strict_seeded_dynamic_gate_failed:candidate_status_pass,fallback_to_fixed_false,dynamic_overlay_changed,final_quote_behavior_changed",False,same_sample_production_quote_mechanism_shadow_not_fill_or_economics
36,book,1784713670539,65846.0,65847.0,pass,,True,0.96967966,0.5,0.96967966,True,65846.0,65847.0,65845.0,65848.0,True,pass,True,,False,same_sample_production_quote_mechanism_shadow_not_fill_or_economics
37,book,1784713671080,65846.0,65847.0,fallback_fixed,missing_latest_market_estimator,True,0.5,0.5,0.5,False,65846.0,65847.0,65846.0,65847.0,False,fail_closed,False,"strict_seeded_dynamic_gate_failed:candidate_status_pass,fallback_to_fixed_false,dynamic_overlay_changed,final_quote_behavior_changed",False,same_sample_production_quote_mechanism_shadow_not_fill_or_economics
38,book,1784713671607,65846.0,65847.0,fallback_fixed,missing_latest_market_estimator,True,0.5,0.5,0.5,False,65846.0,65847.0,65846.0,65847.0,False,fail_closed,False,"strict_seeded_dynamic_gate_failed:candidate_status_pass,fallback_to_fixed_false,dynamic_overlay_changed,final_quote_behavior_changed",False,same_sample_production_quote_mechanism_shadow_not_fill_or_economics
39,book,1784713672151,65846.0,65847.0,fallback_fixed,missing_latest_market_estimator,True,0.5,0.5,0.5,False,65846.0,65847.0,65846.0,65847.0,False,fail_closed,False,"strict_seeded_dynamic_gate_failed:candidate_status_pass,fallback_to_fixed_false,dynamic_overlay_changed,final_quote_behavior_changed",False,same_sample_production_quote_mechanism_shadow_not_fill_or_economics
40,trade,1784713672557,65846.0,65847.0,pass,,True,1.00214282,0.5,1.00214282,True,65846.0,65847.0,65845.0,65848.0,True,pass,True,,False,same_sample_production_quote_mechanism_shadow_not_fill_or_economics
41,book,1784713672689,65846.0,65847.0,pass,,True,1.00214282,0.5,1.00214282,True,65846.0,65847.0,65845.0,65848.0,True,pass,True,,False,same_sample_production_quote_mechanism_shadow_not_fill_or_economics
42,book,1784713673216,65846.0,65847.0,fallback_fixed,missing_latest_market_estimator,True,0.5,0.5,0.5,False,65846.0,65847.0,65846.0,65847.0,False,fail_closed,False,"strict_seeded_dynamic_gate_failed:candidate_status_pass,fallback_to_fixed_false,dynamic_overlay_changed,final_quote_behavior_changed",False,same_sample_production_quote_mechanism_shadow_not_fill_or_economics
43,trade,1784713673694,65846.0,65847.0,pass,,True,1.00055263,0.5,1.00055263,True,65846.0,65847.0,65845.0,65848.0,True,pass,True,,False,same_sample_production_quote_mechanism_shadow_not_fill_or_economics
44,book,1784713673763,65846.0,65847.0,pass,,True,1.00144273,0.5,1.00144273,True,65846.0,65847.0,65845.0,65848.0,True,pass,True,,False,same_sample_production_quote_mechanism_shadow_not_fill_or_economics
45,book,1784713674298,65846.0,65847.0,fallback_fixed,missing_latest_market_estimator,True,0.5,0.5,0.5,False,65846.0,65847.0,65846.0,65847.0,False,fail_closed,False,"strict_seeded_dynamic_gate_failed:candidate_status_pass,fallback_to_fixed_false,dynamic_overlay_changed,final_quote_behavior_changed",False,same_sample_production_quote_mechanism_shadow_not_fill_or_economics
46,book,1784713674824,65846.0,65847.0,fallback_fixed,missing_latest_market_estimator,True,0.5,0.5,0.5,False,65846.0,65847.0,65846.0,65847.0,False,fail_closed,False,"strict_seeded_dynamic_gate_failed:candidate_status_pass,fallback_to_fixed_false,dynamic_overlay_changed,final_quote_behavior_changed",False,same_sample_production_quote_mechanism_shadow_not_fill_or_economics
47,book,1784713675373,65846.0,65847.0,fallback_fixed,missing_latest_market_estimator,True,0.5,0.5,0.5,False,65846.0,65847.0,65846.0,65847.0,False,fail_closed,False,"strict_seeded_dynamic_gate_failed:candidate_status_pass,fallback_to_fixed_false,dynamic_overlay_changed,final_quote_behavior_changed",False,same_sample_production_quote_mechanism_shadow_not_fill_or_economics
48,trade,1784713675709,65846.0,65847.0,pass,,True,1.00273041,0.5,1.00273041,True,65846.0,65847.0,65845.0,65848.0,True,pass,True,,False,same_sample_production_quote_mechanism_shadow_not_fill_or_economics
49,book,1784713675913,65846.0,65847.0,pass,,True,1.01533507,0.5,1.01533507,True,65846.0,65847.0,65845.0,65848.0,True,pass,True,,False,same_sample_production_quote_mechanism_shadow_not_fill_or_economics
50,book,1784713676435,65846.0,65847.0,fallback_fixed,missing_latest_market_estimator,True,0.5,0.5,0.5,False,65846.0,65847.0,65846.0,65847.0,False,fail_closed,False,"strict_seeded_dynamic_gate_failed:candidate_status_pass,fallback_to_fixed_false,dynamic_overlay_changed,final_quote_behavior_changed",False,same_sample_production_quote_mechanism_shadow_not_fill_or_economics
51,trade,1784713676915,65846.0,65847.0,pass,,True,1.01533507,0.5,1.01533507,True,65846.0,65847.0,65845.0,65848.0,True,pass,True,,False,same_sample_production_quote_mechanism_shadow_not_fill_or_economics
52,book,1784713676982,65846.0,65847.0,pass,,True,1.00836085,0.5,1.00836085,True,65846.0,65847.0,65845.0,65848.0,True,pass,True,,False,same_sample_production_quote_mechanism_shadow_not_fill_or_economics
53,trade,1784713677038,65846.0,65847.0,fallback_fixed,missing_latest_market_estimator,True,0.5,0.5,0.5,False,65846.0,65847.0,65846.0,65847.0,False,fail_closed,False,"strict_seeded_dynamic_gate_failed:candidate_status_pass,fallback_to_fixed_false,dynamic_overlay_changed,final_quote_behavior_changed",False,same_sample_production_quote_mechanism_shadow_not_fill_or_economics
54,book,1784713677521,65846.0,65847.0,pass,,True,1.00836085,0.5,1.00836085,True,65846.0,65847.0,65845.0,65848.0,True,pass,True,,False,same_sample_production_quote_mechanism_shadow_not_fill_or_economics
55,book,1784713678045,65846.0,65847.0,fallback_fixed,missing_latest_market_estimator,True,0.5,0.5,0.5,False,65846.0,65847.0,65846.0,65847.0,False,fail_closed,False,"strict_seeded_dynamic_gate_failed:candidate_status_pass,fallback_to_fixed_false,dynamic_overlay_changed,final_quote_behavior_changed",False,same_sample_production_quote_mechanism_shadow_not_fill_or_economics
56,book,1784713678647,65846.0,65847.0,fallback_fixed,missing_latest_market_estimator,True,0.5,0.5,0.5,False,65846.0,65847.0,65846.0,65847.0,False,fail_closed,False,"strict_seeded_dynamic_gate_failed:candidate_status_pass,fallback_to_fixed_false,dynamic_overlay_changed,final_quote_behavior_changed",False,same_sample_production_quote_mechanism_shadow_not_fill_or_economics
57,trade,1784713678920,65846.0,65847.0,pass,,True,1.00836085,0.5,1.00836085,True,65846.0,65847.0,65845.0,65848.0,True,pass,True,,False,same_sample_production_quote_mechanism_shadow_not_fill_or_economics
58,trade,1784713679049,65846.0,65847.0,fallback_fixed,missing_latest_market_estimator,True,0.5,0.5,0.5,False,65846.0,65847.0,65846.0,65847.0,False,fail_closed,False,"strict_seeded_dynamic_gate_failed:candidate_status_pass,fallback_to_fixed_false,dynamic_overlay_changed,final_quote_behavior_changed",False,same_sample_production_quote_mechanism_shadow_not_fill_or_economics
59,book,1784713679197,65846.0,65847.0,pass,,True,1.0157903,0.5,1.0157903,True,65846.0,65847.0,65845.0,65848.0,True,pass,True,,False,same_sample_production_quote_mechanism_shadow_not_fill_or_economics
60,book,1784713679729,65846.0,65847.0,pass,,True,1.0157903,0.5,1.0157903,True,65846.0,65847.0,65845.0,65848.0,True,pass,True,,False,same_sample_production_quote_mechanism_shadow_not_fill_or_economics
61,trade,1784713680135,65846.0,65847.0,fallback_fixed,missing_latest_market_estimator,True,0.5,0.5,0.5,False,65846.0,65847.0,65846.0,65847.0,False,fail_closed,False,"strict_seeded_dynamic_gate_failed:candidate_status_pass,fallback_to_fixed_false,dynamic_overlay_changed,final_quote_behavior_changed",False,same_sample_production_quote_mechanism_shadow_not_fill_or_economics
62,book,1784713680256,65846.0,65847.0,pass,,True,1.01646091,0.5,1.01646091,True,65846.0,65847.0,65845.0,65848.0,True,pass,True,,False,same_sample_production_quote_mechanism_shadow_not_fill_or_economics
63,book,1784713680809,65846.0,65847.0,pass,,True,1.00267773,0.5,1.00267773,True,65846.0,65847.0,65845.0,65848.0,True,pass,True,,False,same_sample_production_quote_mechanism_shadow_not_fill_or_economics
64,trade,1784713681009,65846.0,65847.0,fallback_fixed,missing_latest_market_estimator,True,0.5,0.5,0.5,False,65846.0,65847.0,65846.0,65847.0,False,fail_closed,False,"strict_seeded_dynamic_gate_failed:candidate_status_pass,fallback_to_fixed_false,dynamic_overlay_changed,final_quote_behavior_changed",False,same_sample_production_quote_mechanism_shadow_not_fill_or_economics
65,book,1784713681340,65846.0,65847.0,pass,,True,1.0078496,0.5,1.0078496,True,65846.0,65847.0,65845.0,65848.0,True,pass,True,,False,same_sample_production_quote_mechanism_shadow_not_fill_or_economics
66,book,1784713681866,65846.0,65847.0,pass,,True,1.0078496,0.5,1.0078496,True,65846.0,65847.0,65845.0,65848.0,True,pass,True,,False,same_sample_production_quote_mechanism_shadow_not_fill_or_economics
67,trade,1784713682016,65846.0,65847.0,fallback_fixed,missing_latest_market_estimator,True,0.5,0.5,0.5,False,65846.0,65847.0,65846.0,65847.0,False,fail_closed,False,"strict_seeded_dynamic_gate_failed:candidate_status_pass,fallback_to_fixed_false,dynamic_overlay_changed,final_quote_behavior_changed",False,same_sample_production_quote_mechanism_shadow_not_fill_or_economics
68,trade,1784713682214,65846.0,65847.0,fallback_fixed,missing_latest_market_estimator,True,0.5,0.5,0.5,False,65846.0,65847.0,65846.0,65847.0,False,fail_closed,False,"strict_seeded_dynamic_gate_failed:candidate_status_pass,fallback_to_fixed_false,dynamic_overlay_changed,final_quote_behavior_changed",False,same_sample_production_quote_mechanism_shadow_not_fill_or_economics
69,trade,1784713682214,65846.0,65847.0,fallback_fixed,missing_latest_market_estimator,True,0.5,0.5,0.5,False,65846.0,65847.0,65846.0,65847.0,False,fail_closed,False,"strict_seeded_dynamic_gate_failed:candidate_status_pass,fallback_to_fixed_false,dynamic_overlay_changed,final_quote_behavior_changed",False,same_sample_production_quote_mechanism_shadow_not_fill_or_economics
70,trade,1784713682214,65846.0,65847.0,fallback_fixed,missing_latest_market_estimator,True,0.5,0.5,0.5,False,65846.0,65847.0,65846.0,65847.0,False,fail_closed,False,"strict_seeded_dynamic_gate_failed:candidate_status_pass,fallback_to_fixed_false,dynamic_overlay_changed,final_quote_behavior_changed",False,same_sample_production_quote_mechanism_shadow_not_fill_or_economics
71,book,1784713682420,65853.0,65854.0,pass,,True,0.96038448,0.5,0.96038448,True,65853.0,65854.0,65852.0,65855.0,True,pass,True,,False,same_sample_production_quote_mechanism_shadow_not_fill_or_economics
72,trade,1784713682619,65853.0,65854.0,pass,,True,0.96160554,0.5,0.96160554,True,65853.0,65854.0,65852.0,65855.0,True,pass,True,,False,same_sample_production_quote_mechanism_shadow_not_fill_or_economics
73,trade,1784713682619,65853.0,65854.0,pass,,True,0.96415652,0.5,0.96415652,True,65853.0,65854.0,65852.0,65855.0,True,pass,True,,False,same_sample_production_quote_mechanism_shadow_not_fill_or_economics
74,trade,1784713682619,65853.0,65854.0,pass,,True,0.96719946,0.5,0.96719946,True,65853.0,65854.0,65852.0,65855.0,True,pass,True,,False,same_sample_production_quote_mechanism_shadow_not_fill_or_economics
75,book,1784713682955,65853.0,65854.0,pass,,True,1.13354642,0.5,1.13354642,True,65853.0,65854.0,65852.0,65855.0,True,pass,True,,False,same_sample_production_quote_mechanism_shadow_not_fill_or_economics
76,trade,1784713683152,65853.0,65854.0,fallback_fixed,missing_latest_market_estimator,True,0.5,0.5,0.5,False,65853.0,65854.0,65853.0,65854.0,False,fail_closed,False,"strict_seeded_dynamic_gate_failed:candidate_status_pass,fallback_to_fixed_false,dynamic_overlay_changed,final_quote_behavior_changed",False,same_sample_production_quote_mechanism_shadow_not_fill_or_economics
77,trade,1784713683152,65853.0,65854.0,fallback_fixed,missing_latest_market_estimator,True,0.5,0.5,0.5,False,65853.0,65854.0,65853.0,65854.0,False,fail_closed,False,"strict_seeded_dynamic_gate_failed:candidate_status_pass,fallback_to_fixed_false,dynamic_overlay_changed,final_quote_behavior_changed",False,same_sample_production_quote_mechanism_shadow_not_fill_or_economics
78,trade,1784713683152,65853.0,65854.0,fallback_fixed,missing_latest_market_estimator,True,0.5,0.5,0.5,False,65853.0,65854.0,65853.0,65854.0,False,fail_closed,False,"strict_seeded_dynamic_gate_failed:candidate_status_pass,fallback_to_fixed_false,dynamic_overlay_changed,final_quote_behavior_changed",False,same_sample_production_quote_mechanism_shadow_not_fill_or_economics
79,trade,1784713683152,65853.0,65854.0,fallback_fixed,missing_latest_market_estimator,True,0.5,0.5,0.5,False,65853.0,65854.0,65853.0,65854.0,False,fail_closed,False,"strict_seeded_dynamic_gate_failed:candidate_status_pass,fallback_to_fixed_false,dynamic_overlay_changed,final_quote_behavior_changed",False,same_sample_production_quote_mechanism_shadow_not_fill_or_economics
80,trade,1784713683152,65853.0,65854.0,fallback_fixed,missing_latest_market_estimator,True,0.5,0.5,0.5,False,65853.0,65854.0,65853.0,65854.0,False,fail_closed,False,"strict_seeded_dynamic_gate_failed:candidate_status_pass,fallback_to_fixed_false,dynamic_overlay_changed,final_quote_behavior_changed",False,same_sample_production_quote_mechanism_shadow_not_fill_or_economics
81,trade,1784713683351,65853.0,65854.0,fallback_fixed,missing_latest_market_estimator,True,0.5,0.5,0.5,False,65853.0,65854.0,65853.0,65854.0,False,fail_closed,False,"strict_seeded_dynamic_gate_failed:candidate_status_pass,fallback_to_fixed_false,dynamic_overlay_changed,final_quote_behavior_changed",False,same_sample_production_quote_mechanism_shadow_not_fill_or_economics
82,book,1784713683475,65857.0,65858.0,pass,,True,1.2018366,0.5,1.2018366,True,65857.0,65858.0,65856.0,65859.0,True,pass,True,,False,same_sample_production_quote_mechanism_shadow_not_fill_or_economics
83,book,1784713684023,65857.0,65858.0,fallback_fixed,missing_latest_market_estimator,True,0.5,0.5,0.5,False,65857.0,65858.0,65857.0,65858.0,False,fail_closed,False,"strict_seeded_dynamic_gate_failed:candidate_status_pass,fallback_to_fixed_false,dynamic_overlay_changed,final_quote_behavior_changed",False,same_sample_production_quote_mechanism_shadow_not_fill_or_economics
84,book,1784713684557,65857.0,65858.0,fallback_fixed,missing_latest_market_estimator,True,0.5,0.5,0.5,False,65857.0,65858.0,65857.0,65858.0,False,fail_closed,False,"strict_seeded_dynamic_gate_failed:candidate_status_pass,fallback_to_fixed_false,dynamic_overlay_changed,final_quote_behavior_changed",False,same_sample_production_quote_mechanism_shadow_not_fill_or_economics
85,book,1784713685086,65857.0,65858.0,fallback_fixed,missing_latest_market_estimator,True,0.5,0.5,0.5,False,65857.0,65858.0,65857.0,65858.0,False,fail_closed,False,"strict_seeded_dynamic_gate_failed:candidate_status_pass,fallback_to_fixed_false,dynamic_overlay_changed,final_quote_behavior_changed",False,same_sample_production_quote_mechanism_shadow_not_fill_or_economics
86,trade,1784713685227,65857.0,65858.0,pass,,True,1.013408,0.5,1.013408,True,65857.0,65858.0,65856.0,65859.0,True,pass,True,,False,same_sample_production_quote_mechanism_shadow_not_fill_or_economics
87,trade,1784713685227,65857.0,65858.0,pass,,True,1.013408,0.5,1.013408,True,65857.0,65858.0,65856.0,65859.0,True,pass,True,,False,same_sample_production_quote_mechanism_shadow_not_fill_or_economics
88,book,1784713685632,65857.0,65858.0,pass,,True,1.09702937,0.5,1.09702937,True,65857.0,65858.0,65856.0,65859.0,True,pass,True,,False,same_sample_production_quote_mechanism_shadow_not_fill_or_economics
89,trade,1784713686036,65857.0,65858.0,fallback_fixed,missing_latest_market_estimator,True,0.5,0.5,0.5,False,65857.0,65858.0,65857.0,65858.0,False,fail_closed,False,"strict_seeded_dynamic_gate_failed:candidate_status_pass,fallback_to_fixed_false,dynamic_overlay_changed,final_quote_behavior_changed",False,same_sample_production_quote_mechanism_shadow_not_fill_or_economics
90,book,1784713686170,65858.0,65859.0,pass,,True,1.20185055,0.5,1.20185055,True,65858.0,65859.0,65857.0,65860.0,True,pass,True,,False,same_sample_production_quote_mechanism_shadow_not_fill_or_economics
91,trade,1784713686238,65858.0,65859.0,pass,,True,0.89957782,0.5,0.89957782,True,65858.0,65859.0,65857.0,65860.0,True,pass,True,,False,same_sample_production_quote_mechanism_shadow_not_fill_or_economics
92,trade,1784713686238,65858.0,65859.0,pass,,True,0.88228533,0.5,0.88228533,True,65858.0,65859.0,65857.0,65860.0,True,pass,True,,False,same_sample_production_quote_mechanism_shadow_not_fill_or_economics
93,trade,1784713686238,65858.0,65859.0,pass,,True,0.86611914,0.5,0.86611914,True,65858.0,65859.0,65857.0,65860.0,True,pass,True,,False,same_sample_production_quote_mechanism_shadow_not_fill_or_economics
94,trade,1784713686238,65858.0,65859.0,pass,,True,0.8792699,0.5,0.8792699,True,65858.0,65859.0,65857.0,65860.0,True,pass,True,,False,same_sample_production_quote_mechanism_shadow_not_fill_or_economics
95,trade,1784713686238,65858.0,65859.0,pass,,True,0.93720027,0.5,0.93720027,True,65858.0,65859.0,65857.0,65860.0,True,pass,True,,False,same_sample_production_quote_mechanism_shadow_not_fill_or_economics
96,trade,1784713686238,65858.0,65859.0,pass,,True,0.98778327,0.5,0.98778327,True,65858.0,65859.0,65857.0,65860.0,True,pass,True,,False,same_sample_production_quote_mechanism_shadow_not_fill_or_economics
97,trade,1784713686238,65858.0,65859.0,pass,,True,0.99289532,0.5,0.99289532,True,65858.0,65859.0,65857.0,65860.0,True,pass,True,,False,same_sample_production_quote_mechanism_shadow_not_fill_or_economics
98,trade,1784713686238,65858.0,65859.0,pass,,True,1.00631982,0.5,1.00631982,True,65858.0,65859.0,65857.0,65860.0,True,pass,True,,False,same_sample_production_quote_mechanism_shadow_not_fill_or_economics
99,trade,1784713686446,65858.0,65859.0,pass,,True,1.09109105,0.5,1.09109105,True,65858.0,65859.0,65857.0,65860.0,True,pass,True,,False,same_sample_production_quote_mechanism_shadow_not_fill_or_economics
100,book,1784713686702,65863.0,65864.0,pass,,True,0.90144144,0.5,0.90144144,True,65863.0,65864.0,65862.0,65865.0,True,pass,True,,False,same_sample_production_quote_mechanism_shadow_not_fill_or_economics
101,book,1784713687250,65863.0,65864.0,fallback_fixed,missing_latest_market_estimator,True,0.5,0.5,0.5,False,65863.0,65864.0,65863.0,65864.0,False,fail_closed,False,"strict_seeded_dynamic_gate_failed:candidate_status_pass,fallback_to_fixed_false,dynamic_overlay_changed,final_quote_behavior_changed",False,same_sample_production_quote_mechanism_shadow_not_fill_or_economics
102,book,1784713687785,65863.0,65864.0,fallback_fixed,missing_latest_market_estimator,True,0.5,0.5,0.5,False,65863.0,65864.0,65863.0,65864.0,False,fail_closed,False,"strict_seeded_dynamic_gate_failed:candidate_status_pass,fallback_to_fixed_false,dynamic_overlay_changed,final_quote_behavior_changed",False,same_sample_production_quote_mechanism_shadow_not_fill_or_economics
103,trade,1784713688117,65863.0,65864.0,fallback_fixed,missing_latest_market_estimator,True,0.5,0.5,0.5,False,65863.0,65864.0,65863.0,65864.0,False,fail_closed,False,"strict_seeded_dynamic_gate_failed:candidate_status_pass,fallback_to_fixed_false,dynamic_overlay_changed,final_quote_behavior_changed",False,same_sample_production_quote_mechanism_shadow_not_fill_or_economics
104,book,1784713688325,65863.0,65864.0,pass,,True,1.00539474,0.5,1.00539474,True,65863.0,65864.0,65862.0,65865.0,True,pass,True,,False,same_sample_production_quote_mechanism_shadow_not_fill_or_economics
105,trade,1784713688390,65863.0,65864.0,pass,,True,1.00539474,0.5,1.00539474,True,65863.0,65864.0,65862.0,65865.0,True,pass,True,,False,same_sample_production_quote_mechanism_shadow_not_fill_or_economics
106,book,1784713688858,65863.0,65864.0,pass,,True,1.00392684,0.5,1.00392684,True,65863.0,65864.0,65862.0,65865.0,True,pass,True,,False,same_sample_production_quote_mechanism_shadow_not_fill_or_economics
107,trade,1784713689059,65863.0,65864.0,fallback_fixed,missing_latest_market_estimator,True,0.5,0.5,0.5,False,65863.0,65864.0,65863.0,65864.0,False,fail_closed,False,"strict_seeded_dynamic_gate_failed:candidate_status_pass,fallback_to_fixed_false,dynamic_overlay_changed,final_quote_behavior_changed",False,same_sample_production_quote_mechanism_shadow_not_fill_or_economics
108,book,1784713689389,65863.0,65864.0,pass,,True,1.00368908,0.5,1.00368908,True,65863.0,65864.0,65862.0,65865.0,True,pass,True,,False,same_sample_production_quote_mechanism_shadow_not_fill_or_economics
109,trade,1784713689667,65863.0,65864.0,pass,,True,1.00368908,0.5,1.00368908,True,65863.0,65864.0,65862.0,65865.0,True,pass,True,,False,same_sample_production_quote_mechanism_shadow_not_fill_or_economics
110,trade,1784713689866,65863.0,65864.0,pass,,True,0.81485747,0.5,0.81485747,True,65863.0,65864.0,65862.0,65865.0,True,pass,True,,False,same_sample_production_quote_mechanism_shadow_not_fill_or_economics
111,book,1784713689934,65863.0,65864.0,pass,,True,0.81504677,0.5,0.81504677,True,65863.0,65864.0,65862.0,65865.0,True,pass,True,,False,same_sample_production_quote_mechanism_shadow_not_fill_or_economics
112,trade,1784713689934,65863.0,65864.0,pass,,True,0.73945671,0.5,0.73945671,True,65863.0,65864.0,65862.0,65865.0,True,pass,True,,False,same_sample_production_quote_mechanism_shadow_not_fill_or_economics
113,trade,1784713690001,65863.0,65864.0,fallback_fixed,missing_latest_market_estimator,True,0.5,0.5,0.5,False,65863.0,65864.0,65863.0,65864.0,False,fail_closed,False,"strict_seeded_dynamic_gate_failed:candidate_status_pass,fallback_to_fixed_false,dynamic_overlay_changed,final_quote_behavior_changed",False,same_sample_production_quote_mechanism_shadow_not_fill_or_economics
114,trade,1784713690001,65863.0,65864.0,fallback_fixed,missing_latest_market_estimator,True,0.5,0.5,0.5,False,65863.0,65864.0,65863.0,65864.0,False,fail_closed,False,"strict_seeded_dynamic_gate_failed:candidate_status_pass,fallback_to_fixed_false,dynamic_overlay_changed,final_quote_behavior_changed",False,same_sample_production_quote_mechanism_shadow_not_fill_or_economics
115,trade,1784713690001,65863.0,65864.0,fallback_fixed,missing_latest_market_estimator,True,0.5,0.5,0.5,False,65863.0,65864.0,65863.0,65864.0,False,fail_closed,False,"strict_seeded_dynamic_gate_failed:candidate_status_pass,fallback_to_fixed_false,dynamic_overlay_changed,final_quote_behavior_changed",False,same_sample_production_quote_mechanism_shadow_not_fill_or_economics
116,trade,1784713690001,65863.0,65864.0,fallback_fixed,missing_latest_market_estimator,True,0.5,0.5,0.5,False,65863.0,65864.0,65863.0,65864.0,False,fail_closed,False,"strict_seeded_dynamic_gate_failed:candidate_status_pass,fallback_to_fixed_false,dynamic_overlay_changed,final_quote_behavior_changed",False,same_sample_production_quote_mechanism_shadow_not_fill_or_economics
117,trade,1784713690001,65863.0,65864.0,fallback_fixed,missing_latest_market_estimator,True,0.5,0.5,0.5,False,65863.0,65864.0,65863.0,65864.0,False,fail_closed,False,"strict_seeded_dynamic_gate_failed:candidate_status_pass,fallback_to_fixed_false,dynamic_overlay_changed,final_quote_behavior_changed",False,same_sample_production_quote_mechanism_shadow_not_fill_or_economics
118,book,1784713690475,65863.0,65864.0,pass,,True,1.00589548,0.5,1.00589548,True,65863.0,65864.0,65862.0,65865.0,True,pass,True,,False,same_sample_production_quote_mechanism_shadow_not_fill_or_economics
119,book,1784713691009,65863.0,65864.0,fallback_fixed,missing_latest_market_estimator,True,0.5,0.5,0.5,False,65863.0,65864.0,65863.0,65864.0,False,fail_closed,False,"strict_seeded_dynamic_gate_failed:candidate_status_pass,fallback_to_fixed_false,dynamic_overlay_changed,final_quote_behavior_changed",False,same_sample_production_quote_mechanism_shadow_not_fill_or_economics
120,book,1784713691544,65863.0,65864.0,fallback_fixed,missing_latest_market_estimator,True,0.5,0.5,0.5,False,65863.0,65864.0,65863.0,65864.0,False,fail_closed,False,"strict_seeded_dynamic_gate_failed:candidate_status_pass,fallback_to_fixed_false,dynamic_overlay_changed,final_quote_behavior_changed",False,same_sample_production_quote_mechanism_shadow_not_fill_or_economics
121,trade,1784713691612,65863.0,65864.0,pass,,True,1.01248751,0.5,1.01248751,True,65863.0,65864.0,65862.0,65865.0,True,pass,True,,False,same_sample_production_quote_mechanism_shadow_not_fill_or_economics
122,book,1784713692081,65863.0,65864.0,fallback_fixed,missing_latest_market_estimator,True,0.5,0.5,0.5,False,65863.0,65864.0,65863.0,65864.0,False,fail_closed,False,"strict_seeded_dynamic_gate_failed:candidate_status_pass,fallback_to_fixed_false,dynamic_overlay_changed,final_quote_behavior_changed",False,same_sample_production_quote_mechanism_shadow_not_fill_or_economics
123,book,1784713692616,65863.0,65864.0,fallback_fixed,missing_latest_market_estimator,True,0.5,0.5,0.5,False,65863.0,65864.0,65863.0,65864.0,False,fail_closed,False,"strict_seeded_dynamic_gate_failed:candidate_status_pass,fallback_to_fixed_false,dynamic_overlay_changed,final_quote_behavior_changed",False,same_sample_production_quote_mechanism_shadow_not_fill_or_economics
124,trade,1784713692957,65863.0,65864.0,pass,,True,1.20228915,0.5,1.20228915,True,65863.0,65864.0,65862.0,65865.0,True,pass,True,,False,same_sample_production_quote_mechanism_shadow_not_fill_or_economics
125,trade,1784713692957,65863.0,65864.0,pass,,True,1.20228915,0.5,1.20228915,True,65863.0,65864.0,65862.0,65865.0,True,pass,True,,False,same_sample_production_quote_mechanism_shadow_not_fill_or_economics
126,trade,1784713692957,65863.0,65864.0,pass,,True,1.20228915,0.5,1.20228915,True,65863.0,65864.0,65862.0,65865.0,True,pass,True,,False,same_sample_production_quote_mechanism_shadow_not_fill_or_economics
127,trade,1784713693024,65863.0,65864.0,fallback_fixed,missing_latest_market_estimator,True,0.5,0.5,0.5,False,65863.0,65864.0,65863.0,65864.0,False,fail_closed,False,"strict_seeded_dynamic_gate_failed:candidate_status_pass,fallback_to_fixed_false,dynamic_overlay_changed,final_quote_behavior_changed",False,same_sample_production_quote_mechanism_shadow_not_fill_or_economics
128,trade,1784713693024,65863.0,65864.0,fallback_fixed,missing_latest_market_estimator,True,0.5,0.5,0.5,False,65863.0,65864.0,65863.0,65864.0,False,fail_closed,False,"strict_seeded_dynamic_gate_failed:candidate_status_pass,fallback_to_fixed_false,dynamic_overlay_changed,final_quote_behavior_changed",False,same_sample_production_quote_mechanism_shadow_not_fill_or_economics
129,book,1784713693161,65864.0,65865.0,pass,,True,1.00417027,0.5,1.00417027,True,65864.0,65865.0,65863.0,65866.0,True,pass,True,,False,same_sample_production_quote_mechanism_shadow_not_fill_or_economics
130,book,1784713693687,65864.0,65865.0,pass,,True,1.00417055,0.5,1.00417055,True,65864.0,65865.0,65863.0,65866.0,True,pass,True,,False,same_sample_production_quote_mechanism_shadow_not_fill_or_economics
131,trade,1784713694167,65864.0,65865.0,fallback_fixed,missing_latest_market_estimator,True,0.5,0.5,0.5,False,65864.0,65865.0,65864.0,65865.0,False,fail_closed,False,"strict_seeded_dynamic_gate_failed:candidate_status_pass,fallback_to_fixed_false,dynamic_overlay_changed,final_quote_behavior_changed",False,same_sample_production_quote_mechanism_shadow_not_fill_or_economics
132,book,1784713694232,65864.0,65865.0,pass,,True,1.00417111,0.5,1.00417111,True,65864.0,65865.0,65863.0,65866.0,True,pass,True,,False,same_sample_production_quote_mechanism_shadow_not_fill_or_economics
133,trade,1784713694568,65864.0,65865.0,pass,,True,1.00417111,0.5,1.00417111,True,65864.0,65865.0,65863.0,65866.0,True,pass,True,,False,same_sample_production_quote_mechanism_shadow_not_fill_or_economics
134,book,1784713694769,65864.0,65865.0,pass,,True,1.00448441,0.5,1.00448441,True,65864.0,65865.0,65863.0,65866.0,True,pass,True,,False,same_sample_production_quote_mechanism_shadow_not_fill_or_economics
135,trade,1784713694769,65864.0,65865.0,pass,,True,1.00448441,0.5,1.00448441,True,65864.0,65865.0,65863.0,65866.0,True,pass,True,,False,same_sample_production_quote_mechanism_shadow_not_fill_or_economics
136,trade,1784713694971,65864.0,65865.0,pass,,True,0.99995982,0.5,0.99995982,True,65864.0,65865.0,65863.0,65866.0,True,pass,True,,False,same_sample_production_quote_mechanism_shadow_not_fill_or_economics
137,trade,1784713694971,65864.0,65865.0,pass,,True,0.98478916,0.5,0.98478916,True,65864.0,65865.0,65863.0,65866.0,True,pass,True,,False,same_sample_production_quote_mechanism_shadow_not_fill_or_economics
138,trade,1784713695038,65864.0,65865.0,fallback_fixed,missing_latest_market_estimator,True,0.5,0.5,0.5,False,65864.0,65865.0,65864.0,65865.0,False,fail_closed,False,"strict_seeded_dynamic_gate_failed:candidate_status_pass,fallback_to_fixed_false,dynamic_overlay_changed,final_quote_behavior_changed",False,same_sample_production_quote_mechanism_shadow_not_fill_or_economics
139,trade,1784713695038,65864.0,65865.0,fallback_fixed,missing_latest_market_estimator,True,0.5,0.5,0.5,False,65864.0,65865.0,65864.0,65865.0,False,fail_closed,False,"strict_seeded_dynamic_gate_failed:candidate_status_pass,fallback_to_fixed_false,dynamic_overlay_changed,final_quote_behavior_changed",False,same_sample_production_quote_mechanism_shadow_not_fill_or_economics
140,book,1784713695308,65864.0,65865.0,pass,,True,0.8538519,0.5,0.8538519,True,65864.0,65865.0,65863.0,65866.0,True,pass,True,,False,same_sample_production_quote_mechanism_shadow_not_fill_or_economics
141,trade,1784713695386,65864.0,65865.0,pass,,True,1.00401098,0.5,1.00401098,True,65864.0,65865.0,65863.0,65866.0,True,pass,True,,False,same_sample_production_quote_mechanism_shadow_not_fill_or_economics
142,trade,1784713695386,65864.0,65865.0,pass,,True,1.00401124,0.5,1.00401124,True,65864.0,65865.0,65863.0,65866.0,True,pass,True,,False,same_sample_production_quote_mechanism_shadow_not_fill_or_economics
143,trade,1784713695710,65864.0,65865.0,pass,,True,1.00324875,0.5,1.00324875,True,65864.0,65865.0,65863.0,65866.0,True,pass,True,,False,same_sample_production_quote_mechanism_shadow_not_fill_or_economics
144,trade,1784713695710,65864.0,65865.0,pass,,True,0.97179026,0.5,0.97179026,True,65864.0,65865.0,65863.0,65866.0,True,pass,True,,False,same_sample_production_quote_mechanism_shadow_not_fill_or_economics
145,book,1784713695856,65866.0,65867.0,pass,,True,1.1123039,0.5,1.1123039,True,65866.0,65867.0,65865.0,65868.0,True,pass,True,,False,same_sample_production_quote_mechanism_shadow_not_fill_or_economics
146,trade,1784713696182,65866.0,65867.0,fallback_fixed,missing_latest_market_estimator,True,0.5,0.5,0.5,False,65866.0,65867.0,65866.0,65867.0,False,fail_closed,False,"strict_seeded_dynamic_gate_failed:candidate_status_pass,fallback_to_fixed_false,dynamic_overlay_changed,final_quote_behavior_changed",False,same_sample_production_quote_mechanism_shadow_not_fill_or_economics
147,trade,1784713696257,65866.0,65867.0,fallback_fixed,missing_latest_market_estimator,True,0.5,0.5,0.5,False,65866.0,65867.0,65866.0,65867.0,False,fail_closed,False,"strict_seeded_dynamic_gate_failed:candidate_status_pass,fallback_to_fixed_false,dynamic_overlay_changed,final_quote_behavior_changed",False,same_sample_production_quote_mechanism_shadow_not_fill_or_economics
148,book,1784713696381,65867.0,65868.0,pass,,True,1.03286726,0.5,1.03286726,True,65867.0,65868.0,65866.0,65869.0,True,pass,True,,False,same_sample_production_quote_mechanism_shadow_not_fill_or_economics
149,book,1784713696995,65867.0,65868.0,pass,,True,1.01100522,0.5,1.01100522,True,65867.0,65868.0,65866.0,65869.0,True,pass,True,,False,same_sample_production_quote_mechanism_shadow_not_fill_or_economics
150,book,1784713697607,65867.0,65868.0,fallback_fixed,missing_latest_market_estimator,True,0.5,0.5,0.5,False,65867.0,65868.0,65867.0,65868.0,False,fail_closed,False,"strict_seeded_dynamic_gate_failed:candidate_status_pass,fallback_to_fixed_false,dynamic_overlay_changed,final_quote_behavior_changed",False,same_sample_production_quote_mechanism_shadow_not_fill_or_economics
151,trade,1784713697607,65867.0,65868.0,pass,,True,1.01552883,0.5,1.01552883,True,65867.0,65868.0,65866.0,65869.0,True,pass,True,,False,same_sample_production_quote_mechanism_shadow_not_fill_or_economics
152,trade,1784713698007,65867.0,65868.0,fallback_fixed,missing_latest_market_estimator,True,0.5,0.5,0.5,False,65867.0,65868.0,65867.0,65868.0,False,fail_closed,False,"strict_seeded_dynamic_gate_failed:candidate_status_pass,fallback_to_fixed_false,dynamic_overlay_changed,final_quote_behavior_changed",False,same_sample_production_quote_mechanism_shadow_not_fill_or_economics
153,book,1784713698121,65867.0,65868.0,pass,,True,1.01552883,0.5,1.01552883,True,65867.0,65868.0,65866.0,65869.0,True,pass,True,,False,same_sample_production_quote_mechanism_shadow_not_fill_or_economics
154,trade,1784713698204,65867.0,65868.0,pass,,True,0.9520057,0.5,0.9520057,True,65867.0,65868.0,65866.0,65869.0,True,pass,True,,False,same_sample_production_quote_mechanism_shadow_not_fill_or_economics
155,trade,1784713698274,65867.0,65868.0,pass,,True,0.93331812,0.5,0.93331812,True,65867.0,65868.0,65866.0,65869.0,True,pass,True,,False,same_sample_production_quote_mechanism_shadow_not_fill_or_economics
156,trade,1784713698418,65867.0,65868.0,pass,,True,0.93579683,0.5,0.93579683,True,65867.0,65868.0,65866.0,65869.0,True,pass,True,,False,same_sample_production_quote_mechanism_shadow_not_fill_or_economics
157,book,1784713698682,65867.0,65868.0,pass,,True,0.92525205,0.5,0.92525205,True,65867.0,65868.0,65866.0,65869.0,True,pass,True,,False,same_sample_production_quote_mechanism_shadow_not_fill_or_economics
158,trade,1784713698883,65867.0,65868.0,pass,,True,0.89369629,0.5,0.89369629,True,65867.0,65868.0,65866.0,65869.0,True,pass,True,,False,same_sample_production_quote_mechanism_shadow_not_fill_or_economics
159,trade,1784713699003,65867.0,65868.0,fallback_fixed,missing_latest_market_estimator,True,0.5,0.5,0.5,False,65867.0,65868.0,65867.0,65868.0,False,fail_closed,False,"strict_seeded_dynamic_gate_failed:candidate_status_pass,fallback_to_fixed_false,dynamic_overlay_changed,final_quote_behavior_changed",False,same_sample_production_quote_mechanism_shadow_not_fill_or_economics
160,book,1784713699210,65867.0,65868.0,pass,,True,1.00504556,0.5,1.00504556,True,65867.0,65868.0,65866.0,65869.0,True,pass,True,,False,same_sample_production_quote_mechanism_shadow_not_fill_or_economics
161,trade,1784713699508,65867.0,65868.0,pass,,True,0.84620897,0.5,0.84620897,True,65867.0,65868.0,65866.0,65869.0,True,pass,True,,False,same_sample_production_quote_mechanism_shadow_not_fill_or_economics
162,book,1784713699765,65867.0,65868.0,pass,,True,0.85111032,0.5,0.85111032,True,65867.0,65868.0,65866.0,65869.0,True,pass,True,,False,same_sample_production_quote_mechanism_shadow_not_fill_or_economics
163,trade,1784713700042,65867.0,65868.0,fallback_fixed,missing_latest_market_estimator,True,0.5,0.5,0.5,False,65867.0,65868.0,65867.0,65868.0,False,fail_closed,False,"strict_seeded_dynamic_gate_failed:candidate_status_pass,fallback_to_fixed_false,dynamic_overlay_changed,final_quote_behavior_changed",False,same_sample_production_quote_mechanism_shadow_not_fill_or_economics
164,trade,1784713700110,65867.0,65868.0,fallback_fixed,missing_latest_market_estimator,True,0.5,0.5,0.5,False,65867.0,65868.0,65867.0,65868.0,False,fail_closed,False,"strict_seeded_dynamic_gate_failed:candidate_status_pass,fallback_to_fixed_false,dynamic_overlay_changed,final_quote_behavior_changed",False,same_sample_production_quote_mechanism_shadow_not_fill_or_economics
165,trade,1784713700244,65867.0,65868.0,fallback_fixed,missing_latest_market_estimator,True,0.5,0.5,0.5,False,65867.0,65868.0,65867.0,65868.0,False,fail_closed,False,"strict_seeded_dynamic_gate_failed:candidate_status_pass,fallback_to_fixed_false,dynamic_overlay_changed,final_quote_behavior_changed",False,same_sample_production_quote_mechanism_shadow_not_fill_or_economics
166,book,1784713700311,65868.0,65869.0,pass,,True,0.7591725,0.5,0.7591725,True,65868.0,65869.0,65867.0,65870.0,True,pass,True,,False,same_sample_production_quote_mechanism_shadow_not_fill_or_economics
167,book,1784713700836,65868.0,65869.0,pass,,True,0.74853743,0.5,0.74853743,True,65868.0,65869.0,65867.0,65870.0,True,pass,True,,False,same_sample_production_quote_mechanism_shadow_not_fill_or_economics
168,book,1784713701374,65868.0,65869.0,fallback_fixed,missing_latest_market_estimator,True,0.5,0.5,0.5,False,65868.0,65869.0,65868.0,65869.0,False,fail_closed,False,"strict_seeded_dynamic_gate_failed:candidate_status_pass,fallback_to_fixed_false,dynamic_overlay_changed,final_quote_behavior_changed",False,same_sample_production_quote_mechanism_shadow_not_fill_or_economics
169,trade,1784713701451,65868.0,65869.0,pass,,True,1.00412006,0.5,1.00412006,True,65868.0,65869.0,65867.0,65870.0,True,pass,True,,False,same_sample_production_quote_mechanism_shadow_not_fill_or_economics
170,book,1784713701921,65868.0,65869.0,pass,,True,1.00412798,0.5,1.00412798,True,65868.0,65869.0,65867.0,65870.0,True,pass,True,,False,same_sample_production_quote_mechanism_shadow_not_fill_or_economics
171,trade,1784713702325,65868.0,65869.0,fallback_fixed,missing_latest_market_estimator,True,0.5,0.5,0.5,False,65868.0,65869.0,65868.0,65869.0,False,fail_closed,False,"strict_seeded_dynamic_gate_failed:candidate_status_pass,fallback_to_fixed_false,dynamic_overlay_changed,final_quote_behavior_changed",False,same_sample_production_quote_mechanism_shadow_not_fill_or_economics
172,book,1784713702461,65868.0,65869.0,pass,,True,1.00546903,0.5,1.00546903,True,65868.0,65869.0,65867.0,65870.0,True,pass,True,,False,same_sample_production_quote_mechanism_shadow_not_fill_or_economics
173,trade,1784713702664,65868.0,65869.0,pass,,True,0.98174022,0.5,0.98174022,True,65868.0,65869.0,65867.0,65870.0,True,pass,True,,False,same_sample_production_quote_mechanism_shadow_not_fill_or_economics
174,trade,1784713702930,65868.0,65869.0,pass,,True,0.96195898,0.5,0.96195898,True,65868.0,65869.0,65867.0,65870.0,True,pass,True,,False,same_sample_production_quote_mechanism_shadow_not_fill_or_economics
175,trade,1784713702930,65868.0,65869.0,pass,,True,0.90025368,0.5,0.90025368,True,65868.0,65869.0,65867.0,65870.0,True,pass,True,,False,same_sample_production_quote_mechanism_shadow_not_fill_or_economics
176,trade,1784713702930,65868.0,65869.0,pass,,True,0.90599535,0.5,0.90599535,True,65868.0,65869.0,65867.0,65870.0,True,pass,True,,False,same_sample_production_quote_mechanism_shadow_not_fill_or_economics
177,trade,1784713702930,65868.0,65869.0,pass,,True,0.91121706,0.5,0.91121706,True,65868.0,65869.0,65867.0,65870.0,True,pass,True,,False,same_sample_production_quote_mechanism_shadow_not_fill_or_economics
178,trade,1784713702930,65868.0,65869.0,pass,,True,0.91636233,0.5,0.91636233,True,65868.0,65869.0,65867.0,65870.0,True,pass,True,,False,same_sample_production_quote_mechanism_shadow_not_fill_or_economics
179,trade,1784713702930,65868.0,65869.0,pass,,True,0.9167147,0.5,0.9167147,True,65868.0,65869.0,65867.0,65870.0,True,pass,True,,False,same_sample_production_quote_mechanism_shadow_not_fill_or_economics
180,trade,1784713702930,65868.0,65869.0,pass,,True,0.93663637,0.5,0.93663637,True,65868.0,65869.0,65867.0,65870.0,True,pass,True,,False,same_sample_production_quote_mechanism_shadow_not_fill_or_economics
181,trade,1784713702930,65868.0,65869.0,pass,,True,0.94954316,0.5,0.94954316,True,65868.0,65869.0,65867.0,65870.0,True,pass,True,,False,same_sample_production_quote_mechanism_shadow_not_fill_or_economics
182,trade,1784713702930,65868.0,65869.0,pass,,True,0.98139098,0.5,0.98139098,True,65868.0,65869.0,65867.0,65870.0,True,pass,True,,False,same_sample_production_quote_mechanism_shadow_not_fill_or_economics
183,book,1784713702981,65869.0,65873.0,pass,,True,1.0517511,0.5,1.0517511,True,65870.0,65872.0,65869.0,65873.0,True,pass,True,,False,same_sample_production_quote_mechanism_shadow_not_fill_or_economics
184,book,1784713703531,65872.0,65873.0,fallback_fixed,missing_latest_market_estimator,True,0.5,0.5,0.5,False,65872.0,65873.0,65872.0,65873.0,False,fail_closed,False,"strict_seeded_dynamic_gate_failed:candidate_status_pass,fallback_to_fixed_false,dynamic_overlay_changed,final_quote_behavior_changed",False,same_sample_production_quote_mechanism_shadow_not_fill_or_economics
185,book,1784713704073,65872.0,65873.0,fallback_fixed,missing_latest_market_estimator,True,0.5,0.5,0.5,False,65872.0,65873.0,65872.0,65873.0,False,fail_closed,False,"strict_seeded_dynamic_gate_failed:candidate_status_pass,fallback_to_fixed_false,dynamic_overlay_changed,final_quote_behavior_changed",False,same_sample_production_quote_mechanism_shadow_not_fill_or_economics
186,trade,1784713704138,65872.0,65873.0,pass,,True,1.01563113,0.5,1.01563113,True,65872.0,65873.0,65871.0,65874.0,True,pass,True,,False,same_sample_production_quote_mechanism_shadow_not_fill_or_economics
187,trade,1784713704538,65872.0,65873.0,pass,,True,0.75313113,0.5,0.75313113,True,65872.0,65873.0,65871.0,65874.0,True,pass,True,,False,same_sample_production_quote_mechanism_shadow_not_fill_or_economics
188,book,1784713704589,65873.0,65874.0,pass,,True,0.81170501,0.5,0.81170501,True,65873.0,65874.0,65872.0,65875.0,True,pass,True,,False,same_sample_production_quote_mechanism_shadow_not_fill_or_economics
189,trade,1784713704642,65873.0,65874.0,pass,,True,0.95982592,0.5,0.95982592,True,65873.0,65874.0,65872.0,65875.0,True,pass,True,,False,same_sample_production_quote_mechanism_shadow_not_fill_or_economics
190,trade,1784713704642,65873.0,65874.0,pass,,True,0.97024462,0.5,0.97024462,True,65873.0,65874.0,65872.0,65875.0,True,pass,True,,False,same_sample_production_quote_mechanism_shadow_not_fill_or_economics
191,trade,1784713704642,65873.0,65874.0,pass,,True,0.98626531,0.5,0.98626531,True,65873.0,65874.0,65872.0,65875.0,True,pass,True,,False,same_sample_production_quote_mechanism_shadow_not_fill_or_economics
192,book,1784713705144,65873.0,65874.0,fallback_fixed,missing_latest_market_estimator,True,0.5,0.5,0.5,False,65873.0,65874.0,65873.0,65874.0,False,fail_closed,False,"strict_seeded_dynamic_gate_failed:candidate_status_pass,fallback_to_fixed_false,dynamic_overlay_changed,final_quote_behavior_changed",False,same_sample_production_quote_mechanism_shadow_not_fill_or_economics
193,book,1784713705676,65873.0,65874.0,fallback_fixed,missing_latest_market_estimator,True,0.5,0.5,0.5,False,65873.0,65874.0,65873.0,65874.0,False,fail_closed,False,"strict_seeded_dynamic_gate_failed:candidate_status_pass,fallback_to_fixed_false,dynamic_overlay_changed,final_quote_behavior_changed",False,same_sample_production_quote_mechanism_shadow_not_fill_or_economics
194,trade,1784713705881,65873.0,65874.0,pass,,True,1.00630314,0.5,1.00630314,True,65873.0,65874.0,65872.0,65875.0,True,pass,True,,False,same_sample_production_quote_mechanism_shadow_not_fill_or_economics
195,book,1784713706195,65873.0,65874.0,fallback_fixed,missing_latest_market_estimator,True,0.5,0.5,0.5,False,65873.0,65874.0,65873.0,65874.0,False,fail_closed,False,"strict_seeded_dynamic_gate_failed:candidate_status_pass,fallback_to_fixed_false,dynamic_overlay_changed,final_quote_behavior_changed",False,same_sample_production_quote_mechanism_shadow_not_fill_or_economics
196,trade,1784713706284,65873.0,65874.0,pass,,True,1.00543482,0.5,1.00543482,True,65873.0,65874.0,65872.0,65875.0,True,pass,True,,False,same_sample_production_quote_mechanism_shadow_not_fill_or_economics
197,trade,1784713706284,65873.0,65874.0,pass,,True,1.00543482,0.5,1.00543482,True,65873.0,65874.0,65872.0,65875.0,True,pass,True,,False,same_sample_production_quote_mechanism_shadow_not_fill_or_economics
198,book,1784713706725,65873.0,65874.0,pass,,True,1.00946347,0.5,1.00946347,True,65873.0,65874.0,65872.0,65875.0,True,pass,True,,False,same_sample_production_quote_mechanism_shadow_not_fill_or_economics
199,trade,1784713707002,65873.0,65874.0,fallback_fixed,missing_latest_market_estimator,True,0.5,0.5,0.5,False,65873.0,65874.0,65873.0,65874.0,False,fail_closed,False,"strict_seeded_dynamic_gate_failed:candidate_status_pass,fallback_to_fixed_false,dynamic_overlay_changed,final_quote_behavior_changed",False,same_sample_production_quote_mechanism_shadow_not_fill_or_economics
200,book,1784713707287,65873.0,65874.0,pass,,True,1.00701704,0.5,1.00701704,True,65873.0,65874.0,65872.0,65875.0,True,pass,True,,False,same_sample_production_quote_mechanism_shadow_not_fill_or_economics
201,book,1784713707810,65873.0,65874.0,pass,,True,1.00950828,0.5,1.00950828,True,65873.0,65874.0,65872.0,65875.0,True,pass,True,,False,same_sample_production_quote_mechanism_shadow_not_fill_or_economics
202,trade,1784713707810,65873.0,65874.0,pass,,True,0.92281103,0.5,0.92281103,True,65873.0,65874.0,65872.0,65875.0,True,pass,True,,False,same_sample_production_quote_mechanism_shadow_not_fill_or_economics
203,book,1784713708346,65876.0,65877.0,fallback_fixed,missing_latest_market_estimator,True,0.5,0.5,0.5,False,65876.0,65877.0,65876.0,65877.0,False,fail_closed,False,"strict_seeded_dynamic_gate_failed:candidate_status_pass,fallback_to_fixed_false,dynamic_overlay_changed,final_quote_behavior_changed",False,same_sample_production_quote_mechanism_shadow_not_fill_or_economics
204,book,1784713708882,65876.0,65877.0,fallback_fixed,missing_latest_market_estimator,True,0.5,0.5,0.5,False,65876.0,65877.0,65876.0,65877.0,False,fail_closed,False,"strict_seeded_dynamic_gate_failed:candidate_status_pass,fallback_to_fixed_false,dynamic_overlay_changed,final_quote_behavior_changed",False,same_sample_production_quote_mechanism_shadow_not_fill_or_economics
205,trade,1784713709015,65876.0,65877.0,fallback_fixed,missing_latest_market_estimator,True,0.5,0.5,0.5,False,65876.0,65877.0,65876.0,65877.0,False,fail_closed,False,"strict_seeded_dynamic_gate_failed:candidate_status_pass,fallback_to_fixed_false,dynamic_overlay_changed,final_quote_behavior_changed",False,same_sample_production_quote_mechanism_shadow_not_fill_or_economics
206,trade,1784713709097,65876.0,65877.0,fallback_fixed,missing_latest_market_estimator,True,0.5,0.5,0.5,False,65876.0,65877.0,65876.0,65877.0,False,fail_closed,False,"strict_seeded_dynamic_gate_failed:candidate_status_pass,fallback_to_fixed_false,dynamic_overlay_changed,final_quote_behavior_changed",False,same_sample_production_quote_mechanism_shadow_not_fill_or_economics
207,book,1784713709421,65876.0,65877.0,pass,,True,1.00388225,0.5,1.00388225,True,65876.0,65877.0,65875.0,65878.0,True,pass,True,,False,same_sample_production_quote_mechanism_shadow_not_fill_or_economics
208,book,1784713709967,65876.0,65877.0,pass,,True,1.00310739,0.5,1.00310739,True,65876.0,65877.0,65875.0,65878.0,True,pass,True,,False,same_sample_production_quote_mechanism_shadow_not_fill_or_economics
209,book,1784713710497,65876.0,65877.0,fallback_fixed,missing_latest_market_estimator,True,0.5,0.5,0.5,False,65876.0,65877.0,65876.0,65877.0,False,fail_closed,False,"strict_seeded_dynamic_gate_failed:candidate_status_pass,fallback_to_fixed_false,dynamic_overlay_changed,final_quote_behavior_changed",False,same_sample_production_quote_mechanism_shadow_not_fill_or_economics
210,trade,1784713710974,65876.0,65877.0,pass,,True,1.003996,0.5,1.003996,True,65876.0,65877.0,65875.0,65878.0,True,pass,True,,False,same_sample_production_quote_mechanism_shadow_not_fill_or_economics
211,trade,1784713710974,65876.0,65877.0,pass,,True,1.003996,0.5,1.003996,True,65876.0,65877.0,65875.0,65878.0,True,pass,True,,False,same_sample_production_quote_mechanism_shadow_not_fill_or_economics
212,book,1784713711027,65876.0,65877.0,fallback_fixed,missing_latest_market_estimator,True,0.5,0.5,0.5,False,65876.0,65877.0,65876.0,65877.0,False,fail_closed,False,"strict_seeded_dynamic_gate_failed:candidate_status_pass,fallback_to_fixed_false,dynamic_overlay_changed,final_quote_behavior_changed",False,same_sample_production_quote_mechanism_shadow_not_fill_or_economics
213,trade,1784713711027,65876.0,65877.0,pass,,True,1.0037713,0.5,1.0037713,True,65876.0,65877.0,65875.0,65878.0,True,pass,True,,False,same_sample_production_quote_mechanism_shadow_not_fill_or_economics
214,trade,1784713711314,65876.0,65877.0,pass,,True,0.94543796,0.5,0.94543796,True,65876.0,65877.0,65875.0,65878.0,True,pass,True,,False,same_sample_production_quote_mechanism_shadow_not_fill_or_economics
215,book,1784713711573,65876.0,65877.0,pass,,True,0.94469594,0.5,0.94469594,True,65876.0,65877.0,65875.0,65878.0,True,pass,True,,False,same_sample_production_quote_mechanism_shadow_not_fill_or_economics
216,trade,1784713711630,65876.0,65877.0,pass,,True,0.98312406,0.5,0.98312406,True,65876.0,65877.0,65875.0,65878.0,True,pass,True,,False,same_sample_production_quote_mechanism_shadow_not_fill_or_economics
217,trade,1784713711630,65876.0,65877.0,pass,,True,0.94710467,0.5,0.94710467,True,65876.0,65877.0,65875.0,65878.0,True,pass,True,,False,same_sample_production_quote_mechanism_shadow_not_fill_or_economics
218,book,1784713712112,65876.0,65877.0,fallback_fixed,missing_latest_market_estimator,True,0.5,0.5,0.5,False,65876.0,65877.0,65876.0,65877.0,False,fail_closed,False,"strict_seeded_dynamic_gate_failed:candidate_status_pass,fallback_to_fixed_false,dynamic_overlay_changed,final_quote_behavior_changed",False,same_sample_production_quote_mechanism_shadow_not_fill_or_economics
219,trade,1784713712178,65876.0,65877.0,pass,,True,1.00302522,0.5,1.00302522,True,65876.0,65877.0,65875.0,65878.0,True,pass,True,,False,same_sample_production_quote_mechanism_shadow_not_fill_or_economics
220,trade,1784713712314,65876.0,65877.0,pass,,True,0.86440284,0.5,0.86440284,True,65876.0,65877.0,65875.0,65878.0,True,pass,True,,False,same_sample_production_quote_mechanism_shadow_not_fill_or_economics
221,book,1784713712634,65876.0,65877.0,pass,,True,0.8643805,0.5,0.8643805,True,65876.0,65877.0,65875.0,65878.0,True,pass,True,,False,same_sample_production_quote_mechanism_shadow_not_fill_or_economics
222,book,1784713713188,65876.0,65877.0,fallback_fixed,missing_latest_market_estimator,True,0.5,0.5,0.5,False,65876.0,65877.0,65876.0,65877.0,False,fail_closed,False,"strict_seeded_dynamic_gate_failed:candidate_status_pass,fallback_to_fixed_false,dynamic_overlay_changed,final_quote_behavior_changed",False,same_sample_production_quote_mechanism_shadow_not_fill_or_economics
223,trade,1784713713572,65876.0,65877.0,pass,,True,1.00298861,0.5,1.00298861,True,65876.0,65877.0,65875.0,65878.0,True,pass,True,,False,same_sample_production_quote_mechanism_shadow_not_fill_or_economics
224,book,1784713713700,65876.0,65877.0,pass,,True,1.00301028,0.5,1.00301028,True,65876.0,65877.0,65875.0,65878.0,True,pass,True,,False,same_sample_production_quote_mechanism_shadow_not_fill_or_economics
225,trade,1784713713794,65876.0,65877.0,pass,,True,1.00301028,0.5,1.00301028,True,65876.0,65877.0,65875.0,65878.0,True,pass,True,,False,same_sample_production_quote_mechanism_shadow_not_fill_or_economics
226,trade,1784713713794,65876.0,65877.0,pass,,True,1.00301028,0.5,1.00301028,True,65876.0,65877.0,65875.0,65878.0,True,pass,True,,False,same_sample_production_quote_mechanism_shadow_not_fill_or_economics
227,trade,1784713714062,65876.0,65877.0,fallback_fixed,missing_latest_market_estimator,True,0.5,0.5,0.5,False,65876.0,65877.0,65876.0,65877.0,False,fail_closed,False,"strict_seeded_dynamic_gate_failed:candidate_status_pass,fallback_to_fixed_false,dynamic_overlay_changed,final_quote_behavior_changed",False,same_sample_production_quote_mechanism_shadow_not_fill_or_economics
228,book,1784713714242,65876.0,65877.0,pass,,True,1.00303179,0.5,1.00303179,True,65876.0,65877.0,65875.0,65878.0,True,pass,True,,False,same_sample_production_quote_mechanism_shadow_not_fill_or_economics
229,book,1784713714800,65876.0,65877.0,pass,,True,1.0037251,0.5,1.0037251,True,65876.0,65877.0,65875.0,65878.0,True,pass,True,,False,same_sample_production_quote_mechanism_shadow_not_fill_or_economics
230,trade,1784713715202,65876.0,65877.0,fallback_fixed,missing_latest_market_estimator,True,0.5,0.5,0.5,False,65876.0,65877.0,65876.0,65877.0,False,fail_closed,False,"strict_seeded_dynamic_gate_failed:candidate_status_pass,fallback_to_fixed_false,dynamic_overlay_changed,final_quote_behavior_changed",False,same_sample_production_quote_mechanism_shadow_not_fill_or_economics
231,trade,1784713715265,65876.0,65877.0,fallback_fixed,missing_latest_market_estimator,True,0.5,0.5,0.5,False,65876.0,65877.0,65876.0,65877.0,False,fail_closed,False,"strict_seeded_dynamic_gate_failed:candidate_status_pass,fallback_to_fixed_false,dynamic_overlay_changed,final_quote_behavior_changed",False,same_sample_production_quote_mechanism_shadow_not_fill_or_economics
232,book,1784713715404,65876.0,65877.0,pass,,True,0.78791184,0.5,0.78791184,True,65876.0,65877.0,65875.0,65878.0,True,pass,True,,False,same_sample_production_quote_mechanism_shadow_not_fill_or_economics
233,book,1784713715926,65876.0,65877.0,pass,,True,0.78791184,0.5,0.78791184,True,65876.0,65877.0,65875.0,65878.0,True,pass,True,,False,same_sample_production_quote_mechanism_shadow_not_fill_or_economics
234,trade,1784713716055,65876.0,65877.0,fallback_fixed,missing_latest_market_estimator,True,0.5,0.5,0.5,False,65876.0,65877.0,65876.0,65877.0,False,fail_closed,False,"strict_seeded_dynamic_gate_failed:candidate_status_pass,fallback_to_fixed_false,dynamic_overlay_changed,final_quote_behavior_changed",False,same_sample_production_quote_mechanism_shadow_not_fill_or_economics
235,book,1784713716443,65876.0,65877.0,pass,,True,1.00304057,0.5,1.00304057,True,65876.0,65877.0,65875.0,65878.0,True,pass,True,,False,same_sample_production_quote_mechanism_shadow_not_fill_or_economics
236,book,1784713717020,65876.0,65877.0,fallback_fixed,missing_latest_market_estimator,True,0.5,0.5,0.5,False,65876.0,65877.0,65876.0,65877.0,False,fail_closed,False,"strict_seeded_dynamic_gate_failed:candidate_status_pass,fallback_to_fixed_false,dynamic_overlay_changed,final_quote_behavior_changed",False,same_sample_production_quote_mechanism_shadow_not_fill_or_economics
237,trade,1784713717224,65876.0,65877.0,pass,,True,1.00303211,0.5,1.00303211,True,65876.0,65877.0,65875.0,65878.0,True,pass,True,,False,same_sample_production_quote_mechanism_shadow_not_fill_or_economics
238,trade,1784713717421,65876.0,65877.0,pass,,True,1.00303211,0.5,1.00303211,True,65876.0,65877.0,65875.0,65878.0,True,pass,True,,False,same_sample_production_quote_mechanism_shadow_not_fill_or_economics
239,book,1784713717534,65876.0,65877.0,pass,,True,1.00305407,0.5,1.00305407,True,65876.0,65877.0,65875.0,65878.0,True,pass,True,,False,same_sample_production_quote_mechanism_shadow_not_fill_or_economics
240,book,1784713718092,65876.0,65877.0,fallback_fixed,missing_latest_market_estimator,True,0.5,0.5,0.5,False,65876.0,65877.0,65876.0,65877.0,False,fail_closed,False,"strict_seeded_dynamic_gate_failed:candidate_status_pass,fallback_to_fixed_false,dynamic_overlay_changed,final_quote_behavior_changed",False,same_sample_production_quote_mechanism_shadow_not_fill_or_economics
241,book,1784713718630,65876.0,65877.0,fallback_fixed,missing_latest_market_estimator,True,0.5,0.5,0.5,False,65876.0,65877.0,65876.0,65877.0,False,fail_closed,False,"strict_seeded_dynamic_gate_failed:candidate_status_pass,fallback_to_fixed_false,dynamic_overlay_changed,final_quote_behavior_changed",False,same_sample_production_quote_mechanism_shadow_not_fill_or_economics
242,trade,1784713718630,65876.0,65877.0,pass,,True,1.00361239,0.5,1.00361239,True,65876.0,65877.0,65875.0,65878.0,True,pass,True,,False,same_sample_production_quote_mechanism_shadow_not_fill_or_economics
243,trade,1784713719032,65876.0,65877.0,fallback_fixed,missing_latest_market_estimator,True,0.5,0.5,0.5,False,65876.0,65877.0,65876.0,65877.0,False,fail_closed,False,"strict_seeded_dynamic_gate_failed:candidate_status_pass,fallback_to_fixed_false,dynamic_overlay_changed,final_quote_behavior_changed",False,same_sample_production_quote_mechanism_shadow_not_fill_or_economics
244,book,1784713719231,65876.0,65877.0,pass,,True,1.00361298,0.5,1.00361298,True,65876.0,65877.0,65875.0,65878.0,True,pass,True,,False,same_sample_production_quote_mechanism_shadow_not_fill_or_economics
245,trade,1784713719631,65876.0,65877.0,pass,,True,1.00361298,0.5,1.00361298,True,65876.0,65877.0,65875.0,65878.0,True,pass,True,,False,same_sample_production_quote_mechanism_shadow_not_fill_or_economics
246,book,1784713719761,65876.0,65877.0,pass,,True,1.00305495,0.5,1.00305495,True,65876.0,65877.0,65875.0,65878.0,True,pass,True,,False,same_sample_production_quote_mechanism_shadow_not_fill_or_economics
247,trade,1784713720038,65876.0,65877.0,fallback_fixed,missing_latest_market_estimator,True,0.5,0.5,0.5,False,65876.0,65877.0,65876.0,65877.0,False,fail_closed,False,"strict_seeded_dynamic_gate_failed:candidate_status_pass,fallback_to_fixed_false,dynamic_overlay_changed,final_quote_behavior_changed",False,same_sample_production_quote_mechanism_shadow_not_fill_or_economics
248,trade,1784713720038,65876.0,65877.0,fallback_fixed,missing_latest_market_estimator,True,0.5,0.5,0.5,False,65876.0,65877.0,65876.0,65877.0,False,fail_closed,False,"strict_seeded_dynamic_gate_failed:candidate_status_pass,fallback_to_fixed_false,dynamic_overlay_changed,final_quote_behavior_changed",False,same_sample_production_quote_mechanism_shadow_not_fill_or_economics
249,trade,1784713720038,65876.0,65877.0,fallback_fixed,missing_latest_market_estimator,True,0.5,0.5,0.5,False,65876.0,65877.0,65876.0,65877.0,False,fail_closed,False,"strict_seeded_dynamic_gate_failed:candidate_status_pass,fallback_to_fixed_false,dynamic_overlay_changed,final_quote_behavior_changed",False,same_sample_production_quote_mechanism_shadow_not_fill_or_economics
250,book,1784713720286,65876.0,65877.0,pass,,True,1.00380947,0.5,1.00380947,True,65876.0,65877.0,65875.0,65878.0,True,pass,True,,False,same_sample_production_quote_mechanism_shadow_not_fill_or_economics
251,trade,1784713720568,65876.0,65877.0,pass,,True,0.98150227,0.5,0.98150227,True,65876.0,65877.0,65875.0,65878.0,True,pass,True,,False,same_sample_production_quote_mechanism_shadow_not_fill_or_economics
252,book,1784713720867,65876.0,65877.0,pass,,True,0.98069553,0.5,0.98069553,True,65876.0,65877.0,65875.0,65878.0,True,pass,True,,False,same_sample_production_quote_mechanism_shadow_not_fill_or_economics
253,book,1784713721474,65876.0,65877.0,fallback_fixed,missing_latest_market_estimator,True,0.5,0.5,0.5,False,65876.0,65877.0,65876.0,65877.0,False,fail_closed,False,"strict_seeded_dynamic_gate_failed:candidate_status_pass,fallback_to_fixed_false,dynamic_overlay_changed,final_quote_behavior_changed",False,same_sample_production_quote_mechanism_shadow_not_fill_or_economics
254,trade,1784713721668,65876.0,65877.0,pass,,True,1.00303214,0.5,1.00303214,True,65876.0,65877.0,65875.0,65878.0,True,pass,True,,False,same_sample_production_quote_mechanism_shadow_not_fill_or_economics
255,book,1784713721983,65876.0,65877.0,pass,,True,1.00391631,0.5,1.00391631,True,65876.0,65877.0,65875.0,65878.0,True,pass,True,,False,same_sample_production_quote_mechanism_shadow_not_fill_or_economics
256,trade,1784713721983,65876.0,65877.0,pass,,True,1.00391631,0.5,1.00391631,True,65876.0,65877.0,65875.0,65878.0,True,pass,True,,False,same_sample_production_quote_mechanism_shadow_not_fill_or_economics
257,book,1784713722539,65876.0,65877.0,fallback_fixed,missing_latest_market_estimator,True,0.5,0.5,0.5,False,65876.0,65877.0,65876.0,65877.0,False,fail_closed,False,"strict_seeded_dynamic_gate_failed:candidate_status_pass,fallback_to_fixed_false,dynamic_overlay_changed,final_quote_behavior_changed",False,same_sample_production_quote_mechanism_shadow_not_fill_or_economics
258,book,1784713723139,65876.0,65877.0,fallback_fixed,missing_latest_market_estimator,True,0.5,0.5,0.5,False,65876.0,65877.0,65876.0,65877.0,False,fail_closed,False,"strict_seeded_dynamic_gate_failed:candidate_status_pass,fallback_to_fixed_false,dynamic_overlay_changed,final_quote_behavior_changed",False,same_sample_production_quote_mechanism_shadow_not_fill_or_economics
259,trade,1784713723074,65876.0,65877.0,pass,,True,1.00394934,0.5,1.00394934,True,65876.0,65877.0,65875.0,65878.0,True,pass,True,,False,same_sample_production_quote_mechanism_shadow_not_fill_or_economics
260,book,1784713723604,65876.0,65877.0,pass,,True,1.00373628,0.5,1.00373628,True,65876.0,65877.0,65875.0,65878.0,True,pass,True,,False,same_sample_production_quote_mechanism_shadow_not_fill_or_economics
261,trade,1784713723604,65876.0,65877.0,pass,,True,1.00373628,0.5,1.00373628,True,65876.0,65877.0,65875.0,65878.0,True,pass,True,,False,same_sample_production_quote_mechanism_shadow_not_fill_or_economics
262,trade,1784713724081,65876.0,65877.0,fallback_fixed,missing_latest_market_estimator,True,0.5,0.5,0.5,False,65876.0,65877.0,65876.0,65877.0,False,fail_closed,False,"strict_seeded_dynamic_gate_failed:candidate_status_pass,fallback_to_fixed_false,dynamic_overlay_changed,final_quote_behavior_changed",False,same_sample_production_quote_mechanism_shadow_not_fill_or_economics
263,book,1784713724148,65876.0,65877.0,pass,,True,1.00347022,0.5,1.00347022,True,65876.0,65877.0,65875.0,65878.0,True,pass,True,,False,same_sample_production_quote_mechanism_shadow_not_fill_or_economics
264,book,1784713724686,65876.0,65877.0,pass,,True,1.00347059,0.5,1.00347059,True,65876.0,65877.0,65875.0,65878.0,True,pass,True,,False,same_sample_production_quote_mechanism_shadow_not_fill_or_economics
265,trade,1784713724686,65876.0,65877.0,pass,,True,0.67804158,0.5,0.67804158,True,65876.0,65877.0,65875.0,65878.0,True,pass,True,,False,same_sample_production_quote_mechanism_shadow_not_fill_or_economics
266,trade,1784713725088,65876.0,65877.0,fallback_fixed,missing_latest_market_estimator,True,0.5,0.5,0.5,False,65876.0,65877.0,65876.0,65877.0,False,fail_closed,False,"strict_seeded_dynamic_gate_failed:candidate_status_pass,fallback_to_fixed_false,dynamic_overlay_changed,final_quote_behavior_changed",False,same_sample_production_quote_mechanism_shadow_not_fill_or_economics
267,trade,1784713725088,65876.0,65877.0,fallback_fixed,missing_latest_market_estimator,True,0.5,0.5,0.5,False,65876.0,65877.0,65876.0,65877.0,False,fail_closed,False,"strict_seeded_dynamic_gate_failed:candidate_status_pass,fallback_to_fixed_false,dynamic_overlay_changed,final_quote_behavior_changed",False,same_sample_production_quote_mechanism_shadow_not_fill_or_economics
268,trade,1784713725088,65876.0,65877.0,fallback_fixed,missing_latest_market_estimator,True,0.5,0.5,0.5,False,65876.0,65877.0,65876.0,65877.0,False,fail_closed,False,"strict_seeded_dynamic_gate_failed:candidate_status_pass,fallback_to_fixed_false,dynamic_overlay_changed,final_quote_behavior_changed",False,same_sample_production_quote_mechanism_shadow_not_fill_or_economics
269,book,1784713725222,65876.0,65877.0,pass,,True,0.99589587,0.5,0.99589587,True,65876.0,65877.0,65875.0,65878.0,True,pass,True,,False,same_sample_production_quote_mechanism_shadow_not_fill_or_economics
270,book,1784713725763,65876.0,65877.0,pass,,True,0.99627206,0.5,0.99627206,True,65876.0,65877.0,65875.0,65878.0,True,pass,True,,False,same_sample_production_quote_mechanism_shadow_not_fill_or_economics
271,book,1784713726287,65876.0,65877.0,fallback_fixed,missing_latest_market_estimator,True,0.5,0.5,0.5,False,65876.0,65877.0,65876.0,65877.0,False,fail_closed,False,"strict_seeded_dynamic_gate_failed:candidate_status_pass,fallback_to_fixed_false,dynamic_overlay_changed,final_quote_behavior_changed",False,same_sample_production_quote_mechanism_shadow_not_fill_or_economics
272,trade,1784713726638,65876.0,65877.0,pass,,True,1.00365994,0.5,1.00365994,True,65876.0,65877.0,65875.0,65878.0,True,pass,True,,False,same_sample_production_quote_mechanism_shadow_not_fill_or_economics
273,book,1784713726915,65876.0,65877.0,pass,,True,1.00385127,0.5,1.00385127,True,65876.0,65877.0,65875.0,65878.0,True,pass,True,,False,same_sample_production_quote_mechanism_shadow_not_fill_or_economics
274,book,1784713727520,65876.0,65877.0,fallback_fixed,missing_latest_market_estimator,True,0.5,0.5,0.5,False,65876.0,65877.0,65876.0,65877.0,False,fail_closed,False,"strict_seeded_dynamic_gate_failed:candidate_status_pass,fallback_to_fixed_false,dynamic_overlay_changed,final_quote_behavior_changed",False,same_sample_production_quote_mechanism_shadow_not_fill_or_economics
275,trade,1784713727716,65876.0,65877.0,pass,,True,1.00355817,0.5,1.00355817,True,65876.0,65877.0,65875.0,65878.0,True,pass,True,,False,same_sample_production_quote_mechanism_shadow_not_fill_or_economics
276,trade,1784713727851,65876.0,65877.0,pass,,True,1.00355817,0.5,1.00355817,True,65876.0,65877.0,65875.0,65878.0,True,pass,True,,False,same_sample_production_quote_mechanism_shadow_not_fill_or_economics
277,book,1784713728048,65876.0,65877.0,fallback_fixed,missing_latest_market_estimator,True,0.5,0.5,0.5,False,65876.0,65877.0,65876.0,65877.0,False,fail_closed,False,"strict_seeded_dynamic_gate_failed:candidate_status_pass,fallback_to_fixed_false,dynamic_overlay_changed,final_quote_behavior_changed",False,same_sample_production_quote_mechanism_shadow_not_fill_or_economics
278,trade,1784713728048,65876.0,65877.0,pass,,True,1.00299519,0.5,1.00299519,True,65876.0,65877.0,65875.0,65878.0,True,pass,True,,False,same_sample_production_quote_mechanism_shadow_not_fill_or_economics
279,book,1784713728577,65876.0,65877.0,pass,,True,1.00288788,0.5,1.00288788,True,65876.0,65877.0,65875.0,65878.0,True,pass,True,,False,same_sample_production_quote_mechanism_shadow_not_fill_or_economics
280,book,1784713729119,65876.0,65877.0,fallback_fixed,missing_latest_market_estimator,True,0.5,0.5,0.5,False,65876.0,65877.0,65876.0,65877.0,False,fail_closed,False,"strict_seeded_dynamic_gate_failed:candidate_status_pass,fallback_to_fixed_false,dynamic_overlay_changed,final_quote_behavior_changed",False,same_sample_production_quote_mechanism_shadow_not_fill_or_economics
281,trade,1784713729253,65876.0,65877.0,pass,,True,1.00293903,0.5,1.00293903,True,65876.0,65877.0,65875.0,65878.0,True,pass,True,,False,same_sample_production_quote_mechanism_shadow_not_fill_or_economics
282,book,1784713729661,65876.0,65877.0,pass,,True,1.00352275,0.5,1.00352275,True,65876.0,65877.0,65875.0,65878.0,True,pass,True,,False,same_sample_production_quote_mechanism_shadow_not_fill_or_economics
283,trade,1784713729728,65876.0,65877.0,pass,,True,0.84993051,0.5,0.84993051,True,65876.0,65877.0,65875.0,65878.0,True,pass,True,,False,same_sample_production_quote_mechanism_shadow_not_fill_or_economics
284,trade,1784713730063,65876.0,65877.0,fallback_fixed,missing_latest_market_estimator,True,0.5,0.5,0.5,False,65876.0,65877.0,65876.0,65877.0,False,fail_closed,False,"strict_seeded_dynamic_gate_failed:candidate_status_pass,fallback_to_fixed_false,dynamic_overlay_changed,final_quote_behavior_changed",False,same_sample_production_quote_mechanism_shadow_not_fill_or_economics
285,book,1784713730195,65876.0,65877.0,pass,,True,1.00298798,0.5,1.00298798,True,65876.0,65877.0,65875.0,65878.0,True,pass,True,,False,same_sample_production_quote_mechanism_shadow_not_fill_or_economics
286,book,1784713730733,65876.0,65877.0,pass,,True,1.00300222,0.5,1.00300222,True,65876.0,65877.0,65875.0,65878.0,True,pass,True,,False,same_sample_production_quote_mechanism_shadow_not_fill_or_economics
287,trade,1784713730935,65876.0,65877.0,pass,,True,1.00300222,0.5,1.00300222,True,65876.0,65877.0,65875.0,65878.0,True,pass,True,,False,same_sample_production_quote_mechanism_shadow_not_fill_or_economics
288,book,1784713731271,65876.0,65877.0,fallback_fixed,missing_latest_market_estimator,True,0.5,0.5,0.5,False,65876.0,65877.0,65876.0,65877.0,False,fail_closed,False,"strict_seeded_dynamic_gate_failed:candidate_status_pass,fallback_to_fixed_false,dynamic_overlay_changed,final_quote_behavior_changed",False,same_sample_production_quote_mechanism_shadow_not_fill_or_economics
289,book,1784713731798,65876.0,65877.0,fallback_fixed,missing_latest_market_estimator,True,0.5,0.5,0.5,False,65876.0,65877.0,65876.0,65877.0,False,fail_closed,False,"strict_seeded_dynamic_gate_failed:candidate_status_pass,fallback_to_fixed_false,dynamic_overlay_changed,final_quote_behavior_changed",False,same_sample_production_quote_mechanism_shadow_not_fill_or_economics
290,book,1784713732327,65876.0,65877.0,fallback_fixed,missing_latest_market_estimator,True,0.5,0.5,0.5,False,65876.0,65877.0,65876.0,65877.0,False,fail_closed,False,"strict_seeded_dynamic_gate_failed:candidate_status_pass,fallback_to_fixed_false,dynamic_overlay_changed,final_quote_behavior_changed",False,same_sample_production_quote_mechanism_shadow_not_fill_or_economics
291,trade,1784713732745,65876.0,65877.0,pass,,True,1.00298834,0.5,1.00298834,True,65876.0,65877.0,65875.0,65878.0,True,pass,True,,False,same_sample_production_quote_mechanism_shadow_not_fill_or_economics
292,book,1784713732880,65876.0,65877.0,pass,,True,1.00298822,0.5,1.00298822,True,65876.0,65877.0,65875.0,65878.0,True,pass,True,,False,same_sample_production_quote_mechanism_shadow_not_fill_or_economics
293,book,1784713733416,65876.0,65877.0,fallback_fixed,missing_latest_market_estimator,True,0.5,0.5,0.5,False,65876.0,65877.0,65876.0,65877.0,False,fail_closed,False,"strict_seeded_dynamic_gate_failed:candidate_status_pass,fallback_to_fixed_false,dynamic_overlay_changed,final_quote_behavior_changed",False,same_sample_production_quote_mechanism_shadow_not_fill_or_economics
294,trade,1784713733886,65876.0,65877.0,pass,,True,1.00297549,0.5,1.00297549,True,65876.0,65877.0,65875.0,65878.0,True,pass,True,,False,same_sample_production_quote_mechanism_shadow_not_fill_or_economics
295,book,1784713733953,65876.0,65877.0,pass,,True,1.00371868,0.5,1.00371868,True,65876.0,65877.0,65875.0,65878.0,True,pass,True,,False,same_sample_production_quote_mechanism_shadow_not_fill_or_economics
296,trade,1784713734423,65876.0,65877.0,fallback_fixed,missing_latest_market_estimator,True,0.5,0.5,0.5,False,65876.0,65877.0,65876.0,65877.0,False,fail_closed,False,"strict_seeded_dynamic_gate_failed:candidate_status_pass,fallback_to_fixed_false,dynamic_overlay_changed,final_quote_behavior_changed",False,same_sample_production_quote_mechanism_shadow_not_fill_or_economics
297,book,1784713734491,65876.0,65877.0,pass,,True,1.00386132,0.5,1.00386132,True,65876.0,65877.0,65875.0,65878.0,True,pass,True,,False,same_sample_production_quote_mechanism_shadow_not_fill_or_economics
298,book,1784713735029,65876.0,65877.0,fallback_fixed,missing_latest_market_estimator,True,0.5,0.5,0.5,False,65876.0,65877.0,65876.0,65877.0,False,fail_closed,False,"strict_seeded_dynamic_gate_failed:candidate_status_pass,fallback_to_fixed_false,dynamic_overlay_changed,final_quote_behavior_changed",False,same_sample_production_quote_mechanism_shadow_not_fill_or_economics
299,book,1784713735633,65876.0,65877.0,fallback_fixed,missing_latest_market_estimator,True,0.5,0.5,0.5,False,65876.0,65877.0,65876.0,65877.0,False,fail_closed,False,"strict_seeded_dynamic_gate_failed:candidate_status_pass,fallback_to_fixed_false,dynamic_overlay_changed,final_quote_behavior_changed",False,same_sample_production_quote_mechanism_shadow_not_fill_or_economics
300,trade,1784713735835,65876.0,65877.0,pass,,True,1.00402673,0.5,1.00402673,True,65876.0,65877.0,65875.0,65878.0,True,pass,True,,False,same_sample_production_quote_mechanism_shadow_not_fill_or_economics
301,book,1784713736237,65876.0,65877.0,fallback_fixed,missing_latest_market_estimator,True,0.5,0.5,0.5,False,65876.0,65877.0,65876.0,65877.0,False,fail_closed,False,"strict_seeded_dynamic_gate_failed:candidate_status_pass,fallback_to_fixed_false,dynamic_overlay_changed,final_quote_behavior_changed",False,same_sample_production_quote_mechanism_shadow_not_fill_or_economics
302,book,1784713736821,65876.0,65877.0,fallback_fixed,missing_latest_market_estimator,True,0.5,0.5,0.5,False,65876.0,65877.0,65876.0,65877.0,False,fail_closed,False,"strict_seeded_dynamic_gate_failed:candidate_status_pass,fallback_to_fixed_false,dynamic_overlay_changed,final_quote_behavior_changed",False,same_sample_production_quote_mechanism_shadow_not_fill_or_economics
303,trade,1784713737045,65876.0,65877.0,fallback_fixed,missing_latest_market_estimator,True,0.5,0.5,0.5,False,65876.0,65877.0,65876.0,65877.0,False,fail_closed,False,"strict_seeded_dynamic_gate_failed:candidate_status_pass,fallback_to_fixed_false,dynamic_overlay_changed,final_quote_behavior_changed",False,same_sample_production_quote_mechanism_shadow_not_fill_or_economics
304,trade,1784713737045,65876.0,65877.0,fallback_fixed,missing_latest_market_estimator,True,0.5,0.5,0.5,False,65876.0,65877.0,65876.0,65877.0,False,fail_closed,False,"strict_seeded_dynamic_gate_failed:candidate_status_pass,fallback_to_fixed_false,dynamic_overlay_changed,final_quote_behavior_changed",False,same_sample_production_quote_mechanism_shadow_not_fill_or_economics
305,trade,1784713737045,65876.0,65877.0,fallback_fixed,missing_latest_market_estimator,True,0.5,0.5,0.5,False,65876.0,65877.0,65876.0,65877.0,False,fail_closed,False,"strict_seeded_dynamic_gate_failed:candidate_status_pass,fallback_to_fixed_false,dynamic_overlay_changed,final_quote_behavior_changed",False,same_sample_production_quote_mechanism_shadow_not_fill_or_economics
306,book,1784713737439,65876.0,65877.0,pass,,True,0.96272329,0.5,0.96272329,True,65876.0,65877.0,65875.0,65878.0,True,pass,True,,False,same_sample_production_quote_mechanism_shadow_not_fill_or_economics
307,book,1784713737976,65876.0,65877.0,pass,,True,0.9628194,0.5,0.9628194,True,65876.0,65877.0,65875.0,65878.0,True,pass,True,,False,same_sample_production_quote_mechanism_shadow_not_fill_or_economics
308,book,1784713738530,65876.0,65877.0,fallback_fixed,missing_latest_market_estimator,True,0.5,0.5,0.5,False,65876.0,65877.0,65876.0,65877.0,False,fail_closed,False,"strict_seeded_dynamic_gate_failed:candidate_status_pass,fallback_to_fixed_false,dynamic_overlay_changed,final_quote_behavior_changed",False,same_sample_production_quote_mechanism_shadow_not_fill_or_economics
309,book,1784713739063,65876.0,65877.0,fallback_fixed,missing_latest_market_estimator,True,0.5,0.5,0.5,False,65876.0,65877.0,65876.0,65877.0,False,fail_closed,False,"strict_seeded_dynamic_gate_failed:candidate_status_pass,fallback_to_fixed_false,dynamic_overlay_changed,final_quote_behavior_changed",False,same_sample_production_quote_mechanism_shadow_not_fill_or_economics
310,trade,1784713739063,65876.0,65877.0,pass,,True,1.00366898,0.5,1.00366898,True,65876.0,65877.0,65875.0,65878.0,True,pass,True,,False,same_sample_production_quote_mechanism_shadow_not_fill_or_economics
311,trade,1784713739063,65876.0,65877.0,pass,,True,0.88210668,0.5,0.88210668,True,65876.0,65877.0,65875.0,65878.0,True,pass,True,,False,same_sample_production_quote_mechanism_shadow_not_fill_or_economics
312,book,1784713739587,65876.0,65877.0,pass,,True,0.88146004,0.5,0.88146004,True,65876.0,65877.0,65875.0,65878.0,True,pass,True,,False,same_sample_production_quote_mechanism_shadow_not_fill_or_economics
313,book,1784713740137,65876.0,65877.0,fallback_fixed,missing_latest_market_estimator,True,0.5,0.5,0.5,False,65876.0,65877.0,65876.0,65877.0,False,fail_closed,False,"strict_seeded_dynamic_gate_failed:candidate_status_pass,fallback_to_fixed_false,dynamic_overlay_changed,final_quote_behavior_changed",False,same_sample_production_quote_mechanism_shadow_not_fill_or_economics
314,trade,1784713740137,65876.0,65877.0,pass,,True,1.00385958,0.5,1.00385958,True,65876.0,65877.0,65875.0,65878.0,True,pass,True,,False,same_sample_production_quote_mechanism_shadow_not_fill_or_economics
315,trade,1784713740272,65876.0,65877.0,pass,,True,1.00385958,0.5,1.00385958,True,65876.0,65877.0,65875.0,65878.0,True,pass,True,,False,same_sample_production_quote_mechanism_shadow_not_fill_or_economics
316,trade,1784713740272,65876.0,65877.0,pass,,True,1.00385958,0.5,1.00385958,True,65876.0,65877.0,65875.0,65878.0,True,pass,True,,False,same_sample_production_quote_mechanism_shadow_not_fill_or_economics
317,book,1784713740675,65876.0,65877.0,pass,,True,1.00356373,0.5,1.00356373,True,65876.0,65877.0,65875.0,65878.0,True,pass,True,,False,same_sample_production_quote_mechanism_shadow_not_fill_or_economics
318,trade,1784713741079,65876.0,65877.0,fallback_fixed,missing_latest_market_estimator,True,0.5,0.5,0.5,False,65876.0,65877.0,65876.0,65877.0,False,fail_closed,False,"strict_seeded_dynamic_gate_failed:candidate_status_pass,fallback_to_fixed_false,dynamic_overlay_changed,final_quote_behavior_changed",False,same_sample_production_quote_mechanism_shadow_not_fill_or_economics
319,book,1784713741196,65876.0,65877.0,pass,,True,1.00385907,0.5,1.00385907,True,65876.0,65877.0,65875.0,65878.0,True,pass,True,,False,same_sample_production_quote_mechanism_shadow_not_fill_or_economics
320,book,1784713741746,65876.0,65877.0,pass,,True,1.00300679,0.5,1.00300679,True,65876.0,65877.0,65875.0,65878.0,True,pass,True,,False,same_sample_production_quote_mechanism_shadow_not_fill_or_economics
321,trade,1784713742083,65876.0,65877.0,fallback_fixed,missing_latest_market_estimator,True,0.5,0.5,0.5,False,65876.0,65877.0,65876.0,65877.0,False,fail_closed,False,"strict_seeded_dynamic_gate_failed:candidate_status_pass,fallback_to_fixed_false,dynamic_overlay_changed,final_quote_behavior_changed",False,same_sample_production_quote_mechanism_shadow_not_fill_or_economics
322,book,1784713742284,65876.0,65877.0,pass,,True,1.00304337,0.5,1.00304337,True,65876.0,65877.0,65875.0,65878.0,True,pass,True,,False,same_sample_production_quote_mechanism_shadow_not_fill_or_economics
323,book,1784713742805,65876.0,65877.0,pass,,True,1.00303044,0.5,1.00303044,True,65876.0,65877.0,65875.0,65878.0,True,pass,True,,False,same_sample_production_quote_mechanism_shadow_not_fill_or_economics
324,trade,1784713743291,65876.0,65877.0,fallback_fixed,missing_latest_market_estimator,True,0.5,0.5,0.5,False,65876.0,65877.0,65876.0,65877.0,False,fail_closed,False,"strict_seeded_dynamic_gate_failed:candidate_status_pass,fallback_to_fixed_false,dynamic_overlay_changed,final_quote_behavior_changed",False,same_sample_production_quote_mechanism_shadow_not_fill_or_economics
325,book,1784713743356,65876.0,65877.0,pass,,True,1.00301398,0.5,1.00301398,True,65876.0,65877.0,65875.0,65878.0,True,pass,True,,False,same_sample_production_quote_mechanism_shadow_not_fill_or_economics
326,book,1784713743893,65876.0,65877.0,pass,,True,1.00299895,0.5,1.00299895,True,65876.0,65877.0,65875.0,65878.0,True,pass,True,,False,same_sample_production_quote_mechanism_shadow_not_fill_or_economics
327,trade,1784713743893,65876.0,65877.0,pass,,True,0.95412115,0.5,0.95412115,True,65876.0,65877.0,65875.0,65878.0,True,pass,True,,False,same_sample_production_quote_mechanism_shadow_not_fill_or_economics
328,trade,1784713744092,65876.0,65877.0,fallback_fixed,missing_latest_market_estimator,True,0.5,0.5,0.5,False,65876.0,65877.0,65876.0,65877.0,False,fail_closed,False,"strict_seeded_dynamic_gate_failed:candidate_status_pass,fallback_to_fixed_false,dynamic_overlay_changed,final_quote_behavior_changed",False,same_sample_production_quote_mechanism_shadow_not_fill_or_economics
329,book,1784713744414,65876.0,65877.0,pass,,True,1.00355703,0.5,1.00355703,True,65876.0,65877.0,65875.0,65878.0,True,pass,True,,False,same_sample_production_quote_mechanism_shadow_not_fill_or_economics
330,book,1784713744953,65876.0,65877.0,pass,,True,1.05493158,0.5,1.05493158,True,65876.0,65877.0,65875.0,65878.0,True,pass,True,,False,same_sample_production_quote_mechanism_shadow_not_fill_or_economics
331,trade,1784713745218,65876.0,65877.0,fallback_fixed,missing_latest_market_estimator,True,0.5,0.5,0.5,False,65876.0,65877.0,65876.0,65877.0,False,fail_closed,False,"strict_seeded_dynamic_gate_failed:candidate_status_pass,fallback_to_fixed_false,dynamic_overlay_changed,final_quote_behavior_changed",False,same_sample_production_quote_mechanism_shadow_not_fill_or_economics
332,trade,1784713745218,65876.0,65877.0,fallback_fixed,missing_latest_market_estimator,True,0.5,0.5,0.5,False,65876.0,65877.0,65876.0,65877.0,False,fail_closed,False,"strict_seeded_dynamic_gate_failed:candidate_status_pass,fallback_to_fixed_false,dynamic_overlay_changed,final_quote_behavior_changed",False,same_sample_production_quote_mechanism_shadow_not_fill_or_economics
333,book,1784713745504,65876.0,65877.0,pass,,True,1.06887485,0.5,1.06887485,True,65876.0,65877.0,65875.0,65878.0,True,pass,True,,False,same_sample_production_quote_mechanism_shadow_not_fill_or_economics
334,trade,1784713745618,65876.0,65877.0,pass,,True,0.99455663,0.5,0.99455663,True,65876.0,65877.0,65875.0,65878.0,True,pass,True,,False,same_sample_production_quote_mechanism_shadow_not_fill_or_economics
335,book,1784713746022,65876.0,65877.0,fallback_fixed,missing_latest_market_estimator,True,0.5,0.5,0.5,False,65876.0,65877.0,65876.0,65877.0,False,fail_closed,False,"strict_seeded_dynamic_gate_failed:candidate_status_pass,fallback_to_fixed_false,dynamic_overlay_changed,final_quote_behavior_changed",False,same_sample_production_quote_mechanism_shadow_not_fill_or_economics
336,trade,1784713746022,65876.0,65877.0,pass,,True,1.07358458,0.5,1.07358458,True,65876.0,65877.0,65875.0,65878.0,True,pass,True,,False,same_sample_production_quote_mechanism_shadow_not_fill_or_economics
337,trade,1784713746222,65876.0,65877.0,pass,,True,1.05319128,0.5,1.05319128,True,65876.0,65877.0,65875.0,65878.0,True,pass,True,,False,same_sample_production_quote_mechanism_shadow_not_fill_or_economics
338,trade,1784713746306,65876.0,65877.0,pass,,True,1.05514654,0.5,1.05514654,True,65876.0,65877.0,65875.0,65878.0,True,pass,True,,False,same_sample_production_quote_mechanism_shadow_not_fill_or_economics
339,book,1784713746554,65876.0,65877.0,pass,,True,1.05514654,0.5,1.05514654,True,65876.0,65877.0,65875.0,65878.0,True,pass,True,,False,same_sample_production_quote_mechanism_shadow_not_fill_or_economics
340,book,1784713747074,65876.0,65877.0,fallback_fixed,missing_latest_market_estimator,True,0.5,0.5,0.5,False,65876.0,65877.0,65876.0,65877.0,False,fail_closed,False,"strict_seeded_dynamic_gate_failed:candidate_status_pass,fallback_to_fixed_false,dynamic_overlay_changed,final_quote_behavior_changed",False,same_sample_production_quote_mechanism_shadow_not_fill_or_economics
341,book,1784713747631,65876.0,65877.0,fallback_fixed,missing_latest_market_estimator,True,0.5,0.5,0.5,False,65876.0,65877.0,65876.0,65877.0,False,fail_closed,False,"strict_seeded_dynamic_gate_failed:candidate_status_pass,fallback_to_fixed_false,dynamic_overlay_changed,final_quote_behavior_changed",False,same_sample_production_quote_mechanism_shadow_not_fill_or_economics
342,book,1784713748179,65876.0,65877.0,fallback_fixed,missing_latest_market_estimator,True,0.5,0.5,0.5,False,65876.0,65877.0,65876.0,65877.0,False,fail_closed,False,"strict_seeded_dynamic_gate_failed:candidate_status_pass,fallback_to_fixed_false,dynamic_overlay_changed,final_quote_behavior_changed",False,same_sample_production_quote_mechanism_shadow_not_fill_or_economics
343,trade,1784713748436,65876.0,65877.0,pass,,True,1.07358458,0.5,1.07358458,True,65876.0,65877.0,65875.0,65878.0,True,pass,True,,False,same_sample_production_quote_mechanism_shadow_not_fill_or_economics
344,book,1784713748693,65876.0,65877.0,pass,,True,1.09314156,0.5,1.09314156,True,65876.0,65877.0,65875.0,65878.0,True,pass,True,,False,same_sample_production_quote_mechanism_shadow_not_fill_or_economics
345,trade,1784713749039,65876.0,65877.0,fallback_fixed,missing_latest_market_estimator,True,0.5,0.5,0.5,False,65876.0,65877.0,65876.0,65877.0,False,fail_closed,False,"strict_seeded_dynamic_gate_failed:candidate_status_pass,fallback_to_fixed_false,dynamic_overlay_changed,final_quote_behavior_changed",False,same_sample_production_quote_mechanism_shadow_not_fill_or_economics
346,trade,1784713749189,65876.0,65877.0,fallback_fixed,missing_latest_market_estimator,True,0.5,0.5,0.5,False,65876.0,65877.0,65876.0,65877.0,False,fail_closed,False,"strict_seeded_dynamic_gate_failed:candidate_status_pass,fallback_to_fixed_false,dynamic_overlay_changed,final_quote_behavior_changed",False,same_sample_production_quote_mechanism_shadow_not_fill_or_economics
347,book,1784713749240,65876.0,65877.0,pass,,True,1.09314156,0.5,1.09314156,True,65876.0,65877.0,65875.0,65878.0,True,pass,True,,False,same_sample_production_quote_mechanism_shadow_not_fill_or_economics
348,trade,1784713749697,65876.0,65877.0,pass,,True,1.09314156,0.5,1.09314156,True,65876.0,65877.0,65875.0,65878.0,True,pass,True,,False,same_sample_production_quote_mechanism_shadow_not_fill_or_economics
349,book,1784713749791,65876.0,65877.0,pass,,True,1.09314156,0.5,1.09314156,True,65876.0,65877.0,65875.0,65878.0,True,pass,True,,False,same_sample_production_quote_mechanism_shadow_not_fill_or_economics
350,trade,1784713749791,65876.0,65877.0,pass,,True,1.09314156,0.5,1.09314156,True,65876.0,65877.0,65875.0,65878.0,True,pass,True,,False,same_sample_production_quote_mechanism_shadow_not_fill_or_economics
351,trade,1784713750059,65876.0,65877.0,fallback_fixed,missing_latest_market_estimator,True,0.5,0.5,0.5,False,65876.0,65877.0,65876.0,65877.0,False,fail_closed,False,"strict_seeded_dynamic_gate_failed:candidate_status_pass,fallback_to_fixed_false,dynamic_overlay_changed,final_quote_behavior_changed",False,same_sample_production_quote_mechanism_shadow_not_fill_or_economics
352,book,1784713750306,65876.0,65877.0,pass,,True,1.09314156,0.5,1.09314156,True,65876.0,65877.0,65875.0,65878.0,True,pass,True,,False,same_sample_production_quote_mechanism_shadow_not_fill_or_economics
353,trade,1784713750665,65876.0,65877.0,pass,,True,1.09314156,0.5,1.09314156,True,65876.0,65877.0,65875.0,65878.0,True,pass,True,,False,same_sample_production_quote_mechanism_shadow_not_fill_or_economics
354,book,1784713750848,65876.0,65877.0,pass,,True,1.09314156,0.5,1.09314156,True,65876.0,65877.0,65875.0,65878.0,True,pass,True,,False,same_sample_production_quote_mechanism_shadow_not_fill_or_economics
355,book,1784713751402,65876.0,65877.0,fallback_fixed,missing_latest_market_estimator,True,0.5,0.5,0.5,False,65876.0,65877.0,65876.0,65877.0,False,fail_closed,False,"strict_seeded_dynamic_gate_failed:candidate_status_pass,fallback_to_fixed_false,dynamic_overlay_changed,final_quote_behavior_changed",False,same_sample_production_quote_mechanism_shadow_not_fill_or_economics
356,trade,1784713751601,65876.0,65877.0,pass,,True,1.09314156,0.5,1.09314156,True,65876.0,65877.0,65875.0,65878.0,True,pass,True,,False,same_sample_production_quote_mechanism_shadow_not_fill_or_economics
357,trade,1784713751802,65876.0,65877.0,pass,,True,1.09314156,0.5,1.09314156,True,65876.0,65877.0,65875.0,65878.0,True,pass,True,,False,same_sample_production_quote_mechanism_shadow_not_fill_or_economics
358,book,1784713751925,65876.0,65877.0,pass,,True,1.09314156,0.5,1.09314156,True,65876.0,65877.0,65875.0,65878.0,True,pass,True,,False,same_sample_production_quote_mechanism_shadow_not_fill_or_economics
359,book,1784713752458,65876.0,65877.0,fallback_fixed,missing_latest_market_estimator,True,0.5,0.5,0.5,False,65876.0,65877.0,65876.0,65877.0,False,fail_closed,False,"strict_seeded_dynamic_gate_failed:candidate_status_pass,fallback_to_fixed_false,dynamic_overlay_changed,final_quote_behavior_changed",False,same_sample_production_quote_mechanism_shadow_not_fill_or_economics
360,trade,1784713752735,65876.0,65877.0,pass,,True,1.09314156,0.5,1.09314156,True,65876.0,65877.0,65875.0,65878.0,True,pass,True,,False,same_sample_production_quote_mechanism_shadow_not_fill_or_economics
361,trade,1784713752735,65876.0,65877.0,pass,,True,1.09314156,0.5,1.09314156,True,65876.0,65877.0,65875.0,65878.0,True,pass,True,,False,same_sample_production_quote_mechanism_shadow_not_fill_or_economics
362,book,1784713753009,65876.0,65877.0,fallback_fixed,missing_latest_market_estimator,True,0.5,0.5,0.5,False,65876.0,65877.0,65876.0,65877.0,False,fail_closed,False,"strict_seeded_dynamic_gate_failed:candidate_status_pass,fallback_to_fixed_false,dynamic_overlay_changed,final_quote_behavior_changed",False,same_sample_production_quote_mechanism_shadow_not_fill_or_economics
363,trade,1784713753009,65876.0,65877.0,pass,,True,1.12586641,0.5,1.12586641,True,65876.0,65877.0,65875.0,65878.0,True,pass,True,,False,same_sample_production_quote_mechanism_shadow_not_fill_or_economics
364,book,1784713753544,65876.0,65877.0,pass,,True,1.12586641,0.5,1.12586641,True,65876.0,65877.0,65875.0,65878.0,True,pass,True,,False,same_sample_production_quote_mechanism_shadow_not_fill_or_economics
365,trade,1784713753948,65876.0,65877.0,pass,,True,1.11844746,0.5,1.11844746,True,65876.0,65877.0,65875.0,65878.0,True,pass,True,,False,same_sample_production_quote_mechanism_shadow_not_fill_or_economics
366,trade,1784713753948,65876.0,65877.0,pass,,True,1.11860589,0.5,1.11860589,True,65876.0,65877.0,65875.0,65878.0,True,pass,True,,False,same_sample_production_quote_mechanism_shadow_not_fill_or_economics
367,trade,1784713753948,65876.0,65877.0,pass,,True,1.11867608,0.5,1.11867608,True,65876.0,65877.0,65875.0,65878.0,True,pass,True,,False,same_sample_production_quote_mechanism_shadow_not_fill_or_economics
368,trade,1784713753948,65876.0,65877.0,pass,,True,1.11874493,0.5,1.11874493,True,65876.0,65877.0,65875.0,65878.0,True,pass,True,,False,same_sample_production_quote_mechanism_shadow_not_fill_or_economics
369,trade,1784713753948,65876.0,65877.0,pass,,True,1.12246057,0.5,1.12246057,True,65876.0,65877.0,65875.0,65878.0,True,pass,True,,False,same_sample_production_quote_mechanism_shadow_not_fill_or_economics
370,trade,1784713753948,65876.0,65877.0,pass,,True,1.12445896,0.5,1.12445896,True,65876.0,65877.0,65875.0,65878.0,True,pass,True,,False,same_sample_production_quote_mechanism_shadow_not_fill_or_economics
371,book,1784713754084,65870.0,65871.0,fallback_fixed,missing_latest_market_estimator,True,0.5,0.5,0.5,False,65870.0,65871.0,65870.0,65871.0,False,fail_closed,False,"strict_seeded_dynamic_gate_failed:candidate_status_pass,fallback_to_fixed_false,dynamic_overlay_changed,final_quote_behavior_changed",False,same_sample_production_quote_mechanism_shadow_not_fill_or_economics
372,book,1784713754618,65870.0,65871.0,fallback_fixed,missing_latest_market_estimator,True,0.5,0.5,0.5,False,65870.0,65871.0,65870.0,65871.0,False,fail_closed,False,"strict_seeded_dynamic_gate_failed:candidate_status_pass,fallback_to_fixed_false,dynamic_overlay_changed,final_quote_behavior_changed",False,same_sample_production_quote_mechanism_shadow_not_fill_or_economics
373,trade,1784713754618,65870.0,65871.0,pass,,True,1.00344742,0.5,1.00344742,True,65870.0,65871.0,65869.0,65872.0,True,pass,True,,False,same_sample_production_quote_mechanism_shadow_not_fill_or_economics
374,trade,1784713755021,65870.0,65871.0,fallback_fixed,missing_latest_market_estimator,True,0.5,0.5,0.5,False,65870.0,65871.0,65870.0,65871.0,False,fail_closed,False,"strict_seeded_dynamic_gate_failed:candidate_status_pass,fallback_to_fixed_false,dynamic_overlay_changed,final_quote_behavior_changed",False,same_sample_production_quote_mechanism_shadow_not_fill_or_economics
375,trade,1784713755021,65870.0,65871.0,fallback_fixed,missing_latest_market_estimator,True,0.5,0.5,0.5,False,65870.0,65871.0,65870.0,65871.0,False,fail_closed,False,"strict_seeded_dynamic_gate_failed:candidate_status_pass,fallback_to_fixed_false,dynamic_overlay_changed,final_quote_behavior_changed",False,same_sample_production_quote_mechanism_shadow_not_fill_or_economics
376,book,1784713755158,65870.0,65871.0,pass,,True,0.8486297,0.5,0.8486297,True,65870.0,65871.0,65869.0,65872.0,True,pass,True,,False,same_sample_production_quote_mechanism_shadow_not_fill_or_economics
377,trade,1784713755361,65870.0,65871.0,pass,,True,0.74067516,0.5,0.74067516,True,65870.0,65871.0,65869.0,65872.0,True,pass,True,,False,same_sample_production_quote_mechanism_shadow_not_fill_or_economics
378,book,1784713755699,65870.0,65871.0,pass,,True,0.74071944,0.5,0.74071944,True,65870.0,65871.0,65869.0,65872.0,True,pass,True,,False,same_sample_production_quote_mechanism_shadow_not_fill_or_economics
379,trade,1784713755833,65870.0,65871.0,pass,,True,0.94555353,0.5,0.94555353,True,65870.0,65871.0,65869.0,65872.0,True,pass,True,,False,same_sample_production_quote_mechanism_shadow_not_fill_or_economics
380,book,1784713756235,65870.0,65871.0,fallback_fixed,missing_latest_market_estimator,True,0.5,0.5,0.5,False,65870.0,65871.0,65870.0,65871.0,False,fail_closed,False,"strict_seeded_dynamic_gate_failed:candidate_status_pass,fallback_to_fixed_false,dynamic_overlay_changed,final_quote_behavior_changed",False,same_sample_production_quote_mechanism_shadow_not_fill_or_economics
381,trade,1784713756437,65870.0,65871.0,pass,,True,1.00321961,0.5,1.00321961,True,65870.0,65871.0,65869.0,65872.0,True,pass,True,,False,same_sample_production_quote_mechanism_shadow_not_fill_or_economics
382,trade,1784713756437,65870.0,65871.0,pass,,True,1.00321961,0.5,1.00321961,True,65870.0,65871.0,65869.0,65872.0,True,pass,True,,False,same_sample_production_quote_mechanism_shadow_not_fill_or_economics
383,trade,1784713756437,65870.0,65871.0,pass,,True,1.00321961,0.5,1.00321961,True,65870.0,65871.0,65869.0,65872.0,True,pass,True,,False,same_sample_production_quote_mechanism_shadow_not_fill_or_economics
384,trade,1784713756437,65870.0,65871.0,pass,,True,1.00321961,0.5,1.00321961,True,65870.0,65871.0,65869.0,65872.0,True,pass,True,,False,same_sample_production_quote_mechanism_shadow_not_fill_or_economics
385,trade,1784713756437,65870.0,65871.0,pass,,True,1.00321961,0.5,1.00321961,True,65870.0,65871.0,65869.0,65872.0,True,pass,True,,False,same_sample_production_quote_mechanism_shadow_not_fill_or_economics
386,trade,1784713756437,65870.0,65871.0,pass,,True,1.00321961,0.5,1.00321961,True,65870.0,65871.0,65869.0,65872.0,True,pass,True,,False,same_sample_production_quote_mechanism_shadow_not_fill_or_economics
387,trade,1784713756437,65870.0,65871.0,pass,,True,1.00321961,0.5,1.00321961,True,65870.0,65871.0,65869.0,65872.0,True,pass,True,,False,same_sample_production_quote_mechanism_shadow_not_fill_or_economics
388,trade,1784713756437,65870.0,65871.0,pass,,True,1.00321961,0.5,1.00321961,True,65870.0,65871.0,65869.0,65872.0,True,pass,True,,False,same_sample_production_quote_mechanism_shadow_not_fill_or_economics
389,trade,1784713756437,65870.0,65871.0,pass,,True,1.00321961,0.5,1.00321961,True,65870.0,65871.0,65869.0,65872.0,True,pass,True,,False,same_sample_production_quote_mechanism_shadow_not_fill_or_economics
390,trade,1784713756437,65870.0,65871.0,pass,,True,1.00321961,0.5,1.00321961,True,65870.0,65871.0,65869.0,65872.0,True,pass,True,,False,same_sample_production_quote_mechanism_shadow_not_fill_or_economics
391,trade,1784713756437,65870.0,65871.0,pass,,True,1.00321961,0.5,1.00321961,True,65870.0,65871.0,65869.0,65872.0,True,pass,True,,False,same_sample_production_quote_mechanism_shadow_not_fill_or_economics
392,trade,1784713756437,65870.0,65871.0,pass,,True,1.00321961,0.5,1.00321961,True,65870.0,65871.0,65869.0,65872.0,True,pass,True,,False,same_sample_production_quote_mechanism_shadow_not_fill_or_economics
393,trade,1784713756437,65870.0,65871.0,pass,,True,1.00321961,0.5,1.00321961,True,65870.0,65871.0,65869.0,65872.0,True,pass,True,,False,same_sample_production_quote_mechanism_shadow_not_fill_or_economics
394,trade,1784713756437,65870.0,65871.0,pass,,True,1.00321961,0.5,1.00321961,True,65870.0,65871.0,65869.0,65872.0,True,pass,True,,False,same_sample_production_quote_mechanism_shadow_not_fill_or_economics
395,trade,1784713756437,65870.0,65871.0,pass,,True,1.00321961,0.5,1.00321961,True,65870.0,65871.0,65869.0,65872.0,True,pass,True,,False,same_sample_production_quote_mechanism_shadow_not_fill_or_economics
396,trade,1784713756437,65870.0,65871.0,pass,,True,1.00321961,0.5,1.00321961,True,65870.0,65871.0,65869.0,65872.0,True,pass,True,,False,same_sample_production_quote_mechanism_shadow_not_fill_or_economics
397,trade,1784713756437,65870.0,65871.0,pass,,True,1.00321961,0.5,1.00321961,True,65870.0,65871.0,65869.0,65872.0,True,pass,True,,False,same_sample_production_quote_mechanism_shadow_not_fill_or_economics
398,trade,1784713756437,65870.0,65871.0,pass,,True,1.00321961,0.5,1.00321961,True,65870.0,65871.0,65869.0,65872.0,True,pass,True,,False,same_sample_production_quote_mechanism_shadow_not_fill_or_economics
399,trade,1784713756437,65870.0,65871.0,pass,,True,1.00321961,0.5,1.00321961,True,65870.0,65871.0,65869.0,65872.0,True,pass,True,,False,same_sample_production_quote_mechanism_shadow_not_fill_or_economics
400,trade,1784713756437,65870.0,65871.0,pass,,True,1.00321961,0.5,1.00321961,True,65870.0,65871.0,65869.0,65872.0,True,pass,True,,False,same_sample_production_quote_mechanism_shadow_not_fill_or_economics
401,trade,1784713756437,65870.0,65871.0,pass,,True,1.00321961,0.5,1.00321961,True,65870.0,65871.0,65869.0,65872.0,True,pass,True,,False,same_sample_production_quote_mechanism_shadow_not_fill_or_economics
402,trade,1784713756437,65870.0,65871.0,pass,,True,1.00321961,0.5,1.00321961,True,65870.0,65871.0,65869.0,65872.0,True,pass,True,,False,same_sample_production_quote_mechanism_shadow_not_fill_or_economics
403,trade,1784713756437,65870.0,65871.0,pass,,True,1.00321961,0.5,1.00321961,True,65870.0,65871.0,65869.0,65872.0,True,pass,True,,False,same_sample_production_quote_mechanism_shadow_not_fill_or_economics
404,trade,1784713756437,65870.0,65871.0,pass,,True,1.00321961,0.5,1.00321961,True,65870.0,65871.0,65869.0,65872.0,True,pass,True,,False,same_sample_production_quote_mechanism_shadow_not_fill_or_economics
405,trade,1784713756437,65870.0,65871.0,pass,,True,1.00321961,0.5,1.00321961,True,65870.0,65871.0,65869.0,65872.0,True,pass,True,,False,same_sample_production_quote_mechanism_shadow_not_fill_or_economics
406,trade,1784713756437,65870.0,65871.0,pass,,True,1.00321961,0.5,1.00321961,True,65870.0,65871.0,65869.0,65872.0,True,pass,True,,False,same_sample_production_quote_mechanism_shadow_not_fill_or_economics
407,trade,1784713756437,65870.0,65871.0,pass,,True,1.00321961,0.5,1.00321961,True,65870.0,65871.0,65869.0,65872.0,True,pass,True,,False,same_sample_production_quote_mechanism_shadow_not_fill_or_economics
408,trade,1784713756437,65870.0,65871.0,pass,,True,1.00321961,0.5,1.00321961,True,65870.0,65871.0,65869.0,65872.0,True,pass,True,,False,same_sample_production_quote_mechanism_shadow_not_fill_or_economics
409,trade,1784713756437,65870.0,65871.0,pass,,True,1.00321961,0.5,1.00321961,True,65870.0,65871.0,65869.0,65872.0,True,pass,True,,False,same_sample_production_quote_mechanism_shadow_not_fill_or_economics
410,trade,1784713756437,65870.0,65871.0,pass,,True,1.00321961,0.5,1.00321961,True,65870.0,65871.0,65869.0,65872.0,True,pass,True,,False,same_sample_production_quote_mechanism_shadow_not_fill_or_economics
411,book,1784713756774,65870.0,65871.0,pass,,True,1.00519369,0.5,1.00519369,True,65870.0,65871.0,65869.0,65872.0,True,pass,True,,False,same_sample_production_quote_mechanism_shadow_not_fill_or_economics
412,book,1784713757310,65870.0,65871.0,fallback_fixed,missing_latest_market_estimator,True,0.5,0.5,0.5,False,65870.0,65871.0,65870.0,65871.0,False,fail_closed,False,"strict_seeded_dynamic_gate_failed:candidate_status_pass,fallback_to_fixed_false,dynamic_overlay_changed,final_quote_behavior_changed",False,same_sample_production_quote_mechanism_shadow_not_fill_or_economics
413,trade,1784713757785,65870.0,65871.0,pass,,True,1.00447385,0.5,1.00447385,True,65870.0,65871.0,65869.0,65872.0,True,pass,True,,False,same_sample_production_quote_mechanism_shadow_not_fill_or_economics
414,book,1784713757853,65870.0,65871.0,pass,,True,1.00393324,0.5,1.00393324,True,65870.0,65871.0,65869.0,65872.0,True,pass,True,,False,same_sample_production_quote_mechanism_shadow_not_fill_or_economics
415,trade,1784713758050,65870.0,65871.0,fallback_fixed,missing_latest_market_estimator,True,0.5,0.5,0.5,False,65870.0,65871.0,65870.0,65871.0,False,fail_closed,False,"strict_seeded_dynamic_gate_failed:candidate_status_pass,fallback_to_fixed_false,dynamic_overlay_changed,final_quote_behavior_changed",False,same_sample_production_quote_mechanism_shadow_not_fill_or_economics
416,book,1784713758390,65870.0,65871.0,pass,,True,1.00364424,0.5,1.00364424,True,65870.0,65871.0,65869.0,65872.0,True,pass,True,,False,same_sample_production_quote_mechanism_shadow_not_fill_or_economics
417,book,1784713758911,65870.0,65871.0,pass,,True,1.00330577,0.5,1.00330577,True,65870.0,65871.0,65869.0,65872.0,True,pass,True,,False,same_sample_production_quote_mechanism_shadow_not_fill_or_economics
418,trade,1784713758993,65870.0,65871.0,pass,,True,0.95584814,0.5,0.95584814,True,65870.0,65871.0,65869.0,65872.0,True,pass,True,,False,same_sample_production_quote_mechanism_shadow_not_fill_or_economics
419,book,1784713759463,65870.0,65871.0,fallback_fixed,missing_latest_market_estimator,True,0.5,0.5,0.5,False,65870.0,65871.0,65870.0,65871.0,False,fail_closed,False,"strict_seeded_dynamic_gate_failed:candidate_status_pass,fallback_to_fixed_false,dynamic_overlay_changed,final_quote_behavior_changed",False,same_sample_production_quote_mechanism_shadow_not_fill_or_economics
420,book,1784713760002,65870.0,65871.0,fallback_fixed,missing_latest_market_estimator,True,0.5,0.5,0.5,False,65870.0,65871.0,65870.0,65871.0,False,fail_closed,False,"strict_seeded_dynamic_gate_failed:candidate_status_pass,fallback_to_fixed_false,dynamic_overlay_changed,final_quote_behavior_changed",False,same_sample_production_quote_mechanism_shadow_not_fill_or_economics
421,trade,1784713760002,65870.0,65871.0,pass,,True,1.00331676,0.5,1.00331676,True,65870.0,65871.0,65869.0,65872.0,True,pass,True,,False,same_sample_production_quote_mechanism_shadow_not_fill_or_economics
422,book,1784713760524,65870.0,65871.0,pass,,True,1.00325124,0.5,1.00325124,True,65870.0,65871.0,65869.0,65872.0,True,pass,True,,False,same_sample_production_quote_mechanism_shadow_not_fill_or_economics
423,trade,1784713761008,65870.0,65871.0,fallback_fixed,missing_latest_market_estimator,True,0.5,0.5,0.5,False,65870.0,65871.0,65870.0,65871.0,False,fail_closed,False,"strict_seeded_dynamic_gate_failed:candidate_status_pass,fallback_to_fixed_false,dynamic_overlay_changed,final_quote_behavior_changed",False,same_sample_production_quote_mechanism_shadow_not_fill_or_economics
424,book,1784713761076,65870.0,65871.0,pass,,True,1.00335187,0.5,1.00335187,True,65870.0,65871.0,65869.0,65872.0,True,pass,True,,False,same_sample_production_quote_mechanism_shadow_not_fill_or_economics
425,trade,1784713761484,65870.0,65871.0,pass,,True,1.00335187,0.5,1.00335187,True,65870.0,65871.0,65869.0,65872.0,True,pass,True,,False,same_sample_production_quote_mechanism_shadow_not_fill_or_economics
426,trade,1784713761484,65870.0,65871.0,pass,,True,1.00335187,0.5,1.00335187,True,65870.0,65871.0,65869.0,65872.0,True,pass,True,,False,same_sample_production_quote_mechanism_shadow_not_fill_or_economics
427,book,1784713761617,65870.0,65871.0,pass,,True,1.00335187,0.5,1.00335187,True,65870.0,65871.0,65869.0,65872.0,True,pass,True,,False,same_sample_production_quote_mechanism_shadow_not_fill_or_economics
428,book,1784713762140,65870.0,65871.0,fallback_fixed,missing_latest_market_estimator,True,0.5,0.5,0.5,False,65870.0,65871.0,65870.0,65871.0,False,fail_closed,False,"strict_seeded_dynamic_gate_failed:candidate_status_pass,fallback_to_fixed_false,dynamic_overlay_changed,final_quote_behavior_changed",False,same_sample_production_quote_mechanism_shadow_not_fill_or_economics
429,trade,1784713762220,65870.0,65871.0,pass,,True,1.00344423,0.5,1.00344423,True,65870.0,65871.0,65869.0,65872.0,True,pass,True,,False,same_sample_production_quote_mechanism_shadow_not_fill_or_economics
430,book,1784713762692,65870.0,65871.0,pass,,True,1.00447825,0.5,1.00447825,True,65870.0,65871.0,65869.0,65872.0,True,pass,True,,False,same_sample_production_quote_mechanism_shadow_not_fill_or_economics
431,book,1784713763227,65870.0,65871.0,fallback_fixed,missing_latest_market_estimator,True,0.5,0.5,0.5,False,65870.0,65871.0,65870.0,65871.0,False,fail_closed,False,"strict_seeded_dynamic_gate_failed:candidate_status_pass,fallback_to_fixed_false,dynamic_overlay_changed,final_quote_behavior_changed",False,same_sample_production_quote_mechanism_shadow_not_fill_or_economics
432,book,1784713763761,65870.0,65871.0,fallback_fixed,missing_latest_market_estimator,True,0.5,0.5,0.5,False,65870.0,65871.0,65870.0,65871.0,False,fail_closed,False,"strict_seeded_dynamic_gate_failed:candidate_status_pass,fallback_to_fixed_false,dynamic_overlay_changed,final_quote_behavior_changed",False,same_sample_production_quote_mechanism_shadow_not_fill_or_economics
433,trade,1784713764036,65870.0,65871.0,fallback_fixed,missing_latest_market_estimator,True,0.5,0.5,0.5,False,65870.0,65871.0,65870.0,65871.0,False,fail_closed,False,"strict_seeded_dynamic_gate_failed:candidate_status_pass,fallback_to_fixed_false,dynamic_overlay_changed,final_quote_behavior_changed",False,same_sample_production_quote_mechanism_shadow_not_fill_or_economics
434,trade,1784713764036,65870.0,65871.0,fallback_fixed,missing_latest_market_estimator,True,0.5,0.5,0.5,False,65870.0,65871.0,65870.0,65871.0,False,fail_closed,False,"strict_seeded_dynamic_gate_failed:candidate_status_pass,fallback_to_fixed_false,dynamic_overlay_changed,final_quote_behavior_changed",False,same_sample_production_quote_mechanism_shadow_not_fill_or_economics
435,book,1784713764306,65870.0,65871.0,pass,,True,1.00460689,0.5,1.00460689,True,65870.0,65871.0,65869.0,65872.0,True,pass,True,,False,same_sample_production_quote_mechanism_shadow_not_fill_or_economics
436,book,1784713764851,65870.0,65871.0,pass,,True,1.00430392,0.5,1.00430392,True,65870.0,65871.0,65869.0,65872.0,True,pass,True,,False,same_sample_production_quote_mechanism_shadow_not_fill_or_economics
437,trade,1784713765254,65870.0,65871.0,fallback_fixed,missing_latest_market_estimator,True,0.5,0.5,0.5,False,65870.0,65871.0,65870.0,65871.0,False,fail_closed,False,"strict_seeded_dynamic_gate_failed:candidate_status_pass,fallback_to_fixed_false,dynamic_overlay_changed,final_quote_behavior_changed",False,same_sample_production_quote_mechanism_shadow_not_fill_or_economics
438,book,1784713765377,65870.0,65871.0,pass,,True,1.00451974,0.5,1.00451974,True,65870.0,65871.0,65869.0,65872.0,True,pass,True,,False,same_sample_production_quote_mechanism_shadow_not_fill_or_economics
439,book,1784713765925,65870.0,65871.0,pass,,True,1.00459198,0.5,1.00459198,True,65870.0,65871.0,65869.0,65872.0,True,pass,True,,False,same_sample_production_quote_mechanism_shadow_not_fill_or_economics
440,book,1784713766461,65870.0,65871.0,fallback_fixed,missing_latest_market_estimator,True,0.5,0.5,0.5,False,65870.0,65871.0,65870.0,65871.0,False,fail_closed,False,"strict_seeded_dynamic_gate_failed:candidate_status_pass,fallback_to_fixed_false,dynamic_overlay_changed,final_quote_behavior_changed",False,same_sample_production_quote_mechanism_shadow_not_fill_or_economics
441,book,1784713766988,65870.0,65871.0,fallback_fixed,missing_latest_market_estimator,True,0.5,0.5,0.5,False,65870.0,65871.0,65870.0,65871.0,False,fail_closed,False,"strict_seeded_dynamic_gate_failed:candidate_status_pass,fallback_to_fixed_false,dynamic_overlay_changed,final_quote_behavior_changed",False,same_sample_production_quote_mechanism_shadow_not_fill_or_economics
442,trade,1784713767064,65870.0,65871.0,fallback_fixed,missing_latest_market_estimator,True,0.5,0.5,0.5,False,65870.0,65871.0,65870.0,65871.0,False,fail_closed,False,"strict_seeded_dynamic_gate_failed:candidate_status_pass,fallback_to_fixed_false,dynamic_overlay_changed,final_quote_behavior_changed",False,same_sample_production_quote_mechanism_shadow_not_fill_or_economics
443,trade,1784713767132,65870.0,65871.0,fallback_fixed,missing_latest_market_estimator,True,0.5,0.5,0.5,False,65870.0,65871.0,65870.0,65871.0,False,fail_closed,False,"strict_seeded_dynamic_gate_failed:candidate_status_pass,fallback_to_fixed_false,dynamic_overlay_changed,final_quote_behavior_changed",False,same_sample_production_quote_mechanism_shadow_not_fill_or_economics
444,book,1784713767543,65870.0,65871.0,pass,,True,0.91821948,0.5,0.91821948,True,65870.0,65871.0,65869.0,65872.0,True,pass,True,,False,same_sample_production_quote_mechanism_shadow_not_fill_or_economics
445,trade,1784713768006,65870.0,65871.0,fallback_fixed,missing_latest_market_estimator,True,0.5,0.5,0.5,False,65870.0,65871.0,65870.0,65871.0,False,fail_closed,False,"strict_seeded_dynamic_gate_failed:candidate_status_pass,fallback_to_fixed_false,dynamic_overlay_changed,final_quote_behavior_changed",False,same_sample_production_quote_mechanism_shadow_not_fill_or_economics
446,book,1784713768088,65870.0,65871.0,pass,,True,1.00459751,0.5,1.00459751,True,65870.0,65871.0,65869.0,65872.0,True,pass,True,,False,same_sample_production_quote_mechanism_shadow_not_fill_or_economics
447,trade,1784713768288,65870.0,65871.0,pass,,True,1.00459751,0.5,1.00459751,True,65870.0,65871.0,65869.0,65872.0,True,pass,True,,False,same_sample_production_quote_mechanism_shadow_not_fill_or_economics
448,book,1784713768613,65870.0,65871.0,pass,,True,1.00404321,0.5,1.00404321,True,65870.0,65871.0,65869.0,65872.0,True,pass,True,,False,same_sample_production_quote_mechanism_shadow_not_fill_or_economics
449,trade,1784713768613,65870.0,65871.0,pass,,True,0.91926117,0.5,0.91926117,True,65870.0,65871.0,65869.0,65872.0,True,pass,True,,False,same_sample_production_quote_mechanism_shadow_not_fill_or_economics
450,trade,1784713768818,65870.0,65871.0,pass,,True,0.91998524,0.5,0.91998524,True,65870.0,65871.0,65869.0,65872.0,True,pass,True,,False,same_sample_production_quote_mechanism_shadow_not_fill_or_economics
451,trade,1784713769018,65870.0,65871.0,fallback_fixed,missing_latest_market_estimator,True,0.5,0.5,0.5,False,65870.0,65871.0,65870.0,65871.0,False,fail_closed,False,"strict_seeded_dynamic_gate_failed:candidate_status_pass,fallback_to_fixed_false,dynamic_overlay_changed,final_quote_behavior_changed",False,same_sample_production_quote_mechanism_shadow_not_fill_or_economics
452,book,1784713769155,65870.0,65871.0,pass,,True,1.00491212,0.5,1.00491212,True,65870.0,65871.0,65869.0,65872.0,True,pass,True,,False,same_sample_production_quote_mechanism_shadow_not_fill_or_economics
453,book,1784713769696,65870.0,65871.0,pass,,True,1.00464775,0.5,1.00464775,True,65870.0,65871.0,65869.0,65872.0,True,pass,True,,False,same_sample_production_quote_mechanism_shadow_not_fill_or_economics
454,trade,1784713770099,65870.0,65871.0,fallback_fixed,missing_latest_market_estimator,True,0.5,0.5,0.5,False,65870.0,65871.0,65870.0,65871.0,False,fail_closed,False,"strict_seeded_dynamic_gate_failed:candidate_status_pass,fallback_to_fixed_false,dynamic_overlay_changed,final_quote_behavior_changed",False,same_sample_production_quote_mechanism_shadow_not_fill_or_economics
455,book,1784713770231,65870.0,65871.0,pass,,True,1.00415114,0.5,1.00415114,True,65870.0,65871.0,65869.0,65872.0,True,pass,True,,False,same_sample_production_quote_mechanism_shadow_not_fill_or_economics
456,book,1784713770761,65870.0,65871.0,pass,,True,1.00372386,0.5,1.00372386,True,65870.0,65871.0,65869.0,65872.0,True,pass,True,,False,same_sample_production_quote_mechanism_shadow_not_fill_or_economics
457,trade,1784713771038,65870.0,65871.0,fallback_fixed,missing_latest_market_estimator,True,0.5,0.5,0.5,False,65870.0,65871.0,65870.0,65871.0,False,fail_closed,False,"strict_seeded_dynamic_gate_failed:candidate_status_pass,fallback_to_fixed_false,dynamic_overlay_changed,final_quote_behavior_changed",False,same_sample_production_quote_mechanism_shadow_not_fill_or_economics
458,trade,1784713771239,65870.0,65871.0,fallback_fixed,missing_latest_market_estimator,True,0.5,0.5,0.5,False,65870.0,65871.0,65870.0,65871.0,False,fail_closed,False,"strict_seeded_dynamic_gate_failed:candidate_status_pass,fallback_to_fixed_false,dynamic_overlay_changed,final_quote_behavior_changed",False,same_sample_production_quote_mechanism_shadow_not_fill_or_economics
459,book,1784713771306,65870.0,65871.0,pass,,True,0.77384804,0.5,0.77384804,True,65870.0,65871.0,65869.0,65872.0,True,pass,True,,False,same_sample_production_quote_mechanism_shadow_not_fill_or_economics
460,trade,1784713771306,65870.0,65871.0,pass,,True,0.97316573,0.5,0.97316573,True,65870.0,65871.0,65869.0,65872.0,True,pass,True,,False,same_sample_production_quote_mechanism_shadow_not_fill_or_economics
461,trade,1784713771508,65870.0,65871.0,pass,,True,0.9733562,0.5,0.9733562,True,65870.0,65871.0,65869.0,65872.0,True,pass,True,,False,same_sample_production_quote_mechanism_shadow_not_fill_or_economics
462,book,1784713771843,65870.0,65871.0,pass,,True,0.97300912,0.5,0.97300912,True,65870.0,65871.0,65869.0,65872.0,True,pass,True,,False,same_sample_production_quote_mechanism_shadow_not_fill_or_economics
463,trade,1784713771911,65870.0,65871.0,pass,,True,0.9452866,0.5,0.9452866,True,65870.0,65871.0,65869.0,65872.0,True,pass,True,,False,same_sample_production_quote_mechanism_shadow_not_fill_or_economics
464,book,1784713772369,65870.0,65871.0,fallback_fixed,missing_latest_market_estimator,True,0.5,0.5,0.5,False,65870.0,65871.0,65870.0,65871.0,False,fail_closed,False,"strict_seeded_dynamic_gate_failed:candidate_status_pass,fallback_to_fixed_false,dynamic_overlay_changed,final_quote_behavior_changed",False,same_sample_production_quote_mechanism_shadow_not_fill_or_economics
465,book,1784713772921,65870.0,65871.0,fallback_fixed,missing_latest_market_estimator,True,0.5,0.5,0.5,False,65870.0,65871.0,65870.0,65871.0,False,fail_closed,False,"strict_seeded_dynamic_gate_failed:candidate_status_pass,fallback_to_fixed_false,dynamic_overlay_changed,final_quote_behavior_changed",False,same_sample_production_quote_mechanism_shadow_not_fill_or_economics
466,trade,1784713773173,65870.0,65871.0,fallback_fixed,missing_latest_market_estimator,True,0.5,0.5,0.5,False,65870.0,65871.0,65870.0,65871.0,False,fail_closed,False,"strict_seeded_dynamic_gate_failed:candidate_status_pass,fallback_to_fixed_false,dynamic_overlay_changed,final_quote_behavior_changed",False,same_sample_production_quote_mechanism_shadow_not_fill_or_economics
467,trade,1784713773173,65870.0,65871.0,fallback_fixed,missing_latest_market_estimator,True,0.5,0.5,0.5,False,65870.0,65871.0,65870.0,65871.0,False,fail_closed,False,"strict_seeded_dynamic_gate_failed:candidate_status_pass,fallback_to_fixed_false,dynamic_overlay_changed,final_quote_behavior_changed",False,same_sample_production_quote_mechanism_shadow_not_fill_or_economics
468,trade,1784713773173,65870.0,65871.0,fallback_fixed,missing_latest_market_estimator,True,0.5,0.5,0.5,False,65870.0,65871.0,65870.0,65871.0,False,fail_closed,False,"strict_seeded_dynamic_gate_failed:candidate_status_pass,fallback_to_fixed_false,dynamic_overlay_changed,final_quote_behavior_changed",False,same_sample_production_quote_mechanism_shadow_not_fill_or_economics
469,trade,1784713773173,65870.0,65871.0,fallback_fixed,missing_latest_market_estimator,True,0.5,0.5,0.5,False,65870.0,65871.0,65870.0,65871.0,False,fail_closed,False,"strict_seeded_dynamic_gate_failed:candidate_status_pass,fallback_to_fixed_false,dynamic_overlay_changed,final_quote_behavior_changed",False,same_sample_production_quote_mechanism_shadow_not_fill_or_economics
470,trade,1784713773173,65870.0,65871.0,fallback_fixed,missing_latest_market_estimator,True,0.5,0.5,0.5,False,65870.0,65871.0,65870.0,65871.0,False,fail_closed,False,"strict_seeded_dynamic_gate_failed:candidate_status_pass,fallback_to_fixed_false,dynamic_overlay_changed,final_quote_behavior_changed",False,same_sample_production_quote_mechanism_shadow_not_fill_or_economics
471,book,1784713773427,65870.0,65871.0,pass,,True,1.00418638,0.5,1.00418638,True,65870.0,65871.0,65869.0,65872.0,True,pass,True,,False,same_sample_production_quote_mechanism_shadow_not_fill_or_economics
472,trade,1784713773525,65870.0,65871.0,pass,,True,1.00418638,0.5,1.00418638,True,65870.0,65871.0,65869.0,65872.0,True,pass,True,,False,same_sample_production_quote_mechanism_shadow_not_fill_or_economics
473,trade,1784713773862,65870.0,65871.0,pass,,True,1.00418638,0.5,1.00418638,True,65870.0,65871.0,65869.0,65872.0,True,pass,True,,False,same_sample_production_quote_mechanism_shadow_not_fill_or_economics
474,book,1784713773929,65870.0,65871.0,pass,,True,1.0041258,0.5,1.0041258,True,65870.0,65871.0,65869.0,65872.0,True,pass,True,,False,same_sample_production_quote_mechanism_shadow_not_fill_or_economics
475,trade,1784713773929,65870.0,65871.0,pass,,True,1.0041258,0.5,1.0041258,True,65870.0,65871.0,65869.0,65872.0,True,pass,True,,False,same_sample_production_quote_mechanism_shadow_not_fill_or_economics
476,trade,1784713773929,65870.0,65871.0,pass,,True,1.0041258,0.5,1.0041258,True,65870.0,65871.0,65869.0,65872.0,True,pass,True,,False,same_sample_production_quote_mechanism_shadow_not_fill_or_economics
477,book,1784713774467,65870.0,65871.0,fallback_fixed,missing_latest_market_estimator,True,0.5,0.5,0.5,False,65870.0,65871.0,65870.0,65871.0,False,fail_closed,False,"strict_seeded_dynamic_gate_failed:candidate_status_pass,fallback_to_fixed_false,dynamic_overlay_changed,final_quote_behavior_changed",False,same_sample_production_quote_mechanism_shadow_not_fill_or_economics
478,trade,1784713774669,65870.0,65871.0,pass,,True,1.00409917,0.5,1.00409917,True,65870.0,65871.0,65869.0,65872.0,True,pass,True,,False,same_sample_production_quote_mechanism_shadow_not_fill_or_economics
479,book,1784713775003,65870.0,65871.0,fallback_fixed,missing_latest_market_estimator,True,0.5,0.5,0.5,False,65870.0,65871.0,65870.0,65871.0,False,fail_closed,False,"strict_seeded_dynamic_gate_failed:candidate_status_pass,fallback_to_fixed_false,dynamic_overlay_changed,final_quote_behavior_changed",False,same_sample_production_quote_mechanism_shadow_not_fill_or_economics
480,book,1784713775547,65870.0,65871.0,fallback_fixed,missing_latest_market_estimator,True,0.5,0.5,0.5,False,65870.0,65871.0,65870.0,65871.0,False,fail_closed,False,"strict_seeded_dynamic_gate_failed:candidate_status_pass,fallback_to_fixed_false,dynamic_overlay_changed,final_quote_behavior_changed",False,same_sample_production_quote_mechanism_shadow_not_fill_or_economics
481,trade,1784713776013,65870.0,65871.0,fallback_fixed,missing_latest_market_estimator,True,0.5,0.5,0.5,False,65870.0,65871.0,65870.0,65871.0,False,fail_closed,False,"strict_seeded_dynamic_gate_failed:candidate_status_pass,fallback_to_fixed_false,dynamic_overlay_changed,final_quote_behavior_changed",False,same_sample_production_quote_mechanism_shadow_not_fill_or_economics
482,book,1784713776079,65870.0,65871.0,pass,,True,1.00399912,0.5,1.00399912,True,65870.0,65871.0,65869.0,65872.0,True,pass,True,,False,same_sample_production_quote_mechanism_shadow_not_fill_or_economics
483,book,1784713776600,65871.0,65872.0,pass,,True,1.03808018,0.5,1.03808018,True,65871.0,65872.0,65870.0,65873.0,True,pass,True,,False,same_sample_production_quote_mechanism_shadow_not_fill_or_economics
484,trade,1784713776600,65871.0,65872.0,pass,,True,1.03808018,0.5,1.03808018,True,65871.0,65872.0,65870.0,65873.0,True,pass,True,,False,same_sample_production_quote_mechanism_shadow_not_fill_or_economics
485,trade,1784713776600,65871.0,65872.0,pass,,True,1.03808018,0.5,1.03808018,True,65871.0,65872.0,65870.0,65873.0,True,pass,True,,False,same_sample_production_quote_mechanism_shadow_not_fill_or_economics
486,trade,1784713777085,65871.0,65872.0,fallback_fixed,missing_latest_market_estimator,True,0.5,0.5,0.5,False,65871.0,65872.0,65871.0,65872.0,False,fail_closed,False,"strict_seeded_dynamic_gate_failed:candidate_status_pass,fallback_to_fixed_false,dynamic_overlay_changed,final_quote_behavior_changed",False,same_sample_production_quote_mechanism_shadow_not_fill_or_economics
487,book,1784713777151,65871.0,65872.0,pass,,True,1.0381794,0.5,1.0381794,True,65871.0,65872.0,65870.0,65873.0,True,pass,True,,False,same_sample_production_quote_mechanism_shadow_not_fill_or_economics
488,trade,1784713777487,65871.0,65872.0,pass,,True,0.99088999,0.5,0.99088999,True,65871.0,65872.0,65870.0,65873.0,True,pass,True,,False,same_sample_production_quote_mechanism_shadow_not_fill_or_economics
489,book,1784713777686,65871.0,65872.0,pass,,True,0.98490542,0.5,0.98490542,True,65871.0,65872.0,65870.0,65873.0,True,pass,True,,False,same_sample_production_quote_mechanism_shadow_not_fill_or_economics
490,trade,1784713777888,65871.0,65872.0,pass,,True,0.93142913,0.5,0.93142913,True,65871.0,65872.0,65870.0,65873.0,True,pass,True,,False,same_sample_production_quote_mechanism_shadow_not_fill_or_economics
491,book,1784713778215,65871.0,65872.0,fallback_fixed,missing_latest_market_estimator,True,0.5,0.5,0.5,False,65871.0,65872.0,65871.0,65872.0,False,fail_closed,False,"strict_seeded_dynamic_gate_failed:candidate_status_pass,fallback_to_fixed_false,dynamic_overlay_changed,final_quote_behavior_changed",False,same_sample_production_quote_mechanism_shadow_not_fill_or_economics
492,book,1784713778759,65871.0,65872.0,fallback_fixed,missing_latest_market_estimator,True,0.5,0.5,0.5,False,65871.0,65872.0,65871.0,65872.0,False,fail_closed,False,"strict_seeded_dynamic_gate_failed:candidate_status_pass,fallback_to_fixed_false,dynamic_overlay_changed,final_quote_behavior_changed",False,same_sample_production_quote_mechanism_shadow_not_fill_or_economics
493,trade,1784713779027,65871.0,65872.0,fallback_fixed,missing_latest_market_estimator,True,0.5,0.5,0.5,False,65871.0,65872.0,65871.0,65872.0,False,fail_closed,False,"strict_seeded_dynamic_gate_failed:candidate_status_pass,fallback_to_fixed_false,dynamic_overlay_changed,final_quote_behavior_changed",False,same_sample_production_quote_mechanism_shadow_not_fill_or_economics
494,book,1784713779297,65871.0,65872.0,pass,,True,1.02442688,0.5,1.02442688,True,65871.0,65872.0,65870.0,65873.0,True,pass,True,,False,same_sample_production_quote_mechanism_shadow_not_fill_or_economics
495,trade,1784713779696,65871.0,65872.0,pass,,True,1.02442688,0.5,1.02442688,True,65871.0,65872.0,65870.0,65873.0,True,pass,True,,False,same_sample_production_quote_mechanism_shadow_not_fill_or_economics
496,book,1784713779834,65871.0,65872.0,pass,,True,1.04665678,0.5,1.04665678,True,65871.0,65872.0,65870.0,65873.0,True,pass,True,,False,same_sample_production_quote_mechanism_shadow_not_fill_or_economics
497,trade,1784713780033,65871.0,65872.0,fallback_fixed,missing_latest_market_estimator,True,0.5,0.5,0.5,False,65871.0,65872.0,65871.0,65872.0,False,fail_closed,False,"strict_seeded_dynamic_gate_failed:candidate_status_pass,fallback_to_fixed_false,dynamic_overlay_changed,final_quote_behavior_changed",False,same_sample_production_quote_mechanism_shadow_not_fill_or_economics
498,trade,1784713780033,65871.0,65872.0,fallback_fixed,missing_latest_market_estimator,True,0.5,0.5,0.5,False,65871.0,65872.0,65871.0,65872.0,False,fail_closed,False,"strict_seeded_dynamic_gate_failed:candidate_status_pass,fallback_to_fixed_false,dynamic_overlay_changed,final_quote_behavior_changed",False,same_sample_production_quote_mechanism_shadow_not_fill_or_economics
499,trade,1784713780033,65871.0,65872.0,fallback_fixed,missing_latest_market_estimator,True,0.5,0.5,0.5,False,65871.0,65872.0,65871.0,65872.0,False,fail_closed,False,"strict_seeded_dynamic_gate_failed:candidate_status_pass,fallback_to_fixed_false,dynamic_overlay_changed,final_quote_behavior_changed",False,same_sample_production_quote_mechanism_shadow_not_fill_or_economics
500,trade,1784713780033,65871.0,65872.0,fallback_fixed,missing_latest_market_estimator,True,0.5,0.5,0.5,False,65871.0,65872.0,65871.0,65872.0,False,fail_closed,False,"strict_seeded_dynamic_gate_failed:candidate_status_pass,fallback_to_fixed_false,dynamic_overlay_changed,final_quote_behavior_changed",False,same_sample_production_quote_mechanism_shadow_not_fill_or_economics
501,trade,1784713780033,65871.0,65872.0,fallback_fixed,missing_latest_market_estimator,True,0.5,0.5,0.5,False,65871.0,65872.0,65871.0,65872.0,False,fail_closed,False,"strict_seeded_dynamic_gate_failed:candidate_status_pass,fallback_to_fixed_false,dynamic_overlay_changed,final_quote_behavior_changed",False,same_sample_production_quote_mechanism_shadow_not_fill_or_economics
502,trade,1784713780033,65871.0,65872.0,fallback_fixed,missing_latest_market_estimator,True,0.5,0.5,0.5,False,65871.0,65872.0,65871.0,65872.0,False,fail_closed,False,"strict_seeded_dynamic_gate_failed:candidate_status_pass,fallback_to_fixed_false,dynamic_overlay_changed,final_quote_behavior_changed",False,same_sample_production_quote_mechanism_shadow_not_fill_or_economics
503,book,1784713780395,65874.0,65875.0,pass,,True,1.06999298,0.5,1.06999298,True,65874.0,65875.0,65873.0,65876.0,True,pass,True,,False,same_sample_production_quote_mechanism_shadow_not_fill_or_economics
504,trade,1784713780793,65874.0,65875.0,pass,,True,1.04687682,0.5,1.04687682,True,65874.0,65875.0,65873.0,65876.0,True,pass,True,,False,same_sample_production_quote_mechanism_shadow_not_fill_or_economics
505,book,1784713780911,65874.0,65875.0,pass,,True,0.98064547,0.5,0.98064547,True,65874.0,65875.0,65873.0,65876.0,True,pass,True,,False,same_sample_production_quote_mechanism_shadow_not_fill_or_economics
506,book,1784713781456,65874.0,65875.0,fallback_fixed,missing_latest_market_estimator,True,0.5,0.5,0.5,False,65874.0,65875.0,65874.0,65875.0,False,fail_closed,False,"strict_seeded_dynamic_gate_failed:candidate_status_pass,fallback_to_fixed_false,dynamic_overlay_changed,final_quote_behavior_changed",False,same_sample_production_quote_mechanism_shadow_not_fill_or_economics
507,book,1784713782002,65874.0,65875.0,fallback_fixed,missing_latest_market_estimator,True,0.5,0.5,0.5,False,65874.0,65875.0,65874.0,65875.0,False,fail_closed,False,"strict_seeded_dynamic_gate_failed:candidate_status_pass,fallback_to_fixed_false,dynamic_overlay_changed,final_quote_behavior_changed",False,same_sample_production_quote_mechanism_shadow_not_fill_or_economics
508,book,1784713782543,65874.0,65875.0,fallback_fixed,missing_latest_market_estimator,True,0.5,0.5,0.5,False,65874.0,65875.0,65874.0,65875.0,False,fail_closed,False,"strict_seeded_dynamic_gate_failed:candidate_status_pass,fallback_to_fixed_false,dynamic_overlay_changed,final_quote_behavior_changed",False,same_sample_production_quote_mechanism_shadow_not_fill_or_economics
509,trade,1784713782743,65874.0,65875.0,pass,,True,1.00356333,0.5,1.00356333,True,65874.0,65875.0,65873.0,65876.0,True,pass,True,,False,same_sample_production_quote_mechanism_shadow_not_fill_or_economics
510,trade,1784713782944,65874.0,65875.0,pass,,True,1.00356333,0.5,1.00356333,True,65874.0,65875.0,65873.0,65876.0,True,pass,True,,False,same_sample_production_quote_mechanism_shadow_not_fill_or_economics
511,trade,1784713782944,65874.0,65875.0,pass,,True,1.00356333,0.5,1.00356333,True,65874.0,65875.0,65873.0,65876.0,True,pass,True,,False,same_sample_production_quote_mechanism_shadow_not_fill_or_economics
512,trade,1784713782944,65874.0,65875.0,pass,,True,1.00356333,0.5,1.00356333,True,65874.0,65875.0,65873.0,65876.0,True,pass,True,,False,same_sample_production_quote_mechanism_shadow_not_fill_or_economics
513,trade,1784713782944,65874.0,65875.0,pass,,True,1.00356333,0.5,1.00356333,True,65874.0,65875.0,65873.0,65876.0,True,pass,True,,False,same_sample_production_quote_mechanism_shadow_not_fill_or_economics
514,trade,1784713782944,65874.0,65875.0,pass,,True,1.00356333,0.5,1.00356333,True,65874.0,65875.0,65873.0,65876.0,True,pass,True,,False,same_sample_production_quote_mechanism_shadow_not_fill_or_economics
515,trade,1784713782944,65874.0,65875.0,pass,,True,1.00356333,0.5,1.00356333,True,65874.0,65875.0,65873.0,65876.0,True,pass,True,,False,same_sample_production_quote_mechanism_shadow_not_fill_or_economics
516,trade,1784713783009,65874.0,65875.0,fallback_fixed,missing_latest_market_estimator,True,0.5,0.5,0.5,False,65874.0,65875.0,65874.0,65875.0,False,fail_closed,False,"strict_seeded_dynamic_gate_failed:candidate_status_pass,fallback_to_fixed_false,dynamic_overlay_changed,final_quote_behavior_changed",False,same_sample_production_quote_mechanism_shadow_not_fill_or_economics
517,book,1784713783073,65874.0,65875.0,pass,,True,1.0035319,0.5,1.0035319,True,65874.0,65875.0,65873.0,65876.0,True,pass,True,,False,same_sample_production_quote_mechanism_shadow_not_fill_or_economics
518,book,1784713783612,65874.0,65875.0,pass,,True,1.00552186,0.5,1.00552186,True,65874.0,65875.0,65873.0,65876.0,True,pass,True,,False,same_sample_production_quote_mechanism_shadow_not_fill_or_economics
519,trade,1784713783679,65874.0,65875.0,pass,,True,0.65552186,0.5,0.65552186,True,65874.0,65875.0,65873.0,65876.0,True,pass,True,,False,same_sample_production_quote_mechanism_shadow_not_fill_or_economics
520,book,1784713784148,65874.0,65875.0,fallback_fixed,missing_latest_market_estimator,True,0.5,0.5,0.5,False,65874.0,65875.0,65874.0,65875.0,False,fail_closed,False,"strict_seeded_dynamic_gate_failed:candidate_status_pass,fallback_to_fixed_false,dynamic_overlay_changed,final_quote_behavior_changed",False,same_sample_production_quote_mechanism_shadow_not_fill_or_economics
521,trade,1784713784148,65874.0,65875.0,pass,,True,1.00429125,0.5,1.00429125,True,65874.0,65875.0,65873.0,65876.0,True,pass,True,,False,same_sample_production_quote_mechanism_shadow_not_fill_or_economics
522,book,1784713784677,65874.0,65875.0,pass,,True,1.00361601,0.5,1.00361601,True,65874.0,65875.0,65873.0,65876.0,True,pass,True,,False,same_sample_production_quote_mechanism_shadow_not_fill_or_economics
523,trade,1784713785004,65874.0,65875.0,fallback_fixed,missing_latest_market_estimator,True,0.5,0.5,0.5,False,65874.0,65875.0,65874.0,65875.0,False,fail_closed,False,"strict_seeded_dynamic_gate_failed:candidate_status_pass,fallback_to_fixed_false,dynamic_overlay_changed,final_quote_behavior_changed",False,same_sample_production_quote_mechanism_shadow_not_fill_or_economics
524,trade,1784713785004,65874.0,65875.0,fallback_fixed,missing_latest_market_estimator,True,0.5,0.5,0.5,False,65874.0,65875.0,65874.0,65875.0,False,fail_closed,False,"strict_seeded_dynamic_gate_failed:candidate_status_pass,fallback_to_fixed_false,dynamic_overlay_changed,final_quote_behavior_changed",False,same_sample_production_quote_mechanism_shadow_not_fill_or_economics
525,book,1784713785207,65874.0,65875.0,pass,,True,0.8051629,0.5,0.8051629,True,65874.0,65875.0,65873.0,65876.0,True,pass,True,,False,same_sample_production_quote_mechanism_shadow_not_fill_or_economics
526,book,1784713785757,65874.0,65875.0,pass,,True,0.80516291,0.5,0.80516291,True,65874.0,65875.0,65873.0,65876.0,True,pass,True,,False,same_sample_production_quote_mechanism_shadow_not_fill_or_economics
527,trade,1784713786095,65874.0,65875.0,fallback_fixed,missing_latest_market_estimator,True,0.5,0.5,0.5,False,65874.0,65875.0,65874.0,65875.0,False,fail_closed,False,"strict_seeded_dynamic_gate_failed:candidate_status_pass,fallback_to_fixed_false,dynamic_overlay_changed,final_quote_behavior_changed",False,same_sample_production_quote_mechanism_shadow_not_fill_or_economics
528,book,1784713786347,65874.0,65875.0,pass,,True,1.00723092,0.5,1.00723092,True,65874.0,65875.0,65873.0,65876.0,True,pass,True,,False,same_sample_production_quote_mechanism_shadow_not_fill_or_economics
529,book,1784713786902,65874.0,65875.0,pass,,True,1.2029913,0.5,1.2029913,True,65874.0,65875.0,65873.0,65876.0,True,pass,True,,False,same_sample_production_quote_mechanism_shadow_not_fill_or_economics
530,trade,1784713787304,65874.0,65875.0,fallback_fixed,missing_latest_market_estimator,True,0.5,0.5,0.5,False,65874.0,65875.0,65874.0,65875.0,False,fail_closed,False,"strict_seeded_dynamic_gate_failed:candidate_status_pass,fallback_to_fixed_false,dynamic_overlay_changed,final_quote_behavior_changed",False,same_sample_production_quote_mechanism_shadow_not_fill_or_economics
531,trade,1784713787304,65874.0,65875.0,fallback_fixed,missing_latest_market_estimator,True,0.5,0.5,0.5,False,65874.0,65875.0,65874.0,65875.0,False,fail_closed,False,"strict_seeded_dynamic_gate_failed:candidate_status_pass,fallback_to_fixed_false,dynamic_overlay_changed,final_quote_behavior_changed",False,same_sample_production_quote_mechanism_shadow_not_fill_or_economics
532,book,1784713787505,65874.0,65875.0,pass,,True,1.00562444,0.5,1.00562444,True,65874.0,65875.0,65873.0,65876.0,True,pass,True,,False,same_sample_production_quote_mechanism_shadow_not_fill_or_economics
533,trade,1784713787906,65874.0,65875.0,pass,,True,1.00562444,0.5,1.00562444,True,65874.0,65875.0,65873.0,65876.0,True,pass,True,,False,same_sample_production_quote_mechanism_shadow_not_fill_or_economics
534,book,1784713788108,65874.0,65875.0,fallback_fixed,missing_latest_market_estimator,True,0.5,0.5,0.5,False,65874.0,65875.0,65874.0,65875.0,False,fail_closed,False,"strict_seeded_dynamic_gate_failed:candidate_status_pass,fallback_to_fixed_false,dynamic_overlay_changed,final_quote_behavior_changed",False,same_sample_production_quote_mechanism_shadow_not_fill_or_economics
535,trade,1784713788108,65874.0,65875.0,pass,,True,1.05195091,0.5,1.05195091,True,65874.0,65875.0,65873.0,65876.0,True,pass,True,,False,same_sample_production_quote_mechanism_shadow_not_fill_or_economics
536,book,1784713788635,65874.0,65875.0,pass,,True,1.00315107,0.5,1.00315107,True,65874.0,65875.0,65873.0,65876.0,True,pass,True,,False,same_sample_production_quote_mechanism_shadow_not_fill_or_economics
537,book,1784713789189,65874.0,65875.0,fallback_fixed,missing_latest_market_estimator,True,0.5,0.5,0.5,False,65874.0,65875.0,65874.0,65875.0,False,fail_closed,False,"strict_seeded_dynamic_gate_failed:candidate_status_pass,fallback_to_fixed_false,dynamic_overlay_changed,final_quote_behavior_changed",False,same_sample_production_quote_mechanism_shadow_not_fill_or_economics
538,trade,1784713789189,65874.0,65875.0,pass,,True,1.00310048,0.5,1.00310048,True,65874.0,65875.0,65873.0,65876.0,True,pass,True,,False,same_sample_production_quote_mechanism_shadow_not_fill_or_economics
539,trade,1784713789189,65874.0,65875.0,pass,,True,0.75274461,0.5,0.75274461,True,65874.0,65875.0,65873.0,65876.0,True,pass,True,,False,same_sample_production_quote_mechanism_shadow_not_fill_or_economics
540,book,1784713789730,65874.0,65875.0,pass,,True,0.75274077,0.5,0.75274077,True,65874.0,65875.0,65873.0,65876.0,True,pass,True,,False,same_sample_production_quote_mechanism_shadow_not_fill_or_economics
541,trade,1784713789796,65874.0,65875.0,pass,,True,0.91188108,0.5,0.91188108,True,65874.0,65875.0,65873.0,65876.0,True,pass,True,,False,same_sample_production_quote_mechanism_shadow_not_fill_or_economics
542,trade,1784713789796,65874.0,65875.0,pass,,True,0.94038213,0.5,0.94038213,True,65874.0,65875.0,65873.0,65876.0,True,pass,True,,False,same_sample_production_quote_mechanism_shadow_not_fill_or_economics
543,trade,1784713789796,65874.0,65875.0,pass,,True,0.97549217,0.5,0.97549217,True,65874.0,65875.0,65873.0,65876.0,True,pass,True,,False,same_sample_production_quote_mechanism_shadow_not_fill_or_economics
544,trade,1784713790006,65874.0,65875.0,fallback_fixed,missing_latest_market_estimator,True,0.5,0.5,0.5,False,65874.0,65875.0,65874.0,65875.0,False,fail_closed,False,"strict_seeded_dynamic_gate_failed:candidate_status_pass,fallback_to_fixed_false,dynamic_overlay_changed,final_quote_behavior_changed",False,same_sample_production_quote_mechanism_shadow_not_fill_or_economics
545,book,1784713790352,65874.0,65875.0,pass,,True,1.00330954,0.5,1.00330954,True,65874.0,65875.0,65873.0,65876.0,True,pass,True,,False,same_sample_production_quote_mechanism_shadow_not_fill_or_economics
546,trade,1784713790352,65874.0,65875.0,pass,,True,1.00330954,0.5,1.00330954,True,65874.0,65875.0,65873.0,65876.0,True,pass,True,,False,same_sample_production_quote_mechanism_shadow_not_fill_or_economics
547,trade,1784713790420,65874.0,65875.0,pass,,True,1.00330954,0.5,1.00330954,True,65874.0,65875.0,65873.0,65876.0,True,pass,True,,False,same_sample_production_quote_mechanism_shadow_not_fill_or_economics
548,book,1784713790873,65874.0,65875.0,pass,,True,1.00325663,0.5,1.00325663,True,65874.0,65875.0,65873.0,65876.0,True,pass,True,,False,same_sample_production_quote_mechanism_shadow_not_fill_or_economics
549,book,1784713791429,65874.0,65875.0,fallback_fixed,missing_latest_market_estimator,True,0.5,0.5,0.5,False,65874.0,65875.0,65874.0,65875.0,False,fail_closed,False,"strict_seeded_dynamic_gate_failed:candidate_status_pass,fallback_to_fixed_false,dynamic_overlay_changed,final_quote_behavior_changed",False,same_sample_production_quote_mechanism_shadow_not_fill_or_economics
550,trade,1784713791763,65874.0,65875.0,pass,,True,1.00317893,0.5,1.00317893,True,65874.0,65875.0,65873.0,65876.0,True,pass,True,,False,same_sample_production_quote_mechanism_shadow_not_fill_or_economics
551,book,1784713791963,65874.0,65875.0,pass,,True,1.00317899,0.5,1.00317899,True,65874.0,65875.0,65873.0,65876.0,True,pass,True,,False,same_sample_production_quote_mechanism_shadow_not_fill_or_economics
552,trade,1784713792232,65874.0,65875.0,fallback_fixed,missing_latest_market_estimator,True,0.5,0.5,0.5,False,65874.0,65875.0,65874.0,65875.0,False,fail_closed,False,"strict_seeded_dynamic_gate_failed:candidate_status_pass,fallback_to_fixed_false,dynamic_overlay_changed,final_quote_behavior_changed",False,same_sample_production_quote_mechanism_shadow_not_fill_or_economics
553,book,1784713792570,65874.0,65875.0,pass,,True,1.00317899,0.5,1.00317899,True,65874.0,65875.0,65873.0,65876.0,True,pass,True,,False,same_sample_production_quote_mechanism_shadow_not_fill_or_economics
554,trade,1784713792835,65874.0,65875.0,pass,,True,0.96575648,0.5,0.96575648,True,65874.0,65875.0,65873.0,65876.0,True,pass,True,,False,same_sample_production_quote_mechanism_shadow_not_fill_or_economics
555,trade,1784713792835,65874.0,65875.0,pass,,True,0.99473234,0.5,0.99473234,True,65874.0,65875.0,65873.0,65876.0,True,pass,True,,False,same_sample_production_quote_mechanism_shadow_not_fill_or_economics
556,trade,1784713792835,65874.0,65875.0,pass,,True,0.99489597,0.5,0.99489597,True,65874.0,65875.0,65873.0,65876.0,True,pass,True,,False,same_sample_production_quote_mechanism_shadow_not_fill_or_economics
557,trade,1784713792835,65874.0,65875.0,pass,,True,0.99601008,0.5,0.99601008,True,65874.0,65875.0,65873.0,65876.0,True,pass,True,,False,same_sample_production_quote_mechanism_shadow_not_fill_or_economics
558,trade,1784713792835,65874.0,65875.0,pass,,True,0.99747204,0.5,0.99747204,True,65874.0,65875.0,65873.0,65876.0,True,pass,True,,False,same_sample_production_quote_mechanism_shadow_not_fill_or_economics
559,trade,1784713792835,65874.0,65875.0,pass,,True,0.99747781,0.5,0.99747781,True,65874.0,65875.0,65873.0,65876.0,True,pass,True,,False,same_sample_production_quote_mechanism_shadow_not_fill_or_economics
560,trade,1784713792835,65874.0,65875.0,pass,,True,0.99830068,0.5,0.99830068,True,65874.0,65875.0,65873.0,65876.0,True,pass,True,,False,same_sample_production_quote_mechanism_shadow_not_fill_or_economics
561,trade,1784713792835,65874.0,65875.0,pass,,True,0.99830994,0.5,0.99830994,True,65874.0,65875.0,65873.0,65876.0,True,pass,True,,False,same_sample_production_quote_mechanism_shadow_not_fill_or_economics
562,trade,1784713792835,65874.0,65875.0,pass,,True,0.9986463,0.5,0.9986463,True,65874.0,65875.0,65873.0,65876.0,True,pass,True,,False,same_sample_production_quote_mechanism_shadow_not_fill_or_economics
563,trade,1784713792835,65874.0,65875.0,pass,,True,0.9986475,0.5,0.9986475,True,65874.0,65875.0,65873.0,65876.0,True,pass,True,,False,same_sample_production_quote_mechanism_shadow_not_fill_or_economics
564,trade,1784713792835,65874.0,65875.0,pass,,True,0.99864838,0.5,0.99864838,True,65874.0,65875.0,65873.0,65876.0,True,pass,True,,False,same_sample_production_quote_mechanism_shadow_not_fill_or_economics
565,trade,1784713792835,65874.0,65875.0,pass,,True,0.99891006,0.5,0.99891006,True,65874.0,65875.0,65873.0,65876.0,True,pass,True,,False,same_sample_production_quote_mechanism_shadow_not_fill_or_economics
566,book,1784713793091,65874.0,65875.0,fallback_fixed,missing_latest_market_estimator,True,0.5,0.5,0.5,False,65874.0,65875.0,65874.0,65875.0,False,fail_closed,False,"strict_seeded_dynamic_gate_failed:candidate_status_pass,fallback_to_fixed_false,dynamic_overlay_changed,final_quote_behavior_changed",False,same_sample_production_quote_mechanism_shadow_not_fill_or_economics
567,trade,1784713793376,65874.0,65875.0,pass,,True,1.00319687,0.5,1.00319687,True,65874.0,65875.0,65873.0,65876.0,True,pass,True,,False,same_sample_production_quote_mechanism_shadow_not_fill_or_economics
568,book,1784713793644,65874.0,65875.0,pass,,True,1.00318779,0.5,1.00318779,True,65874.0,65875.0,65873.0,65876.0,True,pass,True,,False,same_sample_production_quote_mechanism_shadow_not_fill_or_economics
569,book,1784713794183,65874.0,65875.0,fallback_fixed,missing_latest_market_estimator,True,0.5,0.5,0.5,False,65874.0,65875.0,65874.0,65875.0,False,fail_closed,False,"strict_seeded_dynamic_gate_failed:candidate_status_pass,fallback_to_fixed_false,dynamic_overlay_changed,final_quote_behavior_changed",False,same_sample_production_quote_mechanism_shadow_not_fill_or_economics
570,book,1784713794698,65874.0,65875.0,fallback_fixed,missing_latest_market_estimator,True,0.5,0.5,0.5,False,65874.0,65875.0,65874.0,65875.0,False,fail_closed,False,"strict_seeded_dynamic_gate_failed:candidate_status_pass,fallback_to_fixed_false,dynamic_overlay_changed,final_quote_behavior_changed",False,same_sample_production_quote_mechanism_shadow_not_fill_or_economics
571,trade,1784713794698,65874.0,65875.0,pass,,True,1.00319322,0.5,1.00319322,True,65874.0,65875.0,65873.0,65876.0,True,pass,True,,False,same_sample_production_quote_mechanism_shadow_not_fill_or_economics
572,trade,1784713794698,65874.0,65875.0,pass,,True,1.00319322,0.5,1.00319322,True,65874.0,65875.0,65873.0,65876.0,True,pass,True,,False,same_sample_production_quote_mechanism_shadow_not_fill_or_economics
573,trade,1784713794698,65874.0,65875.0,pass,,True,1.00319322,0.5,1.00319322,True,65874.0,65875.0,65873.0,65876.0,True,pass,True,,False,same_sample_production_quote_mechanism_shadow_not_fill_or_economics
574,book,1784713795262,65874.0,65875.0,fallback_fixed,missing_latest_market_estimator,True,0.5,0.5,0.5,False,65874.0,65875.0,65874.0,65875.0,False,fail_closed,False,"strict_seeded_dynamic_gate_failed:candidate_status_pass,fallback_to_fixed_false,dynamic_overlay_changed,final_quote_behavior_changed",False,same_sample_production_quote_mechanism_shadow_not_fill_or_economics
575,trade,1784713795262,65874.0,65875.0,pass,,True,1.00318658,0.5,1.00318658,True,65874.0,65875.0,65873.0,65876.0,True,pass,True,,False,same_sample_production_quote_mechanism_shadow_not_fill_or_economics
576,book,1784713795801,65874.0,65875.0,pass,,True,1.00318236,0.5,1.00318236,True,65874.0,65875.0,65873.0,65876.0,True,pass,True,,False,same_sample_production_quote_mechanism_shadow_not_fill_or_economics
577,book,1784713796324,65874.0,65875.0,fallback_fixed,missing_latest_market_estimator,True,0.5,0.5,0.5,False,65874.0,65875.0,65874.0,65875.0,False,fail_closed,False,"strict_seeded_dynamic_gate_failed:candidate_status_pass,fallback_to_fixed_false,dynamic_overlay_changed,final_quote_behavior_changed",False,same_sample_production_quote_mechanism_shadow_not_fill_or_economics
578,trade,1784713796405,65874.0,65875.0,pass,,True,1.00318646,0.5,1.00318646,True,65874.0,65875.0,65873.0,65876.0,True,pass,True,,False,same_sample_production_quote_mechanism_shadow_not_fill_or_economics
579,trade,1784713796405,65874.0,65875.0,pass,,True,0.98544387,0.5,0.98544387,True,65874.0,65875.0,65873.0,65876.0,True,pass,True,,False,same_sample_production_quote_mechanism_shadow_not_fill_or_economics
580,book,1784713796876,65874.0,65875.0,pass,,True,0.98545022,0.5,0.98545022,True,65874.0,65875.0,65873.0,65876.0,True,pass,True,,False,same_sample_production_quote_mechanism_shadow_not_fill_or_economics
581,trade,1784713797010,65874.0,65875.0,fallback_fixed,missing_latest_market_estimator,True,0.5,0.5,0.5,False,65874.0,65875.0,65874.0,65875.0,False,fail_closed,False,"strict_seeded_dynamic_gate_failed:candidate_status_pass,fallback_to_fixed_false,dynamic_overlay_changed,final_quote_behavior_changed",False,same_sample_production_quote_mechanism_shadow_not_fill_or_economics
582,book,1784713797416,65874.0,65875.0,pass,,True,1.003188,0.5,1.003188,True,65874.0,65875.0,65873.0,65876.0,True,pass,True,,False,same_sample_production_quote_mechanism_shadow_not_fill_or_economics
583,trade,1784713797790,65874.0,65875.0,pass,,True,0.688188,0.5,0.688188,True,65874.0,65875.0,65873.0,65876.0,True,pass,True,,False,same_sample_production_quote_mechanism_shadow_not_fill_or_economics
584,book,1784713798017,65874.0,65875.0,fallback_fixed,missing_latest_market_estimator,True,0.5,0.5,0.5,False,65874.0,65875.0,65874.0,65875.0,False,fail_closed,False,"strict_seeded_dynamic_gate_failed:candidate_status_pass,fallback_to_fixed_false,dynamic_overlay_changed,final_quote_behavior_changed",False,same_sample_production_quote_mechanism_shadow_not_fill_or_economics
585,trade,1784713798420,65874.0,65875.0,pass,,True,1.003188,0.5,1.003188,True,65874.0,65875.0,65873.0,65876.0,True,pass,True,,False,same_sample_production_quote_mechanism_shadow_not_fill_or_economics
586,book,1784713798541,65874.0,65875.0,pass,,True,1.00318405,0.5,1.00318405,True,65874.0,65875.0,65873.0,65876.0,True,pass,True,,False,same_sample_production_quote_mechanism_shadow_not_fill_or_economics
587,trade,1784713799022,65874.0,65875.0,fallback_fixed,missing_latest_market_estimator,True,0.5,0.5,0.5,False,65874.0,65875.0,65874.0,65875.0,False,fail_closed,False,"strict_seeded_dynamic_gate_failed:candidate_status_pass,fallback_to_fixed_false,dynamic_overlay_changed,final_quote_behavior_changed",False,same_sample_production_quote_mechanism_shadow_not_fill_or_economics
588,book,1784713799089,65874.0,65875.0,pass,,True,1.00318236,0.5,1.00318236,True,65874.0,65875.0,65873.0,65876.0,True,pass,True,,False,same_sample_production_quote_mechanism_shadow_not_fill_or_economics
589,trade,1784713799423,65874.0,65875.0,pass,,True,0.92670358,0.5,0.92670358,True,65874.0,65875.0,65873.0,65876.0,True,pass,True,,False,same_sample_production_quote_mechanism_shadow_not_fill_or_economics
590,book,1784713799627,65874.0,65875.0,pass,,True,0.92670364,0.5,0.92670364,True,65874.0,65875.0,65873.0,65876.0,True,pass,True,,False,same_sample_production_quote_mechanism_shadow_not_fill_or_economics
591,trade,1784713799627,65874.0,65875.0,pass,,True,0.93623145,0.5,0.93623145,True,65874.0,65875.0,65873.0,65876.0,True,pass,True,,False,same_sample_production_quote_mechanism_shadow_not_fill_or_economics
592,trade,1784713800027,65874.0,65875.0,fallback_fixed,missing_latest_market_estimator,True,0.5,0.5,0.5,False,65874.0,65875.0,65874.0,65875.0,False,fail_closed,False,"strict_seeded_dynamic_gate_failed:candidate_status_pass,fallback_to_fixed_false,dynamic_overlay_changed,final_quote_behavior_changed",False,same_sample_production_quote_mechanism_shadow_not_fill_or_economics
593,book,1784713800159,65874.0,65875.0,pass,,True,1.00319105,0.5,1.00319105,True,65874.0,65875.0,65873.0,65876.0,True,pass,True,,False,same_sample_production_quote_mechanism_shadow_not_fill_or_economics
594,book,1784713800701,65874.0,65875.0,pass,,True,1.00314584,0.5,1.00314584,True,65874.0,65875.0,65873.0,65876.0,True,pass,True,,False,same_sample_production_quote_mechanism_shadow_not_fill_or_economics
595,trade,1784713801020,65874.0,65875.0,fallback_fixed,missing_latest_market_estimator,True,0.5,0.5,0.5,False,65874.0,65875.0,65874.0,65875.0,False,fail_closed,False,"strict_seeded_dynamic_gate_failed:candidate_status_pass,fallback_to_fixed_false,dynamic_overlay_changed,final_quote_behavior_changed",False,same_sample_production_quote_mechanism_shadow_not_fill_or_economics
596,trade,1784713801071,65874.0,65875.0,fallback_fixed,missing_latest_market_estimator,True,0.5,0.5,0.5,False,65874.0,65875.0,65874.0,65875.0,False,fail_closed,False,"strict_seeded_dynamic_gate_failed:candidate_status_pass,fallback_to_fixed_false,dynamic_overlay_changed,final_quote_behavior_changed",False,same_sample_production_quote_mechanism_shadow_not_fill_or_economics
597,trade,1784713801071,65874.0,65875.0,fallback_fixed,missing_latest_market_estimator,True,0.5,0.5,0.5,False,65874.0,65875.0,65874.0,65875.0,False,fail_closed,False,"strict_seeded_dynamic_gate_failed:candidate_status_pass,fallback_to_fixed_false,dynamic_overlay_changed,final_quote_behavior_changed",False,same_sample_production_quote_mechanism_shadow_not_fill_or_economics
598,trade,1784713801071,65874.0,65875.0,fallback_fixed,missing_latest_market_estimator,True,0.5,0.5,0.5,False,65874.0,65875.0,65874.0,65875.0,False,fail_closed,False,"strict_seeded_dynamic_gate_failed:candidate_status_pass,fallback_to_fixed_false,dynamic_overlay_changed,final_quote_behavior_changed",False,same_sample_production_quote_mechanism_shadow_not_fill_or_economics
599,trade,1784713801071,65874.0,65875.0,fallback_fixed,missing_latest_market_estimator,True,0.5,0.5,0.5,False,65874.0,65875.0,65874.0,65875.0,False,fail_closed,False,"strict_seeded_dynamic_gate_failed:candidate_status_pass,fallback_to_fixed_false,dynamic_overlay_changed,final_quote_behavior_changed",False,same_sample_production_quote_mechanism_shadow_not_fill_or_economics
600,book,1784713801238,65874.0,65875.0,pass,,True,0.99774435,0.5,0.99774435,True,65874.0,65875.0,65873.0,65876.0,True,pass,True,,False,same_sample_production_quote_mechanism_shadow_not_fill_or_economics
601,trade,1784713801590,65874.0,65875.0,pass,,True,0.99779411,0.5,0.99779411,True,65874.0,65875.0,65873.0,65876.0,True,pass,True,,False,same_sample_production_quote_mechanism_shadow_not_fill_or_economics
602,book,1784713801772,65874.0,65875.0,pass,,True,0.9978124,0.5,0.9978124,True,65874.0,65875.0,65873.0,65876.0,True,pass,True,,False,same_sample_production_quote_mechanism_shadow_not_fill_or_economics
603,trade,1784713801772,65874.0,65875.0,pass,,True,0.99781611,0.5,0.99781611,True,65874.0,65875.0,65873.0,65876.0,True,pass,True,,False,same_sample_production_quote_mechanism_shadow_not_fill_or_economics
604,book,1784713802307,65874.0,65875.0,fallback_fixed,missing_latest_market_estimator,True,0.5,0.5,0.5,False,65874.0,65875.0,65874.0,65875.0,False,fail_closed,False,"strict_seeded_dynamic_gate_failed:candidate_status_pass,fallback_to_fixed_false,dynamic_overlay_changed,final_quote_behavior_changed",False,same_sample_production_quote_mechanism_shadow_not_fill_or_economics
605,book,1784713802851,65874.0,65875.0,fallback_fixed,missing_latest_market_estimator,True,0.5,0.5,0.5,False,65874.0,65875.0,65874.0,65875.0,False,fail_closed,False,"strict_seeded_dynamic_gate_failed:candidate_status_pass,fallback_to_fixed_false,dynamic_overlay_changed,final_quote_behavior_changed",False,same_sample_production_quote_mechanism_shadow_not_fill_or_economics
606,trade,1784713802851,65874.0,65875.0,pass,,True,1.00347103,0.5,1.00347103,True,65874.0,65875.0,65873.0,65876.0,True,pass,True,,False,same_sample_production_quote_mechanism_shadow_not_fill_or_economics
607,book,1784713803385,65874.0,65875.0,fallback_fixed,missing_latest_market_estimator,True,0.5,0.5,0.5,False,65874.0,65875.0,65874.0,65875.0,False,fail_closed,False,"strict_seeded_dynamic_gate_failed:candidate_status_pass,fallback_to_fixed_false,dynamic_overlay_changed,final_quote_behavior_changed",False,same_sample_production_quote_mechanism_shadow_not_fill_or_economics
608,book,1784713803920,65874.0,65875.0,fallback_fixed,missing_latest_market_estimator,True,0.5,0.5,0.5,False,65874.0,65875.0,65874.0,65875.0,False,fail_closed,False,"strict_seeded_dynamic_gate_failed:candidate_status_pass,fallback_to_fixed_false,dynamic_overlay_changed,final_quote_behavior_changed",False,same_sample_production_quote_mechanism_shadow_not_fill_or_economics
609,trade,1784713804389,65874.0,65875.0,fallback_fixed,missing_latest_market_estimator,True,0.5,0.5,0.5,False,65874.0,65875.0,65874.0,65875.0,False,fail_closed,False,"strict_seeded_dynamic_gate_failed:candidate_status_pass,fallback_to_fixed_false,dynamic_overlay_changed,final_quote_behavior_changed",False,same_sample_production_quote_mechanism_shadow_not_fill_or_economics
610,book,1784713804455,65874.0,65875.0,pass,,True,1.00344381,0.5,1.00344381,True,65874.0,65875.0,65873.0,65876.0,True,pass,True,,False,same_sample_production_quote_mechanism_shadow_not_fill_or_economics
611,trade,1784713804791,65874.0,65875.0,pass,,True,0.9659654,0.5,0.9659654,True,65874.0,65875.0,65873.0,65876.0,True,pass,True,,False,same_sample_production_quote_mechanism_shadow_not_fill_or_economics
612,book,1784713804990,65874.0,65875.0,pass,,True,0.96582054,0.5,0.96582054,True,65874.0,65875.0,65873.0,65876.0,True,pass,True,,False,same_sample_production_quote_mechanism_shadow_not_fill_or_economics
613,trade,1784713805262,65874.0,65875.0,fallback_fixed,missing_latest_market_estimator,True,0.5,0.5,0.5,False,65874.0,65875.0,65874.0,65875.0,False,fail_closed,False,"strict_seeded_dynamic_gate_failed:candidate_status_pass,fallback_to_fixed_false,dynamic_overlay_changed,final_quote_behavior_changed",False,same_sample_production_quote_mechanism_shadow_not_fill_or_economics
614,trade,1784713805262,65874.0,65875.0,fallback_fixed,missing_latest_market_estimator,True,0.5,0.5,0.5,False,65874.0,65875.0,65874.0,65875.0,False,fail_closed,False,"strict_seeded_dynamic_gate_failed:candidate_status_pass,fallback_to_fixed_false,dynamic_overlay_changed,final_quote_behavior_changed",False,same_sample_production_quote_mechanism_shadow_not_fill_or_economics
615,trade,1784713805262,65874.0,65875.0,fallback_fixed,missing_latest_market_estimator,True,0.5,0.5,0.5,False,65874.0,65875.0,65874.0,65875.0,False,fail_closed,False,"strict_seeded_dynamic_gate_failed:candidate_status_pass,fallback_to_fixed_false,dynamic_overlay_changed,final_quote_behavior_changed",False,same_sample_production_quote_mechanism_shadow_not_fill_or_economics
616,trade,1784713805262,65874.0,65875.0,fallback_fixed,missing_latest_market_estimator,True,0.5,0.5,0.5,False,65874.0,65875.0,65874.0,65875.0,False,fail_closed,False,"strict_seeded_dynamic_gate_failed:candidate_status_pass,fallback_to_fixed_false,dynamic_overlay_changed,final_quote_behavior_changed",False,same_sample_production_quote_mechanism_shadow_not_fill_or_economics
617,trade,1784713805262,65874.0,65875.0,fallback_fixed,missing_latest_market_estimator,True,0.5,0.5,0.5,False,65874.0,65875.0,65874.0,65875.0,False,fail_closed,False,"strict_seeded_dynamic_gate_failed:candidate_status_pass,fallback_to_fixed_false,dynamic_overlay_changed,final_quote_behavior_changed",False,same_sample_production_quote_mechanism_shadow_not_fill_or_economics
618,trade,1784713805262,65874.0,65875.0,fallback_fixed,missing_latest_market_estimator,True,0.5,0.5,0.5,False,65874.0,65875.0,65874.0,65875.0,False,fail_closed,False,"strict_seeded_dynamic_gate_failed:candidate_status_pass,fallback_to_fixed_false,dynamic_overlay_changed,final_quote_behavior_changed",False,same_sample_production_quote_mechanism_shadow_not_fill_or_economics
619,trade,1784713805262,65874.0,65875.0,fallback_fixed,missing_latest_market_estimator,True,0.5,0.5,0.5,False,65874.0,65875.0,65874.0,65875.0,False,fail_closed,False,"strict_seeded_dynamic_gate_failed:candidate_status_pass,fallback_to_fixed_false,dynamic_overlay_changed,final_quote_behavior_changed",False,same_sample_production_quote_mechanism_shadow_not_fill_or_economics
620,trade,1784713805262,65874.0,65875.0,fallback_fixed,missing_latest_market_estimator,True,0.5,0.5,0.5,False,65874.0,65875.0,65874.0,65875.0,False,fail_closed,False,"strict_seeded_dynamic_gate_failed:candidate_status_pass,fallback_to_fixed_false,dynamic_overlay_changed,final_quote_behavior_changed",False,same_sample_production_quote_mechanism_shadow_not_fill_or_economics
621,trade,1784713805262,65874.0,65875.0,fallback_fixed,missing_latest_market_estimator,True,0.5,0.5,0.5,False,65874.0,65875.0,65874.0,65875.0,False,fail_closed,False,"strict_seeded_dynamic_gate_failed:candidate_status_pass,fallback_to_fixed_false,dynamic_overlay_changed,final_quote_behavior_changed",False,same_sample_production_quote_mechanism_shadow_not_fill_or_economics
622,trade,1784713805262,65874.0,65875.0,fallback_fixed,missing_latest_market_estimator,True,0.5,0.5,0.5,False,65874.0,65875.0,65874.0,65875.0,False,fail_closed,False,"strict_seeded_dynamic_gate_failed:candidate_status_pass,fallback_to_fixed_false,dynamic_overlay_changed,final_quote_behavior_changed",False,same_sample_production_quote_mechanism_shadow_not_fill_or_economics
623,trade,1784713805262,65874.0,65875.0,fallback_fixed,missing_latest_market_estimator,True,0.5,0.5,0.5,False,65874.0,65875.0,65874.0,65875.0,False,fail_closed,False,"strict_seeded_dynamic_gate_failed:candidate_status_pass,fallback_to_fixed_false,dynamic_overlay_changed,final_quote_behavior_changed",False,same_sample_production_quote_mechanism_shadow_not_fill_or_economics
624,trade,1784713805262,65874.0,65875.0,fallback_fixed,missing_latest_market_estimator,True,0.5,0.5,0.5,False,65874.0,65875.0,65874.0,65875.0,False,fail_closed,False,"strict_seeded_dynamic_gate_failed:candidate_status_pass,fallback_to_fixed_false,dynamic_overlay_changed,final_quote_behavior_changed",False,same_sample_production_quote_mechanism_shadow_not_fill_or_economics
625,trade,1784713805262,65874.0,65875.0,fallback_fixed,missing_latest_market_estimator,True,0.5,0.5,0.5,False,65874.0,65875.0,65874.0,65875.0,False,fail_closed,False,"strict_seeded_dynamic_gate_failed:candidate_status_pass,fallback_to_fixed_false,dynamic_overlay_changed,final_quote_behavior_changed",False,same_sample_production_quote_mechanism_shadow_not_fill_or_economics
626,trade,1784713805262,65874.0,65875.0,fallback_fixed,missing_latest_market_estimator,True,0.5,0.5,0.5,False,65874.0,65875.0,65874.0,65875.0,False,fail_closed,False,"strict_seeded_dynamic_gate_failed:candidate_status_pass,fallback_to_fixed_false,dynamic_overlay_changed,final_quote_behavior_changed",False,same_sample_production_quote_mechanism_shadow_not_fill_or_economics
627,trade,1784713805262,65874.0,65875.0,fallback_fixed,missing_latest_market_estimator,True,0.5,0.5,0.5,False,65874.0,65875.0,65874.0,65875.0,False,fail_closed,False,"strict_seeded_dynamic_gate_failed:candidate_status_pass,fallback_to_fixed_false,dynamic_overlay_changed,final_quote_behavior_changed",False,same_sample_production_quote_mechanism_shadow_not_fill_or_economics
628,trade,1784713805262,65874.0,65875.0,fallback_fixed,missing_latest_market_estimator,True,0.5,0.5,0.5,False,65874.0,65875.0,65874.0,65875.0,False,fail_closed,False,"strict_seeded_dynamic_gate_failed:candidate_status_pass,fallback_to_fixed_false,dynamic_overlay_changed,final_quote_behavior_changed",False,same_sample_production_quote_mechanism_shadow_not_fill_or_economics
629,trade,1784713805262,65874.0,65875.0,fallback_fixed,missing_latest_market_estimator,True,0.5,0.5,0.5,False,65874.0,65875.0,65874.0,65875.0,False,fail_closed,False,"strict_seeded_dynamic_gate_failed:candidate_status_pass,fallback_to_fixed_false,dynamic_overlay_changed,final_quote_behavior_changed",False,same_sample_production_quote_mechanism_shadow_not_fill_or_economics
630,trade,1784713805262,65874.0,65875.0,fallback_fixed,missing_latest_market_estimator,True,0.5,0.5,0.5,False,65874.0,65875.0,65874.0,65875.0,False,fail_closed,False,"strict_seeded_dynamic_gate_failed:candidate_status_pass,fallback_to_fixed_false,dynamic_overlay_changed,final_quote_behavior_changed",False,same_sample_production_quote_mechanism_shadow_not_fill_or_economics
631,trade,1784713805262,65874.0,65875.0,fallback_fixed,missing_latest_market_estimator,True,0.5,0.5,0.5,False,65874.0,65875.0,65874.0,65875.0,False,fail_closed,False,"strict_seeded_dynamic_gate_failed:candidate_status_pass,fallback_to_fixed_false,dynamic_overlay_changed,final_quote_behavior_changed",False,same_sample_production_quote_mechanism_shadow_not_fill_or_economics
632,trade,1784713805262,65874.0,65875.0,fallback_fixed,missing_latest_market_estimator,True,0.5,0.5,0.5,False,65874.0,65875.0,65874.0,65875.0,False,fail_closed,False,"strict_seeded_dynamic_gate_failed:candidate_status_pass,fallback_to_fixed_false,dynamic_overlay_changed,final_quote_behavior_changed",False,same_sample_production_quote_mechanism_shadow_not_fill_or_economics
633,trade,1784713805262,65874.0,65875.0,fallback_fixed,missing_latest_market_estimator,True,0.5,0.5,0.5,False,65874.0,65875.0,65874.0,65875.0,False,fail_closed,False,"strict_seeded_dynamic_gate_failed:candidate_status_pass,fallback_to_fixed_false,dynamic_overlay_changed,final_quote_behavior_changed",False,same_sample_production_quote_mechanism_shadow_not_fill_or_economics
634,book,1784713805536,65874.0,65875.0,pass,,True,1.00371276,0.5,1.00371276,True,65874.0,65875.0,65873.0,65876.0,True,pass,True,,False,same_sample_production_quote_mechanism_shadow_not_fill_or_economics
635,trade,1784713806005,65874.0,65875.0,fallback_fixed,missing_latest_market_estimator,True,0.5,0.5,0.5,False,65874.0,65875.0,65874.0,65875.0,False,fail_closed,False,"strict_seeded_dynamic_gate_failed:candidate_status_pass,fallback_to_fixed_false,dynamic_overlay_changed,final_quote_behavior_changed",False,same_sample_production_quote_mechanism_shadow_not_fill_or_economics
636,trade,1784713806005,65874.0,65875.0,fallback_fixed,missing_latest_market_estimator,True,0.5,0.5,0.5,False,65874.0,65875.0,65874.0,65875.0,False,fail_closed,False,"strict_seeded_dynamic_gate_failed:candidate_status_pass,fallback_to_fixed_false,dynamic_overlay_changed,final_quote_behavior_changed",False,same_sample_production_quote_mechanism_shadow_not_fill_or_economics
637,trade,1784713806005,65874.0,65875.0,fallback_fixed,missing_latest_market_estimator,True,0.5,0.5,0.5,False,65874.0,65875.0,65874.0,65875.0,False,fail_closed,False,"strict_seeded_dynamic_gate_failed:candidate_status_pass,fallback_to_fixed_false,dynamic_overlay_changed,final_quote_behavior_changed",False,same_sample_production_quote_mechanism_shadow_not_fill_or_economics
638,trade,1784713806005,65874.0,65875.0,fallback_fixed,missing_latest_market_estimator,True,0.5,0.5,0.5,False,65874.0,65875.0,65874.0,65875.0,False,fail_closed,False,"strict_seeded_dynamic_gate_failed:candidate_status_pass,fallback_to_fixed_false,dynamic_overlay_changed,final_quote_behavior_changed",False,same_sample_production_quote_mechanism_shadow_not_fill_or_economics
639,trade,1784713806005,65874.0,65875.0,fallback_fixed,missing_latest_market_estimator,True,0.5,0.5,0.5,False,65874.0,65875.0,65874.0,65875.0,False,fail_closed,False,"strict_seeded_dynamic_gate_failed:candidate_status_pass,fallback_to_fixed_false,dynamic_overlay_changed,final_quote_behavior_changed",False,same_sample_production_quote_mechanism_shadow_not_fill_or_economics
640,trade,1784713806005,65874.0,65875.0,fallback_fixed,missing_latest_market_estimator,True,0.5,0.5,0.5,False,65874.0,65875.0,65874.0,65875.0,False,fail_closed,False,"strict_seeded_dynamic_gate_failed:candidate_status_pass,fallback_to_fixed_false,dynamic_overlay_changed,final_quote_behavior_changed",False,same_sample_production_quote_mechanism_shadow_not_fill_or_economics
641,trade,1784713806005,65874.0,65875.0,fallback_fixed,missing_latest_market_estimator,True,0.5,0.5,0.5,False,65874.0,65875.0,65874.0,65875.0,False,fail_closed,False,"strict_seeded_dynamic_gate_failed:candidate_status_pass,fallback_to_fixed_false,dynamic_overlay_changed,final_quote_behavior_changed",False,same_sample_production_quote_mechanism_shadow_not_fill_or_economics
642,trade,1784713806005,65874.0,65875.0,fallback_fixed,missing_latest_market_estimator,True,0.5,0.5,0.5,False,65874.0,65875.0,65874.0,65875.0,False,fail_closed,False,"strict_seeded_dynamic_gate_failed:candidate_status_pass,fallback_to_fixed_false,dynamic_overlay_changed,final_quote_behavior_changed",False,same_sample_production_quote_mechanism_shadow_not_fill_or_economics
643,trade,1784713806005,65874.0,65875.0,fallback_fixed,missing_latest_market_estimator,True,0.5,0.5,0.5,False,65874.0,65875.0,65874.0,65875.0,False,fail_closed,False,"strict_seeded_dynamic_gate_failed:candidate_status_pass,fallback_to_fixed_false,dynamic_overlay_changed,final_quote_behavior_changed",False,same_sample_production_quote_mechanism_shadow_not_fill_or_economics
644,book,1784713806073,65874.0,65875.0,pass,,True,1.00140618,0.5,1.00140618,True,65874.0,65875.0,65873.0,65876.0,True,pass,True,,False,same_sample_production_quote_mechanism_shadow_not_fill_or_economics
645,book,1784713806625,65874.0,65875.0,pass,,True,1.00108034,0.5,1.00108034,True,65874.0,65875.0,65873.0,65876.0,True,pass,True,,False,same_sample_production_quote_mechanism_shadow_not_fill_or_economics
646,book,1784713807157,65874.0,65875.0,fallback_fixed,missing_latest_market_estimator,True,0.5,0.5,0.5,False,65874.0,65875.0,65874.0,65875.0,False,fail_closed,False,"strict_seeded_dynamic_gate_failed:candidate_status_pass,fallback_to_fixed_false,dynamic_overlay_changed,final_quote_behavior_changed",False,same_sample_production_quote_mechanism_shadow_not_fill_or_economics
647,trade,1784713807224,65874.0,65875.0,pass,,True,1.00335276,0.5,1.00335276,True,65874.0,65875.0,65873.0,65876.0,True,pass,True,,False,same_sample_production_quote_mechanism_shadow_not_fill_or_economics
648,book,1784713807692,65874.0,65875.0,pass,,True,1.00325302,0.5,1.00325302,True,65874.0,65875.0,65873.0,65876.0,True,pass,True,,False,same_sample_production_quote_mechanism_shadow_not_fill_or_economics
649,trade,1784713808094,65874.0,65875.0,fallback_fixed,missing_latest_market_estimator,True,0.5,0.5,0.5,False,65874.0,65875.0,65874.0,65875.0,False,fail_closed,False,"strict_seeded_dynamic_gate_failed:candidate_status_pass,fallback_to_fixed_false,dynamic_overlay_changed,final_quote_behavior_changed",False,same_sample_production_quote_mechanism_shadow_not_fill_or_economics
650,book,1784713808230,65874.0,65875.0,pass,,True,1.00324679,0.5,1.00324679,True,65874.0,65875.0,65873.0,65876.0,True,pass,True,,False,same_sample_production_quote_mechanism_shadow_not_fill_or_economics
651,trade,1784713808639,65874.0,65875.0,pass,,True,0.94153626,0.5,0.94153626,True,65874.0,65875.0,65873.0,65876.0,True,pass,True,,False,same_sample_production_quote_mechanism_shadow_not_fill_or_economics
652,book,1784713808772,65874.0,65875.0,pass,,True,0.94150015,0.5,0.94150015,True,65874.0,65875.0,65873.0,65876.0,True,pass,True,,False,same_sample_production_quote_mechanism_shadow_not_fill_or_economics
653,book,1784713809310,65874.0,65875.0,fallback_fixed,missing_latest_market_estimator,True,0.5,0.5,0.5,False,65874.0,65875.0,65874.0,65875.0,False,fail_closed,False,"strict_seeded_dynamic_gate_failed:candidate_status_pass,fallback_to_fixed_false,dynamic_overlay_changed,final_quote_behavior_changed",False,same_sample_production_quote_mechanism_shadow_not_fill_or_economics
654,trade,1784713809310,65874.0,65875.0,pass,,True,1.00320155,0.5,1.00320155,True,65874.0,65875.0,65873.0,65876.0,True,pass,True,,False,same_sample_production_quote_mechanism_shadow_not_fill_or_economics
655,trade,1784713809644,65874.0,65875.0,pass,,True,1.00320155,0.5,1.00320155,True,65874.0,65875.0,65873.0,65876.0,True,pass,True,,False,same_sample_production_quote_mechanism_shadow_not_fill_or_economics
656,trade,1784713809644,65874.0,65875.0,pass,,True,1.00320155,0.5,1.00320155,True,65874.0,65875.0,65873.0,65876.0,True,pass,True,,False,same_sample_production_quote_mechanism_shadow_not_fill_or_economics
657,trade,1784713809644,65874.0,65875.0,pass,,True,1.00320155,0.5,1.00320155,True,65874.0,65875.0,65873.0,65876.0,True,pass,True,,False,same_sample_production_quote_mechanism_shadow_not_fill_or_economics
658,trade,1784713809644,65874.0,65875.0,pass,,True,1.00320155,0.5,1.00320155,True,65874.0,65875.0,65873.0,65876.0,True,pass,True,,False,same_sample_production_quote_mechanism_shadow_not_fill_or_economics
659,trade,1784713809644,65874.0,65875.0,pass,,True,1.00320155,0.5,1.00320155,True,65874.0,65875.0,65873.0,65876.0,True,pass,True,,False,same_sample_production_quote_mechanism_shadow_not_fill_or_economics
660,book,1784713809847,65874.0,65875.0,pass,,True,1.00322505,0.5,1.00322505,True,65874.0,65875.0,65873.0,65876.0,True,pass,True,,False,same_sample_production_quote_mechanism_shadow_not_fill_or_economics
661,trade,1784713810046,65874.0,65875.0,fallback_fixed,missing_latest_market_estimator,True,0.5,0.5,0.5,False,65874.0,65875.0,65874.0,65875.0,False,fail_closed,False,"strict_seeded_dynamic_gate_failed:candidate_status_pass,fallback_to_fixed_false,dynamic_overlay_changed,final_quote_behavior_changed",False,same_sample_production_quote_mechanism_shadow_not_fill_or_economics
662,trade,1784713810046,65874.0,65875.0,fallback_fixed,missing_latest_market_estimator,True,0.5,0.5,0.5,False,65874.0,65875.0,65874.0,65875.0,False,fail_closed,False,"strict_seeded_dynamic_gate_failed:candidate_status_pass,fallback_to_fixed_false,dynamic_overlay_changed,final_quote_behavior_changed",False,same_sample_production_quote_mechanism_shadow_not_fill_or_economics
663,trade,1784713810046,65874.0,65875.0,fallback_fixed,missing_latest_market_estimator,True,0.5,0.5,0.5,False,65874.0,65875.0,65874.0,65875.0,False,fail_closed,False,"strict_seeded_dynamic_gate_failed:candidate_status_pass,fallback_to_fixed_false,dynamic_overlay_changed,final_quote_behavior_changed",False,same_sample_production_quote_mechanism_shadow_not_fill_or_economics
664,book,1784713810373,65874.0,65875.0,pass,,True,1.00320346,0.5,1.00320346,True,65874.0,65875.0,65873.0,65876.0,True,pass,True,,False,same_sample_production_quote_mechanism_shadow_not_fill_or_economics
665,book,1784713810874,65874.0,65875.0,pass,,True,1.00322008,0.5,1.00322008,True,65874.0,65875.0,65873.0,65876.0,True,pass,True,,False,same_sample_production_quote_mechanism_shadow_not_fill_or_economics
666,trade,1784713811211,65874.0,65875.0,fallback_fixed,missing_latest_market_estimator,True,0.5,0.5,0.5,False,65874.0,65875.0,65874.0,65875.0,False,fail_closed,False,"strict_seeded_dynamic_gate_failed:candidate_status_pass,fallback_to_fixed_false,dynamic_overlay_changed,final_quote_behavior_changed",False,same_sample_production_quote_mechanism_shadow_not_fill_or_economics
667,book,1784713811403,65874.0,65875.0,pass,,True,1.00321763,0.5,1.00321763,True,65874.0,65875.0,65873.0,65876.0,True,pass,True,,False,same_sample_production_quote_mechanism_shadow_not_fill_or_economics
668,trade,1784713811477,65874.0,65875.0,pass,,True,0.97899129,0.5,0.97899129,True,65874.0,65875.0,65873.0,65876.0,True,pass,True,,False,same_sample_production_quote_mechanism_shadow_not_fill_or_economics
669,book,1784713811945,65874.0,65875.0,pass,,True,0.97898488,0.5,0.97898488,True,65874.0,65875.0,65873.0,65876.0,True,pass,True,,False,same_sample_production_quote_mechanism_shadow_not_fill_or_economics
670,trade,1784713812351,65874.0,65875.0,fallback_fixed,missing_latest_market_estimator,True,0.5,0.5,0.5,False,65874.0,65875.0,65874.0,65875.0,False,fail_closed,False,"strict_seeded_dynamic_gate_failed:candidate_status_pass,fallback_to_fixed_false,dynamic_overlay_changed,final_quote_behavior_changed",False,same_sample_production_quote_mechanism_shadow_not_fill_or_economics
671,trade,1784713812351,65874.0,65875.0,fallback_fixed,missing_latest_market_estimator,True,0.5,0.5,0.5,False,65874.0,65875.0,65874.0,65875.0,False,fail_closed,False,"strict_seeded_dynamic_gate_failed:candidate_status_pass,fallback_to_fixed_false,dynamic_overlay_changed,final_quote_behavior_changed",False,same_sample_production_quote_mechanism_shadow_not_fill_or_economics
672,book,1784713812484,65874.0,65875.0,pass,,True,0.78647807,0.5,0.78647807,True,65874.0,65875.0,65873.0,65876.0,True,pass,True,,False,same_sample_production_quote_mechanism_shadow_not_fill_or_economics
673,book,1784713813020,65874.0,65875.0,fallback_fixed,missing_latest_market_estimator,True,0.5,0.5,0.5,False,65874.0,65875.0,65874.0,65875.0,False,fail_closed,False,"strict_seeded_dynamic_gate_failed:candidate_status_pass,fallback_to_fixed_false,dynamic_overlay_changed,final_quote_behavior_changed",False,same_sample_production_quote_mechanism_shadow_not_fill_or_economics
674,trade,1784713813020,65874.0,65875.0,pass,,True,1.00320212,0.5,1.00320212,True,65874.0,65875.0,65873.0,65876.0,True,pass,True,,False,same_sample_production_quote_mechanism_shadow_not_fill_or_economics
675,trade,1784713813489,65874.0,65875.0,pass,,True,1.00320212,0.5,1.00320212,True,65874.0,65875.0,65873.0,65876.0,True,pass,True,,False,same_sample_production_quote_mechanism_shadow_not_fill_or_economics
676,trade,1784713813489,65874.0,65875.0,pass,,True,1.00320212,0.5,1.00320212,True,65874.0,65875.0,65873.0,65876.0,True,pass,True,,False,same_sample_production_quote_mechanism_shadow_not_fill_or_economics
677,trade,1784713813489,65874.0,65875.0,pass,,True,1.00320212,0.5,1.00320212,True,65874.0,65875.0,65873.0,65876.0,True,pass,True,,False,same_sample_production_quote_mechanism_shadow_not_fill_or_economics
678,trade,1784713813489,65874.0,65875.0,pass,,True,1.00320212,0.5,1.00320212,True,65874.0,65875.0,65873.0,65876.0,True,pass,True,,False,same_sample_production_quote_mechanism_shadow_not_fill_or_economics
679,trade,1784713813489,65874.0,65875.0,pass,,True,1.00320212,0.5,1.00320212,True,65874.0,65875.0,65873.0,65876.0,True,pass,True,,False,same_sample_production_quote_mechanism_shadow_not_fill_or_economics
680,book,1784713813560,65874.0,65875.0,pass,,True,1.0032206,0.5,1.0032206,True,65874.0,65875.0,65873.0,65876.0,True,pass,True,,False,same_sample_production_quote_mechanism_shadow_not_fill_or_economics
681,book,1784713814090,65874.0,65875.0,fallback_fixed,missing_latest_market_estimator,True,0.5,0.5,0.5,False,65874.0,65875.0,65874.0,65875.0,False,fail_closed,False,"strict_seeded_dynamic_gate_failed:candidate_status_pass,fallback_to_fixed_false,dynamic_overlay_changed,final_quote_behavior_changed",False,same_sample_production_quote_mechanism_shadow_not_fill_or_economics
682,trade,1784713814294,65874.0,65875.0,pass,,True,1.00321959,0.5,1.00321959,True,65874.0,65875.0,65873.0,65876.0,True,pass,True,,False,same_sample_production_quote_mechanism_shadow_not_fill_or_economics
683,book,1784713814621,65874.0,65875.0,pass,,True,1.00328683,0.5,1.00328683,True,65874.0,65875.0,65873.0,65876.0,True,pass,True,,False,same_sample_production_quote_mechanism_shadow_not_fill_or_economics
684,trade,1784713814695,65874.0,65875.0,pass,,True,1.00328683,0.5,1.00328683,True,65874.0,65875.0,65873.0,65876.0,True,pass,True,,False,same_sample_production_quote_mechanism_shadow_not_fill_or_economics
685,trade,1784713815024,65874.0,65875.0,fallback_fixed,missing_latest_market_estimator,True,0.5,0.5,0.5,False,65874.0,65875.0,65874.0,65875.0,False,fail_closed,False,"strict_seeded_dynamic_gate_failed:candidate_status_pass,fallback_to_fixed_false,dynamic_overlay_changed,final_quote_behavior_changed",False,same_sample_production_quote_mechanism_shadow_not_fill_or_economics
686,trade,1784713815024,65874.0,65875.0,fallback_fixed,missing_latest_market_estimator,True,0.5,0.5,0.5,False,65874.0,65875.0,65874.0,65875.0,False,fail_closed,False,"strict_seeded_dynamic_gate_failed:candidate_status_pass,fallback_to_fixed_false,dynamic_overlay_changed,final_quote_behavior_changed",False,same_sample_production_quote_mechanism_shadow_not_fill_or_economics
687,book,1784713815165,65874.0,65875.0,pass,,True,0.85489,0.5,0.85489,True,65874.0,65875.0,65873.0,65876.0,True,pass,True,,False,same_sample_production_quote_mechanism_shadow_not_fill_or_economics
688,book,1784713815706,65874.0,65875.0,pass,,True,0.85488981,0.5,0.85488981,True,65874.0,65875.0,65873.0,65876.0,True,pass,True,,False,same_sample_production_quote_mechanism_shadow_not_fill_or_economics
689,trade,1784713815907,65874.0,65875.0,pass,,True,0.98387237,0.5,0.98387237,True,65874.0,65875.0,65873.0,65876.0,True,pass,True,,False,same_sample_production_quote_mechanism_shadow_not_fill_or_economics
690,book,1784713816242,65874.0,65875.0,fallback_fixed,missing_latest_market_estimator,True,0.5,0.5,0.5,False,65874.0,65875.0,65874.0,65875.0,False,fail_closed,False,"strict_seeded_dynamic_gate_failed:candidate_status_pass,fallback_to_fixed_false,dynamic_overlay_changed,final_quote_behavior_changed",False,same_sample_production_quote_mechanism_shadow_not_fill_or_economics
691,book,1784713816778,65874.0,65875.0,fallback_fixed,missing_latest_market_estimator,True,0.5,0.5,0.5,False,65874.0,65875.0,65874.0,65875.0,False,fail_closed,False,"strict_seeded_dynamic_gate_failed:candidate_status_pass,fallback_to_fixed_false,dynamic_overlay_changed,final_quote_behavior_changed",False,same_sample_production_quote_mechanism_shadow_not_fill_or_economics
692,trade,1784713817180,65874.0,65875.0,fallback_fixed,missing_latest_market_estimator,True,0.5,0.5,0.5,False,65874.0,65875.0,65874.0,65875.0,False,fail_closed,False,"strict_seeded_dynamic_gate_failed:candidate_status_pass,fallback_to_fixed_false,dynamic_overlay_changed,final_quote_behavior_changed",False,same_sample_production_quote_mechanism_shadow_not_fill_or_economics
693,book,1784713817315,65874.0,65875.0,pass,,True,1.00334396,0.5,1.00334396,True,65874.0,65875.0,65873.0,65876.0,True,pass,True,,False,same_sample_production_quote_mechanism_shadow_not_fill_or_economics
694,trade,1784713817786,65874.0,65875.0,pass,,True,1.00334396,0.5,1.00334396,True,65874.0,65875.0,65873.0,65876.0,True,pass,True,,False,same_sample_production_quote_mechanism_shadow_not_fill_or_economics
695,book,1784713817851,65874.0,65875.0,pass,,True,1.0035315,0.5,1.0035315,True,65874.0,65875.0,65873.0,65876.0,True,pass,True,,False,same_sample_production_quote_mechanism_shadow_not_fill_or_economics
696,trade,1784713818038,65874.0,65875.0,fallback_fixed,missing_latest_market_estimator,True,0.5,0.5,0.5,False,65874.0,65875.0,65874.0,65875.0,False,fail_closed,False,"strict_seeded_dynamic_gate_failed:candidate_status_pass,fallback_to_fixed_false,dynamic_overlay_changed,final_quote_behavior_changed",False,same_sample_production_quote_mechanism_shadow_not_fill_or_economics
697,trade,1784713818118,65874.0,65875.0,fallback_fixed,missing_latest_market_estimator,True,0.5,0.5,0.5,False,65874.0,65875.0,65874.0,65875.0,False,fail_closed,False,"strict_seeded_dynamic_gate_failed:candidate_status_pass,fallback_to_fixed_false,dynamic_overlay_changed,final_quote_behavior_changed",False,same_sample_production_quote_mechanism_shadow_not_fill_or_economics
698,book,1784713818400,65874.0,65875.0,pass,,True,1.00323139,0.5,1.00323139,True,65874.0,65875.0,65873.0,65876.0,True,pass,True,,False,same_sample_production_quote_mechanism_shadow_not_fill_or_economics
699,book,1784713818937,65874.0,65875.0,pass,,True,1.00325287,0.5,1.00325287,True,65874.0,65875.0,65873.0,65876.0,True,pass,True,,False,same_sample_production_quote_mechanism_shadow_not_fill_or_economics
700,trade,1784713819272,65874.0,65875.0,fallback_fixed,missing_latest_market_estimator,True,0.5,0.5,0.5,False,65874.0,65875.0,65874.0,65875.0,False,fail_closed,False,"strict_seeded_dynamic_gate_failed:candidate_status_pass,fallback_to_fixed_false,dynamic_overlay_changed,final_quote_behavior_changed",False,same_sample_production_quote_mechanism_shadow_not_fill_or_economics
701,trade,1784713819272,65874.0,65875.0,fallback_fixed,missing_latest_market_estimator,True,0.5,0.5,0.5,False,65874.0,65875.0,65874.0,65875.0,False,fail_closed,False,"strict_seeded_dynamic_gate_failed:candidate_status_pass,fallback_to_fixed_false,dynamic_overlay_changed,final_quote_behavior_changed",False,same_sample_production_quote_mechanism_shadow_not_fill_or_economics
702,book,1784713819477,65874.0,65875.0,pass,,True,1.00333571,0.5,1.00333571,True,65874.0,65875.0,65873.0,65876.0,True,pass,True,,False,same_sample_production_quote_mechanism_shadow_not_fill_or_economics
703,trade,1784713819477,65874.0,65875.0,pass,,True,0.98979901,0.5,0.98979901,True,65874.0,65875.0,65873.0,65876.0,True,pass,True,,False,same_sample_production_quote_mechanism_shadow_not_fill_or_economics
704,trade,1784713819477,65874.0,65875.0,pass,,True,0.9946393,0.5,0.9946393,True,65874.0,65875.0,65873.0,65876.0,True,pass,True,,False,same_sample_production_quote_mechanism_shadow_not_fill_or_economics
705,trade,1784713819477,65874.0,65875.0,pass,,True,0.97147179,0.5,0.97147179,True,65874.0,65875.0,65873.0,65876.0,True,pass,True,,False,same_sample_production_quote_mechanism_shadow_not_fill_or_economics
706,book,1784713820015,65874.0,65875.0,fallback_fixed,missing_latest_market_estimator,True,0.5,0.5,0.5,False,65874.0,65875.0,65874.0,65875.0,False,fail_closed,False,"strict_seeded_dynamic_gate_failed:candidate_status_pass,fallback_to_fixed_false,dynamic_overlay_changed,final_quote_behavior_changed",False,same_sample_production_quote_mechanism_shadow_not_fill_or_economics
707,trade,1784713820015,65874.0,65875.0,pass,,True,1.00321018,0.5,1.00321018,True,65874.0,65875.0,65873.0,65876.0,True,pass,True,,False,same_sample_production_quote_mechanism_shadow_not_fill_or_economics
708,book,1784713820559,65874.0,65875.0,pass,,True,1.00321017,0.5,1.00321017,True,65874.0,65875.0,65873.0,65876.0,True,pass,True,,False,same_sample_production_quote_mechanism_shadow_not_fill_or_economics
709,book,1784713821092,65874.0,65875.0,fallback_fixed,missing_latest_market_estimator,True,0.5,0.5,0.5,False,65874.0,65875.0,65874.0,65875.0,False,fail_closed,False,"strict_seeded_dynamic_gate_failed:candidate_status_pass,fallback_to_fixed_false,dynamic_overlay_changed,final_quote_behavior_changed",False,same_sample_production_quote_mechanism_shadow_not_fill_or_economics
710,trade,1784713821092,65874.0,65875.0,pass,,True,1.00319718,0.5,1.00319718,True,65874.0,65875.0,65873.0,65876.0,True,pass,True,,False,same_sample_production_quote_mechanism_shadow_not_fill_or_economics
711,trade,1784713821565,65874.0,65875.0,pass,,True,0.96426054,0.5,0.96426054,True,65874.0,65875.0,65873.0,65876.0,True,pass,True,,False,same_sample_production_quote_mechanism_shadow_not_fill_or_economics
712,trade,1784713821565,65874.0,65875.0,pass,,True,0.9989788,0.5,0.9989788,True,65874.0,65875.0,65873.0,65876.0,True,pass,True,,False,same_sample_production_quote_mechanism_shadow_not_fill_or_economics
713,trade,1784713821565,65874.0,65875.0,pass,,True,0.99946896,0.5,0.99946896,True,65874.0,65875.0,65873.0,65876.0,True,pass,True,,False,same_sample_production_quote_mechanism_shadow_not_fill_or_economics
714,trade,1784713821565,65874.0,65875.0,pass,,True,1.00020672,0.5,1.00020672,True,65874.0,65875.0,65873.0,65876.0,True,pass,True,,False,same_sample_production_quote_mechanism_shadow_not_fill_or_economics
715,trade,1784713821565,65874.0,65875.0,pass,,True,1.00028683,0.5,1.00028683,True,65874.0,65875.0,65873.0,65876.0,True,pass,True,,False,same_sample_production_quote_mechanism_shadow_not_fill_or_economics
716,book,1784713821630,65874.0,65875.0,pass,,True,1.00014972,0.5,1.00014972,True,65874.0,65875.0,65873.0,65876.0,True,pass,True,,False,same_sample_production_quote_mechanism_shadow_not_fill_or_economics
717,trade,1784713821630,65874.0,65875.0,pass,,True,1.0013337,0.5,1.0013337,True,65874.0,65875.0,65873.0,65876.0,True,pass,True,,False,same_sample_production_quote_mechanism_shadow_not_fill_or_economics
718,trade,1784713821764,65874.0,65875.0,pass,,True,1.00133392,0.5,1.00133392,True,65874.0,65875.0,65873.0,65876.0,True,pass,True,,False,same_sample_production_quote_mechanism_shadow_not_fill_or_economics
719,trade,1784713821764,65874.0,65875.0,pass,,True,1.00136091,0.5,1.00136091,True,65874.0,65875.0,65873.0,65876.0,True,pass,True,,False,same_sample_production_quote_mechanism_shadow_not_fill_or_economics
720,trade,1784713821764,65874.0,65875.0,pass,,True,1.00146637,0.5,1.00146637,True,65874.0,65875.0,65873.0,65876.0,True,pass,True,,False,same_sample_production_quote_mechanism_shadow_not_fill_or_economics
721,trade,1784713821828,65874.0,65875.0,pass,,True,1.00156017,0.5,1.00156017,True,65874.0,65875.0,65873.0,65876.0,True,pass,True,,False,same_sample_production_quote_mechanism_shadow_not_fill_or_economics
722,trade,1784713821828,65874.0,65875.0,pass,,True,1.00196756,0.5,1.00196756,True,65874.0,65875.0,65873.0,65876.0,True,pass,True,,False,same_sample_production_quote_mechanism_shadow_not_fill_or_economics
723,trade,1784713821828,65874.0,65875.0,pass,,True,1.00197843,0.5,1.00197843,True,65874.0,65875.0,65873.0,65876.0,True,pass,True,,False,same_sample_production_quote_mechanism_shadow_not_fill_or_economics
724,trade,1784713821895,65874.0,65875.0,pass,,True,1.00198235,0.5,1.00198235,True,65874.0,65875.0,65873.0,65876.0,True,pass,True,,False,same_sample_production_quote_mechanism_shadow_not_fill_or_economics
725,trade,1784713821964,65874.0,65875.0,pass,,True,1.00199294,0.5,1.00199294,True,65874.0,65875.0,65873.0,65876.0,True,pass,True,,False,same_sample_production_quote_mechanism_shadow_not_fill_or_economics
726,book,1784713822169,65874.0,65875.0,fallback_fixed,missing_latest_market_estimator,True,0.5,0.5,0.5,False,65874.0,65875.0,65874.0,65875.0,False,fail_closed,False,"strict_seeded_dynamic_gate_failed:candidate_status_pass,fallback_to_fixed_false,dynamic_overlay_changed,final_quote_behavior_changed",False,same_sample_production_quote_mechanism_shadow_not_fill_or_economics
727,trade,1784713822169,65874.0,65875.0,pass,,True,1.00305509,0.5,1.00305509,True,65874.0,65875.0,65873.0,65876.0,True,pass,True,,False,same_sample_production_quote_mechanism_shadow_not_fill_or_economics
728,trade,1784713822302,65874.0,65875.0,pass,,True,1.00305509,0.5,1.00305509,True,65874.0,65875.0,65873.0,65876.0,True,pass,True,,False,same_sample_production_quote_mechanism_shadow_not_fill_or_economics
729,trade,1784713822302,65874.0,65875.0,pass,,True,1.00305509,0.5,1.00305509,True,65874.0,65875.0,65873.0,65876.0,True,pass,True,,False,same_sample_production_quote_mechanism_shadow_not_fill_or_economics
730,trade,1784713822563,65874.0,65875.0,pass,,True,1.00305509,0.5,1.00305509,True,65874.0,65875.0,65873.0,65876.0,True,pass,True,,False,same_sample_production_quote_mechanism_shadow_not_fill_or_economics
731,book,1784713822697,65874.0,65875.0,pass,,True,1.00305435,0.5,1.00305435,True,65874.0,65875.0,65873.0,65876.0,True,pass,True,,False,same_sample_production_quote_mechanism_shadow_not_fill_or_economics
732,trade,1784713822697,65874.0,65875.0,pass,,True,1.00305435,0.5,1.00305435,True,65874.0,65875.0,65873.0,65876.0,True,pass,True,,False,same_sample_production_quote_mechanism_shadow_not_fill_or_economics
733,trade,1784713822831,65874.0,65875.0,pass,,True,1.00305435,0.5,1.00305435,True,65874.0,65875.0,65873.0,65876.0,True,pass,True,,False,same_sample_production_quote_mechanism_shadow_not_fill_or_economics
734,trade,1784713822898,65874.0,65875.0,pass,,True,1.00305435,0.5,1.00305435,True,65874.0,65875.0,65873.0,65876.0,True,pass,True,,False,same_sample_production_quote_mechanism_shadow_not_fill_or_economics
735,trade,1784713822970,65874.0,65875.0,pass,,True,1.00305435,0.5,1.00305435,True,65874.0,65875.0,65873.0,65876.0,True,pass,True,,False,same_sample_production_quote_mechanism_shadow_not_fill_or_economics
736,trade,1784713823099,65874.0,65875.0,fallback_fixed,missing_latest_market_estimator,True,0.5,0.5,0.5,False,65874.0,65875.0,65874.0,65875.0,False,fail_closed,False,"strict_seeded_dynamic_gate_failed:candidate_status_pass,fallback_to_fixed_false,dynamic_overlay_changed,final_quote_behavior_changed",False,same_sample_production_quote_mechanism_shadow_not_fill_or_economics
737,trade,1784713823099,65874.0,65875.0,fallback_fixed,missing_latest_market_estimator,True,0.5,0.5,0.5,False,65874.0,65875.0,65874.0,65875.0,False,fail_closed,False,"strict_seeded_dynamic_gate_failed:candidate_status_pass,fallback_to_fixed_false,dynamic_overlay_changed,final_quote_behavior_changed",False,same_sample_production_quote_mechanism_shadow_not_fill_or_economics
738,book,1784713823236,65874.0,65875.0,pass,,True,1.00304718,0.5,1.00304718,True,65874.0,65875.0,65873.0,65876.0,True,pass,True,,False,same_sample_production_quote_mechanism_shadow_not_fill_or_economics
739,trade,1784713823302,65874.0,65875.0,pass,,True,1.00304718,0.5,1.00304718,True,65874.0,65875.0,65873.0,65876.0,True,pass,True,,False,same_sample_production_quote_mechanism_shadow_not_fill_or_economics
740,trade,1784713823373,65874.0,65875.0,pass,,True,1.00089494,0.5,1.00089494,True,65874.0,65875.0,65873.0,65876.0,True,pass,True,,False,same_sample_production_quote_mechanism_shadow_not_fill_or_economics
741,trade,1784713823506,65874.0,65875.0,pass,,True,1.00178231,0.5,1.00178231,True,65874.0,65875.0,65873.0,65876.0,True,pass,True,,False,same_sample_production_quote_mechanism_shadow_not_fill_or_economics
742,trade,1784713823506,65874.0,65875.0,pass,,True,1.00188333,0.5,1.00188333,True,65874.0,65875.0,65873.0,65876.0,True,pass,True,,False,same_sample_production_quote_mechanism_shadow_not_fill_or_economics
743,trade,1784713823572,65874.0,65875.0,pass,,True,1.00169814,0.5,1.00169814,True,65874.0,65875.0,65873.0,65876.0,True,pass,True,,False,same_sample_production_quote_mechanism_shadow_not_fill_or_economics
744,trade,1784713823572,65874.0,65875.0,pass,,True,1.00179789,0.5,1.00179789,True,65874.0,65875.0,65873.0,65876.0,True,pass,True,,False,same_sample_production_quote_mechanism_shadow_not_fill_or_economics
745,book,1784713823773,65874.0,65875.0,pass,,True,1.00180007,0.5,1.00180007,True,65874.0,65875.0,65873.0,65876.0,True,pass,True,,False,same_sample_production_quote_mechanism_shadow_not_fill_or_economics
746,trade,1784713823773,65874.0,65875.0,pass,,True,1.00212479,0.5,1.00212479,True,65874.0,65875.0,65873.0,65876.0,True,pass,True,,False,same_sample_production_quote_mechanism_shadow_not_fill_or_economics
747,trade,1784713823976,65874.0,65875.0,pass,,True,1.00217276,0.5,1.00217276,True,65874.0,65875.0,65873.0,65876.0,True,pass,True,,False,same_sample_production_quote_mechanism_shadow_not_fill_or_economics
748,book,1784713824312,65874.0,65875.0,fallback_fixed,missing_latest_market_estimator,True,0.5,0.5,0.5,False,65874.0,65875.0,65874.0,65875.0,False,fail_closed,False,"strict_seeded_dynamic_gate_failed:candidate_status_pass,fallback_to_fixed_false,dynamic_overlay_changed,final_quote_behavior_changed",False,same_sample_production_quote_mechanism_shadow_not_fill_or_economics
749,trade,1784713824312,65874.0,65875.0,pass,,True,1.00305526,0.5,1.00305526,True,65874.0,65875.0,65873.0,65876.0,True,pass,True,,False,same_sample_production_quote_mechanism_shadow_not_fill_or_economics
750,trade,1784713824312,65874.0,65875.0,pass,,True,0.9267666,0.5,0.9267666,True,65874.0,65875.0,65873.0,65876.0,True,pass,True,,False,same_sample_production_quote_mechanism_shadow_not_fill_or_economics
751,book,1784713824859,65874.0,65875.0,pass,,True,0.9267666,0.5,0.9267666,True,65874.0,65875.0,65873.0,65876.0,True,pass,True,,False,same_sample_production_quote_mechanism_shadow_not_fill_or_economics
752,book,1784713825404,65874.0,65875.0,fallback_fixed,missing_latest_market_estimator,True,0.5,0.5,0.5,False,65874.0,65875.0,65874.0,65875.0,False,fail_closed,False,"strict_seeded_dynamic_gate_failed:candidate_status_pass,fallback_to_fixed_false,dynamic_overlay_changed,final_quote_behavior_changed",False,same_sample_production_quote_mechanism_shadow_not_fill_or_economics
753,trade,1784713825604,65874.0,65875.0,pass,,True,1.00305526,0.5,1.00305526,True,65874.0,65875.0,65873.0,65876.0,True,pass,True,,False,same_sample_production_quote_mechanism_shadow_not_fill_or_economics
754,book,1784713825941,65874.0,65875.0,pass,,True,1.00305444,0.5,1.00305444,True,65874.0,65875.0,65873.0,65876.0,True,pass,True,,False,same_sample_production_quote_mechanism_shadow_not_fill_or_economics
755,trade,1784713825941,65874.0,65875.0,pass,,True,1.00305444,0.5,1.00305444,True,65874.0,65875.0,65873.0,65876.0,True,pass,True,,False,same_sample_production_quote_mechanism_shadow_not_fill_or_economics
756,trade,1784713825941,65874.0,65875.0,pass,,True,0.9925803,0.5,0.9925803,True,65874.0,65875.0,65873.0,65876.0,True,pass,True,,False,same_sample_production_quote_mechanism_shadow_not_fill_or_economics
757,trade,1784713826348,65874.0,65875.0,fallback_fixed,missing_latest_market_estimator,True,0.5,0.5,0.5,False,65874.0,65875.0,65874.0,65875.0,False,fail_closed,False,"strict_seeded_dynamic_gate_failed:candidate_status_pass,fallback_to_fixed_false,dynamic_overlay_changed,final_quote_behavior_changed",False,same_sample_production_quote_mechanism_shadow_not_fill_or_economics
758,trade,1784713826348,65874.0,65875.0,fallback_fixed,missing_latest_market_estimator,True,0.5,0.5,0.5,False,65874.0,65875.0,65874.0,65875.0,False,fail_closed,False,"strict_seeded_dynamic_gate_failed:candidate_status_pass,fallback_to_fixed_false,dynamic_overlay_changed,final_quote_behavior_changed",False,same_sample_production_quote_mechanism_shadow_not_fill_or_economics
759,trade,1784713826348,65874.0,65875.0,fallback_fixed,missing_latest_market_estimator,True,0.5,0.5,0.5,False,65874.0,65875.0,65874.0,65875.0,False,fail_closed,False,"strict_seeded_dynamic_gate_failed:candidate_status_pass,fallback_to_fixed_false,dynamic_overlay_changed,final_quote_behavior_changed",False,same_sample_production_quote_mechanism_shadow_not_fill_or_economics
760,trade,1784713826348,65874.0,65875.0,fallback_fixed,missing_latest_market_estimator,True,0.5,0.5,0.5,False,65874.0,65875.0,65874.0,65875.0,False,fail_closed,False,"strict_seeded_dynamic_gate_failed:candidate_status_pass,fallback_to_fixed_false,dynamic_overlay_changed,final_quote_behavior_changed",False,same_sample_production_quote_mechanism_shadow_not_fill_or_economics
761,trade,1784713826348,65874.0,65875.0,fallback_fixed,missing_latest_market_estimator,True,0.5,0.5,0.5,False,65874.0,65875.0,65874.0,65875.0,False,fail_closed,False,"strict_seeded_dynamic_gate_failed:candidate_status_pass,fallback_to_fixed_false,dynamic_overlay_changed,final_quote_behavior_changed",False,same_sample_production_quote_mechanism_shadow_not_fill_or_economics
762,trade,1784713826348,65874.0,65875.0,fallback_fixed,missing_latest_market_estimator,True,0.5,0.5,0.5,False,65874.0,65875.0,65874.0,65875.0,False,fail_closed,False,"strict_seeded_dynamic_gate_failed:candidate_status_pass,fallback_to_fixed_false,dynamic_overlay_changed,final_quote_behavior_changed",False,same_sample_production_quote_mechanism_shadow_not_fill_or_economics
763,trade,1784713826348,65874.0,65875.0,fallback_fixed,missing_latest_market_estimator,True,0.5,0.5,0.5,False,65874.0,65875.0,65874.0,65875.0,False,fail_closed,False,"strict_seeded_dynamic_gate_failed:candidate_status_pass,fallback_to_fixed_false,dynamic_overlay_changed,final_quote_behavior_changed",False,same_sample_production_quote_mechanism_shadow_not_fill_or_economics
764,trade,1784713826348,65874.0,65875.0,fallback_fixed,missing_latest_market_estimator,True,0.5,0.5,0.5,False,65874.0,65875.0,65874.0,65875.0,False,fail_closed,False,"strict_seeded_dynamic_gate_failed:candidate_status_pass,fallback_to_fixed_false,dynamic_overlay_changed,final_quote_behavior_changed",False,same_sample_production_quote_mechanism_shadow_not_fill_or_economics
765,trade,1784713826348,65874.0,65875.0,fallback_fixed,missing_latest_market_estimator,True,0.5,0.5,0.5,False,65874.0,65875.0,65874.0,65875.0,False,fail_closed,False,"strict_seeded_dynamic_gate_failed:candidate_status_pass,fallback_to_fixed_false,dynamic_overlay_changed,final_quote_behavior_changed",False,same_sample_production_quote_mechanism_shadow_not_fill_or_economics
766,trade,1784713826348,65874.0,65875.0,fallback_fixed,missing_latest_market_estimator,True,0.5,0.5,0.5,False,65874.0,65875.0,65874.0,65875.0,False,fail_closed,False,"strict_seeded_dynamic_gate_failed:candidate_status_pass,fallback_to_fixed_false,dynamic_overlay_changed,final_quote_behavior_changed",False,same_sample_production_quote_mechanism_shadow_not_fill_or_economics
767,trade,1784713826348,65874.0,65875.0,fallback_fixed,missing_latest_market_estimator,True,0.5,0.5,0.5,False,65874.0,65875.0,65874.0,65875.0,False,fail_closed,False,"strict_seeded_dynamic_gate_failed:candidate_status_pass,fallback_to_fixed_false,dynamic_overlay_changed,final_quote_behavior_changed",False,same_sample_production_quote_mechanism_shadow_not_fill_or_economics
768,trade,1784713826348,65874.0,65875.0,fallback_fixed,missing_latest_market_estimator,True,0.5,0.5,0.5,False,65874.0,65875.0,65874.0,65875.0,False,fail_closed,False,"strict_seeded_dynamic_gate_failed:candidate_status_pass,fallback_to_fixed_false,dynamic_overlay_changed,final_quote_behavior_changed",False,same_sample_production_quote_mechanism_shadow_not_fill_or_economics
769,trade,1784713826348,65874.0,65875.0,fallback_fixed,missing_latest_market_estimator,True,0.5,0.5,0.5,False,65874.0,65875.0,65874.0,65875.0,False,fail_closed,False,"strict_seeded_dynamic_gate_failed:candidate_status_pass,fallback_to_fixed_false,dynamic_overlay_changed,final_quote_behavior_changed",False,same_sample_production_quote_mechanism_shadow_not_fill_or_economics
770,trade,1784713826348,65874.0,65875.0,fallback_fixed,missing_latest_market_estimator,True,0.5,0.5,0.5,False,65874.0,65875.0,65874.0,65875.0,False,fail_closed,False,"strict_seeded_dynamic_gate_failed:candidate_status_pass,fallback_to_fixed_false,dynamic_overlay_changed,final_quote_behavior_changed",False,same_sample_production_quote_mechanism_shadow_not_fill_or_economics
771,book,1784713826476,65874.0,65875.0,pass,,True,1.00305391,0.5,1.00305391,True,65874.0,65875.0,65873.0,65876.0,True,pass,True,,False,same_sample_production_quote_mechanism_shadow_not_fill_or_economics
772,trade,1784713826544,65874.0,65875.0,pass,,True,0.82711289,0.5,0.82711289,True,65874.0,65875.0,65873.0,65876.0,True,pass,True,,False,same_sample_production_quote_mechanism_shadow_not_fill_or_economics
773,trade,1784713826732,65874.0,65875.0,pass,,True,0.72185301,0.5,0.72185301,True,65874.0,65875.0,65873.0,65876.0,True,pass,True,,False,same_sample_production_quote_mechanism_shadow_not_fill_or_economics
774,trade,1784713826815,65874.0,65875.0,pass,,True,0.65430475,0.5,0.65430475,True,65874.0,65875.0,65873.0,65876.0,True,pass,True,,False,same_sample_production_quote_mechanism_shadow_not_fill_or_economics
775,book,1784713827077,65874.0,65875.0,fallback_fixed,missing_latest_market_estimator,True,0.5,0.5,0.5,False,65874.0,65875.0,65874.0,65875.0,False,fail_closed,False,"strict_seeded_dynamic_gate_failed:candidate_status_pass,fallback_to_fixed_false,dynamic_overlay_changed,final_quote_behavior_changed",False,same_sample_production_quote_mechanism_shadow_not_fill_or_economics
776,trade,1784713827013,65874.0,65875.0,pass,,True,1.00305456,0.5,1.00305456,True,65874.0,65875.0,65873.0,65876.0,True,pass,True,,False,same_sample_production_quote_mechanism_shadow_not_fill_or_economics
777,trade,1784713827372,65874.0,65875.0,pass,,True,1.00305456,0.5,1.00305456,True,65874.0,65875.0,65873.0,65876.0,True,pass,True,,False,same_sample_production_quote_mechanism_shadow_not_fill_or_economics
778,trade,1784713827434,65874.0,65875.0,pass,,True,0.99479335,0.5,0.99479335,True,65874.0,65875.0,65873.0,65876.0,True,pass,True,,False,same_sample_production_quote_mechanism_shadow_not_fill_or_economics
779,book,1784713827572,65874.0,65875.0,pass,,True,0.99479336,0.5,0.99479336,True,65874.0,65875.0,65873.0,65876.0,True,pass,True,,False,same_sample_production_quote_mechanism_shadow_not_fill_or_economics
780,trade,1784713827771,65874.0,65875.0,pass,,True,0.99481846,0.5,0.99481846,True,65874.0,65875.0,65873.0,65876.0,True,pass,True,,False,same_sample_production_quote_mechanism_shadow_not_fill_or_economics
781,book,1784713828106,65874.0,65875.0,fallback_fixed,missing_latest_market_estimator,True,0.5,0.5,0.5,False,65874.0,65875.0,65874.0,65875.0,False,fail_closed,False,"strict_seeded_dynamic_gate_failed:candidate_status_pass,fallback_to_fixed_false,dynamic_overlay_changed,final_quote_behavior_changed",False,same_sample_production_quote_mechanism_shadow_not_fill_or_economics
782,book,1784713828644,65874.0,65875.0,fallback_fixed,missing_latest_market_estimator,True,0.5,0.5,0.5,False,65874.0,65875.0,65874.0,65875.0,False,fail_closed,False,"strict_seeded_dynamic_gate_failed:candidate_status_pass,fallback_to_fixed_false,dynamic_overlay_changed,final_quote_behavior_changed",False,same_sample_production_quote_mechanism_shadow_not_fill_or_economics
783,trade,1784713828644,65874.0,65875.0,pass,,True,1.00305723,0.5,1.00305723,True,65874.0,65875.0,65873.0,65876.0,True,pass,True,,False,same_sample_production_quote_mechanism_shadow_not_fill_or_economics
784,trade,1784713828644,65874.0,65875.0,pass,,True,1.00305723,0.5,1.00305723,True,65874.0,65875.0,65873.0,65876.0,True,pass,True,,False,same_sample_production_quote_mechanism_shadow_not_fill_or_economics
785,trade,1784713828711,65874.0,65875.0,pass,,True,1.00305723,0.5,1.00305723,True,65874.0,65875.0,65873.0,65876.0,True,pass,True,,False,same_sample_production_quote_mechanism_shadow_not_fill_or_economics
786,trade,1784713829046,65874.0,65875.0,fallback_fixed,missing_latest_market_estimator,True,0.5,0.5,0.5,False,65874.0,65875.0,65874.0,65875.0,False,fail_closed,False,"strict_seeded_dynamic_gate_failed:candidate_status_pass,fallback_to_fixed_false,dynamic_overlay_changed,final_quote_behavior_changed",False,same_sample_production_quote_mechanism_shadow_not_fill_or_economics
787,book,1784713829180,65874.0,65875.0,pass,,True,1.00305373,0.5,1.00305373,True,65874.0,65875.0,65873.0,65876.0,True,pass,True,,False,same_sample_production_quote_mechanism_shadow_not_fill_or_economics
788,book,1784713829716,65874.0,65875.0,pass,,True,1.00305414,0.5,1.00305414,True,65874.0,65875.0,65873.0,65876.0,True,pass,True,,False,same_sample_production_quote_mechanism_shadow_not_fill_or_economics
789,book,1784713830253,65874.0,65875.0,fallback_fixed,missing_latest_market_estimator,True,0.5,0.5,0.5,False,65874.0,65875.0,65874.0,65875.0,False,fail_closed,False,"strict_seeded_dynamic_gate_failed:candidate_status_pass,fallback_to_fixed_false,dynamic_overlay_changed,final_quote_behavior_changed",False,same_sample_production_quote_mechanism_shadow_not_fill_or_economics
790,trade,1784713830534,65874.0,65875.0,pass,,True,1.00305414,0.5,1.00305414,True,65874.0,65875.0,65873.0,65876.0,True,pass,True,,False,same_sample_production_quote_mechanism_shadow_not_fill_or_economics
791,book,1784713830801,65874.0,65875.0,pass,,True,1.00305414,0.5,1.00305414,True,65874.0,65875.0,65873.0,65876.0,True,pass,True,,False,same_sample_production_quote_mechanism_shadow_not_fill_or_economics
792,trade,1784713831069,65874.0,65875.0,fallback_fixed,missing_latest_market_estimator,True,0.5,0.5,0.5,False,65874.0,65875.0,65874.0,65875.0,False,fail_closed,False,"strict_seeded_dynamic_gate_failed:candidate_status_pass,fallback_to_fixed_false,dynamic_overlay_changed,final_quote_behavior_changed",False,same_sample_production_quote_mechanism_shadow_not_fill_or_economics
793,trade,1784713831069,65874.0,65875.0,fallback_fixed,missing_latest_market_estimator,True,0.5,0.5,0.5,False,65874.0,65875.0,65874.0,65875.0,False,fail_closed,False,"strict_seeded_dynamic_gate_failed:candidate_status_pass,fallback_to_fixed_false,dynamic_overlay_changed,final_quote_behavior_changed",False,same_sample_production_quote_mechanism_shadow_not_fill_or_economics
794,trade,1784713831069,65874.0,65875.0,fallback_fixed,missing_latest_market_estimator,True,0.5,0.5,0.5,False,65874.0,65875.0,65874.0,65875.0,False,fail_closed,False,"strict_seeded_dynamic_gate_failed:candidate_status_pass,fallback_to_fixed_false,dynamic_overlay_changed,final_quote_behavior_changed",False,same_sample_production_quote_mechanism_shadow_not_fill_or_economics
795,trade,1784713831069,65874.0,65875.0,fallback_fixed,missing_latest_market_estimator,True,0.5,0.5,0.5,False,65874.0,65875.0,65874.0,65875.0,False,fail_closed,False,"strict_seeded_dynamic_gate_failed:candidate_status_pass,fallback_to_fixed_false,dynamic_overlay_changed,final_quote_behavior_changed",False,same_sample_production_quote_mechanism_shadow_not_fill_or_economics
796,book,1784713831340,65873.0,65874.0,pass,,True,1.203,0.5,1.203,True,65873.0,65874.0,65872.0,65875.0,True,pass,True,,False,same_sample_production_quote_mechanism_shadow_not_fill_or_economics
797,trade,1784713831550,65873.0,65874.0,pass,,True,1.203,0.5,1.203,True,65873.0,65874.0,65872.0,65875.0,True,pass,True,,False,same_sample_production_quote_mechanism_shadow_not_fill_or_economics
798,trade,1784713831685,65873.0,65874.0,pass,,True,0.89795413,0.5,0.89795413,True,65873.0,65874.0,65872.0,65875.0,True,pass,True,,False,same_sample_production_quote_mechanism_shadow_not_fill_or_economics
799,book,1784713831875,65868.0,65869.0,pass,,True,0.79156984,0.5,0.79156984,True,65868.0,65869.0,65867.0,65870.0,True,pass,True,,False,same_sample_production_quote_mechanism_shadow_not_fill_or_economics
800,trade,1784713832018,65868.0,65869.0,fallback_fixed,missing_latest_market_estimator,True,0.5,0.5,0.5,False,65868.0,65869.0,65868.0,65869.0,False,fail_closed,False,"strict_seeded_dynamic_gate_failed:candidate_status_pass,fallback_to_fixed_false,dynamic_overlay_changed,final_quote_behavior_changed",False,same_sample_production_quote_mechanism_shadow_not_fill_or_economics
801,trade,1784713832082,65868.0,65869.0,fallback_fixed,missing_latest_market_estimator,True,0.5,0.5,0.5,False,65868.0,65869.0,65868.0,65869.0,False,fail_closed,False,"strict_seeded_dynamic_gate_failed:candidate_status_pass,fallback_to_fixed_false,dynamic_overlay_changed,final_quote_behavior_changed",False,same_sample_production_quote_mechanism_shadow_not_fill_or_economics
802,book,1784713832426,65868.0,65869.0,pass,,True,1.1343502,0.5,1.1343502,True,65868.0,65869.0,65867.0,65870.0,True,pass,True,,False,same_sample_production_quote_mechanism_shadow_not_fill_or_economics
803,trade,1784713832491,65868.0,65869.0,pass,,True,1.1343502,0.5,1.1343502,True,65868.0,65869.0,65867.0,65870.0,True,pass,True,,False,same_sample_production_quote_mechanism_shadow_not_fill_or_economics
804,trade,1784713832491,65868.0,65869.0,pass,,True,1.1343502,0.5,1.1343502,True,65868.0,65869.0,65867.0,65870.0,True,pass,True,,False,same_sample_production_quote_mechanism_shadow_not_fill_or_economics
805,trade,1784713832491,65868.0,65869.0,pass,,True,1.1343502,0.5,1.1343502,True,65868.0,65869.0,65867.0,65870.0,True,pass,True,,False,same_sample_production_quote_mechanism_shadow_not_fill_or_economics
806,trade,1784713832491,65868.0,65869.0,pass,,True,1.1343502,0.5,1.1343502,True,65868.0,65869.0,65867.0,65870.0,True,pass,True,,False,same_sample_production_quote_mechanism_shadow_not_fill_or_economics
807,trade,1784713832491,65868.0,65869.0,pass,,True,1.05524999,0.5,1.05524999,True,65868.0,65869.0,65867.0,65870.0,True,pass,True,,False,same_sample_production_quote_mechanism_shadow_not_fill_or_economics
808,trade,1784713832491,65868.0,65869.0,pass,,True,1.08926315,0.5,1.08926315,True,65868.0,65869.0,65867.0,65870.0,True,pass,True,,False,same_sample_production_quote_mechanism_shadow_not_fill_or_economics
809,trade,1784713832895,65868.0,65869.0,pass,,True,1.08939168,0.5,1.08939168,True,65868.0,65869.0,65867.0,65870.0,True,pass,True,,False,same_sample_production_quote_mechanism_shadow_not_fill_or_economics
810,trade,1784713832895,65868.0,65869.0,pass,,True,1.10931528,0.5,1.10931528,True,65868.0,65869.0,65867.0,65870.0,True,pass,True,,False,same_sample_production_quote_mechanism_shadow_not_fill_or_economics
811,trade,1784713832895,65868.0,65869.0,pass,,True,1.11518435,0.5,1.11518435,True,65868.0,65869.0,65867.0,65870.0,True,pass,True,,False,same_sample_production_quote_mechanism_shadow_not_fill_or_economics
812,trade,1784713832895,65868.0,65869.0,pass,,True,1.1157915,0.5,1.1157915,True,65868.0,65869.0,65867.0,65870.0,True,pass,True,,False,same_sample_production_quote_mechanism_shadow_not_fill_or_economics
813,book,1784713832963,65867.0,65868.0,pass,,True,1.00051804,0.5,1.00051804,True,65867.0,65868.0,65866.0,65869.0,True,pass,True,,False,same_sample_production_quote_mechanism_shadow_not_fill_or_economics
814,book,1784713833507,65867.0,65868.0,fallback_fixed,missing_latest_market_estimator,True,0.5,0.5,0.5,False,65867.0,65868.0,65867.0,65868.0,False,fail_closed,False,"strict_seeded_dynamic_gate_failed:candidate_status_pass,fallback_to_fixed_false,dynamic_overlay_changed,final_quote_behavior_changed",False,same_sample_production_quote_mechanism_shadow_not_fill_or_economics
815,trade,1784713833507,65867.0,65868.0,pass,,True,1.07809072,0.5,1.07809072,True,65867.0,65868.0,65866.0,65869.0,True,pass,True,,False,same_sample_production_quote_mechanism_shadow_not_fill_or_economics
816,book,1784713834034,65864.0,65865.0,fallback_fixed,missing_latest_market_estimator,True,0.5,0.5,0.5,False,65864.0,65865.0,65864.0,65865.0,False,fail_closed,False,"strict_seeded_dynamic_gate_failed:candidate_status_pass,fallback_to_fixed_false,dynamic_overlay_changed,final_quote_behavior_changed",False,same_sample_production_quote_mechanism_shadow_not_fill_or_economics
817,trade,1784713834112,65864.0,65865.0,pass,,True,1.20336645,0.5,1.20336645,True,65864.0,65865.0,65863.0,65866.0,True,pass,True,,False,same_sample_production_quote_mechanism_shadow_not_fill_or_economics
818,trade,1784713834112,65864.0,65865.0,pass,,True,1.20336645,0.5,1.20336645,True,65864.0,65865.0,65863.0,65866.0,True,pass,True,,False,same_sample_production_quote_mechanism_shadow_not_fill_or_economics
819,trade,1784713834112,65864.0,65865.0,pass,,True,1.20336645,0.5,1.20336645,True,65864.0,65865.0,65863.0,65866.0,True,pass,True,,False,same_sample_production_quote_mechanism_shadow_not_fill_or_economics
820,book,1784713834579,65861.0,65862.0,pass,,True,1.00479625,0.5,1.00479625,True,65861.0,65862.0,65860.0,65863.0,True,pass,True,,False,same_sample_production_quote_mechanism_shadow_not_fill_or_economics
821,trade,1784713834579,65861.0,65862.0,pass,,True,1.00479625,0.5,1.00479625,True,65861.0,65862.0,65860.0,65863.0,True,pass,True,,False,same_sample_production_quote_mechanism_shadow_not_fill_or_economics
822,trade,1784713834579,65861.0,65862.0,pass,,True,1.00479625,0.5,1.00479625,True,65861.0,65862.0,65860.0,65863.0,True,pass,True,,False,same_sample_production_quote_mechanism_shadow_not_fill_or_economics
823,trade,1784713834579,65861.0,65862.0,pass,,True,1.00479625,0.5,1.00479625,True,65861.0,65862.0,65860.0,65863.0,True,pass,True,,False,same_sample_production_quote_mechanism_shadow_not_fill_or_economics
824,book,1784713835113,65861.0,65862.0,fallback_fixed,missing_latest_market_estimator,True,0.5,0.5,0.5,False,65861.0,65862.0,65861.0,65862.0,False,fail_closed,False,"strict_seeded_dynamic_gate_failed:candidate_status_pass,fallback_to_fixed_false,dynamic_overlay_changed,final_quote_behavior_changed",False,same_sample_production_quote_mechanism_shadow_not_fill_or_economics
825,book,1784713835652,65861.0,65862.0,fallback_fixed,missing_latest_market_estimator,True,0.5,0.5,0.5,False,65861.0,65862.0,65861.0,65862.0,False,fail_closed,False,"strict_seeded_dynamic_gate_failed:candidate_status_pass,fallback_to_fixed_false,dynamic_overlay_changed,final_quote_behavior_changed",False,same_sample_production_quote_mechanism_shadow_not_fill_or_economics
826,trade,1784713836050,65861.0,65862.0,fallback_fixed,missing_latest_market_estimator,True,0.5,0.5,0.5,False,65861.0,65862.0,65861.0,65862.0,False,fail_closed,False,"strict_seeded_dynamic_gate_failed:candidate_status_pass,fallback_to_fixed_false,dynamic_overlay_changed,final_quote_behavior_changed",False,same_sample_production_quote_mechanism_shadow_not_fill_or_economics
827,book,1784713836190,65861.0,65862.0,pass,,True,1.00415965,0.5,1.00415965,True,65861.0,65862.0,65860.0,65863.0,True,pass,True,,False,same_sample_production_quote_mechanism_shadow_not_fill_or_economics
828,trade,1784713836524,65861.0,65862.0,pass,,True,0.83945377,0.5,0.83945377,True,65861.0,65862.0,65860.0,65863.0,True,pass,True,,False,same_sample_production_quote_mechanism_shadow_not_fill_or_economics
829,book,1784713836724,65861.0,65862.0,pass,,True,0.84014423,0.5,0.84014423,True,65861.0,65862.0,65860.0,65863.0,True,pass,True,,False,same_sample_production_quote_mechanism_shadow_not_fill_or_economics
830,book,1784713837263,65861.0,65862.0,fallback_fixed,missing_latest_market_estimator,True,0.5,0.5,0.5,False,65861.0,65862.0,65861.0,65862.0,False,fail_closed,False,"strict_seeded_dynamic_gate_failed:candidate_status_pass,fallback_to_fixed_false,dynamic_overlay_changed,final_quote_behavior_changed",False,same_sample_production_quote_mechanism_shadow_not_fill_or_economics
831,trade,1784713837665,65861.0,65862.0,pass,,True,1.00485011,0.5,1.00485011,True,65861.0,65862.0,65860.0,65863.0,True,pass,True,,False,same_sample_production_quote_mechanism_shadow_not_fill_or_economics
832,book,1784713837799,65861.0,65862.0,pass,,True,1.00516806,0.5,1.00516806,True,65861.0,65862.0,65860.0,65863.0,True,pass,True,,False,same_sample_production_quote_mechanism_shadow_not_fill_or_economics
833,book,1784713838337,65861.0,65862.0,fallback_fixed,missing_latest_market_estimator,True,0.5,0.5,0.5,False,65861.0,65862.0,65861.0,65862.0,False,fail_closed,False,"strict_seeded_dynamic_gate_failed:candidate_status_pass,fallback_to_fixed_false,dynamic_overlay_changed,final_quote_behavior_changed",False,same_sample_production_quote_mechanism_shadow_not_fill_or_economics
834,trade,1784713838739,65861.0,65862.0,pass,,True,1.00456532,0.5,1.00456532,True,65861.0,65862.0,65860.0,65863.0,True,pass,True,,False,same_sample_production_quote_mechanism_shadow_not_fill_or_economics
835,trade,1784713838739,65861.0,65862.0,pass,,True,1.00456532,0.5,1.00456532,True,65861.0,65862.0,65860.0,65863.0,True,pass,True,,False,same_sample_production_quote_mechanism_shadow_not_fill_or_economics
836,trade,1784713838739,65861.0,65862.0,pass,,True,1.00456532,0.5,1.00456532,True,65861.0,65862.0,65860.0,65863.0,True,pass,True,,False,same_sample_production_quote_mechanism_shadow_not_fill_or_economics
837,trade,1784713838739,65861.0,65862.0,pass,,True,1.00456532,0.5,1.00456532,True,65861.0,65862.0,65860.0,65863.0,True,pass,True,,False,same_sample_production_quote_mechanism_shadow_not_fill_or_economics
838,trade,1784713838739,65861.0,65862.0,pass,,True,1.00456532,0.5,1.00456532,True,65861.0,65862.0,65860.0,65863.0,True,pass,True,,False,same_sample_production_quote_mechanism_shadow_not_fill_or_economics
839,trade,1784713838739,65861.0,65862.0,pass,,True,1.00456532,0.5,1.00456532,True,65861.0,65862.0,65860.0,65863.0,True,pass,True,,False,same_sample_production_quote_mechanism_shadow_not_fill_or_economics
840,trade,1784713838739,65861.0,65862.0,pass,,True,1.00456532,0.5,1.00456532,True,65861.0,65862.0,65860.0,65863.0,True,pass,True,,False,same_sample_production_quote_mechanism_shadow_not_fill_or_economics
841,trade,1784713838739,65861.0,65862.0,pass,,True,1.00456532,0.5,1.00456532,True,65861.0,65862.0,65860.0,65863.0,True,pass,True,,False,same_sample_production_quote_mechanism_shadow_not_fill_or_economics
842,trade,1784713838739,65861.0,65862.0,pass,,True,1.00456532,0.5,1.00456532,True,65861.0,65862.0,65860.0,65863.0,True,pass,True,,False,same_sample_production_quote_mechanism_shadow_not_fill_or_economics
843,book,1784713838877,65861.0,65862.0,pass,,True,1.01656042,0.5,1.01656042,True,65861.0,65862.0,65860.0,65863.0,True,pass,True,,False,same_sample_production_quote_mechanism_shadow_not_fill_or_economics
844,book,1784713839415,65861.0,65862.0,fallback_fixed,missing_latest_market_estimator,True,0.5,0.5,0.5,False,65861.0,65862.0,65861.0,65862.0,False,fail_closed,False,"strict_seeded_dynamic_gate_failed:candidate_status_pass,fallback_to_fixed_false,dynamic_overlay_changed,final_quote_behavior_changed",False,same_sample_production_quote_mechanism_shadow_not_fill_or_economics
845,trade,1784713839485,65861.0,65862.0,pass,,True,1.00435402,0.5,1.00435402,True,65861.0,65862.0,65860.0,65863.0,True,pass,True,,False,same_sample_production_quote_mechanism_shadow_not_fill_or_economics
846,trade,1784713839686,65861.0,65862.0,pass,,True,1.00435402,0.5,1.00435402,True,65861.0,65862.0,65860.0,65863.0,True,pass,True,,False,same_sample_production_quote_mechanism_shadow_not_fill_or_economics
847,trade,1784713839686,65861.0,65862.0,pass,,True,1.00435402,0.5,1.00435402,True,65861.0,65862.0,65860.0,65863.0,True,pass,True,,False,same_sample_production_quote_mechanism_shadow_not_fill_or_economics
848,book,1784713839944,65861.0,65862.0,pass,,True,1.00537453,0.5,1.00537453,True,65861.0,65862.0,65860.0,65863.0,True,pass,True,,False,same_sample_production_quote_mechanism_shadow_not_fill_or_economics
849,trade,1784713840016,65861.0,65862.0,fallback_fixed,missing_latest_market_estimator,True,0.5,0.5,0.5,False,65861.0,65862.0,65861.0,65862.0,False,fail_closed,False,"strict_seeded_dynamic_gate_failed:candidate_status_pass,fallback_to_fixed_false,dynamic_overlay_changed,final_quote_behavior_changed",False,same_sample_production_quote_mechanism_shadow_not_fill_or_economics
850,trade,1784713840016,65861.0,65862.0,fallback_fixed,missing_latest_market_estimator,True,0.5,0.5,0.5,False,65861.0,65862.0,65861.0,65862.0,False,fail_closed,False,"strict_seeded_dynamic_gate_failed:candidate_status_pass,fallback_to_fixed_false,dynamic_overlay_changed,final_quote_behavior_changed",False,same_sample_production_quote_mechanism_shadow_not_fill_or_economics
851,trade,1784713840016,65861.0,65862.0,fallback_fixed,missing_latest_market_estimator,True,0.5,0.5,0.5,False,65861.0,65862.0,65861.0,65862.0,False,fail_closed,False,"strict_seeded_dynamic_gate_failed:candidate_status_pass,fallback_to_fixed_false,dynamic_overlay_changed,final_quote_behavior_changed",False,same_sample_production_quote_mechanism_shadow_not_fill_or_economics
852,trade,1784713840016,65861.0,65862.0,fallback_fixed,missing_latest_market_estimator,True,0.5,0.5,0.5,False,65861.0,65862.0,65861.0,65862.0,False,fail_closed,False,"strict_seeded_dynamic_gate_failed:candidate_status_pass,fallback_to_fixed_false,dynamic_overlay_changed,final_quote_behavior_changed",False,same_sample_production_quote_mechanism_shadow_not_fill_or_economics
853,book,1784713840489,65861.0,65862.0,pass,,True,1.00537453,0.5,1.00537453,True,65861.0,65862.0,65860.0,65863.0,True,pass,True,,False,same_sample_production_quote_mechanism_shadow_not_fill_or_economics
854,trade,1784713840891,65861.0,65862.0,pass,,True,1.00537453,0.5,1.00537453,True,65861.0,65862.0,65860.0,65863.0,True,pass,True,,False,same_sample_production_quote_mechanism_shadow_not_fill_or_economics
855,book,1784713841028,65861.0,65862.0,fallback_fixed,missing_latest_market_estimator,True,0.5,0.5,0.5,False,65861.0,65862.0,65861.0,65862.0,False,fail_closed,False,"strict_seeded_dynamic_gate_failed:candidate_status_pass,fallback_to_fixed_false,dynamic_overlay_changed,final_quote_behavior_changed",False,same_sample_production_quote_mechanism_shadow_not_fill_or_economics
856,book,1784713841554,65861.0,65862.0,fallback_fixed,missing_latest_market_estimator,True,0.5,0.5,0.5,False,65861.0,65862.0,65861.0,65862.0,False,fail_closed,False,"strict_seeded_dynamic_gate_failed:candidate_status_pass,fallback_to_fixed_false,dynamic_overlay_changed,final_quote_behavior_changed",False,same_sample_production_quote_mechanism_shadow_not_fill_or_economics
857,book,1784713842097,65861.0,65862.0,fallback_fixed,missing_latest_market_estimator,True,0.5,0.5,0.5,False,65861.0,65862.0,65861.0,65862.0,False,fail_closed,False,"strict_seeded_dynamic_gate_failed:candidate_status_pass,fallback_to_fixed_false,dynamic_overlay_changed,final_quote_behavior_changed",False,same_sample_production_quote_mechanism_shadow_not_fill_or_economics
858,trade,1784713842301,65861.0,65862.0,pass,,True,1.00591478,0.5,1.00591478,True,65861.0,65862.0,65860.0,65863.0,True,pass,True,,False,same_sample_production_quote_mechanism_shadow_not_fill_or_economics
859,book,1784713842652,65861.0,65862.0,pass,,True,1.00582836,0.5,1.00582836,True,65861.0,65862.0,65860.0,65863.0,True,pass,True,,False,same_sample_production_quote_mechanism_shadow_not_fill_or_economics
860,trade,1784713842786,65861.0,65862.0,pass,,True,0.80376651,0.5,0.80376651,True,65861.0,65862.0,65860.0,65863.0,True,pass,True,,False,same_sample_production_quote_mechanism_shadow_not_fill_or_economics
861,trade,1784713843049,65861.0,65862.0,fallback_fixed,missing_latest_market_estimator,True,0.5,0.5,0.5,False,65861.0,65862.0,65861.0,65862.0,False,fail_closed,False,"strict_seeded_dynamic_gate_failed:candidate_status_pass,fallback_to_fixed_false,dynamic_overlay_changed,final_quote_behavior_changed",False,same_sample_production_quote_mechanism_shadow_not_fill_or_economics
862,book,1784713843188,65861.0,65862.0,pass,,True,1.00583842,0.5,1.00583842,True,65861.0,65862.0,65860.0,65863.0,True,pass,True,,False,same_sample_production_quote_mechanism_shadow_not_fill_or_economics
863,trade,1784713843454,65861.0,65862.0,pass,,True,0.85327432,0.5,0.85327432,True,65861.0,65862.0,65860.0,65863.0,True,pass,True,,False,same_sample_production_quote_mechanism_shadow_not_fill_or_economics
864,book,1784713843725,65861.0,65862.0,pass,,True,0.85327589,0.5,0.85327589,True,65861.0,65862.0,65860.0,65863.0,True,pass,True,,False,same_sample_production_quote_mechanism_shadow_not_fill_or_economics
865,trade,1784713843858,65861.0,65862.0,pass,,True,0.75063166,0.5,0.75063166,True,65861.0,65862.0,65860.0,65863.0,True,pass,True,,False,same_sample_production_quote_mechanism_shadow_not_fill_or_economics
866,trade,1784713844061,65861.0,65862.0,fallback_fixed,missing_latest_market_estimator,True,0.5,0.5,0.5,False,65861.0,65862.0,65861.0,65862.0,False,fail_closed,False,"strict_seeded_dynamic_gate_failed:candidate_status_pass,fallback_to_fixed_false,dynamic_overlay_changed,final_quote_behavior_changed",False,same_sample_production_quote_mechanism_shadow_not_fill_or_economics
867,trade,1784713844061,65861.0,65862.0,fallback_fixed,missing_latest_market_estimator,True,0.5,0.5,0.5,False,65861.0,65862.0,65861.0,65862.0,False,fail_closed,False,"strict_seeded_dynamic_gate_failed:candidate_status_pass,fallback_to_fixed_false,dynamic_overlay_changed,final_quote_behavior_changed",False,same_sample_production_quote_mechanism_shadow_not_fill_or_economics
868,book,1784713844262,65861.0,65862.0,pass,,True,1.00583999,0.5,1.00583999,True,65861.0,65862.0,65860.0,65863.0,True,pass,True,,False,same_sample_production_quote_mechanism_shadow_not_fill_or_economics
869,book,1784713844806,65861.0,65862.0,pass,,True,1.00583999,0.5,1.00583999,True,65861.0,65862.0,65860.0,65863.0,True,pass,True,,False,same_sample_production_quote_mechanism_shadow_not_fill_or_economics
870,trade,1784713845010,65861.0,65862.0,fallback_fixed,missing_latest_market_estimator,True,0.5,0.5,0.5,False,65861.0,65862.0,65861.0,65862.0,False,fail_closed,False,"strict_seeded_dynamic_gate_failed:candidate_status_pass,fallback_to_fixed_false,dynamic_overlay_changed,final_quote_behavior_changed",False,same_sample_production_quote_mechanism_shadow_not_fill_or_economics
871,trade,1784713845274,65861.0,65862.0,fallback_fixed,missing_latest_market_estimator,True,0.5,0.5,0.5,False,65861.0,65862.0,65861.0,65862.0,False,fail_closed,False,"strict_seeded_dynamic_gate_failed:candidate_status_pass,fallback_to_fixed_false,dynamic_overlay_changed,final_quote_behavior_changed",False,same_sample_production_quote_mechanism_shadow_not_fill_or_economics
872,book,1784713845342,65861.0,65862.0,pass,,True,1.0052592,0.5,1.0052592,True,65861.0,65862.0,65860.0,65863.0,True,pass,True,,False,same_sample_production_quote_mechanism_shadow_not_fill_or_economics
873,book,1784713845881,65861.0,65862.0,pass,,True,1.00492774,0.5,1.00492774,True,65861.0,65862.0,65860.0,65863.0,True,pass,True,,False,same_sample_production_quote_mechanism_shadow_not_fill_or_economics
874,trade,1784713846016,65861.0,65862.0,fallback_fixed,missing_latest_market_estimator,True,0.5,0.5,0.5,False,65861.0,65862.0,65861.0,65862.0,False,fail_closed,False,"strict_seeded_dynamic_gate_failed:candidate_status_pass,fallback_to_fixed_false,dynamic_overlay_changed,final_quote_behavior_changed",False,same_sample_production_quote_mechanism_shadow_not_fill_or_economics
875,book,1784713846416,65861.0,65862.0,pass,,True,1.00516675,0.5,1.00516675,True,65861.0,65862.0,65860.0,65863.0,True,pass,True,,False,same_sample_production_quote_mechanism_shadow_not_fill_or_economics
876,book,1784713846951,65861.0,65862.0,pass,,True,1.00550774,0.5,1.00550774,True,65861.0,65862.0,65860.0,65863.0,True,pass,True,,False,same_sample_production_quote_mechanism_shadow_not_fill_or_economics
877,trade,1784713847018,65861.0,65862.0,fallback_fixed,missing_latest_market_estimator,True,0.5,0.5,0.5,False,65861.0,65862.0,65861.0,65862.0,False,fail_closed,False,"strict_seeded_dynamic_gate_failed:candidate_status_pass,fallback_to_fixed_false,dynamic_overlay_changed,final_quote_behavior_changed",False,same_sample_production_quote_mechanism_shadow_not_fill_or_economics
878,trade,1784713847222,65861.0,65862.0,fallback_fixed,missing_latest_market_estimator,True,0.5,0.5,0.5,False,65861.0,65862.0,65861.0,65862.0,False,fail_closed,False,"strict_seeded_dynamic_gate_failed:candidate_status_pass,fallback_to_fixed_false,dynamic_overlay_changed,final_quote_behavior_changed",False,same_sample_production_quote_mechanism_shadow_not_fill_or_economics
879,book,1784713847488,65861.0,65862.0,pass,,True,1.00552241,0.5,1.00552241,True,65861.0,65862.0,65860.0,65863.0,True,pass,True,,False,same_sample_production_quote_mechanism_shadow_not_fill_or_economics
880,trade,1784713847488,65861.0,65862.0,pass,,True,0.76235209,0.5,0.76235209,True,65861.0,65862.0,65860.0,65863.0,True,pass,True,,False,same_sample_production_quote_mechanism_shadow_not_fill_or_economics
881,book,1784713848025,65861.0,65862.0,fallback_fixed,missing_latest_market_estimator,True,0.5,0.5,0.5,False,65861.0,65862.0,65861.0,65862.0,False,fail_closed,False,"strict_seeded_dynamic_gate_failed:candidate_status_pass,fallback_to_fixed_false,dynamic_overlay_changed,final_quote_behavior_changed",False,same_sample_production_quote_mechanism_shadow_not_fill_or_economics
882,trade,1784713848025,65861.0,65862.0,pass,,True,1.00552338,0.5,1.00552338,True,65861.0,65862.0,65860.0,65863.0,True,pass,True,,False,same_sample_production_quote_mechanism_shadow_not_fill_or_economics
883,book,1784713848561,65861.0,65862.0,pass,,True,1.00710011,0.5,1.00710011,True,65861.0,65862.0,65860.0,65863.0,True,pass,True,,False,same_sample_production_quote_mechanism_shadow_not_fill_or_economics
884,book,1784713849097,65861.0,65862.0,fallback_fixed,missing_latest_market_estimator,True,0.5,0.5,0.5,False,65861.0,65862.0,65861.0,65862.0,False,fail_closed,False,"strict_seeded_dynamic_gate_failed:candidate_status_pass,fallback_to_fixed_false,dynamic_overlay_changed,final_quote_behavior_changed",False,same_sample_production_quote_mechanism_shadow_not_fill_or_economics
