event_sequence,source_channel,source_event_exchange_time_ms,current_bid,current_ask,rolling_trade_count_last_3s,touch_trade_qty_btc,strict_trade_through_qty_btc,at_or_through_trade_qty_btc,opposite_trade_qty_btc,rolling_window_seconds
1,l2Book,1784012480023,62614,62615,0,0,0,0,0,3.0
2,trades,1784012480023,62614,62615,18,0.3069,0,0.3069,0.32375,3.0
3,l2Book,1784012480567,62614,62615,5,0.3069,0,0.3069,0.16909,3.0
4,l2Book,1784012481100,62614,62615,5,0.3069,0,0.3069,0.16909,3.0
5,l2Book,1784012481639,62611,62612,4,0,0,0,0.42599,3.0
6,l2Book,1784012482236,62611,62612,4,0,0,0,0.42599,3.0
7,l2Book,1784012482847,62611,62612,3,0,0,0,0.3069,3.0
8,trades,1784012482847,62611,62612,4,0.00019,0,0.00019,0.3069,3.0
9,l2Book,1784012483401,62611,62612,1,0.00019,0,0.00019,0,3.0
10,l2Book,1784012483905,62611,62612,1,0.00019,0,0.00019,0,3.0
11,l2Book,1784012484457,62611,62612,1,0.00019,0,0.00019,0,3.0
12,l2Book,1784012484992,62611,62612,1,0.00019,0,0.00019,0,3.0
13,trades,1784012485049,62611,62612,2,0.00019,0,0.00019,0.00159,3.0
14,l2Book,1784012485524,62611,62612,2,0.00019,0,0.00019,0.00159,3.0
15,trades,1784012486013,62611,62612,2,0,0,0,0.00256,3.0
16,l2Book,1784012486065,62611,62612,2,0,0,0,0.00256,3.0
17,trades,1784012486216,62611,62612,5,0.01133,0,0.01133,0.00256,3.0
18,l2Book,1784012486616,62611,62612,5,0.01133,0,0.01133,0.00256,3.0
19,trades,1784012487018,62611,62612,6,0.01133,0,0.01133,0.00274,3.0
20,l2Book,1784012487144,62611,62612,6,0.01133,0,0.01133,0.00274,3.0
21,l2Book,1784012487699,62611,62612,6,0.01133,0,0.01133,0.00274,3.0
22,trades,1784012488008,62611,62612,7,0.01133,0,0.01133,0.00377,3.0
23,l2Book,1784012488239,62615,62616,6,0,0.01133,0.01133,0.00218,3.0
24,trades,1784012488643,62615,62616,9,0.00752,0.01133,0.01885,0.05398,3.0
25,l2Book,1784012488840,62615,62616,9,0.00752,0.01133,0.01885,0.05398,3.0
26,l2Book,1784012489455,62615,62616,5,0.00752,0,0.00752,0.05301,3.0
27,trades,1784012489657,62615,62616,6,0.02599,0,0.02599,0.05301,3.0
28,l2Book,1784012489995,62615,62616,6,0.02599,0,0.02599,0.05301,3.0
29,l2Book,1784012490514,62615,62616,5,0.02599,0,0.02599,0.05283,3.0
30,l2Book,1784012491067,62615,62616,4,0.02599,0,0.02599,0.0518,3.0
31,l2Book,1784012491675,62615,62616,1,0.01847,0,0.01847,0,3.0
32,trades,1784012491877,62615,62616,3,0.01847,0,0.01847,0.00082,3.0
33,trades,1784012492068,62615,62616,5,0.01992,0,0.01992,0.00121,3.0
34,l2Book,1784012492283,62616,62617,5,0,0.01992,0.01992,0.00121,3.0
35,l2Book,1784012492809,62616,62617,4,0,0.00145,0.00145,0.00121,3.0
36,l2Book,1784012493353,62616,62617,4,0,0.00145,0.00145,0.00121,3.0
37,l2Book,1784012493877,62616,62617,4,0,0.00145,0.00145,0.00121,3.0
38,l2Book,1784012494944,62615,62616,3,0.00145,0,0.00145,0.0331,3.0
39,l2Book,1784012495499,62615,62616,1,0,0,0,0.03271,3.0
40,trades,1784012495566,62615,62616,2,0,0,0,0.03993,3.0
41,l2Book,1784012496100,62615,62616,2,0,0,0,0.03993,3.0
42,trades,1784012496033,62615,62616,3,0.00026,0,0.00026,0.03993,3.0
43,l2Book,1784012496587,62615,62616,3,0.00026,0,0.00026,0.03993,3.0
44,l2Book,1784012497123,62615,62616,2,0.00026,0,0.00026,0.00722,3.0
45,l2Book,1784012497662,62615,62616,2,0.00026,0,0.00026,0.00722,3.0
46,trades,1784012497997,62615,62616,7,0.05026,0,0.05026,0.00722,3.0
47,trades,1784012498054,62615,62616,10,0.05173,0,0.05173,0.00792,3.0
48,l2Book,1784012498197,62615,62616,10,0.05173,0,0.05173,0.00792,3.0
49,trades,1784012498408,62615,62616,11,0.05173,0,0.05173,0.0433,3.0
50,l2Book,1784012498735,62615,62616,10,0.05173,0,0.05173,0.03608,3.0
51,trades,1784012499074,62615,62616,10,0.05864,0,0.05864,0.03608,3.0
52,l2Book,1784012499277,62615,62616,10,0.05864,0,0.05864,0.03608,3.0
53,trades,1784012499480,62615,62616,11,0.05864,0,0.05864,0.04023,3.0
54,l2Book,1784012499798,62615,62616,11,0.05864,0,0.05864,0.04023,3.0
55,l2Book,1784012500344,62615,62616,11,0.05864,0,0.05864,0.04023,3.0
56,l2Book,1784012500867,62615,62616,11,0.05864,0,0.05864,0.04023,3.0
57,l2Book,1784012501410,62615,62616,2,0.00717,0,0.00717,0.00415,3.0
58,trades,1784012501693,62615,62616,4,0.05717,0,0.05717,0.00415,3.0
59,l2Book,1784012501951,62615,62616,4,0.05717,0,0.05717,0.00415,3.0
60,l2Book,1784012502496,62615,62616,2,0.05,0,0.05,0,3.0
61,l2Book,1784012503027,62615,62616,2,0.05,0,0.05,0,3.0
62,trades,1784012503433,62615,62616,3,0.05,0,0.05,0.15462,3.0
63,l2Book,1784012503562,62615,62616,3,0.05,0,0.05,0.15462,3.0
64,l2Book,1784012504105,62615,62616,3,0.05,0,0.05,0.15462,3.0
65,l2Book,1784012504642,62615,62616,3,0.05,0,0.05,0.15462,3.0
66,trades,1784012505045,62615,62616,2,0,0,0,0.1548,3.0
67,l2Book,1784012505169,62615,62616,2,0,0,0,0.1548,3.0
68,trades,1784012505520,62615,62616,3,0.00019,0,0.00019,0.1548,3.0
69,l2Book,1784012505722,62615,62616,3,0.00019,0,0.00019,0.1548,3.0
70,l2Book,1784012506241,62615,62616,3,0.00019,0,0.00019,0.1548,3.0
71,trades,1784012506526,62615,62616,6,0.05434,0,0.05434,0.00018,3.0
72,l2Book,1784012506779,62615,62616,6,0.05434,0,0.05434,0.00018,3.0
73,l2Book,1784012507329,62615,62616,6,0.05434,0,0.05434,0.00018,3.0
74,l2Book,1784012507872,62615,62616,6,0.05434,0,0.05434,0.00018,3.0
75,trades,1784012508071,62615,62616,6,0.08123,0,0.08123,0,3.0
76,l2Book,1784012508390,62615,62616,6,0.08123,0,0.08123,0,3.0
77,l2Book,1784012508950,62615,62616,5,0.08104,0,0.08104,0,3.0
78,trades,1784012508950,62615,62616,6,0.08104,0,0.08104,0.0032,3.0
79,l2Book,1784012509487,62615,62616,6,0.08104,0,0.08104,0.0032,3.0
80,l2Book,1784012510023,62615,62616,2,0.02689,0,0.02689,0.0032,3.0
81,l2Book,1784012510568,62615,62616,2,0.02689,0,0.02689,0.0032,3.0
82,l2Book,1784012511104,62615,62617,1,0,0,0,0.0032,3.0
83,trades,1784012511104,62615,62617,2,0,0,0,0.00342,3.0
84,l2Book,1784012511644,62617,62618,2,0,0,0,0.00342,3.0
85,l2Book,1784012512173,62617,62618,1,0,0,0,0.00022,3.0
86,l2Book,1784012512722,62617,62618,1,0,0,0,0.00022,3.0
87,l2Book,1784012513260,62618,62619,1,0,0,0,0.00022,3.0
88,trades,1784012513260,62618,62619,2,0,0,0,0.1228,3.0
89,trades,1784012513400,62618,62619,3,0.00039,0,0.00039,0.1228,3.0
90,l2Book,1784012513803,62619,62620,3,0,0.00039,0.00039,0.1228,3.0
91,trades,1784012514140,62619,62620,4,0,0.00039,0.00039,0.12291,3.0
92,l2Book,1784012514336,62619,62620,4,0,0.00039,0.00039,0.12291,3.0
93,l2Book,1784012514868,62619,62620,4,0,0.00039,0.00039,0.12291,3.0
94,l2Book,1784012515420,62619,62620,4,0,0.00039,0.00039,0.12291,3.0
95,l2Book,1784012515952,62619,62620,4,0,0.00039,0.00039,0.12291,3.0
96,l2Book,1784012516488,62619,62620,2,0,0,0,0.00033,3.0
97,l2Book,1784012517024,62619,62620,2,0,0,0,0.00033,3.0
98,trades,1784012517024,62619,62620,3,0,0,0,0.00051,3.0
99,l2Book,1784012517561,62619,62620,1,0,0,0,0.00018,3.0
100,trades,1784012518017,62619,62620,2,0,0,0,0.0012,3.0
101,l2Book,1784012518094,62619,62620,2,0,0,0,0.0012,3.0
102,trades,1784012518094,62619,62620,3,0.01785,0,0.01785,0.0012,3.0
103,l2Book,1784012518704,62619,62620,3,0.01785,0,0.01785,0.0012,3.0
104,l2Book,1784012519316,62619,62620,3,0.01785,0,0.01785,0.0012,3.0
105,l2Book,1784012519908,62619,62620,3,0.01785,0,0.01785,0.0012,3.0
106,trades,1784012519980,62619,62620,4,0.01884,0,0.01884,0.0012,3.0
107,l2Book,1784012520426,62619,62620,3,0.01884,0,0.01884,0.00102,3.0
108,l2Book,1784012520965,62619,62620,3,0.01884,0,0.01884,0.00102,3.0
109,trades,1784012521096,62619,62620,2,0.00752,0,0.00752,0,3.0
110,l2Book,1784012521505,62619,62620,2,0.00752,0,0.00752,0,3.0
111,l2Book,1784012522038,62619,62620,2,0.00752,0,0.00752,0,3.0
112,trades,1784012522038,62619,62620,4,0.00896,0,0.00896,0.00039,3.0
113,trades,1784012522507,62619,62620,5,0.00922,0,0.00922,0.00039,3.0
114,l2Book,1784012522574,62619,62620,5,0.00922,0,0.00922,0.00039,3.0
115,l2Book,1784012523110,62619,62620,4,0.00823,0,0.00823,0.00039,3.0
116,l2Book,1784012523655,62619,62620,4,0.00823,0,0.00823,0.00039,3.0
117,l2Book,1784012524193,62619,62620,3,0.0017,0,0.0017,0.00039,3.0
118,trades,1784012524328,62619,62620,5,0.0517,0,0.0517,0.00039,3.0
119,l2Book,1784012524735,62619,62620,5,0.0517,0,0.0517,0.00039,3.0
120,l2Book,1784012525264,62617,62618,3,0,0,0,0.05026,3.0
121,l2Book,1784012525809,62617,62618,2,0,0,0,0.05,3.0
122,trades,1784012525809,62617,62618,3,0.00048,0,0.00048,0.05,3.0
123,trades,1784012525940,62617,62618,8,0.00159,0.07874,0.08033,0.05,3.0
124,trades,1784012526008,62617,62618,10,0.00159,0.08065,0.08224,0.05,3.0
125,l2Book,1784012526347,62609,62610,10,0,0,0,0.13224,3.0
126,trades,1784012526678,62609,62610,11,0.03194,0,0.03194,0.13224,3.0
127,l2Book,1784012526950,62607,62608,11,0,0,0,0.16418,3.0
128,trades,1784012527223,62607,62608,12,0,0,0,0.16989,3.0
129,l2Book,1784012527417,62607,62608,10,0,0,0,0.11989,3.0
130,trades,1784012527484,62607,62608,11,0.01252,0,0.01252,0.11989,3.0
131,trades,1784012527815,62607,62608,12,0.01252,0,0.01252,0.12563,3.0
132,l2Book,1784012527943,62607,62608,12,0.01252,0,0.01252,0.12563,3.0
133,trades,1784012528019,62607,62608,15,0.01399,0,0.01399,0.12632,3.0
134,l2Book,1784012528487,62607,62608,15,0.01399,0,0.01399,0.12632,3.0
135,trades,1784012528621,62607,62608,18,0.06399,0,0.06399,0.12632,3.0
136,trades,1784012528822,62607,62608,20,0.09513,0,0.09513,0.12743,3.0
137,l2Book,1784012529023,62606,62608,13,0,0,0,0.1408,3.0
138,trades,1784012529023,62606,62608,14,0,0,0,0.17063,3.0
139,l2Book,1784012529559,62605,62606,14,0,0,0,0.17063,3.0
140,trades,1784012529692,62605,62606,14,0,0,0,0.13907,3.0
141,l2Book,1784012530081,62605,62606,14,0,0,0,0.13907,3.0
142,trades,1784012530429,62605,62606,14,0,0,0,0.1351,3.0
143,l2Book,1784012530630,62605,62606,13,0,0,0,0.12258,3.0
144,l2Book,1784012531147,62605,62606,9,0,0,0,0.11468,3.0
145,trades,1784012531433,62605,62606,11,0.00174,0,0.00174,0.11468,3.0
146,l2Book,1784012531702,62604,62605,8,0,0,0,0.06642,3.0
147,l2Book,1784012532238,62603,62604,4,0,0,0,0.00386,3.0
148,l2Book,1784012532765,62602,62603,3,0,0,0,0.00348,3.0
149,trades,1784012533254,62602,62603,4,0.0014,0,0.0014,0.00348,3.0
150,l2Book,1784012533322,62602,62603,4,0.0014,0,0.0014,0.00348,3.0
151,trades,1784012533322,62602,62603,7,0.05359,0,0.05359,0.00348,3.0
152,l2Book,1784012533848,62602,62603,6,0.05359,0,0.05359,0.00174,3.0
153,l2Book,1784012534388,62602,62603,6,0.05359,0,0.05359,0.00174,3.0
154,l2Book,1784012534996,62602,62603,4,0.05359,0,0.05359,0,3.0
155,trades,1784012535064,62602,62603,5,0.05359,0,0.05359,0.00018,3.0
156,trades,1784012535197,62602,62603,6,0.08553,0,0.08553,0.00018,3.0
157,l2Book,1784012535545,62602,62603,6,0.08553,0,0.08553,0.00018,3.0
158,l2Book,1784012536083,62602,62603,6,0.08553,0,0.08553,0.00018,3.0
159,l2Book,1784012536617,62602,62603,2,0.03194,0,0.03194,0.00018,3.0
160,l2Book,1784012537224,62602,62603,2,0.03194,0,0.03194,0.00018,3.0
161,trades,1784012537224,62602,62603,3,0.03194,0,0.03194,0.00037,3.0
162,l2Book,1784012537827,62602,62603,3,0.03194,0,0.03194,0.00037,3.0
163,trades,1784012538096,62602,62603,3,0.08194,0,0.08194,0.00019,3.0
164,l2Book,1784012538438,62602,62603,2,0.05,0,0.05,0.00019,3.0
165,l2Book,1784012538962,62602,62603,2,0.05,0,0.05,0.00019,3.0
166,l2Book,1784012539512,62601,62602,2,0,0,0,0.05019,3.0
167,trades,1784012539512,62601,62602,3,0,0,0,0.05038,3.0
168,trades,1784012539711,62601,62602,4,0,0,0,0.05186,3.0
169,l2Book,1784012540113,62601,62602,4,0,0,0,0.05186,3.0
170,l2Book,1784012540584,62601,62602,3,0,0,0,0.05167,3.0
171,trades,1784012540658,62601,62602,6,0.05,0,0.05,0.05167,3.0
172,l2Book,1784012541126,62601,62602,5,0.05,0,0.05,0.00167,3.0
173,l2Book,1784012541677,62601,62602,5,0.05,0,0.05,0.00167,3.0
174,l2Book,1784012542203,62601,62602,5,0.05,0,0.05,0.00167,3.0
175,l2Book,1784012542752,62601,62602,3,0.05,0,0.05,0,3.0
176,l2Book,1784012543289,62601,62602,3,0.05,0,0.05,0,3.0
177,l2Book,1784012543821,62601,62602,0,0,0,0,0,3.0
178,trades,1784012543899,62601,62602,1,0.00043,0,0.00043,0,3.0
179,l2Book,1784012544369,62601,62602,1,0.00043,0,0.00043,0,3.0
180,l2Book,1784012544908,62601,62602,1,0.00043,0,0.00043,0,3.0
181,l2Book,1784012545439,62601,62602,1,0.00043,0,0.00043,0,3.0
182,l2Book,1784012545983,62601,62602,1,0.00043,0,0.00043,0,3.0
183,trades,1784012546185,62601,62602,4,0.05043,0,0.05043,0,3.0
184,l2Book,1784012546520,62601,62602,4,0.05043,0,0.05043,0,3.0
185,l2Book,1784012547037,62601,62602,3,0.05,0,0.05,0,3.0
186,trades,1784012547037,62601,62602,4,0.05,0,0.05,0.00018,3.0
187,l2Book,1784012547595,62601,62602,4,0.05,0,0.05,0.00018,3.0
188,trades,1784012547797,62601,62602,5,0.05389,0,0.05389,0.00018,3.0
189,trades,1784012548048,62601,62602,6,0.05389,0,0.05389,0.0012,3.0
190,l2Book,1784012548132,62601,62602,6,0.05389,0,0.05389,0.0012,3.0
191,l2Book,1784012548654,62601,62602,6,0.05389,0,0.05389,0.0012,3.0
192,l2Book,1784012549206,62601,62602,3,0.00389,0,0.00389,0.0012,3.0
193,l2Book,1784012549755,62601,62602,3,0.00389,0,0.00389,0.0012,3.0
194,l2Book,1784012550293,62601,62602,2,0.00389,0,0.00389,0.00102,3.0
195,trades,1784012550677,62601,62602,3,0.02529,0,0.02529,0.00102,3.0
196,trades,1784012550771,62601,62602,4,0.02529,0,0.02529,0.38563,3.0
197,l2Book,1784012550824,62601,62602,3,0.0214,0,0.0214,0.38563,3.0
198,l2Book,1784012551377,62601,62602,2,0.0214,0,0.0214,0.38461,3.0
199,l2Book,1784012551891,62601,62602,2,0.0214,0,0.0214,0.38461,3.0
200,trades,1784012552032,62601,62602,4,0.02285,0,0.02285,0.38494,3.0
201,l2Book,1784012552435,62601,62602,4,0.02285,0,0.02285,0.38494,3.0
202,trades,1784012552700,62601,62602,6,0.02327,0,0.02327,0.38494,3.0
203,trades,1784012552775,62601,62602,7,0.02349,0,0.02349,0.38494,3.0
204,l2Book,1784012552978,62601,62602,7,0.02349,0,0.02349,0.38494,3.0
205,l2Book,1784012553530,62601,62602,7,0.02349,0,0.02349,0.38494,3.0
206,trades,1784012553843,62601,62602,6,0.00209,0,0.00209,0.00273,3.0
207,trades,1784012553915,62601,62602,7,0.02887,0,0.02887,0.00273,3.0
208,trades,1784012553998,62601,62602,8,0.0468,0,0.0468,0.00273,3.0
209,l2Book,1784012554065,62601,62602,8,0.0468,0,0.0468,0.00273,3.0
210,l2Book,1784012554600,62601,62602,8,0.0468,0,0.0468,0.00273,3.0
211,trades,1784012554671,62601,62602,9,0.0968,0,0.0968,0.00273,3.0
212,l2Book,1784012555203,62601,62602,7,0.09535,0,0.09535,0.0024,3.0
213,l2Book,1784012555753,62601,62602,5,0.09493,0,0.09493,0.0024,3.0
214,l2Book,1784012556297,62601,62602,4,0.09471,0,0.09471,0.0024,3.0
215,trades,1784012556587,62601,62602,5,0.19057,0,0.19057,0.0024,3.0
216,l2Book,1784012556850,62601,62602,4,0.19057,0,0.19057,0,3.0
217,trades,1784012556924,62601,62602,4,0.16403,0,0.16403,0,3.0
218,trades,1784012556993,62601,62602,5,0.16654,0,0.16654,0,3.0
219,trades,1784012557126,62601,62602,5,0.14989,0,0.14989,0,3.0
220,l2Book,1784012557370,62601,62602,5,0.14989,0,0.14989,0,3.0
221,trades,1784012557738,62601,62602,5,0.20852,0,0.20852,0,3.0
222,trades,1784012557803,62601,62602,6,0.40831,0,0.40831,0,3.0
223,l2Book,1784012557936,62595,62601,6,0,0,0,0.40831,3.0
224,trades,1784012557936,62595,62601,11,0,0,0,0.7664,3.0
225,trades,1784012558004,62595,62601,19,0.00019,0.05,0.05019,0.76709,3.0
226,l2Book,1784012558469,62591,62592,19,0.00851,0,0.00851,0.80877,3.0
227,trades,1784012558871,62591,62592,20,0.00851,0,0.00851,0.80933,3.0
228,l2Book,1784012559075,62591,62592,20,0.00851,0,0.00851,0.80933,3.0
229,l2Book,1784012559591,62591,62592,19,0.00851,0,0.00851,0.71347,3.0
230,l2Book,1784012560163,62591,62592,16,0.00851,0,0.00851,0.70944,3.0
231,trades,1784012560569,62591,62592,17,0.00851,0,0.00851,0.72035,3.0
232,l2Book,1784012560706,62591,62592,17,0.00851,0,0.00851,0.72035,3.0
233,l2Book,1784012561240,62591,62592,2,0,0,0,0.01147,3.0
234,l2Book,1784012561785,62591,62592,2,0,0,0,0.01147,3.0
235,trades,1784012561986,62591,62592,2,0.05,0,0.05,0.01091,3.0
236,trades,1784012562255,62591,62592,3,0.05,0,0.05,0.0116,3.0
237,l2Book,1784012562301,62591,62592,3,0.05,0,0.05,0.0116,3.0
238,l2Book,1784012562806,62591,62592,3,0.05,0,0.05,0.0116,3.0
239,trades,1784012563184,62591,62592,4,0.09409,0,0.09409,0.0116,3.0
240,l2Book,1784012563409,62591,62592,4,0.09409,0,0.09409,0.0116,3.0
241,l2Book,1784012563930,62591,62592,3,0.09409,0,0.09409,0.00069,3.0
242,trades,1784012564413,62591,62592,4,0.14409,0,0.14409,0.00069,3.0
243,l2Book,1784012564479,62591,62592,4,0.14409,0,0.14409,0.00069,3.0
244,l2Book,1784012565017,62591,62592,3,0.09409,0,0.09409,0.00069,3.0
245,trades,1784012565017,62591,62592,4,0.09409,0,0.09409,0.00087,3.0
246,l2Book,1784012565564,62591,62592,3,0.09409,0,0.09409,0.00018,3.0
247,l2Book,1784012566102,62591,62592,3,0.09409,0,0.09409,0.00018,3.0
248,l2Book,1784012566647,62591,62592,2,0.05,0,0.05,0.00018,3.0
249,l2Book,1784012567184,62591,62592,2,0.05,0,0.05,0.00018,3.0
250,l2Book,1784012567724,62591,62592,1,0,0,0,0.00018,3.0
251,trades,1784012568065,62591,62592,1,0.00019,0,0.00019,0,3.0
252,l2Book,1784012568264,62590,62592,1,0,0,0,0.00019,3.0
253,trades,1784012568493,62590,62592,6,0.00017,0.01483,0.015,0.00019,3.0
254,l2Book,1784012568770,62587,62588,6,0.01433,0,0.01433,0.00086,3.0
255,trades,1784012569095,62587,62588,9,0.03048,0.06373,0.09421,0.00086,3.0
256,l2Book,1784012569296,62584,62585,9,0.06373,0,0.06373,0.03134,3.0
257,trades,1784012569296,62584,62585,10,0.06973,0,0.06973,0.03134,3.0
258,l2Book,1784012569817,62584,62585,10,0.06973,0,0.06973,0.03134,3.0
259,trades,1784012569895,62584,62585,11,0.06973,0,0.06973,0.03272,3.0
260,trades,1784012569964,62584,62585,12,0.07053,0,0.07053,0.03272,3.0
261,trades,1784012570097,62584,62585,13,0.07053,0,0.07053,0.03307,3.0
262,l2Book,1784012570368,62584,62585,13,0.07053,0,0.07053,0.03307,3.0
263,trades,1784012570507,62584,62585,14,0.07171,0,0.07171,0.03307,3.0
264,l2Book,1784012570910,62584,62585,14,0.07171,0,0.07171,0.03307,3.0
265,trades,1784012570910,62584,62585,16,0.0771,0,0.0771,0.15564,3.0
266,l2Book,1784012571436,62584,62585,15,0.0771,0,0.0771,0.15545,3.0
267,trades,1784012571546,62584,62585,13,0.13753,0,0.13753,0.14045,3.0
268,trades,1784012571599,62584,62585,14,0.15301,0,0.15301,0.14045,3.0
269,trades,1784012571665,62584,62585,16,0.18398,0,0.18398,0.14045,3.0
270,l2Book,1784012571943,62582,62583,16,0,0,0,0.32443,3.0
271,l2Book,1784012572528,62582,62583,12,0,0,0,0.23855,3.0
272,l2Book,1784012573127,62582,62583,9,0,0,0,0.23602,3.0
273,l2Book,1784012573673,62582,62583,8,0,0,0,0.23484,3.0
274,l2Book,1784012574220,62582,62583,6,0,0,0,0.10688,3.0
275,l2Book,1784012574756,62582,62583,0,0,0,0,0,3.0
276,l2Book,1784012575268,62582,62583,0,0,0,0,0,3.0
277,l2Book,1784012575813,62582,62583,0,0,0,0,0,3.0
278,l2Book,1784012576366,62582,62583,0,0,0,0,0,3.0
279,trades,1784012576567,62582,62583,2,0.002,0.16576,0.16776,0,3.0
280,l2Book,1784012576970,62581,62582,2,0.16576,0,0.16576,0.002,3.0
281,trades,1784012576970,62581,62582,3,0.16967,0,0.16967,0.002,3.0
282,trades,1784012577020,62581,62582,4,0.16967,0,0.16967,0.00218,3.0
283,trades,1784012577101,62581,62582,5,0.16967,0,0.16967,0.00902,3.0
284,l2Book,1784012577576,62581,62582,5,0.16967,0,0.16967,0.00902,3.0
285,trades,1784012578052,62581,62582,7,0.22086,0,0.22086,0.01004,3.0
286,l2Book,1784012578114,62581,62582,7,0.22086,0,0.22086,0.01004,3.0
287,l2Book,1784012578670,62578,62579,7,0,0,0,0.2309,3.0
288,l2Book,1784012579186,62575,62576,7,0,0,0,0.2309,3.0
289,trades,1784012579529,62575,62576,8,0,0,0,0.23766,3.0
290,l2Book,1784012579702,62575,62576,6,0,0,0,0.0699,3.0
291,l2Book,1784012580339,62575,62576,3,0,0,0,0.05897,3.0
292,l2Book,1784012580796,62575,62576,3,0,0,0,0.05897,3.0
293,l2Book,1784012581353,62575,62576,1,0,0,0,0.00676,3.0
294,trades,1784012581830,62575,62576,2,0,0,0,0.00708,3.0
295,l2Book,1784012581894,62575,62576,2,0,0,0,0.00708,3.0
296,trades,1784012582027,62575,62576,4,0.00145,0,0.00145,0.00742,3.0
297,l2Book,1784012582444,62575,62576,4,0.00145,0,0.00145,0.00742,3.0
298,l2Book,1784012583113,62575,62576,3,0.00145,0,0.00145,0.00066,3.0
299,l2Book,1784012583589,62575,62576,3,0.00145,0,0.00145,0.00066,3.0
300,l2Book,1784012584129,62575,62576,3,0.00145,0,0.00145,0.00066,3.0
301,l2Book,1784012584681,62575,62576,3,0.00145,0,0.00145,0.00066,3.0
302,l2Book,1784012585285,62575,62576,0,0,0,0,0,3.0
303,l2Book,1784012585901,62575,62576,0,0,0,0,0,3.0
304,l2Book,1784012586409,62575,62576,0,0,0,0,0,3.0
305,l2Book,1784012586969,62575,62576,0,0,0,0,0,3.0
306,trades,1784012587104,62575,62576,1,0.00128,0,0.00128,0,3.0
307,l2Book,1784012587479,62575,62576,1,0.00128,0,0.00128,0,3.0
308,l2Book,1784012588101,62575,62576,1,0.00128,0,0.00128,0,3.0
309,trades,1784012588028,62575,62576,3,0.00147,0,0.00147,0.0007,3.0
310,l2Book,1784012588586,62575,62576,3,0.00147,0,0.00147,0.0007,3.0
311,l2Book,1784012589123,62575,62576,3,0.00147,0,0.00147,0.0007,3.0
312,trades,1784012589123,62575,62576,4,0.00147,0,0.00147,0.00464,3.0
313,l2Book,1784012589650,62575,62576,4,0.00147,0,0.00147,0.00464,3.0
314,trades,1784012589800,62575,62576,5,0.00541,0,0.00541,0.00464,3.0
315,trades,1784012589912,62575,62576,6,0.0056,0,0.0056,0.00464,3.0
316,l2Book,1784012590206,62575,62576,5,0.00432,0,0.00432,0.00464,3.0
317,l2Book,1784012590746,62575,62576,5,0.00432,0,0.00432,0.00464,3.0
318,l2Book,1784012591260,62575,62576,3,0.00413,0,0.00413,0.00394,3.0
319,l2Book,1784012591817,62575,62576,3,0.00413,0,0.00413,0.00394,3.0
320,l2Book,1784012592367,62575,62576,2,0.00413,0,0.00413,0,3.0
321,trades,1784012592686,62575,62576,3,0.00442,0,0.00442,0,3.0
322,l2Book,1784012592888,62575,62576,2,0.00048,0,0.00048,0,3.0
323,trades,1784012592974,62575,62576,2,0.00029,0,0.00029,0.09588,3.0
324,l2Book,1784012593445,62575,62576,2,0.00029,0,0.00029,0.09588,3.0
325,l2Book,1784012593985,62575,62576,2,0.00029,0,0.00029,0.09588,3.0
326,l2Book,1784012594509,62575,62576,2,0.00029,0,0.00029,0.09588,3.0
327,trades,1784012594991,62575,62576,45,1.19191,2.53656,3.72847,0.09588,3.0
328,l2Book,1784012595058,62569,62571,45,0.52538,0,0.52538,3.29897,3.0
329,l2Book,1784012595596,62570,62571,45,0.92823,0.52538,1.45361,2.37074,3.0
330,l2Book,1784012596132,62570,62571,43,0.92823,0.52538,1.45361,2.27457,3.0
331,l2Book,1784012596693,62570,62571,43,0.92823,0.52538,1.45361,2.27457,3.0
332,l2Book,1784012597232,62570,62571,43,0.92823,0.52538,1.45361,2.27457,3.0
333,l2Book,1784012597750,62570,62571,43,0.92823,0.52538,1.45361,2.27457,3.0
334,l2Book,1784012598300,62570,62571,0,0,0,0,0,3.0
335,trades,1784012598560,62570,62571,1,0.02093,0,0.02093,0,3.0
336,l2Book,1784012598840,62570,62571,1,0.02093,0,0.02093,0,3.0
337,l2Book,1784012599368,62570,62571,1,0.02093,0,0.02093,0,3.0
338,l2Book,1784012599912,62570,62571,1,0.02093,0,0.02093,0,3.0
339,trades,1784012599971,62570,62571,2,0.02879,0,0.02879,0,3.0
340,l2Book,1784012600468,62570,62571,2,0.02879,0,0.02879,0,3.0
341,l2Book,1784012600987,62570,62571,2,0.02879,0,0.02879,0,3.0
342,l2Book,1784012601520,62570,62571,2,0.02879,0,0.02879,0,3.0
343,l2Book,1784012602074,62570,62571,1,0.00786,0,0.00786,0,3.0
344,l2Book,1784012602607,62570,62571,1,0.00786,0,0.00786,0,3.0
345,l2Book,1784012603129,62570,62571,0,0,0,0,0,3.0
346,l2Book,1784012603679,62570,62571,0,0,0,0,0,3.0
347,l2Book,1784012604211,62570,62571,0,0,0,0,0,3.0
348,l2Book,1784012604741,62570,62571,0,0,0,0,0,3.0
349,l2Book,1784012605291,62570,62571,0,0,0,0,0,3.0
350,l2Book,1784012605830,62570,62571,0,0,0,0,0,3.0
351,l2Book,1784012606351,62570,62571,0,0,0,0,0,3.0
352,l2Book,1784012606903,62570,62571,0,0,0,0,0,3.0
353,trades,1784012607039,62570,62571,1,0,0,0,0.00018,3.0
354,trades,1784012607238,62570,62571,2,0,0,0,0.00407,3.0
355,l2Book,1784012607454,62570,62571,2,0,0,0,0.00407,3.0
356,l2Book,1784012607969,62570,62571,2,0,0,0,0.00407,3.0
357,trades,1784012608033,62570,62571,3,0,0,0,0.0051,3.0
358,l2Book,1784012608532,62570,62571,3,0,0,0,0.0051,3.0
359,l2Book,1784012609072,62570,62571,3,0,0,0,0.0051,3.0
360,l2Book,1784012609626,62570,62571,3,0,0,0,0.0051,3.0
361,trades,1784012609762,62570,62571,4,0.00019,0,0.00019,0.0051,3.0
362,l2Book,1784012610165,62570,62571,3,0.00019,0,0.00019,0.00492,3.0
363,l2Book,1784012610698,62570,62571,2,0.00019,0,0.00019,0.00103,3.0
364,l2Book,1784012611234,62570,62571,1,0.00019,0,0.00019,0,3.0
365,l2Book,1784012611775,62570,62571,1,0.00019,0,0.00019,0,3.0
366,trades,1784012612042,62570,62571,3,0.00164,0,0.00164,0.00026,3.0
367,l2Book,1784012612310,62570,62571,3,0.00164,0,0.00164,0.00026,3.0
368,l2Book,1784012612846,62570,62571,2,0.00145,0,0.00145,0.00026,3.0
369,l2Book,1784012613388,62570,62571,2,0.00145,0,0.00145,0.00026,3.0
370,l2Book,1784012613936,62570,62571,2,0.00145,0,0.00145,0.00026,3.0
371,l2Book,1784012614497,62570,62571,2,0.00145,0,0.00145,0.00026,3.0
372,l2Book,1784012615000,62570,62571,2,0.00145,0,0.00145,0.00026,3.0
373,l2Book,1784012615503,62570,62571,0,0,0,0,0,3.0
374,l2Book,1784012616044,62570,62571,0,0,0,0,0,3.0
375,l2Book,1784012616644,62570,62571,0,0,0,0,0,3.0
376,trades,1784012616718,62570,62571,1,0,0,0,0.01142,3.0
377,trades,1784012617052,62570,62571,2,0,0,0,0.01227,3.0
378,l2Book,1784012617174,62570,62571,2,0,0,0,0.01227,3.0
379,l2Book,1784012617713,62570,62571,2,0,0,0,0.01227,3.0
380,trades,1784012618060,62570,62571,5,0.00147,0,0.00147,0.01296,3.0
381,l2Book,1784012618261,62570,62571,5,0.00147,0,0.00147,0.01296,3.0
382,trades,1784012618261,62570,62571,6,0.34773,0,0.34773,0.01296,3.0
383,l2Book,1784012618800,62570,62571,6,0.34773,0,0.34773,0.01296,3.0
384,l2Book,1784012619344,62570,62571,6,0.34773,0,0.34773,0.01296,3.0
385,l2Book,1784012619880,62570,62571,5,0.34773,0,0.34773,0.00154,3.0
386,l2Book,1784012620416,62570,62571,4,0.34773,0,0.34773,0.00069,3.0
387,l2Book,1784012620952,62570,62571,4,0.34773,0,0.34773,0.00069,3.0
388,l2Book,1784012621484,62570,62571,0,0,0,0,0,3.0
389,l2Book,1784012622035,62570,62571,0,0,0,0,0,3.0
390,l2Book,1784012622574,62570,62571,0,0,0,0,0,3.0
391,l2Book,1784012623110,62570,62571,0,0,0,0,0,3.0
392,trades,1784012623512,62570,62571,4,0,0,0,0.00616,3.0
393,l2Book,1784012623646,62572,62573,4,0,0,0,0.00616,3.0
394,trades,1784012623862,62572,62573,5,0.00475,0,0.00475,0.00616,3.0
395,l2Book,1784012624182,62572,62573,5,0.00475,0,0.00475,0.00616,3.0
396,l2Book,1784012624726,62572,62573,5,0.00475,0,0.00475,0.00616,3.0
397,trades,1784012625058,62572,62573,6,0.00475,0,0.00475,0.00634,3.0
398,l2Book,1784012625260,62572,62573,6,0.00475,0,0.00475,0.00634,3.0
399,trades,1784012625613,62572,62573,7,0.03467,0,0.03467,0.00634,3.0
400,l2Book,1784012625815,62572,62573,7,0.03467,0,0.03467,0.00634,3.0
401,l2Book,1784012626354,62572,62573,7,0.03467,0,0.03467,0.00634,3.0
402,l2Book,1784012626866,62572,62573,2,0.02992,0,0.02992,0.00018,3.0
403,trades,1784012626866,62572,62573,3,0.02992,0,0.02992,0.00146,3.0
404,l2Book,1784012627433,62572,62573,3,0.02992,0,0.02992,0.00146,3.0
405,l2Book,1784012627973,62572,62573,3,0.02992,0,0.02992,0.00146,3.0
406,trades,1784012628107,62572,62573,3,0.02992,0,0.02992,0.00207,3.0
407,trades,1784012628176,62572,62573,4,0.02992,0,0.02992,0.00227,3.0
408,l2Book,1784012628504,62572,62573,4,0.02992,0,0.02992,0.00227,3.0
409,l2Book,1784012629043,62572,62573,3,0,0,0,0.00227,3.0
410,l2Book,1784012629583,62572,62573,3,0,0,0,0.00227,3.0
411,trades,1784012629715,62572,62573,4,0,0,0,0.04571,3.0
412,l2Book,1784012630119,62572,62573,3,0,0,0,0.04443,3.0
413,trades,1784012630398,62572,62573,4,0.00191,0,0.00191,0.04443,3.0
414,l2Book,1784012630666,62572,62573,4,0.00191,0,0.00191,0.04443,3.0
415,trades,1784012630666,62572,62573,5,0.00191,0,0.00191,0.04499,3.0
416,l2Book,1784012631202,62572,62573,3,0.00191,0,0.00191,0.044,3.0
417,l2Book,1784012631751,62572,62573,3,0.00191,0,0.00191,0.044,3.0
418,trades,1784012632209,62572,62573,4,0.00191,0,0.00191,0.07887,3.0
419,l2Book,1784012632298,62572,62573,4,0.00191,0,0.00191,0.07887,3.0
420,trades,1784012632357,62572,62573,5,0.01974,0,0.01974,0.07887,3.0
421,l2Book,1784012632841,62572,62573,4,0.01974,0,0.01974,0.03543,3.0
422,trades,1784012632841,62572,62573,5,0.06974,0,0.06974,0.03543,3.0
423,l2Book,1784012633371,62572,62573,5,0.06974,0,0.06974,0.03543,3.0
424,trades,1784012633371,62572,62573,6,0.08572,0,0.08572,0.03543,3.0
425,l2Book,1784012633904,62572,62573,4,0.08381,0,0.08381,0.03487,3.0
426,l2Book,1784012634453,62572,62573,4,0.08381,0,0.08381,0.03487,3.0
427,l2Book,1784012634988,62572,62573,4,0.08381,0,0.08381,0.03487,3.0
428,l2Book,1784012635514,62572,62573,2,0.06598,0,0.06598,0,3.0
429,l2Book,1784012636063,62573,62574,1,0,0.01598,0.01598,0,3.0
430,l2Book,1784012636602,62574,62576,0,0,0,0,0,3.0
431,trades,1784012636868,62574,62576,1,0,0,0,0.05,3.0
432,trades,1784012637010,62574,62576,3,0,0,0,0.05018,3.0
433,l2Book,1784012637123,62578,62579,3,0,0.05,0.05,0.00018,3.0
434,l2Book,1784012637702,62578,62579,3,0,0.05,0.05,0.00018,3.0
435,trades,1784012638100,62578,62579,5,0.0002,0.05,0.0502,0.0012,3.0
436,l2Book,1784012638301,62578,62579,5,0.0002,0.05,0.0502,0.0012,3.0
437,l2Book,1784012638907,62578,62579,5,0.0002,0.05,0.0502,0.0012,3.0
438,l2Book,1784012639511,62578,62579,5,0.0002,0.05,0.0502,0.0012,3.0
439,trades,1784012639914,62578,62579,5,0.0002,0,0.0002,0.0032,3.0
440,l2Book,1784012640114,62578,62579,3,0.0002,0,0.0002,0.00302,3.0
441,trades,1784012640049,62578,62579,4,0.0002,0,0.0002,0.00854,3.0
442,l2Book,1784012640589,62579,62582,4,0,0.0002,0.0002,0.00854,3.0
443,trades,1784012641057,62579,62582,5,0,0.0002,0.0002,0.05854,3.0
444,l2Book,1784012641115,62581,62582,3,0.05,0,0.05,0.00752,3.0
445,l2Book,1784012641663,62581,62582,3,0.05,0,0.05,0.00752,3.0
446,trades,1784012641663,62581,62582,4,0.05,0,0.05,0.0079,3.0
447,trades,1784012642066,62581,62582,7,0.05145,0,0.05145,0.00925,3.0
448,l2Book,1784012642200,62581,62582,7,0.05145,0,0.05145,0.00925,3.0
449,l2Book,1784012642732,62581,62582,7,0.05145,0,0.05145,0.00925,3.0
450,l2Book,1784012643279,62581,62582,5,0.05145,0,0.05145,0.00173,3.0
451,l2Book,1784012643816,62581,62582,5,0.05145,0,0.05145,0.00173,3.0
452,l2Book,1784012644350,62581,62582,4,0.00145,0,0.00145,0.00173,3.0
453,l2Book,1784012644889,62581,62582,3,0.00145,0,0.00145,0.00135,3.0
454,l2Book,1784012645411,62581,62582,0,0,0,0,0,3.0
455,l2Book,1784012645957,62581,62582,0,0,0,0,0,3.0
456,trades,1784012646300,62581,62582,1,0.05,0,0.05,0,3.0
457,l2Book,1784012646503,62581,62582,1,0.05,0,0.05,0,3.0
458,trades,1784012646906,62581,62582,3,0.20688,0,0.20688,0,3.0
459,l2Book,1784012647032,62581,62582,3,0.20688,0,0.20688,0,3.0
460,l2Book,1784012647579,62581,62582,3,0.20688,0,0.20688,0,3.0
461,trades,1784012648045,62581,62582,5,0.20816,0,0.20816,0.0007,3.0
462,l2Book,1784012648122,62581,62582,5,0.20816,0,0.20816,0.0007,3.0
463,trades,1784012648247,62581,62582,6,0.20816,0,0.20816,0.0011,3.0
464,l2Book,1784012648652,62581,62582,6,0.20816,0,0.20816,0.0011,3.0
465,l2Book,1784012649186,62581,62582,6,0.20816,0,0.20816,0.0011,3.0
466,trades,1784012649529,62581,62582,6,0.15845,0,0.15845,0.0011,3.0
467,l2Book,1784012649732,62581,62582,6,0.15845,0,0.15845,0.0011,3.0
468,trades,1784012650065,62581,62582,5,0.05157,0,0.05157,0.0011,3.0
469,l2Book,1784012650271,62581,62582,5,0.05157,0,0.05157,0.0011,3.0
470,trades,1784012650759,62581,62582,7,0.05157,0,0.05157,0.00305,3.0
471,l2Book,1784012650815,62581,62582,7,0.05157,0,0.05157,0.00305,3.0
472,trades,1784012650815,62581,62582,8,0.05157,0,0.05157,0.0042,3.0
473,l2Book,1784012651359,62581,62582,5,0.05029,0,0.05029,0.0031,3.0
474,l2Book,1784012651963,62581,62582,5,0.05029,0,0.05029,0.0031,3.0
475,l2Book,1784012652570,62581,62582,4,0.05,0,0.05,0.0031,3.0
476,l2Book,1784012653102,62581,62582,3,0,0,0,0.0031,3.0
477,l2Book,1784012653643,62581,62582,3,0,0,0,0.0031,3.0
478,trades,1784012653710,62581,62582,4,0,0,0,0.00943,3.0
479,trades,1784012653777,62581,62582,4,0.05019,0,0.05019,0.00748,3.0
480,l2Book,1784012654182,62581,62582,3,0.05019,0,0.05019,0.00633,3.0
481,l2Book,1784012654725,62581,62582,3,0.05019,0,0.05019,0.00633,3.0
482,trades,1784012654860,62581,62582,5,0.05019,0,0.05019,0.00709,3.0
483,trades,1784012655061,62581,62582,6,0.05019,0,0.05019,0.00727,3.0
484,l2Book,1784012655257,62581,62582,6,0.05019,0,0.05019,0.00727,3.0
485,l2Book,1784012655813,62581,62582,6,0.05019,0,0.05019,0.00727,3.0
486,trades,1784012656081,62581,62582,7,0.05845,0,0.05845,0.00727,3.0
487,l2Book,1784012656341,62581,62582,7,0.05845,0,0.05845,0.00727,3.0
488,l2Book,1784012656886,62581,62582,4,0.00826,0,0.00826,0.00094,3.0
489,l2Book,1784012657421,62581,62582,4,0.00826,0,0.00826,0.00094,3.0
490,l2Book,1784012657956,62581,62582,2,0.00826,0,0.00826,0.00018,3.0
491,l2Book,1784012658503,62581,62582,1,0.00826,0,0.00826,0,3.0
492,trades,1784012658771,62581,62582,2,0.00913,0,0.00913,0,3.0
493,trades,1784012658905,62581,62582,3,0.06026,0,0.06026,0,3.0
494,l2Book,1784012659039,62581,62582,3,0.06026,0,0.06026,0,3.0
495,l2Book,1784012659579,62581,62582,2,0.052,0,0.052,0,3.0
496,l2Book,1784012660109,62581,62582,2,0.052,0,0.052,0,3.0
497,trades,1784012660383,62581,62582,3,0.102,0,0.102,0,3.0
498,l2Book,1784012660648,62581,62582,3,0.102,0,0.102,0,3.0
499,trades,1784012660718,62581,62582,5,0.10285,0,0.10285,0.00932,3.0
500,l2Book,1784012661189,62581,62582,5,0.10285,0,0.10285,0.00932,3.0
501,trades,1784012661523,62581,62582,6,0.10285,0,0.10285,0.0173,3.0
502,l2Book,1784012661724,62581,62582,6,0.10285,0,0.10285,0.0173,3.0
503,l2Book,1784012662260,62581,62582,4,0.05085,0,0.05085,0.0173,3.0
504,l2Book,1784012662798,62581,62582,4,0.05085,0,0.05085,0.0173,3.0
505,l2Book,1784012663333,62581,62582,4,0.05085,0,0.05085,0.0173,3.0
506,trades,1784012663407,62581,62582,4,0.00085,0,0.00085,0.02707,3.0
507,trades,1784012663607,62581,62582,5,0.00085,0,0.00085,0.03239,3.0
508,l2Book,1784012663863,62581,62582,3,0,0,0,0.02307,3.0
509,trades,1784012664011,62581,62582,4,0.00076,0,0.00076,0.02307,3.0
510,trades,1784012664211,62581,62582,5,0.00076,0,0.00076,0.02327,3.0
511,l2Book,1784012664413,62581,62582,5,0.00076,0,0.00076,0.02327,3.0
512,trades,1784012664413,62581,62582,6,0.05076,0,0.05076,0.02327,3.0
513,l2Book,1784012664931,62581,62582,5,0.05076,0,0.05076,0.01529,3.0
514,trades,1784012665219,62581,62582,6,0.05076,0,0.05076,0.29275,3.0
515,l2Book,1784012665477,62581,62582,6,0.05076,0,0.05076,0.29275,3.0
516,l2Book,1784012666026,62581,62582,6,0.05076,0,0.05076,0.29275,3.0
517,l2Book,1784012666551,62581,62582,5,0.05076,0,0.05076,0.28298,3.0
518,trades,1784012667032,62581,62582,4,0.05,0,0.05,0.27784,3.0
519,l2Book,1784012667088,62581,62582,4,0.05,0,0.05,0.27784,3.0
520,l2Book,1784012667648,62581,62582,2,0,0,0,0.27764,3.0
521,trades,1784012667850,62581,62582,3,0.05,0,0.05,0.27764,3.0
522,trades,1784012668056,62581,62582,4,0.05,0,0.05,0.27866,3.0
523,l2Book,1784012668173,62581,62582,4,0.05,0,0.05,0.27866,3.0
524,trades,1784012668375,62581,62582,6,0.05,0,0.05,0.08216,3.0
525,trades,1784012668458,62581,62582,10,0.05,0,0.05,0.08283,3.0
526,trades,1784012668577,62581,62582,20,0.05,0,0.05,0.08732,3.0
527,l2Book,1784012668725,62588,62589,20,0,0.05,0.05,0.08732,3.0
528,l2Book,1784012669267,62591,62592,20,0,0.05,0.05,0.08732,3.0
529,trades,1784012669383,62591,62592,22,0.04,0.05,0.09,0.08732,3.0
530,l2Book,1784012669894,62594,62595,22,0,0.09,0.09,0.08732,3.0
531,trades,1784012670089,62594,62595,25,0,0.09,0.09,0.09363,3.0
532,l2Book,1784012670489,62596,62597,25,0,0.09,0.09,0.09363,3.0
533,l2Book,1784012671006,62596,62597,24,0,0.04,0.04,0.09363,3.0
534,l2Book,1784012671569,62596,62597,16,0,0.04,0.04,0.01098,3.0
535,trades,1784012671830,62596,62597,7,0.05,0.04,0.09,0.00649,3.0
536,l2Book,1784012672108,62596,62597,7,0.05,0.04,0.09,0.00649,3.0
537,trades,1784012672108,62596,62597,9,0.05144,0.04,0.09144,0.00685,3.0
538,trades,1784012672310,62596,62597,12,0.05144,0.04,0.09144,0.12811,3.0
539,l2Book,1784012672627,62597,62598,10,0.0002,0.05144,0.05164,0.12791,3.0
540,l2Book,1784012673179,62598,62599,6,0,0.05164,0.05164,0.12142,3.0
541,l2Book,1784012673713,62598,62599,6,0,0.05164,0.05164,0.12142,3.0
542,l2Book,1784012674245,62598,62599,6,0,0.05164,0.05164,0.12142,3.0
543,l2Book,1784012674786,62598,62599,6,0,0.05164,0.05164,0.12142,3.0
544,l2Book,1784012675322,62598,62599,0,0,0,0,0,3.0
545,l2Book,1784012675854,62598,62599,0,0,0,0,0,3.0
546,l2Book,1784012676382,62598,62599,0,0,0,0,0,3.0
547,l2Book,1784012676931,62598,62599,0,0,0,0,0,3.0
548,trades,1784012677066,62598,62599,1,0.00128,0,0.00128,0,3.0
549,l2Book,1784012677471,62598,62599,1,0.00128,0,0.00128,0,3.0
550,trades,1784012677537,62598,62599,2,0.00942,0,0.00942,0,3.0
551,l2Book,1784012678003,62598,62599,2,0.00942,0,0.00942,0,3.0
552,trades,1784012678003,62598,62599,4,0.00961,0,0.00961,0.00069,3.0
553,l2Book,1784012678534,62598,62599,4,0.00961,0,0.00961,0.00069,3.0
554,l2Book,1784012679077,62598,62599,4,0.00961,0,0.00961,0.00069,3.0
555,l2Book,1784012679600,62598,62599,4,0.00961,0,0.00961,0.00069,3.0
556,l2Book,1784012680151,62600,62601,3,0,0.00833,0.00833,0.00069,3.0
557,l2Book,1784012680689,62600,62601,2,0,0.00019,0.00019,0.00069,3.0
558,l2Book,1784012681222,62600,62601,0,0,0,0,0,3.0
559,l2Book,1784012681756,62600,62601,0,0,0,0,0,3.0
560,l2Book,1784012682302,62600,62601,0,0,0,0,0,3.0
561,l2Book,1784012682845,62600,62601,0,0,0,0,0,3.0
562,trades,1784012682914,62600,62601,2,0,0,0,0.00814,3.0
563,l2Book,1784012683375,62602,62603,2,0,0,0,0.00814,3.0
564,trades,1784012683521,62602,62603,3,0,0,0,0.00901,3.0
565,l2Book,1784012683924,62602,62603,3,0,0,0,0.00901,3.0
566,l2Book,1784012684459,62602,62603,3,0,0,0,0.00901,3.0
567,l2Book,1784012685129,62602,62603,3,0,0,0,0.00901,3.0
568,trades,1784012685062,62602,62603,4,0,0,0,0.00919,3.0
569,l2Book,1784012685562,62602,62603,4,0,0,0,0.00919,3.0
570,trades,1784012685964,62602,62603,3,0,0,0,0.00127,3.0
571,l2Book,1784012686159,62603,62604,3,0,0,0,0.00127,3.0
572,l2Book,1784012686658,62605,62606,2,0,0,0,0.0004,3.0
573,l2Book,1784012687193,62605,62606,2,0,0,0,0.0004,3.0
574,l2Book,1784012687736,62605,62606,2,0,0,0,0.0004,3.0
575,trades,1784012687937,62605,62606,3,0.05,0,0.05,0.0004,3.0
576,l2Book,1784012688273,62605,62606,2,0.05,0,0.05,0.00022,3.0
577,l2Book,1784012688798,62605,62606,2,0.05,0,0.05,0.00022,3.0
578,l2Book,1784012689352,62605,62606,1,0.05,0,0.05,0,3.0
579,l2Book,1784012689889,62605,62606,1,0.05,0,0.05,0,3.0
580,l2Book,1784012690414,62605,62606,1,0.05,0,0.05,0,3.0
581,l2Book,1784012690959,62605,62606,0,0,0,0,0,3.0
582,l2Book,1784012691498,62605,62606,0,0,0,0,0,3.0
583,trades,1784012691817,62605,62606,1,0.05,0,0.05,0,3.0
584,trades,1784012691903,62605,62606,2,0.05,0,0.05,0.0013,3.0
585,l2Book,1784012692022,62606,62607,2,0,0.05,0.05,0.0013,3.0
586,l2Book,1784012692557,62606,62607,2,0,0.05,0.05,0.0013,3.0
587,l2Book,1784012693113,62606,62607,2,0,0.05,0.05,0.0013,3.0
588,l2Book,1784012693630,62606,62607,2,0,0.05,0.05,0.0013,3.0
589,l2Book,1784012694239,62606,62607,2,0,0.05,0.05,0.0013,3.0
590,l2Book,1784012694841,62606,62607,1,0,0,0,0.0013,3.0
591,l2Book,1784012695390,62606,62607,0,0,0,0,0,3.0
592,trades,1784012695390,62606,62607,1,0.00032,0,0.00032,0,3.0
593,trades,1784012695796,62606,62607,2,0.05032,0,0.05032,0,3.0
594,l2Book,1784012695906,62606,62607,2,0.05032,0,0.05032,0,3.0
595,l2Book,1784012696450,62606,62607,2,0.05032,0,0.05032,0,3.0
596,l2Book,1784012697007,62606,62607,2,0.05032,0,0.05032,0,3.0
597,trades,1784012697007,62606,62607,3,0.05032,0,0.05032,0.00018,3.0
598,l2Book,1784012697550,62606,62607,3,0.05032,0,0.05032,0.00018,3.0
599,trades,1784012698018,62606,62607,4,0.05032,0,0.05032,0.0012,3.0
600,l2Book,1784012698086,62606,62607,4,0.05032,0,0.05032,0.0012,3.0
601,trades,1784012698488,62606,62607,4,0.1,0,0.1,0.0012,3.0
602,l2Book,1784012698623,62606,62607,4,0.1,0,0.1,0.0012,3.0
603,trades,1784012699092,62606,62607,5,0.05,0,0.05,0.02089,3.0
604,l2Book,1784012699164,62606,62607,5,0.05,0,0.05,0.02089,3.0
605,l2Book,1784012699703,62607,62608,5,0,0.05,0.05,0.02089,3.0
606,trades,1784012700104,62607,62608,6,0,0.05,0.05,0.10057,3.0
607,l2Book,1784012700237,62607,62608,6,0,0.05,0.05,0.10057,3.0
608,l2Book,1784012700800,62607,62608,6,0,0.05,0.05,0.10057,3.0
609,l2Book,1784012701353,62607,62608,5,0,0.05,0.05,0.09955,3.0
610,trades,1784012701471,62607,62608,6,0.05,0.05,0.1,0.09955,3.0
611,l2Book,1784012701957,62607,62608,5,0.05,0,0.05,0.09955,3.0
612,trades,1784012702024,62607,62608,7,0.05145,0,0.05145,0.09989,3.0
613,trades,1784012702360,62607,62608,6,0.05145,0,0.05145,0.41649,3.0
614,trades,1784012702427,62607,62608,7,0.05145,0,0.05145,2.07379,3.0
615,l2Book,1784012702562,62608,62609,7,0,0.05145,0.05145,2.07379,3.0
616,trades,1784012702562,62608,62609,11,0,0.05145,0.05145,2.40239,3.0
617,l2Book,1784012703084,62609,62610,11,0,0.05145,0.05145,2.40239,3.0
618,trades,1784012703165,62609,62610,10,0,0.05145,0.05145,2.32255,3.0
619,l2Book,1784012703636,62609,62610,10,0,0.05145,0.05145,2.32255,3.0
620,l2Book,1784012704168,62610,62611,10,0,0.05145,0.05145,2.32255,3.0
621,l2Book,1784012704694,62610,62611,9,0,0.00145,0.00145,2.32255,3.0
622,l2Book,1784012705239,62610,62611,7,0,0,0,2.32221,3.0
623,trades,1784012705576,62610,62611,2,0,0,0,0.00022,3.0
624,l2Book,1784012705778,62610,62611,2,0,0,0,0.00022,3.0
625,l2Book,1784012706302,62610,62611,1,0,0,0,0.0002,3.0
626,l2Book,1784012706834,62610,62611,1,0,0,0,0.0002,3.0
627,trades,1784012707311,62610,62611,2,0.00191,0,0.00191,0.0002,3.0
628,l2Book,1784012707360,62610,62611,2,0.00191,0,0.00191,0.0002,3.0
629,l2Book,1784012707913,62610,62611,2,0.00191,0,0.00191,0.0002,3.0
630,trades,1784012708040,62610,62611,5,0.00338,0,0.00338,0.00089,3.0
631,l2Book,1784012708519,62610,62611,5,0.00338,0,0.00338,0.00089,3.0
632,trades,1784012708721,62610,62611,7,0.00338,0,0.00338,0.00561,3.0
633,l2Book,1784012709120,62610,62611,7,0.00338,0,0.00338,0.00561,3.0
634,l2Book,1784012709659,62610,62611,7,0.00338,0,0.00338,0.00561,3.0
635,l2Book,1784012710209,62610,62611,7,0.00338,0,0.00338,0.00561,3.0
636,l2Book,1784012710733,62610,62611,6,0.00147,0,0.00147,0.00561,3.0
637,trades,1784012710806,62610,62611,14,0.0372,0.52185,0.55905,0.0063,3.0
638,l2Book,1784012711811,62601,62602,19,2.71204,0,2.71204,0.6147,3.0
639,trades,1784012711994,62601,62602,20,2.71224,0,2.71224,0.6147,3.0
640,trades,1784012712280,62601,62602,21,2.76224,0,2.76224,0.6147,3.0
641,l2Book,1784012712345,62601,62602,21,2.76224,0,2.76224,0.6147,3.0
642,l2Book,1784012712880,62601,62602,21,2.76224,0,2.76224,0.6147,3.0
643,l2Book,1784012713407,62601,62602,21,2.76224,0,2.76224,0.6147,3.0
644,l2Book,1784012713957,62601,62602,13,2.76224,0,2.76224,0.05643,3.0
645,trades,1784012713957,62601,62602,27,9.02931,0,9.02931,0.05643,3.0
646,trades,1784012714022,62601,62602,28,9.37671,0,9.37671,0.05643,3.0
647,trades,1784012714426,62601,62602,18,6.66488,0,6.66488,0,3.0
648,l2Book,1784012714503,62601,62602,18,6.66488,0,6.66488,0,3.0
649,l2Book,1784012715034,62601,62602,17,6.66468,0,6.66468,0,3.0
650,trades,1784012715034,62601,62602,20,6.66468,0,6.66468,0.00081,3.0
651,l2Book,1784012715582,62601,62602,19,6.61468,0,6.61468,0.00081,3.0
652,trades,1784012715795,62601,62602,20,6.66468,0,6.66468,0.00081,3.0
653,l2Book,1784012716129,62601,62602,20,6.66468,0,6.66468,0.00081,3.0
654,trades,1784012716471,62601,62602,21,6.74454,0,6.74454,0.00081,3.0
655,l2Book,1784012716672,62601,62602,21,6.74454,0,6.74454,0.00081,3.0
656,l2Book,1784012717208,62601,62602,6,0.13007,0,0.13007,0.00081,3.0
657,l2Book,1784012717761,62601,62602,5,0.12986,0,0.12986,0.00081,3.0
658,trades,1784012717966,62601,62602,6,0.13054,0,0.13054,0.00081,3.0
659,l2Book,1784012718299,62601,62602,3,0.13054,0,0.13054,0,3.0
660,trades,1784012718701,62601,62602,4,0.18054,0,0.18054,0,3.0
661,l2Book,1784012718836,62601,62602,3,0.13054,0,0.13054,0,3.0
662,l2Book,1784012719373,62601,62602,3,0.13054,0,0.13054,0,3.0
663,l2Book,1784012719908,62601,62602,2,0.05068,0,0.05068,0,3.0
664,l2Book,1784012720444,62601,62602,2,0.05068,0,0.05068,0,3.0
665,l2Book,1784012720981,62601,62602,1,0.05,0,0.05,0,3.0
666,trades,1784012721050,62601,62602,2,0.05,0,0.05,0.00048,3.0
667,l2Book,1784012721524,62601,62602,2,0.05,0,0.05,0.00048,3.0
668,l2Book,1784012722062,62601,62602,1,0,0,0,0.00048,3.0
669,trades,1784012722131,62601,62602,2,0.05,0,0.05,0.00048,3.0
670,l2Book,1784012722603,62601,62602,2,0.05,0,0.05,0.00048,3.0
671,l2Book,1784012723138,62601,62602,2,0.05,0,0.05,0.00048,3.0
672,l2Book,1784012723691,62601,62602,2,0.05,0,0.05,0.00048,3.0
673,l2Book,1784012724219,62601,62602,1,0.05,0,0.05,0,3.0
674,l2Book,1784012724749,62601,62602,1,0.05,0,0.05,0,3.0
675,l2Book,1784012725270,62601,62602,0,0,0,0,0,3.0
676,trades,1784012725508,62601,62602,1,0.05,0,0.05,0,3.0
677,l2Book,1784012725773,62601,62602,1,0.05,0,0.05,0,3.0
678,trades,1784012726174,62601,62602,5,0.05,0,0.05,0.0125,3.0
679,l2Book,1784012726310,62608,62609,5,0,0.05,0.05,0.0125,3.0
680,l2Book,1784012726830,62608,62609,5,0,0.05,0.05,0.0125,3.0
681,trades,1784012727031,62608,62609,6,0,0.05,0.05,0.01268,3.0
682,l2Book,1784012727433,62608,62609,6,0,0.05,0.05,0.01268,3.0
683,l2Book,1784012727991,62608,62609,6,0,0.05,0.05,0.01268,3.0
684,trades,1784012728060,62608,62609,7,0,0.05,0.05,0.0137,3.0
685,l2Book,1784012728531,62608,62609,6,0,0,0,0.0137,3.0
686,trades,1784012728932,62608,62609,7,0.05,0,0.05,0.0137,3.0
687,l2Book,1784012729064,62608,62609,7,0.05,0,0.05,0.0137,3.0
688,trades,1784012729532,62608,62609,4,0.05,0,0.05,0.00176,3.0
689,l2Book,1784012729602,62608,62609,4,0.05,0,0.05,0.00176,3.0
690,l2Book,1784012730138,62608,62609,3,0.05,0,0.05,0.00158,3.0
691,l2Book,1784012730685,62608,62609,3,0.05,0,0.05,0.00158,3.0
692,l2Book,1784012731221,62608,62609,2,0.05,0,0.05,0.00056,3.0
693,l2Book,1784012731758,62608,62609,2,0.05,0,0.05,0.00056,3.0
694,trades,1784012732023,62608,62609,3,0.00145,0,0.00145,0.00092,3.0
695,l2Book,1784012732291,62608,62609,3,0.00145,0,0.00145,0.00092,3.0
696,l2Book,1784012732831,62608,62609,2,0.00145,0,0.00145,0.00036,3.0
697,l2Book,1784012733371,62608,62609,2,0.00145,0,0.00145,0.00036,3.0
698,trades,1784012733640,62608,62609,4,0.00145,0,0.00145,0.00085,3.0
699,l2Book,1784012733917,62611,62612,4,0,0.00145,0.00145,0.00085,3.0
700,trades,1784012734042,62611,62612,5,0,0.00145,0.00145,0.00105,3.0
701,trades,1784012734306,62611,62612,7,0,0.00145,0.00145,0.00466,3.0
702,l2Book,1784012734439,62619,62620,7,0,0.00145,0.00145,0.00466,3.0
703,l2Book,1784012734948,62619,62620,7,0,0.00145,0.00145,0.00466,3.0
704,trades,1784012735039,62619,62620,13,0,0,0,1.06564,3.0
705,l2Book,1784012735509,62619,62620,13,0,0,0,1.06564,3.0
706,trades,1784012735509,62619,62620,14,0.05,0,0.05,1.06564,3.0
707,trades,1784012735644,62619,62620,15,0.05,0,0.05,1.40818,3.0
708,l2Book,1784012736112,62619,62620,15,0.05,0,0.05,1.40818,3.0
709,l2Book,1784012736604,62619,62620,15,0.05,0,0.05,1.40818,3.0
710,trades,1784012736733,62619,62620,15,0.05,0,0.05,1.41567,3.0
711,trades,1784012736805,62619,62620,17,0.05,0,0.05,1.41945,3.0
712,trades,1784012737077,62619,62620,17,0.05,0,0.05,1.42053,3.0
713,l2Book,1784012737136,62625,62626,17,0.00128,0.05,0.05128,1.41925,3.0
714,l2Book,1784012737675,62625,62626,15,0.00128,0.05,0.05128,1.41564,3.0
715,trades,1784012738076,62625,62626,9,0.00147,0.05,0.05147,0.355,3.0
716,l2Book,1784012738197,62625,62626,9,0.00147,0.05,0.05147,0.355,3.0
717,l2Book,1784012738751,62625,62626,7,0.00147,0,0.00147,0.01246,3.0
718,trades,1784012738817,62625,62626,8,0.00147,0,0.00147,0.07554,3.0
719,trades,1784012738952,62625,62626,9,0.05147,0,0.05147,0.07554,3.0
720,l2Book,1784012739288,62625,62626,9,0.05147,0,0.05147,0.07554,3.0
721,l2Book,1784012739824,62625,62626,5,0.05147,0,0.05147,0.06378,3.0
722,l2Book,1784012740368,62625,62626,4,0.05019,0,0.05019,0.06378,3.0
723,l2Book,1784012740906,62625,62626,4,0.05019,0,0.05019,0.06378,3.0
724,trades,1784012740972,62625,62626,5,0.05039,0,0.05039,0.06378,3.0
725,l2Book,1784012741506,62625,62626,3,0.0502,0,0.0502,0.06308,3.0
726,trades,1784012741506,62625,62626,4,0.0502,0,0.0502,0.06404,3.0
727,trades,1784012741709,62625,62626,5,0.1002,0,0.1002,0.06404,3.0
728,trades,1784012741976,62625,62626,4,0.0502,0,0.0502,0.00148,3.0
729,l2Book,1784012742041,62625,62626,4,0.0502,0,0.0502,0.00148,3.0
730,l2Book,1784012742583,62625,62626,4,0.0502,0,0.0502,0.00148,3.0
731,l2Book,1784012743117,62625,62626,4,0.0502,0,0.0502,0.00148,3.0
732,trades,1784012743117,62625,62626,5,0.0502,0,0.0502,0.09536,3.0
733,l2Book,1784012743654,62625,62626,5,0.0502,0,0.0502,0.09536,3.0
734,l2Book,1784012744189,62625,62626,4,0.05,0,0.05,0.09536,3.0
735,trades,1784012744526,62625,62626,4,0.05233,0,0.05233,0.0944,3.0
736,trades,1784012744592,62625,62626,29,0.05233,0,0.05233,6.39326,3.0
737,l2Book,1784012744726,62628,62629,28,0,0.00233,0.00233,6.39326,3.0
738,trades,1784012745064,62628,62629,29,0,0.00233,0.00233,6.43212,3.0
739,l2Book,1784012745263,62628,62629,29,0,0.00233,0.00233,6.43212,3.0
740,trades,1784012745406,62628,62629,30,0.05,0.00233,0.05233,6.43212,3.0
741,l2Book,1784012745807,62628,62629,30,0.05,0.00233,0.05233,6.43212,3.0
742,l2Book,1784012746344,62628,62629,29,0.05,0.00233,0.05233,6.33824,3.0
743,trades,1784012746679,62628,62629,30,0.05,0.00233,0.05233,6.33901,3.0
744,l2Book,1784012746880,62631,62632,30,0,0.05233,0.05233,6.33901,3.0
745,l2Book,1784012747406,62631,62632,30,0,0.05233,0.05233,6.33901,3.0
746,l2Book,1784012747951,62631,62632,4,0,0.05,0.05,0.04015,3.0
747,trades,1784012748301,62631,62632,3,0,0.05,0.05,0.05077,3.0
748,l2Book,1784012748504,62632,62633,2,0.05,0,0.05,0.00077,3.0
749,l2Book,1784012749016,62632,62633,2,0.05,0,0.05,0.00077,3.0
750,l2Book,1784012749560,62632,62633,2,0.05,0,0.05,0.00077,3.0
751,l2Book,1784012750118,62633,62634,1,0,0.05,0.05,0,3.0
752,trades,1784012750118,62633,62634,3,0,0.05,0.05,0.091,3.0
753,l2Book,1784012750632,62634,62635,3,0,0.05,0.05,0.091,3.0
754,trades,1784012750896,62634,62635,4,0,0.05,0.05,0.141,3.0
755,l2Book,1784012751169,62635,62636,4,0.05,0.05,0.1,0.091,3.0
756,l2Book,1784012751729,62635,62640,3,0.05,0,0.05,0.091,3.0
757,l2Book,1784012752258,62639,62640,3,0,0.05,0.05,0.091,3.0
758,l2Book,1784012752818,62639,62640,3,0,0.05,0.05,0.091,3.0
759,l2Book,1784012753354,62639,62640,1,0,0.05,0.05,0,3.0
760,l2Book,1784012753889,62639,62640,1,0,0.05,0.05,0,3.0
761,trades,1784012753958,62639,62640,1,0.05,0,0.05,0,3.0
762,l2Book,1784012754436,62639,62640,1,0.05,0,0.05,0,3.0
763,l2Book,1784012754975,62639,62640,1,0.05,0,0.05,0,3.0
764,trades,1784012755043,62639,62640,4,0.05,0,0.05,0.05836,3.0
765,l2Book,1784012755510,62639,62640,4,0.05,0,0.05,0.05836,3.0
766,l2Book,1784012756059,62639,62640,4,0.05,0,0.05,0.05836,3.0
767,l2Book,1784012756595,62639,62640,4,0.05,0,0.05,0.05836,3.0
768,trades,1784012756595,62639,62640,6,0.1,0,0.1,0.05836,3.0
769,trades,1784012757064,62639,62640,6,0.05,0,0.05,0.05854,3.0
770,l2Book,1784012757133,62639,62640,6,0.05,0,0.05,0.05854,3.0
771,l2Book,1784012757677,62639,62640,6,0.05,0,0.05,0.05854,3.0
772,trades,1784012757809,62639,62640,7,0.05,0,0.05,0.06503,3.0
773,trades,1784012758009,62639,62640,8,0.05,0,0.05,0.06606,3.0
774,l2Book,1784012758215,62639,62640,5,0.05,0,0.05,0.0077,3.0
775,l2Book,1784012758749,62639,62640,5,0.05,0,0.05,0.0077,3.0
776,l2Book,1784012759283,62639,62640,5,0.05,0,0.05,0.0077,3.0
777,l2Book,1784012759820,62639,62640,3,0,0,0,0.0077,3.0
778,l2Book,1784012760425,62639,62640,2,0,0,0,0.00752,3.0
779,trades,1784012760579,62639,62640,3,0.00193,0,0.00193,0.00752,3.0
780,l2Book,1784012760967,62633,62634,2,0,0,0,0.00296,3.0
781,trades,1784012761027,62633,62634,2,0.0022,0,0.0022,0.00193,3.0
782,trades,1784012761129,62633,62634,9,0.0022,0.05017,0.05237,0.00193,3.0
783,l2Book,1784012761537,62619,62620,9,0.0385,0,0.0385,0.0158,3.0
784,l2Book,1784012762055,62619,62620,9,0.0385,0,0.0385,0.0158,3.0
785,trades,1784012762055,62619,62620,11,0.03995,0,0.03995,0.01612,3.0
786,l2Book,1784012762562,62619,62620,11,0.03995,0,0.03995,0.01612,3.0
787,trades,1784012762699,62619,62620,13,0.03995,0,0.03995,2.01612,3.0
788,l2Book,1784012763099,62619,62620,13,0.03995,0,0.03995,2.01612,3.0
789,l2Book,1784012763641,62619,62620,12,0.03995,0,0.03995,2.01419,3.0
790,trades,1784012764123,62619,62620,12,0.08995,0,0.08995,2.01199,3.0
791,l2Book,1784012764187,62619,62620,5,0.05145,0,0.05145,2.00032,3.0
792,l2Book,1784012764707,62619,62620,5,0.05145,0,0.05145,2.00032,3.0
793,trades,1784012764908,62619,62620,6,0.05145,0,0.05145,2.00108,3.0
794,l2Book,1784012765252,62619,62620,4,0.05,0,0.05,2.00076,3.0
795,l2Book,1784012765801,62619,62620,2,0.05,0,0.05,0.00076,3.0
796,trades,1784012765801,62619,62620,3,0.05,0,0.05,0.00925,3.0
797,l2Book,1784012766324,62619,62620,3,0.05,0,0.05,0.00925,3.0
798,l2Book,1784012766881,62619,62620,3,0.05,0,0.05,0.00925,3.0
799,l2Book,1784012767419,62619,62620,2,0,0,0,0.00925,3.0
800,trades,1784012767692,62619,62620,3,0,0,0,0.00945,3.0
801,l2Book,1784012767956,62619,62620,2,0,0,0,0.00869,3.0
802,trades,1784012768024,62619,62620,5,0.00147,0,0.00147,0.00938,3.0
803,trades,1784012768158,62619,62620,6,0.00147,0,0.00147,0.01012,3.0
804,l2Book,1784012768492,62619,62620,6,0.00147,0,0.00147,0.01012,3.0
805,trades,1784012768886,62619,62620,6,0.05147,0,0.05147,0.00163,3.0
806,l2Book,1784012769032,62619,62620,6,0.05147,0,0.05147,0.00163,3.0
807,trades,1784012769032,62619,62620,7,0.05147,0,0.05147,0.00549,3.0
808,l2Book,1784012769583,62619,62620,7,0.05147,0,0.05147,0.00549,3.0
809,trades,1784012769716,62619,62620,8,0.05533,0,0.05533,0.00549,3.0
810,trades,1784012769917,62619,62620,9,0.05533,0,0.05533,0.00724,3.0
811,l2Book,1784012770120,62619,62620,9,0.05533,0,0.05533,0.00724,3.0
812,l2Book,1784012770659,62619,62620,9,0.05533,0,0.05533,0.00724,3.0
813,l2Book,1784012771196,62619,62620,4,0.05386,0,0.05386,0.00561,3.0
814,l2Book,1784012771734,62619,62620,4,0.05386,0,0.05386,0.00561,3.0
815,trades,1784012772204,62619,62620,3,0.05386,0,0.05386,0.00175,3.0
816,l2Book,1784012772262,62619,62620,3,0.05386,0,0.05386,0.00175,3.0
817,l2Book,1784012772821,62619,62620,2,0.05,0,0.05,0.00175,3.0
818,l2Book,1784012773352,62619,62620,1,0.05,0,0.05,0,3.0
819,trades,1784012773489,62619,62620,3,1.7191,0,1.7191,0,3.0
820,l2Book,1784012773899,62619,62620,3,1.7191,0,1.7191,0,3.0
821,trades,1784012774092,62619,62620,4,1.7193,0,1.7193,0,3.0
822,trades,1784012774161,62619,62620,5,1.7193,0,1.7193,0.00869,3.0
823,trades,1784012774228,62619,62620,6,1.7193,0,1.7193,0.0087,3.0
824,l2Book,1784012774444,62619,62620,6,1.7193,0,1.7193,0.0087,3.0
825,l2Book,1784012774977,62619,62620,6,1.7193,0,1.7193,0.0087,3.0
826,trades,1784012775043,62619,62620,7,1.7193,0,1.7193,0.00888,3.0
827,l2Book,1784012775519,62619,62620,6,1.6693,0,1.6693,0.00888,3.0
828,l2Book,1784012776067,62619,62620,6,1.6693,0,1.6693,0.00888,3.0
829,l2Book,1784012776604,62619,62620,4,0.0002,0,0.0002,0.00888,3.0
830,l2Book,1784012777121,62619,62620,3,0,0,0,0.00888,3.0
831,l2Book,1784012777675,62619,62620,1,0,0,0,0.00018,3.0
832,l2Book,1784012778212,62619,62620,0,0,0,0,0,3.0
833,l2Book,1784012778743,62619,62620,0,0,0,0,0,3.0
834,trades,1784012779218,62619,62620,6,0.01785,0.03215,0.05,0,3.0
835,l2Book,1784012779822,62617,62618,6,0.0022,0,0.0022,0.0478,3.0
836,l2Book,1784012780358,62617,62618,6,0.0022,0,0.0022,0.0478,3.0
837,l2Book,1784012780903,62617,62618,6,0.0022,0,0.0022,0.0478,3.0
838,l2Book,1784012781456,62617,62618,6,0.0022,0,0.0022,0.0478,3.0
839,l2Book,1784012781992,62617,62618,6,0.0022,0,0.0022,0.0478,3.0
840,trades,1784012781992,62617,62618,7,0.0022,0,0.0022,0.04925,3.0
841,l2Book,1784012782534,62617,62618,1,0,0,0,0.00145,3.0
842,l2Book,1784012783073,62617,62618,1,0,0,0,0.00145,3.0
843,trades,1784012783073,62617,62618,4,0.05,0,0.05,0.00145,3.0
844,l2Book,1784012783605,62617,62618,4,0.05,0,0.05,0.00145,3.0
845,trades,1784012783675,62617,62618,5,0.05,0,0.05,0.00184,3.0
846,trades,1784012784080,62617,62618,6,0.05,0,0.05,0.00261,3.0
847,l2Book,1784012784145,62617,62618,6,0.05,0,0.05,0.00261,3.0
848,trades,1784012784477,62617,62618,8,0.05,0,0.05,2.00261,3.0
849,l2Book,1784012784686,62616,62617,8,0,0,0,2.05261,3.0
850,l2Book,1784012785212,62616,62617,7,0,0,0,2.05116,3.0
851,l2Book,1784012785762,62616,62617,7,0,0,0,2.05116,3.0
852,l2Book,1784012786301,62616,62617,4,0,0,0,2.00116,3.0
853,trades,1784012786775,62616,62617,4,0.05,0,0.05,2.00077,3.0
854,l2Book,1784012786842,62616,62617,4,0.05,0,0.05,2.00077,3.0
855,trades,1784012787047,62616,62617,5,0.05,0,0.05,2.00095,3.0
856,l2Book,1784012787381,62616,62617,4,0.05,0,0.05,2.00018,3.0
857,trades,1784012787446,62616,62617,5,0.11897,0,0.11897,2.00018,3.0
858,l2Book,1784012787916,62616,62617,3,0.11897,0,0.11897,0.00018,3.0
859,trades,1784012788049,62616,62617,4,0.11897,0,0.11897,0.0012,3.0
860,l2Book,1784012788450,62616,62617,4,0.11897,0,0.11897,0.0012,3.0
861,l2Book,1784012788986,62616,62617,4,0.11897,0,0.11897,0.0012,3.0
862,l2Book,1784012789525,62616,62617,4,0.11897,0,0.11897,0.0012,3.0
863,l2Book,1784012790135,62616,62617,2,0.06897,0,0.06897,0.00102,3.0
864,l2Book,1784012790596,62616,62617,1,0,0,0,0.00102,3.0
865,l2Book,1784012791121,62616,62617,0,0,0,0,0,3.0
866,trades,1784012791280,62616,62617,3,0.05,0,0.05,0,3.0
867,trades,1784012791600,62616,62617,4,0.05319,0,0.05319,0,3.0
868,l2Book,1784012791652,62616,62617,4,0.05319,0,0.05319,0,3.0
869,trades,1784012792004,62616,62617,6,0.05464,0,0.05464,0.00032,3.0
870,l2Book,1784012792206,62616,62617,6,0.05464,0,0.05464,0.00032,3.0
871,trades,1784012792690,62616,62617,7,0.05464,0,0.05464,0.18847,3.0
872,l2Book,1784012792757,62616,62617,7,0.05464,0,0.05464,0.18847,3.0
873,l2Book,1784012793293,62616,62617,7,0.05464,0,0.05464,0.18847,3.0
874,l2Book,1784012793813,62616,62617,7,0.05464,0,0.05464,0.18847,3.0
875,trades,1784012794300,62616,62617,5,0.01544,0,0.01544,0.18847,3.0
876,l2Book,1784012794367,62616,62617,5,0.01544,0,0.01544,0.18847,3.0
877,l2Book,1784012794911,62616,62617,4,0.01225,0,0.01225,0.18847,3.0
878,l2Book,1784012795422,62613,62614,2,0,0,0,0.19895,3.0
879,trades,1784012795510,62613,62614,11,0.0022,0.0478,0.05,0.19895,3.0
880,l2Book,1784012795991,62606,62607,10,0.01541,0,0.01541,0.04539,3.0
881,trades,1784012796386,62606,62607,11,0.01541,0,0.01541,0.04677,3.0
882,l2Book,1784012796518,62606,62607,11,0.01541,0,0.01541,0.04677,3.0
883,l2Book,1784012797033,62606,62607,11,0.01541,0,0.01541,0.04677,3.0
884,l2Book,1784012797576,62606,62607,10,0.01541,0,0.01541,0.03597,3.0
885,trades,1784012797725,62606,62607,11,0.01541,0,0.01541,0.03628,3.0
886,trades,1784012798039,62606,62607,14,0.01541,0.00147,0.01688,0.03698,3.0
887,l2Book,1784012798094,62605,62606,14,0.00147,0,0.00147,0.05239,3.0
888,l2Book,1784012798642,62605,62606,5,0.00147,0,0.00147,0.00239,3.0
889,l2Book,1784012799247,62605,62606,5,0.00147,0,0.00147,0.00239,3.0
890,l2Book,1784012799747,62605,62606,4,0.00147,0,0.00147,0.00101,3.0
891,l2Book,1784012800282,62605,62606,4,0.00147,0,0.00147,0.00101,3.0
892,l2Book,1784012800816,62605,62606,3,0.00147,0,0.00147,0.0007,3.0
893,trades,1784012801088,62605,62606,1,0,0,0,0.0002,3.0
894,l2Book,1784012801355,62605,62606,1,0,0,0,0.0002,3.0
895,l2Book,1784012801911,62605,62606,1,0,0,0,0.0002,3.0
896,l2Book,1784012802433,62600,62601,1,0,0,0,0.0002,3.0
897,l2Book,1784012802981,62600,62601,1,0,0,0,0.0002,3.0
898,l2Book,1784012803515,62600,62601,1,0,0,0,0.0002,3.0
899,trades,1784012803783,62600,62601,6,0.00798,0.04202,0.05,0.0002,3.0
900,l2Book,1784012804604,62593,62594,5,0.03982,0,0.03982,0.01018,3.0
901,trades,1784012805003,62593,62594,6,0.03982,0,0.03982,0.01036,3.0
902,l2Book,1784012805139,62593,62594,6,0.03982,0,0.03982,0.01036,3.0
903,l2Book,1784012805674,62593,62594,6,0.03982,0,0.03982,0.01036,3.0
904,l2Book,1784012806211,62593,62594,6,0.03982,0,0.03982,0.01036,3.0
905,l2Book,1784012806749,62593,62594,6,0.03982,0,0.03982,0.01036,3.0
906,l2Book,1784012807283,62593,62594,1,0,0,0,0.00018,3.0
907,l2Book,1784012807827,62593,62594,1,0,0,0,0.00018,3.0
908,trades,1784012807827,62593,62594,2,0.0002,0,0.0002,0.00018,3.0
909,l2Book,1784012808371,62593,62594,1,0.0002,0,0.0002,0,3.0
910,l2Book,1784012808903,62593,62594,1,0.0002,0,0.0002,0,3.0
911,l2Book,1784012809435,62593,62594,1,0.0002,0,0.0002,0,3.0
912,trades,1784012809645,62593,62594,2,0.0502,0,0.0502,0,3.0
913,l2Book,1784012809967,62593,62594,2,0.0502,0,0.0502,0,3.0
914,l2Book,1784012810508,62593,62594,2,0.0502,0,0.0502,0,3.0
915,l2Book,1784012811054,62593,62594,1,0.05,0,0.05,0,3.0
916,l2Book,1784012811591,62593,62594,1,0.05,0,0.05,0,3.0
917,trades,1784012811867,62593,62594,2,0.05052,0,0.05052,0,3.0
918,l2Book,1784012812121,62593,62594,2,0.05052,0,0.05052,0,3.0
919,l2Book,1784012812634,62593,62594,2,0.05052,0,0.05052,0,3.0
920,trades,1784012812634,62593,62594,5,0.05052,0,0.05052,2,3.0
921,l2Book,1784012813159,62593,62594,4,0.00052,0,0.00052,2,3.0
922,l2Book,1784012813708,62593,62594,4,0.00052,0,0.00052,2,3.0
923,l2Book,1784012814248,62593,62594,4,0.00052,0,0.00052,2,3.0
924,l2Book,1784012814780,62587,62588,4,0,0,0,2.00052,3.0
925,l2Book,1784012815326,62587,62588,3,0,0,0,2,3.0
926,l2Book,1784012815875,62587,62588,0,0,0,0,0,3.0
927,trades,1784012816276,62587,62588,1,0.00212,0,0.00212,0,3.0
928,l2Book,1784012816477,62587,62588,1,0.00212,0,0.00212,0,3.0
929,l2Book,1784012817006,62587,62588,1,0.00212,0,0.00212,0,3.0
930,trades,1784012817006,62587,62588,2,0.00212,0,0.00212,0.00018,3.0
931,trades,1784012817279,62587,62588,5,0.05961,0,0.05961,0.00018,3.0
932,l2Book,1784012817545,62587,62588,5,0.05961,0,0.05961,0.00018,3.0
933,trades,1784012818018,62587,62588,6,0.05961,0,0.05961,0.0012,3.0
934,l2Book,1784012818086,62587,62588,6,0.05961,0,0.05961,0.0012,3.0
935,l2Book,1784012818626,62586,62587,6,0,0,0,0.06081,3.0
936,l2Book,1784012819157,62586,62587,6,0,0,0,0.06081,3.0
937,l2Book,1784012819707,62586,62587,5,0,0,0,0.05869,3.0
938,l2Book,1784012820245,62586,62587,4,0,0,0,0.05851,3.0
939,trades,1784012820528,62586,62587,2,0.00038,0,0.00038,0.00102,3.0
940,trades,1784012820729,62586,62587,7,0.04406,0.00632,0.05038,0.00102,3.0
941,l2Book,1784012821333,62583,62584,6,0.00333,0,0.00333,0.04705,3.0
942,l2Book,1784012821933,62583,62584,6,0.00333,0,0.00333,0.04705,3.0
943,trades,1784012822000,62583,62584,8,0.00478,0,0.00478,0.04739,3.0
944,l2Book,1784012822472,62583,62584,8,0.00478,0,0.00478,0.04739,3.0
945,l2Book,1784012822979,62583,62584,8,0.00478,0,0.00478,0.04739,3.0
946,l2Book,1784012823485,62583,62584,8,0.00478,0,0.00478,0.04739,3.0
947,trades,1784012823886,62583,62584,6,0.05145,0,0.05145,0.00034,3.0
948,l2Book,1784012824020,62583,62584,6,0.05145,0,0.05145,0.00034,3.0
949,l2Book,1784012824560,62583,62584,6,0.05145,0,0.05145,0.00034,3.0
950,l2Book,1784012825099,62584,62585,4,0,0.05,0.05,0,3.0
951,l2Book,1784012825624,62584,62585,4,0,0.05,0.05,0,3.0
952,l2Book,1784012826170,62588,62589,4,0,0.05,0.05,0,3.0
953,l2Book,1784012826707,62588,62589,4,0,0.05,0.05,0,3.0
954,trades,1784012826973,62588,62589,1,0.05,0,0.05,0,3.0
955,l2Book,1784012827242,62588,62589,1,0.05,0,0.05,0,3.0
956,l2Book,1784012827782,62588,62589,1,0.05,0,0.05,0,3.0
957,trades,1784012828049,62588,62589,4,0.05147,0,0.05147,0.00069,3.0
958,l2Book,1784012828318,62588,62589,4,0.05147,0,0.05147,0.00069,3.0
959,l2Book,1784012828854,62588,62589,4,0.05147,0,0.05147,0.00069,3.0
960,trades,1784012828854,62588,62589,5,0.05578,0,0.05578,0.00069,3.0
961,trades,1784012828921,62588,62589,6,0.05658,0,0.05658,0.00069,3.0
962,l2Book,1784012829400,62588,62589,6,0.05658,0,0.05658,0.00069,3.0
963,l2Book,1784012829934,62588,62589,6,0.05658,0,0.05658,0.00069,3.0
964,trades,1784012829934,62588,62589,7,0.10658,0,0.10658,0.00069,3.0
965,l2Book,1784012830474,62588,62589,6,0.05658,0,0.05658,0.00069,3.0
966,trades,1784012830809,62588,62589,7,0.05658,0,0.05658,0.00245,3.0
967,l2Book,1784012831011,62588,62589,7,0.05658,0,0.05658,0.00245,3.0
968,l2Book,1784012831548,62588,62589,4,0.05511,0,0.05511,0.00176,3.0
969,l2Book,1784012832089,62588,62589,2,0.05,0,0.05,0.00176,3.0
970,trades,1784012832089,62588,62589,3,0.05,0,0.05,0.0049,3.0
971,trades,1784012832289,62588,62589,5,0.05,0,0.05,0.00804,3.0
972,trades,1784012832571,62588,62589,6,0.05084,0,0.05084,0.00804,3.0
973,l2Book,1784012832621,62588,62589,6,0.05084,0,0.05084,0.00804,3.0
974,l2Book,1784012833183,62588,62589,5,0.00084,0,0.00084,0.00804,3.0
975,trades,1784012833436,62588,62589,7,0.05683,0,0.05683,0.00804,3.0
976,l2Book,1784012833791,62588,62589,7,0.05683,0,0.05683,0.00804,3.0
977,trades,1784012833917,62588,62589,7,0.06027,0,0.06027,0.00628,3.0
978,trades,1784012833995,62588,62589,8,0.14398,0,0.14398,0.00628,3.0
979,l2Book,1784012834302,62588,62589,8,0.14398,0,0.14398,0.00628,3.0
980,l2Book,1784012834807,62588,62589,8,0.14398,0,0.14398,0.00628,3.0
981,trades,1784012835050,62588,62589,9,0.14398,0,0.14398,0.00646,3.0
982,l2Book,1784012835343,62590,62591,6,0,0.14398,0.14398,0.00018,3.0
983,l2Book,1784012835877,62590,62591,5,0,0.14314,0.14314,0.00018,3.0
984,trades,1784012836080,62590,62591,6,0.05,0.14314,0.19314,0.00018,3.0
985,l2Book,1784012836421,62590,62591,6,0.05,0.14314,0.19314,0.00018,3.0
986,trades,1784012836887,62590,62591,5,0.10605,0.08715,0.1932,0.00018,3.0
987,l2Book,1784012836954,62590,62591,4,0.10605,0.08371,0.18976,0.00018,3.0
988,l2Book,1784012837491,62590,62591,3,0.10605,0,0.10605,0.00018,3.0
989,l2Book,1784012838095,62590,62591,2,0.10605,0,0.10605,0,3.0
990,l2Book,1784012838581,62590,62591,2,0.10605,0,0.10605,0,3.0
991,l2Book,1784012839117,62590,62591,1,0.05605,0,0.05605,0,3.0
992,l2Book,1784012839664,62590,62591,1,0.05605,0,0.05605,0,3.0
993,l2Book,1784012840201,62590,62591,0,0,0,0,0,3.0
994,trades,1784012840201,62590,62591,1,0,0,0,0.00444,3.0
995,trades,1784012840334,62590,62591,2,0,0,0,0.00888,3.0
996,l2Book,1784012840737,62590,62591,2,0,0,0,0.00888,3.0
997,l2Book,1784012841276,62590,62591,2,0,0,0,0.00888,3.0
998,l2Book,1784012841813,62590,62591,2,0,0,0,0.00888,3.0
999,trades,1784012842081,62590,62591,3,0.05,0,0.05,0.00888,3.0
1000,trades,1784012842215,62590,62591,4,0.05,0,0.05,0.00988,3.0
1001,l2Book,1784012842349,62590,62591,4,0.05,0,0.05,0.00988,3.0
1002,trades,1784012842551,62590,62591,5,0.05,0,0.05,0.00989,3.0
1003,l2Book,1784012842885,62590,62591,5,0.05,0,0.05,0.00989,3.0
1004,l2Book,1784012843422,62590,62591,3,0.05,0,0.05,0.00101,3.0
1005,trades,1784012843556,62590,62591,12,0.05,0,0.05,0.8639,3.0
1006,l2Book,1784012843959,62595,62596,12,0,0.05,0.05,0.8639,3.0
1007,l2Book,1784012844496,62595,62596,12,0,0.05,0.05,0.8639,3.0
1008,trades,1784012844968,62595,62596,13,0,0.05,0.05,0.8641,3.0
1009,l2Book,1784012845036,62595,62596,13,0,0.05,0.05,0.8641,3.0
1010,l2Book,1784012845571,62595,62596,10,0,0,0,0.86309,3.0
1011,l2Book,1784012846109,62595,62596,10,0,0,0,0.86309,3.0
1012,trades,1784012846176,62595,62596,11,0.00069,0,0.00069,0.86309,3.0
1013,trades,1784012846578,62595,62596,4,0.05069,0,0.05069,0.0002,3.0
1014,l2Book,1784012846644,62595,62596,4,0.05069,0,0.05069,0.0002,3.0
1015,trades,1784012847049,62595,62596,5,0.05069,0,0.05069,0.00038,3.0
1016,l2Book,1784012847184,62595,62596,5,0.05069,0,0.05069,0.00038,3.0
1017,l2Book,1784012847714,62595,62596,5,0.05069,0,0.05069,0.00038,3.0
1018,trades,1784012848056,62595,62596,5,0.05069,0,0.05069,0.0012,3.0
1019,l2Book,1784012848255,62595,62596,5,0.05069,0,0.05069,0.0012,3.0
1020,l2Book,1784012848800,62595,62596,5,0.05069,0,0.05069,0.0012,3.0
1021,l2Book,1784012849332,62595,62596,4,0.05,0,0.05,0.0012,3.0
1022,l2Book,1784012849863,62595,62596,2,0,0,0,0.0012,3.0
1023,l2Book,1784012850413,62595,62596,1,0,0,0,0.00102,3.0
1024,l2Book,1784012850960,62595,62596,1,0,0,0,0.00102,3.0
1025,trades,1784012850960,62595,62596,2,0.05,0,0.05,0.00102,3.0
1026,l2Book,1784012851497,62595,62596,1,0.05,0,0.05,0,3.0
1027,trades,1784012851497,62595,62596,2,0.0502,0,0.0502,0,3.0
1028,trades,1784012851830,62595,62596,3,0.0502,0,0.0502,0.00096,3.0
1029,l2Book,1784012852101,62595,62596,3,0.0502,0,0.0502,0.00096,3.0
1030,trades,1784012852101,62595,62596,5,0.05164,0,0.05164,0.00139,3.0
1031,l2Book,1784012852638,62595,62596,5,0.05164,0,0.05164,0.00139,3.0
1032,l2Book,1784012853177,62595,62596,5,0.05164,0,0.05164,0.00139,3.0
1033,l2Book,1784012853726,62595,62596,5,0.05164,0,0.05164,0.00139,3.0
1034,l2Book,1784012854260,62595,62596,4,0.00164,0,0.00164,0.00139,3.0
1035,l2Book,1784012854797,62595,62596,3,0.00144,0,0.00144,0.00139,3.0
1036,l2Book,1784012855336,62595,62596,0,0,0,0,0,3.0
1037,trades,1784012855336,62595,62596,1,0,0,0,0.00599,3.0
1038,l2Book,1784012855876,62595,62596,1,0,0,0,0.00599,3.0
1039,trades,1784012856144,62595,62596,2,0,0,0,0.11382,3.0
1040,l2Book,1784012856414,62595,62596,2,0,0,0,0.11382,3.0
1041,l2Book,1784012856950,62595,62596,2,0,0,0,0.11382,3.0
1042,l2Book,1784012857556,62595,62596,2,0,0,0,0.11382,3.0
1043,l2Book,1784012858032,62595,62596,2,0,0,0,0.11382,3.0
1044,trades,1784012858032,62595,62596,5,0.00147,0,0.00147,0.11451,3.0
1045,l2Book,1784012858574,62595,62596,4,0.00147,0,0.00147,0.10852,3.0
1046,l2Book,1784012859104,62595,62596,4,0.00147,0,0.00147,0.10852,3.0
1047,l2Book,1784012859643,62595,62596,3,0.00147,0,0.00147,0.00069,3.0
1048,l2Book,1784012860180,62595,62596,3,0.00147,0,0.00147,0.00069,3.0
1049,trades,1784012860180,62595,62596,4,0.00664,0,0.00664,0.00069,3.0
1050,l2Book,1784012860711,62595,62596,4,0.00664,0,0.00664,0.00069,3.0
1051,l2Book,1784012861253,62595,62596,1,0.00517,0,0.00517,0,3.0
1052,l2Book,1784012861790,62595,62596,1,0.00517,0,0.00517,0,3.0
1053,l2Book,1784012862328,62595,62596,1,0.00517,0,0.00517,0,3.0
1054,l2Book,1784012862881,62595,62596,1,0.00517,0,0.00517,0,3.0
1055,l2Book,1784012863396,62595,62596,0,0,0,0,0,3.0
1056,l2Book,1784012863954,62595,62596,0,0,0,0,0,3.0
1057,trades,1784012864418,62595,62596,1,0,0,0,0.00159,3.0
1058,l2Book,1784012864491,62596,62597,1,0,0,0,0.00159,3.0
1059,l2Book,1784012865085,62597,62598,1,0,0,0,0.00159,3.0
1060,trades,1784012865022,62597,62598,2,0,0,0,0.00177,3.0
1061,trades,1784012865382,62597,62598,3,0,0,0,0.00201,3.0
1062,l2Book,1784012865592,62597,62598,3,0,0,0,0.00201,3.0
1063,trades,1784012865987,62597,62598,8,0,0,0,0.1529,3.0
1064,l2Book,1784012866126,62601,62602,8,0,0,0,0.1529,3.0
1065,l2Book,1784012866658,62601,62602,8,0,0,0,0.1529,3.0
1066,trades,1784012866724,62601,62602,9,0,0,0,0.15427,3.0
1067,l2Book,1784012867259,62601,62602,9,0,0,0,0.15427,3.0
1068,l2Book,1784012867732,62601,62602,8,0,0,0,0.15268,3.0
1069,l2Book,1784012868272,62601,62602,7,0,0,0,0.1525,3.0
1070,trades,1784012868344,62601,62602,8,0,0,0,0.15947,3.0
1071,trades,1784012868478,62601,62602,8,0.00079,0,0.00079,0.15923,3.0
1072,l2Book,1784012868808,62601,62602,8,0.00079,0,0.00079,0.15923,3.0
1073,l2Book,1784012869358,62600,62601,3,0,0,0,0.00913,3.0
1074,l2Book,1784012869899,62596,62597,2,0,0,0,0.00776,3.0
1075,l2Book,1784012870439,62596,62597,2,0,0,0,0.00776,3.0
1076,trades,1784012870439,62596,62597,3,0,0,0,0.00808,3.0
1077,l2Book,1784012870972,62596,62597,3,0,0,0,0.00808,3.0
1078,l2Book,1784012871520,62596,62597,1,0,0,0,0.00032,3.0
1079,l2Book,1784012872054,62596,62597,1,0,0,0,0.00032,3.0
1080,l2Book,1784012872593,62596,62597,1,0,0,0,0.00032,3.0
1081,trades,1784012872928,62596,62597,2,0,0,0,0.00108,3.0
1082,l2Book,1784012873129,62596,62597,2,0,0,0,0.00108,3.0
1083,l2Book,1784012873673,62596,62597,1,0,0,0,0.00076,3.0
1084,l2Book,1784012874217,62596,62597,1,0,0,0,0.00076,3.0
1085,l2Book,1784012874758,62596,62597,1,0,0,0,0.00076,3.0
1086,trades,1784012874959,62596,62597,2,0,0,0,0.02164,3.0
1087,l2Book,1784012875283,62596,62597,2,0,0,0,0.02164,3.0
1088,l2Book,1784012875832,62596,62597,2,0,0,0,0.02164,3.0
1089,l2Book,1784012876375,62596,62597,1,0,0,0,0.02088,3.0
1090,l2Book,1784012876922,62596,62597,1,0,0,0,0.02088,3.0
1091,trades,1784012877063,62596,62597,2,0,0,0,0.02106,3.0
1092,l2Book,1784012877483,62594,62595,2,0,0,0,0.02106,3.0
1093,l2Book,1784012878011,62594,62595,1,0,0,0,0.00018,3.0
1094,trades,1784012878011,62594,62595,2,0,0,0,0.0012,3.0
1095,trades,1784012878093,62594,62595,3,0.00342,0,0.00342,0.0012,3.0
1096,l2Book,1784012878542,62594,62595,3,0.00342,0,0.00342,0.0012,3.0
1097,l2Book,1784012879100,62594,62595,3,0.00342,0,0.00342,0.0012,3.0
1098,l2Book,1784012879635,62594,62595,3,0.00342,0,0.00342,0.0012,3.0
1099,l2Book,1784012880171,62594,62595,2,0.00342,0,0.00342,0.00102,3.0
1100,trades,1784012880584,62594,62595,6,0.00342,0.00613,0.00955,0.00102,3.0
1101,trades,1784012880760,62590,62591,10,0.01257,0.00339,0.01596,0.00461,3.0
1102,l2Book,1784012881264,62587,62588,8,0.00322,0,0.00322,0.01291,3.0
1103,l2Book,1784012881840,62587,62588,8,0.00322,0,0.00322,0.01291,3.0
1104,trades,1784012882041,62587,62588,10,0.00467,0,0.00467,0.01319,3.0
1105,l2Book,1784012882447,62582,62583,10,0,0,0,0.01786,3.0
1106,trades,1784012882835,62582,62583,11,0.00557,0,0.00557,0.01786,3.0
1107,l2Book,1784012883054,62582,62583,11,0.00557,0,0.00557,0.01786,3.0
1108,trades,1784012883530,62582,62583,12,0.00812,0,0.00812,0.01786,3.0
1109,l2Book,1784012883596,62582,62583,8,0.00812,0,0.00812,0.01173,3.0
1110,l2Book,1784012884134,62582,62583,4,0.00812,0,0.00812,0.00173,3.0
1111,l2Book,1784012884673,62582,62583,4,0.00812,0,0.00812,0.00173,3.0
1112,l2Book,1784012885213,62582,62583,2,0.00812,0,0.00812,0,3.0
1113,l2Book,1784012885743,62582,62583,2,0.00812,0,0.00812,0,3.0
1114,l2Book,1784012886288,62582,62583,1,0.00255,0,0.00255,0,3.0
1115,trades,1784012886288,62582,62583,3,0.00255,0,0.00255,0.01677,3.0
1116,l2Book,1784012886831,62582,62583,2,0,0,0,0.01677,3.0
1117,l2Book,1784012887351,62582,62583,2,0,0,0,0.01677,3.0
1118,l2Book,1784012887901,62582,62583,2,0,0,0,0.01677,3.0
1119,trades,1784012888011,62582,62583,5,0.00147,0,0.00147,0.01747,3.0
1120,l2Book,1784012888416,62582,62583,5,0.00147,0,0.00147,0.01747,3.0
1121,l2Book,1784012888956,62582,62583,5,0.00147,0,0.00147,0.01747,3.0
1122,l2Book,1784012889512,62582,62583,3,0.00147,0,0.00147,0.0007,3.0
1123,l2Book,1784012890035,62585,62586,3,0,0.00147,0.00147,0.0007,3.0
1124,l2Book,1784012890574,62585,62586,3,0,0.00147,0.00147,0.0007,3.0
1125,l2Book,1784012891123,62587,62588,0,0,0,0,0,3.0
1126,l2Book,1784012891653,62588,62589,0,0,0,0,0,3.0
1127,l2Book,1784012892159,62589,62590,0,0,0,0,0,3.0
1128,l2Book,1784012892664,62590,62591,0,0,0,0,0,3.0
1129,trades,1784012892728,62590,62591,1,0,0,0,0.03834,3.0
1130,l2Book,1784012893244,62590,62591,1,0,0,0,0.03834,3.0
1131,trades,1784012893679,62590,62591,2,0,0,0,0.04793,3.0
1132,trades,1784012893742,62590,62591,3,0,0,0,0.04828,3.0
1133,l2Book,1784012893791,62593,62594,3,0.00035,0,0.00035,0.04793,3.0
1134,l2Book,1784012894316,62593,62594,3,0.00035,0,0.00035,0.04793,3.0
1135,l2Book,1784012894879,62593,62594,3,0.00035,0,0.00035,0.04793,3.0
1136,trades,1784012895064,62593,62594,4,0.00035,0,0.00035,0.04811,3.0
1137,l2Book,1784012895399,62594,62595,4,0,0.00035,0.00035,0.04811,3.0
1138,l2Book,1784012895935,62598,62599,3,0,0.00035,0.00035,0.00977,3.0
1139,l2Book,1784012896473,62598,62599,3,0,0.00035,0.00035,0.00977,3.0
1140,l2Book,1784012897105,62598,62600,1,0,0,0,0.00018,3.0
1141,trades,1784012897276,62598,62600,6,0,0,0,0.09771,3.0
1142,l2Book,1784012897520,62603,62604,6,0,0,0,0.09771,3.0
1143,l2Book,1784012898061,62604,62608,6,0,0,0,0.09771,3.0
1144,l2Book,1784012898611,62607,62608,5,0,0,0,0.09753,3.0
1145,l2Book,1784012899149,62607,62608,5,0,0,0,0.09753,3.0
1146,l2Book,1784012899675,62607,62608,5,0,0,0,0.09753,3.0
1147,l2Book,1784012900227,62607,62608,5,0,0,0,0.09753,3.0
1148,trades,1784012900428,62607,62608,2,0.08228,0,0.08228,0,3.0
1149,l2Book,1784012900765,62607,62608,2,0.08228,0,0.08228,0,3.0
1150,trades,1784012901235,62607,62608,3,0.08433,0,0.08433,0,3.0
1151,l2Book,1784012901301,62607,62608,3,0.08433,0,0.08433,0,3.0
1152,l2Book,1784012901837,62607,62608,3,0.08433,0,0.08433,0,3.0
1153,l2Book,1784012902379,62607,62608,3,0.08433,0,0.08433,0,3.0
1154,l2Book,1784012902891,62607,62608,3,0.08433,0,0.08433,0,3.0
1155,l2Book,1784012903403,62607,62608,3,0.08433,0,0.08433,0,3.0
1156,trades,1784012903737,62607,62608,3,0.00205,0,0.00205,0.00358,3.0
1157,l2Book,1784012903930,62607,62608,3,0.00205,0,0.00205,0.00358,3.0
1158,l2Book,1784012904477,62608,62611,2,0,0,0,0.00358,3.0
1159,trades,1784012904477,62608,62611,4,0,0,0,0.0061,3.0
1160,l2Book,1784012905013,62610,62611,4,0,0,0,0.0061,3.0
1161,l2Book,1784012905519,62611,62612,4,0,0,0,0.0061,3.0
1162,trades,1784012905954,62611,62612,6,0,0,0,0.01085,3.0
1163,l2Book,1784012906020,62611,62612,6,0,0,0,0.01085,3.0
1164,l2Book,1784012906557,62611,62612,6,0,0,0,0.01085,3.0
1165,trades,1784012907027,62611,62612,5,0,0,0,0.00745,3.0
1166,l2Book,1784012907093,62611,62612,5,0,0,0,0.00745,3.0
1167,l2Book,1784012907639,62611,62612,3,0,0,0,0.00493,3.0
1168,trades,1784012908044,62611,62612,4,0,0,0,0.00596,3.0
1169,trades,1784012908111,62611,62612,5,0,0,0,0.01234,3.0
1170,l2Book,1784012908179,62611,62612,5,0,0,0,0.01234,3.0
1171,l2Book,1784012908716,62611,62612,5,0,0,0,0.01234,3.0
1172,l2Book,1784012909256,62611,62612,3,0,0,0,0.00759,3.0
1173,l2Book,1784012909793,62611,62612,3,0,0,0,0.00759,3.0
1174,trades,1784012910128,62611,62612,3,0.0078,0,0.0078,0.00741,3.0
1175,l2Book,1784012910331,62611,62612,3,0.0078,0,0.0078,0.00741,3.0
1176,trades,1784012910612,62611,62612,4,0.008,0,0.008,0.00741,3.0
1177,l2Book,1784012910882,62611,62612,4,0.008,0,0.008,0.00741,3.0
1178,l2Book,1784012911415,62611,62612,2,0.008,0,0.008,0,3.0
1179,l2Book,1784012911953,62611,62612,2,0.008,0,0.008,0,3.0
1180,trades,1784012912019,62611,62612,4,0.00945,0,0.00945,0.00042,3.0
1181,trades,1784012912355,62611,62612,5,0.00945,0,0.00945,0.00202,3.0
1182,l2Book,1784012912490,62611,62612,5,0.00945,0,0.00945,0.00202,3.0
1183,l2Book,1784012913010,62611,62612,5,0.00945,0,0.00945,0.00202,3.0
1184,l2Book,1784012913550,62611,62612,4,0.00165,0,0.00165,0.00202,3.0
1185,l2Book,1784012914097,62611,62612,3,0.00145,0,0.00145,0.00202,3.0
1186,l2Book,1784012914634,62611,62612,3,0.00145,0,0.00145,0.00202,3.0
1187,l2Book,1784012915164,62611,62612,1,0,0,0,0.0016,3.0
1188,l2Book,1784012915709,62611,62612,0,0,0,0,0,3.0
1189,l2Book,1784012916239,62611,62612,0,0,0,0,0,3.0
1190,l2Book,1784012916781,62611,62612,0,0,0,0,0,3.0
1191,l2Book,1784012917327,62612,62613,0,0,0,0,0,3.0
1192,l2Book,1784012917856,62612,62613,0,0,0,0,0,3.0
1193,trades,1784012917923,62612,62613,9,0,0,0,0.01126,3.0
1194,trades,1784012918055,62612,62613,12,0,0,0,0.01342,3.0
1195,l2Book,1784012918392,62618,62619,12,0.00147,0,0.00147,0.01195,3.0
1196,l2Book,1784012918925,62618,62619,12,0.00147,0,0.00147,0.01195,3.0
1197,l2Book,1784012919477,62618,62619,12,0.00147,0,0.00147,0.01195,3.0
1198,l2Book,1784012920009,62618,62619,12,0.00147,0,0.00147,0.01195,3.0
1199,l2Book,1784012920540,62618,62619,12,0.00147,0,0.00147,0.01195,3.0
1200,l2Book,1784012921081,62618,62619,0,0,0,0,0,3.0
1201,trades,1784012921487,62618,62619,3,0,0,0,0.00279,3.0
1202,l2Book,1784012921622,62620,62621,3,0,0,0,0.00279,3.0
1203,trades,1784012921746,62620,62621,4,0,0,0,0.00329,3.0
1204,l2Book,1784012922149,62620,62621,4,0,0,0,0.00329,3.0
1205,l2Book,1784012922650,62620,62621,4,0,0,0,0.00329,3.0
1206,l2Book,1784012923188,62620,62621,4,0,0,0,0.00329,3.0
1207,l2Book,1784012923719,62620,62621,4,0,0,0,0.00329,3.0
1208,l2Book,1784012924256,62620,62621,4,0,0,0,0.00329,3.0
1209,l2Book,1784012924815,62620,62621,0,0,0,0,0,3.0
1210,trades,1784012925014,62620,62621,1,0,0,0,0.00018,3.0
1211,l2Book,1784012925368,62620,62621,1,0,0,0,0.00018,3.0
1212,trades,1784012925713,62620,62621,2,0,0,0,0.00068,3.0
1213,l2Book,1784012925917,62620,62621,2,0,0,0,0.00068,3.0
1214,trades,1784012926119,62620,62621,3,0,0,0,0.0012,3.0
1215,l2Book,1784012926455,62620,62621,3,0,0,0,0.0012,3.0
1216,l2Book,1784012926977,62620,62621,3,0,0,0,0.0012,3.0
1217,trades,1784012926977,62620,62621,4,0.0008,0,0.0008,0.0012,3.0
1218,trades,1784012927205,62620,62621,5,0.01206,0,0.01206,0.0012,3.0
1219,l2Book,1784012927535,62620,62621,5,0.01206,0,0.01206,0.0012,3.0
1220,l2Book,1784012928074,62613,62614,4,0,0,0,0.01308,3.0
1221,trades,1784012928074,62613,62614,8,0,0,0,0.04441,3.0
1222,l2Book,1784012928588,62613,62614,8,0,0,0,0.04441,3.0
1223,l2Book,1784012929134,62613,62614,6,0,0,0,0.04339,3.0
1224,trades,1784012929596,62613,62614,7,0,0,0,0.09394,3.0
1225,l2Book,1784012929689,62613,62614,7,0,0,0,0.09394,3.0
1226,trades,1784012929689,62613,62614,8,0,0,0,0.09444,3.0
1227,l2Book,1784012930198,62613,62614,7,0,0,0,0.09364,3.0
1228,trades,1784012930693,62613,62614,7,0,0,0,0.08848,3.0
1229,l2Book,1784012930760,62613,62614,7,0,0,0,0.08848,3.0
1230,trades,1784012931003,62613,62614,8,0.06659,0,0.06659,0.08848,3.0
1231,trades,1784012931096,62613,62614,5,0.0666,0,0.0666,0.05715,3.0
1232,l2Book,1784012931296,62613,62614,5,0.0666,0,0.0666,0.05715,3.0
1233,l2Book,1784012931845,62613,62614,5,0.0666,0,0.0666,0.05715,3.0
1234,l2Book,1784012932389,62613,62614,5,0.0666,0,0.0666,0.05715,3.0
1235,trades,1784012932591,62613,62614,6,0.0666,0,0.0666,0.06325,3.0
1236,l2Book,1784012932921,62613,62614,4,0.0666,0,0.0666,0.0122,3.0
1237,l2Book,1784012933467,62613,62614,4,0.0666,0,0.0666,0.0122,3.0
1238,trades,1784012933736,62613,62614,4,0.0666,0,0.0666,0.0066,3.0
1239,l2Book,1784012934071,62613,62614,3,0.00001,0,0.00001,0.0066,3.0
1240,l2Book,1784012934560,62613,62614,2,0,0,0,0.0066,3.0
1241,l2Book,1784012935097,62613,62614,2,0,0,0,0.0066,3.0
1242,l2Book,1784012935621,62613,62614,1,0,0,0,0.0005,3.0
1243,l2Book,1784012936171,62613,62614,1,0,0,0,0.0005,3.0
1244,trades,1784012936571,62613,62614,2,0,0,0,0.00083,3.0
1245,l2Book,1784012936705,62613,62614,2,0,0,0,0.00083,3.0
1246,trades,1784012936773,62613,62614,2,0,0,0,0.00053,3.0
1247,trades,1784012937032,62613,62614,3,0,0,0,0.00071,3.0
1248,l2Book,1784012937229,62613,62614,3,0,0,0,0.00071,3.0
1249,trades,1784012937518,62613,62614,4,0,0,0,0.0012,3.0
1250,trades,1784012937720,62613,62614,5,0,0,0,0.0017,3.0
1251,l2Book,1784012937786,62613,62614,5,0,0,0,0.0017,3.0
1252,trades,1784012938042,62613,62614,6,0,0,0,0.00272,3.0
1253,l2Book,1784012938323,62613,62614,6,0,0,0,0.00272,3.0
1254,l2Book,1784012938846,62613,62614,6,0,0,0,0.00272,3.0
1255,l2Book,1784012939401,62613,62614,6,0,0,0,0.00272,3.0
1256,l2Book,1784012939933,62613,62614,4,0,0,0,0.00219,3.0
1257,l2Book,1784012940438,62613,62614,3,0,0,0,0.00201,3.0
1258,trades,1784012940911,62613,62614,6,0.715,0,0.715,0.00102,3.0
1259,l2Book,1784012940978,62613,62614,6,0.715,0,0.715,0.00102,3.0
1260,l2Book,1784012941513,62613,62614,5,0.715,0,0.715,0,3.0
1261,trades,1784012941580,62613,62614,6,0.715,0,0.715,0.0002,3.0
1262,trades,1784012941711,62613,62614,7,0.715,0,0.715,0.0007,3.0
1263,l2Book,1784012942048,62613,62614,7,0.715,0,0.715,0.0007,3.0
1264,trades,1784012942048,62613,62614,9,0.71645,0,0.71645,0.00101,3.0
1265,l2Book,1784012942582,62613,62614,9,0.71645,0,0.71645,0.00101,3.0
1266,l2Book,1784012943121,62613,62614,9,0.71645,0,0.71645,0.00101,3.0
1267,l2Book,1784012943664,62613,62614,9,0.71645,0,0.71645,0.00101,3.0
1268,l2Book,1784012944199,62613,62614,4,0.00145,0,0.00145,0.00101,3.0
1269,l2Book,1784012944737,62613,62614,2,0.00145,0,0.00145,0.00031,3.0
1270,l2Book,1784012945275,62613,62614,0,0,0,0,0,3.0
1271,trades,1784012945677,62613,62614,1,0,0,0,0.0005,3.0
1272,l2Book,1784012945812,62613,62614,1,0,0,0,0.0005,3.0
1273,l2Book,1784012946347,62613,62614,1,0,0,0,0.0005,3.0
1274,l2Book,1784012946884,62613,62614,1,0,0,0,0.0005,3.0
1275,l2Book,1784012947419,62613,62614,1,0,0,0,0.0005,3.0
1276,l2Book,1784012947954,62613,62614,1,0,0,0,0.0005,3.0
1277,trades,1784012948024,62613,62614,4,0.00147,0,0.00147,0.0012,3.0
1278,trades,1784012948433,62613,62614,8,0.39279,0,0.39279,0.0012,3.0
1279,l2Book,1784012948500,62612,62613,8,0,0,0,0.39399,3.0
1280,trades,1784012948765,62612,62613,8,0.0002,0,0.0002,0.39349,3.0
1281,trades,1784012948968,62612,62613,9,0.0002,0,0.0002,0.39728,3.0
1282,l2Book,1784012949033,62612,62613,9,0.0002,0,0.0002,0.39728,3.0
1283,l2Book,1784012949579,62612,62613,9,0.0002,0,0.0002,0.39728,3.0
1284,trades,1784012949649,62612,62613,10,0.00399,0,0.00399,0.39728,3.0
1285,l2Book,1784012950106,62612,62613,10,0.00399,0,0.00399,0.39728,3.0
1286,trades,1784012950388,62612,62613,11,0.00429,0,0.00429,0.39728,3.0
1287,l2Book,1784012950655,62612,62613,11,0.00429,0,0.00429,0.39728,3.0
1288,trades,1784012950994,62612,62613,13,0.00459,0,0.00459,0.48977,3.0
1289,l2Book,1784012951190,62612,62613,10,0.00459,0,0.00459,0.4876,3.0
1290,trades,1784012951190,62612,62613,11,0.00489,0,0.00489,0.4876,3.0
1291,trades,1784012951395,62612,62613,13,0.00549,0,0.00549,0.4876,3.0
1292,l2Book,1784012951714,62612,62613,9,0.00549,0,0.00549,0.09628,3.0
1293,trades,1784012952194,62612,62613,8,0.00529,0,0.00529,0.09268,3.0
1294,l2Book,1784012952263,62612,62613,8,0.00529,0,0.00529,0.09268,3.0
1295,l2Book,1784012952798,62612,62613,7,0.0015,0,0.0015,0.09268,3.0
1296,trades,1784012952798,62612,62613,8,0.00406,0,0.00406,0.09268,3.0
1297,trades,1784012953201,62612,62613,9,0.00436,0,0.00436,0.09268,3.0
1298,l2Book,1784012953327,62612,62613,9,0.00436,0,0.00436,0.09268,3.0
1299,l2Book,1784012953876,62612,62613,8,0.00406,0,0.00406,0.09268,3.0
1300,l2Book,1784012954421,62612,62613,3,0.00286,0,0.00286,0.00019,3.0
1301,l2Book,1784012954966,62612,62613,3,0.00286,0,0.00286,0.00019,3.0
1302,trades,1784012955032,62612,62613,4,0.00286,0,0.00286,0.00037,3.0
1303,l2Book,1784012955526,62612,62613,3,0.00286,0,0.00286,0.00018,3.0
1304,l2Book,1784012956054,62612,62613,2,0.0003,0,0.0003,0.00018,3.0
1305,l2Book,1784012956594,62612,62613,1,0,0,0,0.00018,3.0
1306,trades,1784012956662,62612,62613,2,0,0,0,0.05275,3.0
1307,l2Book,1784012957131,62612,62613,2,0,0,0,0.05275,3.0
1308,l2Book,1784012957668,62612,62613,2,0,0,0,0.05275,3.0
1309,trades,1784012957668,62612,62613,3,0,0,0,0.08489,3.0
1310,l2Book,1784012958181,62612,62613,2,0,0,0,0.08471,3.0
1311,l2Book,1784012958740,62612,62613,2,0,0,0,0.08471,3.0
1312,l2Book,1784012959275,62612,62613,2,0,0,0,0.08471,3.0
1313,l2Book,1784012959825,62612,62613,1,0,0,0,0.03214,3.0
1314,l2Book,1784012960367,62612,62613,1,0,0,0,0.03214,3.0
1315,l2Book,1784012960911,62612,62613,0,0,0,0,0,3.0
1316,l2Book,1784012961454,62612,62613,0,0,0,0,0,3.0
1317,l2Book,1784012961974,62612,62613,0,0,0,0,0,3.0
1318,l2Book,1784012962513,62612,62613,0,0,0,0,0,3.0
1319,l2Book,1784012963066,62612,62613,0,0,0,0,0,3.0
1320,l2Book,1784012963606,62612,62613,0,0,0,0,0,3.0
1321,l2Book,1784012964140,62612,62613,0,0,0,0,0,3.0
1322,l2Book,1784012964686,62612,62613,0,0,0,0,0,3.0
1323,l2Book,1784012965220,62612,62613,0,0,0,0,0,3.0
1324,trades,1784012965566,62612,62613,3,0,0.0006,0.0006,0,3.0
1325,l2Book,1784012965755,62610,62611,3,0.0006,0,0.0006,0,3.0
1326,l2Book,1784012966310,62608,62611,3,0,0,0,0.0006,3.0
1327,l2Book,1784012966838,62608,62609,3,0,0,0,0.0006,3.0
1328,trades,1784012967039,62608,62609,4,0,0,0,0.00078,3.0
1329,l2Book,1784012967386,62608,62609,4,0,0,0,0.00078,3.0
1330,l2Book,1784012967921,62608,62609,4,0,0,0,0.00078,3.0
1331,trades,1784012968050,62608,62609,5,0,0,0,0.0018,3.0
1332,trades,1784012968308,62608,62609,6,0.00104,0,0.00104,0.0018,3.0
1333,l2Book,1784012968455,62608,62609,6,0.00104,0,0.00104,0.0018,3.0
1334,l2Book,1784012968996,62608,62609,3,0.00104,0,0.00104,0.0012,3.0
1335,l2Book,1784012969531,62608,62609,3,0.00104,0,0.00104,0.0012,3.0
1336,trades,1784012969531,62608,62609,4,0.00104,0,0.00104,0.00139,3.0
1337,l2Book,1784012970067,62608,62609,3,0.00104,0,0.00104,0.00121,3.0
1338,l2Book,1784012970578,62608,62609,3,0.00104,0,0.00104,0.00121,3.0
1339,l2Book,1784012971188,62608,62609,2,0.00104,0,0.00104,0.00019,3.0
1340,l2Book,1784012971795,62608,62609,1,0,0,0,0.00019,3.0
1341,trades,1784012972079,62608,62609,3,0.00145,0,0.00145,0.00066,3.0
1342,l2Book,1784012972403,62608,62609,3,0.00145,0,0.00145,0.00066,3.0
1343,l2Book,1784012972942,62608,62609,2,0.00145,0,0.00145,0.00047,3.0
1344,trades,1784012973011,62608,62609,3,0.00166,0,0.00166,0.00047,3.0
1345,l2Book,1784012973501,62608,62609,3,0.00166,0,0.00166,0.00047,3.0
1346,trades,1784012973501,62608,62609,4,0.00166,0,0.00166,0.00111,3.0
1347,l2Book,1784012974022,62608,62609,4,0.00166,0,0.00166,0.00111,3.0
1348,l2Book,1784012974626,62608,62609,4,0.00166,0,0.00166,0.00111,3.0
1349,trades,1784012975114,62608,62609,3,0.0007,0,0.0007,0.00064,3.0
1350,l2Book,1784012975180,62608,62609,3,0.0007,0,0.0007,0.00064,3.0
1351,l2Book,1784012975717,62608,62609,3,0.0007,0,0.0007,0.00064,3.0
1352,l2Book,1784012976252,62608,62609,2,0.00049,0,0.00049,0.00064,3.0
1353,trades,1784012976592,62608,62609,2,0.00049,0,0.00049,0.0002,3.0
1354,trades,1784012976726,62608,62609,6,0.03083,0.00957,0.0404,0.0002,3.0
1355,l2Book,1784012977329,62605,62606,6,0.00878,0,0.00878,0.03182,3.0
1356,trades,1784012977463,62605,62606,7,0.01065,0,0.01065,0.03182,3.0
1357,trades,1784012977663,62605,62606,8,0.01065,0,0.01065,0.03198,3.0
1358,l2Book,1784012977867,62605,62606,8,0.01065,0,0.01065,0.03198,3.0
1359,trades,1784012978065,62605,62606,11,0.01212,0,0.01212,0.03267,3.0
1360,l2Book,1784012978402,62605,62606,10,0.01212,0,0.01212,0.03218,3.0
1361,l2Book,1784012978939,62605,62606,10,0.01212,0,0.01212,0.03218,3.0
1362,l2Book,1784012979475,62605,62606,10,0.01212,0,0.01212,0.03218,3.0
1363,l2Book,1784012980015,62605,62606,5,0.00334,0,0.00334,0.00085,3.0
1364,l2Book,1784012980555,62605,62606,4,0.00147,0,0.00147,0.00085,3.0
1365,l2Book,1784012981084,62605,62606,0,0,0,0,0,3.0
1366,trades,1784012981560,62605,62606,2,0.48878,0,0.48878,0,3.0
1367,l2Book,1784012981687,62605,62606,2,0.48878,0,0.48878,0,3.0
1368,trades,1784012981687,62605,62606,3,0.49048,0,0.49048,0,3.0
1369,l2Book,1784012982231,62605,62606,3,0.49048,0,0.49048,0,3.0
1370,trades,1784012982372,62605,62606,4,0.52122,0,0.52122,0,3.0
1371,trades,1784012982572,62605,62606,5,0.52142,0,0.52142,0,3.0
1372,l2Book,1784012982772,62605,62606,5,0.52142,0,0.52142,0,3.0
1373,l2Book,1784012983292,62605,62606,5,0.52142,0,0.52142,0,3.0
1374,l2Book,1784012983848,62605,62606,5,0.52142,0,0.52142,0,3.0
1375,l2Book,1784012984385,62605,62606,5,0.52142,0,0.52142,0,3.0
1376,l2Book,1784012984922,62605,62606,2,0.03094,0,0.03094,0,3.0
1377,l2Book,1784012985468,62605,62606,1,0.0002,0,0.0002,0,3.0
1378,trades,1784012985742,62605,62606,1,0.0016,0,0.0016,0,3.0
1379,l2Book,1784012986009,62605,62606,1,0.0016,0,0.0016,0,3.0
1380,l2Book,1784012986532,62605,62606,1,0.0016,0,0.0016,0,3.0
1381,l2Book,1784012987083,62605,62606,1,0.0016,0,0.0016,0,3.0
1382,l2Book,1784012987619,62605,62606,1,0.0016,0,0.0016,0,3.0
1383,l2Book,1784012988157,62605,62606,1,0.0016,0,0.0016,0,3.0
1384,l2Book,1784012988680,62605,62606,1,0.0016,0,0.0016,0,3.0
1385,l2Book,1784012989213,62603,62604,0,0,0,0,0,3.0
1386,l2Book,1784012989758,62602,62603,0,0,0,0,0,3.0
1387,trades,1784012989908,62602,62603,1,0.0008,0,0.0008,0,3.0
1388,l2Book,1784012990309,62598,62599,1,0,0,0,0.0008,3.0
1389,l2Book,1784012990831,62597,62598,1,0,0,0,0.0008,3.0
1390,l2Book,1784012991336,62597,62598,1,0,0,0,0.0008,3.0
1391,l2Book,1784012991872,62597,62598,1,0,0,0,0.0008,3.0
1392,l2Book,1784012992411,62597,62598,1,0,0,0,0.0008,3.0
1393,l2Book,1784012992949,62597,62598,0,0,0,0,0,3.0
1394,l2Book,1784012993482,62597,62598,0,0,0,0,0,3.0
1395,l2Book,1784012994012,62597,62598,0,0,0,0,0,3.0
1396,l2Book,1784012994557,62597,62598,0,0,0,0,0,3.0
1397,l2Book,1784012995083,62597,62598,0,0,0,0,0,3.0
1398,l2Book,1784012995626,62597,62598,0,0,0,0,0,3.0
1399,l2Book,1784012996167,62597,62598,0,0,0,0,0,3.0
1400,l2Book,1784012996702,62597,62598,0,0,0,0,0,3.0
1401,trades,1784012997037,62597,62598,1,0,0,0,0.00018,3.0
1402,l2Book,1784012997243,62597,62598,1,0,0,0,0.00018,3.0
1403,l2Book,1784012997778,62597,62598,1,0,0,0,0.00018,3.0
1404,trades,1784012998033,62597,62598,2,0,0,0,0.0012,3.0
1405,l2Book,1784012998319,62597,62598,2,0,0,0,0.0012,3.0
1406,trades,1784012998319,62597,62598,3,0.00429,0,0.00429,0.0012,3.0
1407,trades,1784012998434,62597,62598,4,0.00459,0,0.00459,0.0012,3.0
1408,l2Book,1784012998854,62597,62598,4,0.00459,0,0.00459,0.0012,3.0
1409,trades,1784012999038,62597,62598,5,0.00489,0,0.00489,0.0012,3.0
1410,l2Book,1784012999387,62597,62598,5,0.00489,0,0.00489,0.0012,3.0
1411,l2Book,1784012999926,62596,62597,5,0,0,0,0.00609,3.0
1412,l2Book,1784013000468,62596,62597,4,0,0,0,0.00591,3.0
1413,l2Book,1784013001000,62596,62597,4,0,0,0,0.00591,3.0
1414,trades,1784013001145,62596,62597,4,0.0008,0,0.0008,0.00489,3.0
1415,l2Book,1784013001517,62591,62592,2,0,0,0,0.0011,3.0
1416,trades,1784013001950,62591,62592,3,0,0,0,0.00129,3.0
1417,trades,1784013002005,62591,62592,5,0.00145,0,0.00145,0.00152,3.0
1418,l2Book,1784013002067,62591,62592,4,0.00145,0,0.00145,0.00122,3.0
1419,trades,1784013002149,62591,62592,5,0.00145,0,0.00145,0.00289,3.0
1420,l2Book,1784013002608,62589,62590,5,0,0,0,0.00434,3.0
1421,trades,1784013003080,62589,62590,7,0,0.00167,0.00167,0.00434,3.0
1422,trades,1784013003360,62586,62587,8,0.00118,0,0.00118,0.00513,3.0
1423,l2Book,1784013003688,62586,62587,8,0.00118,0,0.00118,0.00513,3.0
1424,l2Book,1784013004240,62586,62587,7,0.00118,0,0.00118,0.00433,3.0
1425,l2Book,1784013004788,62586,62587,7,0.00118,0,0.00118,0.00433,3.0
1426,l2Book,1784013005324,62586,62587,3,0.00118,0,0.00118,0.00079,3.0
1427,trades,1784013005536,62586,62587,4,0.00256,0,0.00256,0.00079,3.0
1428,l2Book,1784013005863,62586,62587,4,0.00256,0,0.00256,0.00079,3.0
1429,trades,1784013005939,62586,62587,5,0.00444,0,0.00444,0.00079,3.0
1430,l2Book,1784013006416,62586,62587,2,0.00326,0,0.00326,0,3.0
1431,trades,1784013006689,62586,62587,3,0.00442,0,0.00442,0,3.0
1432,l2Book,1784013006957,62586,62587,3,0.00442,0,0.00442,0,3.0
1433,trades,1784013007362,62586,62587,4,0.00772,0,0.00772,0,3.0
1434,l2Book,1784013007494,62586,62587,4,0.00772,0,0.00772,0,3.0
1435,l2Book,1784013008029,62586,62587,4,0.00772,0,0.00772,0,3.0
1436,trades,1784013008029,62586,62587,7,0.0092,0,0.0092,0.00069,3.0
1437,trades,1784013008230,62586,62587,8,0.01006,0,0.01006,0.00069,3.0
1438,l2Book,1784013008565,62586,62587,7,0.00868,0,0.00868,0.00069,3.0
1439,trades,1784013008909,62586,62587,8,0.01067,0,0.01067,0.00069,3.0
1440,l2Book,1784013009109,62586,62587,7,0.00879,0,0.00879,0.00069,3.0
1441,l2Book,1784013009644,62586,62587,7,0.00879,0,0.00879,0.00069,3.0
1442,l2Book,1784013010176,62586,62587,6,0.00763,0,0.00763,0.00069,3.0
1443,trades,1784013010246,62586,62587,8,0.03729,0,0.03729,0.00069,3.0
1444,l2Book,1784013010717,62584,62585,7,0,0,0,0.03468,3.0
1445,l2Book,1784013011251,62584,62585,3,0,0,0,0.03165,3.0
1446,l2Book,1784013011780,62584,62585,3,0,0,0,0.03165,3.0
1447,l2Book,1784013012323,62584,62585,2,0,0,0,0.02966,3.0
1448,l2Book,1784013012859,62584,62585,2,0,0,0,0.02966,3.0
1449,l2Book,1784013013389,62584,62585,0,0,0,0,0,3.0
1450,l2Book,1784013013931,62584,62585,0,0,0,0,0,3.0
1451,l2Book,1784013014467,62584,62585,0,0,0,0,0,3.0
1452,l2Book,1784013015069,62584,62585,0,0,0,0,0,3.0
1453,trades,1784013015004,62584,62585,1,0,0,0,0.00018,3.0
1454,trades,1784013015137,62584,62585,2,0,0,0,0.00194,3.0
1455,l2Book,1784013015541,62584,62585,2,0,0,0,0.00194,3.0
1456,l2Book,1784013016093,62584,62585,2,0,0,0,0.00194,3.0
1457,l2Book,1784013016626,62580,62582,2,0,0,0,0.00194,3.0
1458,trades,1784013016626,62580,62582,6,0.0001,0,0.0001,0.00463,3.0
1459,trades,1784013016897,62580,62582,7,0.0022,0,0.0022,0.00463,3.0
1460,l2Book,1784013017161,62574,62575,7,0,0,0,0.00683,3.0
1461,l2Book,1784013017700,62568,62569,7,0,0,0,0.00683,3.0
1462,trades,1784013017834,62568,62569,8,0.00019,0,0.00019,0.00683,3.0
1463,l2Book,1784013018244,62568,62569,6,0.00019,0,0.00019,0.00489,3.0
1464,l2Book,1784013018783,62568,62569,6,0.00019,0,0.00019,0.00489,3.0
1465,trades,1784013018840,62568,62569,7,0.00236,0,0.00236,0.00489,3.0
1466,l2Book,1784013019310,62568,62569,7,0.00236,0,0.00236,0.00489,3.0
1467,trades,1784013019510,62568,62569,8,0.03028,0,0.03028,0.00489,3.0
1468,l2Book,1784013019864,62568,62569,4,0.03028,0,0.03028,0.0021,3.0
1469,l2Book,1784013020472,62568,62569,3,0.03028,0,0.03028,0,3.0
1470,trades,1784013020472,62568,62569,4,0.03028,0,0.03028,0.00016,3.0
1471,l2Book,1784013020990,62568,62569,3,0.03009,0,0.03009,0.00016,3.0
1472,l2Book,1784013021545,62568,62569,3,0.03009,0,0.03009,0.00016,3.0
1473,l2Book,1784013022064,62568,62569,2,0.02792,0,0.02792,0.00016,3.0
1474,l2Book,1784013022597,62568,62569,1,0,0,0,0.00016,3.0
1475,l2Book,1784013023135,62568,62569,1,0,0,0,0.00016,3.0
1476,trades,1784013023135,62568,62569,2,0.0308,0,0.0308,0.00016,3.0
1477,l2Book,1784013023690,62568,62569,1,0.0308,0,0.0308,0,3.0
1478,trades,1784013024093,62568,62569,2,0.0308,0,0.0308,0.00017,3.0
1479,l2Book,1784013024217,62568,62569,2,0.0308,0,0.0308,0.00017,3.0
1480,l2Book,1784013024741,62568,62569,2,0.0308,0,0.0308,0.00017,3.0
1481,l2Book,1784013025286,62568,62569,2,0.0308,0,0.0308,0.00017,3.0
1482,trades,1784013025707,62568,62569,3,0.03097,0,0.03097,0.00017,3.0
1483,l2Book,1784013025836,62568,62569,3,0.03097,0,0.03097,0.00017,3.0
1484,l2Book,1784013026376,62568,62569,2,0.00017,0,0.00017,0.00017,3.0
1485,l2Book,1784013026914,62568,62569,2,0.00017,0,0.00017,0.00017,3.0
1486,trades,1784013027049,62568,62569,3,0.00017,0,0.00017,0.00035,3.0
1487,l2Book,1784013027457,62568,62569,2,0.00017,0,0.00017,0.00018,3.0
1488,trades,1784013027536,62568,62569,3,0.00017,0,0.00017,0.02185,3.0
1489,trades,1784013027735,62568,62569,4,0.00017,0,0.00017,0.02322,3.0
1490,l2Book,1784013027997,62568,62569,4,0.00017,0,0.00017,0.02322,3.0
1491,trades,1784013028064,62568,62569,5,0.00017,0,0.00017,0.02425,3.0
1492,l2Book,1784013028503,62568,62569,5,0.00017,0,0.00017,0.02425,3.0
1493,l2Book,1784013029008,62568,62569,4,0,0,0,0.02425,3.0
1494,l2Book,1784013029547,62568,62569,4,0,0,0,0.02425,3.0
1495,l2Book,1784013030082,62568,62569,3,0,0,0,0.02407,3.0
1496,trades,1784013030416,62568,62569,4,0.00651,0,0.00651,0.02407,3.0
1497,l2Book,1784013030617,62568,62569,3,0.00651,0,0.00651,0.0024,3.0
1498,l2Book,1784013031152,62568,62569,1,0.00651,0,0.00651,0,3.0
1499,trades,1784013031152,62568,62569,2,0.00651,0,0.00651,0.0002,3.0
1500,l2Book,1784013031691,62568,62569,2,0.00651,0,0.00651,0.0002,3.0
1501,trades,1784013032010,62568,62569,4,0.00795,0,0.00795,0.00057,3.0
1502,l2Book,1784013032212,62568,62569,4,0.00795,0,0.00795,0.00057,3.0
1503,l2Book,1784013032777,62568,62569,4,0.00795,0,0.00795,0.00057,3.0
1504,l2Book,1784013033315,62568,62569,4,0.00795,0,0.00795,0.00057,3.0
1505,trades,1784013033315,62568,62569,5,0.00824,0,0.00824,0.00057,3.0
1506,l2Book,1784013033862,62568,62569,4,0.00173,0,0.00173,0.00057,3.0
1507,trades,1784013034329,62568,62569,4,0.03387,0,0.03387,0.00037,3.0
1508,l2Book,1784013034393,62568,62569,4,0.03387,0,0.03387,0.00037,3.0
1509,trades,1784013034594,62568,62569,5,0.03571,0,0.03571,0.00037,3.0
1510,l2Book,1784013034931,62568,62569,5,0.03571,0,0.03571,0.00037,3.0
1511,trades,1784013035247,62568,62569,4,0.03427,0,0.03427,0.00018,3.0
1512,l2Book,1784013035484,62568,62569,4,0.03427,0,0.03427,0.00018,3.0
1513,trades,1784013035823,62568,62569,5,0.03427,0,0.03427,0.66524,3.0
1514,l2Book,1784013036090,62568,62569,5,0.03427,0,0.03427,0.66524,3.0
1515,trades,1784013036460,62568,62569,5,0.03418,0,0.03418,0.66524,3.0
1516,l2Book,1784013036562,62568,62569,5,0.03418,0,0.03418,0.66524,3.0
1517,l2Book,1784013037169,62568,62569,5,0.03418,0,0.03418,0.66524,3.0
1518,l2Book,1784013037712,62568,62569,3,0.0002,0,0.0002,0.66524,3.0
1519,trades,1784013037830,62568,62569,4,0.00036,0,0.00036,0.66524,3.0
1520,trades,1784013038051,62568,62569,7,0.00183,0,0.00183,0.66594,3.0
1521,l2Book,1784013038232,62568,62569,7,0.00183,0,0.00183,0.66594,3.0
1522,l2Book,1784013038787,62568,62569,6,0.00183,0,0.00183,0.66576,3.0
1523,l2Book,1784013039394,62568,62569,5,0.00183,0,0.00183,0.0007,3.0
1524,l2Book,1784013039940,62568,62569,4,0.00163,0,0.00163,0.0007,3.0
1525,l2Book,1784013040475,62568,62569,4,0.00163,0,0.00163,0.0007,3.0
1526,l2Book,1784013041009,62568,62569,3,0.00147,0,0.00147,0.0007,3.0
1527,l2Book,1784013041547,62568,62569,0,0,0,0,0,3.0
1528,l2Book,1784013042069,62568,62569,0,0,0,0,0,3.0
1529,l2Book,1784013042622,62568,62569,0,0,0,0,0,3.0
1530,l2Book,1784013043135,62568,62569,0,0,0,0,0,3.0
1531,l2Book,1784013043683,62568,62569,0,0,0,0,0,3.0
1532,trades,1784013044027,62568,62569,1,0,0,0,0.00075,3.0
1533,l2Book,1784013044228,62568,62569,1,0,0,0,0.00075,3.0
1534,l2Book,1784013044784,62568,62569,1,0,0,0,0.00075,3.0
1535,trades,1784013045055,62568,62569,2,0,0,0,0.00093,3.0
1536,l2Book,1784013045301,62568,62569,2,0,0,0,0.00093,3.0
1537,l2Book,1784013045840,62568,62569,2,0,0,0,0.00093,3.0
1538,l2Book,1784013046376,62568,62569,2,0,0,0,0.00093,3.0
1539,l2Book,1784013046918,62568,62569,2,0,0,0,0.00093,3.0
1540,l2Book,1784013047444,62568,62569,1,0,0,0,0.00018,3.0
1541,l2Book,1784013047995,62568,62569,1,0,0,0,0.00018,3.0
1542,l2Book,1784013048536,62568,62569,0,0,0,0,0,3.0
1543,l2Book,1784013049124,62568,62569,0,0,0,0,0,3.0
1544,trades,1784013049571,62568,62569,3,0,0,0,0.00319,3.0
1545,l2Book,1784013049623,62568,62569,3,0,0,0,0.00319,3.0
1546,trades,1784013049623,62568,62569,4,0,0,0,0.01148,3.0
1547,trades,1784013049676,62568,62569,5,0,0,0,0.01978,3.0
1548,l2Book,1784013050153,62568,62569,5,0,0,0,0.01978,3.0
1549,trades,1784013050227,62568,62569,6,0,0,0,0.03255,3.0
1550,l2Book,1784013050681,62568,62569,6,0,0,0,0.03255,3.0
1551,l2Book,1784013051235,62568,62569,6,0,0,0,0.03255,3.0
1552,l2Book,1784013051768,62568,62569,6,0,0,0,0.03255,3.0
1553,l2Book,1784013052289,62568,62569,6,0,0,0,0.03255,3.0
1554,l2Book,1784013052840,62568,62569,1,0,0,0,0.01277,3.0
1555,l2Book,1784013053361,62568,62569,0,0,0,0,0,3.0
1556,trades,1784013053765,62568,62569,1,0,0,0,0.00829,3.0
1557,l2Book,1784013053899,62568,62569,1,0,0,0,0.00829,3.0
1558,trades,1784013054169,62568,62569,2,0,0,0,0.00864,3.0
1559,l2Book,1784013054455,62568,62569,2,0,0,0,0.00864,3.0
1560,l2Book,1784013054977,62568,62569,2,0,0,0,0.00864,3.0
1561,trades,1784013054977,62568,62569,4,0.03109,0,0.03109,0.00864,3.0
1562,l2Book,1784013055509,62568,62569,4,0.03109,0,0.03109,0.00864,3.0
1563,trades,1784013055866,62568,62569,5,0.03144,0,0.03144,0.00864,3.0
1564,l2Book,1784013056065,62568,62569,5,0.03144,0,0.03144,0.00864,3.0
1565,l2Book,1784013056595,62568,62569,5,0.03144,0,0.03144,0.00864,3.0
1566,trades,1784013057073,62568,62569,5,0.03144,0,0.03144,0.00053,3.0
1567,l2Book,1784013057137,62568,62569,5,0.03144,0,0.03144,0.00053,3.0
1568,l2Book,1784013057686,62568,62569,4,0.03144,0,0.03144,0.00018,3.0
1569,trades,1784013058012,62568,62569,3,0.00035,0,0.00035,0.0012,3.0
1570,l2Book,1784013058214,62568,62569,3,0.00035,0,0.00035,0.0012,3.0
1571,l2Book,1784013058755,62568,62569,3,0.00035,0,0.00035,0.0012,3.0
1572,l2Book,1784013059294,62568,62569,2,0,0,0,0.0012,3.0
1573,trades,1784013059564,62568,62569,25,1.19259,0,1.19259,0.0012,3.0
1574,l2Book,1784013059832,62568,62569,25,1.19259,0,1.19259,0.0012,3.0
1575,l2Book,1784013060367,62568,62569,24,1.19259,0,1.19259,0.00102,3.0
1576,l2Book,1784013060882,62568,62569,24,1.19259,0,1.19259,0.00102,3.0
1577,l2Book,1784013061430,62568,62569,23,1.19259,0,1.19259,0,3.0
1578,l2Book,1784013061953,62568,62569,23,1.19259,0,1.19259,0,3.0
1579,trades,1784013062037,62568,62569,25,1.19404,0,1.19404,0.00045,3.0
1580,l2Book,1784013062500,62568,62569,25,1.19404,0,1.19404,0.00045,3.0
1581,l2Book,1784013063037,62568,62569,2,0.00145,0,0.00145,0.00045,3.0
1582,l2Book,1784013063576,62568,62569,2,0.00145,0,0.00145,0.00045,3.0
1583,trades,1784013063855,62568,62569,3,0.00145,0,0.00145,0.01251,3.0
1584,l2Book,1784013064183,62568,62569,3,0.00145,0,0.00145,0.01251,3.0
1585,l2Book,1784013064689,62568,62569,3,0.00145,0,0.00145,0.01251,3.0
1586,l2Book,1784013065228,62568,62569,1,0,0,0,0.01206,3.0
1587,l2Book,1784013065774,62568,62569,1,0,0,0,0.01206,3.0
1588,l2Book,1784013066310,62568,62569,1,0,0,0,0.01206,3.0
1589,l2Book,1784013066846,62568,62569,1,0,0,0,0.01206,3.0
1590,l2Book,1784013067383,62568,62569,0,0,0,0,0,3.0
1591,l2Book,1784013067930,62568,62569,0,0,0,0,0,3.0
1592,trades,1784013068060,62568,62569,3,0.00147,0,0.00147,0.00069,3.0
1593,l2Book,1784013068465,62568,62569,3,0.00147,0,0.00147,0.00069,3.0
1594,l2Book,1784013069066,62568,62569,3,0.00147,0,0.00147,0.00069,3.0
1595,trades,1784013069015,62568,62569,4,0.00147,0,0.00147,0.00441,3.0
1596,l2Book,1784013069576,62568,62569,4,0.00147,0,0.00147,0.00441,3.0
1597,trades,1784013069709,62568,62569,5,0.00519,0,0.00519,0.00441,3.0
1598,l2Book,1784013070112,62568,62569,5,0.00519,0,0.00519,0.00441,3.0
1599,l2Book,1784013070649,62568,62569,5,0.00519,0,0.00519,0.00441,3.0
1600,l2Book,1784013071253,62568,62569,2,0.00372,0,0.00372,0.00372,3.0
1601,trades,1784013071643,62568,62569,3,0.00372,0,0.00372,0.19372,3.0
1602,l2Book,1784013071775,62568,62569,3,0.00372,0,0.00372,0.19372,3.0
1603,l2Book,1784013072382,62568,62569,2,0.00372,0,0.00372,0.19,3.0
1604,l2Book,1784013072914,62568,62569,1,0,0,0,0.19,3.0
1605,trades,1784013072914,62568,62569,2,0,0,0,0.1902,3.0
1606,l2Book,1784013073456,62568,62569,2,0,0,0,0.1902,3.0
1607,l2Book,1784013074079,62568,62569,2,0,0,0,0.1902,3.0
1608,l2Book,1784013074614,62568,62569,2,0,0,0,0.1902,3.0
1609,trades,1784013075019,62568,62569,2,0,0,0,0.00038,3.0
1610,l2Book,1784013075137,62568,62569,2,0,0,0,0.00038,3.0
1611,l2Book,1784013075693,62568,62569,2,0,0,0,0.00038,3.0
1612,l2Book,1784013076231,62568,62569,1,0,0,0,0.00018,3.0
1613,l2Book,1784013076835,62568,62569,1,0,0,0,0.00018,3.0
1614,l2Book,1784013077443,62568,62569,1,0,0,0,0.00018,3.0
1615,trades,1784013077443,62568,62569,2,0.11235,0,0.11235,0.00018,3.0
1616,l2Book,1784013077970,62568,62569,2,0.11235,0,0.11235,0.00018,3.0
1617,l2Book,1784013078535,62568,62569,1,0.11235,0,0.11235,0,3.0
1618,l2Book,1784013079066,62568,62569,1,0.11235,0,0.11235,0,3.0
1619,l2Book,1784013079574,62568,62569,1,0.11235,0,0.11235,0,3.0
1620,l2Book,1784013080078,62568,62569,1,0.11235,0,0.11235,0,3.0
1621,l2Book,1784013080597,62568,62569,0,0,0,0,0,3.0
1622,l2Book,1784013081151,62568,62569,0,0,0,0,0,3.0
1623,l2Book,1784013081693,62568,62569,0,0,0,0,0,3.0
1624,trades,1784013081761,62568,62569,1,0.0002,0,0.0002,0,3.0
1625,l2Book,1784013082215,62568,62569,1,0.0002,0,0.0002,0,3.0
1626,l2Book,1784013082769,62568,62569,1,0.0002,0,0.0002,0,3.0
1627,l2Book,1784013083276,62568,62569,1,0.0002,0,0.0002,0,3.0
1628,trades,1784013083714,62568,62569,2,0.00163,0,0.00163,0,3.0
1629,l2Book,1784013083778,62568,62569,2,0.00163,0,0.00163,0,3.0
1630,l2Book,1784013084323,62568,62569,2,0.00163,0,0.00163,0,3.0
1631,l2Book,1784013084847,62568,62569,1,0.00143,0,0.00143,0,3.0
1632,l2Book,1784013085400,62568,62569,1,0.00143,0,0.00143,0,3.0
1633,l2Book,1784013085943,62568,62569,1,0.00143,0,0.00143,0,3.0
1634,l2Book,1784013086546,62568,62569,1,0.00143,0,0.00143,0,3.0
1635,trades,1784013087015,62568,62569,1,0,0,0,0.00018,3.0
1636,l2Book,1784013087152,62568,62569,1,0,0,0,0.00018,3.0
1637,l2Book,1784013087698,62568,62569,1,0,0,0,0.00018,3.0
1638,trades,1784013088032,62568,62569,2,0,0,0,0.0012,3.0
1639,trades,1784013088167,62568,62569,3,0,0,0,0.00855,3.0
1640,l2Book,1784013088232,62568,62569,3,0,0,0,0.00855,3.0
1641,l2Book,1784013088771,62568,62569,3,0,0,0,0.00855,3.0
1642,l2Book,1784013089376,62568,62569,3,0,0,0,0.00855,3.0
1643,l2Book,1784013089973,62568,62569,3,0,0,0,0.00855,3.0
1644,trades,1784013090395,62568,62569,3,0.16746,0,0.16746,0.00837,3.0
1645,trades,1784013090466,62568,62569,4,0.34233,0,0.34233,0.00837,3.0
1646,l2Book,1784013090517,62568,62569,4,0.34233,0,0.34233,0.00837,3.0
1647,l2Book,1784013091068,62568,62569,3,0.34233,0,0.34233,0.00735,3.0
1648,l2Book,1784013091605,62568,62569,2,0.34233,0,0.34233,0,3.0
1649,trades,1784013092007,62568,62569,4,0.34378,0,0.34378,0.00025,3.0
1650,l2Book,1784013092125,62568,62569,4,0.34378,0,0.34378,0.00025,3.0
1651,l2Book,1784013092681,62568,62569,4,0.34378,0,0.34378,0.00025,3.0
1652,l2Book,1784013093217,62568,62569,4,0.34378,0,0.34378,0.00025,3.0
1653,l2Book,1784013093741,62568,62569,2,0.00145,0,0.00145,0.00025,3.0
1654,l2Book,1784013094296,62568,62569,2,0.00145,0,0.00145,0.00025,3.0
1655,l2Book,1784013094835,62568,62569,2,0.00145,0,0.00145,0.00025,3.0
1656,l2Book,1784013095361,62568,62569,0,0,0,0,0,3.0
1657,l2Book,1784013095906,62568,62569,0,0,0,0,0,3.0
1658,trades,1784013096242,62568,62569,1,0.00319,0,0.00319,0,3.0
1659,l2Book,1784013096443,62568,62569,1,0.00319,0,0.00319,0,3.0
1660,l2Book,1784013096969,62568,62569,1,0.00319,0,0.00319,0,3.0
1661,l2Book,1784013097506,62568,62569,1,0.00319,0,0.00319,0,3.0
1662,l2Book,1784013098056,62568,62569,1,0.00319,0,0.00319,0,3.0
1663,trades,1784013098056,62568,62569,3,0.00447,0,0.00447,0.0007,3.0
1664,trades,1784013098257,62568,62569,4,0.00588,0,0.00588,0.0007,3.0
1665,l2Book,1784013098587,62568,62569,4,0.00588,0,0.00588,0.0007,3.0
1666,trades,1784013099070,62568,62569,5,0.00588,0,0.00588,0.00619,3.0
1667,l2Book,1784013099130,62568,62569,5,0.00588,0,0.00588,0.00619,3.0
1668,l2Book,1784013099686,62568,62569,4,0.00269,0,0.00269,0.00619,3.0
1669,l2Book,1784013100227,62568,62569,4,0.00269,0,0.00269,0.00619,3.0
1670,trades,1784013100439,62568,62569,7,0.00644,0,0.00644,0.00619,3.0
1671,l2Book,1784013100773,62567,62568,7,0,0,0,0.01263,3.0
1672,l2Book,1784013101308,62567,62568,4,0,0,0,0.00924,3.0
1673,l2Book,1784013101846,62567,62568,4,0,0,0,0.00924,3.0
1674,l2Book,1784013102380,62565,62566,3,0,0,0,0.00375,3.0
1675,trades,1784013102447,62565,62566,4,0,0,0,0.00407,3.0
1676,l2Book,1784013102919,62565,62566,4,0,0,0,0.00407,3.0
1677,l2Book,1784013103455,62565,62566,1,0,0,0,0.00032,3.0
1678,l2Book,1784013103992,62565,62566,1,0,0,0,0.00032,3.0
1679,l2Book,1784013104526,62565,62566,1,0,0,0,0.00032,3.0
1680,l2Book,1784013105050,62565,62566,1,0,0,0,0.00032,3.0
1681,trades,1784013105050,62565,62566,2,0,0,0,0.0005,3.0
1682,l2Book,1784013105611,62564,62565,1,0,0,0,0.00018,3.0
1683,trades,1784013105690,62564,62565,5,0.00082,0.00334,0.00416,0.00018,3.0
1684,trades,1784013105872,62564,62565,6,0.00082,0.36453,0.36535,0.00018,3.0
1685,l2Book,1784013106130,62558,62559,6,0.36119,0,0.36119,0.00434,3.0
1686,l2Book,1784013106674,62558,62559,6,0.36119,0,0.36119,0.00434,3.0
1687,l2Book,1784013107206,62558,62559,6,0.36119,0,0.36119,0.00434,3.0
1688,l2Book,1784013107743,62558,62559,6,0.36119,0,0.36119,0.00434,3.0
1689,trades,1784013108211,62558,62559,6,2.36119,0,2.36119,0.00416,3.0
1690,l2Book,1784013108279,62558,62559,6,2.36119,0,2.36119,0.00416,3.0
1691,l2Book,1784013108841,62558,62559,2,2.36119,0,2.36119,0,3.0
1692,l2Book,1784013109370,62558,62559,1,2,0,2,0,3.0
1693,l2Book,1784013109926,62558,62559,1,2,0,2,0,3.0
1694,l2Book,1784013110464,62558,62559,1,2,0,2,0,3.0
1695,trades,1784013110464,62558,62559,2,2.01274,0,2.01274,0,3.0
1696,trades,1784013110531,62558,62559,3,2.01275,0,2.01275,0,3.0
1697,trades,1784013110664,62558,62559,4,2.01928,0,2.01928,0,3.0
1698,l2Book,1784013111068,62558,62559,4,2.01928,0,2.01928,0,3.0
1699,trades,1784013111268,62558,62559,4,0.03881,0,0.03881,0,3.0
1700,l2Book,1784013111534,62557,62558,4,0,0,0,0.03881,3.0
1701,trades,1784013111603,62557,62558,6,0.00174,0,0.00174,0.03881,3.0
1702,trades,1784013111673,62557,62558,7,0.00337,0,0.00337,0.03881,3.0
1703,l2Book,1784013112072,62557,62558,7,0.00337,0,0.00337,0.03881,3.0
1704,l2Book,1784013112620,62557,62558,7,0.00337,0,0.00337,0.03881,3.0
1705,l2Book,1784013113154,62557,62558,7,0.00337,0,0.00337,0.03881,3.0
1706,l2Book,1784013113693,62557,62558,4,0.00337,0,0.00337,0.01953,3.0
1707,l2Book,1784013114233,62557,62558,4,0.00337,0,0.00337,0.01953,3.0
1708,l2Book,1784013114783,62557,62558,0,0,0,0,0,3.0
1709,l2Book,1784013115317,62557,62558,0,0,0,0,0,3.0
1710,l2Book,1784013115855,62557,62558,0,0,0,0,0,3.0
1711,trades,1784013116053,62557,62558,1,0.0145,0,0.0145,0,3.0
1712,trades,1784013116254,62557,62558,3,1.0145,0,1.0145,0,3.0
1713,l2Book,1784013116394,62557,62558,3,1.0145,0,1.0145,0,3.0
1714,l2Book,1784013116928,62557,62558,3,1.0145,0,1.0145,0,3.0
1715,trades,1784013117062,62557,62558,4,1.0145,0,1.0145,0.00018,3.0
1716,l2Book,1784013117475,62557,62558,4,1.0145,0,1.0145,0.00018,3.0
1717,l2Book,1784013118077,62563,62564,4,0,1.0145,1.0145,0.00018,3.0
1718,trades,1784013118077,62563,62564,9,0,1.0145,1.0145,0.0012,3.0
1719,l2Book,1784013118617,62563,62564,9,0,1.0145,1.0145,0.0012,3.0
1720,l2Book,1784013119142,62563,62564,8,0,1,1,0.0012,3.0
1721,l2Book,1784013119703,62563,62564,6,0,0,0,0.0012,3.0
1722,l2Book,1784013120232,62563,62564,5,0,0,0,0.00102,3.0
1723,trades,1784013120514,62563,62564,6,0.01,0,0.01,0.00102,3.0
1724,trades,1784013120714,62563,62564,7,0.01,0,0.01,0.00122,3.0
1725,l2Book,1784013120777,62563,62564,7,0.01,0,0.01,0.00122,3.0
1726,l2Book,1784013121317,62563,62564,2,0.01,0,0.01,0.0002,3.0
1727,l2Book,1784013121853,62563,62564,2,0.01,0,0.01,0.0002,3.0
1728,trades,1784013122056,62563,62564,4,0.01145,0,0.01145,0.00059,3.0
1729,l2Book,1784013122398,62563,62564,4,0.01145,0,0.01145,0.00059,3.0
1730,l2Book,1784013122933,62563,62564,4,0.01145,0,0.01145,0.00059,3.0
1731,l2Book,1784013123480,62562,62563,4,0,0,0,0.01204,3.0
1732,l2Book,1784013124002,62562,62563,2,0,0,0,0.00184,3.0
1733,l2Book,1784013124550,62562,62563,2,0,0,0,0.00184,3.0
1734,l2Book,1784013125087,62562,62563,0,0,0,0,0,3.0
1735,l2Book,1784013125633,62562,62563,0,0,0,0,0,3.0
1736,l2Book,1784013126167,62561,62562,0,0,0,0,0,3.0
1737,l2Book,1784013126779,62558,62559,0,0,0,0,0,3.0
1738,trades,1784013126844,62558,62559,1,0.0002,0,0.0002,0,3.0
1739,l2Book,1784013127317,62558,62559,1,0.0002,0,0.0002,0,3.0
1740,l2Book,1784013127840,62558,62559,1,0.0002,0,0.0002,0,3.0
1741,trades,1784013128120,62558,62559,4,0.00167,0,0.00167,0.00069,3.0
1742,l2Book,1784013128388,62558,62559,4,0.00167,0,0.00167,0.00069,3.0
1743,trades,1784013128527,62558,62559,30,2.48635,0.69881,3.18516,0.00069,3.0
1744,l2Book,1784013128926,62557,62558,30,0.69881,0,0.69881,2.48704,3.0
1745,l2Book,1784013129458,62557,62558,30,0.69881,0,0.69881,2.48704,3.0
1746,l2Book,1784013129998,62557,62558,29,0.69881,0,0.69881,2.48684,3.0
1747,l2Book,1784013130513,62557,62558,29,0.69881,0,0.69881,2.48684,3.0
1748,l2Book,1784013131056,62557,62558,29,0.69881,0,0.69881,2.48684,3.0
1749,l2Book,1784013131612,62557,62558,0,0,0,0,0,3.0
1750,l2Book,1784013132148,62557,62558,0,0,0,0,0,3.0
1751,l2Book,1784013132759,62557,62558,0,0,0,0,0,3.0
1752,l2Book,1784013133360,62557,62558,0,0,0,0,0,3.0
1753,l2Book,1784013133890,62557,62558,0,0,0,0,0,3.0
1754,l2Book,1784013134442,62557,62558,0,0,0,0,0,3.0
1755,l2Book,1784013134971,62557,62558,0,0,0,0,0,3.0
1756,trades,1784013135046,62557,62558,1,0,0,0,0.00018,3.0
1757,l2Book,1784013135575,62557,62558,1,0,0,0,0.00018,3.0
1758,l2Book,1784013136116,62557,62558,1,0,0,0,0.00018,3.0
1759,l2Book,1784013136639,62557,62558,1,0,0,0,0.00018,3.0
1760,trades,1784013136926,62557,62558,3,0.02165,0,0.02165,0.00018,3.0
1761,l2Book,1784013137183,62557,62558,3,0.02165,0,0.02165,0.00018,3.0
1762,l2Book,1784013137734,62557,62558,3,0.02165,0,0.02165,0.00018,3.0
1763,l2Book,1784013138278,62557,62558,2,0.02165,0,0.02165,0,3.0
1764,trades,1784013138620,62557,62558,26,1.02165,0,1.02165,0,3.0
1765,l2Book,1784013138820,62557,62558,26,1.02165,0,1.02165,0,3.0
1766,trades,1784013139223,62557,62558,27,1.02193,0,1.02193,0,3.0
1767,l2Book,1784013139424,62557,62558,27,1.02193,0,1.02193,0,3.0
1768,l2Book,1784013139959,62557,62558,25,1.00028,0,1.00028,0,3.0
1769,trades,1784013140161,62557,62558,26,1.00028,0,1.00028,0.00627,3.0
1770,l2Book,1784013140481,62557,62558,26,1.00028,0,1.00028,0.00627,3.0
1771,l2Book,1784013141034,62557,62558,26,1.00028,0,1.00028,0.00627,3.0
1772,l2Book,1784013141577,62557,62558,26,1.00028,0,1.00028,0.00627,3.0
1773,trades,1784013141577,62557,62558,32,1.10292,0,1.10292,0.00627,3.0
1774,l2Book,1784013142115,62557,62558,8,0.10292,0,0.10292,0.00627,3.0
1775,trades,1784013142518,62557,62558,8,0.10806,0,0.10806,0.00627,3.0
1776,l2Book,1784013142652,62557,62558,8,0.10806,0,0.10806,0.00627,3.0
1777,l2Book,1784013143190,62557,62558,7,0.10806,0,0.10806,0,3.0
1778,l2Book,1784013143728,62557,62558,7,0.10806,0,0.10806,0,3.0
1779,trades,1784013143998,62557,62558,10,0.13005,0,0.13005,0,3.0
1780,l2Book,1784013144266,62557,62558,10,0.13005,0,0.13005,0,3.0
1781,l2Book,1784013144805,62557,62558,4,0.02741,0,0.02741,0,3.0
1782,l2Book,1784013145332,62557,62558,4,0.02741,0,0.02741,0,3.0
1783,l2Book,1784013145885,62557,62558,3,0.02199,0,0.02199,0,3.0
1784,l2Book,1784013146424,62557,62558,3,0.02199,0,0.02199,0,3.0
1785,trades,1784013146761,62557,62558,5,0.05681,0,0.05681,0,3.0
1786,l2Book,1784013146964,62557,62558,5,0.05681,0,0.05681,0,3.0
1787,trades,1784013147030,62557,62558,3,0.03482,0,0.03482,0.00018,3.0
1788,l2Book,1784013147503,62557,62558,3,0.03482,0,0.03482,0.00018,3.0
1789,l2Book,1784013148037,62557,62558,3,0.03482,0,0.03482,0.00018,3.0
1790,trades,1784013148037,62557,62558,4,0.03482,0,0.03482,0.0012,3.0
1791,trades,1784013148300,62557,62558,5,0.03482,0,0.03482,0.00662,3.0
1792,l2Book,1784013148576,62557,62558,5,0.03482,0,0.03482,0.00662,3.0
1793,l2Book,1784013149113,62557,62558,5,0.03482,0,0.03482,0.00662,3.0
1794,l2Book,1784013149648,62557,62558,5,0.03482,0,0.03482,0.00662,3.0
1795,l2Book,1784013150188,62557,62558,2,0,0,0,0.00644,3.0
1796,trades,1784013150323,62557,62558,4,0.02396,0,0.02396,0.00644,3.0
1797,l2Book,1784013150737,62557,62558,4,0.02396,0,0.02396,0.00644,3.0
1798,trades,1784013151156,62557,62558,5,0.03023,0,0.03023,0.00542,3.0
1799,l2Book,1784013151288,62557,62558,5,0.03023,0,0.03023,0.00542,3.0
1800,l2Book,1784013151891,62557,62558,4,0.03023,0,0.03023,0,3.0
1801,trades,1784013152026,62557,62558,6,0.03168,0,0.03168,0.00039,3.0
1802,l2Book,1784013152429,62557,62558,6,0.03168,0,0.03168,0.00039,3.0
1803,trades,1784013152764,62557,62558,7,0.03168,0,0.03168,0.03207,3.0
1804,l2Book,1784013152965,62557,62558,7,0.03168,0,0.03168,0.03207,3.0
1805,l2Book,1784013153507,62557,62558,5,0.00772,0,0.00772,0.03207,3.0
1806,l2Book,1784013154042,62557,62558,5,0.00772,0,0.00772,0.03207,3.0
1807,l2Book,1784013154581,62557,62558,3,0.00145,0,0.00145,0.03207,3.0
1808,l2Book,1784013155118,62557,62558,1,0,0,0,0.03168,3.0
1809,l2Book,1784013155654,62557,62558,1,0,0,0,0.03168,3.0
1810,l2Book,1784013156173,62557,62558,0,0,0,0,0,3.0
1811,l2Book,1784013156729,62557,62558,0,0,0,0,0,3.0
1812,trades,1784013156797,62557,62558,2,0.00513,0,0.00513,0,3.0
1813,trades,1784013157064,62557,62558,3,0.00513,0,0.00513,0.00029,3.0
1814,l2Book,1784013157265,62557,62558,3,0.00513,0,0.00513,0.00029,3.0
1815,l2Book,1784013157811,62557,62558,3,0.00513,0,0.00513,0.00029,3.0
1816,trades,1784013157876,62557,62558,6,0.04582,0,0.04582,0.00029,3.0
1817,trades,1784013158079,62557,62558,9,0.04729,0,0.04729,0.00098,3.0
1818,l2Book,1784013158356,62557,62558,9,0.04729,0,0.04729,0.00098,3.0
1819,l2Book,1784013158894,62559,62560,9,0,0.04729,0.04729,0.00098,3.0
1820,trades,1784013159027,62559,62560,10,0,0.04729,0.04729,0.00247,3.0
1821,l2Book,1784013159446,62562,62563,10,0,0.04878,0.04878,0.00098,3.0
1822,l2Book,1784013159977,62562,62563,8,0,0.04365,0.04365,0.00098,3.0
1823,l2Book,1784013160522,62562,62563,7,0,0.04365,0.04365,0.00069,3.0
1824,l2Book,1784013161063,62562,62563,4,0,0.00296,0.00296,0.00069,3.0
1825,trades,1784013161332,62562,62563,2,0,0.00149,0.00149,0.00513,3.0
1826,l2Book,1784013161599,62562,62563,2,0,0.00149,0.00149,0.00513,3.0
1827,l2Book,1784013162136,62562,62563,1,0,0,0,0.00513,3.0
1828,l2Book,1784013162690,62562,62563,1,0,0,0,0.00513,3.0
1829,trades,1784013163010,62562,62563,2,0,0,0,0.25513,3.0
1830,l2Book,1784013163209,62562,62563,2,0,0,0,0.25513,3.0
1831,trades,1784013163295,62562,62563,3,0.02125,0,0.02125,0.25513,3.0
1832,l2Book,1784013163714,62562,62563,3,0.02125,0,0.02125,0.25513,3.0
1833,l2Book,1784013164251,62562,62563,3,0.02125,0,0.02125,0.25513,3.0
1834,trades,1784013164719,62562,62563,4,1.71523,0,1.71523,0.25,3.0
1835,l2Book,1784013164771,62562,62563,4,1.71523,0,1.71523,0.25,3.0
1836,trades,1784013165056,62562,62563,5,1.71523,0,1.71523,0.25018,3.0
1837,l2Book,1784013165325,62562,62563,5,1.71523,0,1.71523,0.25018,3.0
1838,trades,1784013165603,62562,62563,7,1.71523,0,1.71523,0.50018,3.0
1839,l2Book,1784013165871,62562,62563,7,1.71523,0,1.71523,0.50018,3.0
1840,l2Book,1784013166407,62562,62563,5,1.69398,0,1.69398,0.25018,3.0
1841,l2Book,1784013166944,62562,62563,5,1.69398,0,1.69398,0.25018,3.0
1842,l2Book,1784013167480,62562,62563,5,1.69398,0,1.69398,0.25018,3.0
1843,l2Book,1784013168015,62562,62563,3,0,0,0,0.25018,3.0
1844,trades,1784013168216,62562,62563,5,0,0,0,2.25,3.0
1845,l2Book,1784013168553,62562,62563,5,0,0,0,2.25,3.0
1846,trades,1784013168690,62562,62563,4,0,0,0,2.25,3.0
1847,l2Book,1784013169093,62562,62563,4,0,0,0,2.25,3.0
1848,l2Book,1784013169621,62562,62563,4,0,0,0,2.25,3.0
1849,l2Book,1784013170160,62562,62563,4,0,0,0,2.25,3.0
1850,trades,1784013170447,62562,62563,5,0,0,0,2.5,3.0
1851,l2Book,1784013170763,62562,62563,5,0,0,0,2.5,3.0
1852,l2Book,1784013171329,62562,62563,2,0,0,0,0.5,3.0
1853,l2Book,1784013171839,62562,62563,1,0,0,0,0.25,3.0
1854,l2Book,1784013172392,62562,62563,1,0,0,0,0.25,3.0
1855,l2Book,1784013172928,62562,62563,1,0,0,0,0.25,3.0
1856,l2Book,1784013173464,62562,62563,0,0,0,0,0,3.0
1857,l2Book,1784013173984,62562,62563,0,0,0,0,0,3.0
1858,l2Book,1784013174539,62562,62563,0,0,0,0,0,3.0
1859,l2Book,1784013175078,62562,62563,0,0,0,0,0,3.0
1860,l2Book,1784013175620,62562,62563,0,0,0,0,0,3.0
1861,l2Book,1784013176164,62562,62563,0,0,0,0,0,3.0
1862,l2Book,1784013176684,62562,62563,0,0,0,0,0,3.0
1863,trades,1784013177168,62562,62563,2,0.0171,0,0.0171,0,3.0
1864,l2Book,1784013177229,62562,62563,2,0.0171,0,0.0171,0,3.0
1865,l2Book,1784013177767,62562,62563,2,0.0171,0,0.0171,0,3.0
1866,trades,1784013178035,62562,62563,3,0.0171,0,0.0171,0.00103,3.0
1867,l2Book,1784013178299,62562,62563,3,0.0171,0,0.0171,0.00103,3.0
1868,trades,1784013178574,62562,62563,4,0.0171,0,0.0171,0.04029,3.0
1869,l2Book,1784013178842,62562,62563,4,0.0171,0,0.0171,0.04029,3.0
1870,trades,1784013179046,62562,62563,5,0.0171,0,0.0171,0.0403,3.0
1871,l2Book,1784013179382,62562,62563,5,0.0171,0,0.0171,0.0403,3.0
1872,l2Book,1784013179919,62562,62563,5,0.0171,0,0.0171,0.0403,3.0
1873,l2Book,1784013180462,62562,62563,3,0,0,0,0.0403,3.0
1874,trades,1784013180861,62562,62563,4,0.0009,0,0.0009,0.0403,3.0
1875,l2Book,1784013180996,62561,62562,4,0,0,0,0.0412,3.0
1876,trades,1784013180996,62561,62562,5,0,0,0,0.0423,3.0
1877,l2Book,1784013181538,62561,62562,4,0,0,0,0.04127,3.0
1878,trades,1784013182006,62561,62562,6,0.00144,0,0.00144,0.00249,3.0
1879,l2Book,1784013182075,62561,62562,5,0.00144,0,0.00144,0.00248,3.0
1880,l2Book,1784013182621,62561,62562,5,0.00144,0,0.00144,0.00248,3.0
1881,trades,1784013182687,62561,62562,6,0.00144,0,0.00144,0.00272,3.0
1882,l2Book,1784013183157,62561,62562,6,0.00144,0,0.00144,0.00272,3.0
1883,l2Book,1784013183703,62561,62562,6,0.00144,0,0.00144,0.00272,3.0
1884,l2Book,1784013184243,62561,62562,4,0.00144,0,0.00144,0.00072,3.0
1885,l2Book,1784013184783,62561,62562,4,0.00144,0,0.00144,0.00072,3.0
1886,l2Book,1784013185319,62561,62562,1,0,0,0,0.00024,3.0
1887,l2Book,1784013185852,62561,62562,0,0,0,0,0,3.0
1888,l2Book,1784013186393,62561,62562,0,0,0,0,0,3.0
1889,trades,1784013186594,62561,62562,1,0,0,0,0.00845,3.0
1890,l2Book,1784013186927,62561,62562,1,0,0,0,0.00845,3.0
1891,l2Book,1784013187460,62561,62562,1,0,0,0,0.00845,3.0
1892,l2Book,1784013188004,62561,62562,1,0,0,0,0.00845,3.0
1893,trades,1784013188004,62561,62562,4,0.00147,0,0.00147,0.00915,3.0
1894,l2Book,1784013188542,62561,62562,4,0.00147,0,0.00147,0.00915,3.0
1895,l2Book,1784013189066,62561,62562,4,0.00147,0,0.00147,0.00915,3.0
1896,l2Book,1784013189630,62561,62562,3,0.00147,0,0.00147,0.0007,3.0
1897,l2Book,1784013190171,62561,62562,3,0.00147,0,0.00147,0.0007,3.0
1898,l2Book,1784013190690,62561,62562,3,0.00147,0,0.00147,0.0007,3.0
1899,l2Book,1784013191235,62561,62562,0,0,0,0,0,3.0
1900,l2Book,1784013191800,62561,62562,0,0,0,0,0,3.0
1901,l2Book,1784013192311,62561,62562,0,0,0,0,0,3.0
1902,trades,1784013192514,62561,62562,1,0.01517,0,0.01517,0,3.0
1903,l2Book,1784013192865,62561,62562,1,0.01517,0,0.01517,0,3.0
1904,l2Book,1784013193420,62561,62562,1,0.01517,0,0.01517,0,3.0
1905,l2Book,1784013193932,62561,62562,1,0.01517,0,0.01517,0,3.0
1906,l2Book,1784013194560,62561,62562,1,0.01517,0,0.01517,0,3.0
1907,trades,1784013194626,62561,62562,2,0.03291,0,0.03291,0,3.0
1908,trades,1784013195028,62561,62562,3,0.03291,0,0.03291,0.00018,3.0
1909,l2Book,1784013195167,62557,62558,3,0,0,0,0.03309,3.0
1910,l2Book,1784013195753,62557,62558,2,0,0,0,0.01792,3.0
1911,l2Book,1784013196289,62557,62558,2,0,0,0,0.01792,3.0
1912,trades,1784013196461,62557,62558,5,0.06088,0,0.06088,0.01792,3.0
1913,l2Book,1784013196865,62557,62558,5,0.06088,0,0.06088,0.01792,3.0
1914,trades,1784013196865,62557,62558,6,0.08386,0,0.08386,0.01792,3.0
1915,l2Book,1784013197398,62557,62558,6,0.08386,0,0.08386,0.01792,3.0
1916,trades,1784013197804,62557,62558,7,0.08465,0.01939,0.10404,0.00018,3.0
1917,trades,1784013198419,62556,62557,7,0.04237,0,0.04237,0.08465,3.0
1918,l2Book,1784013198486,62556,62557,7,0.04237,0,0.04237,0.08465,3.0
1919,l2Book,1784013199023,62556,62557,7,0.04237,0,0.04237,0.08465,3.0
1920,trades,1784013199291,62556,62557,8,0.04368,0,0.04368,0.08465,3.0
1921,l2Book,1784013199548,62556,62557,5,0.04368,0,0.04368,0.02377,3.0
1922,l2Book,1784013200058,62555,62556,4,0,0,0,0.04447,3.0
1923,l2Book,1784013200572,62555,62556,4,0,0,0,0.04447,3.0
1924,l2Book,1784013201113,62555,62556,2,0,0,0,0.02429,3.0
1925,trades,1784013201249,62555,62556,3,0,0,0,0.02471,3.0
1926,l2Book,1784013201660,62555,62556,2,0,0,0,0.00173,3.0
1927,l2Book,1784013202191,62554,62556,2,0,0,0,0.00173,3.0
1928,l2Book,1784013202738,62552,62553,1,0,0,0,0.00042,3.0
1929,l2Book,1784013203273,62552,62553,1,0,0,0,0.00042,3.0
1930,l2Book,1784013203808,62552,62553,1,0,0,0,0.00042,3.0
1931,l2Book,1784013204348,62552,62553,0,0,0,0,0,3.0
1932,l2Book,1784013204894,62552,62553,0,0,0,0,0,3.0
1933,l2Book,1784013205427,62552,62553,0,0,0,0,0,3.0
1934,l2Book,1784013205959,62552,62553,0,0,0,0,0,3.0
1935,trades,1784013206303,62552,62553,29,0.11601,1.90389,2.0199,0,3.0
1936,l2Book,1784013207045,62546,62547,29,1.05768,0,1.05768,0.96222,3.0
1937,trades,1784013207045,62546,62547,30,1.05768,0,1.05768,0.9624,3.0
1938,trades,1784013207249,62546,62547,31,1.05768,0,1.05768,0.96303,3.0
1939,l2Book,1784013207568,62546,62547,31,1.05768,0,1.05768,0.96303,3.0
1940,trades,1784013208055,62546,62547,32,1.05768,0,1.05768,0.96405,3.0
1941,l2Book,1784013208121,62546,62547,32,1.05768,0,1.05768,0.96405,3.0
1942,trades,1784013208595,62546,62547,33,1.05768,0,1.05768,1.00147,3.0
1943,l2Book,1784013208648,62546,62547,33,1.05768,0,1.05768,1.00147,3.0
1944,trades,1784013209134,62546,62547,34,1.05868,0,1.05868,1.00147,3.0
1945,l2Book,1784013209200,62546,62547,34,1.05868,0,1.05868,1.00147,3.0
1946,trades,1784013209668,62546,62547,6,0.01137,0,0.01137,0.03925,3.0
1947,l2Book,1784013209736,62546,62547,6,0.01137,0,0.01137,0.03925,3.0
1948,trades,1784013209936,62546,62547,7,0.01137,0,0.01137,0.05067,3.0
1949,trades,1784013210073,62546,62547,26,0.07994,0.1785,0.25844,0.05757,3.0
1950,l2Book,1784013210829,62542,62543,25,0.17636,0,0.17636,0.13902,3.0
1951,l2Book,1784013211370,62542,62543,24,0.17636,0,0.17636,0.138,3.0
1952,trades,1784013211836,62542,62543,24,0.17636,0,0.17636,0.10158,3.0
1953,l2Book,1784013211907,62541,62542,24,0,0,0,0.27794,3.0
1954,trades,1784013211975,62541,62542,27,0.00079,0.01,0.01079,0.27794,3.0
1955,trades,1784013212045,62541,62542,29,0.00079,0.01145,0.01224,0.27829,3.0
1956,l2Book,1784013212437,62540,62541,28,0.01145,0,0.01145,0.27808,3.0
1957,trades,1784013212514,62540,62541,29,0.01245,0,0.01245,0.27808,3.0
1958,trades,1784013212781,62540,62541,29,0.02208,0,0.02208,0.26771,3.0
1959,l2Book,1784013212980,62540,62541,28,0.02208,0,0.02208,0.25629,3.0
1960,trades,1784013213039,62540,62541,32,0.52323,0,0.52323,0.25648,3.0
1961,trades,1784013213317,62540,62541,13,0.52343,0,0.52343,0.00233,3.0
1962,l2Book,1784013213602,62540,62541,13,0.52343,0,0.52343,0.00233,3.0
1963,trades,1784013213672,62540,62541,14,0.52343,0,0.52343,0.00523,3.0
1964,l2Book,1784013214205,62540,62541,14,0.52343,0,0.52343,0.00523,3.0
1965,l2Book,1784013214807,62539,62540,14,0,0,0,0.52866,3.0
1966,l2Book,1784013215411,62539,62540,8,0,0,0,0.51507,3.0
1967,trades,1784013215890,62539,62540,9,0.014,0,0.014,0.50444,3.0
1968,l2Book,1784013215955,62539,62540,9,0.014,0,0.014,0.50444,3.0
1969,trades,1784013216090,62539,62540,7,0.06916,0,0.06916,0.0031,3.0
1970,trades,1784013216357,62539,62540,8,0.22013,0,0.22013,0.0029,3.0
1971,l2Book,1784013216493,62539,62540,8,0.22013,0,0.22013,0.0029,3.0
1972,l2Book,1784013217020,62539,62540,7,0.22013,0,0.22013,0,3.0
1973,l2Book,1784013217565,62539,62540,7,0.22013,0,0.22013,0,3.0
1974,trades,1784013218026,62539,62540,10,0.2216,0,0.2216,0.00069,3.0
1975,l2Book,1784013218104,62539,62542,10,0.2216,0,0.2216,0.00069,3.0
1976,trades,1784013218104,62539,62542,14,0.2216,0,0.2216,0.01905,3.0
1977,trades,1784013218309,62539,62542,15,0.2216,0,0.2216,0.01956,3.0
1978,l2Book,1784013218630,62542,62543,15,0,0.22211,0.22211,0.01905,3.0
1979,trades,1784013218974,62542,62543,13,0.04645,0.20811,0.25456,0.01905,3.0
1980,l2Book,1784013219173,62542,62543,11,0.04645,0.15295,0.1994,0.01905,3.0
1981,trades,1784013219375,62542,62543,10,0.04645,0.00198,0.04843,0.02454,3.0
1982,trades,1784013219576,62542,62543,11,0.22802,0.00198,0.23,0.02454,3.0
1983,l2Book,1784013219695,62542,62543,11,0.22802,0.00198,0.23,0.02454,3.0
1984,l2Book,1784013220245,62542,62543,11,0.22802,0.00198,0.23,0.02454,3.0
1985,trades,1784013220447,62542,62543,12,0.22818,0.00198,0.23016,0.02454,3.0
1986,l2Book,1784013220782,62542,62543,12,0.22818,0.00198,0.23016,0.02454,3.0
1987,trades,1784013221052,62542,62543,10,0.23368,0.00051,0.23419,0.02385,3.0
1988,l2Book,1784013221320,62542,62543,5,0.23368,0,0.23368,0.00549,3.0
1989,l2Book,1784013221851,62542,62543,5,0.23368,0,0.23368,0.00549,3.0
1990,l2Book,1784013222392,62544,62545,3,0,0.18723,0.18723,0,3.0
1991,trades,1784013222795,62544,62545,9,0,0.00566,0.00566,0.0444,3.0
1992,l2Book,1784013222927,62548,62549,9,0,0.00566,0.00566,0.0444,3.0
1993,l2Book,1784013223461,62548,62549,8,0,0.0055,0.0055,0.0444,3.0
1994,l2Book,1784013224002,62548,62549,8,0,0.0055,0.0055,0.0444,3.0
1995,l2Book,1784013224543,62549,62550,7,0,0,0,0.0444,3.0
1996,trades,1784013224543,62549,62550,8,0,0,0,0.04599,3.0
1997,trades,1784013225009,62549,62550,9,0,0,0,0.04617,3.0
1998,l2Book,1784013225144,62549,62550,9,0,0,0,0.04617,3.0
1999,trades,1784013225144,62549,62550,11,0,0,0,0.05861,3.0
2000,l2Book,1784013225728,62549,62550,11,0,0,0,0.05861,3.0
2001,trades,1784013226148,62549,62550,5,0.03986,0,0.03986,0.01421,3.0
2002,l2Book,1784013226277,62549,62550,5,0.03986,0,0.03986,0.01421,3.0
2003,l2Book,1784013226819,62549,62550,5,0.03986,0,0.03986,0.01421,3.0
2004,trades,1784013227155,62549,62550,6,0.03986,0,0.03986,0.02238,3.0
2005,l2Book,1784013227356,62549,62550,6,0.03986,0,0.03986,0.02238,3.0
2006,l2Book,1784013227886,62549,62550,5,0.03986,0,0.03986,0.02079,3.0
2007,l2Book,1784013228434,62549,62550,2,0.03986,0,0.03986,0.00817,3.0
2008,l2Book,1784013228963,62549,62550,2,0.03986,0,0.03986,0.00817,3.0
2009,trades,1784013229391,62549,62550,2,0,0,0,0.06892,3.0
2010,l2Book,1784013229497,62549,62550,2,0,0,0,0.06892,3.0
2011,l2Book,1784013230060,62549,62550,2,0,0,0,0.06892,3.0
2012,l2Book,1784013230600,62549,62550,1,0,0,0,0.06075,3.0
2013,trades,1784013231067,62549,62550,2,0,0,0,0.08029,3.0
2014,l2Book,1784013231132,62549,62550,2,0,0,0,0.08029,3.0
2015,l2Book,1784013231681,62549,62550,2,0,0,0,0.08029,3.0
2016,l2Book,1784013232219,62549,62550,2,0,0,0,0.08029,3.0
2017,l2Book,1784013232754,62549,62550,1,0,0,0,0.01954,3.0
2018,l2Book,1784013233296,62549,62550,1,0,0,0,0.01954,3.0
2019,l2Book,1784013233833,62549,62550,1,0,0,0,0.01954,3.0
2020,l2Book,1784013234372,62549,62550,0,0,0,0,0,3.0
2021,trades,1784013234848,62549,62550,16,0.35856,0,0.35856,0,3.0
2022,l2Book,1784013234903,62549,62550,16,0.35856,0,0.35856,0,3.0
2023,l2Book,1784013235441,62549,62550,16,0.35856,0,0.35856,0,3.0
2024,trades,1784013235676,62549,62550,17,0.35856,0,0.35856,0.00063,3.0
2025,l2Book,1784013235990,62549,62550,17,0.35856,0,0.35856,0.00063,3.0
2026,l2Book,1784013236539,62549,62550,17,0.35856,0,0.35856,0.00063,3.0
2027,trades,1784013237003,62549,62550,18,0.35856,0,0.35856,0.00081,3.0
2028,l2Book,1784013237085,62549,62550,18,0.35856,0,0.35856,0.00081,3.0
2029,trades,1784013237085,62549,62550,20,0.36113,0,0.36113,0.00081,3.0
2030,trades,1784013237206,62549,62550,21,0.36135,0,0.36135,0.00081,3.0
2031,l2Book,1784013237611,62548,62549,21,0,0,0,0.36216,3.0
2032,trades,1784013238008,62548,62549,6,0,0,0,0.00462,3.0
2033,l2Book,1784013238149,62548,62549,6,0,0,0,0.00462,3.0
2034,l2Book,1784013238698,62548,62549,5,0,0,0,0.00399,3.0
2035,l2Book,1784013239230,62548,62549,5,0,0,0,0.00399,3.0
2036,l2Book,1784013239757,62548,62549,5,0,0,0,0.00399,3.0
2037,l2Book,1784013240311,62548,62549,1,0,0,0,0.00102,3.0
2038,l2Book,1784013240872,62548,62549,1,0,0,0,0.00102,3.0
2039,l2Book,1784013241419,62548,62549,0,0,0,0,0,3.0
2040,trades,1784013241755,62548,62549,1,0,0,0,0.00334,3.0
2041,l2Book,1784013241954,62548,62549,1,0,0,0,0.00334,3.0
2042,trades,1784013242026,62548,62549,3,0.00145,0,0.00145,0.00377,3.0
2043,l2Book,1784013242565,62549,62550,3,0,0.00145,0.00145,0.00377,3.0
2044,trades,1784013242807,62549,62550,5,0,0.00145,0.00145,0.90288,3.0
2045,trades,1784013242872,62549,62550,7,0,0.00145,0.00145,0.91659,3.0
2046,l2Book,1784013243093,62554,62555,7,0,0.00145,0.00145,0.91659,3.0
2047,trades,1784013243226,62554,62555,8,0,0.00145,0.00145,0.91739,3.0
2048,l2Book,1784013243612,62554,62555,8,0,0.00145,0.00145,0.91739,3.0
2049,l2Book,1784013244163,62555,62556,8,0,0.00145,0.00145,0.91739,3.0
2050,l2Book,1784013244696,62555,62556,8,0,0.00145,0.00145,0.91739,3.0
2051,trades,1784013244778,62555,62556,12,0,0.00145,0.00145,0.93672,3.0
2052,trades,1784013245185,62555,62556,11,0,0,0,0.93924,3.0
2053,l2Book,1784013245247,62560,62561,11,0,0,0,0.93924,3.0
2054,l2Book,1784013245791,62560,62561,11,0,0,0,0.93924,3.0
2055,l2Book,1784013246350,62560,62561,6,0,0,0,0.02562,3.0
2056,l2Book,1784013246894,62560,62561,6,0,0,0,0.02562,3.0
2057,trades,1784013246894,62560,62561,9,0.024,0,0.024,0.02562,3.0
2058,trades,1784013247090,62560,62561,12,0.10392,0,0.10392,0.02579,3.0
2059,l2Book,1784013247423,62560,62561,12,0.10392,0,0.10392,0.02579,3.0
2060,l2Book,1784013247958,62560,62561,7,0.10392,0,0.10392,0.00312,3.0
2061,trades,1784013248025,62560,62561,10,0.10539,0,0.10539,0.00381,3.0
2062,l2Book,1784013248494,62560,62561,9,0.10539,0,0.10539,0.00086,3.0
2063,l2Book,1784013249022,62560,62561,9,0.10539,0,0.10539,0.00086,3.0
2064,l2Book,1784013249565,62560,62561,9,0.10539,0,0.10539,0.00086,3.0
2065,l2Book,1784013250101,62560,62561,3,0.00147,0,0.00147,0.00069,3.0
2066,l2Book,1784013250617,62557,62560,3,0,0,0,0.00216,3.0
2067,l2Book,1784013251222,62557,62558,0,0,0,0,0,3.0
2068,l2Book,1784013251776,62557,62558,0,0,0,0,0,3.0
2069,l2Book,1784013252318,62557,62558,0,0,0,0,0,3.0
2070,l2Book,1784013252861,62557,62558,0,0,0,0,0,3.0
2071,l2Book,1784013253394,62557,62558,0,0,0,0,0,3.0
2072,trades,1784013253463,62557,62558,1,0,0,0,0.0071,3.0
2073,trades,1784013253799,62557,62558,3,0.00751,0,0.00751,0.0071,3.0
2074,l2Book,1784013253932,62557,62558,3,0.00751,0,0.00751,0.0071,3.0
2075,l2Book,1784013254469,62557,62558,3,0.00751,0,0.00751,0.0071,3.0
2076,l2Book,1784013255071,62557,62558,3,0.00751,0,0.00751,0.0071,3.0
2077,trades,1784013255006,62557,62558,4,0.00751,0,0.00751,0.00728,3.0
2078,l2Book,1784013255542,62557,62558,4,0.00751,0,0.00751,0.00728,3.0
2079,l2Book,1784013256077,62557,62558,4,0.00751,0,0.00751,0.00728,3.0
2080,l2Book,1784013256618,62557,62558,3,0.00751,0,0.00751,0.00018,3.0
2081,l2Book,1784013257149,62557,62558,1,0,0,0,0.00018,3.0
2082,l2Book,1784013257690,62557,62558,1,0,0,0,0.00018,3.0
2083,l2Book,1784013258229,62557,62558,0,0,0,0,0,3.0
2084,l2Book,1784013258764,62557,62558,0,0,0,0,0,3.0
2085,l2Book,1784013259302,62557,62558,0,0,0,0,0,3.0
2086,l2Book,1784013259839,62557,62558,0,0,0,0,0,3.0
2087,l2Book,1784013260448,62557,62558,0,0,0,0,0,3.0
2088,l2Book,1784013261121,62560,62561,0,0,0,0,0,3.0
2089,l2Book,1784013261658,62563,62564,0,0,0,0,0,3.0
2090,trades,1784013261658,62563,62564,2,0,0,0,0.0008,3.0
2091,l2Book,1784013262195,62563,62564,2,0,0,0,0.0008,3.0
2092,l2Book,1784013262731,62563,62564,2,0,0,0,0.0008,3.0
2093,l2Book,1784013263267,62563,62564,2,0,0,0,0.0008,3.0
2094,l2Book,1784013263804,62563,62564,2,0,0,0,0.0008,3.0
2095,trades,1784013263941,62563,62564,5,0,0,0,0.02274,3.0
2096,l2Book,1784013264352,62563,62564,5,0,0,0,0.02274,3.0
2097,l2Book,1784013264880,62563,62564,3,0,0,0,0.02194,3.0
2098,l2Book,1784013265422,62563,62565,3,0,0,0,0.02194,3.0
2099,trades,1784013265422,62563,62565,4,0,0,0,0.02274,3.0
2100,l2Book,1784013265959,62564,62565,4,0,0,0,0.02274,3.0
2101,trades,1784013266159,62564,62565,6,0,0,0,0.02411,3.0
2102,l2Book,1784013266495,62564,62565,6,0,0,0,0.02411,3.0
2103,l2Book,1784013267047,62564,62565,3,0,0,0,0.00217,3.0
2104,trades,1784013267047,62564,62565,4,0,0,0,0.00235,3.0
2105,l2Book,1784013267593,62564,62565,4,0,0,0,0.00235,3.0
2106,trades,1784013267994,62564,62565,5,0.00537,0,0.00537,0.00235,3.0
2107,trades,1784013268061,62564,62565,6,0.00537,0,0.00537,0.00337,3.0
2108,l2Book,1784013268115,62564,62565,6,0.00537,0,0.00537,0.00337,3.0
2109,l2Book,1784013268665,62564,62565,5,0.00537,0,0.00537,0.00257,3.0
2110,l2Book,1784013269204,62564,62565,3,0.00537,0,0.00537,0.0012,3.0
2111,trades,1784013269271,62564,62565,4,0.00537,0,0.00537,0.00907,3.0
2112,l2Book,1784013269724,62564,62565,4,0.00537,0,0.00537,0.00907,3.0
2113,l2Book,1784013270279,62564,62565,3,0.00537,0,0.00537,0.00889,3.0
2114,l2Book,1784013270820,62564,62565,3,0.00537,0,0.00537,0.00889,3.0
2115,trades,1784013270889,62564,62565,4,0.00537,0,0.00537,0.00913,3.0
2116,trades,1784013270940,62564,62565,5,0.00537,0,0.00537,0.00937,3.0
2117,l2Book,1784013271367,62564,62565,3,0,0,0,0.00835,3.0
2118,trades,1784013271838,62564,62565,4,0,0,0,0.0112,3.0
2119,l2Book,1784013271905,62564,62565,4,0,0,0,0.0112,3.0
2120,trades,1784013272039,62564,62565,6,0.00145,0,0.00145,0.0116,3.0
2121,l2Book,1784013272445,62564,62565,5,0.00145,0,0.00145,0.00373,3.0
2122,trades,1784013272843,62564,62565,6,0.00145,0,0.00145,0.02391,3.0
2123,l2Book,1784013272976,62564,62565,6,0.00145,0,0.00145,0.02391,3.0
2124,l2Book,1784013273515,62564,62565,6,0.00145,0,0.00145,0.02391,3.0
2125,l2Book,1784013274053,62564,62565,4,0.00145,0,0.00145,0.02343,3.0
2126,l2Book,1784013274584,62564,62565,4,0.00145,0,0.00145,0.02343,3.0
2127,trades,1784013274992,62564,62565,4,0.00145,0,0.00145,0.02082,3.0
2128,l2Book,1784013275120,62564,62565,2,0,0,0,0.02042,3.0
2129,trades,1784013275530,62564,62565,3,0.00532,0,0.00532,0.02042,3.0
2130,l2Book,1784013275661,62564,62565,3,0.00532,0,0.00532,0.02042,3.0
2131,l2Book,1784013276197,62566,62567,2,0,0.00532,0.00532,0.00024,3.0
2132,trades,1784013276197,62566,62567,3,0.00299,0.00532,0.00831,0.00024,3.0
2133,l2Book,1784013276732,62566,62567,3,0.00299,0.00532,0.00831,0.00024,3.0
2134,trades,1784013277067,62566,62567,4,0.00427,0.00532,0.00959,0.00024,3.0
2135,l2Book,1784013277268,62566,62567,4,0.00427,0.00532,0.00959,0.00024,3.0
2136,l2Book,1784013277806,62566,62567,4,0.00427,0.00532,0.00959,0.00024,3.0
2137,trades,1784013278022,62566,62567,5,0.00446,0.00532,0.00978,0.0007,3.0
2138,l2Book,1784013278368,62566,62567,5,0.00446,0.00532,0.00978,0.0007,3.0
2139,l2Book,1784013278901,62566,62567,4,0.00446,0,0.00446,0.0007,3.0
2140,l2Book,1784013279451,62566,62567,3,0.00147,0,0.00147,0.0007,3.0
2141,trades,1784013279922,62566,62567,5,0.00147,0,0.00147,0.00937,3.0
2142,l2Book,1784013279984,62566,62567,5,0.00147,0,0.00147,0.00937,3.0
2143,l2Book,1784013280527,62566,62567,4,0.00019,0,0.00019,0.00937,3.0
2144,l2Book,1784013281069,62566,62567,2,0,0,0,0.00867,3.0
2145,l2Book,1784013281592,62566,62567,2,0,0,0,0.00867,3.0
2146,l2Book,1784013282138,62566,62567,2,0,0,0,0.00867,3.0
2147,l2Book,1784013282674,62566,62567,2,0,0,0,0.00867,3.0
2148,l2Book,1784013283199,62566,62567,0,0,0,0,0,3.0
2149,trades,1784013283279,62566,62567,1,0.00867,0,0.00867,0,3.0
2150,l2Book,1784013283748,62566,62567,1,0.00867,0,0.00867,0,3.0
2151,l2Book,1784013284269,62566,62567,1,0.00867,0,0.00867,0,3.0
2152,l2Book,1784013284811,62566,62567,1,0.00867,0,0.00867,0,3.0
2153,trades,1784013285012,62566,62567,2,0.00867,0,0.00867,0.00018,3.0
2154,l2Book,1784013285357,62566,62567,2,0.00867,0,0.00867,0.00018,3.0
2155,l2Book,1784013285893,62566,62567,2,0.00867,0,0.00867,0.00018,3.0
2156,l2Book,1784013286420,62566,62567,1,0,0,0,0.00018,3.0
2157,l2Book,1784013286967,62566,62567,1,0,0,0,0.00018,3.0
2158,trades,1784013287304,62566,62567,2,0,0,0,0.01875,3.0
2159,l2Book,1784013287505,62566,62567,2,0,0,0,0.01875,3.0
2160,trades,1784013287574,62566,62567,3,0.01078,0,0.01078,0.01875,3.0
2161,l2Book,1784013288029,62566,62567,2,0.01078,0,0.01078,0.01857,3.0
2162,l2Book,1784013288579,62566,62567,2,0.01078,0,0.01078,0.01857,3.0
2163,trades,1784013288984,62566,62567,3,0.01078,0,0.01078,0.03136,3.0
2164,l2Book,1784013289096,62566,62567,3,0.01078,0,0.01078,0.03136,3.0
2165,l2Book,1784013289639,62566,62567,3,0.01078,0,0.01078,0.03136,3.0
2166,l2Book,1784013290191,62566,62567,3,0.01078,0,0.01078,0.03136,3.0
2167,trades,1784013290325,62566,62567,3,0.01078,0,0.01078,0.0296,3.0
2168,l2Book,1784013290744,62568,62569,2,0,0,0,0.0296,3.0
2169,trades,1784013291213,62568,62569,3,0,0,0,0.04985,3.0
2170,l2Book,1784013291282,62568,62569,3,0,0,0,0.04985,3.0
2171,l2Book,1784013291833,62568,62569,3,0,0,0,0.04985,3.0
2172,l2Book,1784013292368,62568,62569,2,0,0,0,0.03706,3.0
2173,l2Book,1784013292906,62568,62569,2,0,0,0,0.03706,3.0
2174,l2Book,1784013293441,62568,62569,1,0,0,0,0.02025,3.0
2175,l2Book,1784013293976,62568,62570,1,0,0,0,0.02025,3.0
2176,trades,1784013293976,62568,62570,3,0,0,0,1.27389,3.0
2177,l2Book,1784013294530,62571,62572,2,0,0,0,1.25364,3.0
2178,l2Book,1784013295054,62571,62572,2,0,0,0,1.25364,3.0
2179,l2Book,1784013295610,62571,62572,2,0,0,0,1.25364,3.0
2180,l2Book,1784013296146,62571,62572,2,0,0,0,1.25364,3.0
2181,l2Book,1784013296685,62571,62572,2,0,0,0,1.25364,3.0
2182,trades,1784013297021,62571,62572,1,0,0,0,0.00018,3.0
2183,l2Book,1784013297223,62571,62572,1,0,0,0,0.00018,3.0
2184,l2Book,1784013297761,62571,62572,1,0,0,0,0.00018,3.0
2185,trades,1784013298036,62571,62572,2,0,0,0,0.00121,3.0
2186,l2Book,1784013298297,62571,62572,2,0,0,0,0.00121,3.0
2187,l2Book,1784013298841,62571,62572,2,0,0,0,0.00121,3.0
2188,l2Book,1784013299382,62571,62572,2,0,0,0,0.00121,3.0
2189,trades,1784013299858,62571,62572,3,0,0,0,0.00254,3.0
2190,l2Book,1784013299906,62571,62573,3,0,0,0,0.00254,3.0
2191,trades,1784013300175,62571,62573,5,0,0,0,0.00376,3.0
2192,l2Book,1784013300455,62577,62578,5,0,0,0,0.00376,3.0
2193,trades,1784013300455,62577,62578,6,0,0,0,0.00406,3.0
2194,trades,1784013300793,62577,62578,9,0,0,0,0.00725,3.0
2195,l2Book,1784013300985,62578,62579,9,0,0,0,0.00725,3.0
2196,trades,1784013301261,62578,62579,11,0,0,0,0.0138,3.0
2197,trades,1784013301468,62578,62579,14,0,0,0,0.01732,3.0
2198,l2Book,1784013301514,62580,62586,14,0,0,0,0.01732,3.0
2199,l2Book,1784013302116,62585,62586,14,0,0,0,0.01732,3.0
2200,trades,1784013302068,62585,62586,16,0.00145,0,0.00145,0.01764,3.0
2201,trades,1784013302412,62585,62586,19,0.00145,0,0.00145,0.01802,3.0
2202,l2Book,1784013302603,62585,62586,19,0.00145,0,0.00145,0.01802,3.0
2203,l2Book,1784013303147,62585,62586,18,0.00145,0,0.00145,0.01669,3.0
2204,l2Book,1784013303649,62585,62586,14,0.00145,0,0.00145,0.01499,3.0
2205,l2Book,1784013304186,62585,62586,11,0.00145,0,0.00145,0.0118,3.0
2206,l2Book,1784013304736,62585,62586,5,0.00145,0,0.00145,0.0007,3.0
2207,trades,1784013304936,62585,62586,6,0.00145,0,0.00145,0.08854,3.0
2208,l2Book,1784013305277,62585,62586,4,0,0,0,0.08822,3.0
2209,trades,1784013305277,62585,62586,5,0.0002,0,0.0002,0.08822,3.0
2210,l2Book,1784013305894,62585,62586,2,0.0002,0,0.0002,0.08784,3.0
2211,trades,1784013306363,62585,62586,3,0.001,0,0.001,0.08784,3.0
2212,l2Book,1784013306432,62585,62586,3,0.001,0,0.001,0.08784,3.0
2213,l2Book,1784013306974,62585,62586,3,0.001,0,0.001,0.08784,3.0
2214,l2Book,1784013307507,62585,62586,3,0.001,0,0.001,0.08784,3.0
2215,trades,1784013307507,62585,62586,4,0.001,0,0.001,0.0898,3.0
2216,l2Book,1784013308053,62585,62586,3,0.001,0,0.001,0.00196,3.0
2217,trades,1784013308053,62585,62586,6,0.00247,0,0.00247,0.00265,3.0
2218,l2Book,1784013308594,62585,62586,5,0.00227,0,0.00227,0.00265,3.0
2219,trades,1784013308994,62585,62586,6,0.00227,0,0.00227,0.0063,3.0
2220,l2Book,1784013309130,62585,62586,6,0.00227,0,0.00227,0.0063,3.0
2221,l2Book,1784013309685,62585,62586,5,0.00147,0,0.00147,0.0063,3.0
2222,trades,1784013309685,62585,62586,6,0.00512,0,0.00512,0.0063,3.0
2223,trades,1784013310089,62585,62586,7,0.00612,0,0.00612,0.0063,3.0
2224,l2Book,1784013310221,62585,62586,7,0.00612,0,0.00612,0.0063,3.0
2225,trades,1784013310558,62585,62586,8,0.00612,0,0.00612,0.01258,3.0
2226,l2Book,1784013310759,62585,62586,8,0.00612,0,0.00612,0.01258,3.0
2227,trades,1784013310827,62585,62586,9,0.00612,0,0.00612,1.01258,3.0
2228,l2Book,1784013311293,62585,62586,6,0.00465,0,0.00465,1.01189,3.0
2229,trades,1784013311565,62585,62586,7,0.00465,0,0.00465,1.01501,3.0
2230,l2Book,1784013311833,62585,62586,7,0.00465,0,0.00465,1.01501,3.0
2231,trades,1784013312102,62585,62586,7,0.00565,0,0.00565,1.01136,3.0
2232,l2Book,1784013312368,62585,62586,7,0.00565,0,0.00565,1.01136,3.0
2233,trades,1784013312504,62585,62586,8,0.00565,0,0.00565,1.01296,3.0
2234,l2Book,1784013312911,62585,62586,7,0.002,0,0.002,1.01296,3.0
2235,l2Book,1784013313455,62585,62586,6,0.001,0,0.001,1.01296,3.0
2236,l2Book,1784013313983,62585,62586,3,0.001,0,0.001,0.00472,3.0
2237,l2Book,1784013314534,62585,62586,3,0.001,0,0.001,0.00472,3.0
2238,l2Book,1784013315133,62585,62586,1,0,0,0,0.0016,3.0
2239,trades,1784013315069,62585,62586,2,0,0,0,0.00178,3.0
2240,trades,1784013315267,62585,62586,3,0,0,0,0.00278,3.0
2241,l2Book,1784013315576,62585,62586,2,0,0,0,0.00118,3.0
2242,l2Book,1784013316104,62585,62586,2,0,0,0,0.00118,3.0
2243,trades,1784013316585,62585,62586,4,0.00878,0,0.00878,0.00118,3.0
2244,l2Book,1784013316651,62580,62586,4,0,0,0,0.00996,3.0
2245,trades,1784013316651,62580,62586,13,0.02452,0,0.02452,0.63749,3.0
2246,trades,1784013316722,62580,62586,24,0.02452,0.09641,0.12093,0.63749,3.0
2247,l2Book,1784013317195,62570,62571,24,0,0,0,0.75842,3.0
2248,l2Book,1784013317720,62569,62570,24,0,0,0,0.75842,3.0
2249,trades,1784013318122,62569,62570,24,0,0,0,0.76183,3.0
2250,l2Book,1784013318256,62569,62570,24,0,0,0,0.76183,3.0
2251,trades,1784013318256,62569,62570,25,0,0,0,0.76202,3.0
2252,l2Book,1784013318809,62569,62570,24,0,0,0,0.76102,3.0
2253,l2Book,1784013319334,62569,62570,24,0,0,0,0.76102,3.0
2254,l2Book,1784013319884,62569,62570,2,0,0,0,0.00378,3.0
2255,l2Book,1784013320417,62569,62570,2,0,0,0,0.00378,3.0
2256,l2Book,1784013320961,62569,62570,2,0,0,0,0.00378,3.0
2257,l2Book,1784013321495,62569,62570,0,0,0,0,0,3.0
2258,l2Book,1784013322026,62569,62570,0,0,0,0,0,3.0
2259,l2Book,1784013322629,62569,62570,0,0,0,0,0,3.0
2260,trades,1784013322891,62569,62570,1,0.0024,0,0.0024,0,3.0
2261,trades,1784013323031,62569,62570,2,0.0024,0,0.0024,0.00114,3.0
2262,l2Book,1784013323090,62570,62571,2,0,0.0024,0.0024,0.00114,3.0
2263,l2Book,1784013323635,62571,62572,2,0,0.0024,0.0024,0.00114,3.0
2264,trades,1784013323635,62571,62572,3,0.01215,0.0024,0.01455,0.00114,3.0
2265,l2Book,1784013324185,62573,62574,3,0,0.01455,0.01455,0.00114,3.0
2266,trades,1784013324587,62573,62574,4,0,0.01455,0.01455,0.01114,3.0
2267,l2Book,1784013324707,62573,62574,4,0,0.01455,0.01455,0.01114,3.0
2268,l2Book,1784013325243,62573,62574,4,0,0.01455,0.01455,0.01114,3.0
2269,l2Book,1784013325793,62573,62574,4,0,0.01455,0.01455,0.01114,3.0
2270,l2Book,1784013326315,62573,62574,2,0,0.01215,0.01215,0.01,3.0
2271,l2Book,1784013326871,62573,62574,1,0,0,0,0.01,3.0
2272,trades,1784013327001,62573,62574,2,0,0,0,0.01018,3.0
2273,l2Book,1784013327430,62573,62574,2,0,0,0,0.01018,3.0
2274,trades,1784013327497,62573,62574,3,0,0,0,0.02268,3.0
2275,l2Book,1784013327969,62573,62574,2,0,0,0,0.01268,3.0
2276,trades,1784013328370,62573,62574,3,0,0,0,0.02415,3.0
2277,l2Book,1784013328505,62573,62574,3,0,0,0,0.02415,3.0
2278,l2Book,1784013329040,62573,62574,3,0,0,0,0.02415,3.0
2279,trades,1784013329509,62573,62574,4,0,0,0,0.02526,3.0
2280,l2Book,1784013329575,62573,62574,4,0,0,0,0.02526,3.0
2281,l2Book,1784013330114,62574,62575,3,0,0,0,0.02508,3.0
2282,trades,1784013330317,62574,62575,5,0,0,0,0.02643,3.0
2283,l2Book,1784013330668,62576,62577,4,0,0,0,0.01393,3.0
2284,l2Book,1784013331201,62576,62577,4,0,0,0,0.01393,3.0
2285,l2Book,1784013331750,62576,62577,3,0,0,0,0.00246,3.0
2286,trades,1784013332013,62576,62577,5,0,0,0,0.00421,3.0
2287,l2Book,1784013332283,62578,62579,5,0.00145,0,0.00145,0.00276,3.0
2288,l2Book,1784013332817,62578,62579,4,0.00145,0,0.00145,0.00165,3.0
2289,l2Book,1784013333338,62578,62579,2,0.00145,0,0.00145,0.0003,3.0
2290,l2Book,1784013333891,62578,62579,2,0.00145,0,0.00145,0.0003,3.0
2291,l2Book,1784013334401,62578,62579,2,0.00145,0,0.00145,0.0003,3.0
2292,trades,1784013334698,62578,62579,3,0.00145,0,0.00145,0.00578,3.0
2293,trades,1784013334807,62578,62579,4,0.00601,0,0.00601,0.00578,3.0
2294,l2Book,1784013334954,62578,62579,4,0.00601,0,0.00601,0.00578,3.0
2295,l2Book,1784013335502,62578,62579,2,0.00456,0,0.00456,0.00548,3.0
2296,l2Book,1784013336082,62578,62579,2,0.00456,0,0.00456,0.00548,3.0
2297,l2Book,1784013336574,62578,62579,2,0.00456,0,0.00456,0.00548,3.0
2298,l2Book,1784013337114,62578,62579,2,0.00456,0,0.00456,0.00548,3.0
2299,trades,1784013337114,62578,62579,3,0.00674,0,0.00674,0.00548,3.0
2300,l2Book,1784013337640,62578,62579,3,0.00674,0,0.00674,0.00548,3.0
2301,trades,1784013338045,62578,62579,4,0.00365,0,0.00365,0.0007,3.0
2302,l2Book,1784013338193,62578,62579,4,0.00365,0,0.00365,0.0007,3.0
2303,l2Book,1784013338724,62578,62579,4,0.00365,0,0.00365,0.0007,3.0
2304,trades,1784013338802,62578,62579,5,0.00694,0,0.00694,0.0007,3.0
2305,l2Book,1784013339329,62578,62579,5,0.00694,0,0.00694,0.0007,3.0
2306,l2Book,1784013339931,62578,62579,5,0.00694,0,0.00694,0.0007,3.0
2307,l2Book,1784013340532,62578,62579,4,0.00476,0,0.00476,0.0007,3.0
2308,trades,1784013340532,62578,62579,5,0.20476,0,0.20476,0.0007,3.0
2309,l2Book,1784013341081,62578,62579,2,0.20329,0,0.20329,0,3.0
2310,l2Book,1784013341587,62578,62579,2,0.20329,0,0.20329,0,3.0
2311,trades,1784013341654,62578,62579,3,0.20329,0,0.20329,0.00414,3.0
2312,trades,1784013341883,62578,62579,3,0.2,0,0.2,0.08976,3.0
2313,trades,1784013342085,62578,62579,4,0.20359,0,0.20359,0.08976,3.0
2314,l2Book,1784013342140,62578,62579,4,0.20359,0,0.20359,0.08976,3.0
2315,l2Book,1784013342690,62579,62580,4,0,0.20359,0.20359,0.08976,3.0
2316,trades,1784013343091,62579,62580,7,0,0.20359,0.20359,0.09372,3.0
2317,l2Book,1784013343206,62585,62586,7,0,0.20359,0.20359,0.09372,3.0
2318,l2Book,1784013343711,62585,62586,6,0,0.00359,0.00359,0.09372,3.0
2319,l2Book,1784013344216,62585,62586,6,0,0.00359,0.00359,0.09372,3.0
2320,l2Book,1784013344759,62585,62586,5,0,0.00359,0.00359,0.08958,3.0
2321,trades,1784013345028,62585,62586,5,0,0.00359,0.00359,0.00414,3.0
2322,l2Book,1784013345303,62585,62586,4,0,0,0,0.00414,3.0
2323,trades,1784013345362,62585,62586,5,0.0058,0,0.0058,0.00414,3.0
2324,trades,1784013345534,62585,62586,6,0.00994,0,0.00994,0.00414,3.0
2325,l2Book,1784013345805,62585,62586,6,0.00994,0,0.00994,0.00414,3.0
2326,l2Book,1784013346340,62585,62586,3,0.00994,0,0.00994,0.00018,3.0
2327,trades,1784013346473,62585,62586,4,0.01061,0,0.01061,0.00018,3.0
2328,l2Book,1784013346851,62585,62586,4,0.01061,0,0.01061,0.00018,3.0
2329,l2Book,1784013347400,62585,62586,4,0.01061,0,0.01061,0.00018,3.0
2330,l2Book,1784013347952,62585,62586,4,0.01061,0,0.01061,0.00018,3.0
2331,l2Book,1784013348470,62585,62586,2,0.00481,0,0.00481,0,3.0
2332,l2Book,1784013349012,62585,62586,1,0.00067,0,0.00067,0,3.0
2333,trades,1784013349425,62585,62586,2,0.00537,0,0.00537,0,3.0
2334,l2Book,1784013349540,62585,62586,1,0.0047,0,0.0047,0,3.0
2335,l2Book,1784013350165,62585,62586,1,0.0047,0,0.0047,0,3.0
2336,l2Book,1784013350694,62585,62586,1,0.0047,0,0.0047,0,3.0
2337,l2Book,1784013351246,62585,62586,1,0.0047,0,0.0047,0,3.0
2338,l2Book,1784013351781,62585,62586,1,0.0047,0,0.0047,0,3.0
2339,l2Book,1784013352384,62585,62586,1,0.0047,0,0.0047,0,3.0
2340,trades,1784013352787,62585,62586,1,0,0,0,0.00028,3.0
2341,l2Book,1784013352920,62585,62586,1,0,0,0,0.00028,3.0
2342,l2Book,1784013353459,62585,62586,1,0,0,0,0.00028,3.0
2343,l2Book,1784013354036,62585,62586,1,0,0,0,0.00028,3.0
2344,l2Book,1784013354584,62585,62586,1,0,0,0,0.00028,3.0
2345,l2Book,1784013355563,62585,62586,1,0,0,0,0.00028,3.0
2346,trades,1784013355986,62585,62586,2,0.00245,0,0.00245,0,3.0
2347,l2Book,1784013356120,62579,62580,2,0,0,0,0.00245,3.0
2348,l2Book,1784013356589,62579,62580,2,0,0,0,0.00245,3.0
2349,trades,1784013357065,62579,62580,3,0,0,0,0.00263,3.0
2350,l2Book,1784013357132,62578,62579,3,0,0,0,0.00263,3.0
2351,trades,1784013357264,62578,62579,4,0,0,0,0.01061,3.0
2352,l2Book,1784013357682,62575,62576,4,0,0,0,0.01061,3.0
2353,l2Book,1784013358224,62573,62574,4,0,0,0,0.01061,3.0
2354,l2Book,1784013358762,62573,62574,4,0,0,0,0.01061,3.0
2355,l2Book,1784013359293,62569,62573,2,0,0,0,0.00816,3.0
2356,l2Book,1784013359903,62569,62570,2,0,0,0,0.00816,3.0
2357,trades,1784013360102,62569,62570,2,0.00397,0,0.00397,0.00798,3.0
2358,l2Book,1784013360380,62569,62570,1,0.00397,0,0.00397,0,3.0
2359,l2Book,1784013360918,62569,62570,1,0.00397,0,0.00397,0,3.0
2360,l2Book,1784013361451,62569,62570,1,0.00397,0,0.00397,0,3.0
2361,l2Book,1784013361988,62569,62570,1,0.00397,0,0.00397,0,3.0
2362,trades,1784013362055,62569,62570,3,0.00541,0,0.00541,0.00036,3.0
2363,l2Book,1784013362527,62569,62570,3,0.00541,0,0.00541,0.00036,3.0
2364,l2Book,1784013363055,62569,62570,3,0.00541,0,0.00541,0.00036,3.0
2365,l2Book,1784013363667,62569,62570,2,0.00144,0,0.00144,0.00036,3.0
2366,l2Book,1784013364266,62569,62570,2,0.00144,0,0.00144,0.00036,3.0
2367,l2Book,1784013364869,62569,62570,2,0.00144,0,0.00144,0.00036,3.0
2368,l2Book,1784013365473,62569,62570,0,0,0,0,0,3.0
2369,l2Book,1784013366153,62569,62570,0,0,0,0,0,3.0
2370,l2Book,1784013366679,62569,62570,0,0,0,0,0,3.0
2371,l2Book,1784013367239,62569,62570,0,0,0,0,0,3.0
2372,l2Book,1784013367741,62569,62570,0,0,0,0,0,3.0
2373,trades,1784013368040,62569,62570,3,0.00147,0,0.00147,0.00069,3.0
2374,l2Book,1784013368243,62569,62570,3,0.00147,0,0.00147,0.00069,3.0
2375,l2Book,1784013368764,62569,62570,3,0.00147,0,0.00147,0.00069,3.0
2376,trades,1784013368894,62569,62570,4,0.00147,0,0.00147,0.09059,3.0
2377,trades,1784013369180,62569,62570,6,0.09948,0,0.09948,0.09059,3.0
2378,l2Book,1784013369314,62569,62570,6,0.09948,0,0.09948,0.09059,3.0
2379,trades,1784013369601,62569,62570,7,0.09948,0,0.09948,0.09107,3.0
2380,l2Book,1784013369937,62569,62570,7,0.09948,0,0.09948,0.09107,3.0
2381,l2Book,1784013370542,62569,62570,7,0.09948,0,0.09948,0.09107,3.0
2382,l2Book,1784013371079,62569,62570,4,0.09801,0,0.09801,0.09038,3.0
2383,l2Book,1784013371617,62569,62570,4,0.09801,0,0.09801,0.09038,3.0
2384,l2Book,1784013372153,62569,62570,3,0.09801,0,0.09801,0.00048,3.0
2385,l2Book,1784013372694,62569,62570,0,0,0,0,0,3.0
2386,l2Book,1784013373233,62569,62570,0,0,0,0,0,3.0
2387,l2Book,1784013373771,62569,62570,0,0,0,0,0,3.0
2388,l2Book,1784013374388,62569,62570,0,0,0,0,0,3.0
2389,l2Book,1784013374921,62569,62570,0,0,0,0,0,3.0
2390,l2Book,1784013375475,62569,62570,0,0,0,0,0,3.0
2391,l2Book,1784013376080,62569,62570,0,0,0,0,0,3.0
2392,trades,1784013376214,62569,62570,1,0,0,0,0.00092,3.0
2393,l2Book,1784013376571,62569,62570,1,0,0,0,0.00092,3.0
2394,l2Book,1784013377106,62569,62570,1,0,0,0,0.00092,3.0
2395,l2Book,1784013377645,62569,62570,1,0,0,0,0.00092,3.0
2396,l2Book,1784013378180,62569,62570,1,0,0,0,0.00092,3.0
2397,l2Book,1784013378718,62569,62570,1,0,0,0,0.00092,3.0
2398,l2Book,1784013379240,62569,62570,0,0,0,0,0,3.0
2399,l2Book,1784013379793,62569,62570,0,0,0,0,0,3.0
2400,l2Book,1784013380329,62569,62570,0,0,0,0,0,3.0
2401,l2Book,1784013380869,62569,62570,0,0,0,0,0,3.0
2402,l2Book,1784013381407,62569,62570,0,0,0,0,0,3.0
2403,l2Book,1784013381942,62569,62570,0,0,0,0,0,3.0
2404,l2Book,1784013382467,62569,62570,0,0,0,0,0,3.0
2405,l2Book,1784013383072,62569,62570,0,0,0,0,0,3.0
2406,trades,1784013383486,62569,62570,1,0.0016,0,0.0016,0,3.0
2407,l2Book,1784013383554,62569,62570,1,0.0016,0,0.0016,0,3.0
2408,l2Book,1784013384087,62569,62570,1,0.0016,0,0.0016,0,3.0
2409,l2Book,1784013384631,62569,62570,1,0.0016,0,0.0016,0,3.0
2410,l2Book,1784013385167,62569,62570,1,0.0016,0,0.0016,0,3.0
2411,trades,1784013385569,62569,62570,2,0.0016,0,0.0016,0.0002,3.0
2412,l2Book,1784013385702,62569,62570,2,0.0016,0,0.0016,0.0002,3.0
2413,l2Book,1784013386239,62569,62570,2,0.0016,0,0.0016,0.0002,3.0
2414,l2Book,1784013386772,62569,62570,1,0,0,0,0.0002,3.0
2415,trades,1784013387045,62569,62570,2,0,0,0,0.00038,3.0
2416,l2Book,1784013387298,62569,62570,2,0,0,0,0.00038,3.0
2417,l2Book,1784013387851,62569,62570,2,0,0,0,0.00038,3.0
2418,l2Book,1784013388387,62569,62570,2,0,0,0,0.00038,3.0
2419,l2Book,1784013388907,62569,62570,1,0,0,0,0.00018,3.0
2420,trades,1784013389324,62569,62570,2,0.00638,0,0.00638,0.00018,3.0
2421,l2Book,1784013389452,62569,62570,2,0.00638,0,0.00638,0.00018,3.0
2422,l2Book,1784013389968,62569,62570,2,0.00638,0,0.00638,0.00018,3.0
2423,l2Book,1784013390520,62569,62570,1,0.00638,0,0.00638,0,3.0
2424,l2Book,1784013391119,62569,62570,1,0.00638,0,0.00638,0,3.0
2425,trades,1784013391067,62569,62570,2,0.00658,0,0.00658,0,3.0
2426,l2Book,1784013391588,62569,62570,2,0.00658,0,0.00658,0,3.0
2427,trades,1784013392077,62569,62570,4,0.00803,0,0.00803,0.00043,3.0
2428,l2Book,1784013392197,62569,62570,4,0.00803,0,0.00803,0.00043,3.0
2429,l2Book,1784013392746,62569,62570,3,0.00165,0,0.00165,0.00043,3.0
2430,l2Book,1784013393294,62569,62570,3,0.00165,0,0.00165,0.00043,3.0
2431,l2Book,1784013393815,62569,62570,3,0.00165,0,0.00165,0.00043,3.0
2432,trades,1784013394019,62569,62570,4,0.0046,0,0.0046,0.00043,3.0
2433,l2Book,1784013394352,62569,62570,3,0.0044,0,0.0044,0.00043,3.0
2434,l2Book,1784013394905,62569,62570,3,0.0044,0,0.0044,0.00043,3.0
2435,l2Book,1784013395434,62569,62570,1,0.00295,0,0.00295,0,3.0
2436,trades,1784013395837,62569,62570,2,0.00295,0,0.00295,0.00132,3.0
2437,l2Book,1784013395985,62569,62570,2,0.00295,0,0.00295,0.00132,3.0
2438,trades,1784013396039,62569,62570,3,0.00295,0,0.00295,0.00376,3.0
2439,l2Book,1784013396492,62569,62570,3,0.00295,0,0.00295,0.00376,3.0
2440,l2Book,1784013396995,62569,62570,3,0.00295,0,0.00295,0.00376,3.0
2441,l2Book,1784013397504,62569,62571,2,0,0,0,0.00376,3.0
2442,trades,1784013397504,62569,62571,3,0.43116,0,0.43116,0.00376,3.0
2443,l2Book,1784013398051,62574,62575,3,0,0.43116,0.43116,0.00376,3.0
2444,trades,1784013398051,62574,62575,6,0.00147,0.43116,0.43263,0.00445,3.0
2445,l2Book,1784013398612,62574,62575,6,0.00147,0.43116,0.43263,0.00445,3.0
2446,l2Book,1784013399148,62574,62575,4,0.00147,0.43116,0.43263,0.00069,3.0
2447,l2Book,1784013399687,62574,62575,4,0.00147,0.43116,0.43263,0.00069,3.0
2448,l2Book,1784013400229,62574,62575,4,0.00147,0.43116,0.43263,0.00069,3.0
2449,l2Book,1784013400766,62574,62575,3,0.00147,0,0.00147,0.00069,3.0
2450,l2Book,1784013401302,62574,62575,0,0,0,0,0,3.0
2451,trades,1784013401369,62574,62575,10,0,0,0,5,3.0
2452,l2Book,1784013401809,62574,62575,10,0,0,0,5,3.0
2453,l2Book,1784013402361,62574,62575,10,0,0,0,5,3.0
2454,l2Book,1784013402880,62574,62575,10,0,0,0,5,3.0
2455,l2Book,1784013403426,62574,62575,10,0,0,0,5,3.0
2456,trades,1784013403485,62574,62575,11,0,0,0,5.00054,3.0
2457,l2Book,1784013403976,62574,62575,11,0,0,0,5.00054,3.0
2458,trades,1784013404291,62574,62575,12,0.01117,0,0.01117,5.00054,3.0
2459,l2Book,1784013404491,62574,62575,2,0.01117,0,0.01117,0.00054,3.0
2460,trades,1784013404742,62574,62575,3,0.04128,0,0.04128,0.00054,3.0
2461,l2Book,1784013405009,62574,62575,3,0.04128,0,0.04128,0.00054,3.0
2462,trades,1784013405009,62574,62575,4,0.04128,0,0.04128,0.00072,3.0
2463,l2Book,1784013405560,62575,62576,4,0,0.04128,0.04128,0.00072,3.0
2464,l2Book,1784013406097,62576,62577,4,0,0.04128,0.04128,0.00072,3.0
2465,trades,1784013406164,62576,62577,5,0,0.04128,0.04128,0.08062,3.0
2466,l2Book,1784013406639,62576,62577,4,0,0.04128,0.04128,0.08008,3.0
2467,trades,1784013406906,62576,62577,5,0.00722,0.04128,0.0485,0.08008,3.0
2468,l2Book,1784013407176,62576,62577,5,0.00722,0.04128,0.0485,0.08008,3.0
2469,l2Book,1784013407709,62578,62579,4,0,0.03733,0.03733,0.08008,3.0
2470,l2Book,1784013408244,62578,62579,2,0,0.00722,0.00722,0.0799,3.0
2471,l2Book,1784013408792,62578,62579,2,0,0.00722,0.00722,0.0799,3.0
2472,l2Book,1784013409316,62578,62579,1,0,0.00722,0.00722,0,3.0
2473,l2Book,1784013409862,62578,62579,1,0,0.00722,0.00722,0,3.0
2474,l2Book,1784013410406,62578,62579,0,0,0,0,0,3.0
2475,trades,1784013410808,62578,62579,1,0,0,0,0.00108,3.0
2476,l2Book,1784013410944,62578,62579,1,0,0,0,0.00108,3.0
2477,l2Book,1784013411481,62578,62579,1,0,0,0,0.00108,3.0
2478,l2Book,1784013412022,62578,62579,1,0,0,0,0.00108,3.0
2479,l2Book,1784013412563,62578,62579,1,0,0,0,0.00108,3.0
2480,l2Book,1784013413097,62578,62579,1,0,0,0,0.00108,3.0
2481,l2Book,1784013413633,62578,62579,1,0,0,0,0.00108,3.0
2482,l2Book,1784013414151,62578,62579,0,0,0,0,0,3.0
2483,l2Book,1784013414705,62578,62579,0,0,0,0,0,3.0
2484,l2Book,1784013415242,62578,62579,0,0,0,0,0,3.0
2485,trades,1784013415443,62578,62579,1,0,0,0,0.0002,3.0
2486,l2Book,1784013415778,62578,62579,1,0,0,0,0.0002,3.0
2487,l2Book,1784013416317,62578,62579,1,0,0,0,0.0002,3.0
2488,l2Book,1784013416857,62578,62579,1,0,0,0,0.0002,3.0
2489,trades,1784013417056,62578,62579,2,0,0,0,0.00038,3.0
2490,l2Book,1784013417393,62578,62579,2,0,0,0,0.00038,3.0
2491,trades,1784013417526,62578,62579,4,0,0,0,0.00824,3.0
2492,l2Book,1784013417926,62578,62579,4,0,0,0,0.00824,3.0
2493,l2Book,1784013418465,62578,62579,3,0,0,0,0.00804,3.0
2494,l2Book,1784013419000,62578,62579,3,0,0,0,0.00804,3.0
2495,l2Book,1784013419540,62578,62579,3,0,0,0,0.00804,3.0
2496,l2Book,1784013420116,62581,62582,2,0,0,0,0.00786,3.0
2497,l2Book,1784013420664,62581,62582,0,0,0,0,0,3.0
2498,l2Book,1784013421190,62581,62582,0,0,0,0,0,3.0
2499,l2Book,1784013421736,62581,62582,0,0,0,0,0,3.0
2500,trades,1784013422083,62581,62582,2,0,0,0,0.00169,3.0
2501,l2Book,1784013422284,62583,62584,2,0.00145,0,0.00145,0.00024,3.0
2502,l2Book,1784013422799,62583,62584,2,0.00145,0,0.00145,0.00024,3.0
2503,l2Book,1784013423356,62583,62584,2,0.00145,0,0.00145,0.00024,3.0
2504,l2Book,1784013423962,62584,62585,2,0,0.00145,0.00145,0.00024,3.0
2505,trades,1784013424033,62584,62585,3,0.0002,0.00145,0.00165,0.00024,3.0
2506,l2Book,1784013424511,62584,62585,3,0.0002,0.00145,0.00165,0.00024,3.0
2507,l2Book,1784013425040,62584,62585,3,0.0002,0.00145,0.00165,0.00024,3.0
2508,l2Book,1784013425653,62584,62585,1,0.0002,0,0.0002,0,3.0
2509,l2Book,1784013426187,62584,62585,1,0.0002,0,0.0002,0,3.0
2510,trades,1784013426592,62584,62585,2,0.0002,0,0.0002,0.00225,3.0
2511,l2Book,1784013426727,62584,62585,2,0.0002,0,0.0002,0.00225,3.0
2512,l2Book,1784013427264,62584,62585,1,0,0,0,0.00225,3.0
2513,trades,1784013427710,62584,62585,2,0,0,0,0.02426,3.0
2514,l2Book,1784013427796,62584,62585,2,0,0,0,0.02426,3.0
2515,trades,1784013428049,62584,62585,5,0.00147,0,0.00147,0.02496,3.0
2516,l2Book,1784013428338,62584,62585,5,0.00147,0,0.00147,0.02496,3.0
2517,l2Book,1784013428859,62584,62585,5,0.00147,0,0.00147,0.02496,3.0
2518,l2Book,1784013429417,62584,62585,5,0.00147,0,0.00147,0.02496,3.0
2519,l2Book,1784013429937,62584,62585,4,0.00147,0,0.00147,0.02271,3.0
2520,trades,1784013429937,62584,62585,5,0.00147,0,0.00147,0.03323,3.0
2521,l2Book,1784013430475,62584,62585,5,0.00147,0,0.00147,0.03323,3.0
2522,l2Book,1784013431028,62584,62585,4,0.00147,0,0.00147,0.01122,3.0
2523,trades,1784013431028,62584,62585,5,0.00147,0,0.00147,0.01224,3.0
2524,l2Book,1784013431556,62584,62585,2,0,0,0,0.01154,3.0
2525,l2Book,1784013432095,62584,62585,2,0,0,0,0.01154,3.0
2526,l2Book,1784013432642,62584,62585,2,0,0,0,0.01154,3.0
2527,trades,1784013433024,62584,62585,2,0.00161,0,0.00161,0.00102,3.0
2528,l2Book,1784013433178,62584,62585,2,0.00161,0,0.00161,0.00102,3.0
2529,l2Book,1784013433713,62584,62585,2,0.00161,0,0.00161,0.00102,3.0
2530,l2Book,1784013434259,62584,62585,1,0.00161,0,0.00161,0,3.0
2531,l2Book,1784013434799,62584,62585,1,0.00161,0,0.00161,0,3.0
2532,trades,1784013435001,62584,62585,2,0.00161,0,0.00161,0.00018,3.0
2533,l2Book,1784013435404,62584,62585,2,0.00161,0,0.00161,0.00018,3.0
2534,trades,1784013435673,62584,62585,3,0.00178,0,0.00178,0.00018,3.0
2535,l2Book,1784013435936,62584,62585,3,0.00178,0,0.00178,0.00018,3.0
2536,l2Book,1784013436477,62584,62585,2,0.00017,0,0.00017,0.00018,3.0
2537,l2Book,1784013437024,62584,62585,2,0.00017,0,0.00017,0.00018,3.0
2538,l2Book,1784013437543,62584,62585,2,0.00017,0,0.00017,0.00018,3.0
2539,l2Book,1784013438086,62584,62585,1,0.00017,0,0.00017,0,3.0
2540,l2Book,1784013438636,62584,62585,1,0.00017,0,0.00017,0,3.0
2541,l2Book,1784013439149,62584,62585,0,0,0,0,0,3.0
2542,l2Book,1784013439675,62584,62585,0,0,0,0,0,3.0
2543,l2Book,1784013440243,62584,62585,0,0,0,0,0,3.0
2544,l2Book,1784013440766,62584,62585,0,0,0,0,0,3.0
2545,l2Book,1784013441304,62584,62585,0,0,0,0,0,3.0
2546,trades,1784013441374,62584,62585,1,0.00021,0,0.00021,0,3.0
2547,l2Book,1784013441852,62584,62585,1,0.00021,0,0.00021,0,3.0
2548,trades,1784013441980,62584,62585,2,0.00021,0,0.00021,0.00017,3.0
2549,l2Book,1784013442385,62584,62585,2,0.00021,0,0.00021,0.00017,3.0
2550,l2Book,1784013442936,62584,62585,2,0.00021,0,0.00021,0.00017,3.0
2551,l2Book,1784013443475,62584,62585,2,0.00021,0,0.00021,0.00017,3.0
2552,trades,1784013443475,62584,62585,5,2.30655,0,2.30655,0.00017,3.0
2553,l2Book,1784013444124,62584,62585,5,2.30655,0,2.30655,0.00017,3.0
2554,l2Book,1784013444629,62584,62585,4,2.30634,0,2.30634,0.00017,3.0
2555,l2Book,1784013445138,62584,62585,3,2.30634,0,2.30634,0,3.0
2556,trades,1784013445217,62584,62585,4,2.30695,0,2.30695,0,3.0
2557,l2Book,1784013445705,62584,62585,4,2.30695,0,2.30695,0,3.0
2558,l2Book,1784013446308,62584,62585,4,2.30695,0,2.30695,0,3.0
2559,l2Book,1784013446912,62584,62585,1,0.00061,0,0.00061,0,3.0
2560,trades,1784013447102,62584,62585,4,0.00061,0,0.00061,0.08818,3.0
2561,l2Book,1784013447441,62584,62585,4,0.00061,0,0.00061,0.08818,3.0
2562,l2Book,1784013447974,62584,62585,4,0.00061,0,0.00061,0.08818,3.0
2563,l2Book,1784013448520,62584,62585,3,0,0,0,0.08818,3.0
2564,l2Book,1784013449057,62584,62585,3,0,0,0,0.08818,3.0
2565,l2Book,1784013449595,62584,62585,3,0,0,0,0.08818,3.0
2566,l2Book,1784013450118,62584,62585,0,0,0,0,0,3.0
2567,l2Book,1784013450672,62586,62587,0,0,0,0,0,3.0
2568,l2Book,1784013451186,62586,62587,0,0,0,0,0,3.0
2569,l2Book,1784013451735,62586,62587,0,0,0,0,0,3.0
2570,trades,1784013452078,62586,62587,2,0.00145,0,0.00145,0.00048,3.0
2571,l2Book,1784013452278,62586,62587,2,0.00145,0,0.00145,0.00048,3.0
2572,trades,1784013452749,62586,62587,3,0.00329,0,0.00329,0.00048,3.0
2573,l2Book,1784013452805,62586,62587,3,0.00329,0,0.00329,0.00048,3.0
2574,l2Book,1784013453411,62586,62587,3,0.00329,0,0.00329,0.00048,3.0
2575,l2Book,1784013454019,62586,62587,3,0.00329,0,0.00329,0.00048,3.0
2576,l2Book,1784013454569,62586,62587,3,0.00329,0,0.00329,0.00048,3.0
2577,l2Book,1784013455120,62586,62587,1,0.00184,0,0.00184,0,3.0
2578,l2Book,1784013455639,62586,62587,1,0.00184,0,0.00184,0,3.0
2579,trades,1784013455919,62586,62587,1,0,0,0,0.0002,3.0
2580,l2Book,1784013456169,62586,62587,1,0,0,0,0.0002,3.0
2581,l2Book,1784013456722,62586,62587,1,0,0,0,0.0002,3.0
2582,l2Book,1784013457259,62586,62587,1,0,0,0,0.0002,3.0
2583,l2Book,1784013457765,62586,62587,1,0,0,0,0.0002,3.0
2584,trades,1784013458067,62586,62587,5,0.01728,0,0.01728,0.00089,3.0
2585,l2Book,1784013458268,62586,62587,5,0.01728,0,0.01728,0.00089,3.0
2586,l2Book,1784013458872,62586,62587,5,0.01728,0,0.01728,0.00089,3.0
2587,l2Book,1784013459405,62586,62587,4,0.01728,0,0.01728,0.00069,3.0
2588,l2Book,1784013459955,62586,62587,4,0.01728,0,0.01728,0.00069,3.0
2589,l2Book,1784013460497,62587,62588,4,0,0.01728,0.01728,0.00069,3.0
2590,l2Book,1784013461013,62587,62588,4,0,0.01728,0.01728,0.00069,3.0
2591,l2Book,1784013461564,62587,62588,0,0,0,0,0,3.0
2592,l2Book,1784013462143,62587,62588,0,0,0,0,0,3.0
2593,trades,1784013462301,62587,62588,1,0.0002,0,0.0002,0,3.0
2594,l2Book,1784013462597,62587,62588,1,0.0002,0,0.0002,0,3.0
2595,trades,1784013462927,62587,62588,2,0.0002,0,0.0002,0.0016,3.0
2596,l2Book,1784013463131,62587,62588,2,0.0002,0,0.0002,0.0016,3.0
2597,l2Book,1784013463660,62587,62588,2,0.0002,0,0.0002,0.0016,3.0
2598,l2Book,1784013464204,62587,62588,2,0.0002,0,0.0002,0.0016,3.0
2599,l2Book,1784013464742,62587,62588,2,0.0002,0,0.0002,0.0016,3.0
2600,trades,1784013465010,62587,62588,3,0.0002,0,0.0002,0.00178,3.0
2601,l2Book,1784013465258,62587,62588,3,0.0002,0,0.0002,0.00178,3.0
2602,l2Book,1784013465762,62587,62588,2,0,0,0,0.00178,3.0
2603,trades,1784013465762,62587,62588,5,0,0,0,0.08247,3.0
2604,trades,1784013466162,62587,62588,5,0,0,0,0.12236,3.0
2605,trades,1784013466229,62587,62588,8,0,0,0,0.12326,3.0
2606,l2Book,1784013466289,62588,62589,8,0,0,0,0.12326,3.0
2607,trades,1784013466372,62588,62589,10,0.0071,0,0.0071,0.12356,3.0
2608,trades,1784013466775,62588,62589,27,0.0071,0,0.0071,0.48475,3.0
2609,l2Book,1784013466841,62597,62598,27,0,0.0071,0.0071,0.48475,3.0
2610,l2Book,1784013467386,62597,62598,27,0,0.0071,0.0071,0.48475,3.0
2611,l2Book,1784013467910,62597,62598,27,0,0.0071,0.0071,0.48475,3.0
2612,l2Book,1784013468457,62597,62598,26,0,0.0071,0.0071,0.48457,3.0
2613,l2Book,1784013469004,62597,62598,23,0,0.0071,0.0071,0.40388,3.0
2614,l2Book,1784013469527,62597,62598,17,0,0,0,0.36119,3.0
2615,l2Book,1784013470067,62597,62598,0,0,0,0,0,3.0
2616,l2Book,1784013470612,62597,62598,0,0,0,0,0,3.0
2617,trades,1784013471015,62597,62598,1,0.00036,0,0.00036,0,3.0
2618,l2Book,1784013471126,62597,62598,1,0.00036,0,0.00036,0,3.0
2619,l2Book,1784013471675,62597,62598,1,0.00036,0,0.00036,0,3.0
2620,trades,1784013471822,62597,62598,3,0.00126,0,0.00126,0.00016,3.0
2621,l2Book,1784013472228,62591,62592,3,0,0,0,0.00142,3.0
2622,trades,1784013472339,62591,62592,6,0.0042,0,0.0042,0.00142,3.0
2623,l2Book,1784013472749,62590,62591,6,0,0,0,0.00562,3.0
2624,l2Book,1784013473355,62589,62590,6,0,0,0,0.00562,3.0
2625,l2Book,1784013473909,62589,62590,6,0,0,0,0.00562,3.0
2626,l2Book,1784013474446,62589,62590,5,0,0,0,0.00526,3.0
2627,l2Book,1784013475049,62589,62590,3,0,0,0,0.0042,3.0
2628,l2Book,1784013475583,62589,62590,0,0,0,0,0,3.0
2629,l2Book,1784013476125,62589,62590,0,0,0,0,0,3.0
2630,l2Book,1784013476661,62589,62590,0,0,0,0,0,3.0
2631,trades,1784013477055,62589,62590,1,0,0,0,0.00018,3.0
2632,l2Book,1784013477198,62589,62590,1,0,0,0,0.00018,3.0
2633,l2Book,1784013477725,62589,62590,1,0,0,0,0.00018,3.0
2634,trades,1784013478070,62589,62590,2,0.25,0,0.25,0.00018,3.0
2635,l2Book,1784013478271,62589,62590,2,0.25,0,0.25,0.00018,3.0
2636,l2Book,1784013478828,62589,62590,2,0.25,0,0.25,0.00018,3.0
2637,trades,1784013479199,62589,62590,3,0.25,0,0.25,0.00034,3.0
2638,l2Book,1784013479328,62589,62590,3,0.25,0,0.25,0.00034,3.0
2639,l2Book,1784013479829,62589,62593,3,0.25,0,0.25,0.00034,3.0
2640,trades,1784013479829,62589,62593,8,0.36281,0,0.36281,0.00034,3.0
2641,trades,1784013480299,62589,62593,8,0.36281,0,0.36281,0.00047,3.0
2642,l2Book,1784013480355,62592,62593,8,0,0.36281,0.36281,0.00047,3.0
2643,l2Book,1784013480921,62592,62593,8,0,0.36281,0.36281,0.00047,3.0
2644,l2Book,1784013481439,62592,62593,7,0,0.11281,0.11281,0.00047,3.0
2645,l2Book,1784013481993,62592,62593,7,0,0.11281,0.11281,0.00047,3.0
2646,trades,1784013482048,62592,62593,9,0.00145,0.11281,0.11426,0.00071,3.0
2647,l2Book,1784013482532,62592,62593,8,0.00145,0.11281,0.11426,0.00055,3.0
2648,l2Book,1784013483135,62595,62596,3,0,0.00145,0.00145,0.00055,3.0
2649,trades,1784013483476,62595,62596,3,0.00016,0.00145,0.00161,0.00024,3.0
2650,l2Book,1784013483609,62595,62596,3,0.00016,0.00145,0.00161,0.00024,3.0
2651,l2Book,1784013484147,62595,62596,3,0.00016,0.00145,0.00161,0.00024,3.0
2652,l2Book,1784013484686,62597,62598,3,0,0.00161,0.00161,0.00024,3.0
2653,trades,1784013484884,62597,62598,5,0,0.00161,0.00161,0.00084,3.0
2654,l2Book,1784013485285,62599,62600,3,0,0.00016,0.00016,0.0006,3.0
2655,trades,1784013485553,62599,62600,8,0,0.00016,0.00016,0.00477,3.0
2656,l2Book,1784013485818,62602,62603,8,0,0.00016,0.00016,0.00477,3.0
2657,l2Book,1784013486358,62602,62603,8,0,0.00016,0.00016,0.00477,3.0
2658,l2Book,1784013486906,62603,62604,7,0,0,0,0.00477,3.0
2659,l2Book,1784013487422,62606,62607,7,0,0,0,0.00477,3.0
2660,l2Book,1784013487966,62606,62607,5,0,0,0,0.00417,3.0
2661,trades,1784013488042,62606,62607,9,0.00147,0,0.00147,0.00487,3.0
2662,l2Book,1784013488516,62607,62608,9,0,0.00147,0.00147,0.00487,3.0
2663,trades,1784013488917,62607,62608,6,0,0.00147,0.00147,0.00426,3.0
2664,l2Book,1784013489051,62607,62608,6,0,0.00147,0.00147,0.00426,3.0
2665,l2Book,1784013489597,62607,62608,6,0,0.00147,0.00147,0.00426,3.0
2666,trades,1784013489597,62607,62608,7,0.00356,0.00147,0.00503,0.00426,3.0
2667,l2Book,1784013490133,62607,62608,7,0.00356,0.00147,0.00503,0.00426,3.0
2668,l2Book,1784013490668,62607,62608,7,0.00356,0.00147,0.00503,0.00426,3.0
2669,l2Book,1784013491184,62607,62608,3,0.00356,0,0.00356,0.00356,3.0
2670,l2Book,1784013491748,62607,62608,3,0.00356,0,0.00356,0.00356,3.0
2671,trades,1784013492011,62607,62608,2,0.00356,0,0.00356,0.00044,3.0
2672,l2Book,1784013492280,62608,62614,2,0,0.00356,0.00356,0.00044,3.0
2673,trades,1784013492280,62608,62614,12,0,0.00356,0.00356,0.01343,3.0
2674,trades,1784013492390,62608,62614,14,0,0.00356,0.00356,0.01403,3.0
2675,trades,1784013492688,62608,62614,14,0,0,0,0.01483,3.0
2676,l2Book,1784013492803,62613,62614,14,0,0,0,0.01483,3.0
2677,l2Book,1784013493371,62613,62614,14,0,0,0,0.01483,3.0
2678,l2Book,1784013493910,62613,62614,14,0,0,0,0.01483,3.0
2679,trades,1784013494375,62613,62614,15,0.03926,0,0.03926,0.01483,3.0
2680,l2Book,1784013494457,62613,62614,15,0.03926,0,0.03926,0.01483,3.0
2681,trades,1784013494860,62613,62614,16,0.03942,0,0.03942,0.01483,3.0
2682,l2Book,1784013494983,62613,62614,16,0.03942,0,0.03942,0.01483,3.0
2683,trades,1784013495066,62613,62614,16,0.03942,0,0.03942,0.01457,3.0
2684,l2Book,1784013495529,62613,62614,4,0.03942,0,0.03942,0.00098,3.0
2685,l2Book,1784013496067,62613,62614,3,0.03942,0,0.03942,0.00018,3.0
2686,l2Book,1784013496600,62613,62614,3,0.03942,0,0.03942,0.00018,3.0
2687,trades,1784013496943,62613,62614,7,0.03942,0,0.03942,0.00565,3.0
2688,trades,1784013497079,62613,62614,14,0.03942,0.09025,0.12967,0.00565,3.0
2689,l2Book,1784013497144,62609,62610,14,0.06431,0,0.06431,0.07101,3.0
2690,l2Book,1784013497695,62609,62610,13,0.06431,0,0.06431,0.03175,3.0
2691,trades,1784013497896,62609,62610,14,0.06431,0.16749,0.2318,0.03159,3.0
2692,l2Book,1784013498237,62607,62608,13,0,0,0,0.26321,3.0
2693,trades,1784013498427,62607,62608,14,0.0022,0,0.0022,0.26321,3.0
2694,trades,1784013498705,62607,62608,16,0.0022,0.0008,0.003,0.26321,3.0
2695,l2Book,1784013499308,62602,62603,16,0.00063,0,0.00063,0.26558,3.0
2696,trades,1784013499715,62602,62603,17,0.00063,0,0.00063,0.26578,3.0
2697,l2Book,1784013499836,62602,62603,17,0.00063,0,0.00063,0.26578,3.0
2698,trades,1784013500321,62602,62603,7,0.00063,0.00017,0.0008,0.17006,3.0
2699,l2Book,1784013500919,62596,62597,5,0,0,0,0.00337,3.0
2700,l2Book,1784013501465,62596,62597,4,0,0,0,0.00117,3.0
2701,l2Book,1784013502000,62596,62597,2,0,0,0,0.00037,3.0
2702,l2Book,1784013502598,62596,62597,2,0,0,0,0.00037,3.0
2703,trades,1784013502598,62596,62597,3,0,0,0,0.01655,3.0
2704,trades,1784013502807,62596,62597,3,0,0,0,0.01715,3.0
2705,trades,1784013503076,62596,62597,14,0.0008,0.07908,0.07988,0.01715,3.0
2706,trades,1784013503271,62589,62590,15,0,0,0,0.09782,3.0
2707,l2Book,1784013503766,62589,62590,14,0,0,0,0.09765,3.0
2708,l2Book,1784013504300,62589,62590,14,0,0,0,0.09765,3.0
2709,l2Book,1784013504841,62589,62590,14,0,0,0,0.09765,3.0
2710,l2Book,1784013505395,62589,62590,14,0,0,0,0.09765,3.0
2711,l2Book,1784013505932,62589,62590,12,0,0,0,0.08067,3.0
2712,trades,1784013505932,62589,62590,13,0.0002,0,0.0002,0.08067,3.0
2713,l2Book,1784013506453,62589,62590,1,0.0002,0,0.0002,0,3.0
2714,trades,1784013506535,62589,62590,3,0.0002,0,0.0002,0.0071,3.0
2715,l2Book,1784013507005,62589,62590,3,0.0002,0,0.0002,0.0071,3.0
2716,trades,1784013507005,62589,62590,4,0.0002,0,0.0002,0.00728,3.0
2717,l2Book,1784013507548,62589,62590,4,0.0002,0,0.0002,0.00728,3.0
2718,l2Book,1784013508073,62589,62590,4,0.0002,0,0.0002,0.00728,3.0
2719,l2Book,1784013508621,62589,62590,4,0.0002,0,0.0002,0.00728,3.0
2720,l2Book,1784013509159,62589,62590,3,0,0,0,0.00728,3.0
2721,l2Book,1784013509761,62589,62590,1,0,0,0,0.00018,3.0
2722,l2Book,1784013510285,62589,62590,0,0,0,0,0,3.0
2723,l2Book,1784013510848,62589,62590,0,0,0,0,0,3.0
2724,trades,1784013510979,62589,62590,2,0.00159,0.00059,0.00218,0,3.0
2725,l2Book,1784013511906,62585,62586,4,0.00766,0,0.00766,0.00238,3.0
2726,trades,1784013512054,62585,62586,6,0.0091,0,0.0091,0.00276,3.0
2727,l2Book,1784013512457,62585,62586,6,0.0091,0,0.0091,0.00276,3.0
2728,trades,1784013512591,62585,62586,8,0.04015,0,0.04015,0.00276,3.0
2729,l2Book,1784013512993,62585,62586,8,0.04015,0,0.04015,0.00276,3.0
2730,l2Book,1784013513505,62585,62586,8,0.04015,0,0.04015,0.00276,3.0
2731,l2Book,1784013514118,62585,62586,6,0.04015,0,0.04015,0.00058,3.0
2732,trades,1784013514200,62585,62586,6,0.19985,0,0.19985,0.00038,3.0
2733,l2Book,1784013514722,62585,62586,6,0.19985,0,0.19985,0.00038,3.0
2734,l2Book,1784013515270,62585,62586,4,0.19841,0,0.19841,0,3.0
2735,trades,1784013515614,62585,62586,5,0.16736,0,0.16736,0.02523,3.0
2736,trades,1784013515728,62585,62586,6,0.16736,0,0.16736,0.03985,3.0
2737,l2Book,1784013515809,62588,62592,6,0,0.18198,0.18198,0.02523,3.0
2738,l2Book,1784013516332,62591,62592,6,0,0.18198,0.18198,0.02523,3.0
2739,l2Book,1784013516839,62591,62592,6,0,0.18198,0.18198,0.02523,3.0
2740,l2Book,1784013517372,62591,62592,4,0,0.01462,0.01462,0.02523,3.0
2741,l2Book,1784013517910,62591,62592,4,0,0.01462,0.01462,0.02523,3.0
2742,trades,1784013518044,62591,62592,6,0.00128,0.01462,0.0159,0.02592,3.0
2743,l2Book,1784013518469,62591,62592,6,0.00128,0.01462,0.0159,0.02592,3.0
2744,l2Book,1784013519005,62591,62592,2,0.00128,0,0.00128,0.00069,3.0
2745,l2Book,1784013519546,62591,62592,2,0.00128,0,0.00128,0.00069,3.0
2746,l2Book,1784013520084,62591,62592,2,0.00128,0,0.00128,0.00069,3.0
2747,l2Book,1784013520621,62591,62592,2,0.00128,0,0.00128,0.00069,3.0
2748,l2Book,1784013521158,62591,62592,0,0,0,0,0,3.0
2749,l2Book,1784013521694,62591,62592,0,0,0,0,0,3.0
2750,l2Book,1784013522229,62591,62592,0,0,0,0,0,3.0
2751,l2Book,1784013522765,62591,62592,0,0,0,0,0,3.0
2752,l2Book,1784013523324,62586,62592,0,0,0,0,0,3.0
2753,trades,1784013523324,62586,62592,2,0,0,0,0.13247,3.0
2754,l2Book,1784013523864,62586,62591,2,0,0,0,0.13247,3.0
2755,l2Book,1784013524374,62591,62592,2,0.13247,0,0.13247,0,3.0
2756,trades,1784013524523,62591,62592,3,0.13247,0,0.13247,0.00017,3.0
2757,l2Book,1784013524925,62593,62594,3,0,0.13247,0.13247,0.00017,3.0
2758,trades,1784013525059,62593,62594,5,0,0.13247,0.13247,0.00035,3.0
2759,l2Book,1784013525479,62595,62596,5,0,0.13247,0.13247,0.00035,3.0
2760,trades,1784013525742,62595,62596,6,0,0.13247,0.13247,0.00067,3.0
2761,l2Book,1784013526012,62595,62596,6,0,0.13247,0.13247,0.00067,3.0
2762,l2Book,1784013526539,62595,62596,4,0,0,0,0.00067,3.0
2763,l2Book,1784013527087,62595,62596,4,0,0,0,0.00067,3.0
2764,l2Book,1784013527624,62595,62596,3,0,0,0,0.0005,3.0
2765,l2Book,1784013528161,62595,62596,1,0,0,0,0.00032,3.0
2766,trades,1784013528228,62595,62596,2,0.0016,0,0.0016,0.00032,3.0
2767,l2Book,1784013528705,62595,62596,2,0.0016,0,0.0016,0.00032,3.0
2768,l2Book,1784013529238,62595,62596,1,0.0016,0,0.0016,0,3.0
2769,l2Book,1784013529781,62595,62596,1,0.0016,0,0.0016,0,3.0
2770,l2Book,1784013530321,62595,62596,1,0.0016,0,0.0016,0,3.0
2771,l2Book,1784013530859,62595,62596,1,0.0016,0,0.0016,0,3.0
2772,l2Book,1784013531406,62595,62596,0,0,0,0,0,3.0
2773,trades,1784013531406,62595,62596,5,1.5,0,1.5,0,3.0
2774,l2Book,1784013531941,62595,62596,5,1.5,0,1.5,0,3.0
2775,l2Book,1784013532479,62595,62596,5,1.5,0,1.5,0,3.0
2776,trades,1784013532681,62595,62596,6,1.5,0,1.5,0.00146,3.0
2777,l2Book,1784013533016,62595,62596,6,1.5,0,1.5,0.00146,3.0
2778,l2Book,1784013533552,62595,62596,6,1.5,0,1.5,0.00146,3.0
2779,l2Book,1784013534089,62595,62596,6,1.5,0,1.5,0.00146,3.0
2780,l2Book,1784013534626,62595,62596,1,0,0,0,0.00146,3.0
2781,l2Book,1784013535166,62595,62596,1,0,0,0,0.00146,3.0
2782,trades,1784013535505,62595,62596,2,0.00031,0,0.00031,0.00146,3.0
2783,l2Book,1784013535707,62595,62596,1,0.00031,0,0.00031,0,3.0
2784,l2Book,1784013536241,62595,62596,1,0.00031,0,0.00031,0,3.0
2785,l2Book,1784013536781,62595,62596,1,0.00031,0,0.00031,0,3.0
2786,trades,1784013537047,62595,62596,2,0.00031,0,0.00031,0.00018,3.0
2787,l2Book,1784013537318,62595,62596,2,0.00031,0,0.00031,0.00018,3.0
2788,l2Book,1784013537849,62591,62592,2,0,0,0,0.00049,3.0
2789,l2Book,1784013538396,62591,62592,2,0,0,0,0.00049,3.0
2790,l2Book,1784013538931,62591,62592,1,0,0,0,0.00018,3.0
2791,trades,1784013538931,62591,62592,2,0,0,0,0.00067,3.0
2792,l2Book,1784013539532,62591,62592,2,0,0,0,0.00067,3.0
2793,l2Book,1784013540063,62591,62592,1,0,0,0,0.00049,3.0
2794,l2Book,1784013540564,62591,62592,1,0,0,0,0.00049,3.0
2795,l2Book,1784013541102,62595,62596,1,0,0,0,0.00049,3.0
2796,l2Book,1784013541620,62595,62596,1,0,0,0,0.00049,3.0
2797,trades,1784013542045,62595,62596,2,0.00145,0,0.00145,0.00032,3.0
2798,l2Book,1784013542169,62595,62596,2,0.00145,0,0.00145,0.00032,3.0
2799,l2Book,1784013542715,62595,62596,2,0.00145,0,0.00145,0.00032,3.0
2800,l2Book,1784013543254,62595,62596,2,0.00145,0,0.00145,0.00032,3.0
2801,l2Book,1784013543789,62595,62596,2,0.00145,0,0.00145,0.00032,3.0
2802,l2Book,1784013544328,62595,62596,2,0.00145,0,0.00145,0.00032,3.0
2803,l2Book,1784013544881,62595,62596,2,0.00145,0,0.00145,0.00032,3.0
2804,trades,1784013545281,62595,62596,1,0,0,0,0.00027,3.0
2805,l2Book,1784013545425,62596,62597,1,0,0,0,0.00027,3.0
2806,l2Book,1784013545960,62601,62602,1,0,0,0,0.00027,3.0
2807,l2Book,1784013546500,62601,62602,1,0,0,0,0.00027,3.0
2808,trades,1784013546764,62601,62602,5,0,0,0,0.00383,3.0
2809,l2Book,1784013547033,62604,62605,5,0,0,0,0.00383,3.0
2810,trades,1784013547301,62604,62605,7,0,0,0,0.02653,3.0
2811,l2Book,1784013547577,62604,62605,7,0,0,0,0.02653,3.0
2812,trades,1784013548046,62604,62605,10,0.00147,0,0.00147,0.02722,3.0
2813,l2Book,1784013548110,62604,62605,10,0.00147,0,0.00147,0.02722,3.0
2814,l2Book,1784013548649,62604,62605,9,0.00147,0,0.00147,0.02695,3.0
2815,trades,1784013548989,62604,62605,13,0.00147,0,0.00147,0.03661,3.0
2816,l2Book,1784013549192,62607,62608,13,0,0.00147,0.00147,0.03661,3.0
2817,l2Book,1784013549720,62607,62608,13,0,0.00147,0.00147,0.03661,3.0
2818,l2Book,1784013550273,62607,62608,9,0,0.00147,0.00147,0.03305,3.0
2819,l2Book,1784013550823,62607,62608,7,0,0.00147,0.00147,0.01035,3.0
2820,trades,1784013551224,62607,62608,6,0,0,0,0.01644,3.0
2821,l2Book,1784013551359,62607,62608,6,0,0,0,0.01644,3.0
2822,l2Book,1784013551895,62607,62608,6,0,0,0,0.01644,3.0
2823,l2Book,1784013552435,62607,62608,2,0,0,0,0.00678,3.0
2824,l2Book,1784013552973,62607,62608,2,0,0,0,0.00678,3.0
2825,l2Book,1784013553508,62607,62608,2,0,0,0,0.00678,3.0
2826,l2Book,1784013554043,62607,62608,2,0,0,0,0.00678,3.0
2827,l2Book,1784013554579,62607,62608,0,0,0,0,0,3.0
2828,trades,1784013555049,62607,62608,1,0,0,0,0.00018,3.0
2829,l2Book,1784013555118,62607,62608,1,0,0,0,0.00018,3.0
2830,l2Book,1784013555672,62607,62608,1,0,0,0,0.00018,3.0
2831,l2Book,1784013556208,62607,62608,1,0,0,0,0.00018,3.0
2832,l2Book,1784013556745,62607,62608,1,0,0,0,0.00018,3.0
2833,trades,1784013556946,62607,62608,2,0,0,0,0.0587,3.0
2834,l2Book,1784013557354,62606,62607,2,0,0,0,0.0587,3.0
2835,l2Book,1784013557890,62606,62607,2,0,0,0,0.0587,3.0
2836,l2Book,1784013558430,62606,62607,1,0,0,0,0.05852,3.0
2837,trades,1784013558765,62606,62607,2,0,0,0,0.0587,3.0
2838,l2Book,1784013558948,62606,62607,2,0,0,0,0.0587,3.0
2839,trades,1784013559032,62606,62607,3,0,0,0,0.0597,3.0
2840,l2Book,1784013559502,62605,62606,3,0,0,0,0.0597,3.0
2841,l2Book,1784013560037,62605,62606,2,0,0,0,0.00118,3.0
2842,l2Book,1784013560573,62605,62606,2,0,0,0,0.00118,3.0
2843,l2Book,1784013561110,62605,62606,2,0,0,0,0.00118,3.0
2844,l2Book,1784013561656,62605,62606,2,0,0,0,0.00118,3.0
2845,l2Book,1784013562193,62605,62606,0,0,0,0,0,3.0
2846,l2Book,1784013562718,62605,62606,0,0,0,0,0,3.0
2847,l2Book,1784013563268,62605,62606,0,0,0,0,0,3.0
2848,trades,1784013563345,62605,62606,2,0.00396,0,0.00396,0,3.0
2849,l2Book,1784013563798,62609,62610,2,0,0.00396,0.00396,0,3.0
2850,trades,1784013564102,62609,62610,6,0,0.00396,0.00396,0.07987,3.0
2851,trades,1784013564235,62609,62610,7,0,0.00396,0.00396,0.08067,3.0
2852,l2Book,1784013564300,62609,62610,7,0,0.00396,0.00396,0.08067,3.0
2853,l2Book,1784013564840,62609,62610,7,0,0.00396,0.00396,0.08067,3.0
2854,l2Book,1784013565369,62609,62610,7,0,0.00396,0.00396,0.08067,3.0
2855,l2Book,1784013565911,62609,62610,7,0,0.00396,0.00396,0.08067,3.0
2856,l2Book,1784013566451,62609,62610,5,0,0,0,0.08067,3.0
2857,trades,1784013566518,62609,62610,6,0,0,0,0.08204,3.0
2858,l2Book,1784013566988,62609,62610,6,0,0,0,0.08204,3.0
2859,trades,1784013567053,62609,62610,7,0,0,0,0.08222,3.0
2860,l2Book,1784013567535,62609,62610,2,0,0,0,0.00155,3.0
2861,l2Book,1784013568043,62609,62610,2,0,0,0,0.00155,3.0
2862,l2Book,1784013568608,62609,62610,2,0,0,0,0.00155,3.0
2863,trades,1784013568955,62609,62610,3,0,0,0,0.00174,3.0
2864,l2Book,1784013569155,62609,62610,3,0,0,0,0.00174,3.0
2865,l2Book,1784013569692,62609,62610,2,0,0,0,0.00037,3.0
2866,l2Book,1784013570228,62609,62610,1,0,0,0,0.00019,3.0
2867,l2Book,1784013570838,62609,62610,1,0,0,0,0.00019,3.0
2868,l2Book,1784013571441,62608,62609,1,0,0,0,0.00019,3.0
2869,trades,1784013571520,62608,62609,2,0.0016,0,0.0016,0.00019,3.0
2870,l2Book,1784013572002,62605,62606,1,0,0,0,0.0016,3.0
2871,trades,1784013572002,62605,62606,3,0.00145,0,0.00145,0.00195,3.0
2872,trades,1784013572065,62605,62606,4,0.01376,0,0.01376,0.00195,3.0
2873,l2Book,1784013572550,62605,62606,4,0.01376,0,0.01376,0.00195,3.0
2874,l2Book,1784013573082,62605,62606,4,0.01376,0,0.01376,0.00195,3.0
2875,l2Book,1784013573633,62605,62606,4,0.01376,0,0.01376,0.00195,3.0
2876,l2Book,1784013574171,62605,62606,4,0.01376,0,0.01376,0.00195,3.0
2877,l2Book,1784013574677,62605,62606,3,0.01376,0,0.01376,0.00035,3.0
2878,trades,1784013574840,62605,62606,4,0.01444,0,0.01444,0.00035,3.0
2879,l2Book,1784013575217,62605,62606,1,0.00068,0,0.00068,0,3.0
2880,l2Book,1784013575781,62605,62606,1,0.00068,0,0.00068,0,3.0
2881,l2Book,1784013576296,62605,62606,1,0.00068,0,0.00068,0,3.0
2882,trades,1784013576587,62605,62606,2,0.00068,0,0.00068,0.19723,3.0
2883,l2Book,1784013576842,62605,62606,2,0.00068,0,0.00068,0.19723,3.0
2884,l2Book,1784013577394,62605,62606,2,0.00068,0,0.00068,0.19723,3.0
2885,l2Book,1784013577913,62605,62606,1,0,0,0,0.19723,3.0
2886,trades,1784013577997,62605,62606,4,0.01294,0,0.01294,0.19723,3.0
2887,trades,1784013578063,62605,62606,7,0.01441,0,0.01441,0.19793,3.0
2888,l2Book,1784013578522,62605,62606,7,0.01441,0,0.01441,0.19793,3.0
2889,l2Book,1784013579129,62605,62606,7,0.01441,0,0.01441,0.19793,3.0
2890,l2Book,1784013579740,62605,62606,6,0.01441,0,0.01441,0.0007,3.0
2891,l2Book,1784013580261,62605,62606,6,0.01441,0,0.01441,0.0007,3.0
2892,l2Book,1784013580818,62605,62606,6,0.01441,0,0.01441,0.0007,3.0
2893,l2Book,1784013581359,62605,62606,0,0,0,0,0,3.0
2894,l2Book,1784013581896,62605,62606,0,0,0,0,0,3.0
2895,trades,1784013582224,62605,62606,1,0.01472,0,0.01472,0,3.0
2896,l2Book,1784013582448,62605,62606,1,0.01472,0,0.01472,0,3.0
2897,l2Book,1784013582979,62605,62606,1,0.01472,0,0.01472,0,3.0
2898,l2Book,1784013583513,62605,62606,1,0.01472,0,0.01472,0,3.0
2899,l2Book,1784013584041,62605,62606,1,0.01472,0,0.01472,0,3.0
2900,l2Book,1784013584600,62605,62606,1,0.01472,0,0.01472,0,3.0
2901,trades,1784013585005,62605,62606,2,0.01472,0,0.01472,0.00018,3.0
2902,l2Book,1784013585135,62605,62606,2,0.01472,0,0.01472,0.00018,3.0
2903,l2Book,1784013585686,62605,62606,1,0,0,0,0.00018,3.0
2904,l2Book,1784013586219,62605,62606,1,0,0,0,0.00018,3.0
2905,l2Book,1784013586754,62605,62606,1,0,0,0,0.00018,3.0
2906,l2Book,1784013587297,62605,62606,1,0,0,0,0.00018,3.0
2907,l2Book,1784013587837,62605,62606,1,0,0,0,0.00018,3.0
2908,l2Book,1784013588372,62605,62606,0,0,0,0,0,3.0
2909,l2Book,1784013588901,62605,62606,0,0,0,0,0,3.0
2910,l2Book,1784013589455,62605,62606,0,0,0,0,0,3.0
2911,l2Book,1784013589991,62605,62606,0,0,0,0,0,3.0
2912,trades,1784013590195,62605,62606,1,0.00058,0,0.00058,0,3.0
2913,l2Book,1784013590539,62605,62606,1,0.00058,0,0.00058,0,3.0
2914,l2Book,1784013591073,62605,62606,1,0.00058,0,0.00058,0,3.0
2915,l2Book,1784013591611,62605,62606,1,0.00058,0,0.00058,0,3.0
2916,l2Book,1784013592152,62605,62606,1,0.00058,0,0.00058,0,3.0
2917,l2Book,1784013592689,62605,62606,1,0.00058,0,0.00058,0,3.0
2918,trades,1784013593161,62605,62606,2,0.00058,0,0.00058,0.02617,3.0
2919,l2Book,1784013593228,62605,62606,1,0,0,0,0.02617,3.0
2920,l2Book,1784013593835,62603,62604,1,0,0,0,0.02617,3.0
2921,l2Book,1784013594300,62601,62602,1,0,0,0,0.02617,3.0
2922,trades,1784013594300,62601,62602,2,0,0,0,0.09966,3.0
2923,l2Book,1784013594842,62601,62602,2,0,0,0,0.09966,3.0
2924,l2Book,1784013595376,62601,62602,2,0,0,0,0.09966,3.0
2925,trades,1784013595779,62601,62602,5,0,0.00226,0.00226,0.09966,3.0
2926,l2Book,1784013596441,62596,62597,4,0.00209,0,0.00209,0.07366,3.0
2927,l2Book,1784013597048,62596,62597,4,0.00209,0,0.00209,0.07366,3.0
2928,trades,1784013597048,62596,62597,5,0.00209,0,0.00209,0.07384,3.0
2929,trades,1784013597251,62596,62597,6,0.01316,0,0.01316,0.07384,3.0
2930,l2Book,1784013597577,62595,62596,5,0,0,0,0.01351,3.0
2931,l2Book,1784013598128,62595,62596,5,0,0,0,0.01351,3.0
2932,l2Book,1784013598670,62595,62596,5,0,0,0,0.01351,3.0
2933,l2Book,1784013599227,62595,62596,2,0,0,0,0.01125,3.0
2934,l2Book,1784013599762,62595,62596,2,0,0,0,0.01125,3.0
2935,l2Book,1784013600382,62595,62596,0,0,0,0,0,3.0
2936,l2Book,1784013600921,62595,62596,0,0,0,0,0,3.0
2937,trades,1784013601320,62595,62596,9,0.00159,0.0891,0.09069,0,3.0
2938,l2Book,1784013601988,62586,62587,9,0.06858,0,0.06858,0.02211,3.0
2939,trades,1784013602060,62586,62587,11,0.07003,0,0.07003,0.02252,3.0
2940,l2Book,1784013602531,62586,62587,11,0.07003,0,0.07003,0.02252,3.0
2941,l2Book,1784013603067,62586,62587,11,0.07003,0,0.07003,0.02252,3.0
2942,l2Book,1784013603613,62586,62587,11,0.07003,0,0.07003,0.02252,3.0
2943,l2Book,1784013604213,62586,62587,11,0.07003,0,0.07003,0.02252,3.0
2944,l2Book,1784013604733,62586,62587,2,0.00145,0,0.00145,0.00041,3.0
2945,trades,1784013605137,62586,62587,1,0.00133,0,0.00133,0,3.0
2946,l2Book,1784013605268,62586,62587,1,0.00133,0,0.00133,0,3.0
2947,l2Book,1784013605776,62586,62587,1,0.00133,0,0.00133,0,3.0
2948,l2Book,1784013606312,62586,62587,1,0.00133,0,0.00133,0,3.0
2949,l2Book,1784013606846,62586,62587,1,0.00133,0,0.00133,0,3.0
2950,l2Book,1784013607448,62586,62587,1,0.00133,0,0.00133,0,3.0
2951,l2Book,1784013608052,62586,62587,1,0.00133,0,0.00133,0,3.0
2952,trades,1784013608000,62586,62587,4,0.0028,0,0.0028,0.00069,3.0
2953,l2Book,1784013608505,62586,62587,3,0.00147,0,0.00147,0.00069,3.0
2954,l2Book,1784013609058,62586,62587,3,0.00147,0,0.00147,0.00069,3.0
2955,l2Book,1784013609591,62586,62587,3,0.00147,0,0.00147,0.00069,3.0
2956,l2Book,1784013610122,62586,62587,3,0.00147,0,0.00147,0.00069,3.0
2957,l2Book,1784013610667,62586,62587,3,0.00147,0,0.00147,0.00069,3.0
2958,l2Book,1784013611207,62586,62587,0,0,0,0,0,3.0
2959,l2Book,1784013611748,62586,62587,0,0,0,0,0,3.0
2960,l2Book,1784013612275,62586,62587,0,0,0,0,0,3.0
2961,l2Book,1784013612829,62586,62587,0,0,0,0,0,3.0
2962,trades,1784013613131,62586,62587,1,0,0,0,0.001,3.0
2963,l2Book,1784013613335,62586,62587,1,0,0,0,0.001,3.0
2964,l2Book,1784013613836,62586,62587,1,0,0,0,0.001,3.0
2965,trades,1784013614236,62586,62587,2,0.00021,0,0.00021,0.001,3.0
2966,l2Book,1784013614348,62586,62587,2,0.00021,0,0.00021,0.001,3.0
2967,l2Book,1784013614892,62586,62587,2,0.00021,0,0.00021,0.001,3.0
2968,trades,1784013615043,62586,62587,3,0.00021,0,0.00021,0.00118,3.0
2969,l2Book,1784013615447,62586,62587,3,0.00021,0,0.00021,0.00118,3.0
2970,l2Book,1784013615985,62586,62587,3,0.00021,0,0.00021,0.00118,3.0
2971,l2Book,1784013616521,62586,62587,2,0.00021,0,0.00021,0.00018,3.0
2972,l2Book,1784013617058,62586,62587,2,0.00021,0,0.00021,0.00018,3.0
2973,l2Book,1784013617663,62586,62587,1,0,0,0,0.00018,3.0
2974,l2Book,1784013618269,62586,62587,0,0,0,0,0,3.0
2975,trades,1784013618395,62586,62587,1,0.00022,0,0.00022,0,3.0
2976,l2Book,1784013618801,62583,62585,1,0,0,0,0.00022,3.0
2977,l2Book,1784013619331,62583,62584,1,0,0,0,0.00022,3.0
2978,l2Book,1784013619873,62583,62584,1,0,0,0,0.00022,3.0
2979,l2Book,1784013620423,62583,62584,1,0,0,0,0.00022,3.0
2980,l2Book,1784013620950,62583,62584,1,0,0,0,0.00022,3.0
2981,trades,1784013621090,62583,62584,2,0.0008,0,0.0008,0.00022,3.0
2982,l2Book,1784013621505,62583,62584,1,0.0008,0,0.0008,0,3.0
2983,l2Book,1784013622042,62583,62584,1,0.0008,0,0.0008,0,3.0
2984,l2Book,1784013622571,62583,62584,1,0.0008,0,0.0008,0,3.0
2985,l2Book,1784013623116,62583,62584,1,0.0008,0,0.0008,0,3.0
2986,l2Book,1784013623657,62583,62584,1,0.0008,0,0.0008,0,3.0
2987,trades,1784013623725,62583,62584,2,0.00099,0,0.00099,0,3.0
2988,trades,1784013624061,62583,62584,5,0.00141,0.00058,0.00199,0,3.0
2989,l2Book,1784013624744,62580,62581,4,0.00041,0,0.00041,0.00078,3.0
2990,l2Book,1784013625262,62580,62581,4,0.00041,0,0.00041,0.00078,3.0
2991,l2Book,1784013625789,62579,62580,4,0,0,0,0.00119,3.0
2992,l2Book,1784013626291,62579,62580,4,0,0,0,0.00119,3.0
2993,l2Book,1784013626823,62579,62580,3,0,0,0,0.001,3.0
2994,trades,1784013627023,62579,62580,4,0,0,0,0.00118,3.0
2995,l2Book,1784013627363,62579,62580,1,0,0,0,0.00018,3.0
2996,l2Book,1784013627897,62579,62580,1,0,0,0,0.00018,3.0
2997,l2Book,1784013628439,62579,62580,1,0,0,0,0.00018,3.0
2998,l2Book,1784013628974,62579,62580,1,0,0,0,0.00018,3.0
2999,l2Book,1784013629521,62579,62580,1,0,0,0,0.00018,3.0
3000,trades,1784013629521,62579,62580,2,0.00104,0,0.00104,0.00018,3.0
3001,l2Book,1784013630037,62579,62580,1,0.00104,0,0.00104,0,3.0
3002,l2Book,1784013630580,62579,62580,1,0.00104,0,0.00104,0,3.0
3003,trades,1784013631047,62579,62580,2,0.00104,0,0.00104,0.02005,3.0
3004,l2Book,1784013631128,62579,62580,2,0.00104,0,0.00104,0.02005,3.0
3005,l2Book,1784013631656,62579,62580,2,0.00104,0,0.00104,0.02005,3.0
3006,trades,1784013632059,62579,62580,5,0.00249,0,0.00249,0.02041,3.0
3007,l2Book,1784013632191,62579,62580,5,0.00249,0,0.00249,0.02041,3.0
3008,l2Book,1784013632737,62579,62580,4,0.00145,0,0.00145,0.02041,3.0
3009,l2Book,1784013633271,62579,62580,4,0.00145,0,0.00145,0.02041,3.0
3010,l2Book,1784013633797,62579,62580,4,0.00145,0,0.00145,0.02041,3.0
3011,trades,1784013633895,62579,62580,5,0.00145,0,0.00145,0.10826,3.0
3012,l2Book,1784013634358,62579,62580,4,0.00145,0,0.00145,0.08821,3.0
3013,l2Book,1784013634894,62579,62580,4,0.00145,0,0.00145,0.08821,3.0
3014,trades,1784013635097,62579,62580,2,0.08088,0,0.08088,0.08785,3.0
3015,l2Book,1784013635428,62579,62580,2,0.08088,0,0.08088,0.08785,3.0
3016,l2Book,1784013635974,62579,62580,2,0.08088,0,0.08088,0.08785,3.0
3017,l2Book,1784013636515,62579,62580,2,0.08088,0,0.08088,0.08785,3.0
3018,l2Book,1784013637049,62579,62580,1,0.08088,0,0.08088,0,3.0
3019,l2Book,1784013637587,62579,62580,1,0.08088,0,0.08088,0,3.0
3020,trades,1784013638056,62579,62580,4,0.08235,0,0.08235,0.0007,3.0
3021,l2Book,1784013638122,62579,62580,3,0.00147,0,0.00147,0.0007,3.0
3022,l2Book,1784013638658,62579,62580,3,0.00147,0,0.00147,0.0007,3.0
3023,l2Book,1784013639199,62579,62580,3,0.00147,0,0.00147,0.0007,3.0
3024,l2Book,1784013639762,62579,62580,3,0.00147,0,0.00147,0.0007,3.0
3025,l2Book,1784013640291,62579,62580,3,0.00147,0,0.00147,0.0007,3.0
3026,trades,1784013640783,62579,62580,4,0.00147,0,0.00147,0.00539,3.0
3027,l2Book,1784013640841,62579,62580,4,0.00147,0,0.00147,0.00539,3.0
3028,l2Book,1784013641389,62579,62580,1,0,0,0,0.00469,3.0
3029,trades,1784013641389,62579,62580,2,0,0,0,0.1917,3.0
3030,l2Book,1784013641911,62579,62580,2,0,0,0,0.1917,3.0
3031,l2Book,1784013642451,62579,62580,2,0,0,0,0.1917,3.0
3032,trades,1784013642598,62579,62580,3,0,0,0,0.19227,3.0
3033,trades,1784013642720,62579,62580,4,0,0,0,0.19247,3.0
3034,l2Book,1784013642983,62579,62580,4,0,0,0,0.19247,3.0
3035,l2Book,1784013643529,62579,62580,4,0,0,0,0.19247,3.0
3036,l2Book,1784013644136,62579,62580,3,0,0,0,0.18778,3.0
3037,l2Book,1784013644614,62579,62580,2,0,0,0,0.00077,3.0
3038,trades,1784013645015,62579,62580,3,0,0,0,0.00095,3.0
3039,l2Book,1784013645149,62579,62580,3,0,0,0,0.00095,3.0
3040,l2Book,1784013645697,62579,62580,2,0,0,0,0.00038,3.0
3041,l2Book,1784013646232,62579,62580,1,0,0,0,0.00018,3.0
3042,l2Book,1784013646773,62579,62580,1,0,0,0,0.00018,3.0
3043,l2Book,1784013647307,62579,62580,1,0,0,0,0.00018,3.0
3044,l2Book,1784013647851,62579,62580,1,0,0,0,0.00018,3.0
3045,l2Book,1784013648387,62579,62580,0,0,0,0,0,3.0
3046,trades,1784013648387,62579,62580,1,0.00697,0,0.00697,0,3.0
3047,l2Book,1784013648927,62579,62580,1,0.00697,0,0.00697,0,3.0
3048,l2Book,1784013649475,62579,62580,1,0.00697,0,0.00697,0,3.0
3049,l2Book,1784013650007,62579,62580,1,0.00697,0,0.00697,0,3.0
3050,l2Book,1784013650549,62579,62580,1,0.00697,0,0.00697,0,3.0
3051,l2Book,1784013651087,62579,62580,1,0.00697,0,0.00697,0,3.0
3052,trades,1784013651286,62579,62580,2,0.00751,0,0.00751,0,3.0
3053,trades,1784013651496,62579,62580,2,0.00426,0,0.00426,0,3.0
3054,l2Book,1784013651631,62579,62580,2,0.00426,0,0.00426,0,3.0
3055,l2Book,1784013652166,62579,62580,2,0.00426,0,0.00426,0,3.0
3056,trades,1784013652434,62579,62580,4,0.00426,0,0.00426,0.12741,3.0
3057,l2Book,1784013652705,62579,62580,4,0.00426,0,0.00426,0.12741,3.0
3058,trades,1784013652841,62579,62580,5,0.00492,0,0.00492,0.12741,3.0
3059,l2Book,1784013653249,62579,62580,5,0.00492,0,0.00492,0.12741,3.0
3060,trades,1784013653521,62579,62580,6,0.00492,0,0.00492,0.12848,3.0
3061,l2Book,1784013653787,62580,62587,6,0,0.00492,0.00492,0.12848,3.0
3062,trades,1784013653787,62580,62587,12,0,0.00492,0.00492,0.13744,3.0
3063,trades,1784013653855,62580,62587,26,0,0.00492,0.00492,0.32204,3.0
3064,l2Book,1784013654324,62590,62591,25,0,0.00438,0.00438,0.32204,3.0
3065,l2Book,1784013654862,62590,62591,24,0,0.00066,0.00066,0.32204,3.0
3066,l2Book,1784013655400,62590,62591,24,0,0.00066,0.00066,0.32204,3.0
3067,l2Book,1784013655937,62590,62591,21,0,0,0,0.19463,3.0
3068,l2Book,1784013656471,62590,62591,21,0,0,0,0.19463,3.0
3069,l2Book,1784013657069,62590,62591,0,0,0,0,0,3.0
3070,trades,1784013657008,62590,62591,1,0,0,0,0.00018,3.0
3071,l2Book,1784013657548,62590,62591,1,0,0,0,0.00018,3.0
3072,l2Book,1784013658090,62590,62591,1,0,0,0,0.00018,3.0
3073,trades,1784013658553,62590,62591,4,0,0,0,0.00386,3.0
3074,l2Book,1784013658632,62590,62591,4,0,0,0,0.00386,3.0
3075,l2Book,1784013659174,62590,62591,4,0,0,0,0.00386,3.0
3076,l2Book,1784013659714,62590,62591,4,0,0,0,0.00386,3.0
3077,l2Book,1784013660233,62590,62591,3,0,0,0,0.00368,3.0
3078,l2Book,1784013660790,62590,62591,3,0,0,0,0.00368,3.0
3079,trades,1784013661192,62590,62591,4,0.2,0,0.2,0.00368,3.0
3080,l2Book,1784013661309,62590,62591,4,0.2,0,0.2,0.00368,3.0
3081,trades,1784013661368,62590,62591,7,0.2,0,0.2,0.1878,3.0
3082,l2Book,1784013661861,62590,62591,4,0.2,0,0.2,0.18412,3.0
3083,trades,1784013662061,62590,62591,6,0.20145,0,0.20145,0.18448,3.0
3084,l2Book,1784013662377,62590,62591,6,0.20145,0,0.20145,0.18448,3.0
3085,trades,1784013662598,62590,62591,7,0.20145,0,0.20145,0.18556,3.0
3086,trades,1784013662799,62590,62591,8,0.20145,0,0.20145,0.18632,3.0
3087,l2Book,1784013662917,62590,62591,8,0.20145,0,0.20145,0.18632,3.0
3088,l2Book,1784013663418,62590,62591,8,0.20145,0,0.20145,0.18632,3.0
3089,l2Book,1784013663954,62591,62592,8,0,0.20145,0.20145,0.18632,3.0
3090,l2Book,1784013664479,62592,62593,4,0,0.00145,0.00145,0.0022,3.0
3091,l2Book,1784013665032,62592,62593,4,0,0.00145,0.00145,0.0022,3.0
3092,l2Book,1784013665595,62592,62593,2,0,0,0,0.00184,3.0
3093,l2Book,1784013666129,62592,62593,0,0,0,0,0,3.0
3094,l2Book,1784013666683,62592,62594,0,0,0,0,0,3.0
3095,trades,1784013666683,62592,62594,1,0,0,0,0.00079,3.0
3096,l2Book,1784013667210,62595,62596,1,0,0,0,0.00079,3.0
3097,trades,1784013667611,62595,62596,2,0.00798,0,0.00798,0.00079,3.0
3098,l2Book,1784013667758,62595,62596,2,0.00798,0,0.00798,0.00079,3.0
3099,trades,1784013668015,62595,62596,5,0.00945,0,0.00945,0.00148,3.0
3100,l2Book,1784013668294,62595,62596,5,0.00945,0,0.00945,0.00148,3.0
3101,l2Book,1784013668819,62595,62596,5,0.00945,0,0.00945,0.00148,3.0
3102,l2Book,1784013669378,62595,62596,5,0.00945,0,0.00945,0.00148,3.0
3103,l2Book,1784013669922,62595,62596,4,0.00945,0,0.00945,0.00069,3.0
3104,l2Book,1784013670454,62595,62596,4,0.00945,0,0.00945,0.00069,3.0
3105,l2Book,1784013671007,62595,62596,3,0.00147,0,0.00147,0.00069,3.0
3106,l2Book,1784013671548,62595,62596,0,0,0,0,0,3.0
3107,l2Book,1784013672124,62595,62596,0,0,0,0,0,3.0
3108,l2Book,1784013672561,62595,62596,0,0,0,0,0,3.0
3109,l2Book,1784013673099,62595,62596,0,0,0,0,0,3.0
3110,l2Book,1784013673641,62595,62596,0,0,0,0,0,3.0
3111,l2Book,1784013674168,62595,62596,0,0,0,0,0,3.0
3112,l2Book,1784013674724,62595,62596,0,0,0,0,0,3.0
3113,trades,1784013675053,62595,62596,1,0,0,0,0.00018,3.0
3114,l2Book,1784013675254,62595,62596,1,0,0,0,0.00018,3.0
3115,l2Book,1784013675806,62595,62596,1,0,0,0,0.00018,3.0
3116,l2Book,1784013676321,62595,62596,1,0,0,0,0.00018,3.0
3117,l2Book,1784013676865,62595,62596,1,0,0,0,0.00018,3.0
3118,l2Book,1784013677416,62595,62596,1,0,0,0,0.00018,3.0
3119,l2Book,1784013677940,62595,62596,1,0,0,0,0.00018,3.0
3120,trades,1784013678426,62595,62596,1,0,0,0,0.0008,3.0
3121,l2Book,1784013678467,62597,62598,1,0,0,0,0.0008,3.0
3122,trades,1784013678950,62597,62598,2,0,0,0,0.0018,3.0
3123,l2Book,1784013679015,62597,62598,2,0,0,0,0.0018,3.0
3124,l2Book,1784013679558,62597,62598,2,0,0,0,0.0018,3.0
3125,l2Book,1784013680104,62603,62604,2,0,0,0,0.0018,3.0
3126,l2Book,1784013680653,62603,62604,2,0,0,0,0.0018,3.0
3127,l2Book,1784013681174,62603,62604,2,0,0,0,0.0018,3.0
3128,l2Book,1784013681726,62603,62604,1,0,0,0,0.001,3.0
3129,l2Book,1784013682264,62603,62604,0,0,0,0,0,3.0
3130,l2Book,1784013682823,62603,62604,0,0,0,0,0,3.0
3131,l2Book,1784013683351,62603,62604,0,0,0,0,0,3.0
3132,l2Book,1784013683904,62603,62604,0,0,0,0,0,3.0
3133,l2Book,1784013684465,62603,62604,0,0,0,0,0,3.0
3134,l2Book,1784013685069,62603,62604,0,0,0,0,0,3.0
3135,l2Book,1784013685539,62603,62604,0,0,0,0,0,3.0
3136,trades,1784013685539,62603,62604,1,0.12624,0,0.12624,0,3.0
3137,l2Book,1784013686075,62603,62604,1,0.12624,0,0.12624,0,3.0
3138,l2Book,1784013686613,62603,62604,1,0.12624,0,0.12624,0,3.0
3139,trades,1784013687016,62603,62604,2,0.12624,0,0.12624,0.00018,3.0
3140,l2Book,1784013687148,62603,62604,2,0.12624,0,0.12624,0.00018,3.0
3141,l2Book,1784013687756,62603,62604,2,0.12624,0,0.12624,0.00018,3.0
3142,l2Book,1784013688302,62603,62604,2,0.12624,0,0.12624,0.00018,3.0
3143,l2Book,1784013688846,62603,62604,1,0,0,0,0.00018,3.0
3144,l2Book,1784013689376,62603,62604,1,0,0,0,0.00018,3.0
3145,trades,1784013689856,62603,62604,2,0.001,0,0.001,0.00018,3.0
3146,l2Book,1784013689921,62603,62604,2,0.001,0,0.001,0.00018,3.0
3147,trades,1784013690124,62603,62604,3,0.001,0,0.001,0.00358,3.0
3148,l2Book,1784013690464,62603,62604,3,0.001,0,0.001,0.00358,3.0
3149,l2Book,1784013690997,62603,62604,3,0.001,0,0.001,0.00358,3.0
3150,trades,1784013691218,62603,62604,13,0.001,0,0.001,4.43175,3.0
3151,trades,1784013691352,62603,62604,15,0.08874,0,0.08874,4.43175,3.0
3152,l2Book,1784013691553,62603,62604,15,0.08874,0,0.08874,4.43175,3.0
3153,trades,1784013692009,62603,62604,17,0.09018,0,0.09018,4.43206,3.0
3154,l2Book,1784013692086,62603,62604,17,0.09018,0,0.09018,4.43206,3.0
3155,l2Book,1784013692617,62603,62604,17,0.09018,0,0.09018,4.43206,3.0
3156,l2Book,1784013693160,62603,62604,14,0.08918,0,0.08918,4.42848,3.0
3157,l2Book,1784013693699,62602,62604,14,0,0,0,4.51766,3.0
3158,l2Book,1784013694235,62601,62602,4,0,0,0,0.08949,3.0
3159,l2Book,1784013694771,62601,62602,2,0,0,0,0.00175,3.0
3160,l2Book,1784013695314,62601,62602,0,0,0,0,0,3.0
3161,l2Book,1784013695830,62601,62602,0,0,0,0,0,3.0
3162,l2Book,1784013696378,62601,62602,0,0,0,0,0,3.0
3163,l2Book,1784013696923,62601,62602,0,0,0,0,0,3.0
3164,l2Book,1784013697452,62601,62602,0,0,0,0,0,3.0
3165,l2Book,1784013697980,62601,62602,0,0,0,0,0,3.0
3166,trades,1784013698058,62601,62602,3,0.00147,0,0.00147,0.00069,3.0
3167,l2Book,1784013698535,62601,62602,3,0.00147,0,0.00147,0.00069,3.0
3168,l2Book,1784013699073,62601,62602,3,0.00147,0,0.00147,0.00069,3.0
3169,l2Book,1784013699596,62601,62602,3,0.00147,0,0.00147,0.00069,3.0
3170,l2Book,1784013700146,62601,62602,3,0.00147,0,0.00147,0.00069,3.0
3171,l2Book,1784013700668,62601,62602,3,0.00147,0,0.00147,0.00069,3.0
3172,l2Book,1784013701284,62601,62602,0,0,0,0,0,3.0
3173,trades,1784013701484,62601,62602,1,0,0,0,0.00078,3.0
3174,l2Book,1784013701888,62601,62602,1,0,0,0,0.00078,3.0
3175,l2Book,1784013702492,62601,62602,1,0,0,0,0.00078,3.0
3176,trades,1784013702557,62601,62602,2,0,0,0,0.85714,3.0
3177,l2Book,1784013703016,62601,62602,2,0,0,0,0.85714,3.0
3178,l2Book,1784013703566,62599,62600,2,0,0,0,0.85714,3.0
3179,l2Book,1784013704102,62597,62598,2,0,0,0,0.85714,3.0
3180,l2Book,1784013704625,62597,62598,1,0,0,0,0.85636,3.0
3181,trades,1784013705028,62597,62598,2,0,0,0,0.85654,3.0
3182,l2Book,1784013705160,62596,62597,2,0,0,0,0.85654,3.0
3183,l2Book,1784013705711,62596,62597,1,0,0,0,0.00018,3.0
3184,l2Book,1784013706234,62596,62597,1,0,0,0,0.00018,3.0
3185,l2Book,1784013706760,62596,62599,1,0,0,0,0.00018,3.0
3186,l2Book,1784013707317,62600,62601,1,0,0,0,0.00018,3.0
3187,l2Book,1784013707842,62600,62601,1,0,0,0,0.00018,3.0
3188,l2Book,1784013708378,62600,62601,0,0,0,0,0,3.0
3189,l2Book,1784013708904,62600,62601,0,0,0,0,0,3.0
3190,l2Book,1784013709451,62600,62601,0,0,0,0,0,3.0
3191,l2Book,1784013709998,62600,62601,0,0,0,0,0,3.0
3192,l2Book,1784013710523,62600,62601,0,0,0,0,0,3.0
3193,l2Book,1784013711057,62600,62601,0,0,0,0,0,3.0
3194,l2Book,1784013711612,62598,62601,0,0,0,0,0,3.0
3195,l2Book,1784013712123,62596,62598,0,0,0,0,0,3.0
3196,l2Book,1784013712670,62595,62596,0,0,0,0,0,3.0
3197,l2Book,1784013713220,62595,62596,0,0,0,0,0,3.0
3198,l2Book,1784013713744,62595,62596,0,0,0,0,0,3.0
3199,l2Book,1784013714350,62595,62596,0,0,0,0,0,3.0
3200,l2Book,1784013714882,62595,62596,0,0,0,0,0,3.0
3201,l2Book,1784013715428,62595,62596,0,0,0,0,0,3.0
3202,l2Book,1784013715967,62595,62596,0,0,0,0,0,3.0
3203,l2Book,1784013716490,62595,62596,0,0,0,0,0,3.0
3204,trades,1784013716572,62595,62596,11,0.00159,0.03559,0.03718,0,3.0
3205,trades,1784013717040,62588,62589,12,0,0,0,0.03736,3.0
3206,trades,1784013717440,62588,62589,13,0.00078,0,0.00078,0.03736,3.0
3207,l2Book,1784013717575,62588,62589,13,0.00078,0,0.00078,0.03736,3.0
3208,l2Book,1784013718099,62588,62589,13,0.00078,0,0.00078,0.03736,3.0
3209,l2Book,1784013718646,62588,62589,13,0.00078,0,0.00078,0.03736,3.0
3210,l2Book,1784013719185,62588,62589,13,0.00078,0,0.00078,0.03736,3.0
3211,l2Book,1784013719786,62588,62589,2,0.00078,0,0.00078,0.00018,3.0
3212,l2Book,1784013720312,62588,62589,1,0.00078,0,0.00078,0,3.0
3213,trades,1784013720461,62588,62589,1,0,0,0,0.00068,3.0
3214,l2Book,1784013720857,62588,62589,1,0,0,0,0.00068,3.0
3215,trades,1784013721195,62588,62589,2,0.00552,0,0.00552,0.00068,3.0
3216,l2Book,1784013721398,62588,62589,2,0.00552,0,0.00552,0.00068,3.0
3217,l2Book,1784013721922,62588,62589,2,0.00552,0,0.00552,0.00068,3.0
3218,trades,1784013722001,62588,62589,4,0.00697,0,0.00697,0.00101,3.0
3219,l2Book,1784013722526,62588,62589,4,0.00697,0,0.00697,0.00101,3.0
3220,l2Book,1784013723127,62588,62589,4,0.00697,0,0.00697,0.00101,3.0
3221,l2Book,1784013723731,62588,62589,3,0.00697,0,0.00697,0.00033,3.0
3222,l2Book,1784013724334,62588,62589,2,0.00145,0,0.00145,0.00033,3.0
3223,l2Book,1784013724868,62588,62589,2,0.00145,0,0.00145,0.00033,3.0
3224,l2Book,1784013725424,62588,62589,0,0,0,0,0,3.0
3225,l2Book,1784013725944,62588,62589,0,0,0,0,0,3.0
3226,l2Book,1784013726487,62588,62589,0,0,0,0,0,3.0
3227,l2Book,1784013727006,62585,62586,0,0,0,0,0,3.0
3228,trades,1784013727096,62585,62586,2,0.00017,0.00013,0.0003,0,3.0
3229,l2Book,1784013727552,62582,62583,2,0.00013,0,0.00013,0.00017,3.0
3230,l2Book,1784013728057,62582,62583,2,0.00013,0,0.00013,0.00017,3.0
3231,trades,1784013728057,62582,62583,5,0.00161,0,0.00161,0.00087,3.0
3232,trades,1784013728194,62582,62583,7,0.0022,0.0008,0.003,0.00087,3.0
3233,trades,1784013729059,62580,62581,8,0,0,0,0.00739,3.0
3234,l2Book,1784013729192,62580,62581,8,0,0,0,0.00739,3.0
3235,l2Book,1784013729720,62580,62581,8,0,0,0,0.00739,3.0
3236,trades,1784013729795,62580,62581,9,0.00352,0,0.00352,0.00739,3.0
3237,trades,1784013729997,62580,62581,13,0.08342,0,0.08342,0.00739,3.0
3238,l2Book,1784013730262,62580,62581,11,0.08342,0,0.08342,0.00709,3.0
3239,l2Book,1784013730799,62580,62581,11,0.08342,0,0.08342,0.00709,3.0
3240,l2Book,1784013731333,62580,62581,6,0.08342,0,0.08342,0.00352,3.0
3241,l2Book,1784013731853,62580,62581,6,0.08342,0,0.08342,0.00352,3.0
3242,l2Book,1784013732378,62580,62581,5,0.08342,0,0.08342,0,3.0
3243,l2Book,1784013732945,62578,62579,4,0,0,0,0.0799,3.0
3244,l2Book,1784013733472,62576,62577,0,0,0,0,0,3.0
3245,l2Book,1784013734014,62576,62577,0,0,0,0,0,3.0
3246,l2Book,1784013734550,62576,62577,0,0,0,0,0,3.0
3247,trades,1784013735020,62576,62577,1,0,0,0,0.00018,3.0
3248,l2Book,1784013735089,62574,62576,1,0,0,0,0.00018,3.0
3249,l2Book,1784013735651,62574,62575,1,0,0,0,0.00018,3.0
3250,l2Book,1784013736186,62574,62575,1,0,0,0,0.00018,3.0
3251,l2Book,1784013736719,62574,62575,1,0,0,0,0.00018,3.0
3252,l2Book,1784013737262,62574,62575,1,0,0,0,0.00018,3.0
3253,trades,1784013737397,62574,62575,3,0,0,0,0.00371,3.0
3254,l2Book,1784013737800,62574,62575,3,0,0,0,0.00371,3.0
3255,trades,1784013737866,62574,62575,6,0.11767,0,0.11767,0.00371,3.0
3256,trades,1784013738002,62574,62575,7,0.11767,0,0.11767,0.00818,3.0
3257,l2Book,1784013738341,62570,62571,6,0,0,0,0.12567,3.0
3258,l2Book,1784013738886,62570,62571,6,0,0,0,0.12567,3.0
3259,l2Book,1784013739420,62570,62571,6,0,0,0,0.12567,3.0
3260,l2Book,1784013739961,62568,62569,6,0,0,0,0.12567,3.0
3261,l2Book,1784013740498,62568,62569,4,0,0,0,0.12214,3.0
3262,l2Book,1784013741028,62568,62569,0,0,0,0,0,3.0
3263,l2Book,1784013741572,62568,62569,0,0,0,0,0,3.0
3264,trades,1784013741572,62568,62569,13,0.14385,0,0.14385,0,3.0
3265,l2Book,1784013742086,62568,62569,13,0.14385,0,0.14385,0,3.0
3266,l2Book,1784013742636,62568,62569,13,0.14385,0,0.14385,0,3.0
3267,l2Book,1784013743180,62568,62569,13,0.14385,0,0.14385,0,3.0
3268,l2Book,1784013743703,62568,62569,13,0.14385,0,0.14385,0,3.0
3269,l2Book,1784013744244,62568,62569,13,0.14385,0,0.14385,0,3.0
3270,trades,1784013744572,62568,62569,20,1.14385,0,1.14385,0,3.0
3271,l2Book,1784013744792,62568,62569,7,1,0,1,0,3.0
3272,l2Book,1784013745325,62568,62569,7,1,0,1,0,3.0
3273,l2Book,1784013745852,62568,62569,7,1,0,1,0,3.0
3274,l2Book,1784013746403,62568,62569,7,1,0,1,0,3.0
3275,l2Book,1784013746940,62568,62569,7,1,0,1,0,3.0
3276,trades,1784013747004,62568,62569,8,1,0,1,0.00018,3.0
3277,trades,1784013747340,62568,62569,9,1,0,1,0.00039,3.0
3278,l2Book,1784013747460,62568,62569,9,1,0,1,0.00039,3.0
3279,l2Book,1784013748010,62568,62569,2,0,0,0,0.00039,3.0
3280,l2Book,1784013748549,62568,62569,2,0,0,0,0.00039,3.0
3281,l2Book,1784013749151,62568,62569,2,0,0,0,0.00039,3.0
3282,l2Book,1784013749674,62568,62569,2,0,0,0,0.00039,3.0
3283,trades,1784013749820,62568,62569,6,0.03959,0,0.03959,0.00039,3.0
3284,l2Book,1784013750223,62568,62569,5,0.03959,0,0.03959,0.00021,3.0
3285,l2Book,1784013750780,62564,62565,4,0,0,0,0.03959,3.0
3286,l2Book,1784013751295,62564,62565,4,0,0,0,0.03959,3.0
3287,trades,1784013751582,62564,62565,5,0,0,0,0.03993,3.0
3288,trades,1784013751719,62564,62565,6,0,0,0,0.04027,3.0
3289,l2Book,1784013751854,62564,62565,6,0,0,0,0.04027,3.0
3290,trades,1784013752055,62564,62565,10,0.00145,0,0.00145,0.04067,3.0
3291,l2Book,1784013752388,62564,62565,10,0.00145,0,0.00145,0.04067,3.0
3292,l2Book,1784013752915,62564,62565,6,0.00145,0,0.00145,0.00108,3.0
3293,l2Book,1784013753463,62564,62565,6,0.00145,0,0.00145,0.00108,3.0
3294,l2Book,1784013753997,62564,62565,6,0.00145,0,0.00145,0.00108,3.0
3295,l2Book,1784013754535,62564,62565,6,0.00145,0,0.00145,0.00108,3.0
3296,l2Book,1784013755073,62564,62565,0,0,0,0,0,3.0
3297,l2Book,1784013755608,62564,62565,0,0,0,0,0,3.0
3298,l2Book,1784013756145,62564,62565,0,0,0,0,0,3.0
3299,l2Book,1784013756751,62564,62565,0,0,0,0,0,3.0
3300,trades,1784013756751,62564,62565,3,0.02027,0,0.02027,0,3.0
3301,l2Book,1784013757355,62564,62565,3,0.02027,0,0.02027,0,3.0
3302,l2Book,1784013757957,62564,62565,3,0.02027,0,0.02027,0,3.0
3303,trades,1784013758026,62564,62565,6,0.02174,0,0.02174,0.00069,3.0
3304,l2Book,1784013758571,62564,62565,6,0.02174,0,0.02174,0.00069,3.0
3305,trades,1784013758967,62564,62565,11,0.02174,0.0063,0.02804,0.00069,3.0
3306,trades,1784013759837,62557,62558,9,0.00081,0,0.00081,0.00845,3.0
3307,trades,1784013759912,62557,62558,10,0.00799,0,0.00799,0.00845,3.0
3308,l2Book,1784013760241,62554,62555,10,0,0,0,0.01644,3.0
3309,l2Book,1784013760712,62554,62555,10,0,0,0,0.01644,3.0
3310,trades,1784013760914,62554,62555,11,0,0,0,0.01676,3.0
3311,l2Book,1784013761248,62554,62555,8,0,0,0,0.0146,3.0
3312,l2Book,1784013761784,62554,62555,8,0,0,0,0.0146,3.0
3313,l2Book,1784013762325,62554,62555,3,0,0,0,0.0083,3.0
3314,l2Book,1784013762882,62554,62555,2,0,0,0,0.0075,3.0
3315,l2Book,1784013763402,62554,62555,1,0,0,0,0.00032,3.0
3316,trades,1784013763549,62554,62555,4,0,0,0,0.0061,3.0
3317,l2Book,1784013763953,62554,62555,3,0,0,0,0.00578,3.0
3318,l2Book,1784013764489,62554,62555,3,0,0,0,0.00578,3.0
3319,l2Book,1784013765026,62554,62555,3,0,0,0,0.00578,3.0
3320,trades,1784013765026,62554,62555,4,0,0,0,0.00596,3.0
3321,l2Book,1784013765562,62554,62555,4,0,0,0,0.00596,3.0
3322,l2Book,1784013766110,62556,62557,4,0,0,0,0.00596,3.0
3323,l2Book,1784013766646,62556,62557,1,0,0,0,0.00018,3.0
3324,l2Book,1784013767170,62557,62558,1,0,0,0,0.00018,3.0
3325,l2Book,1784013767719,62557,62558,1,0,0,0,0.00018,3.0
3326,l2Book,1784013768261,62558,62559,0,0,0,0,0,3.0
3327,l2Book,1784013768781,62558,62559,0,0,0,0,0,3.0
3328,l2Book,1784013769331,62558,62559,0,0,0,0,0,3.0
3329,l2Book,1784013769851,62558,62559,0,0,0,0,0,3.0
3330,l2Book,1784013770393,62558,62559,0,0,0,0,0,3.0
3331,l2Book,1784013770941,62558,62559,0,0,0,0,0,3.0
3332,l2Book,1784013771480,62558,62559,0,0,0,0,0,3.0
3333,l2Book,1784013771999,62558,62559,0,0,0,0,0,3.0
3334,l2Book,1784013772551,62559,62560,0,0,0,0,0,3.0
3335,l2Book,1784013773075,62561,62562,0,0,0,0,0,3.0
3336,l2Book,1784013773609,62562,62563,0,0,0,0,0,3.0
3337,l2Book,1784013774160,62562,62563,0,0,0,0,0,3.0
3338,l2Book,1784013774696,62562,62563,0,0,0,0,0,3.0
3339,l2Book,1784013775219,62563,62564,0,0,0,0,0,3.0
3340,trades,1784013775695,62563,62564,1,0.00919,0,0.00919,0,3.0
3341,l2Book,1784013775767,62563,62564,1,0.00919,0,0.00919,0,3.0
3342,l2Book,1784013776304,62563,62564,1,0.00919,0,0.00919,0,3.0
3343,trades,1784013776371,62563,62564,2,0.02199,0,0.02199,0,3.0
3344,l2Book,1784013776827,62563,62564,2,0.02199,0,0.02199,0,3.0
3345,trades,1784013777028,62563,62564,3,0.02199,0,0.02199,0.00018,3.0
3346,l2Book,1784013777375,62563,62564,3,0.02199,0,0.02199,0.00018,3.0
3347,l2Book,1784013777902,62563,62564,3,0.02199,0,0.02199,0.00018,3.0
3348,l2Book,1784013778436,62564,62565,3,0,0.02199,0.02199,0.00018,3.0
3349,l2Book,1784013778991,62564,62565,2,0,0.0128,0.0128,0.00018,3.0
3350,l2Book,1784013779516,62564,62565,1,0,0,0,0.00018,3.0
3351,l2Book,1784013780119,62566,62567,0,0,0,0,0,3.0
3352,l2Book,1784013780610,62568,62569,0,0,0,0,0,3.0
3353,l2Book,1784013781145,62568,62569,0,0,0,0,0,3.0
3354,l2Book,1784013781681,62568,62569,0,0,0,0,0,3.0
3355,trades,1784013782017,62568,62569,3,0,0,0,0.00181,3.0
3356,l2Book,1784013782221,62571,62572,3,0,0.00145,0.00145,0.00036,3.0
3357,l2Book,1784013782754,62572,62573,3,0,0.00145,0.00145,0.00036,3.0
3358,l2Book,1784013783292,62574,62575,3,0,0.00145,0.00145,0.00036,3.0
3359,l2Book,1784013783826,62574,62575,3,0,0.00145,0.00145,0.00036,3.0
3360,trades,1784013783892,62574,62575,4,0,0.00145,0.00145,0.00623,3.0
3361,trades,1784013784093,62574,62575,6,0,0.00145,0.00145,0.0121,3.0
3362,l2Book,1784013784360,62574,62575,6,0,0.00145,0.00145,0.0121,3.0
3363,l2Book,1784013784896,62574,62575,6,0,0.00145,0.00145,0.0121,3.0
3364,l2Book,1784013785433,62574,62575,3,0,0,0,0.01174,3.0
3365,l2Book,1784013785969,62574,62575,3,0,0,0,0.01174,3.0
3366,l2Book,1784013786516,62574,62575,3,0,0,0,0.01174,3.0
3367,l2Book,1784013787049,62574,62575,2,0,0,0,0.00587,3.0
3368,trades,1784013787049,62574,62575,3,0.00024,0,0.00024,0.00587,3.0
3369,l2Book,1784013787586,62574,62575,1,0.00024,0,0.00024,0,3.0
3370,trades,1784013788002,62574,62575,4,0.00171,0,0.00171,0.0007,3.0
3371,l2Book,1784013788134,62574,62575,4,0.00171,0,0.00171,0.0007,3.0
3372,trades,1784013788134,62574,62575,5,0.00171,0,0.00171,0.00735,3.0
3373,trades,1784013788202,62574,62575,6,0.00171,0,0.00171,0.0142,3.0
3374,l2Book,1784013788679,62578,62580,6,0,0.00171,0.00171,0.0142,3.0
3375,trades,1784013788875,62578,62580,8,0,0.00171,0.00171,0.02378,3.0
3376,l2Book,1784013789216,62580,62581,8,0,0.00171,0.00171,0.02378,3.0
3377,trades,1784013789410,62580,62581,9,0.0016,0.00171,0.00331,0.02378,3.0
3378,l2Book,1784013789747,62580,62581,9,0.0016,0.00171,0.00331,0.02378,3.0
3379,trades,1784013790080,62580,62581,9,0.0016,0.00147,0.00307,0.02538,3.0
3380,l2Book,1784013790283,62585,62586,9,0,0.00467,0.00467,0.02378,3.0
3381,l2Book,1784013790884,62585,62586,9,0,0.00467,0.00467,0.02378,3.0
3382,l2Book,1784013791407,62585,62586,4,0,0.0032,0.0032,0.00958,3.0
3383,trades,1784013791688,62585,62586,6,0,0.0032,0.0032,0.11168,3.0
3384,l2Book,1784013791943,62585,62586,4,0,0.0032,0.0032,0.1021,3.0
3385,l2Book,1784013792492,62585,62586,3,0,0.0016,0.0016,0.1021,3.0
3386,trades,1784013792895,62585,62586,4,0,0.0016,0.0016,0.10927,3.0
3387,l2Book,1784013793028,62585,62586,4,0,0.0016,0.0016,0.10927,3.0
3388,trades,1784013793095,62585,62586,5,0.02,0,0.02,0.11614,3.0
3389,l2Book,1784013793618,62585,62586,5,0.02,0,0.02,0.11614,3.0
3390,l2Book,1784013794128,62585,62586,5,0.02,0,0.02,0.11614,3.0
3391,l2Book,1784013794640,62585,62586,5,0.02,0,0.02,0.11614,3.0
3392,trades,1784013794974,62585,62586,4,0.02,0,0.02,0.03001,3.0
3393,l2Book,1784013795175,62585,62586,4,0.02,0,0.02,0.03001,3.0
3394,l2Book,1784013795720,62585,62586,4,0.02,0,0.02,0.03001,3.0
3395,l2Book,1784013796257,62585,62586,1,0,0,0,0.01597,3.0
3396,trades,1784013796322,62585,62586,2,0,0,0,0.03194,3.0
3397,l2Book,1784013796808,62585,62586,2,0,0,0,0.03194,3.0
3398,l2Book,1784013797398,62585,62586,2,0,0,0,0.03194,3.0
3399,trades,1784013797462,62585,62586,9,0,0,0,0.04791,3.0
3400,l2Book,1784013797917,62591,62592,9,0,0,0,0.04791,3.0
3401,l2Book,1784013798480,62591,62592,8,0,0,0,0.03194,3.0
3402,l2Book,1784013799014,62591,62592,8,0,0,0,0.03194,3.0
3403,trades,1784013799014,62591,62592,9,0,0,0,0.04791,3.0
3404,l2Book,1784013799613,62591,62592,8,0,0,0,0.03194,3.0
3405,l2Book,1784013800225,62591,62592,8,0,0,0,0.03194,3.0
3406,l2Book,1784013800828,62591,62592,1,0,0,0,0.01597,3.0
3407,l2Book,1784013801360,62591,62592,1,0,0,0,0.01597,3.0
3408,trades,1784013801654,62591,62592,8,0.00798,0.07218,0.08016,0.01597,3.0
3409,l2Book,1784013802458,62585,62586,7,0.07167,0,0.07167,0.00849,3.0
3410,l2Book,1784013802979,62583,62584,7,0,0,0,0.08016,3.0
3411,trades,1784013803064,62583,62584,9,0,0,0,0.09713,3.0
3412,l2Book,1784013803530,62583,62584,9,0,0,0,0.09713,3.0
3413,l2Book,1784013804061,62583,62584,9,0,0,0,0.09713,3.0
3414,l2Book,1784013804599,62583,62584,9,0,0,0,0.09713,3.0
3415,l2Book,1784013805143,62583,62584,2,0,0,0,0.01697,3.0
3416,l2Book,1784013805680,62583,62584,2,0,0,0,0.01697,3.0
3417,l2Book,1784013806222,62583,62584,0,0,0,0,0,3.0
3418,l2Book,1784013806756,62583,62584,0,0,0,0,0,3.0
3419,trades,1784013807024,62583,62584,1,0,0,0,0.00018,3.0
3420,l2Book,1784013807281,62583,62584,1,0,0,0,0.00018,3.0
3421,trades,1784013807571,62583,62584,2,0,0,0,0.00565,3.0
3422,l2Book,1784013807839,62583,62584,2,0,0,0,0.00565,3.0
3423,l2Book,1784013808373,62583,62584,2,0,0,0,0.00565,3.0
3424,l2Book,1784013808913,62583,62584,2,0,0,0,0.00565,3.0
3425,l2Book,1784013809449,62583,62584,2,0,0,0,0.00565,3.0
3426,l2Book,1784013810116,62583,62584,1,0,0,0,0.00547,3.0
3427,l2Book,1784013810606,62583,62584,0,0,0,0,0,3.0
3428,l2Book,1784013811137,62583,62584,0,0,0,0,0,3.0
3429,l2Book,1784013811668,62583,62584,0,0,0,0,0,3.0
3430,trades,1784013812071,62583,62584,2,0.00145,0,0.00145,0.00041,3.0
3431,l2Book,1784013812271,62583,62584,2,0.00145,0,0.00145,0.00041,3.0
3432,l2Book,1784013812802,62583,62584,2,0.00145,0,0.00145,0.00041,3.0
3433,l2Book,1784013813365,62583,62584,2,0.00145,0,0.00145,0.00041,3.0
3434,l2Book,1784013813900,62583,62584,2,0.00145,0,0.00145,0.00041,3.0
3435,l2Book,1784013814418,62583,62584,2,0.00145,0,0.00145,0.00041,3.0
3436,l2Book,1784013814971,62583,62584,2,0.00145,0,0.00145,0.00041,3.0
3437,l2Book,1784013815511,62583,62584,0,0,0,0,0,3.0
3438,l2Book,1784013816112,62583,62584,0,0,0,0,0,3.0
3439,l2Book,1784013816716,62583,62584,0,0,0,0,0,3.0
3440,l2Book,1784013817322,62583,62584,0,0,0,0,0,3.0
3441,l2Book,1784013817926,62583,62584,0,0,0,0,0,3.0
3442,trades,1784013818129,62583,62584,3,0.00147,0,0.00147,0.00069,3.0
3443,l2Book,1784013818532,62583,62584,3,0.00147,0,0.00147,0.00069,3.0
3444,l2Book,1784013819065,62583,62584,3,0.00147,0,0.00147,0.00069,3.0
3445,l2Book,1784013819606,62583,62584,3,0.00147,0,0.00147,0.00069,3.0
3446,l2Book,1784013820143,62583,62584,3,0.00147,0,0.00147,0.00069,3.0
3447,trades,1784013820213,62583,62584,4,0.00864,0,0.00864,0.00069,3.0
3448,l2Book,1784013820676,62583,62584,4,0.00864,0,0.00864,0.00069,3.0
3449,l2Book,1784013821217,62583,62584,1,0.00717,0,0.00717,0,3.0
3450,l2Book,1784013821755,62583,62584,1,0.00717,0,0.00717,0,3.0
3451,l2Book,1784013822265,62583,62584,1,0.00717,0,0.00717,0,3.0
3452,l2Book,1784013822767,62583,62584,1,0.00717,0,0.00717,0,3.0
3453,l2Book,1784013823289,62583,62584,0,0,0,0,0,3.0
3454,l2Book,1784013823819,62583,62584,0,0,0,0,0,3.0
3455,l2Book,1784013824369,62583,62584,0,0,0,0,0,3.0
3456,l2Book,1784013824898,62583,62584,0,0,0,0,0,3.0
3457,trades,1784013825100,62583,62584,1,0,0,0,0.00018,3.0
3458,l2Book,1784013825501,62583,62584,1,0,0,0,0.00018,3.0
3459,l2Book,1784013826049,62583,62584,1,0,0,0,0.00018,3.0
3460,l2Book,1784013826592,62583,62584,1,0,0,0,0.00018,3.0
3461,l2Book,1784013827128,62583,62584,1,0,0,0,0.00018,3.0
3462,trades,1784013827573,62583,62584,10,0.07587,0,0.07587,0.00018,3.0
3463,l2Book,1784013827668,62583,62584,10,0.07587,0,0.07587,0.00018,3.0
3464,l2Book,1784013828206,62583,62584,9,0.07587,0,0.07587,0,3.0
3465,l2Book,1784013828749,62583,62584,9,0.07587,0,0.07587,0,3.0
3466,trades,1784013829151,62583,62584,13,0.11641,0,0.11641,0,3.0
3467,l2Book,1784013829283,62583,62584,13,0.11641,0,0.11641,0,3.0
3468,l2Book,1784013829820,62583,62584,13,0.11641,0,0.11641,0,3.0
3469,trades,1784013830290,62583,62584,14,0.11641,0,0.11641,0.00145,3.0
3470,l2Book,1784013830376,62583,62584,14,0.11641,0,0.11641,0.00145,3.0
3471,l2Book,1784013830973,62583,62584,5,0.04054,0,0.04054,0.00145,3.0
3472,l2Book,1784013831584,62583,62584,5,0.04054,0,0.04054,0.00145,3.0
3473,l2Book,1784013832115,62583,62584,5,0.04054,0,0.04054,0.00145,3.0
3474,l2Book,1784013832661,62583,62584,1,0,0,0,0.00145,3.0
3475,l2Book,1784013833194,62583,62584,1,0,0,0,0.00145,3.0
3476,l2Book,1784013833732,62583,62584,0,0,0,0,0,3.0
3477,l2Book,1784013834334,62583,62584,0,0,0,0,0,3.0
3478,l2Book,1784013834936,62583,62584,0,0,0,0,0,3.0
3479,l2Book,1784013835456,62583,62584,0,0,0,0,0,3.0
3480,l2Book,1784013835962,62583,62584,0,0,0,0,0,3.0
3481,l2Book,1784013836476,62583,62584,0,0,0,0,0,3.0
3482,l2Book,1784013837016,62583,62584,0,0,0,0,0,3.0
3483,trades,1784013837016,62583,62584,1,0,0,0,0.00018,3.0
3484,l2Book,1784013837555,62583,62584,1,0,0,0,0.00018,3.0
3485,l2Book,1784013838076,62583,62584,1,0,0,0,0.00018,3.0
3486,l2Book,1784013838627,62583,62584,1,0,0,0,0.00018,3.0
3487,l2Book,1784013839163,62583,62584,1,0,0,0,0.00018,3.0
3488,l2Book,1784013839702,62583,62584,1,0,0,0,0.00018,3.0
3489,l2Book,1784013840241,62584,62585,0,0,0,0,0,3.0
3490,l2Book,1784013840786,62586,62587,0,0,0,0,0,3.0
3491,l2Book,1784013841317,62586,62587,0,0,0,0,0,3.0
3492,l2Book,1784013841841,62586,62589,0,0,0,0,0,3.0
3493,trades,1784013842045,62586,62589,2,0,0,0,0.00171,3.0
3494,l2Book,1784013842397,62589,62590,2,0,0.00145,0.00145,0.00026,3.0
3495,l2Book,1784013842927,62589,62590,2,0,0.00145,0.00145,0.00026,3.0
3496,trades,1784013843139,62589,62590,3,0.00245,0.00145,0.0039,0.00026,3.0
3497,l2Book,1784013843462,62589,62590,3,0.00245,0.00145,0.0039,0.00026,3.0
3498,l2Book,1784013844007,62589,62590,3,0.00245,0.00145,0.0039,0.00026,3.0
3499,l2Book,1784013844544,62589,62590,3,0.00245,0.00145,0.0039,0.00026,3.0
3500,l2Book,1784013845083,62589,62590,1,0.00245,0,0.00245,0,3.0
3501,l2Book,1784013845615,62589,62590,1,0.00245,0,0.00245,0,3.0
3502,l2Book,1784013846167,62589,62590,0,0,0,0,0,3.0
3503,l2Book,1784013846702,62589,62590,0,0,0,0,0,3.0
3504,l2Book,1784013847225,62588,62589,0,0,0,0,0,3.0
3505,l2Book,1784013847752,62585,62586,0,0,0,0,0,3.0
3506,trades,1784013847908,62585,62586,1,0,0,0,0.00174,3.0
3507,trades,1784013848035,62585,62586,4,0.00147,0,0.00147,0.00243,3.0
3508,l2Book,1784013848310,62585,62586,4,0.00147,0,0.00147,0.00243,3.0
3509,l2Book,1784013848833,62585,62586,4,0.00147,0,0.00147,0.00243,3.0
3510,trades,1784013848910,62585,62586,5,0.00321,0,0.00321,0.00243,3.0
3511,l2Book,1784013849379,62585,62586,5,0.00321,0,0.00321,0.00243,3.0
3512,trades,1784013849379,62585,62586,6,0.00321,0,0.00321,0.00262,3.0
3513,trades,1784013849514,62585,62586,7,0.00321,0,0.00321,0.00426,3.0
3514,l2Book,1784013849916,62585,62586,7,0.00321,0,0.00321,0.00426,3.0
3515,l2Book,1784013850441,62585,62586,7,0.00321,0,0.00321,0.00426,3.0
3516,l2Book,1784013850989,62585,62586,6,0.00321,0,0.00321,0.00252,3.0
3517,l2Book,1784013851527,62585,62586,3,0.00174,0,0.00174,0.00183,3.0
3518,l2Book,1784013852051,62585,62586,2,0,0,0,0.00183,3.0
3519,l2Book,1784013852599,62585,62586,0,0,0,0,0,3.0
3520,l2Book,1784013853137,62585,62586,0,0,0,0,0,3.0
3521,trades,1784013853137,62585,62586,1,0,0,0,0.03312,3.0
3522,l2Book,1784013853659,62585,62586,1,0,0,0,0.03312,3.0
3523,trades,1784013853944,62585,62586,3,0.01269,0,0.01269,0.03312,3.0
3524,l2Book,1784013854208,62585,62586,3,0.01269,0,0.01269,0.03312,3.0
3525,l2Book,1784013854753,62585,62586,3,0.01269,0,0.01269,0.03312,3.0
3526,trades,1784013855019,62585,62586,4,0.01269,0,0.01269,0.0333,3.0
3527,l2Book,1784013855274,62585,62586,4,0.01269,0,0.01269,0.0333,3.0
3528,trades,1784013855628,62585,62586,5,0.01269,0,0.01269,0.03711,3.0
3529,l2Book,1784013855830,62585,62586,5,0.01269,0,0.01269,0.03711,3.0
3530,l2Book,1784013856367,62585,62586,4,0.01269,0,0.01269,0.00399,3.0
3531,l2Book,1784013856903,62585,62586,4,0.01269,0,0.01269,0.00399,3.0
3532,l2Book,1784013857482,62585,62586,2,0,0,0,0.00399,3.0
3533,l2Book,1784013858179,62585,62586,1,0,0,0,0.00381,3.0
3534,l2Book,1784013858589,62585,62586,1,0,0,0,0.00381,3.0
3535,l2Book,1784013859131,62585,62586,0,0,0,0,0,3.0
3536,l2Book,1784013859665,62585,62586,0,0,0,0,0,3.0
3537,l2Book,1784013860199,62585,62586,0,0,0,0,0,3.0
3538,l2Book,1784013860739,62585,62586,0,0,0,0,0,3.0
3539,trades,1784013861139,62585,62586,1,0,0,0,0.00075,3.0
3540,l2Book,1784013861262,62585,62586,1,0,0,0,0.00075,3.0
3541,l2Book,1784013861768,62585,62586,1,0,0,0,0.00075,3.0
3542,l2Book,1784013862304,62585,62586,1,0,0,0,0.00075,3.0
3543,l2Book,1784013862846,62585,62586,1,0,0,0,0.00075,3.0
3544,l2Book,1784013863380,62585,62586,1,0,0,0,0.00075,3.0
3545,l2Book,1784013863916,62585,62586,1,0,0,0,0.00075,3.0
3546,l2Book,1784013864451,62585,62586,0,0,0,0,0,3.0
3547,l2Book,1784013864959,62585,62586,0,0,0,0,0,3.0
3548,l2Book,1784013865577,62585,62586,0,0,0,0,0,3.0
3549,l2Book,1784013866181,62585,62586,0,0,0,0,0,3.0
3550,l2Book,1784013866685,62585,62586,0,0,0,0,0,3.0
3551,trades,1784013867020,62585,62586,1,0,0,0,0.00018,3.0
3552,l2Book,1784013867214,62585,62586,1,0,0,0,0.00018,3.0
3553,l2Book,1784013867827,62585,62586,1,0,0,0,0.00018,3.0
3554,l2Book,1784013868342,62585,62586,1,0,0,0,0.00018,3.0
3555,l2Book,1784013868854,62585,62586,1,0,0,0,0.00018,3.0
3556,l2Book,1784013869412,62585,62586,1,0,0,0,0.00018,3.0
3557,l2Book,1784013869954,62585,62586,1,0,0,0,0.00018,3.0
3558,l2Book,1784013870508,62585,62586,0,0,0,0,0,3.0
3559,trades,1784013870828,62585,62586,2,0,0,0,1.5978,3.0
3560,l2Book,1784013871024,62585,62586,2,0,0,0,1.5978,3.0
3561,l2Book,1784013871564,62585,62586,2,0,0,0,1.5978,3.0
3562,trades,1784013872032,62585,62586,4,0.00144,0,0.00144,1.59825,3.0
3563,l2Book,1784013872089,62585,62586,4,0.00144,0,0.00144,1.59825,3.0
3564,trades,1784013872166,62585,62586,6,0.00903,0,0.00903,1.59825,3.0
3565,trades,1784013872234,62585,62586,7,0.00903,0,0.00903,1.60288,3.0
3566,trades,1784013872369,62585,62586,8,0.00903,0,0.00903,1.60963,3.0
3567,l2Book,1784013872635,62585,62586,8,0.00903,0,0.00903,1.60963,3.0
3568,trades,1784013873057,62585,62586,9,0.00978,0,0.00978,1.60963,3.0
3569,l2Book,1784013873173,62585,62586,9,0.00978,0,0.00978,1.60963,3.0
3570,l2Book,1784013873704,62585,62586,9,0.00978,0,0.00978,1.60963,3.0
3571,trades,1784013874041,62585,62586,8,0.0104,0,0.0104,0.01183,3.0
3572,trades,1784013874178,62585,62586,9,0.0104,0,0.0104,0.02102,3.0
3573,l2Book,1784013874247,62585,62586,9,0.0104,0,0.0104,0.02102,3.0
3574,l2Book,1784013874784,62585,62586,9,0.0104,0,0.0104,0.02102,3.0
3575,l2Book,1784013875322,62583,62584,4,0,0,0,0.01731,3.0
3576,l2Book,1784013875875,62583,62584,3,0,0,0,0.01056,3.0
3577,trades,1784013876338,62583,62584,7,0.00041,0.00396,0.00437,0.00981,3.0
3578,l2Book,1784013876945,62575,62576,7,0,0,0,0.01418,3.0
3579,l2Book,1784013877494,62575,62576,5,0,0,0,0.00437,3.0
3580,trades,1784013877552,62575,62576,7,0.05,0,0.05,0.00437,3.0
3581,l2Book,1784013878037,62575,62576,7,0.05,0,0.05,0.00437,3.0
3582,trades,1784013878037,62575,62576,10,0.05147,0,0.05147,0.00507,3.0
3583,l2Book,1784013878640,62575,62576,10,0.05147,0,0.05147,0.00507,3.0
3584,trades,1784013879108,62575,62576,11,0.2107,0,0.2107,0.00507,3.0
3585,l2Book,1784013879244,62575,62576,11,0.2107,0,0.2107,0.00507,3.0
3586,trades,1784013879448,62575,62576,7,0.2107,0,0.2107,0.00089,3.0
3587,l2Book,1784013879852,62575,62576,7,0.2107,0,0.2107,0.00089,3.0
3588,l2Book,1784013880383,62575,62576,7,0.2107,0,0.2107,0.00089,3.0
3589,l2Book,1784013880923,62575,62576,5,0.1607,0,0.1607,0.00089,3.0
3590,l2Book,1784013881464,62575,62576,2,0.15923,0,0.15923,0.00019,3.0
3591,l2Book,1784013881999,62575,62576,2,0.15923,0,0.15923,0.00019,3.0
3592,l2Book,1784013882603,62577,62578,0,0,0,0,0,3.0
3593,l2Book,1784013883117,62580,62581,0,0,0,0,0,3.0
3594,trades,1784013883276,62580,62581,9,0,0,0,0.42127,3.0
3595,l2Book,1784013883679,62584,62585,9,0,0,0,0.42127,3.0
3596,l2Book,1784013884220,62584,62585,9,0,0,0,0.42127,3.0
3597,l2Book,1784013884730,62584,62585,9,0,0,0,0.42127,3.0
3598,trades,1784013885021,62584,62585,10,0,0,0,0.42145,3.0
3599,l2Book,1784013885283,62584,62585,10,0,0,0,0.42145,3.0
3600,l2Book,1784013885837,62584,62585,10,0,0,0,0.42145,3.0
3601,l2Book,1784013886353,62584,62585,1,0,0,0,0.00018,3.0
3602,l2Book,1784013886905,62584,62585,1,0,0,0,0.00018,3.0
3603,l2Book,1784013887442,62584,62585,1,0,0,0,0.00018,3.0
3604,l2Book,1784013888044,62584,62585,0,0,0,0,0,3.0
3605,l2Book,1784013888647,62584,62585,0,0,0,0,0,3.0
3606,l2Book,1784013889185,62584,62585,0,0,0,0,0,3.0
3607,l2Book,1784013889713,62584,62585,0,0,0,0,0,3.0
3608,l2Book,1784013890257,62584,62585,0,0,0,0,0,3.0
3609,l2Book,1784013890790,62584,62585,0,0,0,0,0,3.0
3610,l2Book,1784013891323,62584,62585,0,0,0,0,0,3.0
3611,trades,1784013891676,62584,62585,1,0,0,0,0.0008,3.0
3612,l2Book,1784013891866,62584,62585,1,0,0,0,0.0008,3.0
3613,trades,1784013892266,62584,62585,2,0,0,0,0.00437,3.0
3614,l2Book,1784013892402,62584,62585,2,0,0,0,0.00437,3.0
3615,l2Book,1784013892941,62584,62585,2,0,0,0,0.00437,3.0
3616,l2Book,1784013893478,62584,62585,2,0,0,0,0.00437,3.0
3617,trades,1784013893544,62584,62585,3,0,0,0,0.06423,3.0
3618,trades,1784013893677,62584,62585,5,0,0,0,0.06442,3.0
3619,l2Book,1784013894011,62586,62587,5,0,0,0,0.06442,3.0
3620,trades,1784013894346,62586,62587,17,0,0,0,0.2255,3.0
3621,l2Book,1784013894550,62593,62594,17,0,0,0,0.2255,3.0
3622,l2Book,1784013895083,62593,62594,16,0,0,0,0.2247,3.0
3623,l2Book,1784013895621,62593,62594,15,0,0,0,0.22113,3.0
3624,l2Book,1784013896159,62593,62594,15,0,0,0,0.22113,3.0
3625,l2Book,1784013896695,62593,62594,12,0,0,0,0.16108,3.0
3626,trades,1784013897029,62593,62594,13,0,0,0,0.16126,3.0
3627,l2Book,1784013897233,62593,62594,13,0,0,0,0.16126,3.0
3628,l2Book,1784013897779,62593,62594,1,0,0,0,0.00018,3.0
3629,l2Book,1784013898314,62593,62594,1,0,0,0,0.00018,3.0
3630,l2Book,1784013898849,62593,62594,1,0,0,0,0.00018,3.0
3631,l2Book,1784013899395,62593,62594,1,0,0,0,0.00018,3.0
3632,l2Book,1784013899926,62593,62594,1,0,0,0,0.00018,3.0
3633,l2Book,1784013900482,62593,62594,0,0,0,0,0,3.0
3634,l2Book,1784013901016,62593,62594,0,0,0,0,0,3.0
3635,trades,1784013901082,62593,62594,1,0,0,0,0.00418,3.0
3636,trades,1784013901216,62593,62594,2,0.0309,0,0.0309,0.00418,3.0
3637,l2Book,1784013901536,62593,62594,2,0.0309,0,0.0309,0.00418,3.0
3638,trades,1784013902023,62593,62594,4,0.03235,0,0.03235,0.0045,3.0
3639,l2Book,1784013902091,62593,62594,4,0.03235,0,0.03235,0.0045,3.0
3640,trades,1784013902426,62593,62594,5,0.04698,0,0.04698,0.0045,3.0
3641,l2Book,1784013902625,62593,62594,5,0.04698,0,0.04698,0.0045,3.0
3642,l2Book,1784013903144,62593,62594,5,0.04698,0,0.04698,0.0045,3.0
3643,l2Book,1784013903701,62593,62594,5,0.04698,0,0.04698,0.0045,3.0
3644,l2Book,1784013904240,62593,62594,3,0.01608,0,0.01608,0.00032,3.0
3645,trades,1784013904372,62593,62594,4,0.02026,0,0.02026,0.00032,3.0
3646,l2Book,1784013904775,62593,62594,4,0.02026,0,0.02026,0.00032,3.0
3647,l2Book,1784013905312,62593,62594,2,0.01881,0,0.01881,0,3.0
3648,l2Book,1784013905854,62593,62594,1,0.00418,0,0.00418,0,3.0
3649,l2Book,1784013906390,62593,62594,1,0.00418,0,0.00418,0,3.0
3650,trades,1784013906530,62593,62594,3,0.00418,0,0.00418,0.00134,3.0
3651,trades,1784013906664,62593,62594,5,0.00418,0,0.00418,0.00214,3.0
3652,trades,1784013906803,62593,62594,7,0.00418,0,0.00418,0.01109,3.0
3653,trades,1784013906868,62593,62594,8,0.00418,0,0.00418,0.01126,3.0
3654,l2Book,1784013906932,62603,62604,8,0,0.00418,0.00418,0.01126,3.0
3655,trades,1784013907071,62603,62604,9,0.00128,0.00418,0.00546,0.01126,3.0
3656,l2Book,1784013907473,62603,62604,8,0.00128,0,0.00128,0.01126,3.0
3657,l2Book,1784013908004,62603,62604,8,0.00128,0,0.00128,0.01126,3.0
3658,trades,1784013908004,62603,62604,10,0.00147,0,0.00147,0.01195,3.0
3659,trades,1784013908405,62603,62604,11,0.00166,0,0.00166,0.01195,3.0
3660,l2Book,1784013908542,62603,62604,11,0.00166,0,0.00166,0.01195,3.0
3661,l2Book,1784013909078,62603,62604,11,0.00166,0,0.00166,0.01195,3.0
3662,l2Book,1784013909623,62603,62604,9,0.00166,0,0.00166,0.01061,3.0
3663,l2Book,1784013910164,62603,62604,3,0.00038,0,0.00038,0.00069,3.0
3664,l2Book,1784013910704,62603,62604,3,0.00038,0,0.00038,0.00069,3.0
3665,trades,1784013911107,62603,62604,3,0.00019,0,0.00019,0.00092,3.0
3666,l2Book,1784013911241,62604,62605,3,0,0.00019,0.00019,0.00092,3.0
3667,l2Book,1784013911800,62606,62607,2,0,0,0,0.00092,3.0
3668,l2Book,1784013912333,62606,62611,2,0,0,0,0.00092,3.0
3669,trades,1784013912333,62606,62611,9,0,0,0,0.05532,3.0
3670,l2Book,1784013912869,62610,62611,9,0,0,0,0.05532,3.0
3671,l2Book,1784013913405,62612,62613,9,0,0,0,0.05532,3.0
3672,l2Book,1784013913942,62612,62613,9,0,0,0,0.05532,3.0
3673,l2Book,1784013914477,62612,62613,7,0,0,0,0.0544,3.0
3674,l2Book,1784013915012,62612,62613,7,0,0,0,0.0544,3.0
3675,trades,1784013915012,62612,62613,8,0,0,0,0.05458,3.0
3676,l2Book,1784013915541,62612,62613,1,0,0,0,0.00018,3.0
3677,l2Book,1784013916088,62613,62614,1,0,0,0,0.00018,3.0
3678,trades,1784013916088,62613,62614,2,0,0,0,0.00092,3.0
3679,trades,1784013916214,62613,62614,11,0,0,0,0.08417,3.0
3680,trades,1784013916300,62613,62614,14,0,0,0,0.13313,3.0
3681,l2Book,1784013916644,62623,62624,14,0,0,0,0.13313,3.0
3682,l2Book,1784013917175,62623,62624,14,0,0,0,0.13313,3.0
3683,l2Book,1784013917716,62623,62624,14,0,0,0,0.13313,3.0
3684,l2Book,1784013918251,62623,62624,13,0,0,0,0.13295,3.0
3685,l2Book,1784013918793,62623,62624,13,0,0,0,0.13295,3.0
3686,l2Book,1784013919329,62623,62624,0,0,0,0,0,3.0
3687,l2Book,1784013919867,62623,62624,0,0,0,0,0,3.0
3688,l2Book,1784013920421,62623,62624,0,0,0,0,0,3.0
3689,l2Book,1784013920947,62622,62623,0,0,0,0,0,3.0
3690,trades,1784013921014,62622,62623,1,0,0,0,0.21083,3.0
3691,l2Book,1784013921488,62620,62621,1,0,0,0,0.21083,3.0
3692,l2Book,1784013922021,62620,62621,1,0,0,0,0.21083,3.0
3693,l2Book,1784013922566,62619,62621,1,0,0,0,0.21083,3.0
3694,l2Book,1784013923096,62617,62618,1,0,0,0,0.21083,3.0
3695,l2Book,1784013923635,62617,62618,1,0,0,0,0.21083,3.0
3696,l2Book,1784013924169,62616,62617,0,0,0,0,0,3.0
3697,l2Book,1784013924707,62612,62613,0,0,0,0,0,3.0
3698,l2Book,1784013925241,62612,62613,0,0,0,0,0,3.0
3699,trades,1784013925582,62612,62613,1,0,0,0,0.1,3.0
3700,l2Book,1784013925783,62612,62613,1,0,0,0,0.1,3.0
3701,l2Book,1784013926317,62612,62613,1,0,0,0,0.1,3.0
3702,l2Book,1784013926854,62612,62613,1,0,0,0,0.1,3.0
3703,trades,1784013927055,62612,62613,2,0,0,0,0.10018,3.0
3704,l2Book,1784013927389,62612,62613,2,0,0,0,0.10018,3.0
3705,l2Book,1784013927927,62612,62613,2,0,0,0,0.10018,3.0
3706,l2Book,1784013928531,62612,62613,2,0,0,0,0.10018,3.0
3707,l2Book,1784013929134,62612,62613,1,0,0,0,0.00018,3.0
3708,l2Book,1784013929663,62612,62613,1,0,0,0,0.00018,3.0
3709,l2Book,1784013930206,62612,62613,0,0,0,0,0,3.0
3710,l2Book,1784013930742,62612,62613,0,0,0,0,0,3.0
3711,trades,1784013930876,62612,62613,1,0,0,0,0.05,3.0
3712,l2Book,1784013931278,62612,62613,1,0,0,0,0.05,3.0
3713,l2Book,1784013931797,62612,62613,1,0,0,0,0.05,3.0
3714,trades,1784013932017,62612,62613,3,0.00145,0,0.00145,0.05033,3.0
3715,l2Book,1784013932355,62612,62613,3,0.00145,0,0.00145,0.05033,3.0
3716,l2Book,1784013932898,62612,62613,3,0.00145,0,0.00145,0.05033,3.0
3717,l2Book,1784013933432,62612,62613,3,0.00145,0,0.00145,0.05033,3.0
3718,l2Book,1784013933971,62612,62613,2,0.00145,0,0.00145,0.00033,3.0
3719,l2Book,1784013934504,62612,62613,2,0.00145,0,0.00145,0.00033,3.0
3720,l2Book,1784013935108,62612,62613,0,0,0,0,0,3.0
3721,l2Book,1784013935716,62612,62613,0,0,0,0,0,3.0
3722,trades,1784013935918,62612,62613,12,0.04418,0.10389,0.14807,0,3.0
3723,l2Book,1784013936318,62604,62605,12,0.05169,0,0.05169,0.09638,3.0
3724,l2Book,1784013936927,62604,62605,12,0.05169,0,0.05169,0.09638,3.0
3725,trades,1784013937128,62604,62605,18,0.09436,0,0.09436,0.09638,3.0
3726,l2Book,1784013937456,62604,62605,18,0.09436,0,0.09436,0.09638,3.0
3727,l2Book,1784013937994,62604,62605,18,0.09436,0,0.09436,0.09638,3.0
3728,trades,1784013938063,62604,62605,20,0.09455,0,0.09455,0.09708,3.0
3729,l2Book,1784013938528,62604,62605,20,0.09455,0,0.09455,0.09708,3.0
3730,l2Book,1784013939069,62604,62605,8,0.04286,0,0.04286,0.0007,3.0
3731,l2Book,1784013939605,62604,62605,8,0.04286,0,0.04286,0.0007,3.0
3732,l2Book,1784013940141,62604,62605,2,0.00019,0,0.00019,0.0007,3.0
3733,l2Book,1784013940677,62604,62605,2,0.00019,0,0.00019,0.0007,3.0
3734,l2Book,1784013941205,62604,62605,0,0,0,0,0,3.0
3735,l2Book,1784013941736,62604,62605,0,0,0,0,0,3.0
3736,l2Book,1784013942290,62604,62605,0,0,0,0,0,3.0
3737,l2Book,1784013942821,62604,62605,0,0,0,0,0,3.0
3738,l2Book,1784013943920,62604,62605,0,0,0,0,0,3.0
3739,l2Book,1784013944431,62604,62605,0,0,0,0,0,3.0
3740,l2Book,1784013944967,62604,62605,0,0,0,0,0,3.0
3741,trades,1784013945033,62604,62605,1,0,0,0,0.00018,3.0
3742,l2Book,1784013945506,62604,62605,1,0,0,0,0.00018,3.0
3743,l2Book,1784013946042,62604,62605,1,0,0,0,0.00018,3.0
3744,l2Book,1784013946578,62604,62605,1,0,0,0,0.00018,3.0
3745,l2Book,1784013947116,62604,62605,1,0,0,0,0.00018,3.0
3746,l2Book,1784013947654,62604,62605,1,0,0,0,0.00018,3.0
3747,l2Book,1784013948190,62604,62605,0,0,0,0,0,3.0
3748,l2Book,1784013948728,62604,62605,0,0,0,0,0,3.0
3749,trades,1784013949132,62604,62605,1,0,0,0,0.14246,3.0
3750,l2Book,1784013949267,62604,62605,1,0,0,0,0.14246,3.0
3751,l2Book,1784013949800,62604,62605,1,0,0,0,0.14246,3.0
3752,trades,1784013950135,62604,62605,2,0.00053,0,0.00053,0.14246,3.0
3753,l2Book,1784013950336,62604,62605,2,0.00053,0,0.00053,0.14246,3.0
3754,l2Book,1784013950874,62604,62605,2,0.00053,0,0.00053,0.14246,3.0
3755,l2Book,1784013951411,62604,62605,2,0.00053,0,0.00053,0.14246,3.0
3756,l2Book,1784013951951,62604,62605,2,0.00053,0,0.00053,0.14246,3.0
3757,l2Book,1784013952480,62604,62605,1,0.00053,0,0.00053,0,3.0
3758,l2Book,1784013953022,62604,62605,1,0.00053,0,0.00053,0,3.0
3759,l2Book,1784013953561,62604,62605,0,0,0,0,0,3.0
3760,l2Book,1784013954094,62604,62605,0,0,0,0,0,3.0
3761,l2Book,1784013954632,62604,62605,0,0,0,0,0,3.0
3762,l2Book,1784013955170,62604,62605,0,0,0,0,0,3.0
3763,l2Book,1784013955705,62604,62605,0,0,0,0,0,3.0
3764,l2Book,1784013956242,62604,62605,0,0,0,0,0,3.0
3765,l2Book,1784013956779,62604,62605,0,0,0,0,0,3.0
3766,trades,1784013957050,62604,62605,2,0,0,0,0.00832,3.0
3767,l2Book,1784013957313,62604,62605,2,0,0,0,0.00832,3.0
3768,l2Book,1784013957859,62604,62605,2,0,0,0,0.00832,3.0
3769,l2Book,1784013958394,62604,62605,2,0,0,0,0.00832,3.0
3770,trades,1784013958729,62604,62605,3,0.01524,0,0.01524,0.00832,3.0
3771,l2Book,1784013958927,62604,62605,3,0.01524,0,0.01524,0.00832,3.0
3772,trades,1784013959065,62604,62605,4,0.023,0,0.023,0.00832,3.0
3773,l2Book,1784013959464,62604,62605,4,0.023,0,0.023,0.00832,3.0
3774,l2Book,1784013960000,62604,62605,4,0.023,0,0.023,0.00832,3.0
3775,trades,1784013960000,62604,62605,5,0.023,0,0.023,0.01483,3.0
3776,l2Book,1784013960540,62604,62605,3,0.023,0,0.023,0.00651,3.0
3777,l2Book,1784013961078,62604,62605,3,0.023,0,0.023,0.00651,3.0
3778,l2Book,1784013961611,62604,62605,3,0.023,0,0.023,0.00651,3.0
3779,trades,1784013962015,62604,62605,4,0.00921,0,0.00921,0.00686,3.0
3780,trades,1784013962084,62604,62605,4,0.00145,0,0.00145,0.04518,3.0
3781,l2Book,1784013962149,62604,62605,4,0.00145,0,0.00145,0.04518,3.0
3782,l2Book,1784013962686,62604,62605,4,0.00145,0,0.00145,0.04518,3.0
3783,trades,1784013963088,62604,62605,4,0.00962,0,0.00962,0.03867,3.0
3784,l2Book,1784013963222,62604,62605,4,0.00962,0,0.00962,0.03867,3.0
3785,l2Book,1784013963767,62604,62605,4,0.00962,0,0.00962,0.03867,3.0
3786,l2Book,1784013964295,62604,62605,4,0.00962,0,0.00962,0.03867,3.0
3787,l2Book,1784013964841,62604,62605,4,0.00962,0,0.00962,0.03867,3.0
3788,l2Book,1784013965361,62604,62605,1,0.00817,0,0.00817,0,3.0
3789,trades,1784013965580,62604,62605,2,0.00817,0,0.00817,0.00136,3.0
3790,l2Book,1784013965905,62604,62605,2,0.00817,0,0.00817,0.00136,3.0
3791,l2Book,1784013966465,62604,62605,1,0,0,0,0.00136,3.0
3792,l2Book,1784013967000,62604,62605,1,0,0,0,0.00136,3.0
3793,l2Book,1784013967538,62604,62605,1,0,0,0,0.00136,3.0
3794,trades,1784013968007,62604,62605,3,0.00128,0,0.00128,0.00205,3.0
3795,l2Book,1784013968074,62604,62605,3,0.00128,0,0.00128,0.00205,3.0
3796,trades,1784013968140,62604,62605,7,0.03364,0.00598,0.03962,0.00205,3.0
3797,trades,1784013968946,62600,62601,8,0.00631,0,0.00631,0.03796,3.0
3798,l2Book,1784013969132,62600,62601,8,0.00631,0,0.00631,0.03796,3.0
3799,trades,1784013969620,62600,62601,9,0.00977,0,0.00977,0.03796,3.0
3800,l2Book,1784013969687,62600,62601,9,0.00977,0,0.00977,0.03796,3.0
3801,l2Book,1784013970225,62600,62601,9,0.00977,0,0.00977,0.03796,3.0
3802,l2Book,1784013970750,62600,62601,9,0.00977,0,0.00977,0.03796,3.0
3803,trades,1784013971101,62600,62601,11,0.00977,0,0.00977,0.03696,3.0
3804,l2Book,1784013971311,62609,62610,7,0,0.00396,0.00396,0.00443,3.0
3805,trades,1784013971573,62609,62610,8,0,0.00396,0.00396,0.00475,3.0
3806,l2Book,1784013971839,62610,62611,8,0,0.00396,0.00396,0.00475,3.0
3807,l2Book,1784013972371,62610,62611,6,0,0.00346,0.00346,0.00129,3.0
3808,l2Book,1784013972912,62610,62611,5,0,0,0,0.00129,3.0
3809,l2Book,1784013973444,62610,62611,5,0,0,0,0.00129,3.0
3810,l2Book,1784013973980,62610,62611,5,0,0,0,0.00129,3.0
3811,l2Book,1784013974515,62610,62611,1,0,0,0,0.00032,3.0
3812,l2Book,1784013975053,62610,62611,0,0,0,0,0,3.0
3813,trades,1784013975053,62610,62611,1,0,0,0,0.00018,3.0
3814,l2Book,1784013975596,62610,62611,1,0,0,0,0.00018,3.0
3815,l2Book,1784013976129,62610,62611,1,0,0,0,0.00018,3.0
3816,l2Book,1784013976664,62610,62611,1,0,0,0,0.00018,3.0
3817,l2Book,1784013977202,62610,62611,1,0,0,0,0.00018,3.0
3818,l2Book,1784013977738,62610,62611,1,0,0,0,0.00018,3.0
3819,l2Book,1784013978276,62610,62611,0,0,0,0,0,3.0
3820,trades,1784013978678,62610,62611,3,0,0,0,0.0503,3.0
3821,trades,1784013978745,62610,62611,8,0,0,0,0.07663,3.0
3822,l2Book,1784013978827,62620,62622,8,0,0,0,0.07663,3.0
3823,trades,1784013979151,62620,62622,9,0,0,0,0.07763,3.0
3824,l2Book,1784013979356,62623,62624,9,0,0,0,0.07763,3.0
3825,l2Book,1784013979888,62623,62624,9,0,0,0,0.07763,3.0
3826,l2Book,1784013980443,62622,62623,9,0,0,0,0.07763,3.0
3827,l2Book,1784013980976,62620,62621,9,0,0,0,0.07763,3.0
3828,l2Book,1784013981520,62620,62621,9,0,0,0,0.07763,3.0
3829,l2Book,1784013982053,62620,62621,1,0,0,0,0.001,3.0
3830,l2Book,1784013982591,62620,62621,0,0,0,0,0,3.0
3831,trades,1784013982657,62620,62621,1,0.00073,0,0.00073,0,3.0
3832,l2Book,1784013983127,62620,62621,1,0.00073,0,0.00073,0,3.0
3833,l2Book,1784013983658,62620,62621,1,0.00073,0,0.00073,0,3.0
3834,trades,1784013983794,62620,62621,2,0.00073,0,0.00073,0.03831,3.0
3835,l2Book,1784013984197,62620,62621,2,0.00073,0,0.00073,0.03831,3.0
3836,l2Book,1784013984732,62620,62621,2,0.00073,0,0.00073,0.03831,3.0
3837,l2Book,1784013985268,62620,62621,2,0.00073,0,0.00073,0.03831,3.0
3838,l2Book,1784013985808,62620,62621,1,0,0,0,0.03831,3.0
3839,l2Book,1784013986342,62620,62621,1,0,0,0,0.03831,3.0
3840,l2Book,1784013986878,62620,62621,0,0,0,0,0,3.0
3841,trades,1784013987012,62620,62621,1,0,0,0,0.00018,3.0
3842,l2Book,1784013987428,62620,62621,1,0,0,0,0.00018,3.0
3843,l2Book,1784013987967,62620,62621,1,0,0,0,0.00018,3.0
3844,l2Book,1784013988494,62620,62621,1,0,0,0,0.00018,3.0
3845,l2Book,1784013989029,62620,62621,1,0,0,0,0.00018,3.0
3846,l2Book,1784013989576,62620,62621,1,0,0,0,0.00018,3.0
3847,trades,1784013989710,62620,62621,2,0,0,0,0.00091,3.0
3848,l2Book,1784013990111,62620,62621,1,0,0,0,0.00073,3.0
3849,l2Book,1784013990645,62620,62621,1,0,0,0,0.00073,3.0
3850,l2Book,1784013991186,62620,62621,1,0,0,0,0.00073,3.0
3851,l2Book,1784013991714,62620,62621,1,0,0,0,0.00073,3.0
3852,trades,1784013992052,62620,62621,4,0.00145,0,0.00145,0.00107,3.0
3853,l2Book,1784013992254,62620,62621,4,0.00145,0,0.00145,0.00107,3.0
3854,l2Book,1784013992804,62620,62621,3,0.00145,0,0.00145,0.00034,3.0
3855,l2Book,1784013993351,62620,62621,3,0.00145,0,0.00145,0.00034,3.0
3856,l2Book,1784013993882,62620,62621,3,0.00145,0,0.00145,0.00034,3.0
3857,l2Book,1784013994420,62620,62623,3,0.00145,0,0.00145,0.00034,3.0
3858,trades,1784013994420,62620,62623,4,0.00145,0,0.00145,0.00113,3.0
3859,l2Book,1784013994943,62623,62624,4,0,0.00145,0.00145,0.00113,3.0
3860,l2Book,1784013995480,62623,62624,1,0,0,0,0.00079,3.0
3861,trades,1784013995624,62623,62624,5,0,0,0,0.05126,3.0
3862,l2Book,1784013996074,62628,62629,5,0,0,0,0.05126,3.0
3863,l2Book,1784013996582,62628,62629,5,0,0,0,0.05126,3.0
3864,l2Book,1784013997189,62629,62630,5,0,0,0,0.05126,3.0
3865,trades,1784013997124,62629,62630,6,0,0,0,0.05206,3.0
3866,l2Book,1784013997651,62629,62630,5,0,0,0,0.05127,3.0
3867,trades,1784013998046,62629,62630,8,0.00147,0,0.00147,0.05196,3.0
3868,l2Book,1784013998188,62629,62630,8,0.00147,0,0.00147,0.05196,3.0
3869,trades,1784013998458,62629,62630,11,0.00147,0,0.00147,0.13179,3.0
3870,trades,1784013998656,62629,62630,13,0.00147,0,0.00147,0.10229,3.0
3871,l2Book,1784013998723,62634,62635,13,0,0.00147,0.00147,0.10229,3.0
3872,l2Book,1784013999259,62634,62635,13,0,0.00147,0.00147,0.10229,3.0
3873,l2Book,1784013999801,62634,62635,13,0,0.00147,0.00147,0.10229,3.0
3874,l2Book,1784014000337,62634,62635,12,0,0.00147,0.00147,0.10149,3.0
3875,trades,1784014000811,62634,62635,15,0,0.00147,0.00147,0.96381,3.0
3876,l2Book,1784014000940,62634,62635,15,0,0.00147,0.00147,0.96381,3.0
3877,trades,1784014001078,62634,62635,14,0,0,0,1.11041,3.0
3878,l2Book,1784014001426,62634,62635,14,0,0,0,1.11041,3.0
3879,l2Book,1784014001946,62634,62635,5,0,0,0,1.00961,3.0
3880,l2Book,1784014002504,62634,62635,5,0,0,0,1.00961,3.0
3881,trades,1784014002768,62634,62635,8,0.01052,0,0.01052,1.01912,3.0
3882,l2Book,1784014003041,62634,62635,8,0.01052,0,0.01052,1.01912,3.0
3883,l2Book,1784014003582,62634,62635,8,0.01052,0,0.01052,1.01912,3.0
3884,l2Book,1784014004117,62634,62635,3,0.01052,0,0.01052,0.00951,3.0
3885,l2Book,1784014004655,62634,62635,3,0.01052,0,0.01052,0.00951,3.0
3886,trades,1784014005059,62634,62635,4,0.01052,0,0.01052,0.00969,3.0
3887,l2Book,1784014005193,62634,62635,4,0.01052,0,0.01052,0.00969,3.0
3888,trades,1784014005193,62634,62635,5,0.01052,0,0.01052,0.01114,3.0
3889,l2Book,1784014005729,62634,62635,5,0.01052,0,0.01052,0.01114,3.0
3890,l2Book,1784014006280,62634,62635,2,0,0,0,0.00163,3.0
3891,l2Book,1784014006814,62634,62635,2,0,0,0,0.00163,3.0
3892,l2Book,1784014007336,62634,62635,2,0,0,0,0.00163,3.0
3893,trades,1784014007729,62634,62635,3,0.01496,0,0.01496,0.00163,3.0
3894,l2Book,1784014007875,62634,62635,3,0.01496,0,0.01496,0.00163,3.0
3895,l2Book,1784014008423,62634,62635,1,0.01496,0,0.01496,0,3.0
3896,l2Book,1784014008945,62634,62635,1,0.01496,0,0.01496,0,3.0
3897,l2Book,1784014009481,62634,62635,1,0.01496,0,0.01496,0,3.0
3898,l2Book,1784014010030,62634,62635,1,0.01496,0,0.01496,0,3.0
3899,l2Book,1784014010554,62634,62635,1,0.01496,0,0.01496,0,3.0
3900,l2Book,1784014011089,62634,62635,0,0,0,0,0,3.0
3901,l2Book,1784014011640,62634,62635,0,0,0,0,0,3.0
3902,l2Book,1784014012164,62634,62635,0,0,0,0,0,3.0
3903,l2Book,1784014012716,62634,62635,0,0,0,0,0,3.0
3904,l2Book,1784014013221,62634,62635,0,0,0,0,0,3.0
3905,l2Book,1784014013772,62634,62635,0,0,0,0,0,3.0
3906,trades,1784014014232,62634,62635,1,0.03881,0,0.03881,0,3.0
3907,l2Book,1784014014301,62634,62635,1,0.03881,0,0.03881,0,3.0
3908,trades,1784014014639,62634,62635,6,0.03881,0,0.03881,1.75699,3.0
3909,l2Book,1784014014840,62638,62639,6,0,0.03881,0.03881,1.75699,3.0
3910,l2Book,1784014015381,62638,62639,6,0,0.03881,0.03881,1.75699,3.0
3911,l2Book,1784014015909,62638,62639,6,0,0.03881,0.03881,1.75699,3.0
3912,l2Book,1784014016458,62638,62639,6,0,0.03881,0.03881,1.75699,3.0
3913,trades,1784014016929,62638,62639,7,0.00145,0.03881,0.04026,1.75699,3.0
3914,l2Book,1784014016989,62638,62639,7,0.00145,0.03881,0.04026,1.75699,3.0
3915,l2Book,1784014017537,62638,62639,6,0.00145,0,0.00145,1.75699,3.0
3916,l2Book,1784014018079,62638,62639,1,0.00145,0,0.00145,0,3.0
3917,l2Book,1784014018585,62638,62639,1,0.00145,0,0.00145,0,3.0
3918,trades,1784014018956,62638,62639,2,0.00145,0,0.00145,0.00142,3.0
3919,l2Book,1784014019095,62638,62639,2,0.00145,0,0.00145,0.00142,3.0
3920,l2Book,1784014019622,62638,62639,2,0.00145,0,0.00145,0.00142,3.0
3921,l2Book,1784014020165,62638,62639,1,0,0,0,0.00142,3.0
3922,l2Book,1784014020765,62638,62639,1,0,0,0,0.00142,3.0
3923,l2Book,1784014021386,62638,62639,1,0,0,0,0.00142,3.0
3924,l2Book,1784014021921,62638,62639,1,0,0,0,0.00142,3.0
3925,trades,1784014022067,62638,62639,2,0.00144,0,0.00144,0.00041,3.0
3926,l2Book,1784014022456,62638,62639,2,0.00144,0,0.00144,0.00041,3.0
3927,l2Book,1784014023004,62638,62639,2,0.00144,0,0.00144,0.00041,3.0
3928,trades,1784014023259,62638,62639,3,0.00177,0,0.00177,0.00041,3.0
3929,l2Book,1784014023609,62638,62639,3,0.00177,0,0.00177,0.00041,3.0
3930,l2Book,1784014024142,62638,62639,3,0.00177,0,0.00177,0.00041,3.0
3931,l2Book,1784014024687,62638,62639,3,0.00177,0,0.00177,0.00041,3.0
3932,l2Book,1784014025224,62638,62639,1,0.00033,0,0.00033,0,3.0
3933,l2Book,1784014025760,62638,62639,1,0.00033,0,0.00033,0,3.0
3934,trades,1784014025826,62638,62639,2,0.00546,0,0.00546,0,3.0
3935,l2Book,1784014026274,62638,62639,1,0.00513,0,0.00513,0,3.0
3936,l2Book,1784014026799,62638,62639,1,0.00513,0,0.00513,0,3.0
3937,l2Book,1784014027352,62638,62639,1,0.00513,0,0.00513,0,3.0
3938,trades,1784014027839,62638,62639,3,0.00513,0,0.00513,0.00069,3.0
3939,l2Book,1784014027896,62638,62639,3,0.00513,0,0.00513,0.00069,3.0
3940,trades,1784014028040,62638,62639,6,0.0066,0,0.0066,0.00139,3.0
3941,l2Book,1784014028443,62638,62639,6,0.0066,0,0.0066,0.00139,3.0
3942,l2Book,1784014028971,62638,62639,5,0.00147,0,0.00147,0.00139,3.0
3943,l2Book,1784014029513,62638,62639,5,0.00147,0,0.00147,0.00139,3.0
3944,l2Book,1784014030113,62638,62639,5,0.00147,0,0.00147,0.00139,3.0
3945,l2Book,1784014030591,62638,62639,5,0.00147,0,0.00147,0.00139,3.0
3946,l2Book,1784014031118,62638,62639,0,0,0,0,0,3.0
3947,l2Book,1784014031676,62638,62639,0,0,0,0,0,3.0
3948,l2Book,1784014032211,62638,62639,0,0,0,0,0,3.0
3949,l2Book,1784014032750,62638,62639,0,0,0,0,0,3.0
3950,l2Book,1784014033281,62638,62639,0,0,0,0,0,3.0
3951,l2Book,1784014033823,62638,62639,0,0,0,0,0,3.0
3952,l2Book,1784014034369,62638,62639,0,0,0,0,0,3.0
3953,trades,1784014034639,62638,62639,1,0.00046,0,0.00046,0,3.0
3954,l2Book,1784014034917,62638,62639,1,0.00046,0,0.00046,0,3.0
3955,trades,1784014034917,62638,62639,2,0.0013,0,0.0013,0,3.0
3956,trades,1784014035042,62638,62639,3,0.0013,0,0.0013,0.00018,3.0
3957,l2Book,1784014035451,62638,62639,3,0.0013,0,0.0013,0.00018,3.0
3958,l2Book,1784014036057,62638,62639,3,0.0013,0,0.0013,0.00018,3.0
3959,l2Book,1784014036591,62638,62639,3,0.0013,0,0.0013,0.00018,3.0
3960,l2Book,1784014037139,62638,62639,3,0.0013,0,0.0013,0.00018,3.0
3961,trades,1784014037283,62638,62639,9,0.00733,0.00335,0.01068,0.00018,3.0
3962,trades,1784014038093,62630,62631,11,0,0,0,0.09,3.0
3963,l2Book,1784014038263,62635,62636,11,0,0.08363,0.08363,0.00637,3.0
3964,l2Book,1784014038785,62635,62636,11,0,0.08363,0.08363,0.00637,3.0
3965,l2Book,1784014039312,62635,62636,11,0,0.08363,0.08363,0.00637,3.0
3966,l2Book,1784014039838,62636,62637,11,0.00017,0.08363,0.0838,0.0062,3.0
3967,l2Book,1784014040393,62638,62639,5,0,0.08062,0.08062,0,3.0
3968,trades,1784014040798,62638,62639,2,0.00084,0.0008,0.00164,0,3.0
3969,l2Book,1784014040909,62638,62639,2,0.00084,0.0008,0.00164,0,3.0
3970,l2Book,1784014041460,62638,62639,1,0.00084,0,0.00084,0,3.0
3971,l2Book,1784014042009,62638,62639,1,0.00084,0,0.00084,0,3.0
3972,l2Book,1784014042530,62638,62639,1,0.00084,0,0.00084,0,3.0
3973,l2Book,1784014043076,62638,62639,1,0.00084,0,0.00084,0,3.0
3974,l2Book,1784014043616,62638,62639,1,0.00084,0,0.00084,0,3.0
3975,l2Book,1784014044138,62638,62639,0,0,0,0,0,3.0
3976,l2Book,1784014044683,62638,62639,0,0,0,0,0,3.0
3977,l2Book,1784014045225,62638,62639,0,0,0,0,0,3.0
3978,trades,1784014045225,62638,62639,1,0.02179,0,0.02179,0,3.0
3979,l2Book,1784014045747,62638,62639,1,0.02179,0,0.02179,0,3.0
3980,l2Book,1784014046285,62639,62640,1,0,0.02179,0.02179,0,3.0
3981,l2Book,1784014046837,62639,62640,1,0,0.02179,0.02179,0,3.0
3982,trades,1784014046837,62639,62640,2,0,0.02179,0.02179,0.07982,3.0
3983,trades,1784014047037,62639,62640,4,0,0.02179,0.02179,0.0808,3.0
3984,l2Book,1784014047356,62639,62640,4,0,0.02179,0.02179,0.0808,3.0
3985,trades,1784014047840,62639,62640,5,0,0.02179,0.02179,0.0816,3.0
3986,l2Book,1784014047904,62639,62640,5,0,0.02179,0.02179,0.0816,3.0
3987,l2Book,1784014048428,62639,62640,4,0,0,0,0.0816,3.0
3988,trades,1784014048428,62639,62640,5,0,0,0,0.16142,3.0
3989,l2Book,1784014048964,62639,62640,5,0,0,0,0.16142,3.0
3990,l2Book,1784014049515,62639,62640,5,0,0,0,0.16142,3.0
3991,trades,1784014049515,62639,62640,6,0,0,0,0.16852,3.0
3992,l2Book,1784014050047,62639,62640,3,0,0,0,0.08772,3.0
3993,trades,1784014050047,62639,62640,4,0.04058,0,0.04058,0.08772,3.0
3994,l2Book,1784014050593,62639,62640,4,0.04058,0,0.04058,0.08772,3.0
3995,trades,1784014050728,62639,62640,8,0.04058,0.00814,0.04872,0.08772,3.0
3996,l2Book,1784014051682,62635,62636,6,0,0,0,0.05582,3.0
3997,trades,1784014052021,62635,62636,8,0.00145,0,0.00145,0.05616,3.0
3998,l2Book,1784014052216,62635,62636,8,0.00145,0,0.00145,0.05616,3.0
3999,l2Book,1784014052834,62635,62636,7,0.00145,0,0.00145,0.04906,3.0
4000,l2Book,1784014053376,62633,62636,6,0,0,0,0.00993,3.0
4001,l2Book,1784014053983,62633,62634,2,0,0,0,0.00179,3.0
4002,l2Book,1784014054527,62628,62629,2,0,0,0,0.00179,3.0
4003,l2Book,1784014055086,62628,62629,0,0,0,0,0,3.0
4004,l2Book,1784014055599,62628,62629,0,0,0,0,0,3.0
4005,l2Book,1784014056202,62628,62629,0,0,0,0,0,3.0
4006,l2Book,1784014056806,62628,62629,0,0,0,0,0,3.0
4007,l2Book,1784014057320,62628,62629,0,0,0,0,0,3.0
4008,l2Book,1784014057866,62628,62629,0,0,0,0,0,3.0
4009,trades,1784014058012,62628,62629,3,0.00147,0,0.00147,0.00069,3.0
4010,l2Book,1784014058414,62628,62629,3,0.00147,0,0.00147,0.00069,3.0
4011,l2Book,1784014058938,62628,62629,3,0.00147,0,0.00147,0.00069,3.0
4012,l2Book,1784014059483,62628,62629,3,0.00147,0,0.00147,0.00069,3.0
4013,l2Book,1784014060016,62628,62629,3,0.00147,0,0.00147,0.00069,3.0
4014,trades,1784014060152,62628,62629,4,0.01765,0,0.01765,0.00069,3.0
4015,l2Book,1784014060557,62628,62629,4,0.01765,0,0.01765,0.00069,3.0
4016,l2Book,1784014061085,62628,62629,1,0.01618,0,0.01618,0,3.0
4017,l2Book,1784014061634,62628,62629,1,0.01618,0,0.01618,0,3.0
4018,l2Book,1784014062176,62628,62629,1,0.01618,0,0.01618,0,3.0
4019,l2Book,1784014062721,62628,62629,1,0.01618,0,0.01618,0,3.0
4020,l2Book,1784014063241,62628,62629,0,0,0,0,0,3.0
4021,l2Book,1784014063798,62628,62629,0,0,0,0,0,3.0
4022,l2Book,1784014064341,62628,62629,0,0,0,0,0,3.0
4023,l2Book,1784014064887,62628,62629,0,0,0,0,0,3.0
4024,trades,1784014065013,62628,62629,1,0,0,0,0.00018,3.0
4025,l2Book,1784014065422,62628,62629,1,0,0,0,0.00018,3.0
4026,l2Book,1784014065962,62628,62629,1,0,0,0,0.00018,3.0
4027,trades,1784014066297,62628,62629,3,0,0,0,1.55475,3.0
4028,l2Book,1784014066500,62628,62629,3,0,0,0,1.55475,3.0
4029,l2Book,1784014067035,62626,62628,3,0,0,0,1.55475,3.0
4030,l2Book,1784014067570,62626,62627,3,0,0,0,1.55475,3.0
4031,l2Book,1784014068108,62626,62627,2,0,0,0,1.55457,3.0
4032,l2Book,1784014068643,62626,62627,2,0,0,0,1.55457,3.0
4033,l2Book,1784014069166,62626,62627,2,0,0,0,1.55457,3.0
4034,l2Book,1784014069705,62626,62627,0,0,0,0,0,3.0
4035,l2Book,1784014070256,62626,62627,0,0,0,0,0,3.0
4036,l2Book,1784014070787,62626,62627,0,0,0,0,0,3.0
4037,l2Book,1784014071324,62626,62627,0,0,0,0,0,3.0
4038,l2Book,1784014071870,62626,62627,0,0,0,0,0,3.0
4039,l2Book,1784014072405,62626,62627,0,0,0,0,0,3.0
4040,l2Book,1784014072942,62626,62627,0,0,0,0,0,3.0
4041,l2Book,1784014073478,62626,62627,0,0,0,0,0,3.0
4042,l2Book,1784014074080,62626,62627,0,0,0,0,0,3.0
4043,l2Book,1784014074558,62626,62627,0,0,0,0,0,3.0
4044,l2Book,1784014075098,62626,62627,0,0,0,0,0,3.0
4045,l2Book,1784014075625,62626,62627,0,0,0,0,0,3.0
4046,l2Book,1784014076155,62626,62627,0,0,0,0,0,3.0
4047,l2Book,1784014076708,62626,62627,0,0,0,0,0,3.0
4048,trades,1784014077041,62626,62627,1,0,0,0,0.00018,3.0
4049,l2Book,1784014077246,62626,62627,1,0,0,0,0.00018,3.0
4050,l2Book,1784014077774,62626,62627,1,0,0,0,0.00018,3.0
4051,l2Book,1784014078320,62626,62627,1,0,0,0,0.00018,3.0
4052,l2Book,1784014078859,62626,62627,1,0,0,0,0.00018,3.0
4053,l2Book,1784014079393,62626,62627,1,0,0,0,0.00018,3.0
4054,l2Book,1784014079997,62626,62627,1,0,0,0,0.00018,3.0
4055,l2Book,1784014080509,62626,62627,0,0,0,0,0,3.0
4056,l2Book,1784014081069,62626,62627,0,0,0,0,0,3.0
4057,l2Book,1784014081620,62626,62627,0,0,0,0,0,3.0
4058,trades,1784014082025,62626,62627,2,0.00145,0,0.00145,0.00036,3.0
4059,l2Book,1784014082148,62626,62627,2,0.00145,0,0.00145,0.00036,3.0
4060,l2Book,1784014082688,62626,62627,2,0.00145,0,0.00145,0.00036,3.0
4061,l2Book,1784014083239,62626,62627,2,0.00145,0,0.00145,0.00036,3.0
4062,l2Book,1784014083744,62626,62627,2,0.00145,0,0.00145,0.00036,3.0
4063,l2Book,1784014084244,62626,62627,2,0.00145,0,0.00145,0.00036,3.0
4064,l2Book,1784014084778,62626,62627,2,0.00145,0,0.00145,0.00036,3.0
4065,l2Book,1784014085319,62626,62627,0,0,0,0,0,3.0
4066,l2Book,1784014085859,62626,62627,0,0,0,0,0,3.0
4067,l2Book,1784014086384,62626,62627,0,0,0,0,0,3.0
4068,l2Book,1784014086927,62626,62627,0,0,0,0,0,3.0
4069,trades,1784014087072,62626,62627,1,0.00128,0,0.00128,0,3.0
4070,l2Book,1784014087477,62626,62627,1,0.00128,0,0.00128,0,3.0
4071,l2Book,1784014087981,62626,62627,1,0.00128,0,0.00128,0,3.0
4072,trades,1784014088079,62626,62627,3,0.00147,0,0.00147,0.0007,3.0
4073,l2Book,1784014088547,62626,62627,3,0.00147,0,0.00147,0.0007,3.0
4074,l2Book,1784014089084,62626,62627,3,0.00147,0,0.00147,0.0007,3.0
4075,trades,1784014089084,62626,62627,4,0.00617,0,0.00617,0.0007,3.0
4076,l2Book,1784014089590,62626,62627,4,0.00617,0,0.00617,0.0007,3.0
4077,l2Book,1784014090119,62626,62627,3,0.00489,0,0.00489,0.0007,3.0
4078,l2Book,1784014090652,62626,62627,3,0.00489,0,0.00489,0.0007,3.0
4079,trades,1784014090999,62626,62627,4,0.00569,0,0.00569,0.0007,3.0
4080,trades,1784014091057,62626,62627,5,0.08551,0,0.08551,0.0007,3.0
4081,l2Book,1784014091199,62626,62627,3,0.08532,0,0.08532,0,3.0
4082,l2Book,1784014091738,62626,62627,3,0.08532,0,0.08532,0,3.0
4083,trades,1784014091738,62626,62627,4,0.08612,0,0.08612,0,3.0
4084,trades,1784014092071,62626,62627,5,0.16596,0,0.16596,0,3.0
4085,l2Book,1784014092273,62626,62627,4,0.16126,0,0.16126,0,3.0
4086,l2Book,1784014092807,62626,62627,4,0.16126,0,0.16126,0,3.0
4087,l2Book,1784014093357,62626,62627,4,0.16126,0,0.16126,0,3.0
4088,trades,1784014093688,62626,62627,5,0.16206,0,0.16206,0,3.0
4089,l2Book,1784014093889,62626,62627,5,0.16206,0,0.16206,0,3.0
4090,l2Book,1784014094441,62626,62627,3,0.08144,0,0.08144,0,3.0
4091,trades,1784014094844,62626,62627,3,0.08064,0,0.08064,0.00139,3.0
4092,l2Book,1784014094977,62626,62627,3,0.08064,0,0.08064,0.00139,3.0
4093,trades,1784014095045,62626,62627,4,0.08064,0,0.08064,0.00157,3.0
4094,l2Book,1784014095583,62626,62627,3,0.0008,0,0.0008,0.00157,3.0
4095,l2Book,1784014096186,62626,62627,3,0.0008,0,0.0008,0.00157,3.0
4096,l2Book,1784014096723,62626,62627,2,0,0,0,0.00157,3.0
4097,l2Book,1784014097260,62626,62627,2,0,0,0,0.00157,3.0
4098,l2Book,1784014097798,62626,62627,2,0,0,0,0.00157,3.0
4099,l2Book,1784014098399,62626,62627,0,0,0,0,0,3.0
4100,l2Book,1784014099003,62626,62627,0,0,0,0,0,3.0
4101,trades,1784014099272,62626,62627,17,0.04901,0.08449,0.1335,0,3.0
4102,l2Book,1784014100140,62619,62620,17,0.05747,0,0.05747,0.07603,3.0
4103,l2Book,1784014100671,62619,62620,17,0.05747,0,0.05747,0.07603,3.0
4104,l2Book,1784014101218,62619,62620,17,0.05747,0,0.05747,0.07603,3.0
4105,l2Book,1784014101752,62619,62620,17,0.05747,0,0.05747,0.07603,3.0
4106,l2Book,1784014102287,62619,62620,0,0,0,0,0,3.0
4107,trades,1784014102561,62619,62620,1,0.00139,0,0.00139,0,3.0
4108,l2Book,1784014102831,62619,62620,1,0.00139,0,0.00139,0,3.0
4109,l2Book,1784014103372,62619,62620,1,0.00139,0,0.00139,0,3.0
4110,trades,1784014103835,62619,62620,21,0.12402,0.18224,0.30626,0,3.0
4111,l2Book,1784014104446,62614,62615,21,0.17278,0,0.17278,0.13348,3.0
4112,l2Book,1784014104981,62614,62615,21,0.17278,0,0.17278,0.13348,3.0
4113,l2Book,1784014105507,62614,62615,21,0.17278,0,0.17278,0.13348,3.0
4114,l2Book,1784014106052,62614,62615,20,0.17278,0,0.17278,0.13209,3.0
4115,l2Book,1784014106591,62614,62615,20,0.17278,0,0.17278,0.13209,3.0
4116,trades,1784014107042,62614,62615,1,0,0,0,0.00018,3.0
4117,l2Book,1784014107103,62614,62615,1,0,0,0,0.00018,3.0
4118,l2Book,1784014107632,62614,62615,1,0,0,0,0.00018,3.0
4119,trades,1784014107835,62614,62615,2,0.00104,0,0.00104,0.00018,3.0
4120,l2Book,1784014108158,62614,62615,2,0.00104,0,0.00104,0.00018,3.0
4121,l2Book,1784014108701,62614,62615,2,0.00104,0,0.00104,0.00018,3.0
4122,trades,1784014108902,62614,62615,3,0.00104,0,0.00104,0.00097,3.0
4123,l2Book,1784014109253,62614,62615,3,0.00104,0,0.00104,0.00097,3.0
4124,l2Book,1784014109775,62614,62615,3,0.00104,0,0.00104,0.00097,3.0
4125,l2Book,1784014110343,62614,62615,2,0.00104,0,0.00104,0.00079,3.0
4126,l2Book,1784014110948,62614,62615,1,0,0,0,0.00079,3.0
4127,l2Book,1784014111479,62614,62615,1,0,0,0,0.00079,3.0
4128,l2Book,1784014112020,62614,62615,0,0,0,0,0,3.0
4129,trades,1784014112020,62614,62615,2,0.00145,0,0.00145,0.00034,3.0
4130,trades,1784014112356,62614,62615,3,0.00966,0,0.00966,0.00034,3.0
4131,l2Book,1784014112556,62614,62615,3,0.00966,0,0.00966,0.00034,3.0
4132,l2Book,1784014113093,62614,62615,3,0.00966,0,0.00966,0.00034,3.0
4133,l2Book,1784014113696,62614,62615,3,0.00966,0,0.00966,0.00034,3.0
4134,l2Book,1784014114307,62614,62615,3,0.00966,0,0.00966,0.00034,3.0
4135,l2Book,1784014114902,62614,62615,3,0.00966,0,0.00966,0.00034,3.0
4136,l2Book,1784014115444,62614,62615,0,0,0,0,0,3.0
4137,trades,1784014115513,62614,62615,2,0.00045,0,0.00045,0,3.0
4138,trades,1784014115781,62614,62615,3,0.00045,0,0.00045,0.00133,3.0
4139,l2Book,1784014115984,62614,62615,3,0.00045,0,0.00045,0.00133,3.0
4140,l2Book,1784014116519,62614,62615,3,0.00045,0,0.00045,0.00133,3.0
4141,l2Book,1784014117127,62614,62615,3,0.00045,0,0.00045,0.00133,3.0
4142,trades,1784014117127,62614,62615,4,0.00173,0,0.00173,0.00133,3.0
4143,l2Book,1784014117654,62614,62615,4,0.00173,0,0.00173,0.00133,3.0
4144,trades,1784014118058,62614,62615,6,0.00192,0,0.00192,0.00202,3.0
4145,l2Book,1784014118194,62614,62615,6,0.00192,0,0.00192,0.00202,3.0
4146,l2Book,1784014118738,62614,62615,4,0.00147,0,0.00147,0.00202,3.0
4147,l2Book,1784014119274,62614,62615,3,0.00147,0,0.00147,0.00069,3.0
4148,l2Book,1784014119793,62614,62615,3,0.00147,0,0.00147,0.00069,3.0
4149,l2Book,1784014120345,62614,62615,2,0.00019,0,0.00019,0.00069,3.0
4150,l2Book,1784014120884,62614,62615,2,0.00019,0,0.00019,0.00069,3.0
4151,trades,1784014120884,62614,62615,6,0.03463,0,0.03463,0.00069,3.0
4152,l2Book,1784014121411,62614,62615,4,0.03444,0,0.03444,0,3.0
4153,trades,1784014121493,62614,62615,5,0.03577,0,0.03577,0,3.0
4154,l2Book,1784014121958,62614,62615,5,0.03577,0,0.03577,0,3.0
4155,l2Book,1784014122496,62614,62615,5,0.03577,0,0.03577,0,3.0
4156,l2Book,1784014123022,62614,62615,5,0.03577,0,0.03577,0,3.0
4157,l2Book,1784014123567,62614,62615,5,0.03577,0,0.03577,0,3.0
4158,l2Book,1784014124105,62614,62615,1,0.00133,0,0.00133,0,3.0
4159,l2Book,1784014124643,62614,62615,0,0,0,0,0,3.0
4160,trades,1784014125046,62614,62615,1,0,0,0,0.00018,3.0
4161,l2Book,1784014125169,62614,62615,1,0,0,0,0.00018,3.0
4162,l2Book,1784014125719,62614,62615,1,0,0,0,0.00018,3.0
4163,l2Book,1784014126256,62614,62615,1,0,0,0,0.00018,3.0
4164,l2Book,1784014126787,62614,62615,1,0,0,0,0.00018,3.0
4165,trades,1784014126860,62614,62615,2,0,0,0,0.00154,3.0
4166,l2Book,1784014127323,62614,62615,2,0,0,0,0.00154,3.0
4167,l2Book,1784014127876,62614,62615,2,0,0,0,0.00154,3.0
4168,l2Book,1784014128409,62614,62615,1,0,0,0,0.00136,3.0
4169,l2Book,1784014128947,62614,62615,1,0,0,0,0.00136,3.0
4170,l2Book,1784014129494,62614,62615,1,0,0,0,0.00136,3.0
4171,l2Book,1784014130021,62614,62615,0,0,0,0,0,3.0
4172,l2Book,1784014130565,62614,62615,0,0,0,0,0,3.0
4173,l2Book,1784014131103,62614,62615,0,0,0,0,0,3.0
4174,trades,1784014131171,62614,62615,1,0.00031,0,0.00031,0,3.0
4175,l2Book,1784014131629,62614,62615,1,0.00031,0,0.00031,0,3.0
4176,l2Book,1784014132180,62614,62615,1,0.00031,0,0.00031,0,3.0
4177,l2Book,1784014132717,62614,62615,1,0.00031,0,0.00031,0,3.0
4178,l2Book,1784014133239,62614,62615,1,0.00031,0,0.00031,0,3.0
4179,l2Book,1784014133793,62614,62615,1,0.00031,0,0.00031,0,3.0
4180,l2Book,1784014134331,62614,62615,0,0,0,0,0,3.0
4181,l2Book,1784014134854,62614,62615,0,0,0,0,0,3.0
4182,l2Book,1784014135404,62614,62615,0,0,0,0,0,3.0
4183,l2Book,1784014135939,62614,62615,0,0,0,0,0,3.0
4184,l2Book,1784014136474,62614,62615,0,0,0,0,0,3.0
4185,l2Book,1784014137012,62614,62615,0,0,0,0,0,3.0
4186,trades,1784014137012,62614,62615,1,0,0,0,0.00018,3.0
4187,trades,1784014137078,62614,62615,20,1.25565,0,1.25565,0.00018,3.0
4188,l2Book,1784014137549,62614,62615,20,1.25565,0,1.25565,0.00018,3.0
4189,trades,1784014137549,62614,62615,21,1.32407,0,1.32407,0.00018,3.0
4190,l2Book,1784014138086,62614,62615,21,1.32407,0,1.32407,0.00018,3.0
4191,l2Book,1784014138628,62614,62615,21,1.32407,0,1.32407,0.00018,3.0
4192,l2Book,1784014139164,62614,62615,21,1.32407,0,1.32407,0.00018,3.0
4193,l2Book,1784014139709,62614,62615,21,1.32407,0,1.32407,0.00018,3.0
4194,l2Book,1784014140232,62614,62615,1,0.06842,0,0.06842,0,3.0
4195,l2Book,1784014140789,62614,62615,0,0,0,0,0,3.0
4196,trades,1784014140923,62614,62615,2,0.0629,0,0.0629,0.00281,3.0
4197,trades,1784014141123,62614,62615,3,0.0629,0,0.0629,0.0033,3.0
4198,l2Book,1784014141324,62614,62615,3,0.0629,0,0.0629,0.0033,3.0
4199,trades,1784014141459,62614,62615,4,0.0629,0,0.0629,0.24286,3.0
4200,l2Book,1784014141850,62614,62615,4,0.0629,0,0.0629,0.24286,3.0
4201,trades,1784014142043,62614,62615,6,0.06435,0,0.06435,0.24316,3.0
4202,trades,1784014142329,62614,62615,7,0.06435,0,0.06435,0.24335,3.0
4203,l2Book,1784014142397,62614,62615,7,0.06435,0,0.06435,0.24335,3.0
4204,l2Book,1784014142932,62614,62615,7,0.06435,0,0.06435,0.24335,3.0
4205,l2Book,1784014143456,62614,62615,7,0.06435,0,0.06435,0.24335,3.0
4206,l2Book,1784014144004,62614,62615,5,0.00145,0,0.00145,0.24054,3.0
4207,l2Book,1784014144539,62614,62615,3,0.00145,0,0.00145,0.00049,3.0
4208,l2Book,1784014145065,62614,62615,1,0,0,0,0.00019,3.0
4209,trades,1784014145203,62614,62615,2,0,0,0,0.00193,3.0
4210,l2Book,1784014145611,62614,62615,1,0,0,0,0.00174,3.0
4211,trades,1784014146082,62614,62615,2,0.00174,0,0.00174,0.00174,3.0
4212,l2Book,1784014146150,62614,62615,2,0.00174,0,0.00174,0.00174,3.0
4213,trades,1784014146624,62614,62615,3,0.00975,0,0.00975,0.00174,3.0
4214,l2Book,1784014146690,62614,62615,3,0.00975,0,0.00975,0.00174,3.0
4215,trades,1784014147094,62614,62615,5,0.00975,0,0.00975,0.02455,3.0
4216,l2Book,1784014147226,62614,62615,5,0.00975,0,0.00975,0.02455,3.0
4217,l2Book,1784014147764,62615,62617,5,0,0.00975,0.00975,0.02455,3.0
4218,trades,1784014148030,62615,62617,8,0,0.00975,0.00975,0.02671,3.0
4219,l2Book,1784014148297,62616,62617,7,0.00147,0.00975,0.01122,0.0235,3.0
4220,l2Book,1784014148901,62619,62620,7,0,0.01122,0.01122,0.0235,3.0
4221,trades,1784014148968,62619,62620,8,0,0.01122,0.01122,0.02689,3.0
4222,l2Book,1784014149513,62619,62620,7,0,0.00948,0.00948,0.02689,3.0
4223,trades,1784014149710,62619,62620,7,0.00339,0.00147,0.00486,0.02689,3.0
4224,l2Book,1784014150035,62619,62620,7,0.00339,0.00147,0.00486,0.02689,3.0
4225,l2Book,1784014150580,62619,62620,5,0.00339,0.00147,0.00486,0.00408,3.0
4226,l2Book,1784014151116,62619,62620,2,0.00339,0,0.00339,0.00339,3.0
4227,l2Book,1784014151652,62619,62620,2,0.00339,0,0.00339,0.00339,3.0
4228,l2Book,1784014152191,62619,62620,1,0.00339,0,0.00339,0,3.0
4229,trades,1784014152602,62619,62620,2,0.00478,0,0.00478,0,3.0
4230,l2Book,1784014152735,62619,62620,1,0.00139,0,0.00139,0,3.0
4231,trades,1784014153175,62619,62620,2,0.00217,0,0.00217,0,3.0
4232,l2Book,1784014153271,62619,62620,2,0.00217,0,0.00217,0,3.0
4233,l2Book,1784014153831,62619,62620,2,0.00217,0,0.00217,0,3.0
4234,l2Book,1784014154798,62619,62620,2,0.00217,0,0.00217,0,3.0
4235,trades,1784014155049,62619,62620,3,0.00217,0,0.00217,0.00018,3.0
4236,l2Book,1784014155310,62619,62620,3,0.00217,0,0.00217,0.00018,3.0
4237,l2Book,1784014155861,62619,62620,2,0.00078,0,0.00078,0.00018,3.0
4238,l2Book,1784014156393,62619,62620,1,0,0,0,0.00018,3.0
4239,l2Book,1784014156929,62619,62620,1,0,0,0,0.00018,3.0
4240,l2Book,1784014157473,62619,62620,1,0,0,0,0.00018,3.0
4241,trades,1784014157876,62619,62620,2,0,0,0,0.03831,3.0
4242,l2Book,1784014158002,62619,62620,2,0,0,0,0.03831,3.0
4243,trades,1784014158212,62619,62620,2,0,0,0,0.04283,3.0
4244,l2Book,1784014158553,62619,62620,2,0,0,0,0.04283,3.0
4245,trades,1784014158621,62619,62620,3,0.04825,0,0.04825,0.04283,3.0
4246,l2Book,1784014159095,62619,62620,3,0.04825,0,0.04825,0.04283,3.0
4247,l2Book,1784014159627,62619,62620,3,0.04825,0,0.04825,0.04283,3.0
4248,l2Book,1784014160163,62619,62620,3,0.04825,0,0.04825,0.04283,3.0
4249,trades,1784014160366,62619,62620,4,0.05105,0,0.05105,0.04283,3.0
4250,l2Book,1784014160700,62619,62620,4,0.05105,0,0.05105,0.04283,3.0
4251,l2Book,1784014161230,62619,62620,2,0.05105,0,0.05105,0,3.0
4252,l2Book,1784014161774,62619,62620,1,0.0028,0,0.0028,0,3.0
4253,l2Book,1784014162311,62619,62620,1,0.0028,0,0.0028,0,3.0
4254,trades,1784014162511,62619,62620,2,0.0028,0,0.0028,0.03992,3.0
4255,l2Book,1784014162841,62619,62620,2,0.0028,0,0.0028,0.03992,3.0
4256,l2Book,1784014163388,62619,62620,1,0,0,0,0.03992,3.0
4257,l2Book,1784014163921,62619,62620,1,0,0,0,0.03992,3.0
4258,l2Book,1784014164460,62619,62620,1,0,0,0,0.03992,3.0
4259,l2Book,1784014164996,62619,62620,1,0,0,0,0.03992,3.0
4260,trades,1784014165061,62619,62620,4,0.04601,0,0.04601,0.04641,3.0
4261,l2Book,1784014165533,62619,62620,3,0.04601,0,0.04601,0.00649,3.0
4262,trades,1784014165978,62619,62620,4,0.0515,0,0.0515,0.00649,3.0
4263,l2Book,1784014166042,62619,62620,4,0.0515,0,0.0515,0.00649,3.0
4264,l2Book,1784014166608,62619,62620,4,0.0515,0,0.0515,0.00649,3.0
4265,trades,1784014167011,62619,62620,5,0.0515,0,0.0515,0.00667,3.0
4266,l2Book,1784014167145,62619,62620,5,0.0515,0,0.0515,0.00667,3.0
4267,l2Book,1784014167668,62619,62620,5,0.0515,0,0.0515,0.00667,3.0
4268,trades,1784014167748,62619,62620,6,0.0515,0,0.0515,0.00794,3.0
4269,l2Book,1784014168223,62619,62620,3,0.00549,0,0.00549,0.00145,3.0
4270,l2Book,1784014168758,62619,62620,3,0.00549,0,0.00549,0.00145,3.0
4271,l2Book,1784014169296,62619,62620,2,0,0,0,0.00145,3.0
4272,trades,1784014169296,62619,62620,3,0.02988,0,0.02988,0.00145,3.0
4273,trades,1784014169765,62619,62620,4,0.04698,0,0.04698,0.00145,3.0
4274,l2Book,1784014169833,62619,62620,4,0.04698,0,0.04698,0.00145,3.0
4275,l2Book,1784014170369,62619,62620,3,0.04698,0,0.04698,0.00127,3.0
4276,l2Book,1784014170908,62619,62620,2,0.04698,0,0.04698,0,3.0
4277,l2Book,1784014171444,62619,62620,2,0.04698,0,0.04698,0,3.0
4278,l2Book,1784014171979,62619,62620,2,0.04698,0,0.04698,0,3.0
4279,trades,1784014172048,62619,62620,4,0.04843,0,0.04843,0.00037,3.0
4280,l2Book,1784014172512,62619,62620,3,0.01855,0,0.01855,0.00037,3.0
4281,l2Book,1784014173053,62619,62620,2,0.00145,0,0.00145,0.00037,3.0
4282,l2Book,1784014173587,62619,62620,2,0.00145,0,0.00145,0.00037,3.0
4283,l2Book,1784014174127,62620,62621,2,0,0.00145,0.00145,0.00037,3.0
4284,trades,1784014174259,62620,62621,3,0.00127,0.00145,0.00272,0.00037,3.0
4285,trades,1784014174326,62620,62621,5,0.00127,0.00145,0.00272,0.00117,3.0
4286,l2Book,1784014174662,62622,62623,5,0,0.00272,0.00272,0.00117,3.0
4287,l2Book,1784014175199,62622,62623,3,0,0.00127,0.00127,0.0008,3.0
4288,l2Book,1784014175731,62622,62623,3,0,0.00127,0.00127,0.0008,3.0
4289,l2Book,1784014176267,62622,62623,3,0,0.00127,0.00127,0.0008,3.0
4290,l2Book,1784014176794,62622,62623,3,0,0.00127,0.00127,0.0008,3.0
4291,l2Book,1784014177350,62622,62623,0,0,0,0,0,3.0
4292,l2Book,1784014177871,62622,62623,0,0,0,0,0,3.0
4293,trades,1784014178020,62622,62623,3,0.00147,0,0.00147,0.0007,3.0
4294,l2Book,1784014178419,62622,62623,3,0.00147,0,0.00147,0.0007,3.0
4295,trades,1784014178620,62622,62623,4,0.00147,0,0.00147,0.00304,3.0
4296,l2Book,1784014178958,62622,62623,4,0.00147,0,0.00147,0.00304,3.0
4297,l2Book,1784014179490,62622,62623,4,0.00147,0,0.00147,0.00304,3.0
4298,l2Book,1784014180031,62622,62623,4,0.00147,0,0.00147,0.00304,3.0
4299,l2Book,1784014180565,62622,62623,4,0.00147,0,0.00147,0.00304,3.0
4300,l2Book,1784014181100,62622,62623,1,0,0,0,0.00234,3.0
4301,trades,1784014181236,62622,62623,2,0,0,0,0.00296,3.0
4302,l2Book,1784014181706,62622,62623,1,0,0,0,0.00062,3.0
4303,l2Book,1784014182239,62622,62623,1,0,0,0,0.00062,3.0
4304,l2Book,1784014182779,62622,62623,1,0,0,0,0.00062,3.0
4305,l2Book,1784014183314,62622,62623,1,0,0,0,0.00062,3.0
4306,l2Book,1784014183849,62622,62623,1,0,0,0,0.00062,3.0
4307,l2Book,1784014184398,62622,62623,0,0,0,0,0,3.0
4308,l2Book,1784014184925,62622,62623,0,0,0,0,0,3.0
4309,l2Book,1784014185468,62622,62623,0,0,0,0,0,3.0
4310,l2Book,1784014185996,62622,62623,0,0,0,0,0,3.0
4311,l2Book,1784014186532,62622,62623,0,0,0,0,0,3.0
4312,l2Book,1784014187075,62622,62623,0,0,0,0,0,3.0
4313,l2Book,1784014187614,62622,62623,0,0,0,0,0,3.0
4314,l2Book,1784014188143,62622,62623,0,0,0,0,0,3.0
4315,l2Book,1784014188685,62622,62623,0,0,0,0,0,3.0
4316,l2Book,1784014189222,62622,62623,0,0,0,0,0,3.0
4317,l2Book,1784014189752,62622,62623,0,0,0,0,0,3.0
4318,l2Book,1784014190298,62622,62623,0,0,0,0,0,3.0
4319,l2Book,1784014190830,62622,62623,0,0,0,0,0,3.0
4320,trades,1784014191034,62622,62623,4,0.02902,0,0.02902,0,3.0
4321,l2Book,1784014191357,62622,62623,4,0.02902,0,0.02902,0,3.0
4322,l2Book,1784014191907,62622,62623,4,0.02902,0,0.02902,0,3.0
4323,trades,1784014192243,62622,62623,5,0.02902,0,0.02902,0.01325,3.0
4324,l2Book,1784014192444,62622,62623,5,0.02902,0,0.02902,0.01325,3.0
4325,l2Book,1784014192971,62622,62623,5,0.02902,0,0.02902,0.01325,3.0
4326,trades,1784014193447,62622,62623,6,0.02902,0,0.02902,0.02177,3.0
4327,l2Book,1784014193514,62622,62623,6,0.02902,0,0.02902,0.02177,3.0
4328,l2Book,1784014194050,62622,62623,2,0,0,0,0.02177,3.0
4329,l2Book,1784014194580,62622,62623,2,0,0,0,0.02177,3.0
4330,l2Book,1784014195122,62622,62623,2,0,0,0,0.02177,3.0
4331,l2Book,1784014195659,62622,62623,1,0,0,0,0.00852,3.0
4332,l2Book,1784014196190,62622,62623,1,0,0,0,0.00852,3.0
4333,trades,1784014196265,62622,62623,2,0,0,0,0.01892,3.0
4334,l2Book,1784014196751,62622,62623,1,0,0,0,0.0104,3.0
4335,trades,1784014197018,62622,62623,2,0,0,0,0.01058,3.0
4336,l2Book,1784014197287,62622,62623,2,0,0,0,0.01058,3.0
4337,l2Book,1784014197823,62622,62623,2,0,0,0,0.01058,3.0
4338,trades,1784014198212,62622,62623,3,0,0,0,0.01194,3.0
4339,l2Book,1784014198357,62622,62623,3,0,0,0,0.01194,3.0
4340,l2Book,1784014198894,62622,62623,3,0,0,0,0.01194,3.0
4341,l2Book,1784014199426,62622,62623,2,0,0,0,0.00154,3.0
4342,l2Book,1784014199965,62622,62623,2,0,0,0,0.00154,3.0
4343,trades,1784014200167,62622,62623,2,0,0,0,0.00535,3.0
4344,l2Book,1784014200472,62622,62623,2,0,0,0,0.00535,3.0
4345,l2Book,1784014200998,62622,62623,2,0,0,0,0.00535,3.0
4346,l2Book,1784014201532,62622,62623,1,0,0,0,0.00399,3.0
4347,trades,1784014201852,62622,62623,2,0,0,0,0.00649,3.0
4348,trades,1784014202002,62622,62623,4,0.00144,0,0.00144,0.00682,3.0
4349,l2Book,1784014202070,62622,62623,4,0.00144,0,0.00144,0.00682,3.0
4350,trades,1784014202471,62622,62623,5,0.00144,0,0.00144,0.00882,3.0
4351,l2Book,1784014202606,62622,62623,5,0.00144,0,0.00144,0.00882,3.0
4352,l2Book,1784014203141,62622,62623,5,0.00144,0,0.00144,0.00882,3.0
4353,l2Book,1784014203675,62622,62623,4,0.00144,0,0.00144,0.00483,3.0
4354,l2Book,1784014204225,62619,62620,4,0,0,0,0.00627,3.0
4355,trades,1784014204225,62619,62620,6,0,0,0,0.08611,3.0
4356,l2Book,1784014204760,62619,62620,6,0,0,0,0.08611,3.0
4357,trades,1784014205026,62619,62620,4,0,0,0,0.0848,3.0
4358,l2Book,1784014205293,62619,62620,4,0,0,0,0.0848,3.0
4359,l2Book,1784014205829,62619,62620,3,0,0,0,0.0828,3.0
4360,trades,1784014205829,62619,62620,4,0,0,0,0.083,3.0
4361,trades,1784014205967,62619,62620,8,0.01242,0.01019,0.02261,0.083,3.0
4362,l2Book,1784014206881,62612,62613,8,0,0,0,0.10561,3.0
4363,trades,1784014207166,62612,62613,9,0,0,0,0.10581,3.0
4364,l2Book,1784014207442,62612,62613,7,0,0,0,0.02597,3.0
4365,l2Book,1784014207976,62612,62613,7,0,0,0,0.02597,3.0
4366,trades,1784014208043,62612,62613,9,0.00147,0,0.00147,0.0237,3.0
4367,l2Book,1784014208498,62612,62613,9,0.00147,0,0.00147,0.0237,3.0
4368,l2Book,1784014209033,62612,62613,4,0.00147,0,0.00147,0.00089,3.0
4369,l2Book,1784014209587,62612,62613,4,0.00147,0,0.00147,0.00089,3.0
4370,l2Book,1784014210120,62612,62613,4,0.00147,0,0.00147,0.00089,3.0
4371,l2Book,1784014210645,62612,62613,3,0.00147,0,0.00147,0.00069,3.0
4372,trades,1784014211127,62612,62613,3,0.09969,0,0.09969,0,3.0
4373,l2Book,1784014211193,62612,62613,3,0.09969,0,0.09969,0,3.0
4374,trades,1784014211528,62612,62613,4,0.09969,0,0.09969,0.0072,3.0
4375,l2Book,1784014211729,62610,62612,4,0,0,0,0.10689,3.0
4376,l2Book,1784014212264,62610,62611,4,0,0,0,0.10689,3.0
4377,l2Book,1784014212799,62610,62611,4,0,0,0,0.10689,3.0
4378,l2Book,1784014213337,62610,62611,4,0,0,0,0.10689,3.0
4379,l2Book,1784014213862,62610,62611,4,0,0,0,0.10689,3.0
4380,l2Book,1784014214409,62610,62611,1,0,0,0,0.0072,3.0
4381,trades,1784014214409,62610,62611,2,0,0,0,0.00741,3.0
4382,l2Book,1784014214946,62605,62611,1,0,0,0,0.00021,3.0
4383,trades,1784014214946,62605,62611,9,0.06868,0,0.06868,0.01219,3.0
4384,trades,1784014215076,62605,62611,10,0.06868,0,0.06868,0.01237,3.0
4385,trades,1784014215139,62605,62611,11,0.08425,0,0.08425,0.01237,3.0
4386,l2Book,1784014215480,62605,62606,11,0.08425,0,0.08425,0.01237,3.0
4387,l2Book,1784014216085,62605,62606,11,0.08425,0,0.08425,0.01237,3.0
4388,l2Book,1784014216691,62605,62606,11,0.08425,0,0.08425,0.01237,3.0
4389,trades,1784014216890,62605,62606,22,0.09732,0.00939,0.10671,0.01237,3.0
4390,l2Book,1784014217294,62603,62604,22,0.00455,0,0.00455,0.11453,3.0
4391,l2Book,1784014217894,62603,62604,21,0.00455,0,0.00455,0.11432,3.0
4392,trades,1784014218163,62603,62604,14,0.00455,0,0.00455,0.02312,3.0
4393,l2Book,1784014218504,62603,62604,14,0.00455,0,0.00455,0.02312,3.0
4394,l2Book,1784014219105,62603,62604,14,0.00455,0,0.00455,0.02312,3.0
4395,l2Book,1784014219712,62603,62604,14,0.00455,0,0.00455,0.02312,3.0
4396,l2Book,1784014220319,62603,62604,3,0,0,0,0.00521,3.0
4397,l2Book,1784014220934,62603,62604,3,0,0,0,0.00521,3.0
4398,l2Book,1784014221537,62603,62604,0,0,0,0,0,3.0
4399,l2Book,1784014222072,62603,62604,0,0,0,0,0,3.0
4400,trades,1784014222409,62603,62604,1,0,0,0,0.00072,3.0
4401,l2Book,1784014222609,62603,62604,1,0,0,0,0.00072,3.0
4402,l2Book,1784014223145,62603,62604,1,0,0,0,0.00072,3.0
4403,l2Book,1784014223748,62603,62604,1,0,0,0,0.00072,3.0
4404,l2Book,1784014224334,62602,62603,1,0,0,0,0.00072,3.0
4405,l2Book,1784014224834,62602,62603,1,0,0,0,0.00072,3.0
4406,l2Book,1784014225359,62602,62603,1,0,0,0,0.00072,3.0
4407,l2Book,1784014225896,62602,62603,0,0,0,0,0,3.0
4408,l2Book,1784014226416,62602,62603,0,0,0,0,0,3.0
4409,l2Book,1784014226967,62602,62603,0,0,0,0,0,3.0
4410,trades,1784014227022,62602,62603,1,0,0,0,0.00018,3.0
4411,l2Book,1784014227514,62602,62603,1,0,0,0,0.00018,3.0
4412,l2Book,1784014228033,62602,62603,1,0,0,0,0.00018,3.0
4413,l2Book,1784014228578,62602,62603,1,0,0,0,0.00018,3.0
4414,l2Book,1784014229132,62602,62603,1,0,0,0,0.00018,3.0
4415,l2Book,1784014229668,62602,62603,1,0,0,0,0.00018,3.0
4416,l2Book,1784014230188,62602,62603,0,0,0,0,0,3.0
4417,l2Book,1784014230722,62602,62603,0,0,0,0,0,3.0
4418,l2Book,1784014231259,62602,62603,0,0,0,0,0,3.0
4419,trades,1784014231349,62602,62603,1,0,0,0,0.00019,3.0
4420,trades,1784014231614,62602,62603,2,0.03079,0,0.03079,0.00019,3.0
4421,l2Book,1784014231796,62602,62603,2,0.03079,0,0.03079,0.00019,3.0
4422,trades,1784014232017,62602,62603,4,0.03224,0,0.03224,0.0006,3.0
4423,l2Book,1784014232352,62602,62603,4,0.03224,0,0.03224,0.0006,3.0
4424,l2Book,1784014232956,62602,62603,4,0.03224,0,0.03224,0.0006,3.0
4425,l2Book,1784014233560,62602,62603,4,0.03224,0,0.03224,0.0006,3.0
4426,trades,1784014233761,62602,62603,5,0.03224,0,0.03224,0.00794,3.0
4427,l2Book,1784014234151,62602,62603,5,0.03224,0,0.03224,0.00794,3.0
4428,trades,1784014234363,62602,62603,6,0.03624,0,0.03624,0.00775,3.0
4429,l2Book,1784014234768,62602,62603,5,0.00545,0,0.00545,0.00775,3.0
4430,l2Book,1784014235302,62602,62603,3,0.004,0,0.004,0.00734,3.0
4431,l2Book,1784014235845,62602,62603,3,0.004,0,0.004,0.00734,3.0
4432,l2Book,1784014236381,62602,62603,3,0.004,0,0.004,0.00734,3.0
4433,l2Book,1784014236919,62602,62603,2,0.004,0,0.004,0,3.0
4434,l2Book,1784014237455,62602,62603,0,0,0,0,0,3.0
4435,trades,1784014237658,62602,62603,1,0.00997,0,0.00997,0,3.0
4436,trades,1784014237792,62602,62603,2,0.0102,0,0.0102,0,3.0
4437,l2Book,1784014237993,62602,62603,2,0.0102,0,0.0102,0,3.0
4438,trades,1784014238061,62602,62603,5,0.01167,0,0.01167,0.0007,3.0
4439,l2Book,1784014238533,62602,62603,5,0.01167,0,0.01167,0.0007,3.0
4440,l2Book,1784014239077,62602,62603,5,0.01167,0,0.01167,0.0007,3.0
4441,trades,1784014239538,62602,62603,14,0.01295,0.0722,0.08515,0.0007,3.0
4442,l2Book,1784014240140,62598,62599,14,0.00152,0,0.00152,0.08433,3.0
4443,trades,1784014240345,62598,62599,15,0.00152,0,0.00152,0.08752,3.0
4444,l2Book,1784014240689,62598,62599,14,0.00152,0,0.00152,0.07755,3.0
4445,l2Book,1784014241223,62598,62599,10,0.00152,0,0.00152,0.07515,3.0
4446,l2Book,1784014241761,62598,62599,10,0.00152,0,0.00152,0.07515,3.0
4447,l2Book,1784014242283,62598,62599,10,0.00152,0,0.00152,0.07515,3.0
4448,l2Book,1784014242829,62598,62599,1,0,0,0,0.00319,3.0
4449,l2Book,1784014243370,62598,62599,0,0,0,0,0,3.0
4450,l2Book,1784014243901,62598,62599,0,0,0,0,0,3.0
4451,l2Book,1784014244433,62598,62599,0,0,0,0,0,3.0
4452,l2Book,1784014244980,62598,62599,0,0,0,0,0,3.0
4453,trades,1784014245041,62598,62599,1,0,0,0,0.00018,3.0
4454,trades,1784014245180,62598,62599,2,0,0,0,0.00252,3.0
4455,trades,1784014245316,62598,62599,3,0,0,0,0.00486,3.0
4456,l2Book,1784014245519,62598,62599,3,0,0,0,0.00486,3.0
4457,l2Book,1784014246053,62598,62599,3,0,0,0,0.00486,3.0
4458,trades,1784014246455,62598,62599,4,0,0,0,0.00805,3.0
4459,l2Book,1784014246590,62598,62599,4,0,0,0,0.00805,3.0
4460,l2Book,1784014247106,62598,62599,4,0,0,0,0.00805,3.0
4461,l2Book,1784014247732,62598,62599,4,0,0,0,0.00805,3.0
4462,l2Book,1784014248324,62598,62599,1,0,0,0,0.00319,3.0
4463,l2Book,1784014248890,62598,62599,1,0,0,0,0.00319,3.0
4464,trades,1784014249223,62598,62599,6,0.05182,0.02885,0.08067,0.00319,3.0
4465,l2Book,1784014249960,62596,62597,5,0.02755,0,0.02755,0.05312,3.0
4466,trades,1784014249960,62596,62597,6,0.02989,0,0.02989,0.05312,3.0
4467,trades,1784014250027,62596,62597,8,0.03195,0.00139,0.03334,0.05312,3.0
4468,trades,1784014250832,62595,62596,13,0.08127,0,0.08127,0.08507,3.0
4469,l2Book,1784014251144,62595,62596,13,0.08127,0,0.08127,0.08507,3.0
4470,trades,1784014251637,62595,62596,16,0.0999,0,0.0999,0.08507,3.0
4471,l2Book,1784014251770,62595,62596,16,0.0999,0,0.0999,0.08507,3.0
4472,l2Book,1784014252296,62595,62596,11,0.0999,0,0.0999,0.0044,3.0
4473,l2Book,1784014252841,62595,62596,11,0.0999,0,0.0999,0.0044,3.0
4474,l2Book,1784014253378,62595,62596,8,0.09851,0,0.09851,0,3.0
4475,trades,1784014253786,62595,62596,9,0.10257,0,0.10257,0,3.0
4476,l2Book,1784014253915,62595,62596,4,0.02269,0,0.02269,0,3.0
4477,l2Book,1784014254454,62595,62596,4,0.02269,0,0.02269,0,3.0
4478,l2Book,1784014254991,62595,62596,1,0.00406,0,0.00406,0,3.0
4479,trades,1784014255400,62595,62596,4,0.00406,0,0.00406,0.00204,3.0
4480,l2Book,1784014255518,62598,62599,4,0,0.00406,0.00406,0.00204,3.0
4481,trades,1784014255600,62598,62599,5,0,0.00406,0.00406,0.00221,3.0
4482,l2Book,1784014256073,62602,62603,5,0,0.00406,0.00406,0.00221,3.0
4483,trades,1784014256336,62602,62603,6,0.02057,0.00406,0.02463,0.00221,3.0
4484,l2Book,1784014256602,62602,62603,6,0.02057,0.00406,0.02463,0.00221,3.0
4485,trades,1784014257003,62602,62603,6,0.02057,0,0.02057,0.00239,3.0
4486,l2Book,1784014257138,62602,62603,6,0.02057,0,0.02057,0.00239,3.0
4487,l2Book,1784014257746,62602,62603,6,0.02057,0,0.02057,0.00239,3.0
4488,trades,1784014257746,62602,62603,7,0.02057,0,0.02057,0.00558,3.0
4489,l2Book,1784014258272,62602,62603,7,0.02057,0,0.02057,0.00558,3.0
4490,trades,1784014258754,62602,62603,4,0.02057,0,0.02057,0.00709,3.0
4491,l2Book,1784014258821,62602,62603,4,0.02057,0,0.02057,0.00709,3.0
4492,l2Book,1784014259356,62602,62603,3,0,0,0,0.00709,3.0
4493,trades,1784014259423,62602,62603,4,0.01686,0,0.01686,0.00709,3.0
4494,l2Book,1784014259961,62602,62603,4,0.01686,0,0.01686,0.00709,3.0
4495,trades,1784014260163,62602,62603,4,0.01686,0,0.01686,0.0209,3.0
4496,l2Book,1784014260567,62602,62603,4,0.01686,0,0.01686,0.0209,3.0
4497,trades,1784014260567,62602,62603,6,0.01686,0,0.01686,0.03367,3.0
4498,trades,1784014260640,62602,62603,12,0.01686,0,0.01686,1.04889,3.0
4499,l2Book,1784014261105,62603,62605,11,0,0.01686,0.01686,1.0457,3.0
4500,l2Book,1784014261646,62604,62605,11,0,0.01686,0.01686,1.0457,3.0
4501,trades,1784014261860,62604,62605,11,0,0.01686,0.01686,1.09195,3.0
4502,trades,1784014262013,62604,62605,14,0,0.01686,0.01686,1.09374,3.0
4503,l2Book,1784014262176,62610,62611,14,0,0.01831,0.01831,1.09229,3.0
4504,l2Book,1784014262720,62610,62611,13,0,0.00145,0.00145,1.09229,3.0
4505,l2Book,1784014263236,62611,62615,12,0,0.00145,0.00145,1.0783,3.0
4506,l2Book,1784014263787,62616,62617,4,0,0.00145,0.00145,0.05031,3.0
4507,l2Book,1784014264337,62616,62617,4,0,0.00145,0.00145,0.05031,3.0
4508,l2Book,1784014264851,62616,62617,4,0,0.00145,0.00145,0.05031,3.0
4509,trades,1784014265141,62616,62617,1,0.00638,0,0.00638,0,3.0
4510,l2Book,1784014265396,62616,62617,1,0.00638,0,0.00638,0,3.0
4511,l2Book,1784014265944,62616,62617,1,0.00638,0,0.00638,0,3.0
4512,l2Book,1784014266473,62616,62617,1,0.00638,0,0.00638,0,3.0
4513,l2Book,1784014267008,62616,62617,1,0.00638,0,0.00638,0,3.0
4514,trades,1784014267154,62616,62617,2,0.00655,0,0.00655,0,3.0
4515,l2Book,1784014267556,62622,62623,2,0,0.00655,0.00655,0,3.0
4516,trades,1784014268013,62622,62623,5,0.00147,0.00655,0.00802,0.00069,3.0
4517,l2Book,1784014268090,62622,62623,5,0.00147,0.00655,0.00802,0.00069,3.0
4518,l2Book,1784014268616,62622,62623,4,0.00147,0.00017,0.00164,0.00069,3.0
4519,trades,1784014269098,62622,62623,5,0.00147,0.00017,0.00164,0.00169,3.0
4520,l2Book,1784014269164,62623,62624,5,0.001,0.00164,0.00264,0.00069,3.0
4521,l2Book,1784014269701,62623,62624,5,0.001,0.00164,0.00264,0.00069,3.0
4522,l2Book,1784014270306,62623,62624,4,0.001,0.00147,0.00247,0.00069,3.0
4523,l2Book,1784014270826,62623,62624,4,0.001,0.00147,0.00247,0.00069,3.0
4524,l2Book,1784014271378,62623,62624,1,0.001,0,0.001,0,3.0
4525,l2Book,1784014271917,62623,62624,1,0.001,0,0.001,0,3.0
4526,l2Book,1784014272435,62623,62624,0,0,0,0,0,3.0
4527,l2Book,1784014272987,62623,62624,0,0,0,0,0,3.0
4528,l2Book,1784014273523,62623,62624,0,0,0,0,0,3.0
4529,trades,1784014273523,62623,62624,1,0.03942,0,0.03942,0,3.0
4530,l2Book,1784014274044,62623,62624,1,0.03942,0,0.03942,0,3.0
4531,l2Book,1784014274598,62623,62624,1,0.03942,0,0.03942,0,3.0
4532,l2Book,1784014275133,62623,62624,1,0.03942,0,0.03942,0,3.0
4533,trades,1784014275133,62623,62624,2,0.03942,0,0.03942,0.00018,3.0
4534,l2Book,1784014275653,62623,62624,2,0.03942,0,0.03942,0.00018,3.0
4535,l2Book,1784014276190,62623,62624,2,0.03942,0,0.03942,0.00018,3.0
4536,l2Book,1784014276741,62623,62624,1,0,0,0,0.00018,3.0
4537,l2Book,1784014277266,62623,62624,1,0,0,0,0.00018,3.0
4538,trades,1784014277466,62623,62624,2,0.00017,0,0.00017,0.00018,3.0
4539,l2Book,1784014277812,62623,62624,2,0.00017,0,0.00017,0.00018,3.0
4540,l2Book,1784014278359,62623,62624,1,0.00017,0,0.00017,0,3.0
4541,l2Book,1784014278874,62623,62624,1,0.00017,0,0.00017,0,3.0
4542,trades,1784014278927,62623,62624,24,0.00017,0,0.00017,0.13861,3.0
4543,l2Book,1784014279389,62636,62637,24,0,0.00017,0.00017,0.13861,3.0
4544,trades,1784014279677,62636,62637,25,0,0.00017,0.00017,0.14464,3.0
4545,l2Book,1784014279921,62636,62637,25,0,0.00017,0.00017,0.14464,3.0
