schema_version,task_id,pair_sequence,start_sample_sequence,end_sample_sequence,actual_horizon_us,start_mid_price,end_mid_price,abs_mid_move_bps
skhynix_c6in_latency_v2,0822T002,1,1,2,454003,1253.85,1253.85,0.0
skhynix_c6in_latency_v2,0822T002,2,2,3,569120,1253.85,1253.85,0.0
skhynix_c6in_latency_v2,0822T002,3,3,4,514551,1253.85,1253.85,0.0
skhynix_c6in_latency_v2,0822T002,4,4,5,625589,1253.85,1253.85,0.0
skhynix_c6in_latency_v2,0822T002,5,5,6,508572,1253.85,1253.85,0.0
skhynix_c6in_latency_v2,0822T002,6,6,7,516338,1253.85,1253.85,0.0
skhynix_c6in_latency_v2,0822T002,7,7,8,562799,1253.85,1253.85,0.0
skhynix_c6in_latency_v2,0822T002,8,8,9,526757,1253.85,1253.85,0.0
skhynix_c6in_latency_v2,0822T002,9,9,10,576783,1253.85,1253.85,0.0
skhynix_c6in_latency_v2,0822T002,10,10,11,502494,1253.85,1253.85,0.0
skhynix_c6in_latency_v2,0822T002,11,11,12,602741,1253.85,1253.85,0.0
skhynix_c6in_latency_v2,0822T002,12,12,13,536818,1253.85,1253.85,0.0
skhynix_c6in_latency_v2,0822T002,13,13,14,537842,1253.85,1253.85,0.0
skhynix_c6in_latency_v2,0822T002,14,14,15,477897,1253.85,1253.85,0.0
skhynix_c6in_latency_v2,0822T002,15,15,16,551468,1253.85,1253.85,0.0
skhynix_c6in_latency_v2,0822T002,16,16,17,522086,1253.85,1253.85,0.0
skhynix_c6in_latency_v2,0822T002,17,17,18,595023,1253.85,1253.85,0.0
skhynix_c6in_latency_v2,0822T002,18,18,19,734508,1253.85,1253.85,0.0
skhynix_c6in_latency_v2,0822T002,19,19,20,390286,1253.85,1253.85,0.0
skhynix_c6in_latency_v2,0822T002,20,20,21,580502,1253.85,1253.75,0.7975435658165575
skhynix_c6in_latency_v2,0822T002,21,21,22,540805,1253.75,1253.85,0.7976071784638809
skhynix_c6in_latency_v2,0822T002,22,22,23,562012,1253.85,1253.8,0.39877178290827875
skhynix_c6in_latency_v2,0822T002,23,23,24,487674,1253.8,1253.8,0.0
skhynix_c6in_latency_v2,0822T002,24,24,25,611278,1253.8,1253.8,0.0
skhynix_c6in_latency_v2,0822T002,25,25,26,466045,1253.8,1253.8,0.0
skhynix_c6in_latency_v2,0822T002,26,26,27,575703,1253.8,1253.8,0.0
skhynix_c6in_latency_v2,0822T002,27,27,28,541282,1253.8,1253.8,0.0
skhynix_c6in_latency_v2,0822T002,28,28,29,535723,1253.8,1253.8,0.0
skhynix_c6in_latency_v2,0822T002,29,29,30,524047,1253.8,1253.8,0.0
skhynix_c6in_latency_v2,0822T002,30,30,31,515893,1253.8,1253.8,0.0
skhynix_c6in_latency_v2,0822T002,31,31,32,564506,1253.8,1253.8,0.0
skhynix_c6in_latency_v2,0822T002,32,32,33,624636,1253.8,1253.8,0.0
skhynix_c6in_latency_v2,0822T002,33,33,34,631191,1253.8,1253.8,0.0
skhynix_c6in_latency_v2,0822T002,34,34,35,560691,1253.8,1253.8,0.0
skhynix_c6in_latency_v2,0822T002,35,35,36,607217,1253.8,1253.8,0.0
skhynix_c6in_latency_v2,0822T002,36,36,37,553781,1253.8,1253.8,0.0
skhynix_c6in_latency_v2,0822T002,37,37,38,563398,1253.8,1253.8,0.0
skhynix_c6in_latency_v2,0822T002,38,38,39,476584,1253.8,1253.8,0.0
skhynix_c6in_latency_v2,0822T002,39,39,40,483592,1253.8,1253.8,0.0
skhynix_c6in_latency_v2,0822T002,40,40,41,530813,1253.8,1253.8,0.0
skhynix_c6in_latency_v2,0822T002,41,41,42,494246,1253.8,1253.8,0.0
skhynix_c6in_latency_v2,0822T002,42,42,43,558301,1253.8,1253.8,0.0
skhynix_c6in_latency_v2,0822T002,43,43,44,543589,1253.8,1253.8,0.0
skhynix_c6in_latency_v2,0822T002,44,44,45,508228,1253.8,1253.7,0.7975753708718222
skhynix_c6in_latency_v2,0822T002,45,45,46,541946,1253.7,1253.7,0.0
skhynix_c6in_latency_v2,0822T002,46,46,47,590159,1253.7,1253.7,0.0
skhynix_c6in_latency_v2,0822T002,47,47,48,506819,1253.7,1253.7,0.0
skhynix_c6in_latency_v2,0822T002,48,48,49,540006,1253.7,1253.7,0.0
skhynix_c6in_latency_v2,0822T002,49,49,50,579928,1253.7,1253.7,0.0
skhynix_c6in_latency_v2,0822T002,50,50,51,543035,1253.7,1253.7,0.0
skhynix_c6in_latency_v2,0822T002,51,51,52,550711,1253.7,1253.7,0.0
skhynix_c6in_latency_v2,0822T002,52,52,53,545907,1253.7,1253.7,0.0
skhynix_c6in_latency_v2,0822T002,53,53,54,537411,1253.7,1253.7,0.0
skhynix_c6in_latency_v2,0822T002,54,54,55,540106,1253.7,1253.7,0.0
skhynix_c6in_latency_v2,0822T002,55,55,56,638749,1253.7,1253.7,0.0
skhynix_c6in_latency_v2,0822T002,56,56,57,471918,1253.7,1253.7,0.0
skhynix_c6in_latency_v2,0822T002,57,57,58,544314,1253.7,1253.7,0.0
skhynix_c6in_latency_v2,0822T002,58,58,59,456641,1253.7,1253.7,0.0
skhynix_c6in_latency_v2,0822T002,59,59,60,558911,1253.7,1253.7,0.0
skhynix_c6in_latency_v2,0822T002,60,60,61,517532,1253.7,1253.7,0.0
skhynix_c6in_latency_v2,0822T002,61,61,62,540175,1253.7,1253.7,0.0
skhynix_c6in_latency_v2,0822T002,62,62,63,572558,1253.7,1253.7,0.0
skhynix_c6in_latency_v2,0822T002,63,63,64,503360,1253.7,1253.7,0.0
skhynix_c6in_latency_v2,0822T002,64,64,65,546192,1253.7,1253.7,0.0
skhynix_c6in_latency_v2,0822T002,65,65,66,537796,1253.7,1253.7,0.0
skhynix_c6in_latency_v2,0822T002,66,66,67,505901,1253.7,1253.7,0.0
skhynix_c6in_latency_v2,0822T002,67,67,68,524525,1253.7,1253.7,0.0
skhynix_c6in_latency_v2,0822T002,68,68,69,540622,1253.7,1253.7,0.0
skhynix_c6in_latency_v2,0822T002,69,69,70,531370,1253.7,1253.7,0.0
skhynix_c6in_latency_v2,0822T002,70,70,71,539635,1253.7,1253.7,0.0
skhynix_c6in_latency_v2,0822T002,71,71,72,531049,1253.7,1253.7,0.0
skhynix_c6in_latency_v2,0822T002,72,72,73,647220,1253.7,1253.7,0.0
skhynix_c6in_latency_v2,0822T002,73,73,74,451918,1253.7,1253.7,0.0
skhynix_c6in_latency_v2,0822T002,74,74,75,678548,1253.7,1253.7,0.0
skhynix_c6in_latency_v2,0822T002,75,75,76,356958,1253.7,1253.7,0.0
skhynix_c6in_latency_v2,0822T002,76,76,77,569174,1253.7,1253.7,0.0
skhynix_c6in_latency_v2,0822T002,77,77,78,527860,1253.7,1253.7,0.0
skhynix_c6in_latency_v2,0822T002,78,78,79,525829,1253.7,1253.7,0.0
skhynix_c6in_latency_v2,0822T002,79,79,80,575428,1253.7,1253.7,0.0
skhynix_c6in_latency_v2,0822T002,80,80,81,552806,1253.7,1253.7,0.0
skhynix_c6in_latency_v2,0822T002,81,81,82,511716,1253.7,1253.7,0.0
skhynix_c6in_latency_v2,0822T002,82,82,83,533294,1253.7,1253.7,0.0
skhynix_c6in_latency_v2,0822T002,83,83,84,503297,1253.7,1253.7,0.0
skhynix_c6in_latency_v2,0822T002,84,84,85,546618,1253.7,1253.7,0.0
skhynix_c6in_latency_v2,0822T002,85,85,86,601117,1253.7,1253.7,0.0
skhynix_c6in_latency_v2,0822T002,86,86,87,461196,1253.7,1253.7,0.0
skhynix_c6in_latency_v2,0822T002,87,87,88,572522,1253.7,1253.65,0.3988194942965185
skhynix_c6in_latency_v2,0822T002,88,88,89,548527,1253.65,1253.65,0.0
skhynix_c6in_latency_v2,0822T002,89,89,90,538045,1253.65,1253.65,0.0
skhynix_c6in_latency_v2,0822T002,90,90,91,495507,1253.65,1253.65,0.0
skhynix_c6in_latency_v2,0822T002,91,91,92,609969,1253.65,1253.65,0.0
skhynix_c6in_latency_v2,0822T002,92,92,93,459075,1253.65,1253.65,0.0
skhynix_c6in_latency_v2,0822T002,93,93,94,572646,1253.65,1253.3,2.7918478044122073
skhynix_c6in_latency_v2,0822T002,94,94,95,492571,1253.3,1253.05,1.9947339024974071
skhynix_c6in_latency_v2,0822T002,95,95,96,543964,1253.05,1253.05,0.0
skhynix_c6in_latency_v2,0822T002,96,96,97,548193,1253.05,1253.05,0.0
skhynix_c6in_latency_v2,0822T002,97,97,98,513265,1253.05,1253.05,0.0
skhynix_c6in_latency_v2,0822T002,98,98,99,708885,1253.05,1253.05,0.0
skhynix_c6in_latency_v2,0822T002,99,99,100,401748,1253.05,1253.05,0.0
skhynix_c6in_latency_v2,0822T002,100,100,101,551202,1253.05,1253.05,0.0
skhynix_c6in_latency_v2,0822T002,101,101,102,510612,1253.05,1253.05,0.0
skhynix_c6in_latency_v2,0822T002,102,102,103,675813,1253.05,1253.05,0.0
skhynix_c6in_latency_v2,0822T002,103,103,104,400117,1253.05,1253.05,0.0
skhynix_c6in_latency_v2,0822T002,104,104,105,554959,1253.05,1253.05,0.0
skhynix_c6in_latency_v2,0822T002,105,105,106,555033,1253.05,1253.05,0.0
skhynix_c6in_latency_v2,0822T002,106,106,107,511190,1253.05,1253.35,2.3941582538602173
skhynix_c6in_latency_v2,0822T002,107,107,108,523405,1253.35,1253.35,0.0
skhynix_c6in_latency_v2,0822T002,108,108,109,593211,1253.35,1253.35,0.0
skhynix_c6in_latency_v2,0822T002,109,109,110,517327,1253.35,1253.35,0.0
skhynix_c6in_latency_v2,0822T002,110,110,111,529044,1253.35,1253.35,0.0
skhynix_c6in_latency_v2,0822T002,111,111,112,591965,1253.35,1253.35,0.0
skhynix_c6in_latency_v2,0822T002,112,112,113,523538,1253.35,1253.3,0.398930865280684
skhynix_c6in_latency_v2,0822T002,113,113,114,510721,1253.3,1253.25,0.3989467804991185
skhynix_c6in_latency_v2,0822T002,114,114,115,545911,1253.25,1253.25,0.0
skhynix_c6in_latency_v2,0822T002,115,115,116,531478,1253.25,1253.25,0.0
skhynix_c6in_latency_v2,0822T002,116,116,117,526779,1253.25,1253.25,0.0
skhynix_c6in_latency_v2,0822T002,117,117,118,549719,1253.25,1253.25,0.0
skhynix_c6in_latency_v2,0822T002,118,118,119,556688,1253.25,1253.25,0.0
skhynix_c6in_latency_v2,0822T002,119,119,120,517458,1253.25,1253.25,0.0
skhynix_c6in_latency_v2,0822T002,120,120,121,548129,1253.25,1253.25,0.0
skhynix_c6in_latency_v2,0822T002,121,121,122,553040,1253.25,1253.25,0.0
skhynix_c6in_latency_v2,0822T002,122,122,123,576106,1253.25,1253.25,0.0
skhynix_c6in_latency_v2,0822T002,123,123,124,527268,1253.25,1253.25,0.0
skhynix_c6in_latency_v2,0822T002,124,124,125,536333,1253.25,1253.25,0.0
skhynix_c6in_latency_v2,0822T002,125,125,126,494033,1253.25,1253.25,0.0
skhynix_c6in_latency_v2,0822T002,126,126,127,565750,1253.25,1253.25,0.0
skhynix_c6in_latency_v2,0822T002,127,127,128,530383,1253.25,1253.25,0.0
skhynix_c6in_latency_v2,0822T002,128,128,129,538416,1253.25,1253.25,0.0
skhynix_c6in_latency_v2,0822T002,129,129,130,543882,1253.25,1253.25,0.0
skhynix_c6in_latency_v2,0822T002,130,130,131,685449,1253.25,1253.25,0.0
skhynix_c6in_latency_v2,0822T002,131,131,132,395085,1253.25,1253.25,0.0
skhynix_c6in_latency_v2,0822T002,132,132,133,539356,1253.25,1253.25,0.0
skhynix_c6in_latency_v2,0822T002,133,133,134,542067,1253.25,1253.25,0.0
skhynix_c6in_latency_v2,0822T002,134,134,135,526851,1253.25,1253.25,0.0
skhynix_c6in_latency_v2,0822T002,135,135,136,536529,1253.25,1253.25,0.0
skhynix_c6in_latency_v2,0822T002,136,136,137,543743,1253.25,1253.25,0.0
skhynix_c6in_latency_v2,0822T002,137,137,138,577850,1253.25,1253.25,0.0
skhynix_c6in_latency_v2,0822T002,138,138,139,481182,1253.25,1253.25,0.0
skhynix_c6in_latency_v2,0822T002,139,139,140,568446,1253.25,1253.25,0.0
skhynix_c6in_latency_v2,0822T002,140,140,141,492889,1253.25,1253.25,0.0
skhynix_c6in_latency_v2,0822T002,141,141,142,561037,1253.25,1253.25,0.0
skhynix_c6in_latency_v2,0822T002,142,142,143,544659,1253.25,1253.25,0.0
skhynix_c6in_latency_v2,0822T002,143,143,144,537340,1253.25,1253.25,0.0
skhynix_c6in_latency_v2,0822T002,144,144,145,545604,1253.25,1253.25,0.0
skhynix_c6in_latency_v2,0822T002,145,145,146,513448,1253.25,1253.25,0.0
skhynix_c6in_latency_v2,0822T002,146,146,147,546711,1253.25,1253.25,0.0
skhynix_c6in_latency_v2,0822T002,147,147,148,529940,1253.25,1253.25,0.0
skhynix_c6in_latency_v2,0822T002,148,148,149,552728,1253.25,1253.25,0.0
skhynix_c6in_latency_v2,0822T002,149,149,150,585535,1253.25,1253.25,0.0
skhynix_c6in_latency_v2,0822T002,150,150,151,530114,1253.25,1253.25,0.0
skhynix_c6in_latency_v2,0822T002,151,151,152,536364,1253.25,1253.25,0.0
skhynix_c6in_latency_v2,0822T002,152,152,153,493710,1253.25,1253.25,0.0
skhynix_c6in_latency_v2,0822T002,153,153,154,565259,1253.25,1253.25,0.0
skhynix_c6in_latency_v2,0822T002,154,154,155,506075,1253.25,1253.25,0.0
skhynix_c6in_latency_v2,0822T002,155,155,156,539885,1253.25,1253.25,0.0
skhynix_c6in_latency_v2,0822T002,156,156,157,546547,1253.25,1253.25,0.0
skhynix_c6in_latency_v2,0822T002,157,157,158,532931,1253.25,1253.25,0.0
skhynix_c6in_latency_v2,0822T002,158,158,159,527974,1253.25,1253.25,0.0
skhynix_c6in_latency_v2,0822T002,159,159,160,522070,1253.25,1253.25,0.0
skhynix_c6in_latency_v2,0822T002,160,160,161,561021,1253.25,1253.25,0.0
skhynix_c6in_latency_v2,0822T002,161,161,162,543152,1253.25,1253.25,0.0
skhynix_c6in_latency_v2,0822T002,162,162,163,517117,1253.25,1253.25,0.0
skhynix_c6in_latency_v2,0822T002,163,163,164,590951,1253.25,1253.3,0.3989626969874687
skhynix_c6in_latency_v2,0822T002,164,164,165,511925,1253.3,1253.3,0.0
skhynix_c6in_latency_v2,0822T002,165,165,166,496468,1253.3,1253.25,0.3989467804991185
skhynix_c6in_latency_v2,0822T002,166,166,167,551197,1253.25,1253.25,0.0
skhynix_c6in_latency_v2,0822T002,167,167,168,529867,1253.25,1253.25,0.0
skhynix_c6in_latency_v2,0822T002,168,168,169,537693,1253.25,1253.25,0.0
skhynix_c6in_latency_v2,0822T002,169,169,170,546544,1253.25,1253.25,0.0
skhynix_c6in_latency_v2,0822T002,170,170,171,552556,1253.25,1253.25,0.0
skhynix_c6in_latency_v2,0822T002,171,171,172,517776,1253.25,1253.25,0.0
skhynix_c6in_latency_v2,0822T002,172,172,173,551595,1253.25,1253.25,0.0
skhynix_c6in_latency_v2,0822T002,173,173,174,528439,1253.25,1253.25,0.0
skhynix_c6in_latency_v2,0822T002,174,174,175,556737,1253.25,1253.25,0.0
skhynix_c6in_latency_v2,0822T002,175,175,176,538760,1253.25,1253.25,0.0
skhynix_c6in_latency_v2,0822T002,176,176,177,532729,1253.25,1253.25,0.0
skhynix_c6in_latency_v2,0822T002,177,177,178,637498,1253.25,1253.25,0.0
skhynix_c6in_latency_v2,0822T002,178,178,179,428778,1253.25,1253.25,0.0
skhynix_c6in_latency_v2,0822T002,179,179,180,575824,1253.25,1253.25,0.0
skhynix_c6in_latency_v2,0822T002,180,180,181,512929,1253.25,1253.25,0.0
skhynix_c6in_latency_v2,0822T002,181,181,182,532565,1253.25,1253.25,0.0
skhynix_c6in_latency_v2,0822T002,182,182,183,614476,1253.25,1253.25,0.0
skhynix_c6in_latency_v2,0822T002,183,183,184,471652,1253.25,1253.25,0.0
skhynix_c6in_latency_v2,0822T002,184,184,185,590739,1253.25,1253.25,0.0
skhynix_c6in_latency_v2,0822T002,185,185,186,558351,1253.25,1253.25,0.0
skhynix_c6in_latency_v2,0822T002,186,186,187,490569,1253.25,1253.25,0.0
skhynix_c6in_latency_v2,0822T002,187,187,188,578437,1253.25,1253.25,0.0
skhynix_c6in_latency_v2,0822T002,188,188,189,479122,1253.25,1253.25,0.0
skhynix_c6in_latency_v2,0822T002,189,189,190,514729,1253.25,1253.35,0.7979253939749374
skhynix_c6in_latency_v2,0822T002,190,190,191,589323,1253.35,1253.55,1.59572346112455
skhynix_c6in_latency_v2,0822T002,191,191,192,501238,1253.55,1253.55,0.0
skhynix_c6in_latency_v2,0822T002,192,192,193,559321,1253.55,1253.55,0.0
skhynix_c6in_latency_v2,0822T002,193,193,194,525471,1253.55,1253.55,0.0
skhynix_c6in_latency_v2,0822T002,194,194,195,562274,1253.55,1253.55,0.0
skhynix_c6in_latency_v2,0822T002,195,195,196,534382,1253.55,1253.55,0.0
skhynix_c6in_latency_v2,0822T002,196,196,197,538558,1253.55,1253.55,0.0
skhynix_c6in_latency_v2,0822T002,197,197,198,579246,1253.55,1253.55,0.0
skhynix_c6in_latency_v2,0822T002,198,198,199,510690,1253.55,1253.55,0.0
skhynix_c6in_latency_v2,0822T002,199,199,200,505613,1253.55,1253.55,0.0
skhynix_c6in_latency_v2,0822T002,200,200,201,605786,1253.55,1253.55,0.0
skhynix_c6in_latency_v2,0822T002,201,201,202,489313,1253.55,1253.55,0.0
skhynix_c6in_latency_v2,0822T002,202,202,203,598974,1253.55,1253.55,0.0
skhynix_c6in_latency_v2,0822T002,203,203,204,482428,1253.55,1253.55,0.0
skhynix_c6in_latency_v2,0822T002,204,204,205,606835,1253.55,1253.55,0.0
skhynix_c6in_latency_v2,0822T002,205,205,206,594906,1253.55,1253.55,0.0
skhynix_c6in_latency_v2,0822T002,206,206,207,430461,1253.55,1253.55,0.0
skhynix_c6in_latency_v2,0822T002,207,207,208,534651,1253.55,1253.55,0.0
skhynix_c6in_latency_v2,0822T002,208,208,209,568420,1253.55,1253.55,0.0
skhynix_c6in_latency_v2,0822T002,209,209,210,507123,1253.55,1253.55,0.0
skhynix_c6in_latency_v2,0822T002,210,210,211,554328,1253.55,1253.55,0.0
skhynix_c6in_latency_v2,0822T002,211,211,212,515850,1253.55,1253.55,0.0
skhynix_c6in_latency_v2,0822T002,212,212,213,560721,1253.55,1253.55,0.0
skhynix_c6in_latency_v2,0822T002,213,213,214,518186,1253.55,1253.55,0.0
skhynix_c6in_latency_v2,0822T002,214,214,215,511376,1253.55,1253.55,0.0
skhynix_c6in_latency_v2,0822T002,215,215,216,607431,1253.55,1253.55,0.0
skhynix_c6in_latency_v2,0822T002,216,216,217,476897,1253.55,1253.55,0.0
skhynix_c6in_latency_v2,0822T002,217,217,218,548861,1253.55,1253.55,0.0
skhynix_c6in_latency_v2,0822T002,218,218,219,473843,1253.55,1253.55,0.0
skhynix_c6in_latency_v2,0822T002,219,219,220,528184,1253.55,1253.55,0.0
skhynix_c6in_latency_v2,0822T002,220,220,221,573030,1253.55,1253.55,0.0
skhynix_c6in_latency_v2,0822T002,221,221,222,542164,1253.55,1253.55,0.0
skhynix_c6in_latency_v2,0822T002,222,222,223,567100,1253.55,1253.55,0.0
skhynix_c6in_latency_v2,0822T002,223,223,224,502301,1253.55,1253.55,0.0
skhynix_c6in_latency_v2,0822T002,224,224,225,602565,1253.55,1253.55,0.0
skhynix_c6in_latency_v2,0822T002,225,225,226,568081,1253.55,1253.55,0.0
skhynix_c6in_latency_v2,0822T002,226,226,227,472417,1253.55,1253.55,0.0
skhynix_c6in_latency_v2,0822T002,227,227,228,559831,1253.55,1253.55,0.0
skhynix_c6in_latency_v2,0822T002,228,228,229,596523,1253.55,1253.55,0.0
skhynix_c6in_latency_v2,0822T002,229,229,230,566340,1253.55,1253.55,0.0
skhynix_c6in_latency_v2,0822T002,230,230,231,609332,1253.55,1253.55,0.0
skhynix_c6in_latency_v2,0822T002,231,231,232,542048,1253.55,1253.55,0.0
skhynix_c6in_latency_v2,0822T002,232,232,233,543014,1253.55,1253.55,0.0
skhynix_c6in_latency_v2,0822T002,233,233,234,558639,1253.55,1253.55,0.0
skhynix_c6in_latency_v2,0822T002,234,234,235,491750,1253.55,1253.55,0.0
skhynix_c6in_latency_v2,0822T002,235,235,236,547360,1253.55,1253.55,0.0
skhynix_c6in_latency_v2,0822T002,236,236,237,509396,1253.55,1253.55,0.0
skhynix_c6in_latency_v2,0822T002,237,237,238,580335,1253.55,1253.55,0.0
skhynix_c6in_latency_v2,0822T002,238,238,239,472118,1253.55,1253.55,0.0
skhynix_c6in_latency_v2,0822T002,239,239,240,562675,1253.55,1253.55,0.0
skhynix_c6in_latency_v2,0822T002,240,240,241,546980,1253.55,1253.55,0.0
skhynix_c6in_latency_v2,0822T002,241,241,242,553858,1253.55,1253.55,0.0
skhynix_c6in_latency_v2,0822T002,242,242,243,509586,1253.55,1253.55,0.0
skhynix_c6in_latency_v2,0822T002,243,243,244,579256,1253.55,1253.55,0.0
skhynix_c6in_latency_v2,0822T002,244,244,245,491631,1253.55,1253.55,0.0
skhynix_c6in_latency_v2,0822T002,245,245,246,564456,1253.55,1253.55,0.0
skhynix_c6in_latency_v2,0822T002,246,246,247,533677,1253.55,1253.55,0.0
skhynix_c6in_latency_v2,0822T002,247,247,248,545498,1253.55,1253.55,0.0
skhynix_c6in_latency_v2,0822T002,248,248,249,524185,1253.55,1253.55,0.0
skhynix_c6in_latency_v2,0822T002,249,249,250,547776,1253.55,1253.55,0.0
skhynix_c6in_latency_v2,0822T002,250,250,251,641352,1253.55,1253.55,0.0
skhynix_c6in_latency_v2,0822T002,251,251,252,446753,1253.55,1253.55,0.0
skhynix_c6in_latency_v2,0822T002,252,252,253,536054,1253.55,1253.55,0.0
skhynix_c6in_latency_v2,0822T002,253,253,254,516003,1253.55,1253.55,0.0
skhynix_c6in_latency_v2,0822T002,254,254,255,580122,1253.55,1253.55,0.0
skhynix_c6in_latency_v2,0822T002,255,255,256,549970,1253.55,1253.55,0.0
skhynix_c6in_latency_v2,0822T002,256,256,257,527621,1253.55,1253.55,0.0
skhynix_c6in_latency_v2,0822T002,257,257,258,568927,1253.55,1253.55,0.0
skhynix_c6in_latency_v2,0822T002,258,258,259,497571,1253.55,1253.55,0.0
skhynix_c6in_latency_v2,0822T002,259,259,260,543570,1253.55,1253.35,1.5954688684140679
skhynix_c6in_latency_v2,0822T002,260,260,261,546144,1253.35,1253.35,0.0
skhynix_c6in_latency_v2,0822T002,261,261,262,629661,1253.35,1253.35,0.0
skhynix_c6in_latency_v2,0822T002,262,262,263,469701,1253.35,1253.35,0.0
skhynix_c6in_latency_v2,0822T002,263,263,264,583151,1253.35,1253.35,0.0
skhynix_c6in_latency_v2,0822T002,264,264,265,489512,1253.35,1253.35,0.0
skhynix_c6in_latency_v2,0822T002,265,265,266,602512,1253.35,1253.35,0.0
skhynix_c6in_latency_v2,0822T002,266,266,267,505622,1253.35,1253.35,0.0
skhynix_c6in_latency_v2,0822T002,267,267,268,545829,1253.35,1253.35,0.0
skhynix_c6in_latency_v2,0822T002,268,268,269,537951,1253.35,1253.35,0.0
skhynix_c6in_latency_v2,0822T002,269,269,270,521678,1253.35,1253.65,2.393585191687732
skhynix_c6in_latency_v2,0822T002,270,270,271,701588,1253.65,1253.65,0.0
skhynix_c6in_latency_v2,0822T002,271,271,272,430218,1253.65,1253.65,0.0
skhynix_c6in_latency_v2,0822T002,272,272,273,545458,1253.65,1253.65,0.0
skhynix_c6in_latency_v2,0822T002,273,273,274,495763,1253.65,1253.65,0.0
skhynix_c6in_latency_v2,0822T002,274,274,275,557932,1253.65,1253.65,0.0
skhynix_c6in_latency_v2,0822T002,275,275,276,522950,1253.65,1253.7,0.3988354006297972
skhynix_c6in_latency_v2,0822T002,276,276,277,520760,1253.7,1253.7,0.0
skhynix_c6in_latency_v2,0822T002,277,277,278,526190,1253.7,1253.7,0.0
skhynix_c6in_latency_v2,0822T002,278,278,279,569125,1253.7,1253.7,0.0
skhynix_c6in_latency_v2,0822T002,279,279,280,500566,1253.7,1253.7,0.0
skhynix_c6in_latency_v2,0822T002,280,280,281,537974,1253.7,1253.7,0.0
skhynix_c6in_latency_v2,0822T002,281,281,282,589685,1253.7,1253.7,0.0
skhynix_c6in_latency_v2,0822T002,282,282,283,500669,1253.7,1253.7,0.0
skhynix_c6in_latency_v2,0822T002,283,283,284,469530,1253.7,1253.7,0.0
skhynix_c6in_latency_v2,0822T002,284,284,285,545503,1253.7,1253.7,0.0
skhynix_c6in_latency_v2,0822T002,285,285,286,514996,1253.7,1253.7,0.0
skhynix_c6in_latency_v2,0822T002,286,286,287,556561,1253.7,1253.65,0.3988194942965185
skhynix_c6in_latency_v2,0822T002,287,287,288,534063,1253.65,1253.65,0.0
skhynix_c6in_latency_v2,0822T002,288,288,289,539634,1253.65,1253.65,0.0
skhynix_c6in_latency_v2,0822T002,289,289,290,630351,1253.65,1253.65,0.0
skhynix_c6in_latency_v2,0822T002,290,290,291,435552,1253.65,1253.65,0.0
skhynix_c6in_latency_v2,0822T002,291,291,292,576690,1253.65,1253.65,0.0
skhynix_c6in_latency_v2,0822T002,292,292,293,505979,1253.65,1253.65,0.0
skhynix_c6in_latency_v2,0822T002,293,293,294,566481,1253.65,1253.65,0.0
skhynix_c6in_latency_v2,0822T002,294,294,295,484482,1253.65,1253.65,0.0
skhynix_c6in_latency_v2,0822T002,295,295,296,556823,1253.65,1253.65,0.0
skhynix_c6in_latency_v2,0822T002,296,296,297,593589,1253.65,1253.65,0.0
skhynix_c6in_latency_v2,0822T002,297,297,298,578388,1253.65,1253.45,1.5953416025210023
skhynix_c6in_latency_v2,0822T002,298,298,299,515232,1253.45,1253.45,0.0
skhynix_c6in_latency_v2,0822T002,299,299,300,534168,1253.45,1253.45,0.0
skhynix_c6in_latency_v2,0822T002,300,300,301,470227,1253.45,1253.45,0.0
skhynix_c6in_latency_v2,0822T002,301,301,302,602497,1253.45,1253.45,0.0
skhynix_c6in_latency_v2,0822T002,302,302,303,499676,1253.45,1253.45,0.0
skhynix_c6in_latency_v2,0822T002,303,303,304,509527,1253.45,1253.45,0.0
skhynix_c6in_latency_v2,0822T002,304,304,305,570917,1253.45,1253.45,0.0
skhynix_c6in_latency_v2,0822T002,305,305,306,602072,1253.45,1253.45,0.0
skhynix_c6in_latency_v2,0822T002,306,306,307,470448,1253.45,1253.45,0.0
skhynix_c6in_latency_v2,0822T002,307,307,308,520190,1253.45,1253.45,0.0
skhynix_c6in_latency_v2,0822T002,308,308,309,593855,1253.45,1253.45,0.0
skhynix_c6in_latency_v2,0822T002,309,309,310,456075,1253.45,1253.45,0.0
skhynix_c6in_latency_v2,0822T002,310,310,311,552352,1253.45,1253.45,0.0
skhynix_c6in_latency_v2,0822T002,311,311,312,578724,1253.45,1253.45,0.0
skhynix_c6in_latency_v2,0822T002,312,312,313,550279,1253.45,1253.45,0.0
skhynix_c6in_latency_v2,0822T002,313,313,314,424109,1253.45,1253.45,0.0
skhynix_c6in_latency_v2,0822T002,314,314,315,579090,1253.45,1253.45,0.0
skhynix_c6in_latency_v2,0822T002,315,315,316,503029,1253.45,1253.45,0.0
skhynix_c6in_latency_v2,0822T002,316,316,317,565179,1253.45,1253.45,0.0
skhynix_c6in_latency_v2,0822T002,317,317,318,603247,1253.45,1253.45,0.0
skhynix_c6in_latency_v2,0822T002,318,318,319,474905,1253.45,1253.45,0.0
skhynix_c6in_latency_v2,0822T002,319,319,320,535958,1253.45,1253.45,0.0
skhynix_c6in_latency_v2,0822T002,320,320,321,518879,1253.45,1253.45,0.0
skhynix_c6in_latency_v2,0822T002,321,321,322,539548,1253.45,1253.45,0.0
skhynix_c6in_latency_v2,0822T002,322,322,323,567581,1253.45,1253.75,2.393394231919538
skhynix_c6in_latency_v2,0822T002,323,323,324,483166,1253.75,1253.75,0.0
skhynix_c6in_latency_v2,0822T002,324,324,325,536412,1253.75,1253.75,0.0
skhynix_c6in_latency_v2,0822T002,325,325,326,513607,1253.75,1253.75,0.0
skhynix_c6in_latency_v2,0822T002,326,326,327,493933,1253.75,1253.75,0.0
skhynix_c6in_latency_v2,0822T002,327,327,328,568548,1253.75,1253.75,0.0
skhynix_c6in_latency_v2,0822T002,328,328,329,553018,1253.75,1253.75,0.0
skhynix_c6in_latency_v2,0822T002,329,329,330,501217,1253.75,1253.75,0.0
skhynix_c6in_latency_v2,0822T002,330,330,331,537134,1253.75,1253.75,0.0
skhynix_c6in_latency_v2,0822T002,331,331,332,528416,1253.75,1253.75,0.0
skhynix_c6in_latency_v2,0822T002,332,332,333,612274,1253.75,1253.75,0.0
skhynix_c6in_latency_v2,0822T002,333,333,334,468999,1253.75,1253.75,0.0
skhynix_c6in_latency_v2,0822T002,334,334,335,550564,1253.75,1253.75,0.0
skhynix_c6in_latency_v2,0822T002,335,335,336,555217,1253.75,1253.75,0.0
skhynix_c6in_latency_v2,0822T002,336,336,337,669265,1253.75,1253.75,0.0
skhynix_c6in_latency_v2,0822T002,337,337,338,394416,1253.75,1253.75,0.0
skhynix_c6in_latency_v2,0822T002,338,338,339,561224,1253.75,1253.75,0.0
skhynix_c6in_latency_v2,0822T002,339,339,340,524892,1253.75,1253.75,0.0
skhynix_c6in_latency_v2,0822T002,340,340,341,553801,1253.75,1253.75,0.0
skhynix_c6in_latency_v2,0822T002,341,341,342,567638,1253.75,1253.75,0.0
skhynix_c6in_latency_v2,0822T002,342,342,343,475907,1253.75,1253.75,0.0
skhynix_c6in_latency_v2,0822T002,343,343,344,566528,1253.75,1253.75,0.0
skhynix_c6in_latency_v2,0822T002,344,344,345,542614,1253.75,1253.65,0.7976071784638809
skhynix_c6in_latency_v2,0822T002,345,345,346,574531,1253.65,1253.6,0.3988354006316109
skhynix_c6in_latency_v2,0822T002,346,346,347,511842,1253.6,1253.6,0.0
skhynix_c6in_latency_v2,0822T002,347,347,348,534506,1253.6,1253.6,0.0
skhynix_c6in_latency_v2,0822T002,348,348,349,633721,1253.6,1253.6,0.0
skhynix_c6in_latency_v2,0822T002,349,349,350,475558,1253.6,1253.6,0.0
skhynix_c6in_latency_v2,0822T002,350,350,351,567900,1253.6,1253.6,0.0
skhynix_c6in_latency_v2,0822T002,351,351,352,557299,1253.6,1253.6,0.0
skhynix_c6in_latency_v2,0822T002,352,352,353,500548,1253.6,1253.6,0.0
skhynix_c6in_latency_v2,0822T002,353,353,354,516556,1253.6,1253.6,0.0
skhynix_c6in_latency_v2,0822T002,354,354,355,510029,1253.6,1253.6,0.0
skhynix_c6in_latency_v2,0822T002,355,355,356,581419,1253.6,1253.6,0.0
skhynix_c6in_latency_v2,0822T002,356,356,357,528445,1253.6,1253.6,0.0
skhynix_c6in_latency_v2,0822T002,357,357,358,561589,1253.6,1253.65,0.39885130823374204
skhynix_c6in_latency_v2,0822T002,358,358,359,510351,1253.65,1253.65,0.0
skhynix_c6in_latency_v2,0822T002,359,359,360,543744,1253.65,1253.65,0.0
skhynix_c6in_latency_v2,0822T002,360,360,361,504888,1253.65,1253.65,0.0
skhynix_c6in_latency_v2,0822T002,361,361,362,578414,1253.65,1253.65,0.0
skhynix_c6in_latency_v2,0822T002,362,362,363,516428,1253.65,1253.65,0.0
skhynix_c6in_latency_v2,0822T002,363,363,364,520728,1253.65,1253.65,0.0
skhynix_c6in_latency_v2,0822T002,364,364,365,677508,1253.65,1253.65,0.0
skhynix_c6in_latency_v2,0822T002,365,365,366,442125,1253.65,1253.65,0.0
skhynix_c6in_latency_v2,0822T002,366,366,367,499096,1253.65,1253.65,0.0
skhynix_c6in_latency_v2,0822T002,367,367,368,548831,1253.65,1253.65,0.0
skhynix_c6in_latency_v2,0822T002,368,368,369,539372,1253.65,1253.65,0.0
skhynix_c6in_latency_v2,0822T002,369,369,370,537670,1253.65,1253.65,0.0
skhynix_c6in_latency_v2,0822T002,370,370,371,534698,1253.65,1253.65,0.0
skhynix_c6in_latency_v2,0822T002,371,371,372,589056,1253.65,1253.65,0.0
skhynix_c6in_latency_v2,0822T002,372,372,373,496529,1253.65,1253.65,0.0
skhynix_c6in_latency_v2,0822T002,373,373,374,587444,1253.65,1253.65,0.0
skhynix_c6in_latency_v2,0822T002,374,374,375,616010,1253.65,1253.65,0.0
skhynix_c6in_latency_v2,0822T002,375,375,376,603125,1253.65,1253.65,0.0
skhynix_c6in_latency_v2,0822T002,376,376,377,502418,1253.65,1253.65,0.0
skhynix_c6in_latency_v2,0822T002,377,377,378,559332,1253.65,1253.65,0.0
skhynix_c6in_latency_v2,0822T002,378,378,379,603656,1253.65,1253.65,0.0
skhynix_c6in_latency_v2,0822T002,379,379,380,498383,1253.65,1253.65,0.0
skhynix_c6in_latency_v2,0822T002,380,380,381,573639,1253.65,1253.65,0.0
skhynix_c6in_latency_v2,0822T002,381,381,382,498303,1253.65,1253.65,0.0
skhynix_c6in_latency_v2,0822T002,382,382,383,554508,1253.65,1253.65,0.0
skhynix_c6in_latency_v2,0822T002,383,383,384,455807,1253.65,1253.65,0.0
skhynix_c6in_latency_v2,0822T002,384,384,385,522589,1253.65,1253.65,0.0
skhynix_c6in_latency_v2,0822T002,385,385,386,593324,1253.65,1253.65,0.0
skhynix_c6in_latency_v2,0822T002,386,386,387,508003,1253.65,1253.65,0.0
skhynix_c6in_latency_v2,0822T002,387,387,388,512911,1253.65,1253.65,0.0
skhynix_c6in_latency_v2,0822T002,388,388,389,574165,1253.65,1253.45,1.5953416025210023
skhynix_c6in_latency_v2,0822T002,389,389,390,524418,1253.45,1253.35,0.7977980773077221
skhynix_c6in_latency_v2,0822T002,390,390,391,534548,1253.35,1253.45,0.7978617305631821
skhynix_c6in_latency_v2,0822T002,391,391,392,578047,1253.45,1253.4,0.39889903865295406
skhynix_c6in_latency_v2,0822T002,392,392,393,534275,1253.4,1253.4,0.0
skhynix_c6in_latency_v2,0822T002,393,393,394,562923,1253.4,1253.4,0.0
skhynix_c6in_latency_v2,0822T002,394,394,395,460337,1253.4,1253.4,0.0
skhynix_c6in_latency_v2,0822T002,395,395,396,530635,1253.4,1253.4,0.0
skhynix_c6in_latency_v2,0822T002,396,396,397,534338,1253.4,1253.4,0.0
skhynix_c6in_latency_v2,0822T002,397,397,398,518573,1253.4,1253.4,0.0
skhynix_c6in_latency_v2,0822T002,398,398,399,550275,1253.4,1253.4,0.0
skhynix_c6in_latency_v2,0822T002,399,399,400,551961,1253.4,1253.4,0.0
skhynix_c6in_latency_v2,0822T002,400,400,401,554963,1253.4,1253.4,0.0
skhynix_c6in_latency_v2,0822T002,401,401,402,565061,1253.4,1253.4,0.0
skhynix_c6in_latency_v2,0822T002,402,402,403,504466,1253.4,1253.4,0.0
skhynix_c6in_latency_v2,0822T002,403,403,404,494501,1253.4,1253.4,0.0
skhynix_c6in_latency_v2,0822T002,404,404,405,536160,1253.4,1253.4,0.0
skhynix_c6in_latency_v2,0822T002,405,405,406,530563,1253.4,1253.4,0.0
skhynix_c6in_latency_v2,0822T002,406,406,407,558821,1253.4,1253.4,0.0
skhynix_c6in_latency_v2,0822T002,407,407,408,638006,1253.4,1253.4,0.0
skhynix_c6in_latency_v2,0822T002,408,408,409,502265,1253.4,1253.45,0.39891495133201305
skhynix_c6in_latency_v2,0822T002,409,409,410,593388,1253.45,1253.45,0.0
skhynix_c6in_latency_v2,0822T002,410,410,411,568356,1253.45,1253.65,1.5955961546136301
skhynix_c6in_latency_v2,0822T002,411,411,412,485787,1253.65,1253.65,0.0
skhynix_c6in_latency_v2,0822T002,412,412,413,539853,1253.65,1253.6,0.3988354006316109
skhynix_c6in_latency_v2,0822T002,413,413,414,582538,1253.6,1253.6,0.0
skhynix_c6in_latency_v2,0822T002,414,414,415,481025,1253.6,1253.6,0.0
skhynix_c6in_latency_v2,0822T002,415,415,416,522232,1253.6,1253.55,0.39885130823192827
skhynix_c6in_latency_v2,0822T002,416,416,417,566931,1253.55,1253.55,0.0
skhynix_c6in_latency_v2,0822T002,417,417,418,499661,1253.55,1253.55,0.0
skhynix_c6in_latency_v2,0822T002,418,418,419,511644,1253.55,1253.55,0.0
skhynix_c6in_latency_v2,0822T002,419,419,420,504318,1253.55,1253.35,1.5954688684140679
skhynix_c6in_latency_v2,0822T002,420,420,421,691702,1253.35,1253.35,0.0
skhynix_c6in_latency_v2,0822T002,421,421,422,405457,1253.35,1253.35,0.0
skhynix_c6in_latency_v2,0822T002,422,422,423,526211,1253.35,1253.35,0.0
skhynix_c6in_latency_v2,0822T002,423,423,424,483365,1253.35,1253.35,0.0
skhynix_c6in_latency_v2,0822T002,424,424,425,572485,1253.35,1253.35,0.0
skhynix_c6in_latency_v2,0822T002,425,425,426,528496,1253.35,1253.35,0.0
skhynix_c6in_latency_v2,0822T002,426,426,427,538172,1253.35,1253.35,0.0
skhynix_c6in_latency_v2,0822T002,427,427,428,561975,1253.35,1253.35,0.0
skhynix_c6in_latency_v2,0822T002,428,428,429,611427,1253.35,1253.35,0.0
skhynix_c6in_latency_v2,0822T002,429,429,430,513312,1253.35,1253.35,0.0
skhynix_c6in_latency_v2,0822T002,430,430,431,591200,1253.35,1253.35,0.0
skhynix_c6in_latency_v2,0822T002,431,431,432,529263,1253.35,1253.35,0.0
skhynix_c6in_latency_v2,0822T002,432,432,433,517870,1253.35,1253.35,0.0
skhynix_c6in_latency_v2,0822T002,433,433,434,498644,1253.35,1253.35,0.0
skhynix_c6in_latency_v2,0822T002,434,434,435,617147,1253.35,1253.35,0.0
skhynix_c6in_latency_v2,0822T002,435,435,436,575505,1253.35,1253.35,0.0
skhynix_c6in_latency_v2,0822T002,436,436,437,515106,1253.35,1253.35,0.0
skhynix_c6in_latency_v2,0822T002,437,437,438,553181,1253.35,1253.35,0.0
skhynix_c6in_latency_v2,0822T002,438,438,439,507378,1253.35,1253.35,0.0
skhynix_c6in_latency_v2,0822T002,439,439,440,571092,1253.35,1253.35,0.0
skhynix_c6in_latency_v2,0822T002,440,440,441,550389,1253.35,1253.35,0.0
skhynix_c6in_latency_v2,0822T002,441,441,442,526465,1253.35,1253.35,0.0
skhynix_c6in_latency_v2,0822T002,442,442,443,544227,1253.35,1253.35,0.0
skhynix_c6in_latency_v2,0822T002,443,443,444,557066,1253.35,1253.35,0.0
skhynix_c6in_latency_v2,0822T002,444,444,445,491556,1253.35,1253.35,0.0
skhynix_c6in_latency_v2,0822T002,445,445,446,576754,1253.35,1253.35,0.0
skhynix_c6in_latency_v2,0822T002,446,446,447,492377,1253.35,1253.35,0.0
skhynix_c6in_latency_v2,0822T002,447,447,448,556978,1253.35,1253.35,0.0
skhynix_c6in_latency_v2,0822T002,448,448,449,580533,1253.35,1253.35,0.0
skhynix_c6in_latency_v2,0822T002,449,449,450,484287,1253.35,1253.35,0.0
skhynix_c6in_latency_v2,0822T002,450,450,451,557722,1253.35,1253.35,0.0
skhynix_c6in_latency_v2,0822T002,451,451,452,546114,1253.35,1253.35,0.0
skhynix_c6in_latency_v2,0822T002,452,452,453,488760,1253.35,1253.35,0.0
skhynix_c6in_latency_v2,0822T002,453,453,454,551099,1253.35,1253.35,0.0
skhynix_c6in_latency_v2,0822T002,454,454,455,555818,1253.35,1253.35,0.0
skhynix_c6in_latency_v2,0822T002,455,455,456,543482,1253.35,1253.35,0.0
skhynix_c6in_latency_v2,0822T002,456,456,457,561153,1253.35,1253.35,0.0
skhynix_c6in_latency_v2,0822T002,457,457,458,525695,1253.35,1253.35,0.0
skhynix_c6in_latency_v2,0822T002,458,458,459,566378,1253.35,1253.35,0.0
skhynix_c6in_latency_v2,0822T002,459,459,460,589110,1253.35,1253.35,0.0
skhynix_c6in_latency_v2,0822T002,460,460,461,520551,1253.35,1253.35,0.0
skhynix_c6in_latency_v2,0822T002,461,461,462,581792,1253.35,1253.35,0.0
skhynix_c6in_latency_v2,0822T002,462,462,463,519907,1253.35,1253.35,0.0
skhynix_c6in_latency_v2,0822T002,463,463,464,548449,1253.35,1253.35,0.0
skhynix_c6in_latency_v2,0822T002,464,464,465,530764,1253.35,1253.35,0.0
skhynix_c6in_latency_v2,0822T002,465,465,466,649837,1253.35,1253.35,0.0
skhynix_c6in_latency_v2,0822T002,466,466,467,470729,1253.35,1253.35,0.0
skhynix_c6in_latency_v2,0822T002,467,467,468,586873,1253.35,1253.35,0.0
skhynix_c6in_latency_v2,0822T002,468,468,469,491983,1253.35,1253.35,0.0
skhynix_c6in_latency_v2,0822T002,469,469,470,531092,1253.35,1253.35,0.0
skhynix_c6in_latency_v2,0822T002,470,470,471,567176,1253.35,1253.35,0.0
skhynix_c6in_latency_v2,0822T002,471,471,472,544186,1253.35,1253.35,0.0
skhynix_c6in_latency_v2,0822T002,472,472,473,512684,1253.35,1253.35,0.0
skhynix_c6in_latency_v2,0822T002,473,473,474,546558,1253.35,1253.35,0.0
skhynix_c6in_latency_v2,0822T002,474,474,475,564157,1253.35,1253.35,0.0
skhynix_c6in_latency_v2,0822T002,475,475,476,503716,1253.35,1253.35,0.0
skhynix_c6in_latency_v2,0822T002,476,476,477,667901,1253.35,1253.35,0.0
skhynix_c6in_latency_v2,0822T002,477,477,478,559335,1253.35,1253.35,0.0
skhynix_c6in_latency_v2,0822T002,478,478,479,610386,1253.35,1253.35,0.0
skhynix_c6in_latency_v2,0822T002,479,479,480,630734,1253.35,1253.35,0.0
skhynix_c6in_latency_v2,0822T002,480,480,481,590908,1253.35,1253.35,0.0
skhynix_c6in_latency_v2,0822T002,481,481,482,661072,1253.35,1253.35,0.0
skhynix_c6in_latency_v2,0822T002,482,482,483,487797,1253.35,1253.35,0.0
skhynix_c6in_latency_v2,0822T002,483,483,484,547274,1253.35,1253.35,0.0
skhynix_c6in_latency_v2,0822T002,484,484,485,737184,1253.35,1253.35,0.0
skhynix_c6in_latency_v2,0822T002,485,485,486,479447,1253.35,1253.35,0.0
skhynix_c6in_latency_v2,0822T002,486,486,487,506989,1253.35,1253.35,0.0
skhynix_c6in_latency_v2,0822T002,487,487,488,558929,1253.35,1253.35,0.0
skhynix_c6in_latency_v2,0822T002,488,488,489,557304,1253.35,1253.35,0.0
skhynix_c6in_latency_v2,0822T002,489,489,490,500241,1253.35,1253.35,0.0
skhynix_c6in_latency_v2,0822T002,490,490,491,572443,1253.35,1253.35,0.0
skhynix_c6in_latency_v2,0822T002,491,491,492,562972,1253.35,1253.35,0.0
skhynix_c6in_latency_v2,0822T002,492,492,493,497935,1253.35,1253.35,0.0
skhynix_c6in_latency_v2,0822T002,493,493,494,585589,1253.35,1253.35,0.0
skhynix_c6in_latency_v2,0822T002,494,494,495,610625,1253.35,1253.35,0.0
skhynix_c6in_latency_v2,0822T002,495,495,496,522849,1253.35,1253.35,0.0
skhynix_c6in_latency_v2,0822T002,496,496,497,568293,1253.35,1253.35,0.0
skhynix_c6in_latency_v2,0822T002,497,497,498,527628,1253.35,1253.35,0.0
skhynix_c6in_latency_v2,0822T002,498,498,499,542173,1253.35,1253.35,0.0
skhynix_c6in_latency_v2,0822T002,499,499,500,553808,1253.35,1253.35,0.0
skhynix_c6in_latency_v2,0822T002,500,500,501,476390,1253.35,1253.35,0.0
skhynix_c6in_latency_v2,0822T002,501,501,502,512427,1253.35,1253.35,0.0
skhynix_c6in_latency_v2,0822T002,502,502,503,498428,1253.35,1253.35,0.0
skhynix_c6in_latency_v2,0822T002,503,503,504,572150,1253.35,1253.35,0.0
skhynix_c6in_latency_v2,0822T002,504,504,505,520778,1253.35,1253.35,0.0
skhynix_c6in_latency_v2,0822T002,505,505,506,541160,1253.35,1253.55,1.59572346112455
skhynix_c6in_latency_v2,0822T002,506,506,507,567877,1253.55,1253.55,0.0
skhynix_c6in_latency_v2,0822T002,507,507,508,517612,1253.55,1253.55,0.0
skhynix_c6in_latency_v2,0822T002,508,508,509,543028,1253.55,1253.55,0.0
skhynix_c6in_latency_v2,0822T002,509,509,510,513415,1253.55,1253.55,0.0
skhynix_c6in_latency_v2,0822T002,510,510,511,562467,1253.55,1253.55,0.0
skhynix_c6in_latency_v2,0822T002,511,511,512,504484,1253.55,1253.55,0.0
skhynix_c6in_latency_v2,0822T002,512,512,513,682353,1253.55,1253.55,0.0
skhynix_c6in_latency_v2,0822T002,513,513,514,417473,1253.55,1253.55,0.0
skhynix_c6in_latency_v2,0822T002,514,514,515,651073,1253.55,1253.55,0.0
skhynix_c6in_latency_v2,0822T002,515,515,516,434740,1253.55,1253.55,0.0
skhynix_c6in_latency_v2,0822T002,516,516,517,554974,1253.55,1253.55,0.0
skhynix_c6in_latency_v2,0822T002,517,517,518,523572,1253.55,1253.55,0.0
skhynix_c6in_latency_v2,0822T002,518,518,519,533416,1253.55,1253.55,0.0
skhynix_c6in_latency_v2,0822T002,519,519,520,509995,1253.55,1253.55,0.0
skhynix_c6in_latency_v2,0822T002,520,520,521,510333,1253.55,1253.55,0.0
skhynix_c6in_latency_v2,0822T002,521,521,522,476269,1253.55,1253.55,0.0
skhynix_c6in_latency_v2,0822T002,522,522,523,614245,1253.55,1253.55,0.0
skhynix_c6in_latency_v2,0822T002,523,523,524,521700,1253.55,1253.55,0.0
skhynix_c6in_latency_v2,0822T002,524,524,525,539064,1253.55,1253.55,0.0
skhynix_c6in_latency_v2,0822T002,525,525,526,509340,1253.55,1253.55,0.0
skhynix_c6in_latency_v2,0822T002,526,526,527,587725,1253.55,1253.55,0.0
skhynix_c6in_latency_v2,0822T002,527,527,528,545905,1253.55,1253.55,0.0
skhynix_c6in_latency_v2,0822T002,528,528,529,514145,1253.55,1253.35,1.5954688684140679
skhynix_c6in_latency_v2,0822T002,529,529,530,575083,1253.35,1253.4,0.39893086528249816
skhynix_c6in_latency_v2,0822T002,530,530,531,523847,1253.4,1253.35,0.39891495133382715
skhynix_c6in_latency_v2,0822T002,531,531,532,567454,1253.35,1253.35,0.0
skhynix_c6in_latency_v2,0822T002,532,532,533,445207,1253.35,1253.35,0.0
skhynix_c6in_latency_v2,0822T002,533,533,534,546799,1253.35,1253.35,0.0
skhynix_c6in_latency_v2,0822T002,534,534,535,535908,1253.35,1253.4,0.39893086528249816
skhynix_c6in_latency_v2,0822T002,535,535,536,555369,1253.4,1253.4,0.0
skhynix_c6in_latency_v2,0822T002,536,536,537,494709,1253.4,1253.4,0.0
skhynix_c6in_latency_v2,0822T002,537,537,538,577208,1253.4,1253.4,0.0
skhynix_c6in_latency_v2,0822T002,538,538,539,571575,1253.4,1253.45,0.39891495133201305
skhynix_c6in_latency_v2,0822T002,539,539,540,533972,1253.45,1253.4,0.39889903865295406
skhynix_c6in_latency_v2,0822T002,540,540,541,550534,1253.4,1253.4,0.0
skhynix_c6in_latency_v2,0822T002,541,541,542,506381,1253.4,1253.35,0.39891495133382715
skhynix_c6in_latency_v2,0822T002,542,542,543,599795,1253.35,1253.35,0.0
skhynix_c6in_latency_v2,0822T002,543,543,544,488474,1253.35,1253.35,0.0
skhynix_c6in_latency_v2,0822T002,544,544,545,522328,1253.35,1253.35,0.0
skhynix_c6in_latency_v2,0822T002,545,545,546,541216,1253.35,1253.35,0.0
skhynix_c6in_latency_v2,0822T002,546,546,547,546646,1253.35,1253.35,0.0
skhynix_c6in_latency_v2,0822T002,547,547,548,512602,1253.35,1253.35,0.0
skhynix_c6in_latency_v2,0822T002,548,548,549,583096,1253.35,1253.35,0.0
skhynix_c6in_latency_v2,0822T002,549,549,550,496530,1253.35,1253.35,0.0
skhynix_c6in_latency_v2,0822T002,550,550,551,620389,1253.35,1253.35,0.0
skhynix_c6in_latency_v2,0822T002,551,551,552,529786,1253.35,1253.35,0.0
skhynix_c6in_latency_v2,0822T002,552,552,553,532149,1253.35,1253.35,0.0
skhynix_c6in_latency_v2,0822T002,553,553,554,583087,1253.35,1253.35,0.0
skhynix_c6in_latency_v2,0822T002,554,554,555,505029,1253.35,1253.35,0.0
skhynix_c6in_latency_v2,0822T002,555,555,556,522889,1253.35,1253.35,0.0
skhynix_c6in_latency_v2,0822T002,556,556,557,594985,1253.35,1253.35,0.0
skhynix_c6in_latency_v2,0822T002,557,557,558,471494,1253.35,1253.35,0.0
skhynix_c6in_latency_v2,0822T002,558,558,559,555445,1253.35,1253.35,0.0
skhynix_c6in_latency_v2,0822T002,559,559,560,575729,1253.35,1253.35,0.0
skhynix_c6in_latency_v2,0822T002,560,560,561,493537,1253.35,1253.35,0.0
skhynix_c6in_latency_v2,0822T002,561,561,562,524878,1253.35,1253.35,0.0
skhynix_c6in_latency_v2,0822T002,562,562,563,551236,1253.35,1253.35,0.0
skhynix_c6in_latency_v2,0822T002,563,563,564,532087,1253.35,1253.35,0.0
skhynix_c6in_latency_v2,0822T002,564,564,565,489786,1253.35,1253.35,0.0
skhynix_c6in_latency_v2,0822T002,565,565,566,560351,1253.35,1253.35,0.0
skhynix_c6in_latency_v2,0822T002,566,566,567,569343,1253.35,1253.35,0.0
skhynix_c6in_latency_v2,0822T002,567,567,568,539546,1253.35,1253.35,0.0
skhynix_c6in_latency_v2,0822T002,568,568,569,578724,1253.35,1253.35,0.0
skhynix_c6in_latency_v2,0822T002,569,569,570,511308,1253.35,1253.35,0.0
skhynix_c6in_latency_v2,0822T002,570,570,571,538286,1253.35,1253.35,0.0
skhynix_c6in_latency_v2,0822T002,571,571,572,498471,1253.35,1253.35,0.0
skhynix_c6in_latency_v2,0822T002,572,572,573,516694,1253.35,1253.35,0.0
skhynix_c6in_latency_v2,0822T002,573,573,574,569245,1253.35,1253.35,0.0
skhynix_c6in_latency_v2,0822T002,574,574,575,509176,1253.35,1253.35,0.0
skhynix_c6in_latency_v2,0822T002,575,575,576,540033,1253.35,1253.35,0.0
skhynix_c6in_latency_v2,0822T002,576,576,577,529182,1253.35,1253.4,0.39893086528249816
skhynix_c6in_latency_v2,0822T002,577,577,578,563668,1253.4,1253.35,0.39891495133382715
skhynix_c6in_latency_v2,0822T002,578,578,579,543435,1253.35,1253.35,0.0
skhynix_c6in_latency_v2,0822T002,579,579,580,528819,1253.35,1253.35,0.0
skhynix_c6in_latency_v2,0822T002,580,580,581,533259,1253.35,1253.35,0.0
skhynix_c6in_latency_v2,0822T002,581,581,582,648565,1253.35,1253.35,0.0
skhynix_c6in_latency_v2,0822T002,582,582,583,560970,1253.35,1253.35,0.0
skhynix_c6in_latency_v2,0822T002,583,583,584,619318,1253.35,1253.35,0.0
skhynix_c6in_latency_v2,0822T002,584,584,585,504355,1253.35,1253.35,0.0
skhynix_c6in_latency_v2,0822T002,585,585,586,551470,1253.35,1253.35,0.0
skhynix_c6in_latency_v2,0822T002,586,586,587,546811,1253.35,1253.35,0.0
skhynix_c6in_latency_v2,0822T002,587,587,588,553744,1253.35,1253.35,0.0
skhynix_c6in_latency_v2,0822T002,588,588,589,620171,1253.35,1253.35,0.0
skhynix_c6in_latency_v2,0822T002,589,589,590,548555,1253.35,1253.35,0.0
skhynix_c6in_latency_v2,0822T002,590,590,591,590986,1253.35,1253.35,0.0
skhynix_c6in_latency_v2,0822T002,591,591,592,628780,1253.35,1253.35,0.0
skhynix_c6in_latency_v2,0822T002,592,592,593,596279,1253.35,1253.35,0.0
skhynix_c6in_latency_v2,0822T002,593,593,594,673669,1253.35,1253.35,0.0
skhynix_c6in_latency_v2,0822T002,594,594,595,483857,1253.35,1253.35,0.0
skhynix_c6in_latency_v2,0822T002,595,595,596,536097,1253.35,1253.35,0.0
skhynix_c6in_latency_v2,0822T002,596,596,597,552212,1253.35,1253.35,0.0
skhynix_c6in_latency_v2,0822T002,597,597,598,520324,1253.35,1253.35,0.0
skhynix_c6in_latency_v2,0822T002,598,598,599,519990,1253.35,1253.35,0.0
skhynix_c6in_latency_v2,0822T002,599,599,600,467177,1253.35,1253.35,0.0
skhynix_c6in_latency_v2,0822T002,600,600,601,533678,1253.35,1253.35,0.0
skhynix_c6in_latency_v2,0822T002,601,601,602,474788,1253.35,1253.55,1.59572346112455
skhynix_c6in_latency_v2,0822T002,602,602,603,541744,1253.55,1253.55,0.0
skhynix_c6in_latency_v2,0822T002,603,603,604,533242,1253.55,1253.55,0.0
skhynix_c6in_latency_v2,0822T002,604,604,605,550318,1253.55,1253.55,0.0
skhynix_c6in_latency_v2,0822T002,605,605,606,625309,1253.55,1253.55,0.0
skhynix_c6in_latency_v2,0822T002,606,606,607,450434,1253.55,1253.55,0.0
skhynix_c6in_latency_v2,0822T002,607,607,608,545407,1253.55,1253.55,0.0
skhynix_c6in_latency_v2,0822T002,608,608,609,524049,1253.55,1253.55,0.0
skhynix_c6in_latency_v2,0822T002,609,609,610,546571,1253.55,1253.6,0.3988672171030635
skhynix_c6in_latency_v2,0822T002,610,610,611,521760,1253.6,1253.65,0.39885130823374204
skhynix_c6in_latency_v2,0822T002,611,611,612,622242,1253.65,1253.65,0.0
skhynix_c6in_latency_v2,0822T002,612,612,613,562315,1253.65,1253.65,0.0
skhynix_c6in_latency_v2,0822T002,613,613,614,498189,1253.65,1253.65,0.0
skhynix_c6in_latency_v2,0822T002,614,614,615,549122,1253.65,1253.65,0.0
skhynix_c6in_latency_v2,0822T002,615,615,616,517818,1253.65,1253.65,0.0
skhynix_c6in_latency_v2,0822T002,616,616,617,583986,1253.65,1253.65,0.0
skhynix_c6in_latency_v2,0822T002,617,617,618,504180,1253.65,1253.65,0.0
skhynix_c6in_latency_v2,0822T002,618,618,619,554519,1253.65,1253.65,0.0
skhynix_c6in_latency_v2,0822T002,619,619,620,537122,1253.65,1253.65,0.0
skhynix_c6in_latency_v2,0822T002,620,620,621,537952,1253.65,1253.65,0.0
skhynix_c6in_latency_v2,0822T002,621,621,622,532223,1253.65,1253.65,0.0
skhynix_c6in_latency_v2,0822T002,622,622,623,552211,1253.65,1253.65,0.0
skhynix_c6in_latency_v2,0822T002,623,623,624,530771,1253.65,1253.65,0.0
skhynix_c6in_latency_v2,0822T002,624,624,625,540144,1253.65,1253.65,0.0
skhynix_c6in_latency_v2,0822T002,625,625,626,509519,1253.65,1253.65,0.0
skhynix_c6in_latency_v2,0822T002,626,626,627,573507,1253.65,1253.65,0.0
skhynix_c6in_latency_v2,0822T002,627,627,628,547461,1253.65,1253.65,0.0
skhynix_c6in_latency_v2,0822T002,628,628,629,583305,1253.65,1253.65,0.0
skhynix_c6in_latency_v2,0822T002,629,629,630,487996,1253.65,1253.65,0.0
skhynix_c6in_latency_v2,0822T002,630,630,631,527757,1253.65,1253.65,0.0
skhynix_c6in_latency_v2,0822T002,631,631,632,539691,1253.65,1253.65,0.0
skhynix_c6in_latency_v2,0822T002,632,632,633,539468,1253.65,1253.65,0.0
skhynix_c6in_latency_v2,0822T002,633,633,634,639359,1253.65,1253.65,0.0
skhynix_c6in_latency_v2,0822T002,634,634,635,421193,1253.65,1253.65,0.0
skhynix_c6in_latency_v2,0822T002,635,635,636,512723,1253.65,1253.65,0.0
skhynix_c6in_latency_v2,0822T002,636,636,637,574644,1253.65,1253.65,0.0
skhynix_c6in_latency_v2,0822T002,637,637,638,562675,1253.65,1253.65,0.0
skhynix_c6in_latency_v2,0822T002,638,638,639,495074,1253.65,1253.65,0.0
skhynix_c6in_latency_v2,0822T002,639,639,640,527227,1253.65,1253.65,0.0
skhynix_c6in_latency_v2,0822T002,640,640,641,562215,1253.65,1253.65,0.0
skhynix_c6in_latency_v2,0822T002,641,641,642,551021,1253.65,1253.65,0.0
skhynix_c6in_latency_v2,0822T002,642,642,643,491768,1253.65,1253.65,0.0
skhynix_c6in_latency_v2,0822T002,643,643,644,572235,1253.65,1253.65,0.0
skhynix_c6in_latency_v2,0822T002,644,644,645,502821,1253.65,1253.65,0.0
skhynix_c6in_latency_v2,0822T002,645,645,646,560701,1253.65,1253.65,0.0
skhynix_c6in_latency_v2,0822T002,646,646,647,576177,1253.65,1253.65,0.0
skhynix_c6in_latency_v2,0822T002,647,647,648,512476,1253.65,1253.65,0.0
skhynix_c6in_latency_v2,0822T002,648,648,649,494649,1253.65,1253.65,0.0
skhynix_c6in_latency_v2,0822T002,649,649,650,573784,1253.65,1253.65,0.0
skhynix_c6in_latency_v2,0822T002,650,650,651,530595,1253.65,1253.65,0.0
skhynix_c6in_latency_v2,0822T002,651,651,652,601205,1253.65,1253.65,0.0
skhynix_c6in_latency_v2,0822T002,652,652,653,603642,1253.65,1253.65,0.0
skhynix_c6in_latency_v2,0822T002,653,653,654,505219,1253.65,1253.65,0.0
skhynix_c6in_latency_v2,0822T002,654,654,655,564008,1253.65,1253.65,0.0
skhynix_c6in_latency_v2,0822T002,655,655,656,504578,1253.65,1253.65,0.0
skhynix_c6in_latency_v2,0822T002,656,656,657,606667,1253.65,1253.65,0.0
skhynix_c6in_latency_v2,0822T002,657,657,658,494650,1253.65,1253.65,0.0
skhynix_c6in_latency_v2,0822T002,658,658,659,506578,1253.65,1253.65,0.0
skhynix_c6in_latency_v2,0822T002,659,659,660,558801,1253.65,1253.65,0.0
skhynix_c6in_latency_v2,0822T002,660,660,661,481924,1253.65,1253.65,0.0
skhynix_c6in_latency_v2,0822T002,661,661,662,734927,1253.65,1253.65,0.0
skhynix_c6in_latency_v2,0822T002,662,662,663,410437,1253.65,1253.65,0.0
skhynix_c6in_latency_v2,0822T002,663,663,664,609608,1253.65,1253.65,0.0
skhynix_c6in_latency_v2,0822T002,664,664,665,621233,1253.65,1253.65,0.0
skhynix_c6in_latency_v2,0822T002,665,665,666,698464,1253.65,1253.65,0.0
skhynix_c6in_latency_v2,0822T002,666,666,667,398575,1253.65,1253.65,0.0
skhynix_c6in_latency_v2,0822T002,667,667,668,556684,1253.65,1253.65,0.0
skhynix_c6in_latency_v2,0822T002,668,668,669,502885,1253.65,1253.65,0.0
skhynix_c6in_latency_v2,0822T002,669,669,670,546590,1253.65,1253.65,0.0
skhynix_c6in_latency_v2,0822T002,670,670,671,633685,1253.65,1253.65,0.0
skhynix_c6in_latency_v2,0822T002,671,671,672,396712,1253.65,1253.65,0.0
skhynix_c6in_latency_v2,0822T002,672,672,673,521513,1253.65,1253.65,0.0
skhynix_c6in_latency_v2,0822T002,673,673,674,567849,1253.65,1253.65,0.0
skhynix_c6in_latency_v2,0822T002,674,674,675,509218,1253.65,1253.65,0.0
skhynix_c6in_latency_v2,0822T002,675,675,676,586459,1253.65,1253.65,0.0
skhynix_c6in_latency_v2,0822T002,676,676,677,513759,1253.65,1253.65,0.0
skhynix_c6in_latency_v2,0822T002,677,677,678,547943,1253.65,1253.65,0.0
skhynix_c6in_latency_v2,0822T002,678,678,679,508840,1253.65,1253.65,0.0
skhynix_c6in_latency_v2,0822T002,679,679,680,569419,1253.65,1253.65,0.0
skhynix_c6in_latency_v2,0822T002,680,680,681,432362,1253.65,1253.65,0.0
skhynix_c6in_latency_v2,0822T002,681,681,682,574550,1253.65,1253.65,0.0
skhynix_c6in_latency_v2,0822T002,682,682,683,571460,1253.65,1253.65,0.0
skhynix_c6in_latency_v2,0822T002,683,683,684,470552,1253.65,1253.65,0.0
skhynix_c6in_latency_v2,0822T002,684,684,685,561657,1253.65,1253.65,0.0
skhynix_c6in_latency_v2,0822T002,685,685,686,564932,1253.65,1253.65,0.0
skhynix_c6in_latency_v2,0822T002,686,686,687,504808,1253.65,1253.7,0.3988354006297972
skhynix_c6in_latency_v2,0822T002,687,687,688,538856,1253.7,1253.75,0.3988194942965185
skhynix_c6in_latency_v2,0822T002,688,688,689,530942,1253.75,1253.75,0.0
skhynix_c6in_latency_v2,0822T002,689,689,690,647020,1253.75,1253.75,0.0
skhynix_c6in_latency_v2,0822T002,690,690,691,423426,1253.75,1253.75,0.0
skhynix_c6in_latency_v2,0822T002,691,691,692,540898,1253.75,1253.75,0.0
skhynix_c6in_latency_v2,0822T002,692,692,693,561881,1253.75,1253.75,0.0
skhynix_c6in_latency_v2,0822T002,693,693,694,514718,1253.75,1253.75,0.0
skhynix_c6in_latency_v2,0822T002,694,694,695,528916,1253.75,1253.75,0.0
skhynix_c6in_latency_v2,0822T002,695,695,696,593622,1253.75,1253.75,0.0
skhynix_c6in_latency_v2,0822T002,696,696,697,480163,1253.75,1253.75,0.0
skhynix_c6in_latency_v2,0822T002,697,697,698,529597,1253.75,1253.75,0.0
skhynix_c6in_latency_v2,0822T002,698,698,699,539440,1253.75,1253.75,0.0
skhynix_c6in_latency_v2,0822T002,699,699,700,536055,1253.75,1253.75,0.0
skhynix_c6in_latency_v2,0822T002,700,700,701,538723,1253.75,1253.75,0.0
skhynix_c6in_latency_v2,0822T002,701,701,702,549746,1253.75,1253.75,0.0
skhynix_c6in_latency_v2,0822T002,702,702,703,542717,1253.75,1253.75,0.0
skhynix_c6in_latency_v2,0822T002,703,703,704,600057,1253.75,1253.75,0.0
skhynix_c6in_latency_v2,0822T002,704,704,705,619872,1253.75,1253.75,0.0
skhynix_c6in_latency_v2,0822T002,705,705,706,619314,1253.75,1253.75,0.0
skhynix_c6in_latency_v2,0822T002,706,706,707,574045,1253.75,1253.75,0.0
skhynix_c6in_latency_v2,0822T002,707,707,708,506654,1253.75,1253.75,0.0
skhynix_c6in_latency_v2,0822T002,708,708,709,558905,1253.75,1253.75,0.0
skhynix_c6in_latency_v2,0822T002,709,709,710,544256,1253.75,1253.75,0.0
skhynix_c6in_latency_v2,0822T002,710,710,711,523754,1253.75,1253.75,0.0
skhynix_c6in_latency_v2,0822T002,711,711,712,537446,1253.75,1253.75,0.0
skhynix_c6in_latency_v2,0822T002,712,712,713,535970,1253.75,1253.75,0.0
skhynix_c6in_latency_v2,0822T002,713,713,714,536425,1253.75,1253.75,0.0
skhynix_c6in_latency_v2,0822T002,714,714,715,518376,1253.75,1253.75,0.0
skhynix_c6in_latency_v2,0822T002,715,715,716,608384,1253.75,1253.75,0.0
skhynix_c6in_latency_v2,0822T002,716,716,717,498218,1253.75,1253.75,0.0
skhynix_c6in_latency_v2,0822T002,717,717,718,510001,1253.75,1253.75,0.0
skhynix_c6in_latency_v2,0822T002,718,718,719,560116,1253.75,1253.75,0.0
skhynix_c6in_latency_v2,0822T002,719,719,720,528488,1253.75,1253.75,0.0
skhynix_c6in_latency_v2,0822T002,720,720,721,552556,1253.75,1253.75,0.0
skhynix_c6in_latency_v2,0822T002,721,721,722,517089,1253.75,1253.75,0.0
skhynix_c6in_latency_v2,0822T002,722,722,723,516175,1253.75,1253.75,0.0
skhynix_c6in_latency_v2,0822T002,723,723,724,557826,1253.75,1253.75,0.0
skhynix_c6in_latency_v2,0822T002,724,724,725,519869,1253.75,1253.75,0.0
skhynix_c6in_latency_v2,0822T002,725,725,726,590874,1253.75,1253.75,0.0
skhynix_c6in_latency_v2,0822T002,726,726,727,670166,1253.75,1253.75,0.0
skhynix_c6in_latency_v2,0822T002,727,727,728,444892,1253.75,1253.75,0.0
skhynix_c6in_latency_v2,0822T002,728,728,729,510080,1253.75,1253.75,0.0
skhynix_c6in_latency_v2,0822T002,729,729,730,552246,1253.75,1253.75,0.0
skhynix_c6in_latency_v2,0822T002,730,730,731,545744,1253.75,1253.75,0.0
skhynix_c6in_latency_v2,0822T002,731,731,732,526089,1253.75,1253.75,0.0
skhynix_c6in_latency_v2,0822T002,732,732,733,555918,1253.75,1253.75,0.0
skhynix_c6in_latency_v2,0822T002,733,733,734,536965,1253.75,1253.75,0.0
skhynix_c6in_latency_v2,0822T002,734,734,735,519710,1253.75,1253.75,0.0
skhynix_c6in_latency_v2,0822T002,735,735,736,551153,1253.75,1253.75,0.0
skhynix_c6in_latency_v2,0822T002,736,736,737,588336,1253.75,1253.75,0.0
skhynix_c6in_latency_v2,0822T002,737,737,738,528673,1253.75,1253.75,0.0
skhynix_c6in_latency_v2,0822T002,738,738,739,520108,1253.75,1253.75,0.0
skhynix_c6in_latency_v2,0822T002,739,739,740,612528,1253.75,1253.75,0.0
skhynix_c6in_latency_v2,0822T002,740,740,741,506441,1253.75,1253.75,0.0
skhynix_c6in_latency_v2,0822T002,741,741,742,574696,1253.75,1253.75,0.0
skhynix_c6in_latency_v2,0822T002,742,742,743,463510,1253.75,1253.75,0.0
skhynix_c6in_latency_v2,0822T002,743,743,744,577109,1253.75,1253.75,0.0
skhynix_c6in_latency_v2,0822T002,744,744,745,520488,1253.75,1253.75,0.0
skhynix_c6in_latency_v2,0822T002,745,745,746,550449,1253.75,1253.75,0.0
skhynix_c6in_latency_v2,0822T002,746,746,747,543572,1253.75,1253.75,0.0
skhynix_c6in_latency_v2,0822T002,747,747,748,550071,1253.75,1253.7,0.3988035892319404
skhynix_c6in_latency_v2,0822T002,748,748,749,493807,1253.7,1253.65,0.3988194942965185
skhynix_c6in_latency_v2,0822T002,749,749,750,571006,1253.65,1253.65,0.0
skhynix_c6in_latency_v2,0822T002,750,750,751,483251,1253.65,1253.65,0.0
skhynix_c6in_latency_v2,0822T002,751,751,752,582513,1253.65,1253.65,0.0
skhynix_c6in_latency_v2,0822T002,752,752,753,555759,1253.65,1253.65,0.0
skhynix_c6in_latency_v2,0822T002,753,753,754,489156,1253.65,1253.65,0.0
skhynix_c6in_latency_v2,0822T002,754,754,755,771435,1253.65,1253.65,0.0
skhynix_c6in_latency_v2,0822T002,755,755,756,330140,1253.65,1253.65,0.0
skhynix_c6in_latency_v2,0822T002,756,756,757,524783,1253.65,1253.65,0.0
skhynix_c6in_latency_v2,0822T002,757,757,758,556649,1253.65,1253.65,0.0
skhynix_c6in_latency_v2,0822T002,758,758,759,531211,1253.65,1253.65,0.0
skhynix_c6in_latency_v2,0822T002,759,759,760,546841,1253.65,1253.65,0.0
skhynix_c6in_latency_v2,0822T002,760,760,761,592296,1253.65,1253.65,0.0
skhynix_c6in_latency_v2,0822T002,761,761,762,492637,1253.65,1253.65,0.0
skhynix_c6in_latency_v2,0822T002,762,762,763,541809,1253.65,1253.65,0.0
skhynix_c6in_latency_v2,0822T002,763,763,764,560445,1253.65,1253.65,0.0
skhynix_c6in_latency_v2,0822T002,764,764,765,524155,1253.65,1253.65,0.0
skhynix_c6in_latency_v2,0822T002,765,765,766,627014,1253.65,1253.65,0.0
skhynix_c6in_latency_v2,0822T002,766,766,767,480632,1253.65,1253.65,0.0
skhynix_c6in_latency_v2,0822T002,767,767,768,450967,1253.65,1253.65,0.0
skhynix_c6in_latency_v2,0822T002,768,768,769,640489,1253.65,1253.65,0.0
skhynix_c6in_latency_v2,0822T002,769,769,770,517577,1253.65,1253.65,0.0
skhynix_c6in_latency_v2,0822T002,770,770,771,507367,1253.65,1253.65,0.0
skhynix_c6in_latency_v2,0822T002,771,771,772,552771,1253.65,1253.65,0.0
skhynix_c6in_latency_v2,0822T002,772,772,773,501562,1253.65,1253.65,0.0
skhynix_c6in_latency_v2,0822T002,773,773,774,556091,1253.65,1253.65,0.0
skhynix_c6in_latency_v2,0822T002,774,774,775,570113,1253.65,1253.65,0.0
skhynix_c6in_latency_v2,0822T002,775,775,776,532252,1253.65,1253.65,0.0
skhynix_c6in_latency_v2,0822T002,776,776,777,502262,1253.65,1253.65,0.0
skhynix_c6in_latency_v2,0822T002,777,777,778,554839,1253.65,1253.65,0.0
skhynix_c6in_latency_v2,0822T002,778,778,779,565380,1253.65,1253.65,0.0
skhynix_c6in_latency_v2,0822T002,779,779,780,511069,1253.65,1253.65,0.0
skhynix_c6in_latency_v2,0822T002,780,780,781,531024,1253.65,1253.65,0.0
skhynix_c6in_latency_v2,0822T002,781,781,782,542628,1253.65,1253.65,0.0
skhynix_c6in_latency_v2,0822T002,782,782,783,645407,1253.65,1253.65,0.0
skhynix_c6in_latency_v2,0822T002,783,783,784,437328,1253.65,1253.65,0.0
skhynix_c6in_latency_v2,0822T002,784,784,785,533010,1253.65,1253.65,0.0
skhynix_c6in_latency_v2,0822T002,785,785,786,551872,1253.65,1253.65,0.0
skhynix_c6in_latency_v2,0822T002,786,786,787,501373,1253.65,1253.65,0.0
skhynix_c6in_latency_v2,0822T002,787,787,788,558457,1253.65,1253.65,0.0
skhynix_c6in_latency_v2,0822T002,788,788,789,521551,1253.65,1253.65,0.0
skhynix_c6in_latency_v2,0822T002,789,789,790,675095,1253.65,1253.55,0.797670801261408
skhynix_c6in_latency_v2,0822T002,790,790,791,493896,1253.55,1253.45,0.797734434206127
skhynix_c6in_latency_v2,0822T002,791,791,792,552008,1253.45,1253.45,0.0
skhynix_c6in_latency_v2,0822T002,792,792,793,502265,1253.45,1253.45,0.0
skhynix_c6in_latency_v2,0822T002,793,793,794,572607,1253.45,1253.45,0.0
skhynix_c6in_latency_v2,0822T002,794,794,795,550274,1253.45,1253.45,0.0
skhynix_c6in_latency_v2,0822T002,795,795,796,524879,1253.45,1253.35,0.7977980773077221
skhynix_c6in_latency_v2,0822T002,796,796,797,525305,1253.35,1253.4,0.39893086528249816
skhynix_c6in_latency_v2,0822T002,797,797,798,559828,1253.4,1253.35,0.39891495133382715
skhynix_c6in_latency_v2,0822T002,798,798,799,540031,1253.35,1253.35,0.0
skhynix_c6in_latency_v2,0822T002,799,799,800,563285,1253.35,1253.35,0.0
skhynix_c6in_latency_v2,0822T002,800,800,801,619970,1253.35,1253.55,1.59572346112455
skhynix_c6in_latency_v2,0822T002,801,801,802,444720,1253.55,1253.55,0.0
skhynix_c6in_latency_v2,0822T002,802,802,803,521226,1253.55,1253.55,0.0
skhynix_c6in_latency_v2,0822T002,803,803,804,486403,1253.55,1253.55,0.0
skhynix_c6in_latency_v2,0822T002,804,804,805,547580,1253.55,1253.55,0.0
skhynix_c6in_latency_v2,0822T002,805,805,806,556847,1253.55,1253.55,0.0
skhynix_c6in_latency_v2,0822T002,806,806,807,526111,1253.55,1253.55,0.0
skhynix_c6in_latency_v2,0822T002,807,807,808,530520,1253.55,1253.55,0.0
skhynix_c6in_latency_v2,0822T002,808,808,809,547165,1253.55,1253.55,0.0
skhynix_c6in_latency_v2,0822T002,809,809,810,551829,1253.55,1253.55,0.0
skhynix_c6in_latency_v2,0822T002,810,810,811,620168,1253.55,1253.55,0.0
skhynix_c6in_latency_v2,0822T002,811,811,812,474982,1253.55,1253.55,0.0
skhynix_c6in_latency_v2,0822T002,812,812,813,595438,1253.55,1253.55,0.0
skhynix_c6in_latency_v2,0822T002,813,813,814,600394,1253.55,1253.55,0.0
skhynix_c6in_latency_v2,0822T002,814,814,815,469381,1253.55,1253.55,0.0
skhynix_c6in_latency_v2,0822T002,815,815,816,594362,1253.55,1253.55,0.0
skhynix_c6in_latency_v2,0822T002,816,816,817,508082,1253.55,1253.55,0.0
skhynix_c6in_latency_v2,0822T002,817,817,818,482052,1253.55,1253.55,0.0
skhynix_c6in_latency_v2,0822T002,818,818,819,526009,1253.55,1253.55,0.0
skhynix_c6in_latency_v2,0822T002,819,819,820,534779,1253.55,1253.55,0.0
skhynix_c6in_latency_v2,0822T002,820,820,821,537482,1253.55,1253.55,0.0
skhynix_c6in_latency_v2,0822T002,821,821,822,580719,1253.55,1253.55,0.0
skhynix_c6in_latency_v2,0822T002,822,822,823,531966,1253.55,1253.55,0.0
skhynix_c6in_latency_v2,0822T002,823,823,824,535168,1253.55,1253.55,0.0
skhynix_c6in_latency_v2,0822T002,824,824,825,494529,1253.55,1253.55,0.0
skhynix_c6in_latency_v2,0822T002,825,825,826,562558,1253.55,1253.55,0.0
skhynix_c6in_latency_v2,0822T002,826,826,827,564754,1253.55,1253.55,0.0
skhynix_c6in_latency_v2,0822T002,827,827,828,523904,1253.55,1253.55,0.0
skhynix_c6in_latency_v2,0822T002,828,828,829,541593,1253.55,1253.55,0.0
skhynix_c6in_latency_v2,0822T002,829,829,830,571189,1253.55,1253.55,0.0
skhynix_c6in_latency_v2,0822T002,830,830,831,489782,1253.55,1253.55,0.0
skhynix_c6in_latency_v2,0822T002,831,831,832,528627,1253.55,1253.55,0.0
skhynix_c6in_latency_v2,0822T002,832,832,833,545623,1253.55,1253.55,0.0
skhynix_c6in_latency_v2,0822T002,833,833,834,544523,1253.55,1253.55,0.0
skhynix_c6in_latency_v2,0822T002,834,834,835,560932,1253.55,1253.55,0.0
skhynix_c6in_latency_v2,0822T002,835,835,836,557944,1253.55,1253.55,0.0
skhynix_c6in_latency_v2,0822T002,836,836,837,509330,1253.55,1253.55,0.0
skhynix_c6in_latency_v2,0822T002,837,837,838,543936,1253.55,1253.55,0.0
skhynix_c6in_latency_v2,0822T002,838,838,839,575397,1253.55,1253.55,0.0
skhynix_c6in_latency_v2,0822T002,839,839,840,539610,1253.55,1253.55,0.0
skhynix_c6in_latency_v2,0822T002,840,840,841,473323,1253.55,1253.55,0.0
skhynix_c6in_latency_v2,0822T002,841,841,842,587144,1253.55,1253.55,0.0
skhynix_c6in_latency_v2,0822T002,842,842,843,500570,1253.55,1253.55,0.0
skhynix_c6in_latency_v2,0822T002,843,843,844,527685,1253.55,1253.55,0.0
skhynix_c6in_latency_v2,0822T002,844,844,845,572483,1253.55,1253.55,0.0
skhynix_c6in_latency_v2,0822T002,845,845,846,563888,1253.55,1253.55,0.0
skhynix_c6in_latency_v2,0822T002,846,846,847,526694,1253.55,1253.55,0.0
skhynix_c6in_latency_v2,0822T002,847,847,848,750007,1253.55,1253.55,0.0
skhynix_c6in_latency_v2,0822T002,848,848,849,390951,1253.55,1253.55,0.0
skhynix_c6in_latency_v2,0822T002,849,849,850,557731,1253.55,1253.55,0.0
skhynix_c6in_latency_v2,0822T002,850,850,851,543622,1253.55,1253.55,0.0
skhynix_c6in_latency_v2,0822T002,851,851,852,501521,1253.55,1253.55,0.0
skhynix_c6in_latency_v2,0822T002,852,852,853,546691,1253.55,1253.65,0.7977344342079409
skhynix_c6in_latency_v2,0822T002,853,853,854,482174,1253.65,1253.75,0.7976708012595944
skhynix_c6in_latency_v2,0822T002,854,854,855,564242,1253.75,1253.75,0.0
skhynix_c6in_latency_v2,0822T002,855,855,856,531837,1253.75,1253.75,0.0
skhynix_c6in_latency_v2,0822T002,856,856,857,484832,1253.75,1253.75,0.0
skhynix_c6in_latency_v2,0822T002,857,857,858,592630,1253.75,1253.75,0.0
skhynix_c6in_latency_v2,0822T002,858,858,859,524198,1253.75,1253.75,0.0
skhynix_c6in_latency_v2,0822T002,859,859,860,532503,1253.75,1253.75,0.0
skhynix_c6in_latency_v2,0822T002,860,860,861,544744,1253.75,1253.75,0.0
skhynix_c6in_latency_v2,0822T002,861,861,862,508089,1253.75,1253.75,0.0
skhynix_c6in_latency_v2,0822T002,862,862,863,561317,1253.75,1253.75,0.0
skhynix_c6in_latency_v2,0822T002,863,863,864,519449,1253.75,1253.75,0.0
skhynix_c6in_latency_v2,0822T002,864,864,865,537127,1253.75,1253.75,0.0
skhynix_c6in_latency_v2,0822T002,865,865,866,601381,1253.75,1253.75,0.0
skhynix_c6in_latency_v2,0822T002,866,866,867,569674,1253.75,1253.75,0.0
skhynix_c6in_latency_v2,0822T002,867,867,868,432143,1253.75,1253.75,0.0
skhynix_c6in_latency_v2,0822T002,868,868,869,573214,1253.75,1253.75,0.0
skhynix_c6in_latency_v2,0822T002,869,869,870,517526,1253.75,1253.75,0.0
skhynix_c6in_latency_v2,0822T002,870,870,871,515335,1253.75,1253.75,0.0
skhynix_c6in_latency_v2,0822T002,871,871,872,536645,1253.75,1253.75,0.0
skhynix_c6in_latency_v2,0822T002,872,872,873,537585,1253.75,1253.75,0.0
skhynix_c6in_latency_v2,0822T002,873,873,874,563419,1253.75,1253.75,0.0
skhynix_c6in_latency_v2,0822T002,874,874,875,517919,1253.75,1253.75,0.0
skhynix_c6in_latency_v2,0822T002,875,875,876,561012,1253.75,1253.75,0.0
skhynix_c6in_latency_v2,0822T002,876,876,877,526893,1253.75,1253.75,0.0
skhynix_c6in_latency_v2,0822T002,877,877,878,453722,1253.75,1253.75,0.0
skhynix_c6in_latency_v2,0822T002,878,878,879,532081,1253.75,1253.75,0.0
skhynix_c6in_latency_v2,0822T002,879,879,880,575286,1253.75,1253.75,0.0
skhynix_c6in_latency_v2,0822T002,880,880,881,590203,1253.75,1253.75,0.0
skhynix_c6in_latency_v2,0822T002,881,881,882,482067,1253.75,1253.75,0.0
skhynix_c6in_latency_v2,0822T002,882,882,883,605648,1253.75,1253.75,0.0
skhynix_c6in_latency_v2,0822T002,883,883,884,472594,1253.75,1253.75,0.0
skhynix_c6in_latency_v2,0822T002,884,884,885,567617,1253.75,1253.75,0.0
skhynix_c6in_latency_v2,0822T002,885,885,886,549094,1253.75,1253.75,0.0
skhynix_c6in_latency_v2,0822T002,886,886,887,586040,1253.75,1253.75,0.0
skhynix_c6in_latency_v2,0822T002,887,887,888,604623,1253.75,1253.75,0.0
skhynix_c6in_latency_v2,0822T002,888,888,889,581589,1253.75,1253.75,0.0
skhynix_c6in_latency_v2,0822T002,889,889,890,533897,1253.75,1253.75,0.0
skhynix_c6in_latency_v2,0822T002,890,890,891,565132,1253.75,1253.75,0.0
skhynix_c6in_latency_v2,0822T002,891,891,892,542686,1253.75,1253.75,0.0
skhynix_c6in_latency_v2,0822T002,892,892,893,551954,1253.75,1253.75,0.0
skhynix_c6in_latency_v2,0822T002,893,893,894,553377,1253.75,1253.75,0.0
skhynix_c6in_latency_v2,0822T002,894,894,895,533969,1253.75,1253.75,0.0
skhynix_c6in_latency_v2,0822T002,895,895,896,524449,1253.75,1253.75,0.0
skhynix_c6in_latency_v2,0822T002,896,896,897,529244,1253.75,1253.75,0.0
skhynix_c6in_latency_v2,0822T002,897,897,898,551776,1253.75,1253.75,0.0
skhynix_c6in_latency_v2,0822T002,898,898,899,467862,1253.75,1253.75,0.0
skhynix_c6in_latency_v2,0822T002,899,899,900,529181,1253.75,1253.75,0.0
skhynix_c6in_latency_v2,0822T002,900,900,901,563718,1253.75,1253.75,0.0
skhynix_c6in_latency_v2,0822T002,901,901,902,533279,1253.75,1253.75,0.0
skhynix_c6in_latency_v2,0822T002,902,902,903,591851,1253.75,1253.75,0.0
skhynix_c6in_latency_v2,0822T002,903,903,904,682030,1253.75,1253.75,0.0
skhynix_c6in_latency_v2,0822T002,904,904,905,407646,1253.75,1253.75,0.0
skhynix_c6in_latency_v2,0822T002,905,905,906,538049,1253.75,1253.75,0.0
skhynix_c6in_latency_v2,0822T002,906,906,907,551545,1253.75,1253.75,0.0
skhynix_c6in_latency_v2,0822T002,907,907,908,510339,1253.75,1253.75,0.0
skhynix_c6in_latency_v2,0822T002,908,908,909,589791,1253.75,1253.8,0.3988035892319404
skhynix_c6in_latency_v2,0822T002,909,909,910,505877,1253.8,1253.85,0.3987876854359111
skhynix_c6in_latency_v2,0822T002,910,910,911,531927,1253.85,1253.95,0.7975435658183709
skhynix_c6in_latency_v2,0822T002,911,911,912,543537,1253.95,1253.95,0.0
skhynix_c6in_latency_v2,0822T002,912,912,913,541485,1253.95,1253.95,0.0
skhynix_c6in_latency_v2,0822T002,913,913,914,591175,1253.95,1253.95,0.0
skhynix_c6in_latency_v2,0822T002,914,914,915,517278,1253.95,1253.95,0.0
skhynix_c6in_latency_v2,0822T002,915,915,916,520043,1253.95,1253.95,0.0
skhynix_c6in_latency_v2,0822T002,916,916,917,499337,1253.95,1253.95,0.0
skhynix_c6in_latency_v2,0822T002,917,917,918,580891,1253.95,1253.95,0.0
skhynix_c6in_latency_v2,0822T002,918,918,919,540333,1253.95,1253.95,0.0
skhynix_c6in_latency_v2,0822T002,919,919,920,537555,1253.95,1253.95,0.0
skhynix_c6in_latency_v2,0822T002,920,920,921,556284,1253.95,1253.95,0.0
skhynix_c6in_latency_v2,0822T002,921,921,922,644683,1253.95,1253.95,0.0
skhynix_c6in_latency_v2,0822T002,922,922,923,647881,1253.95,1254.25,2.3924398899474024
skhynix_c6in_latency_v2,0822T002,923,923,924,457176,1254.25,1254.25,0.0
skhynix_c6in_latency_v2,0822T002,924,924,925,572636,1254.25,1254.25,0.0
skhynix_c6in_latency_v2,0822T002,925,925,926,478333,1254.25,1254.25,0.0
skhynix_c6in_latency_v2,0822T002,926,926,927,546725,1254.25,1254.25,0.0
skhynix_c6in_latency_v2,0822T002,927,927,928,540151,1254.25,1254.25,0.0
skhynix_c6in_latency_v2,0822T002,928,928,929,553826,1254.25,1254.25,0.0
skhynix_c6in_latency_v2,0822T002,929,929,930,522398,1254.25,1254.25,0.0
skhynix_c6in_latency_v2,0822T002,930,930,931,553642,1254.25,1254.25,0.0
skhynix_c6in_latency_v2,0822T002,931,931,932,579242,1254.25,1254.2,0.39864460833130977
skhynix_c6in_latency_v2,0822T002,932,932,933,496997,1254.2,1254.2,0.0
skhynix_c6in_latency_v2,0822T002,933,933,934,503533,1254.2,1254.25,0.39866050071722625
skhynix_c6in_latency_v2,0822T002,934,934,935,575525,1254.25,1254.25,0.0
skhynix_c6in_latency_v2,0822T002,935,935,936,578282,1254.25,1254.25,0.0
skhynix_c6in_latency_v2,0822T002,936,936,937,429465,1254.25,1254.25,0.0
skhynix_c6in_latency_v2,0822T002,937,937,938,581609,1254.25,1254.3,0.39864460833130977
skhynix_c6in_latency_v2,0822T002,938,938,939,556219,1254.3,1254.35,0.39862871721242543
skhynix_c6in_latency_v2,0822T002,939,939,940,522737,1254.35,1254.35,0.0
skhynix_c6in_latency_v2,0822T002,940,940,941,536272,1254.35,1254.35,0.0
skhynix_c6in_latency_v2,0822T002,941,941,942,534255,1254.35,1254.35,0.0
skhynix_c6in_latency_v2,0822T002,942,942,943,536729,1254.35,1254.35,0.0
skhynix_c6in_latency_v2,0822T002,943,943,944,598844,1254.35,1254.35,0.0
skhynix_c6in_latency_v2,0822T002,944,944,945,534718,1254.35,1254.35,0.0
skhynix_c6in_latency_v2,0822T002,945,945,946,527779,1254.35,1254.35,0.0
skhynix_c6in_latency_v2,0822T002,946,946,947,623699,1254.35,1254.35,0.0
skhynix_c6in_latency_v2,0822T002,947,947,948,541458,1254.35,1254.35,0.0
skhynix_c6in_latency_v2,0822T002,948,948,949,518436,1254.35,1254.35,0.0
skhynix_c6in_latency_v2,0822T002,949,949,950,540126,1254.35,1254.35,0.0
skhynix_c6in_latency_v2,0822T002,950,950,951,557919,1254.35,1254.35,0.0
skhynix_c6in_latency_v2,0822T002,951,951,952,511599,1254.35,1254.35,0.0
skhynix_c6in_latency_v2,0822T002,952,952,953,538581,1254.35,1254.35,0.0
skhynix_c6in_latency_v2,0822T002,953,953,954,553837,1254.35,1254.3,0.398612827360422
skhynix_c6in_latency_v2,0822T002,954,954,955,514385,1254.3,1254.3,0.0
skhynix_c6in_latency_v2,0822T002,955,955,956,583034,1254.3,1254.25,0.39862871721242543
skhynix_c6in_latency_v2,0822T002,956,956,957,519006,1254.25,1254.2,0.39864460833130977
skhynix_c6in_latency_v2,0822T002,957,957,958,609473,1254.2,1253.95,1.9933025035879444
skhynix_c6in_latency_v2,0822T002,958,958,959,528036,1253.95,1253.95,0.0
skhynix_c6in_latency_v2,0822T002,959,959,960,547912,1253.95,1253.95,0.0
skhynix_c6in_latency_v2,0822T002,960,960,961,528152,1253.95,1253.95,0.0
skhynix_c6in_latency_v2,0822T002,961,961,962,550519,1253.95,1253.95,0.0
skhynix_c6in_latency_v2,0822T002,962,962,963,536333,1253.95,1253.95,0.0
skhynix_c6in_latency_v2,0822T002,963,963,964,512290,1253.95,1253.95,0.0
skhynix_c6in_latency_v2,0822T002,964,964,965,544918,1253.95,1253.95,0.0
skhynix_c6in_latency_v2,0822T002,965,965,966,534067,1253.95,1253.95,0.0
skhynix_c6in_latency_v2,0822T002,966,966,967,554695,1253.95,1253.95,0.0
skhynix_c6in_latency_v2,0822T002,967,967,968,520222,1253.95,1253.95,0.0
skhynix_c6in_latency_v2,0822T002,968,968,969,657746,1253.95,1254.05,0.7974799633151964
skhynix_c6in_latency_v2,0822T002,969,969,970,411950,1254.05,1254.05,0.0
skhynix_c6in_latency_v2,0822T002,970,970,971,498253,1254.05,1254.05,0.0
skhynix_c6in_latency_v2,0822T002,971,971,972,543872,1254.05,1254.1,0.39870818547868525
skhynix_c6in_latency_v2,0822T002,972,972,973,586182,1254.1,1254.15,0.39869228929257555
skhynix_c6in_latency_v2,0822T002,973,973,974,571288,1254.15,1254.2,0.3986763943703267
skhynix_c6in_latency_v2,0822T002,974,974,975,601362,1254.2,1254.2,0.0
skhynix_c6in_latency_v2,0822T002,975,975,976,525964,1254.2,1254.2,0.0
skhynix_c6in_latency_v2,0822T002,976,976,977,531256,1254.2,1254.2,0.0
skhynix_c6in_latency_v2,0822T002,977,977,978,707311,1254.2,1254.2,0.0
skhynix_c6in_latency_v2,0822T002,978,978,979,469334,1254.2,1254.2,0.0
skhynix_c6in_latency_v2,0822T002,979,979,980,582679,1254.2,1254.2,0.0
skhynix_c6in_latency_v2,0822T002,980,980,981,457102,1254.2,1254.2,0.0
skhynix_c6in_latency_v2,0822T002,981,981,982,550100,1254.2,1254.2,0.0
skhynix_c6in_latency_v2,0822T002,982,982,983,532851,1254.2,1254.2,0.0
skhynix_c6in_latency_v2,0822T002,983,983,984,549852,1254.2,1254.2,0.0
skhynix_c6in_latency_v2,0822T002,984,984,985,596112,1254.2,1254.2,0.0
skhynix_c6in_latency_v2,0822T002,985,985,986,509670,1254.2,1254.2,0.0
skhynix_c6in_latency_v2,0822T002,986,986,987,479933,1254.2,1254.2,0.0
skhynix_c6in_latency_v2,0822T002,987,987,988,625932,1254.2,1254.25,0.39866050071722625
skhynix_c6in_latency_v2,0822T002,988,988,989,514408,1254.25,1254.25,0.0
skhynix_c6in_latency_v2,0822T002,989,989,990,546697,1254.25,1254.25,0.0
skhynix_c6in_latency_v2,0822T002,990,990,991,530976,1254.25,1254.25,0.0
skhynix_c6in_latency_v2,0822T002,991,991,992,513688,1254.25,1254.25,0.0
skhynix_c6in_latency_v2,0822T002,992,992,993,606298,1254.25,1254.25,0.0
skhynix_c6in_latency_v2,0822T002,993,993,994,550331,1254.25,1254.25,0.0
skhynix_c6in_latency_v2,0822T002,994,994,995,561159,1254.25,1254.25,0.0
skhynix_c6in_latency_v2,0822T002,995,995,996,530017,1254.25,1254.25,0.0
skhynix_c6in_latency_v2,0822T002,996,996,997,533797,1254.25,1254.25,0.0
skhynix_c6in_latency_v2,0822T002,997,997,998,540313,1254.25,1254.25,0.0
skhynix_c6in_latency_v2,0822T002,998,998,999,515576,1254.25,1254.25,0.0
skhynix_c6in_latency_v2,0822T002,999,999,1000,544983,1254.25,1254.25,0.0
skhynix_c6in_latency_v2,0822T002,1000,1000,1001,529737,1254.25,1254.25,0.0
skhynix_c6in_latency_v2,0822T002,1001,1001,1002,537704,1254.25,1254.25,0.0
skhynix_c6in_latency_v2,0822T002,1002,1002,1003,570667,1254.25,1254.25,0.0
skhynix_c6in_latency_v2,0822T002,1003,1003,1004,598569,1254.25,1254.25,0.0
skhynix_c6in_latency_v2,0822T002,1004,1004,1005,551913,1254.25,1254.25,0.0
skhynix_c6in_latency_v2,0822T002,1005,1005,1006,555745,1254.25,1254.25,0.0
skhynix_c6in_latency_v2,0822T002,1006,1006,1007,515354,1254.25,1254.25,0.0
skhynix_c6in_latency_v2,0822T002,1007,1007,1008,499899,1254.25,1254.25,0.0
skhynix_c6in_latency_v2,0822T002,1008,1008,1009,637228,1254.25,1254.25,0.0
skhynix_c6in_latency_v2,0822T002,1009,1009,1010,593324,1254.25,1254.25,0.0
skhynix_c6in_latency_v2,0822T002,1010,1010,1011,647599,1254.25,1254.25,0.0
skhynix_c6in_latency_v2,0822T002,1011,1011,1012,570179,1254.25,1254.25,0.0
skhynix_c6in_latency_v2,0822T002,1012,1012,1013,600593,1254.25,1254.45,1.5945784333270518
skhynix_c6in_latency_v2,0822T002,1013,1013,1014,554942,1254.45,1254.45,0.0
skhynix_c6in_latency_v2,0822T002,1014,1014,1015,551926,1254.45,1254.45,0.0
skhynix_c6in_latency_v2,0822T002,1015,1015,1016,542338,1254.45,1254.45,0.0
skhynix_c6in_latency_v2,0822T002,1016,1016,1017,539624,1254.45,1254.45,0.0
skhynix_c6in_latency_v2,0822T002,1017,1017,1018,549365,1254.45,1254.5,0.39858105145645123
skhynix_c6in_latency_v2,0822T002,1018,1018,1019,526253,1254.5,1254.5,0.0
skhynix_c6in_latency_v2,0822T002,1019,1019,1020,585049,1254.5,1254.45,0.3985651654041812
skhynix_c6in_latency_v2,0822T002,1020,1020,1021,607708,1254.45,1254.45,0.0
skhynix_c6in_latency_v2,0822T002,1021,1021,1022,510833,1254.45,1254.45,0.0
skhynix_c6in_latency_v2,0822T002,1022,1022,1023,558740,1254.45,1254.45,0.0
skhynix_c6in_latency_v2,0822T002,1023,1023,1024,596344,1254.45,1254.45,0.0
skhynix_c6in_latency_v2,0822T002,1024,1024,1025,466374,1254.45,1254.45,0.0
skhynix_c6in_latency_v2,0822T002,1025,1025,1026,566961,1254.45,1254.45,0.0
skhynix_c6in_latency_v2,0822T002,1026,1026,1027,565185,1254.45,1254.45,0.0
skhynix_c6in_latency_v2,0822T002,1027,1027,1028,473513,1254.45,1254.45,0.0
skhynix_c6in_latency_v2,0822T002,1028,1028,1029,563763,1254.45,1254.45,0.0
skhynix_c6in_latency_v2,0822T002,1029,1029,1030,512596,1254.45,1254.45,0.0
skhynix_c6in_latency_v2,0822T002,1030,1030,1031,556696,1254.45,1254.45,0.0
skhynix_c6in_latency_v2,0822T002,1031,1031,1032,544014,1254.45,1254.5,0.39858105145645123
skhynix_c6in_latency_v2,0822T002,1032,1032,1033,678603,1254.5,1254.5,0.0
skhynix_c6in_latency_v2,0822T002,1033,1033,1034,404765,1254.5,1254.45,0.3985651654041812
skhynix_c6in_latency_v2,0822T002,1034,1034,1035,524434,1254.45,1254.45,0.0
skhynix_c6in_latency_v2,0822T002,1035,1035,1036,534325,1254.45,1254.45,0.0
skhynix_c6in_latency_v2,0822T002,1036,1036,1037,539490,1254.45,1254.45,0.0
skhynix_c6in_latency_v2,0822T002,1037,1037,1038,558229,1254.45,1254.5,0.39858105145645123
skhynix_c6in_latency_v2,0822T002,1038,1038,1039,529615,1254.5,1254.5,0.0
skhynix_c6in_latency_v2,0822T002,1039,1039,1040,561160,1254.5,1254.5,0.0
skhynix_c6in_latency_v2,0822T002,1040,1040,1041,491126,1254.5,1254.5,0.0
skhynix_c6in_latency_v2,0822T002,1041,1041,1042,548226,1254.5,1254.45,0.3985651654041812
skhynix_c6in_latency_v2,0822T002,1042,1042,1043,529603,1254.45,1254.45,0.0
skhynix_c6in_latency_v2,0822T002,1043,1043,1044,565436,1254.45,1254.45,0.0
skhynix_c6in_latency_v2,0822T002,1044,1044,1045,531939,1254.45,1254.45,0.0
skhynix_c6in_latency_v2,0822T002,1045,1045,1046,533549,1254.45,1254.45,0.0
skhynix_c6in_latency_v2,0822T002,1046,1046,1047,640013,1254.45,1254.5,0.39858105145645123
skhynix_c6in_latency_v2,0822T002,1047,1047,1048,677008,1254.5,1254.5,0.0
skhynix_c6in_latency_v2,0822T002,1048,1048,1049,568004,1254.5,1254.5,0.0
skhynix_c6in_latency_v2,0822T002,1049,1049,1050,555352,1254.5,1254.45,0.3985651654041812
skhynix_c6in_latency_v2,0822T002,1050,1050,1051,590598,1254.45,1254.45,0.0
skhynix_c6in_latency_v2,0822T002,1051,1051,1052,624916,1254.45,1254.45,0.0
skhynix_c6in_latency_v2,0822T002,1052,1052,1053,621996,1254.45,1254.45,0.0
skhynix_c6in_latency_v2,0822T002,1053,1053,1054,625801,1254.45,1254.5,0.39858105145645123
skhynix_c6in_latency_v2,0822T002,1054,1054,1055,470658,1254.5,1254.5,0.0
skhynix_c6in_latency_v2,0822T002,1055,1055,1056,544911,1254.5,1254.5,0.0
skhynix_c6in_latency_v2,0822T002,1056,1056,1057,564199,1254.5,1254.5,0.0
skhynix_c6in_latency_v2,0822T002,1057,1057,1058,589296,1254.5,1254.45,0.3985651654041812
skhynix_c6in_latency_v2,0822T002,1058,1058,1059,524890,1254.45,1254.45,0.0
skhynix_c6in_latency_v2,0822T002,1059,1059,1060,755240,1254.45,1254.45,0.0
skhynix_c6in_latency_v2,0822T002,1060,1060,1061,375961,1254.45,1254.45,0.0
skhynix_c6in_latency_v2,0822T002,1061,1061,1062,487898,1254.45,1254.5,0.39858105145645123
skhynix_c6in_latency_v2,0822T002,1062,1062,1063,569359,1254.5,1254.5,0.0
skhynix_c6in_latency_v2,0822T002,1063,1063,1064,502474,1254.5,1254.5,0.0
skhynix_c6in_latency_v2,0822T002,1064,1064,1065,590421,1254.5,1254.5,0.0
skhynix_c6in_latency_v2,0822T002,1065,1065,1066,490556,1254.5,1254.5,0.0
skhynix_c6in_latency_v2,0822T002,1066,1066,1067,533092,1254.5,1254.5,0.0
skhynix_c6in_latency_v2,0822T002,1067,1067,1068,557088,1254.5,1254.5,0.0
skhynix_c6in_latency_v2,0822T002,1068,1068,1069,540063,1254.5,1254.5,0.0
skhynix_c6in_latency_v2,0822T002,1069,1069,1070,576304,1254.5,1254.5,0.0
skhynix_c6in_latency_v2,0822T002,1070,1070,1071,531686,1254.5,1254.5,0.0
skhynix_c6in_latency_v2,0822T002,1071,1071,1072,509998,1254.5,1254.5,0.0
skhynix_c6in_latency_v2,0822T002,1072,1072,1073,585149,1254.5,1254.5,0.0
skhynix_c6in_latency_v2,0822T002,1073,1073,1074,467542,1254.5,1254.5,0.0
skhynix_c6in_latency_v2,0822T002,1074,1074,1075,572577,1254.5,1254.5,0.0
skhynix_c6in_latency_v2,0822T002,1075,1075,1076,588922,1254.5,1254.35,1.195695496214356
skhynix_c6in_latency_v2,0822T002,1076,1076,1077,564973,1254.35,1254.35,0.0
skhynix_c6in_latency_v2,0822T002,1077,1077,1078,538597,1254.35,1254.35,0.0
skhynix_c6in_latency_v2,0822T002,1078,1078,1079,571139,1254.35,1254.35,0.0
skhynix_c6in_latency_v2,0822T002,1079,1079,1080,517002,1254.35,1254.35,0.0
skhynix_c6in_latency_v2,0822T002,1080,1080,1081,516382,1254.35,1254.35,0.0
skhynix_c6in_latency_v2,0822T002,1081,1081,1082,552080,1254.35,1254.35,0.0
skhynix_c6in_latency_v2,0822T002,1082,1082,1083,552775,1254.35,1254.35,0.0
skhynix_c6in_latency_v2,0822T002,1083,1083,1084,494390,1254.35,1254.35,0.0
skhynix_c6in_latency_v2,0822T002,1084,1084,1085,557136,1254.35,1254.35,0.0
skhynix_c6in_latency_v2,0822T002,1085,1085,1086,570172,1254.35,1254.35,0.0
skhynix_c6in_latency_v2,0822T002,1086,1086,1087,605665,1254.35,1254.35,0.0
skhynix_c6in_latency_v2,0822T002,1087,1087,1088,659018,1254.35,1254.35,0.0
skhynix_c6in_latency_v2,0822T002,1088,1088,1089,389186,1254.35,1254.4,0.39861282736223463
skhynix_c6in_latency_v2,0822T002,1089,1089,1090,476313,1254.4,1254.35,0.3985969387769603
skhynix_c6in_latency_v2,0822T002,1090,1090,1091,596224,1254.35,1254.35,0.0
skhynix_c6in_latency_v2,0822T002,1091,1091,1092,547605,1254.35,1254.45,0.7972256547226566
skhynix_c6in_latency_v2,0822T002,1092,1092,1093,575162,1254.45,1254.4,0.39858105145645123
skhynix_c6in_latency_v2,0822T002,1093,1093,1094,486257,1254.4,1254.4,0.0
skhynix_c6in_latency_v2,0822T002,1094,1094,1095,556856,1254.4,1254.4,0.0
skhynix_c6in_latency_v2,0822T002,1095,1095,1096,568965,1254.4,1254.4,0.0
skhynix_c6in_latency_v2,0822T002,1096,1096,1097,515170,1254.4,1254.4,0.0
skhynix_c6in_latency_v2,0822T002,1097,1097,1098,663389,1254.4,1254.55,1.195790816325443
skhynix_c6in_latency_v2,0822T002,1098,1098,1099,467829,1254.55,1254.55,0.0
skhynix_c6in_latency_v2,0822T002,1099,1099,1100,537252,1254.55,1254.55,0.0
skhynix_c6in_latency_v2,0822T002,1100,1100,1101,504001,1254.55,1254.55,0.0
skhynix_c6in_latency_v2,0822T002,1101,1101,1102,548024,1254.55,1254.55,0.0
skhynix_c6in_latency_v2,0822T002,1102,1102,1103,540155,1254.55,1254.5,0.398549280618186
skhynix_c6in_latency_v2,0822T002,1103,1103,1104,515937,1254.5,1254.5,0.0
skhynix_c6in_latency_v2,0822T002,1104,1104,1105,564533,1254.5,1254.5,0.0
skhynix_c6in_latency_v2,0822T002,1105,1105,1106,521148,1254.5,1254.5,0.0
skhynix_c6in_latency_v2,0822T002,1106,1106,1107,564111,1254.5,1254.5,0.0
skhynix_c6in_latency_v2,0822T002,1107,1107,1108,489139,1254.5,1254.5,0.0
skhynix_c6in_latency_v2,0822T002,1108,1108,1109,527037,1254.5,1254.5,0.0
skhynix_c6in_latency_v2,0822T002,1109,1109,1110,533198,1254.5,1254.5,0.0
skhynix_c6in_latency_v2,0822T002,1110,1110,1111,516470,1254.5,1254.5,0.0
skhynix_c6in_latency_v2,0822T002,1111,1111,1112,576097,1254.5,1254.5,0.0
skhynix_c6in_latency_v2,0822T002,1112,1112,1113,626457,1254.5,1254.5,0.0
skhynix_c6in_latency_v2,0822T002,1113,1113,1114,515454,1254.5,1254.5,0.0
skhynix_c6in_latency_v2,0822T002,1114,1114,1115,634500,1254.5,1254.5,0.0
skhynix_c6in_latency_v2,0822T002,1115,1115,1116,595694,1254.5,1254.5,0.0
skhynix_c6in_latency_v2,0822T002,1116,1116,1117,446240,1254.5,1254.5,0.0
skhynix_c6in_latency_v2,0822T002,1117,1117,1118,520170,1254.5,1254.5,0.0
skhynix_c6in_latency_v2,0822T002,1118,1118,1119,650385,1254.5,1254.35,1.195695496214356
skhynix_c6in_latency_v2,0822T002,1119,1119,1120,535244,1254.35,1254.35,0.0
skhynix_c6in_latency_v2,0822T002,1120,1120,1121,504600,1254.35,1254.35,0.0
skhynix_c6in_latency_v2,0822T002,1121,1121,1122,549449,1254.35,1254.4,0.39861282736223463
skhynix_c6in_latency_v2,0822T002,1122,1122,1123,510466,1254.4,1254.4,0.0
skhynix_c6in_latency_v2,0822T002,1123,1123,1124,581491,1254.4,1254.35,0.3985969387769603
skhynix_c6in_latency_v2,0822T002,1124,1124,1125,494537,1254.35,1254.35,0.0
skhynix_c6in_latency_v2,0822T002,1125,1125,1126,550630,1254.35,1254.35,0.0
skhynix_c6in_latency_v2,0822T002,1126,1126,1127,504165,1254.35,1254.35,0.0
skhynix_c6in_latency_v2,0822T002,1127,1127,1128,593660,1254.35,1254.4,0.39861282736223463
skhynix_c6in_latency_v2,0822T002,1128,1128,1129,505054,1254.4,1254.4,0.0
skhynix_c6in_latency_v2,0822T002,1129,1129,1130,531125,1254.4,1254.4,0.0
skhynix_c6in_latency_v2,0822T002,1130,1130,1131,589623,1254.4,1254.4,0.0
skhynix_c6in_latency_v2,0822T002,1131,1131,1132,516901,1254.4,1254.4,0.0
skhynix_c6in_latency_v2,0822T002,1132,1132,1133,588938,1254.4,1254.4,0.0
skhynix_c6in_latency_v2,0822T002,1133,1133,1134,465117,1254.4,1254.4,0.0
skhynix_c6in_latency_v2,0822T002,1134,1134,1135,546612,1254.4,1254.55,1.195790816325443
skhynix_c6in_latency_v2,0822T002,1135,1135,1136,480952,1254.55,1254.45,0.797098561236372
skhynix_c6in_latency_v2,0822T002,1136,1136,1137,582088,1254.45,1254.45,0.0
skhynix_c6in_latency_v2,0822T002,1137,1137,1138,529802,1254.45,1254.4,0.39858105145645123
skhynix_c6in_latency_v2,0822T002,1138,1138,1139,545512,1254.4,1254.5,0.7971938775502952
skhynix_c6in_latency_v2,0822T002,1139,1139,1140,512006,1254.5,1254.5,0.0
skhynix_c6in_latency_v2,0822T002,1140,1140,1141,571135,1254.5,1254.5,0.0
skhynix_c6in_latency_v2,0822T002,1141,1141,1142,519088,1254.5,1254.5,0.0
skhynix_c6in_latency_v2,0822T002,1142,1142,1143,555968,1254.5,1254.5,0.0
skhynix_c6in_latency_v2,0822T002,1143,1143,1144,647849,1254.5,1254.5,0.0
skhynix_c6in_latency_v2,0822T002,1144,1144,1145,427206,1254.5,1254.5,0.0
skhynix_c6in_latency_v2,0822T002,1145,1145,1146,533141,1254.5,1254.5,0.0
skhynix_c6in_latency_v2,0822T002,1146,1146,1147,616990,1254.5,1254.5,0.0
skhynix_c6in_latency_v2,0822T002,1147,1147,1148,515765,1254.5,1254.5,0.0
skhynix_c6in_latency_v2,0822T002,1148,1148,1149,510026,1254.5,1254.5,0.0
skhynix_c6in_latency_v2,0822T002,1149,1149,1150,537246,1254.5,1254.5,0.0
skhynix_c6in_latency_v2,0822T002,1150,1150,1151,505233,1254.5,1254.5,0.0
skhynix_c6in_latency_v2,0822T002,1151,1151,1152,593756,1254.5,1254.5,0.0
skhynix_c6in_latency_v2,0822T002,1152,1152,1153,539659,1254.5,1254.5,0.0
skhynix_c6in_latency_v2,0822T002,1153,1153,1154,520211,1254.5,1254.5,0.0
skhynix_c6in_latency_v2,0822T002,1154,1154,1155,531869,1254.5,1254.5,0.0
skhynix_c6in_latency_v2,0822T002,1155,1155,1156,554248,1254.5,1254.5,0.0
skhynix_c6in_latency_v2,0822T002,1156,1156,1157,666670,1254.5,1254.5,0.0
skhynix_c6in_latency_v2,0822T002,1157,1157,1158,491442,1254.5,1254.5,0.0
skhynix_c6in_latency_v2,0822T002,1158,1158,1159,558598,1254.5,1254.5,0.0
skhynix_c6in_latency_v2,0822T002,1159,1159,1160,503100,1254.5,1254.5,0.0
skhynix_c6in_latency_v2,0822T002,1160,1160,1161,550628,1254.5,1254.5,0.0
skhynix_c6in_latency_v2,0822T002,1161,1161,1162,564633,1254.5,1254.5,0.0
skhynix_c6in_latency_v2,0822T002,1162,1162,1163,558641,1254.5,1254.5,0.0
skhynix_c6in_latency_v2,0822T002,1163,1163,1164,520907,1254.5,1254.5,0.0
skhynix_c6in_latency_v2,0822T002,1164,1164,1165,540842,1254.5,1254.5,0.0
skhynix_c6in_latency_v2,0822T002,1165,1165,1166,511975,1254.5,1254.5,0.0
skhynix_c6in_latency_v2,0822T002,1166,1166,1167,553796,1254.5,1254.5,0.0
skhynix_c6in_latency_v2,0822T002,1167,1167,1168,541277,1254.5,1254.5,0.0
skhynix_c6in_latency_v2,0822T002,1168,1168,1169,536487,1254.5,1254.5,0.0
skhynix_c6in_latency_v2,0822T002,1169,1169,1170,532793,1254.5,1254.5,0.0
skhynix_c6in_latency_v2,0822T002,1170,1170,1171,540780,1254.5,1254.5,0.0
skhynix_c6in_latency_v2,0822T002,1171,1171,1172,536856,1254.5,1254.5,0.0
skhynix_c6in_latency_v2,0822T002,1172,1172,1173,593105,1254.5,1254.5,0.0
skhynix_c6in_latency_v2,0822T002,1173,1173,1174,509946,1254.5,1254.5,0.0
skhynix_c6in_latency_v2,0822T002,1174,1174,1175,512361,1254.5,1254.5,0.0
skhynix_c6in_latency_v2,0822T002,1175,1175,1176,553136,1254.5,1254.45,0.3985651654041812
skhynix_c6in_latency_v2,0822T002,1176,1176,1177,599705,1254.45,1254.55,0.7971621029129025
skhynix_c6in_latency_v2,0822T002,1177,1177,1178,487677,1254.55,1254.55,0.0
skhynix_c6in_latency_v2,0822T002,1178,1178,1179,530677,1254.55,1254.65,0.7970985612381845
skhynix_c6in_latency_v2,0822T002,1179,1179,1180,501049,1254.65,1254.65,0.0
skhynix_c6in_latency_v2,0822T002,1180,1180,1181,740452,1254.65,1255.1,3.586657633601547
skhynix_c6in_latency_v2,0822T002,1181,1181,1182,502811,1255.1,1255.25,1.1951238945111222
skhynix_c6in_latency_v2,0822T002,1182,1182,1183,549325,1255.25,1255.5,1.9916351324437362
skhynix_c6in_latency_v2,0822T002,1183,1183,1184,459074,1255.5,1255.55,0.3982477100753049
skhynix_c6in_latency_v2,0822T002,1184,1184,1185,627960,1255.55,1255.45,0.796463701166095
skhynix_c6in_latency_v2,0822T002,1185,1185,1186,627571,1255.45,1255.45,0.0
skhynix_c6in_latency_v2,0822T002,1186,1186,1187,576384,1255.45,1255.4,0.3982635708308139
skhynix_c6in_latency_v2,0822T002,1187,1187,1188,701722,1255.4,1255.25,1.1948382985509873
skhynix_c6in_latency_v2,0822T002,1188,1188,1189,496056,1255.25,1254.95,2.3899621589321214
skhynix_c6in_latency_v2,0822T002,1189,1189,1190,499847,1254.95,1254.85,0.7968444957977323
skhynix_c6in_latency_v2,0822T002,1190,1190,1191,517921,1254.85,1254.9,0.39845399848732443
skhynix_c6in_latency_v2,0822T002,1191,1191,1192,536862,1254.9,1254.9,0.0
skhynix_c6in_latency_v2,0822T002,1192,1192,1193,557659,1254.9,1254.95,0.3984381225592041
skhynix_c6in_latency_v2,0822T002,1193,1193,1194,525343,1254.95,1254.95,0.0
skhynix_c6in_latency_v2,0822T002,1194,1194,1195,519742,1254.95,1254.95,0.0
skhynix_c6in_latency_v2,0822T002,1195,1195,1196,592664,1254.95,1254.95,0.0
skhynix_c6in_latency_v2,0822T002,1196,1196,1197,634778,1254.95,1255.25,2.3905334873895736
skhynix_c6in_latency_v2,0822T002,1197,1197,1198,500771,1255.25,1255.25,0.0
skhynix_c6in_latency_v2,0822T002,1198,1198,1199,688789,1255.25,1255.25,0.0
skhynix_c6in_latency_v2,0822T002,1199,1199,1200,370860,1255.25,1255.25,0.0
skhynix_c6in_latency_v2,0822T002,1200,1200,1201,518687,1255.25,1255.25,0.0
skhynix_c6in_latency_v2,0822T002,1201,1201,1202,546745,1255.25,1255.25,0.0
skhynix_c6in_latency_v2,0822T002,1202,1202,1203,523670,1255.25,1255.25,0.0
skhynix_c6in_latency_v2,0822T002,1203,1203,1204,534038,1255.25,1255.25,0.0
skhynix_c6in_latency_v2,0822T002,1204,1204,1205,546170,1255.25,1255.25,0.0
skhynix_c6in_latency_v2,0822T002,1205,1205,1206,537387,1255.25,1255.25,0.0
skhynix_c6in_latency_v2,0822T002,1206,1206,1207,533002,1255.25,1255.25,0.0
skhynix_c6in_latency_v2,0822T002,1207,1207,1208,579089,1255.25,1255.25,0.0
skhynix_c6in_latency_v2,0822T002,1208,1208,1209,540574,1255.25,1255.25,0.0
skhynix_c6in_latency_v2,0822T002,1209,1209,1210,583538,1255.25,1255.25,0.0
skhynix_c6in_latency_v2,0822T002,1210,1210,1211,502460,1255.25,1255.25,0.0
skhynix_c6in_latency_v2,0822T002,1211,1211,1212,606174,1255.25,1255.25,0.0
skhynix_c6in_latency_v2,0822T002,1212,1212,1213,601994,1255.25,1255.45,1.593308105955351
skhynix_c6in_latency_v2,0822T002,1213,1213,1214,508384,1255.45,1255.4,0.3982635708308139
skhynix_c6in_latency_v2,0822T002,1214,1214,1215,500017,1255.4,1255.4,0.0
skhynix_c6in_latency_v2,0822T002,1215,1215,1216,512343,1255.4,1255.4,0.0
skhynix_c6in_latency_v2,0822T002,1216,1216,1217,533828,1255.4,1255.4,0.0
skhynix_c6in_latency_v2,0822T002,1217,1217,1218,561052,1255.4,1255.4,0.0
skhynix_c6in_latency_v2,0822T002,1218,1218,1219,654372,1255.4,1255.4,0.0
skhynix_c6in_latency_v2,0822T002,1219,1219,1220,542896,1255.4,1255.4,0.0
skhynix_c6in_latency_v2,0822T002,1220,1220,1221,545653,1255.4,1255.4,0.0
skhynix_c6in_latency_v2,0822T002,1221,1221,1222,551507,1255.4,1255.4,0.0
skhynix_c6in_latency_v2,0822T002,1222,1222,1223,518080,1255.4,1255.4,0.0
skhynix_c6in_latency_v2,0822T002,1223,1223,1224,606727,1255.4,1255.35,0.3982794328515365
skhynix_c6in_latency_v2,0822T002,1224,1224,1225,582915,1255.35,1255.25,0.7965905922643809
skhynix_c6in_latency_v2,0822T002,1225,1225,1226,531078,1255.25,1255.25,0.0
skhynix_c6in_latency_v2,0822T002,1226,1226,1227,559415,1255.25,1255.25,0.0
skhynix_c6in_latency_v2,0822T002,1227,1227,1228,583633,1255.25,1255.25,0.0
skhynix_c6in_latency_v2,0822T002,1228,1228,1229,488284,1255.25,1255.25,0.0
skhynix_c6in_latency_v2,0822T002,1229,1229,1230,542613,1255.25,1255.25,0.0
skhynix_c6in_latency_v2,0822T002,1230,1230,1231,526463,1255.25,1255.25,0.0
skhynix_c6in_latency_v2,0822T002,1231,1231,1232,561757,1255.25,1255.25,0.0
skhynix_c6in_latency_v2,0822T002,1232,1232,1233,535056,1255.25,1255.25,0.0
skhynix_c6in_latency_v2,0822T002,1233,1233,1234,502734,1255.25,1255.25,0.0
skhynix_c6in_latency_v2,0822T002,1234,1234,1235,502984,1255.25,1255.25,0.0
skhynix_c6in_latency_v2,0822T002,1235,1235,1236,677893,1255.25,1255.25,0.0
skhynix_c6in_latency_v2,0822T002,1236,1236,1237,402762,1255.25,1255.25,0.0
skhynix_c6in_latency_v2,0822T002,1237,1237,1238,581322,1255.25,1255.35,0.79665405297677
skhynix_c6in_latency_v2,0822T002,1238,1238,1239,511169,1255.35,1255.3,0.39829529613219045
skhynix_c6in_latency_v2,0822T002,1239,1239,1240,524044,1255.3,1255.3,0.0
skhynix_c6in_latency_v2,0822T002,1240,1240,1241,520292,1255.3,1255.3,0.0
skhynix_c6in_latency_v2,0822T002,1241,1241,1242,579784,1255.3,1255.3,0.0
skhynix_c6in_latency_v2,0822T002,1242,1242,1243,568725,1255.3,1255.3,0.0
skhynix_c6in_latency_v2,0822T002,1243,1243,1244,522593,1255.3,1255.3,0.0
skhynix_c6in_latency_v2,0822T002,1244,1244,1245,516845,1255.3,1255.3,0.0
skhynix_c6in_latency_v2,0822T002,1245,1245,1246,521365,1255.3,1255.35,0.39831116067836
skhynix_c6in_latency_v2,0822T002,1246,1246,1247,567224,1255.35,1255.35,0.0
skhynix_c6in_latency_v2,0822T002,1247,1247,1248,531639,1255.35,1255.35,0.0
skhynix_c6in_latency_v2,0822T002,1248,1248,1249,522114,1255.35,1255.35,0.0
skhynix_c6in_latency_v2,0822T002,1249,1249,1250,579109,1255.35,1255.35,0.0
skhynix_c6in_latency_v2,0822T002,1250,1250,1251,525901,1255.35,1255.35,0.0
skhynix_c6in_latency_v2,0822T002,1251,1251,1252,531842,1255.35,1255.35,0.0
skhynix_c6in_latency_v2,0822T002,1252,1252,1253,567011,1255.35,1255.35,0.0
skhynix_c6in_latency_v2,0822T002,1253,1253,1254,581054,1255.35,1255.35,0.0
skhynix_c6in_latency_v2,0822T002,1254,1254,1255,538530,1255.35,1255.35,0.0
skhynix_c6in_latency_v2,0822T002,1255,1255,1256,481830,1255.35,1255.35,0.0
skhynix_c6in_latency_v2,0822T002,1256,1256,1257,523611,1255.35,1255.35,0.0
skhynix_c6in_latency_v2,0822T002,1257,1257,1258,545088,1255.35,1255.35,0.0
skhynix_c6in_latency_v2,0822T002,1258,1258,1259,535673,1255.35,1255.35,0.0
skhynix_c6in_latency_v2,0822T002,1259,1259,1260,546656,1255.35,1255.35,0.0
skhynix_c6in_latency_v2,0822T002,1260,1260,1261,511532,1255.35,1255.35,0.0
skhynix_c6in_latency_v2,0822T002,1261,1261,1262,592268,1255.35,1255.35,0.0
skhynix_c6in_latency_v2,0822T002,1262,1262,1263,446378,1255.35,1255.35,0.0
skhynix_c6in_latency_v2,0822T002,1263,1263,1264,527542,1255.35,1255.35,0.0
skhynix_c6in_latency_v2,0822T002,1264,1264,1265,560621,1255.35,1255.25,0.7965905922643809
skhynix_c6in_latency_v2,0822T002,1265,1265,1266,537967,1255.25,1255.2,0.398327026488385
skhynix_c6in_latency_v2,0822T002,1266,1266,1267,541912,1255.2,1255.25,0.3983428935624166
skhynix_c6in_latency_v2,0822T002,1267,1267,1268,516452,1255.25,1255.25,0.0
skhynix_c6in_latency_v2,0822T002,1268,1268,1269,565833,1255.25,1255.25,0.0
skhynix_c6in_latency_v2,0822T002,1269,1269,1270,488444,1255.25,1255.25,0.0
skhynix_c6in_latency_v2,0822T002,1270,1270,1271,586959,1255.25,1255.25,0.0
skhynix_c6in_latency_v2,0822T002,1271,1271,1272,559395,1255.25,1255.25,0.0
skhynix_c6in_latency_v2,0822T002,1272,1272,1273,478014,1255.25,1255.25,0.0
skhynix_c6in_latency_v2,0822T002,1273,1273,1274,571776,1255.25,1255.25,0.0
skhynix_c6in_latency_v2,0822T002,1274,1274,1275,503547,1255.25,1255.25,0.0
skhynix_c6in_latency_v2,0822T002,1275,1275,1276,546860,1255.25,1255.25,0.0
skhynix_c6in_latency_v2,0822T002,1276,1276,1277,528009,1255.25,1255.25,0.0
skhynix_c6in_latency_v2,0822T002,1277,1277,1278,552955,1255.25,1255.25,0.0
skhynix_c6in_latency_v2,0822T002,1278,1278,1279,514256,1255.25,1255.25,0.0
skhynix_c6in_latency_v2,0822T002,1279,1279,1280,553033,1255.25,1255.25,0.0
skhynix_c6in_latency_v2,0822T002,1280,1280,1281,544887,1255.25,1255.25,0.0
skhynix_c6in_latency_v2,0822T002,1281,1281,1282,539679,1255.25,1255.25,0.0
skhynix_c6in_latency_v2,0822T002,1282,1282,1283,486619,1255.25,1255.25,0.0
skhynix_c6in_latency_v2,0822T002,1283,1283,1284,604475,1255.25,1255.25,0.0
skhynix_c6in_latency_v2,0822T002,1284,1284,1285,493853,1255.25,1255.25,0.0
skhynix_c6in_latency_v2,0822T002,1285,1285,1286,513131,1255.25,1255.25,0.0
skhynix_c6in_latency_v2,0822T002,1286,1286,1287,560948,1255.25,1255.25,0.0
skhynix_c6in_latency_v2,0822T002,1287,1287,1288,529108,1255.25,1255.25,0.0
skhynix_c6in_latency_v2,0822T002,1288,1288,1289,552098,1255.25,1255.25,0.0
skhynix_c6in_latency_v2,0822T002,1289,1289,1290,575406,1255.25,1255.25,0.0
skhynix_c6in_latency_v2,0822T002,1290,1290,1291,508553,1255.25,1255.25,0.0
skhynix_c6in_latency_v2,0822T002,1291,1291,1292,552504,1255.25,1255.25,0.0
skhynix_c6in_latency_v2,0822T002,1292,1292,1293,531618,1255.25,1255.25,0.0
skhynix_c6in_latency_v2,0822T002,1293,1293,1294,555348,1255.25,1255.35,0.79665405297677
skhynix_c6in_latency_v2,0822T002,1294,1294,1295,522036,1255.35,1255.35,0.0
skhynix_c6in_latency_v2,0822T002,1295,1295,1296,509112,1255.35,1255.35,0.0
skhynix_c6in_latency_v2,0822T002,1296,1296,1297,617748,1255.35,1255.35,0.0
skhynix_c6in_latency_v2,0822T002,1297,1297,1298,469226,1255.35,1255.35,0.0
skhynix_c6in_latency_v2,0822T002,1298,1298,1299,510269,1255.35,1255.35,0.0
skhynix_c6in_latency_v2,0822T002,1299,1299,1300,594321,1255.35,1255.35,0.0
skhynix_c6in_latency_v2,0822T002,1300,1300,1301,544087,1255.35,1255.35,0.0
skhynix_c6in_latency_v2,0822T002,1301,1301,1302,685156,1255.35,1255.35,0.0
skhynix_c6in_latency_v2,0822T002,1302,1302,1303,370208,1255.35,1255.35,0.0
skhynix_c6in_latency_v2,0822T002,1303,1303,1304,552029,1255.35,1255.35,0.0
skhynix_c6in_latency_v2,0822T002,1304,1304,1305,497976,1255.35,1255.35,0.0
skhynix_c6in_latency_v2,0822T002,1305,1305,1306,613124,1255.35,1255.35,0.0
skhynix_c6in_latency_v2,0822T002,1306,1306,1307,491140,1255.35,1255.35,0.0
skhynix_c6in_latency_v2,0822T002,1307,1307,1308,561034,1255.35,1255.35,0.0
skhynix_c6in_latency_v2,0822T002,1308,1308,1309,516684,1255.35,1255.35,0.0
skhynix_c6in_latency_v2,0822T002,1309,1309,1310,632451,1255.35,1255.35,0.0
skhynix_c6in_latency_v2,0822T002,1310,1310,1311,458940,1255.35,1255.35,0.0
skhynix_c6in_latency_v2,0822T002,1311,1311,1312,573359,1255.35,1255.35,0.0
skhynix_c6in_latency_v2,0822T002,1312,1312,1313,566885,1255.35,1255.35,0.0
skhynix_c6in_latency_v2,0822T002,1313,1313,1314,606453,1255.35,1255.35,0.0
skhynix_c6in_latency_v2,0822T002,1314,1314,1315,468742,1255.35,1255.35,0.0
skhynix_c6in_latency_v2,0822T002,1315,1315,1316,642653,1255.35,1255.35,0.0
skhynix_c6in_latency_v2,0822T002,1316,1316,1317,550498,1255.35,1255.35,0.0
skhynix_c6in_latency_v2,0822T002,1317,1317,1318,505915,1255.35,1255.35,0.0
skhynix_c6in_latency_v2,0822T002,1318,1318,1319,531360,1255.35,1255.35,0.0
skhynix_c6in_latency_v2,0822T002,1319,1319,1320,526806,1255.35,1255.35,0.0
skhynix_c6in_latency_v2,0822T002,1320,1320,1321,542711,1255.35,1255.35,0.0
skhynix_c6in_latency_v2,0822T002,1321,1321,1322,561382,1255.35,1255.35,0.0
skhynix_c6in_latency_v2,0822T002,1322,1322,1323,562724,1255.35,1255.35,0.0
skhynix_c6in_latency_v2,0822T002,1323,1323,1324,500818,1255.35,1255.35,0.0
skhynix_c6in_latency_v2,0822T002,1324,1324,1325,532784,1255.35,1255.35,0.0
skhynix_c6in_latency_v2,0822T002,1325,1325,1326,533362,1255.35,1255.35,0.0
skhynix_c6in_latency_v2,0822T002,1326,1326,1327,530656,1255.35,1255.35,0.0
skhynix_c6in_latency_v2,0822T002,1327,1327,1328,558982,1255.35,1255.35,0.0
skhynix_c6in_latency_v2,0822T002,1328,1328,1329,528841,1255.35,1255.35,0.0
skhynix_c6in_latency_v2,0822T002,1329,1329,1330,595558,1255.35,1255.35,0.0
skhynix_c6in_latency_v2,0822T002,1330,1330,1331,475291,1255.35,1255.35,0.0
skhynix_c6in_latency_v2,0822T002,1331,1331,1332,565818,1255.35,1255.35,0.0
skhynix_c6in_latency_v2,0822T002,1332,1332,1333,531047,1255.35,1255.35,0.0
skhynix_c6in_latency_v2,0822T002,1333,1333,1334,523425,1255.35,1255.35,0.0
skhynix_c6in_latency_v2,0822T002,1334,1334,1335,565073,1255.35,1255.25,0.7965905922643809
skhynix_c6in_latency_v2,0822T002,1335,1335,1336,562040,1255.25,1255.25,0.0
skhynix_c6in_latency_v2,0822T002,1336,1336,1337,527604,1255.25,1255.25,0.0
skhynix_c6in_latency_v2,0822T002,1337,1337,1338,616774,1255.25,1255.25,0.0
skhynix_c6in_latency_v2,0822T002,1338,1338,1339,716956,1255.25,1255.25,0.0
skhynix_c6in_latency_v2,0822T002,1339,1339,1340,432111,1255.25,1255.25,0.0
skhynix_c6in_latency_v2,0822T002,1340,1340,1341,579357,1255.25,1255.25,0.0
skhynix_c6in_latency_v2,0822T002,1341,1341,1342,533663,1255.25,1255.25,0.0
skhynix_c6in_latency_v2,0822T002,1342,1342,1343,557279,1255.25,1255.25,0.0
skhynix_c6in_latency_v2,0822T002,1343,1343,1344,486968,1255.25,1255.25,0.0
skhynix_c6in_latency_v2,0822T002,1344,1344,1345,539862,1255.25,1255.25,0.0
skhynix_c6in_latency_v2,0822T002,1345,1345,1346,531094,1255.25,1255.25,0.0
skhynix_c6in_latency_v2,0822T002,1346,1346,1347,560718,1255.25,1255.25,0.0
skhynix_c6in_latency_v2,0822T002,1347,1347,1348,531246,1255.25,1255.25,0.0
skhynix_c6in_latency_v2,0822T002,1348,1348,1349,577073,1255.25,1255.25,0.0
skhynix_c6in_latency_v2,0822T002,1349,1349,1350,466612,1255.25,1255.25,0.0
skhynix_c6in_latency_v2,0822T002,1350,1350,1351,507956,1255.25,1255.25,0.0
skhynix_c6in_latency_v2,0822T002,1351,1351,1352,529307,1255.25,1255.25,0.0
skhynix_c6in_latency_v2,0822T002,1352,1352,1353,527468,1255.25,1255.25,0.0
skhynix_c6in_latency_v2,0822T002,1353,1353,1354,615513,1255.25,1255.25,0.0
skhynix_c6in_latency_v2,0822T002,1354,1354,1355,486680,1255.25,1255.25,0.0
skhynix_c6in_latency_v2,0822T002,1355,1355,1356,544338,1255.25,1255.25,0.0
skhynix_c6in_latency_v2,0822T002,1356,1356,1357,489803,1255.25,1255.25,0.0
skhynix_c6in_latency_v2,0822T002,1357,1357,1358,599063,1255.25,1255.25,0.0
skhynix_c6in_latency_v2,0822T002,1358,1358,1359,562585,1255.25,1255.25,0.0
skhynix_c6in_latency_v2,0822T002,1359,1359,1360,531527,1255.25,1255.25,0.0
skhynix_c6in_latency_v2,0822T002,1360,1360,1361,523623,1255.25,1255.25,0.0
skhynix_c6in_latency_v2,0822T002,1361,1361,1362,529018,1255.25,1255.25,0.0
skhynix_c6in_latency_v2,0822T002,1362,1362,1363,535760,1255.25,1255.25,0.0
skhynix_c6in_latency_v2,0822T002,1363,1363,1364,535607,1255.25,1255.25,0.0
skhynix_c6in_latency_v2,0822T002,1364,1364,1365,515685,1255.25,1255.3,0.398327026488385
skhynix_c6in_latency_v2,0822T002,1365,1365,1366,593672,1255.3,1255.3,0.0
skhynix_c6in_latency_v2,0822T002,1366,1366,1367,684776,1255.3,1255.3,0.0
skhynix_c6in_latency_v2,0822T002,1367,1367,1368,380715,1255.3,1255.3,0.0
skhynix_c6in_latency_v2,0822T002,1368,1368,1369,565557,1255.3,1255.3,0.0
skhynix_c6in_latency_v2,0822T002,1369,1369,1370,511030,1255.3,1255.35,0.39831116067836
skhynix_c6in_latency_v2,0822T002,1370,1370,1371,555127,1255.35,1255.35,0.0
skhynix_c6in_latency_v2,0822T002,1371,1371,1372,525094,1255.35,1255.3,0.39829529613219045
skhynix_c6in_latency_v2,0822T002,1372,1372,1373,545163,1255.3,1255.3,0.0
skhynix_c6in_latency_v2,0822T002,1373,1373,1374,534297,1255.3,1255.25,0.39831116067836
skhynix_c6in_latency_v2,0822T002,1374,1374,1375,556289,1255.25,1255.25,0.0
skhynix_c6in_latency_v2,0822T002,1375,1375,1376,515032,1255.25,1255.45,1.593308105955351
skhynix_c6in_latency_v2,0822T002,1376,1376,1377,543090,1255.45,1255.45,0.0
skhynix_c6in_latency_v2,0822T002,1377,1377,1378,599671,1255.45,1255.45,0.0
skhynix_c6in_latency_v2,0822T002,1378,1378,1379,481697,1255.45,1255.45,0.0
skhynix_c6in_latency_v2,0822T002,1379,1379,1380,532609,1255.45,1255.45,0.0
skhynix_c6in_latency_v2,0822T002,1380,1380,1381,557740,1255.45,1255.45,0.0
skhynix_c6in_latency_v2,0822T002,1381,1381,1382,548661,1255.45,1255.45,0.0
skhynix_c6in_latency_v2,0822T002,1382,1382,1383,509490,1255.45,1255.45,0.0
skhynix_c6in_latency_v2,0822T002,1383,1383,1384,528226,1255.45,1255.45,0.0
skhynix_c6in_latency_v2,0822T002,1384,1384,1385,543157,1255.45,1255.45,0.0
skhynix_c6in_latency_v2,0822T002,1385,1385,1386,536347,1255.45,1255.45,0.0
skhynix_c6in_latency_v2,0822T002,1386,1386,1387,539758,1255.45,1255.45,0.0
skhynix_c6in_latency_v2,0822T002,1387,1387,1388,519082,1255.45,1255.45,0.0
skhynix_c6in_latency_v2,0822T002,1388,1388,1389,557480,1255.45,1255.45,0.0
skhynix_c6in_latency_v2,0822T002,1389,1389,1390,532798,1255.45,1255.45,0.0
skhynix_c6in_latency_v2,0822T002,1390,1390,1391,609319,1255.45,1255.45,0.0
skhynix_c6in_latency_v2,0822T002,1391,1391,1392,460195,1255.45,1255.45,0.0
skhynix_c6in_latency_v2,0822T002,1392,1392,1393,563564,1255.45,1255.45,0.0
skhynix_c6in_latency_v2,0822T002,1393,1393,1394,523762,1255.45,1255.45,0.0
skhynix_c6in_latency_v2,0822T002,1394,1394,1395,671347,1255.45,1255.45,0.0
skhynix_c6in_latency_v2,0822T002,1395,1395,1396,405347,1255.45,1255.45,0.0
skhynix_c6in_latency_v2,0822T002,1396,1396,1397,542492,1255.45,1255.45,0.0
skhynix_c6in_latency_v2,0822T002,1397,1397,1398,530596,1255.45,1255.45,0.0
skhynix_c6in_latency_v2,0822T002,1398,1398,1399,557628,1255.45,1255.45,0.0
skhynix_c6in_latency_v2,0822T002,1399,1399,1400,538414,1255.45,1255.45,0.0
skhynix_c6in_latency_v2,0822T002,1400,1400,1401,497748,1255.45,1255.45,0.0
skhynix_c6in_latency_v2,0822T002,1401,1401,1402,532951,1255.45,1255.45,0.0
skhynix_c6in_latency_v2,0822T002,1402,1402,1403,556793,1255.45,1255.45,0.0
skhynix_c6in_latency_v2,0822T002,1403,1403,1404,525214,1255.45,1255.45,0.0
skhynix_c6in_latency_v2,0822T002,1404,1404,1405,526319,1255.45,1255.45,0.0
skhynix_c6in_latency_v2,0822T002,1405,1405,1406,644105,1255.45,1255.45,0.0
skhynix_c6in_latency_v2,0822T002,1406,1406,1407,438000,1255.45,1255.45,0.0
skhynix_c6in_latency_v2,0822T002,1407,1407,1408,514703,1255.45,1255.45,0.0
skhynix_c6in_latency_v2,0822T002,1408,1408,1409,555381,1255.45,1255.45,0.0
skhynix_c6in_latency_v2,0822T002,1409,1409,1410,554874,1255.45,1255.45,0.0
skhynix_c6in_latency_v2,0822T002,1410,1410,1411,535814,1255.45,1255.45,0.0
skhynix_c6in_latency_v2,0822T002,1411,1411,1412,523933,1255.45,1255.45,0.0
skhynix_c6in_latency_v2,0822T002,1412,1412,1413,547640,1255.45,1255.45,0.0
skhynix_c6in_latency_v2,0822T002,1413,1413,1414,600438,1255.45,1255.45,0.0
skhynix_c6in_latency_v2,0822T002,1414,1414,1415,478765,1255.45,1255.45,0.0
skhynix_c6in_latency_v2,0822T002,1415,1415,1416,564218,1255.45,1255.45,0.0
skhynix_c6in_latency_v2,0822T002,1416,1416,1417,505155,1255.45,1255.45,0.0
skhynix_c6in_latency_v2,0822T002,1417,1417,1418,571010,1255.45,1255.45,0.0
skhynix_c6in_latency_v2,0822T002,1418,1418,1419,540076,1255.45,1255.45,0.0
skhynix_c6in_latency_v2,0822T002,1419,1419,1420,531822,1255.45,1255.45,0.0
skhynix_c6in_latency_v2,0822T002,1420,1420,1421,559026,1255.45,1255.45,0.0
skhynix_c6in_latency_v2,0822T002,1421,1421,1422,613560,1255.45,1255.45,0.0
skhynix_c6in_latency_v2,0822T002,1422,1422,1423,661697,1255.45,1255.45,0.0
skhynix_c6in_latency_v2,0822T002,1423,1423,1424,492081,1255.45,1255.45,0.0
skhynix_c6in_latency_v2,0822T002,1424,1424,1425,592702,1255.45,1255.45,0.0
skhynix_c6in_latency_v2,0822T002,1425,1425,1426,522714,1255.45,1255.45,0.0
skhynix_c6in_latency_v2,0822T002,1426,1426,1427,522195,1255.45,1255.45,0.0
skhynix_c6in_latency_v2,0822T002,1427,1427,1428,536642,1255.45,1255.45,0.0
skhynix_c6in_latency_v2,0822T002,1428,1428,1429,525792,1255.45,1255.45,0.0
skhynix_c6in_latency_v2,0822T002,1429,1429,1430,615094,1255.45,1255.45,0.0
skhynix_c6in_latency_v2,0822T002,1430,1430,1431,624296,1255.45,1255.45,0.0
skhynix_c6in_latency_v2,0822T002,1431,1431,1432,624814,1255.45,1255.45,0.0
skhynix_c6in_latency_v2,0822T002,1432,1432,1433,491269,1255.45,1255.45,0.0
skhynix_c6in_latency_v2,0822T002,1433,1433,1434,555331,1255.45,1255.45,0.0
skhynix_c6in_latency_v2,0822T002,1434,1434,1435,583348,1255.45,1255.45,0.0
skhynix_c6in_latency_v2,0822T002,1435,1435,1436,493537,1255.45,1255.45,0.0
skhynix_c6in_latency_v2,0822T002,1436,1436,1437,542479,1255.45,1255.45,0.0
skhynix_c6in_latency_v2,0822T002,1437,1437,1438,493408,1255.45,1255.45,0.0
skhynix_c6in_latency_v2,0822T002,1438,1438,1439,641141,1255.45,1255.45,0.0
skhynix_c6in_latency_v2,0822T002,1439,1439,1440,480955,1255.45,1255.45,0.0
skhynix_c6in_latency_v2,0822T002,1440,1440,1441,516624,1255.45,1255.45,0.0
skhynix_c6in_latency_v2,0822T002,1441,1441,1442,549201,1255.45,1255.45,0.0
skhynix_c6in_latency_v2,0822T002,1442,1442,1443,533273,1255.45,1255.45,0.0
skhynix_c6in_latency_v2,0822T002,1443,1443,1444,543244,1255.45,1255.45,0.0
skhynix_c6in_latency_v2,0822T002,1444,1444,1445,499375,1255.45,1255.45,0.0
skhynix_c6in_latency_v2,0822T002,1445,1445,1446,524409,1255.45,1255.45,0.0
skhynix_c6in_latency_v2,0822T002,1446,1446,1447,541087,1255.45,1255.45,0.0
skhynix_c6in_latency_v2,0822T002,1447,1447,1448,607440,1255.45,1255.45,0.0
skhynix_c6in_latency_v2,0822T002,1448,1448,1449,490133,1255.45,1255.45,0.0
skhynix_c6in_latency_v2,0822T002,1449,1449,1450,529609,1255.45,1255.45,0.0
skhynix_c6in_latency_v2,0822T002,1450,1450,1451,560523,1255.45,1255.45,0.0
skhynix_c6in_latency_v2,0822T002,1451,1451,1452,536192,1255.45,1255.45,0.0
skhynix_c6in_latency_v2,0822T002,1452,1452,1453,499932,1255.45,1255.45,0.0
skhynix_c6in_latency_v2,0822T002,1453,1453,1454,575594,1255.45,1255.45,0.0
skhynix_c6in_latency_v2,0822T002,1454,1454,1455,520241,1255.45,1255.45,0.0
skhynix_c6in_latency_v2,0822T002,1455,1455,1456,538273,1255.45,1255.45,0.0
skhynix_c6in_latency_v2,0822T002,1456,1456,1457,568367,1255.45,1255.45,0.0
skhynix_c6in_latency_v2,0822T002,1457,1457,1458,519505,1255.45,1255.45,0.0
skhynix_c6in_latency_v2,0822T002,1458,1458,1459,560559,1255.45,1255.45,0.0
skhynix_c6in_latency_v2,0822T002,1459,1459,1460,589113,1255.45,1255.45,0.0
skhynix_c6in_latency_v2,0822T002,1460,1460,1461,505437,1255.45,1255.45,0.0
skhynix_c6in_latency_v2,0822T002,1461,1461,1462,488413,1255.45,1255.45,0.0
skhynix_c6in_latency_v2,0822T002,1462,1462,1463,545546,1255.45,1255.45,0.0
skhynix_c6in_latency_v2,0822T002,1463,1463,1464,529828,1255.45,1255.45,0.0
skhynix_c6in_latency_v2,0822T002,1464,1464,1465,541912,1255.45,1255.45,0.0
skhynix_c6in_latency_v2,0822T002,1465,1465,1466,570368,1255.45,1255.45,0.0
skhynix_c6in_latency_v2,0822T002,1466,1466,1467,623892,1255.45,1255.45,0.0
skhynix_c6in_latency_v2,0822T002,1467,1467,1468,509138,1255.45,1255.45,0.0
skhynix_c6in_latency_v2,0822T002,1468,1468,1469,695651,1255.45,1255.45,0.0
skhynix_c6in_latency_v2,0822T002,1469,1469,1470,408271,1255.45,1255.45,0.0
skhynix_c6in_latency_v2,0822T002,1470,1470,1471,498170,1255.45,1255.45,0.0
skhynix_c6in_latency_v2,0822T002,1471,1471,1472,619305,1255.45,1255.45,0.0
skhynix_c6in_latency_v2,0822T002,1472,1472,1473,478269,1255.45,1255.45,0.0
skhynix_c6in_latency_v2,0822T002,1473,1473,1474,603078,1255.45,1255.45,0.0
skhynix_c6in_latency_v2,0822T002,1474,1474,1475,523150,1255.45,1255.45,0.0
skhynix_c6in_latency_v2,0822T002,1475,1475,1476,545103,1255.45,1255.45,0.0
skhynix_c6in_latency_v2,0822T002,1476,1476,1477,538235,1255.45,1255.45,0.0
skhynix_c6in_latency_v2,0822T002,1477,1477,1478,550183,1255.45,1255.45,0.0
skhynix_c6in_latency_v2,0822T002,1478,1478,1479,538232,1255.45,1255.45,0.0
skhynix_c6in_latency_v2,0822T002,1479,1479,1480,505505,1255.45,1255.45,0.0
skhynix_c6in_latency_v2,0822T002,1480,1480,1481,549459,1255.45,1255.45,0.0
skhynix_c6in_latency_v2,0822T002,1481,1481,1482,516495,1255.45,1255.45,0.0
skhynix_c6in_latency_v2,0822T002,1482,1482,1483,564244,1255.45,1255.45,0.0
skhynix_c6in_latency_v2,0822T002,1483,1483,1484,500859,1255.45,1255.45,0.0
skhynix_c6in_latency_v2,0822T002,1484,1484,1485,547047,1255.45,1255.45,0.0
skhynix_c6in_latency_v2,0822T002,1485,1485,1486,513529,1255.45,1255.45,0.0
skhynix_c6in_latency_v2,0822T002,1486,1486,1487,571714,1255.45,1255.45,0.0
skhynix_c6in_latency_v2,0822T002,1487,1487,1488,586042,1255.45,1255.45,0.0
skhynix_c6in_latency_v2,0822T002,1488,1488,1489,528490,1255.45,1255.45,0.0
skhynix_c6in_latency_v2,0822T002,1489,1489,1490,459386,1255.45,1255.45,0.0
skhynix_c6in_latency_v2,0822T002,1490,1490,1491,537807,1255.45,1255.45,0.0
skhynix_c6in_latency_v2,0822T002,1491,1491,1492,541807,1255.45,1255.45,0.0
skhynix_c6in_latency_v2,0822T002,1492,1492,1493,631394,1255.45,1255.45,0.0
skhynix_c6in_latency_v2,0822T002,1493,1493,1494,515827,1255.45,1255.45,0.0
skhynix_c6in_latency_v2,0822T002,1494,1494,1495,564045,1255.45,1255.45,0.0
skhynix_c6in_latency_v2,0822T002,1495,1495,1496,558819,1255.45,1255.45,0.0
skhynix_c6in_latency_v2,0822T002,1496,1496,1497,720811,1255.45,1255.45,0.0
skhynix_c6in_latency_v2,0822T002,1497,1497,1498,496238,1255.45,1255.45,0.0
skhynix_c6in_latency_v2,0822T002,1498,1498,1499,452218,1255.45,1255.45,0.0
skhynix_c6in_latency_v2,0822T002,1499,1499,1500,581221,1255.45,1255.45,0.0
skhynix_c6in_latency_v2,0822T002,1500,1500,1501,519488,1255.45,1255.45,0.0
skhynix_c6in_latency_v2,0822T002,1501,1501,1502,574499,1255.45,1255.45,0.0
skhynix_c6in_latency_v2,0822T002,1502,1502,1503,551493,1255.45,1255.45,0.0
skhynix_c6in_latency_v2,0822T002,1503,1503,1504,492156,1255.45,1255.45,0.0
skhynix_c6in_latency_v2,0822T002,1504,1504,1505,607383,1255.45,1255.45,0.0
skhynix_c6in_latency_v2,0822T002,1505,1505,1506,499102,1255.45,1255.45,0.0
skhynix_c6in_latency_v2,0822T002,1506,1506,1507,601368,1255.45,1255.45,0.0
skhynix_c6in_latency_v2,0822T002,1507,1507,1508,491120,1255.45,1255.45,0.0
skhynix_c6in_latency_v2,0822T002,1508,1508,1509,519180,1255.45,1255.45,0.0
skhynix_c6in_latency_v2,0822T002,1509,1509,1510,503038,1255.45,1255.45,0.0
skhynix_c6in_latency_v2,0822T002,1510,1510,1511,660642,1255.45,1255.45,0.0
skhynix_c6in_latency_v2,0822T002,1511,1511,1512,504074,1255.45,1255.45,0.0
skhynix_c6in_latency_v2,0822T002,1512,1512,1513,496000,1255.45,1255.45,0.0
skhynix_c6in_latency_v2,0822T002,1513,1513,1514,559661,1255.45,1255.45,0.0
skhynix_c6in_latency_v2,0822T002,1514,1514,1515,541336,1255.45,1255.45,0.0
skhynix_c6in_latency_v2,0822T002,1515,1515,1516,514974,1255.45,1255.45,0.0
skhynix_c6in_latency_v2,0822T002,1516,1516,1517,552116,1255.45,1255.45,0.0
skhynix_c6in_latency_v2,0822T002,1517,1517,1518,587990,1255.45,1255.45,0.0
skhynix_c6in_latency_v2,0822T002,1518,1518,1519,441558,1255.45,1255.45,0.0
skhynix_c6in_latency_v2,0822T002,1519,1519,1520,635314,1255.45,1255.45,0.0
skhynix_c6in_latency_v2,0822T002,1520,1520,1521,608964,1255.45,1255.45,0.0
skhynix_c6in_latency_v2,0822T002,1521,1521,1522,561020,1255.45,1255.45,0.0
skhynix_c6in_latency_v2,0822T002,1522,1522,1523,456674,1255.45,1255.45,0.0
skhynix_c6in_latency_v2,0822T002,1523,1523,1524,530061,1255.45,1255.45,0.0
skhynix_c6in_latency_v2,0822T002,1524,1524,1525,660481,1255.45,1255.45,0.0
skhynix_c6in_latency_v2,0822T002,1525,1525,1526,509341,1255.45,1255.4,0.3982635708308139
skhynix_c6in_latency_v2,0822T002,1526,1526,1527,580225,1255.4,1255.4,0.0
skhynix_c6in_latency_v2,0822T002,1527,1527,1528,506419,1255.4,1255.4,0.0
skhynix_c6in_latency_v2,0822T002,1528,1528,1529,536835,1255.4,1255.4,0.0
skhynix_c6in_latency_v2,0822T002,1529,1529,1530,597878,1255.4,1255.4,0.0
skhynix_c6in_latency_v2,0822T002,1530,1530,1531,613015,1255.4,1255.4,0.0
skhynix_c6in_latency_v2,0822T002,1531,1531,1532,508207,1255.4,1255.4,0.0
skhynix_c6in_latency_v2,0822T002,1532,1532,1533,570962,1255.4,1255.4,0.0
skhynix_c6in_latency_v2,0822T002,1533,1533,1534,580678,1255.4,1255.4,0.0
skhynix_c6in_latency_v2,0822T002,1534,1534,1535,574547,1255.4,1255.35,0.3982794328515365
skhynix_c6in_latency_v2,0822T002,1535,1535,1536,508316,1255.35,1255.35,0.0
skhynix_c6in_latency_v2,0822T002,1536,1536,1537,572599,1255.35,1255.35,0.0
skhynix_c6in_latency_v2,0822T002,1537,1537,1538,501748,1255.35,1255.35,0.0
skhynix_c6in_latency_v2,0822T002,1538,1538,1539,523880,1255.35,1255.35,0.0
skhynix_c6in_latency_v2,0822T002,1539,1539,1540,553594,1255.35,1255.35,0.0
skhynix_c6in_latency_v2,0822T002,1540,1540,1541,469768,1255.35,1255.35,0.0
skhynix_c6in_latency_v2,0822T002,1541,1541,1542,555911,1255.35,1255.05,2.3897717767949542
skhynix_c6in_latency_v2,0822T002,1542,1542,1543,516196,1255.05,1255.1,0.3983905023700612
skhynix_c6in_latency_v2,0822T002,1543,1543,1544,544189,1255.1,1255.05,0.3983746315031036
skhynix_c6in_latency_v2,0822T002,1544,1544,1545,558049,1255.05,1254.95,0.7967810047401224
skhynix_c6in_latency_v2,0822T002,1545,1545,1546,522736,1254.95,1254.95,0.0
skhynix_c6in_latency_v2,0822T002,1546,1546,1547,543838,1254.95,1254.95,0.0
skhynix_c6in_latency_v2,0822T002,1547,1547,1548,548210,1254.95,1254.95,0.0
skhynix_c6in_latency_v2,0822T002,1548,1548,1549,566928,1254.95,1254.75,1.593688991593653
skhynix_c6in_latency_v2,0822T002,1549,1549,1550,496149,1254.75,1254.45,2.390914524805376
skhynix_c6in_latency_v2,0822T002,1550,1550,1551,525714,1254.45,1254.45,0.0
skhynix_c6in_latency_v2,0822T002,1551,1551,1552,569623,1254.45,1254.45,0.0
skhynix_c6in_latency_v2,0822T002,1552,1552,1553,535462,1254.45,1254.45,0.0
skhynix_c6in_latency_v2,0822T002,1553,1553,1554,524186,1254.45,1254.45,0.0
skhynix_c6in_latency_v2,0822T002,1554,1554,1555,563583,1254.45,1254.45,0.0
skhynix_c6in_latency_v2,0822T002,1555,1555,1556,516174,1254.45,1254.45,0.0
skhynix_c6in_latency_v2,0822T002,1556,1556,1557,556662,1254.45,1254.45,0.0
skhynix_c6in_latency_v2,0822T002,1557,1557,1558,526130,1254.45,1254.45,0.0
skhynix_c6in_latency_v2,0822T002,1558,1558,1559,520184,1254.45,1254.45,0.0
skhynix_c6in_latency_v2,0822T002,1559,1559,1560,652488,1254.45,1254.45,0.0
skhynix_c6in_latency_v2,0822T002,1560,1560,1561,476548,1254.45,1254.45,0.0
skhynix_c6in_latency_v2,0822T002,1561,1561,1562,602151,1254.45,1254.45,0.0
skhynix_c6in_latency_v2,0822T002,1562,1562,1563,543200,1254.45,1254.45,0.0
skhynix_c6in_latency_v2,0822T002,1563,1563,1564,618388,1254.45,1254.45,0.0
skhynix_c6in_latency_v2,0822T002,1564,1564,1565,409843,1254.45,1254.45,0.0
skhynix_c6in_latency_v2,0822T002,1565,1565,1566,550922,1254.45,1254.45,0.0
skhynix_c6in_latency_v2,0822T002,1566,1566,1567,528682,1254.45,1254.45,0.0
skhynix_c6in_latency_v2,0822T002,1567,1567,1568,538572,1254.45,1254.45,0.0
skhynix_c6in_latency_v2,0822T002,1568,1568,1569,521727,1254.45,1254.45,0.0
skhynix_c6in_latency_v2,0822T002,1569,1569,1570,533406,1254.45,1254.45,0.0
skhynix_c6in_latency_v2,0822T002,1570,1570,1571,521576,1254.45,1254.45,0.0
skhynix_c6in_latency_v2,0822T002,1571,1571,1572,525724,1254.45,1254.45,0.0
skhynix_c6in_latency_v2,0822T002,1572,1572,1573,574034,1254.45,1254.45,0.0
skhynix_c6in_latency_v2,0822T002,1573,1573,1574,535647,1254.45,1254.65,1.5943242058276175
skhynix_c6in_latency_v2,0822T002,1574,1574,1575,561179,1254.65,1254.65,0.0
skhynix_c6in_latency_v2,0822T002,1575,1575,1576,535415,1254.65,1254.65,0.0
skhynix_c6in_latency_v2,0822T002,1576,1576,1577,531963,1254.65,1254.65,0.0
skhynix_c6in_latency_v2,0822T002,1577,1577,1578,552073,1254.65,1254.65,0.0
skhynix_c6in_latency_v2,0822T002,1578,1578,1579,534991,1254.65,1254.65,0.0
skhynix_c6in_latency_v2,0822T002,1579,1579,1580,540483,1254.65,1254.65,0.0
skhynix_c6in_latency_v2,0822T002,1580,1580,1581,529670,1254.65,1254.65,0.0
skhynix_c6in_latency_v2,0822T002,1581,1581,1582,537996,1254.65,1254.65,0.0
skhynix_c6in_latency_v2,0822T002,1582,1582,1583,548888,1254.65,1254.65,0.0
skhynix_c6in_latency_v2,0822T002,1583,1583,1584,533901,1254.65,1254.65,0.0
skhynix_c6in_latency_v2,0822T002,1584,1584,1585,570733,1254.65,1254.65,0.0
skhynix_c6in_latency_v2,0822T002,1585,1585,1586,568015,1254.65,1254.65,0.0
skhynix_c6in_latency_v2,0822T002,1586,1586,1587,449861,1254.65,1254.65,0.0
skhynix_c6in_latency_v2,0822T002,1587,1587,1588,559564,1254.65,1254.65,0.0
skhynix_c6in_latency_v2,0822T002,1588,1588,1589,503930,1254.65,1254.65,0.0
skhynix_c6in_latency_v2,0822T002,1589,1589,1590,575764,1254.65,1254.65,0.0
skhynix_c6in_latency_v2,0822T002,1590,1590,1591,572039,1254.65,1254.25,3.188140118758944
skhynix_c6in_latency_v2,0822T002,1591,1591,1592,503383,1254.25,1254.25,0.0
skhynix_c6in_latency_v2,0822T002,1592,1592,1593,530066,1254.25,1254.25,0.0
skhynix_c6in_latency_v2,0822T002,1593,1593,1594,548721,1254.25,1254.25,0.0
skhynix_c6in_latency_v2,0822T002,1594,1594,1595,566072,1254.25,1254.25,0.0
skhynix_c6in_latency_v2,0822T002,1595,1595,1596,538062,1254.25,1254.25,0.0
skhynix_c6in_latency_v2,0822T002,1596,1596,1597,529024,1254.25,1254.25,0.0
skhynix_c6in_latency_v2,0822T002,1597,1597,1598,520557,1254.25,1254.25,0.0
skhynix_c6in_latency_v2,0822T002,1598,1598,1599,530599,1254.25,1254.25,0.0
skhynix_c6in_latency_v2,0822T002,1599,1599,1600,496382,1254.25,1254.25,0.0
skhynix_c6in_latency_v2,0822T002,1600,1600,1601,559442,1254.25,1254.25,0.0
skhynix_c6in_latency_v2,0822T002,1601,1601,1602,507157,1254.25,1254.25,0.0
skhynix_c6in_latency_v2,0822T002,1602,1602,1603,614401,1254.25,1254.25,0.0
skhynix_c6in_latency_v2,0822T002,1603,1603,1604,453507,1254.25,1254.25,0.0
skhynix_c6in_latency_v2,0822T002,1604,1604,1605,512096,1254.25,1254.25,0.0
skhynix_c6in_latency_v2,0822T002,1605,1605,1606,592658,1254.25,1254.25,0.0
skhynix_c6in_latency_v2,0822T002,1606,1606,1607,542706,1254.25,1254.25,0.0
skhynix_c6in_latency_v2,0822T002,1607,1607,1608,514679,1254.25,1254.25,0.0
skhynix_c6in_latency_v2,0822T002,1608,1608,1609,577324,1254.25,1254.25,0.0
skhynix_c6in_latency_v2,0822T002,1609,1609,1610,474532,1254.25,1254.25,0.0
skhynix_c6in_latency_v2,0822T002,1610,1610,1611,564940,1254.25,1254.25,0.0
skhynix_c6in_latency_v2,0822T002,1611,1611,1612,526574,1254.25,1254.25,0.0
skhynix_c6in_latency_v2,0822T002,1612,1612,1613,540422,1254.25,1254.25,0.0
skhynix_c6in_latency_v2,0822T002,1613,1613,1614,605179,1254.25,1254.25,0.0
skhynix_c6in_latency_v2,0822T002,1614,1614,1615,489272,1254.25,1254.25,0.0
skhynix_c6in_latency_v2,0822T002,1615,1615,1616,526156,1254.25,1254.25,0.0
skhynix_c6in_latency_v2,0822T002,1616,1616,1617,576545,1254.25,1254.25,0.0
skhynix_c6in_latency_v2,0822T002,1617,1617,1618,644087,1254.25,1254.25,0.0
skhynix_c6in_latency_v2,0822T002,1618,1618,1619,393212,1254.25,1254.25,0.0
skhynix_c6in_latency_v2,0822T002,1619,1619,1620,549827,1254.25,1254.25,0.0
skhynix_c6in_latency_v2,0822T002,1620,1620,1621,576086,1254.25,1254.25,0.0
skhynix_c6in_latency_v2,0822T002,1621,1621,1622,506294,1254.25,1254.25,0.0
skhynix_c6in_latency_v2,0822T002,1622,1622,1623,576278,1254.25,1254.25,0.0
skhynix_c6in_latency_v2,0822T002,1623,1623,1624,529128,1254.25,1254.25,0.0
skhynix_c6in_latency_v2,0822T002,1624,1624,1625,576740,1254.25,1254.3,0.39864460833130977
skhynix_c6in_latency_v2,0822T002,1625,1625,1626,484438,1254.3,1254.3,0.0
skhynix_c6in_latency_v2,0822T002,1626,1626,1627,590936,1254.3,1254.3,0.0
skhynix_c6in_latency_v2,0822T002,1627,1627,1628,556389,1254.3,1254.3,0.0
skhynix_c6in_latency_v2,0822T002,1628,1628,1629,632430,1254.3,1254.3,0.0
skhynix_c6in_latency_v2,0822T002,1629,1629,1630,514915,1254.3,1254.3,0.0
skhynix_c6in_latency_v2,0822T002,1630,1630,1631,561901,1254.3,1254.3,0.0
skhynix_c6in_latency_v2,0822T002,1631,1631,1632,518269,1254.3,1254.3,0.0
skhynix_c6in_latency_v2,0822T002,1632,1632,1633,619382,1254.3,1254.3,0.0
skhynix_c6in_latency_v2,0822T002,1633,1633,1634,523573,1254.3,1254.3,0.0
skhynix_c6in_latency_v2,0822T002,1634,1634,1635,576287,1254.3,1254.3,0.0
skhynix_c6in_latency_v2,0822T002,1635,1635,1636,531568,1254.3,1254.3,0.0
skhynix_c6in_latency_v2,0822T002,1636,1636,1637,553725,1254.3,1254.3,0.0
skhynix_c6in_latency_v2,0822T002,1637,1637,1638,523694,1254.3,1254.3,0.0
skhynix_c6in_latency_v2,0822T002,1638,1638,1639,536484,1254.3,1254.3,0.0
skhynix_c6in_latency_v2,0822T002,1639,1639,1640,535034,1254.3,1254.3,0.0
skhynix_c6in_latency_v2,0822T002,1640,1640,1641,544394,1254.3,1254.3,0.0
skhynix_c6in_latency_v2,0822T002,1641,1641,1642,554047,1254.3,1254.3,0.0
skhynix_c6in_latency_v2,0822T002,1642,1642,1643,511811,1254.3,1254.3,0.0
skhynix_c6in_latency_v2,0822T002,1643,1643,1644,553764,1254.3,1254.3,0.0
skhynix_c6in_latency_v2,0822T002,1644,1644,1645,603832,1254.3,1254.35,0.39862871721242543
skhynix_c6in_latency_v2,0822T002,1645,1645,1646,597096,1254.35,1254.35,0.0
skhynix_c6in_latency_v2,0822T002,1646,1646,1647,436735,1254.35,1254.35,0.0
skhynix_c6in_latency_v2,0822T002,1647,1647,1648,518518,1254.35,1254.35,0.0
skhynix_c6in_latency_v2,0822T002,1648,1648,1649,531261,1254.35,1254.35,0.0
skhynix_c6in_latency_v2,0822T002,1649,1649,1650,555529,1254.35,1254.45,0.7972256547226566
skhynix_c6in_latency_v2,0822T002,1650,1650,1651,534567,1254.45,1254.45,0.0
skhynix_c6in_latency_v2,0822T002,1651,1651,1652,574648,1254.45,1254.45,0.0
skhynix_c6in_latency_v2,0822T002,1652,1652,1653,519455,1254.45,1254.45,0.0
skhynix_c6in_latency_v2,0822T002,1653,1653,1654,551238,1254.45,1254.45,0.0
skhynix_c6in_latency_v2,0822T002,1654,1654,1655,556431,1254.45,1254.5,0.39858105145645123
skhynix_c6in_latency_v2,0822T002,1655,1655,1656,670504,1254.5,1254.55,0.3985651654041812
skhynix_c6in_latency_v2,0822T002,1656,1656,1657,550552,1254.55,1254.55,0.0
skhynix_c6in_latency_v2,0822T002,1657,1657,1658,503439,1254.55,1254.55,0.0
skhynix_c6in_latency_v2,0822T002,1658,1658,1659,562938,1254.55,1254.55,0.0
