event_sequence,source_channel,source_event_exchange_time_ms,source_local_receive_ts_ns,candidate_age_seconds_at_eval,side,quote_px,bid,ask,spread_ticks,order_size_btc,same_side_top_qty_btc,same_side_top_order_count,top_depth_multiple_of_order,rolling_trade_count_last_3s,touch_trade_qty_btc,strict_trade_through_qty_btc,at_or_through_trade_qty_btc,required_depletion_qty_btc,queue_depletion_multiple,public_depletion_status,quality_bucket,dynamic_size_btc,allowed,skip_reason,bbo_history_count,bbo_history_span_ms,last_l2_age_ms,same_touch_bbo_count,bbo_history_status,freshness_source,touch_stability_ms,last_touch_change_ms,previous_top_qty,current_top_qty,reset_qty_delta,previous_order_count,current_order_count,reset_order_count_delta,top_reset_status,top_reset_reason,fresh_touch_evidence_status,fresh_touch_evidence_reason,fresh_touch_block_reason,queue_reset_block_reason,local_receive_ordering_status,exchange_time_ordering_status,inference_scope
1,l2Book,1784017185940,1784017186288149868,0.348325,buy,62587,62587,62588,1,0.005,7.87682,40,1575.364,0,0,0,0,7.88182,0,not_depleted,,0.0,False,missing_same_side_strict_through_support;missing_touch_freshness_or_queue_reset_evidence;missing_recent_same_side_at_or_through_throughput,1,0,0,1,bbo_history_too_sparse,synthetic_current_event_only,,,,7.87682,,,40,,missing,bbo_history_too_sparse,block,bbo_history_too_sparse,bbo_history_too_sparse,bbo_history_too_sparse,latest_l2_received_before_or_at_candidate,latest_l2_exchange_time_equal_candidate,event_driven_current_l2_plus_rolling_public_trades_proxy_not_exact_queue_or_fill_probability
2,trades,1784017185056,1784017186289469542,1.233596,buy,62587,62587,62588,1,0.005,7.87682,40,1575.364,1,0,0,0,7.88182,0,not_depleted,,0.0,False,missing_same_side_strict_through_support;missing_touch_freshness_or_queue_reset_evidence;missing_recent_same_side_at_or_through_throughput,1,0,-884,1,bbo_history_too_sparse,synthetic_current_event_only,,,,7.87682,,,40,,missing,bbo_history_too_sparse,block,bbo_history_too_sparse,bbo_history_too_sparse,bbo_history_too_sparse,latest_l2_received_before_or_at_candidate,latest_l2_exchange_time_after_candidate_visible_by_local_receive,event_driven_current_l2_plus_rolling_public_trades_proxy_not_exact_queue_or_fill_probability
3,l2Book,1784017186472,1784017186687123153,0.215323,buy,62587,62587,62588,1,0.005,7.67721,39,1535.442,1,0,0,0,7.68221,0,not_depleted,,0.0,False,missing_same_side_strict_through_support;missing_recent_same_side_at_or_through_throughput,2,532,0,2,same_touch_stable_enough,real_bbo_history_touch_stability,532,1784017185940,7.87682,7.67721,-0.19961,40,39,-1,reset_supported,same_touch_top_qty_or_order_count_reduced,pass,,,,latest_l2_received_before_or_at_candidate,latest_l2_exchange_time_equal_candidate,event_driven_current_l2_plus_rolling_public_trades_proxy_not_exact_queue_or_fill_probability
4,l2Book,1784017187013,1784017187262968773,0.250111,buy,62587,62587,62588,1,0.005,7.66456,38,1532.912,1,0,0,0,7.66956,0,not_depleted,,0.0,False,missing_same_side_strict_through_support;missing_recent_same_side_at_or_through_throughput,3,1073,0,3,same_touch_stable_enough,real_bbo_history_touch_stability,1073,1784017185940,7.87682,7.66456,-0.21226,40,38,-2,reset_supported,same_touch_top_qty_or_order_count_reduced,pass,,,,latest_l2_received_before_or_at_candidate,latest_l2_exchange_time_equal_candidate,event_driven_current_l2_plus_rolling_public_trades_proxy_not_exact_queue_or_fill_probability
5,l2Book,1784017187556,1784017187774405757,0.218556,buy,62587,62587,62588,1,0.005,7.65283,37,1530.566,1,0,0,0,7.65783,0,not_depleted,,0.0,False,missing_same_side_strict_through_support;missing_recent_same_side_at_or_through_throughput,4,1616,0,4,same_touch_stable_enough,real_bbo_history_touch_stability,1616,1784017185940,7.87682,7.65283,-0.22399,40,37,-3,reset_supported,same_touch_top_qty_or_order_count_reduced,pass,,,,latest_l2_received_before_or_at_candidate,latest_l2_exchange_time_equal_candidate,event_driven_current_l2_plus_rolling_public_trades_proxy_not_exact_queue_or_fill_probability
6,l2Book,1784017188089,1784017188311746183,0.222899,buy,62587,62587,62588,1,0.005,7.65283,37,1530.566,0,0,0,0,7.65783,0,not_depleted,,0.0,False,missing_same_side_strict_through_support;missing_recent_same_side_at_or_through_throughput,5,2149,0,5,same_touch_stable_enough,real_bbo_history_touch_stability,2149,1784017185940,7.87682,7.65283,-0.22399,40,37,-3,reset_supported,same_touch_top_qty_or_order_count_reduced,pass,,,,latest_l2_received_before_or_at_candidate,latest_l2_exchange_time_equal_candidate,event_driven_current_l2_plus_rolling_public_trades_proxy_not_exact_queue_or_fill_probability
7,l2Book,1784017188629,1784017188842504385,0.213645,buy,62587,62587,62588,1,0.005,8.05205,39,1610.41,0,0,0,0,8.05705,0,not_depleted,,0.0,False,missing_same_side_strict_through_support;missing_recent_same_side_at_or_through_throughput,6,2689,0,6,same_touch_stable_enough,real_bbo_history_touch_stability,2689,1784017185940,7.87682,8.05205,0.17523,40,39,-1,reset_supported,same_touch_top_qty_or_order_count_reduced,pass,,,,latest_l2_received_before_or_at_candidate,latest_l2_exchange_time_equal_candidate,event_driven_current_l2_plus_rolling_public_trades_proxy_not_exact_queue_or_fill_probability
8,l2Book,1784017189172,1784017189560961509,0.389106,buy,62587,62587,62588,1,0.005,7.65283,37,1530.566,0,0,0,0,7.65783,0,not_depleted,,0.0,False,missing_same_side_strict_through_support;missing_recent_same_side_at_or_through_throughput,7,3232,0,7,same_touch_stable_enough,real_bbo_history_touch_stability,3232,1784017185940,8.05205,7.65283,-0.39922,40,37,-3,reset_supported,same_touch_top_qty_or_order_count_reduced,pass,,,,latest_l2_received_before_or_at_candidate,latest_l2_exchange_time_equal_candidate,event_driven_current_l2_plus_rolling_public_trades_proxy_not_exact_queue_or_fill_probability
9,l2Book,1784017189709,1784017189942450501,0.233638,buy,62587,62587,62588,1,0.005,3.82894,32,765.788,0,0,0,0,3.83394,0,not_depleted,,0.0,False,missing_same_side_strict_through_support;missing_recent_same_side_at_or_through_throughput,8,3769,0,8,same_touch_stable_enough,real_bbo_history_touch_stability,3769,1784017185940,8.05205,3.82894,-4.22311,40,32,-8,reset_supported,same_touch_top_qty_or_order_count_reduced,pass,,,,latest_l2_received_before_or_at_candidate,latest_l2_exchange_time_equal_candidate,event_driven_current_l2_plus_rolling_public_trades_proxy_not_exact_queue_or_fill_probability
10,l2Book,1784017190237,1784017190453522665,0.216695,buy,62587,62587,62588,1,0.005,3.34961,31,669.922,0,0,0,0,3.35461,0,not_depleted,,0.0,False,missing_same_side_strict_through_support;missing_recent_same_side_at_or_through_throughput,9,4297,0,9,same_touch_stable_enough,real_bbo_history_touch_stability,4297,1784017185940,8.05205,3.34961,-4.70244,40,31,-9,reset_supported,same_touch_top_qty_or_order_count_reduced,pass,,,,latest_l2_received_before_or_at_candidate,latest_l2_exchange_time_equal_candidate,event_driven_current_l2_plus_rolling_public_trades_proxy_not_exact_queue_or_fill_probability
11,l2Book,1784017190783,1784017191005346036,0.222526,buy,62587,62587,62588,1,0.005,10.94935,41,2189.87,0,0,0,0,10.95435,0,not_depleted,,0.0,False,missing_same_side_strict_through_support;missing_recent_same_side_at_or_through_throughput,10,4843,0,10,same_touch_stable_enough,real_bbo_history_touch_stability,4843,1784017185940,8.05205,10.94935,2.8973,40,41,1,not_reset,history_present_no_reset,pass,,,history_present_no_reset,latest_l2_received_before_or_at_candidate,latest_l2_exchange_time_equal_candidate,event_driven_current_l2_plus_rolling_public_trades_proxy_not_exact_queue_or_fill_probability
12,trades,1784017190783,1784017191005842369,0.222957,buy,62587,62587,62588,1,0.005,10.94935,41,2189.87,2,0.00972,0,0.00972,10.95435,0.0008873187363923920634268578236,touched_quote_without_depletion,,0.00243,False,missing_same_side_strict_through_support,10,4843,0,10,same_touch_stable_enough,real_bbo_history_touch_stability,4843,1784017185940,8.05205,10.94935,2.8973,40,41,1,not_reset,history_present_no_reset,pass,,,history_present_no_reset,latest_l2_received_before_or_at_candidate,latest_l2_exchange_time_equal_candidate,event_driven_current_l2_plus_rolling_public_trades_proxy_not_exact_queue_or_fill_probability
13,l2Book,1784017191320,1784017191528550261,0.208718,buy,62587,62587,62588,1,0.005,11.36062,46,2272.124,2,0.00972,0,0.00972,11.36562,0.0008552107144176912478157812772,touched_quote_without_depletion,,0.00243,False,missing_same_side_strict_through_support,11,5380,0,11,same_touch_stable_enough,real_bbo_history_touch_stability,5380,1784017185940,10.94935,11.36062,0.41127,41,46,5,not_reset,history_present_no_reset,pass,,,history_present_no_reset,latest_l2_received_before_or_at_candidate,latest_l2_exchange_time_equal_candidate,event_driven_current_l2_plus_rolling_public_trades_proxy_not_exact_queue_or_fill_probability
14,l2Book,1784017191861,1784017192078427163,0.217599,buy,62587,62587,62588,1,0.005,7.64822,42,1529.644,2,0.00972,0,0.00972,7.65322,0.00127005365062026179830189123,touched_quote_without_depletion,,0.00243,False,missing_same_side_strict_through_support,12,5921,0,12,same_touch_stable_enough,real_bbo_history_touch_stability,5921,1784017185940,11.36062,7.64822,-3.7124,46,42,-4,reset_supported,same_touch_top_qty_or_order_count_reduced,pass,,,,latest_l2_received_before_or_at_candidate,latest_l2_exchange_time_equal_candidate,event_driven_current_l2_plus_rolling_public_trades_proxy_not_exact_queue_or_fill_probability
15,l2Book,1784017192405,1784017192622659521,0.217829,buy,62587,62587,62588,1,0.005,9.56818,43,1913.636,2,0.00972,0,0.00972,9.57318,0.001015336596616798179915137917,touched_quote_without_depletion,,0.00243,False,missing_same_side_strict_through_support,13,6465,0,13,same_touch_stable_enough,real_bbo_history_touch_stability,6465,1784017185940,11.36062,9.56818,-1.79244,46,43,-3,reset_supported,same_touch_top_qty_or_order_count_reduced,pass,,,,latest_l2_received_before_or_at_candidate,latest_l2_exchange_time_equal_candidate,event_driven_current_l2_plus_rolling_public_trades_proxy_not_exact_queue_or_fill_probability
16,l2Book,1784017192941,1784017193174020014,0.23321,buy,62587,62587,62588,1,0.005,1.40551,27,281.102,2,0.00972,0,0.00972,1.41051,0.006891124486887721462449752217,touched_quote_without_depletion,,0.00243,False,missing_same_side_strict_through_support,14,7001,0,14,same_touch_stable_enough,real_bbo_history_touch_stability,7001,1784017185940,11.36062,1.40551,-9.95511,46,27,-19,reset_supported,same_touch_top_qty_or_order_count_reduced,pass,,,,latest_l2_received_before_or_at_candidate,latest_l2_exchange_time_equal_candidate,event_driven_current_l2_plus_rolling_public_trades_proxy_not_exact_queue_or_fill_probability
17,l2Book,1784017193470,1784017193684064649,0.214279,buy,62587,62587,62588,1,0.005,2.32817,28,465.634,2,0.00972,0,0.00972,2.33317,0.004166005906127714654311516092,touched_quote_without_depletion,,0.00243,False,missing_same_side_strict_through_support,15,7530,0,15,same_touch_stable_enough,real_bbo_history_touch_stability,7530,1784017185940,11.36062,2.32817,-9.03245,46,28,-18,reset_supported,same_touch_top_qty_or_order_count_reduced,pass,,,,latest_l2_received_before_or_at_candidate,latest_l2_exchange_time_equal_candidate,event_driven_current_l2_plus_rolling_public_trades_proxy_not_exact_queue_or_fill_probability
18,trades,1784017193744,1784017193941840117,0.198017,buy,62587,62587,62588,1,0.005,2.32817,28,465.634,3,0.01151,0,0.01151,2.33317,0.004933202467029834945589048376,touched_quote_without_depletion,,0.00287,False,missing_same_side_strict_through_support,15,7530,274,15,same_touch_stable_enough,real_bbo_history_touch_stability,7804,1784017185940,11.36062,2.32817,-9.03245,46,28,-18,reset_supported,same_touch_top_qty_or_order_count_reduced,pass,,,,latest_l2_received_before_or_at_candidate,latest_l2_exchange_time_before_candidate,event_driven_current_l2_plus_rolling_public_trades_proxy_not_exact_queue_or_fill_probability
19,l2Book,1784017194004,1784017194278278392,0.274455,buy,62587,62587,62588,1,0.005,2.32638,28,465.276,1,0.00179,0,0.00179,2.33138,0.0007677856033765409328380615773,touched_quote_without_depletion,,0.00044,False,missing_same_side_strict_through_support,16,8064,0,16,same_touch_stable_enough,real_bbo_history_touch_stability,8064,1784017185940,11.36062,2.32638,-9.03424,46,28,-18,reset_supported,same_touch_top_qty_or_order_count_reduced,pass,,,,latest_l2_received_before_or_at_candidate,latest_l2_exchange_time_equal_candidate,event_driven_current_l2_plus_rolling_public_trades_proxy_not_exact_queue_or_fill_probability
20,l2Book,1784017194550,1784017194756296671,0.20648,buy,62587,62587,62588,1,0.005,2.32638,28,465.276,1,0.00179,0,0.00179,2.33138,0.0007677856033765409328380615773,touched_quote_without_depletion,,0.00044,False,missing_same_side_strict_through_support,17,8610,0,17,same_touch_stable_enough,real_bbo_history_touch_stability,8610,1784017185940,11.36062,2.32638,-9.03424,46,28,-18,reset_supported,same_touch_top_qty_or_order_count_reduced,pass,,,,latest_l2_received_before_or_at_candidate,latest_l2_exchange_time_equal_candidate,event_driven_current_l2_plus_rolling_public_trades_proxy_not_exact_queue_or_fill_probability
21,l2Book,1784017195081,1784017195304994109,0.22418,buy,62587,62587,62588,1,0.005,2.32638,28,465.276,1,0.00179,0,0.00179,2.33138,0.0007677856033765409328380615773,touched_quote_without_depletion,,0.00044,False,missing_same_side_strict_through_support,18,9141,0,18,same_touch_stable_enough,real_bbo_history_touch_stability,9141,1784017185940,11.36062,2.32638,-9.03424,46,28,-18,reset_supported,same_touch_top_qty_or_order_count_reduced,pass,,,,latest_l2_received_before_or_at_candidate,latest_l2_exchange_time_equal_candidate,event_driven_current_l2_plus_rolling_public_trades_proxy_not_exact_queue_or_fill_probability
22,l2Book,1784017195621,1784017195835023894,0.214239,buy,62587,62587,62588,1,0.005,2.32638,28,465.276,1,0.00179,0,0.00179,2.33138,0.0007677856033765409328380615773,touched_quote_without_depletion,,0.00044,False,missing_same_side_strict_through_support,19,9681,0,19,same_touch_stable_enough,real_bbo_history_touch_stability,9681,1784017185940,11.36062,2.32638,-9.03424,46,28,-18,reset_supported,same_touch_top_qty_or_order_count_reduced,pass,,,,latest_l2_received_before_or_at_candidate,latest_l2_exchange_time_equal_candidate,event_driven_current_l2_plus_rolling_public_trades_proxy_not_exact_queue_or_fill_probability
23,l2Book,1784017196161,1784017196375210915,0.214409,buy,62587,62587,62588,1,0.005,2.32638,28,465.276,1,0.00179,0,0.00179,2.33138,0.0007677856033765409328380615773,touched_quote_without_depletion,,0.00044,False,missing_same_side_strict_through_support,20,10221,0,20,same_touch_stable_enough,real_bbo_history_touch_stability,10221,1784017185940,11.36062,2.32638,-9.03424,46,28,-18,reset_supported,same_touch_top_qty_or_order_count_reduced,pass,,,,latest_l2_received_before_or_at_candidate,latest_l2_exchange_time_equal_candidate,event_driven_current_l2_plus_rolling_public_trades_proxy_not_exact_queue_or_fill_probability
24,l2Book,1784017196689,1784017196900317605,0.211511,buy,62587,62587,62588,1,0.005,3.12636,29,625.272,1,0.00179,0,0.00179,3.13136,0.0005716366051811353533289050125,touched_quote_without_depletion,,0.00044,False,missing_same_side_strict_through_support,21,10749,0,21,same_touch_stable_enough,real_bbo_history_touch_stability,10749,1784017185940,11.36062,3.12636,-8.23426,46,29,-17,reset_supported,same_touch_top_qty_or_order_count_reduced,pass,,,,latest_l2_received_before_or_at_candidate,latest_l2_exchange_time_equal_candidate,event_driven_current_l2_plus_rolling_public_trades_proxy_not_exact_queue_or_fill_probability
25,trades,1784017197019,1784017197259840642,0.241027,buy,62587,62587,62588,1,0.005,3.12636,29,625.272,1,0,0,0,3.13136,0,not_depleted,,0.0,False,missing_same_side_strict_through_support;missing_recent_same_side_at_or_through_throughput,21,10749,330,21,same_touch_stable_enough,real_bbo_history_touch_stability,11079,1784017185940,11.36062,3.12636,-8.23426,46,29,-17,reset_supported,same_touch_top_qty_or_order_count_reduced,pass,,,,latest_l2_received_before_or_at_candidate,latest_l2_exchange_time_before_candidate,event_driven_current_l2_plus_rolling_public_trades_proxy_not_exact_queue_or_fill_probability
26,l2Book,1784017197236,1784017197449772106,0.213974,buy,62587,62587,62588,1,0.005,2.32638,28,465.276,1,0,0,0,2.33138,0,not_depleted,,0.0,False,missing_same_side_strict_through_support;missing_recent_same_side_at_or_through_throughput,22,11296,0,22,same_touch_stable_enough,real_bbo_history_touch_stability,11296,1784017185940,11.36062,2.32638,-9.03424,46,28,-18,reset_supported,same_touch_top_qty_or_order_count_reduced,pass,,,,latest_l2_received_before_or_at_candidate,latest_l2_exchange_time_equal_candidate,event_driven_current_l2_plus_rolling_public_trades_proxy_not_exact_queue_or_fill_probability
27,l2Book,1784017197771,1784017197980189836,0.209389,buy,62587,62587,62588,1,0.005,1.40372,27,280.744,1,0,0,0,1.40872,0,not_depleted,,0.0,False,missing_same_side_strict_through_support;missing_recent_same_side_at_or_through_throughput,23,11831,0,23,same_touch_stable_enough,real_bbo_history_touch_stability,11831,1784017185940,11.36062,1.40372,-9.9569,46,27,-19,reset_supported,same_touch_top_qty_or_order_count_reduced,pass,,,,latest_l2_received_before_or_at_candidate,latest_l2_exchange_time_equal_candidate,event_driven_current_l2_plus_rolling_public_trades_proxy_not_exact_queue_or_fill_probability
28,l2Book,1784017198297,1784017198510869045,0.21407,buy,62587,62587,62588,1,0.005,1.40372,27,280.744,1,0,0,0,1.40872,0,not_depleted,,0.0,False,missing_same_side_strict_through_support;missing_recent_same_side_at_or_through_throughput,24,12357,0,24,same_touch_stable_enough,real_bbo_history_touch_stability,12357,1784017185940,11.36062,1.40372,-9.9569,46,27,-19,reset_supported,same_touch_top_qty_or_order_count_reduced,pass,,,,latest_l2_received_before_or_at_candidate,latest_l2_exchange_time_equal_candidate,event_driven_current_l2_plus_rolling_public_trades_proxy_not_exact_queue_or_fill_probability
29,l2Book,1784017198845,1784017199060802589,0.216008,buy,62587,62587,62588,1,0.005,1.40372,27,280.744,1,0,0,0,1.40872,0,not_depleted,,0.0,False,missing_same_side_strict_through_support;missing_recent_same_side_at_or_through_throughput,25,12905,0,25,same_touch_stable_enough,real_bbo_history_touch_stability,12905,1784017185940,11.36062,1.40372,-9.9569,46,27,-19,reset_supported,same_touch_top_qty_or_order_count_reduced,pass,,,,latest_l2_received_before_or_at_candidate,latest_l2_exchange_time_equal_candidate,event_driven_current_l2_plus_rolling_public_trades_proxy_not_exact_queue_or_fill_probability
30,l2Book,1784017199381,1784017199730134993,0.349364,buy,62587,62587,62588,1,0.005,1.40372,27,280.744,1,0,0,0,1.40872,0,not_depleted,,0.0,False,missing_same_side_strict_through_support;missing_recent_same_side_at_or_through_throughput,26,13441,0,26,same_touch_stable_enough,real_bbo_history_touch_stability,13441,1784017185940,11.36062,1.40372,-9.9569,46,27,-19,reset_supported,same_touch_top_qty_or_order_count_reduced,pass,,,,latest_l2_received_before_or_at_candidate,latest_l2_exchange_time_equal_candidate,event_driven_current_l2_plus_rolling_public_trades_proxy_not_exact_queue_or_fill_probability
31,l2Book,1784017199905,1784017200102464053,0.197683,buy,62587,62587,62588,1,0.005,1.40372,27,280.744,1,0,0,0,1.40872,0,not_depleted,,0.0,False,missing_same_side_strict_through_support;missing_recent_same_side_at_or_through_throughput,27,13965,0,27,same_touch_stable_enough,real_bbo_history_touch_stability,13965,1784017185940,11.36062,1.40372,-9.9569,46,27,-19,reset_supported,same_touch_top_qty_or_order_count_reduced,pass,,,,latest_l2_received_before_or_at_candidate,latest_l2_exchange_time_equal_candidate,event_driven_current_l2_plus_rolling_public_trades_proxy_not_exact_queue_or_fill_probability
32,l2Book,1784017200405,1784017200648307504,0.24352,buy,62587,62587,62588,1,0.005,1.40372,27,280.744,0,0,0,0,1.40872,0,not_depleted,,0.0,False,missing_same_side_strict_through_support;missing_recent_same_side_at_or_through_throughput,28,14465,0,28,same_touch_stable_enough,real_bbo_history_touch_stability,14465,1784017185940,11.36062,1.40372,-9.9569,46,27,-19,reset_supported,same_touch_top_qty_or_order_count_reduced,pass,,,,latest_l2_received_before_or_at_candidate,latest_l2_exchange_time_equal_candidate,event_driven_current_l2_plus_rolling_public_trades_proxy_not_exact_queue_or_fill_probability
33,l2Book,1784017200938,1784017201153846424,0.216078,buy,62587,62587,62588,1,0.005,1.40372,27,280.744,0,0,0,0,1.40872,0,not_depleted,,0.0,False,missing_same_side_strict_through_support;missing_recent_same_side_at_or_through_throughput,29,14998,0,29,same_touch_stable_enough,real_bbo_history_touch_stability,14998,1784017185940,11.36062,1.40372,-9.9569,46,27,-19,reset_supported,same_touch_top_qty_or_order_count_reduced,pass,,,,latest_l2_received_before_or_at_candidate,latest_l2_exchange_time_equal_candidate,event_driven_current_l2_plus_rolling_public_trades_proxy_not_exact_queue_or_fill_probability
34,l2Book,1784017201479,1784017201715323476,0.23656,buy,62587,62587,62588,1,0.005,1.40372,27,280.744,0,0,0,0,1.40872,0,not_depleted,,0.0,False,missing_same_side_strict_through_support;missing_recent_same_side_at_or_through_throughput,30,15539,0,30,same_touch_stable_enough,real_bbo_history_touch_stability,15539,1784017185940,11.36062,1.40372,-9.9569,46,27,-19,reset_supported,same_touch_top_qty_or_order_count_reduced,pass,,,,latest_l2_received_before_or_at_candidate,latest_l2_exchange_time_equal_candidate,event_driven_current_l2_plus_rolling_public_trades_proxy_not_exact_queue_or_fill_probability
35,l2Book,1784017202085,1784017202324527232,0.239754,buy,62587,62587,62588,1,0.005,14.54823,44,2909.646,0,0,0,0,14.55323,0,not_depleted,,0.0,False,missing_same_side_strict_through_support;missing_recent_same_side_at_or_through_throughput,31,16145,0,31,same_touch_stable_enough,real_bbo_history_touch_stability,16145,1784017185940,11.36062,14.54823,3.18761,46,44,-2,reset_supported,same_touch_top_qty_or_order_count_reduced,pass,,,,latest_l2_received_before_or_at_candidate,latest_l2_exchange_time_equal_candidate,event_driven_current_l2_plus_rolling_public_trades_proxy_not_exact_queue_or_fill_probability
36,trades,1784017202018,1784017202325016719,0.307132,buy,62587,62587,62588,1,0.005,14.54823,44,2909.646,3,0.00145,0,0.00145,14.55323,0.00009963423927196917797629804518,touched_quote_without_depletion,,0.00036,False,missing_same_side_strict_through_support,31,16145,-67,31,same_touch_stable_enough,real_bbo_history_touch_stability,16078,1784017185940,11.36062,14.54823,3.18761,46,44,-2,reset_supported,same_touch_top_qty_or_order_count_reduced,pass,,,,latest_l2_received_before_or_at_candidate,latest_l2_exchange_time_after_candidate_visible_by_local_receive,event_driven_current_l2_plus_rolling_public_trades_proxy_not_exact_queue_or_fill_probability
37,l2Book,1784017202553,1784017202787979362,0.235203,buy,62587,62587,62588,1,0.005,16.11992,53,3223.984,3,0.00145,0,0.00145,16.12492,0.00008992292674940402805099188089,touched_quote_without_depletion,,0.00036,False,missing_same_side_strict_through_support,32,16613,0,32,same_touch_stable_enough,real_bbo_history_touch_stability,16613,1784017185940,14.54823,16.11992,1.57169,46,53,7,not_reset,history_present_no_reset,pass,,,history_present_no_reset,latest_l2_received_before_or_at_candidate,latest_l2_exchange_time_equal_candidate,event_driven_current_l2_plus_rolling_public_trades_proxy_not_exact_queue_or_fill_probability
38,trades,1784017202754,1784017202951426274,0.197661,buy,62587,62587,62588,1,0.005,16.11992,53,3223.984,4,0.00145,0,0.00145,16.12492,0.00008992292674940402805099188089,touched_quote_without_depletion,,0.00036,False,missing_same_side_strict_through_support,32,16613,201,32,same_touch_stable_enough,real_bbo_history_touch_stability,16814,1784017185940,14.54823,16.11992,1.57169,46,53,7,not_reset,history_present_no_reset,pass,,,history_present_no_reset,latest_l2_received_before_or_at_candidate,latest_l2_exchange_time_before_candidate,event_driven_current_l2_plus_rolling_public_trades_proxy_not_exact_queue_or_fill_probability
39,l2Book,1784017203085,1784017203301048478,0.216291,buy,62587,62587,62588,1,0.005,16.56992,54,3313.984,4,0.00145,0,0.00145,16.57492,0.00008748156853849068351461123191,touched_quote_without_depletion,,0.00036,False,missing_same_side_strict_through_support,33,17145,0,33,same_touch_stable_enough,real_bbo_history_touch_stability,17145,1784017185940,16.11992,16.56992,0.45,53,54,1,not_reset,history_present_no_reset,pass,,,history_present_no_reset,latest_l2_received_before_or_at_candidate,latest_l2_exchange_time_equal_candidate,event_driven_current_l2_plus_rolling_public_trades_proxy_not_exact_queue_or_fill_probability
40,l2Book,1784017203622,1784017203853537493,0.23177,buy,62587,62587,62588,1,0.005,16.56992,54,3313.984,4,0.00145,0,0.00145,16.57492,0.00008748156853849068351461123191,touched_quote_without_depletion,,0.00036,False,missing_same_side_strict_through_support,34,17682,0,34,same_touch_stable_enough,real_bbo_history_touch_stability,17682,1784017185940,16.56992,16.56992,0,54,54,0,not_reset,history_present_no_reset,pass,,,history_present_no_reset,latest_l2_received_before_or_at_candidate,latest_l2_exchange_time_equal_candidate,event_driven_current_l2_plus_rolling_public_trades_proxy_not_exact_queue_or_fill_probability
41,l2Book,1784017204179,1784017204402493638,0.223752,buy,62587,62587,62588,1,0.005,16.56992,54,3313.984,4,0.00145,0,0.00145,16.57492,0.00008748156853849068351461123191,touched_quote_without_depletion,,0.00036,False,missing_same_side_strict_through_support,35,18239,0,35,same_touch_stable_enough,real_bbo_history_touch_stability,18239,1784017185940,16.56992,16.56992,0,54,54,0,not_reset,history_present_no_reset,pass,,,history_present_no_reset,latest_l2_received_before_or_at_candidate,latest_l2_exchange_time_equal_candidate,event_driven_current_l2_plus_rolling_public_trades_proxy_not_exact_queue_or_fill_probability
42,l2Book,1784017204724,1784017204949710831,0.225957,buy,62587,62587,62588,1,0.005,1.66597,27,333.194,4,0.00145,0,0.00145,1.67097,0.0008677594451127189596461935283,touched_quote_without_depletion,,0.00036,False,missing_same_side_strict_through_support,36,18784,0,36,same_touch_stable_enough,real_bbo_history_touch_stability,18784,1784017185940,16.56992,1.66597,-14.90395,54,27,-27,reset_supported,same_touch_top_qty_or_order_count_reduced,pass,,,,latest_l2_received_before_or_at_candidate,latest_l2_exchange_time_equal_candidate,event_driven_current_l2_plus_rolling_public_trades_proxy_not_exact_queue_or_fill_probability
43,trades,1784017204857,1784017205054746164,0.197993,buy,62587,62587,62588,1,0.005,1.66597,27,333.194,8,0.16123,0,0.16123,1.67097,0.09648886574863701921638329832,touched_quote_without_depletion,,0.005,False,missing_same_side_strict_through_support,36,18784,133,36,same_touch_stable_enough,real_bbo_history_touch_stability,18917,1784017185940,16.56992,1.66597,-14.90395,54,27,-27,reset_supported,same_touch_top_qty_or_order_count_reduced,pass,,,,latest_l2_received_before_or_at_candidate,latest_l2_exchange_time_before_candidate,event_driven_current_l2_plus_rolling_public_trades_proxy_not_exact_queue_or_fill_probability
44,l2Book,1784017205265,1784017205501621716,0.236872,buy,62584,62584,62587,3,0.005,0.01036,3,2.072,5,0,0,0,0.01536,0,not_depleted,,0.0,False,missing_same_side_strict_through_support;missing_touch_freshness_or_queue_reset_evidence;missing_recent_same_side_at_or_through_throughput,37,19325,0,1,same_touch_seen_but_not_stable,real_bbo_history_insufficient,0,1784017205265,,0.01036,,,3,,missing,no_prior_same_touch_bbo,block,no_prior_same_touch_bbo,same_touch_seen_but_not_stable,no_prior_same_touch_bbo,latest_l2_received_before_or_at_candidate,latest_l2_exchange_time_equal_candidate,event_driven_current_l2_plus_rolling_public_trades_proxy_not_exact_queue_or_fill_probability
45,l2Book,1784017205804,1784017206069110060,0.265367,buy,62584,62584,62585,1,0.005,0.01019,2,2.038,4,0,0,0,0.01519,0,not_depleted,,0.0,False,missing_same_side_strict_through_support;missing_touch_freshness_or_queue_reset_evidence;missing_recent_same_side_at_or_through_throughput,38,19864,0,1,same_touch_seen_but_not_stable,real_bbo_history_insufficient,0,1784017205804,,0.01019,,,2,,missing,no_prior_same_touch_bbo,block,no_prior_same_touch_bbo,same_touch_seen_but_not_stable,no_prior_same_touch_bbo,latest_l2_received_before_or_at_candidate,latest_l2_exchange_time_equal_candidate,event_driven_current_l2_plus_rolling_public_trades_proxy_not_exact_queue_or_fill_probability
46,l2Book,1784017206338,1784017206563751600,0.226002,buy,62584,62584,62585,1,0.005,1.06425,20,212.85,4,0,0,0,1.06925,0,not_depleted,,0.0,False,missing_same_side_strict_through_support;missing_recent_same_side_at_or_through_throughput,39,20398,0,2,same_touch_stable_enough,real_bbo_history_touch_stability,534,1784017205804,0.01019,1.06425,1.05406,2,20,18,not_reset,history_present_no_reset,pass,,,history_present_no_reset,latest_l2_received_before_or_at_candidate,latest_l2_exchange_time_equal_candidate,event_driven_current_l2_plus_rolling_public_trades_proxy_not_exact_queue_or_fill_probability
47,l2Book,1784017206887,1784017207108406012,0.221669,buy,62584,62584,62585,1,0.005,1.10535,21,221.07,4,0,0,0,1.11035,0,not_depleted,,0.0,False,missing_same_side_strict_through_support;missing_recent_same_side_at_or_through_throughput,40,20947,0,3,same_touch_stable_enough,real_bbo_history_touch_stability,1083,1784017205804,1.06425,1.10535,0.0411,20,21,1,not_reset,history_present_no_reset,pass,,,history_present_no_reset,latest_l2_received_before_or_at_candidate,latest_l2_exchange_time_equal_candidate,event_driven_current_l2_plus_rolling_public_trades_proxy_not_exact_queue_or_fill_probability
48,l2Book,1784017207426,1784017207646077071,0.220372,buy,62584,62584,62585,1,0.005,1.10535,21,221.07,4,0,0,0,1.11035,0,not_depleted,,0.0,False,missing_same_side_strict_through_support;missing_recent_same_side_at_or_through_throughput,41,21486,0,4,same_touch_stable_enough,real_bbo_history_touch_stability,1622,1784017205804,1.10535,1.10535,0,21,21,0,not_reset,history_present_no_reset,pass,,,history_present_no_reset,latest_l2_received_before_or_at_candidate,latest_l2_exchange_time_equal_candidate,event_driven_current_l2_plus_rolling_public_trades_proxy_not_exact_queue_or_fill_probability
49,trades,1784017207494,1784017207694076239,0.200322,buy,62584,62584,62585,1,0.005,1.10535,21,221.07,5,0,0,0,1.11035,0,not_depleted,,0.0,False,missing_same_side_strict_through_support;missing_recent_same_side_at_or_through_throughput,41,21486,68,4,same_touch_stable_enough,real_bbo_history_touch_stability,1690,1784017205804,1.10535,1.10535,0,21,21,0,not_reset,history_present_no_reset,pass,,,history_present_no_reset,latest_l2_received_before_or_at_candidate,latest_l2_exchange_time_before_candidate,event_driven_current_l2_plus_rolling_public_trades_proxy_not_exact_queue_or_fill_probability
50,l2Book,1784017207952,1784017208169600457,0.217868,buy,62584,62584,62585,1,0.005,1.10511,20,221.022,1,0,0,0,1.11011,0,not_depleted,,0.0,False,missing_same_side_strict_through_support;missing_recent_same_side_at_or_through_throughput,42,22012,0,5,same_touch_stable_enough,real_bbo_history_touch_stability,2148,1784017205804,1.10535,1.10511,-0.00024,21,20,-1,reset_supported,same_touch_top_qty_or_order_count_reduced,pass,,,,latest_l2_received_before_or_at_candidate,latest_l2_exchange_time_equal_candidate,event_driven_current_l2_plus_rolling_public_trades_proxy_not_exact_queue_or_fill_probability
51,trades,1784017208030,1784017208258727940,0.228975,buy,62584,62584,62585,1,0.005,1.10511,20,221.022,3,0.00128,0,0.00128,1.11011,0.00115303888803812234823576042,touched_quote_without_depletion,,0.00032,False,missing_same_side_strict_through_support,42,22012,78,5,same_touch_stable_enough,real_bbo_history_touch_stability,2226,1784017205804,1.10535,1.10511,-0.00024,21,20,-1,reset_supported,same_touch_top_qty_or_order_count_reduced,pass,,,,latest_l2_received_before_or_at_candidate,latest_l2_exchange_time_before_candidate,event_driven_current_l2_plus_rolling_public_trades_proxy_not_exact_queue_or_fill_probability
52,l2Book,1784017208501,1784017208739269512,0.238536,buy,62582,62582,62584,2,0.005,0.00017,1,0.034,3,0,0,0,0.00517,0,not_depleted,,0.0,False,missing_same_side_strict_through_support;missing_touch_freshness_or_queue_reset_evidence;missing_recent_same_side_at_or_through_throughput,43,22561,0,1,same_touch_seen_but_not_stable,real_bbo_history_insufficient,0,1784017208501,,0.00017,,,1,,missing,no_prior_same_touch_bbo,block,no_prior_same_touch_bbo,same_touch_seen_but_not_stable,no_prior_same_touch_bbo,latest_l2_received_before_or_at_candidate,latest_l2_exchange_time_equal_candidate,event_driven_current_l2_plus_rolling_public_trades_proxy_not_exact_queue_or_fill_probability
53,trades,1784017208501,1784017208739728378,0.23886,buy,62582,62582,62584,2,0.005,0.00017,1,0.034,4,0,0,0,0.00517,0,not_depleted,,0.0,False,missing_same_side_strict_through_support;missing_touch_freshness_or_queue_reset_evidence;missing_recent_same_side_at_or_through_throughput,43,22561,0,1,same_touch_seen_but_not_stable,real_bbo_history_insufficient,0,1784017208501,,0.00017,,,1,,missing,no_prior_same_touch_bbo,block,no_prior_same_touch_bbo,same_touch_seen_but_not_stable,no_prior_same_touch_bbo,latest_l2_received_before_or_at_candidate,latest_l2_exchange_time_equal_candidate,event_driven_current_l2_plus_rolling_public_trades_proxy_not_exact_queue_or_fill_probability
54,l2Book,1784017209039,1784017209324878446,0.286137,buy,62579,62579,62580,1,0.005,0.00159,1,0.318,4,0,0,0,0.00659,0,not_depleted,,0.0,False,missing_same_side_strict_through_support;missing_touch_freshness_or_queue_reset_evidence;missing_recent_same_side_at_or_through_throughput,44,23099,0,1,same_touch_seen_but_not_stable,real_bbo_history_insufficient,0,1784017209039,,0.00159,,,1,,missing,no_prior_same_touch_bbo,block,no_prior_same_touch_bbo,same_touch_seen_but_not_stable,no_prior_same_touch_bbo,latest_l2_received_before_or_at_candidate,latest_l2_exchange_time_equal_candidate,event_driven_current_l2_plus_rolling_public_trades_proxy_not_exact_queue_or_fill_probability
55,trades,1784017209305,1784017209719877768,0.415157,buy,62579,62579,62580,1,0.005,0.00159,1,0.318,6,0.00159,0,0.00159,0.00659,0.2412746585735963581183611533,depleted_visible_top_proxy_only,,0.00039,False,missing_same_side_strict_through_support,44,23099,266,1,same_touch_stable_enough,real_bbo_history_touch_stability,266,1784017209039,,0.00159,,,1,,missing,no_prior_same_touch_bbo,pass,,,no_prior_same_touch_bbo,latest_l2_received_before_or_at_candidate,latest_l2_exchange_time_before_candidate,event_driven_current_l2_plus_rolling_public_trades_proxy_not_exact_queue_or_fill_probability
56,l2Book,1784017209578,1784017209814583084,0.236845,buy,62578,62578,62579,1,0.005,0.01036,3,2.072,6,0,0,0,0.01536,0,not_depleted,,0.0,False,missing_same_side_strict_through_support;missing_touch_freshness_or_queue_reset_evidence;missing_recent_same_side_at_or_through_throughput,45,23638,0,1,same_touch_seen_but_not_stable,real_bbo_history_insufficient,0,1784017209578,,0.01036,,,3,,missing,no_prior_same_touch_bbo,block,no_prior_same_touch_bbo,same_touch_seen_but_not_stable,no_prior_same_touch_bbo,latest_l2_received_before_or_at_candidate,latest_l2_exchange_time_equal_candidate,event_driven_current_l2_plus_rolling_public_trades_proxy_not_exact_queue_or_fill_probability
57,l2Book,1784017210124,1784017210387758852,0.264071,buy,62578,62578,62579,1,0.005,0.01158,3,2.316,6,0,0,0,0.01658,0,not_depleted,,0.0,False,missing_same_side_strict_through_support;missing_recent_same_side_at_or_through_throughput,46,24184,0,2,same_touch_stable_enough,real_bbo_history_touch_stability,546,1784017209578,0.01036,0.01158,0.00122,3,3,0,not_reset,history_present_no_reset,pass,,,history_present_no_reset,latest_l2_received_before_or_at_candidate,latest_l2_exchange_time_equal_candidate,event_driven_current_l2_plus_rolling_public_trades_proxy_not_exact_queue_or_fill_probability
58,l2Book,1784017210660,1784017210889472017,0.229764,buy,62578,62578,62579,1,0.005,0.01238,4,2.476,5,0,0,0,0.01738,0,not_depleted,,0.0,False,missing_same_side_strict_through_support;missing_recent_same_side_at_or_through_throughput,47,24720,0,3,same_touch_stable_enough,real_bbo_history_touch_stability,1082,1784017209578,0.01158,0.01238,0.0008,3,4,1,not_reset,history_present_no_reset,pass,,,history_present_no_reset,latest_l2_received_before_or_at_candidate,latest_l2_exchange_time_equal_candidate,event_driven_current_l2_plus_rolling_public_trades_proxy_not_exact_queue_or_fill_probability
59,l2Book,1784017211195,1784017211434966587,0.240279,buy,62578,62578,62579,1,0.005,0.01238,4,2.476,3,0,0,0,0.01738,0,not_depleted,,0.0,False,missing_same_side_strict_through_support;missing_recent_same_side_at_or_through_throughput,48,25255,0,4,same_touch_stable_enough,real_bbo_history_touch_stability,1617,1784017209578,0.01238,0.01238,0,4,4,0,not_reset,history_present_no_reset,pass,,,history_present_no_reset,latest_l2_received_before_or_at_candidate,latest_l2_exchange_time_equal_candidate,event_driven_current_l2_plus_rolling_public_trades_proxy_not_exact_queue_or_fill_probability
60,l2Book,1784017211754,1784017211979359012,0.225647,buy,62578,62578,62579,1,0.005,0.00439,3,0.878,2,0,0,0,0.00939,0,not_depleted,,0.0,False,missing_same_side_strict_through_support;missing_recent_same_side_at_or_through_throughput,49,25814,0,5,same_touch_stable_enough,real_bbo_history_touch_stability,2176,1784017209578,0.01238,0.00439,-0.00799,4,3,-1,reset_supported,same_touch_top_qty_or_order_count_reduced,pass,,,,latest_l2_received_before_or_at_candidate,latest_l2_exchange_time_equal_candidate,event_driven_current_l2_plus_rolling_public_trades_proxy_not_exact_queue_or_fill_probability
61,l2Book,1784017212293,1784017212517079491,0.224374,buy,62578,62578,62579,1,0.005,0.00439,3,0.878,2,0,0,0,0.00939,0,not_depleted,,0.0,False,missing_same_side_strict_through_support;missing_recent_same_side_at_or_through_throughput,50,26353,0,6,same_touch_stable_enough,real_bbo_history_touch_stability,2715,1784017209578,0.01238,0.00439,-0.00799,4,3,-1,reset_supported,same_touch_top_qty_or_order_count_reduced,pass,,,,latest_l2_received_before_or_at_candidate,latest_l2_exchange_time_equal_candidate,event_driven_current_l2_plus_rolling_public_trades_proxy_not_exact_queue_or_fill_probability
62,l2Book,1784017212834,1784017213050016590,0.216301,buy,62578,62578,62579,1,0.005,0.01838,5,3.676,0,0,0,0,0.02338,0,not_depleted,,0.0,False,missing_same_side_strict_through_support;missing_recent_same_side_at_or_through_throughput,51,26894,0,7,same_touch_stable_enough,real_bbo_history_touch_stability,3256,1784017209578,0.01238,0.01838,0.006,4,5,1,not_reset,history_present_no_reset,pass,,,history_present_no_reset,latest_l2_received_before_or_at_candidate,latest_l2_exchange_time_equal_candidate,event_driven_current_l2_plus_rolling_public_trades_proxy_not_exact_queue_or_fill_probability
63,l2Book,1784017213372,1784017213578507694,0.206816,buy,62578,62578,62579,1,0.005,0.01838,5,3.676,0,0,0,0,0.02338,0,not_depleted,,0.0,False,missing_same_side_strict_through_support;missing_recent_same_side_at_or_through_throughput,52,27432,0,8,same_touch_stable_enough,real_bbo_history_touch_stability,3794,1784017209578,0.01838,0.01838,0,5,5,0,not_reset,history_present_no_reset,pass,,,history_present_no_reset,latest_l2_received_before_or_at_candidate,latest_l2_exchange_time_equal_candidate,event_driven_current_l2_plus_rolling_public_trades_proxy_not_exact_queue_or_fill_probability
64,l2Book,1784017213901,1784017214111452767,0.210765,buy,62578,62578,62579,1,0.005,0.01838,5,3.676,0,0,0,0,0.02338,0,not_depleted,,0.0,False,missing_same_side_strict_through_support;missing_recent_same_side_at_or_through_throughput,53,27961,0,9,same_touch_stable_enough,real_bbo_history_touch_stability,4323,1784017209578,0.01838,0.01838,0,5,5,0,not_reset,history_present_no_reset,pass,,,history_present_no_reset,latest_l2_received_before_or_at_candidate,latest_l2_exchange_time_equal_candidate,event_driven_current_l2_plus_rolling_public_trades_proxy_not_exact_queue_or_fill_probability
65,trades,1784017214243,1784017214433235306,0.19052,buy,62578,62578,62579,1,0.005,0.01838,5,3.676,1,0.00021,0,0.00021,0.02338,0.008982035928143712574850299401,touched_quote_without_depletion,,5e-05,False,missing_same_side_strict_through_support,53,27961,342,9,same_touch_stable_enough,real_bbo_history_touch_stability,4665,1784017209578,0.01838,0.01838,0,5,5,0,not_reset,history_present_no_reset,pass,,,history_present_no_reset,latest_l2_received_before_or_at_candidate,latest_l2_exchange_time_before_candidate,event_driven_current_l2_plus_rolling_public_trades_proxy_not_exact_queue_or_fill_probability
66,l2Book,1784017214431,1784017214733247080,0.302542,buy,62578,62578,62579,1,0.005,0.01817,5,3.634,1,0.00021,0,0.00021,0.02317,0.009063444108761329305135951662,touched_quote_without_depletion,,5e-05,False,missing_same_side_strict_through_support,54,28491,0,10,same_touch_stable_enough,real_bbo_history_touch_stability,4853,1784017209578,0.01838,0.01817,-0.00021,5,5,0,not_reset,history_present_no_reset,pass,,,history_present_no_reset,latest_l2_received_before_or_at_candidate,latest_l2_exchange_time_equal_candidate,event_driven_current_l2_plus_rolling_public_trades_proxy_not_exact_queue_or_fill_probability
67,l2Book,1784017214979,1784017215204022013,0.225323,buy,62578,62578,62579,1,0.005,0.01544,4,3.088,1,0.00021,0,0.00021,0.02044,0.01027397260273972602739726027,touched_quote_without_depletion,,5e-05,False,missing_same_side_strict_through_support,55,29039,0,11,same_touch_stable_enough,real_bbo_history_touch_stability,5401,1784017209578,0.01838,0.01544,-0.00294,5,4,-1,reset_supported,same_touch_top_qty_or_order_count_reduced,pass,,,,latest_l2_received_before_or_at_candidate,latest_l2_exchange_time_equal_candidate,event_driven_current_l2_plus_rolling_public_trades_proxy_not_exact_queue_or_fill_probability
68,trades,1784017214979,1784017215204556628,0.225729,buy,62578,62578,62579,1,0.005,0.01544,4,3.088,2,0.00156,0,0.00156,0.02044,0.07632093933463796477495107632,touched_quote_without_depletion,,0.00039,False,missing_same_side_strict_through_support,55,29039,0,11,same_touch_stable_enough,real_bbo_history_touch_stability,5401,1784017209578,0.01838,0.01544,-0.00294,5,4,-1,reset_supported,same_touch_top_qty_or_order_count_reduced,pass,,,,latest_l2_received_before_or_at_candidate,latest_l2_exchange_time_equal_candidate,event_driven_current_l2_plus_rolling_public_trades_proxy_not_exact_queue_or_fill_probability
69,trades,1784017215045,1784017215294817188,0.250124,buy,62578,62578,62579,1,0.005,0.01544,4,3.088,3,0.00156,0,0.00156,0.02044,0.07632093933463796477495107632,touched_quote_without_depletion,,0.00039,False,missing_same_side_strict_through_support,55,29039,66,11,same_touch_stable_enough,real_bbo_history_touch_stability,5467,1784017209578,0.01838,0.01544,-0.00294,5,4,-1,reset_supported,same_touch_top_qty_or_order_count_reduced,pass,,,,latest_l2_received_before_or_at_candidate,latest_l2_exchange_time_before_candidate,event_driven_current_l2_plus_rolling_public_trades_proxy_not_exact_queue_or_fill_probability
70,l2Book,1784017215594,1784017215824761416,0.231079,buy,62578,62578,62579,1,0.005,0.01638,4,3.276,3,0.00156,0,0.00156,0.02138,0.07296538821328344246959775491,touched_quote_without_depletion,,0.00039,False,missing_same_side_strict_through_support,56,29654,0,12,same_touch_stable_enough,real_bbo_history_touch_stability,6016,1784017209578,0.01838,0.01638,-0.002,5,4,-1,reset_supported,same_touch_top_qty_or_order_count_reduced,pass,,,,latest_l2_received_before_or_at_candidate,latest_l2_exchange_time_equal_candidate,event_driven_current_l2_plus_rolling_public_trades_proxy_not_exact_queue_or_fill_probability
71,l2Book,1784017216138,1784017216353920670,0.216235,buy,62578,62578,62579,1,0.005,0.01838,5,3.676,3,0.00156,0,0.00156,0.02338,0.06672369546621043627031650984,touched_quote_without_depletion,,0.00039,False,missing_same_side_strict_through_support,57,30198,0,13,same_touch_stable_enough,real_bbo_history_touch_stability,6560,1784017209578,0.01838,0.01838,0,5,5,0,not_reset,history_present_no_reset,pass,,,history_present_no_reset,latest_l2_received_before_or_at_candidate,latest_l2_exchange_time_equal_candidate,event_driven_current_l2_plus_rolling_public_trades_proxy_not_exact_queue_or_fill_probability
72,l2Book,1784017216675,1784017216924526390,0.249833,buy,62578,62578,62579,1,0.005,0.01838,5,3.676,3,0.00156,0,0.00156,0.02338,0.06672369546621043627031650984,touched_quote_without_depletion,,0.00039,False,missing_same_side_strict_through_support,58,30735,0,14,same_touch_stable_enough,real_bbo_history_touch_stability,7097,1784017209578,0.01838,0.01838,0,5,5,0,not_reset,history_present_no_reset,pass,,,history_present_no_reset,latest_l2_received_before_or_at_candidate,latest_l2_exchange_time_equal_candidate,event_driven_current_l2_plus_rolling_public_trades_proxy_not_exact_queue_or_fill_probability
73,trades,1784017216944,1784017217143953244,0.200261,buy,62578,62578,62579,1,0.005,0.01838,5,3.676,5,0.0067,0,0.0067,0.02338,0.2865697177074422583404619333,touched_quote_without_depletion,,0.00167,False,missing_same_side_strict_through_support,58,30735,269,14,same_touch_stable_enough,real_bbo_history_touch_stability,7366,1784017209578,0.01838,0.01838,0,5,5,0,not_reset,history_present_no_reset,pass,,,history_present_no_reset,latest_l2_received_before_or_at_candidate,latest_l2_exchange_time_before_candidate,event_driven_current_l2_plus_rolling_public_trades_proxy_not_exact_queue_or_fill_probability
74,l2Book,1784017217202,1784017217440717463,0.239029,buy,62578,62578,62579,1,0.005,0.01324,4,2.648,5,0.0067,0,0.0067,0.01824,0.3673245614035087719298245614,touched_quote_without_depletion,,0.00167,False,missing_same_side_strict_through_support,59,31262,0,15,same_touch_stable_enough,real_bbo_history_touch_stability,7624,1784017209578,0.01838,0.01324,-0.00514,5,4,-1,reset_supported,same_touch_top_qty_or_order_count_reduced,pass,,,,latest_l2_received_before_or_at_candidate,latest_l2_exchange_time_equal_candidate,event_driven_current_l2_plus_rolling_public_trades_proxy_not_exact_queue_or_fill_probability
75,l2Book,1784017217743,1784017217981255051,0.23857,buy,62578,62578,62579,1,0.005,0.01324,4,2.648,4,0.00649,0,0.00649,0.01824,0.3558114035087719298245614035,touched_quote_without_depletion,,0.00162,False,missing_same_side_strict_through_support,60,31803,0,16,same_touch_stable_enough,real_bbo_history_touch_stability,8165,1784017209578,0.01838,0.01324,-0.00514,5,4,-1,reset_supported,same_touch_top_qty_or_order_count_reduced,pass,,,,latest_l2_received_before_or_at_candidate,latest_l2_exchange_time_equal_candidate,event_driven_current_l2_plus_rolling_public_trades_proxy_not_exact_queue_or_fill_probability
76,l2Book,1784017218284,1784017218517751871,0.234107,buy,62578,62578,62579,1,0.005,0.01324,4,2.648,2,0.00514,0,0.00514,0.01824,0.2817982456140350877192982456,touched_quote_without_depletion,,0.00128,False,missing_same_side_strict_through_support,61,32344,0,17,same_touch_stable_enough,real_bbo_history_touch_stability,8706,1784017209578,0.01838,0.01324,-0.00514,5,4,-1,reset_supported,same_touch_top_qty_or_order_count_reduced,pass,,,,latest_l2_received_before_or_at_candidate,latest_l2_exchange_time_equal_candidate,event_driven_current_l2_plus_rolling_public_trades_proxy_not_exact_queue_or_fill_probability
77,l2Book,1784017218839,1784017219061596549,0.222971,buy,62578,62578,62579,1,0.005,0.01324,4,2.648,2,0.00514,0,0.00514,0.01824,0.2817982456140350877192982456,touched_quote_without_depletion,,0.00128,False,missing_same_side_strict_through_support,62,32899,0,18,same_touch_stable_enough,real_bbo_history_touch_stability,9261,1784017209578,0.01838,0.01324,-0.00514,5,4,-1,reset_supported,same_touch_top_qty_or_order_count_reduced,pass,,,,latest_l2_received_before_or_at_candidate,latest_l2_exchange_time_equal_candidate,event_driven_current_l2_plus_rolling_public_trades_proxy_not_exact_queue_or_fill_probability
78,l2Book,1784017219376,1784017219713330488,0.337666,buy,62578,62578,62579,1,0.005,0.01324,4,2.648,2,0.00514,0,0.00514,0.01824,0.2817982456140350877192982456,touched_quote_without_depletion,,0.00128,False,missing_same_side_strict_through_support,63,33436,0,19,same_touch_stable_enough,real_bbo_history_touch_stability,9798,1784017209578,0.01838,0.01324,-0.00514,5,4,-1,reset_supported,same_touch_top_qty_or_order_count_reduced,pass,,,,latest_l2_received_before_or_at_candidate,latest_l2_exchange_time_equal_candidate,event_driven_current_l2_plus_rolling_public_trades_proxy_not_exact_queue_or_fill_probability
79,l2Book,1784017219915,1784017220142104036,0.227436,buy,62578,62578,62579,1,0.005,0.01324,4,2.648,2,0.00514,0,0.00514,0.01824,0.2817982456140350877192982456,touched_quote_without_depletion,,0.00128,False,missing_same_side_strict_through_support,64,33975,0,20,same_touch_stable_enough,real_bbo_history_touch_stability,10337,1784017209578,0.01838,0.01324,-0.00514,5,4,-1,reset_supported,same_touch_top_qty_or_order_count_reduced,pass,,,,latest_l2_received_before_or_at_candidate,latest_l2_exchange_time_equal_candidate,event_driven_current_l2_plus_rolling_public_trades_proxy_not_exact_queue_or_fill_probability
80,l2Book,1784017220459,1784017220681122485,0.222486,buy,62578,62578,62579,1,0.005,0.01324,4,2.648,0,0,0,0,0.01824,0,not_depleted,,0.0,False,missing_same_side_strict_through_support;missing_recent_same_side_at_or_through_throughput,65,34519,0,21,same_touch_stable_enough,real_bbo_history_touch_stability,10881,1784017209578,0.01838,0.01324,-0.00514,5,4,-1,reset_supported,same_touch_top_qty_or_order_count_reduced,pass,,,,latest_l2_received_before_or_at_candidate,latest_l2_exchange_time_equal_candidate,event_driven_current_l2_plus_rolling_public_trades_proxy_not_exact_queue_or_fill_probability
81,l2Book,1784017221000,1784017221268788318,0.269116,buy,62578,62578,62579,1,0.005,0.01324,4,2.648,0,0,0,0,0.01824,0,not_depleted,,0.0,False,missing_same_side_strict_through_support;missing_recent_same_side_at_or_through_throughput,66,35060,0,22,same_touch_stable_enough,real_bbo_history_touch_stability,11422,1784017209578,0.01838,0.01324,-0.00514,5,4,-1,reset_supported,same_touch_top_qty_or_order_count_reduced,pass,,,,latest_l2_received_before_or_at_candidate,latest_l2_exchange_time_equal_candidate,event_driven_current_l2_plus_rolling_public_trades_proxy_not_exact_queue_or_fill_probability
82,l2Book,1784017221544,1784017221765561707,0.221934,buy,62578,62578,62579,1,0.005,1.42505,5,285.01,0,0,0,0,1.43005,0,not_depleted,,0.0,False,missing_same_side_strict_through_support;missing_recent_same_side_at_or_through_throughput,67,35604,0,23,same_touch_stable_enough,real_bbo_history_touch_stability,11966,1784017209578,0.01838,1.42505,1.40667,5,5,0,not_reset,history_present_no_reset,pass,,,history_present_no_reset,latest_l2_received_before_or_at_candidate,latest_l2_exchange_time_equal_candidate,event_driven_current_l2_plus_rolling_public_trades_proxy_not_exact_queue_or_fill_probability
83,trades,1784017221751,1784017221947585444,0.19693,buy,62578,62578,62579,1,0.005,1.42505,5,285.01,2,0.00782,0,0.00782,1.43005,0.005468340267822803398482570539,touched_quote_without_depletion,,0.00195,False,missing_same_side_strict_through_support,67,35604,207,23,same_touch_stable_enough,real_bbo_history_touch_stability,12173,1784017209578,0.01838,1.42505,1.40667,5,5,0,not_reset,history_present_no_reset,pass,,,history_present_no_reset,latest_l2_received_before_or_at_candidate,latest_l2_exchange_time_before_candidate,event_driven_current_l2_plus_rolling_public_trades_proxy_not_exact_queue_or_fill_probability
84,l2Book,1784017222082,1784017222319327624,0.23767,buy,62578,62578,62579,1,0.005,0.00542,3,1.084,2,0.00782,0,0.00782,0.01042,0.7504798464491362763915547025,depleted_visible_top_proxy_only,,0.00195,False,missing_same_side_strict_through_support,68,36142,0,24,same_touch_stable_enough,real_bbo_history_touch_stability,12504,1784017209578,1.42505,0.00542,-1.41963,5,3,-2,reset_supported,same_touch_top_qty_or_order_count_reduced,pass,,,,latest_l2_received_before_or_at_candidate,latest_l2_exchange_time_equal_candidate,event_driven_current_l2_plus_rolling_public_trades_proxy_not_exact_queue_or_fill_probability
85,l2Book,1784017222625,1784017222839529001,0.214895,buy,62578,62578,62579,1,0.005,0.01303,4,2.606,2,0.00782,0,0.00782,0.01803,0.4337215751525235718247365502,touched_quote_without_depletion,,0.00195,False,missing_same_side_strict_through_support,69,36685,0,25,same_touch_stable_enough,real_bbo_history_touch_stability,13047,1784017209578,1.42505,0.01303,-1.41202,5,4,-1,reset_supported,same_touch_top_qty_or_order_count_reduced,pass,,,,latest_l2_received_before_or_at_candidate,latest_l2_exchange_time_equal_candidate,event_driven_current_l2_plus_rolling_public_trades_proxy_not_exact_queue_or_fill_probability
86,trades,1784017222625,1784017222840100004,0.215312,buy,62578,62578,62579,1,0.005,0.01303,4,2.606,3,0.0082,0,0.0082,0.01803,0.4547975596228508042151968941,touched_quote_without_depletion,,0.00205,False,missing_same_side_strict_through_support,69,36685,0,25,same_touch_stable_enough,real_bbo_history_touch_stability,13047,1784017209578,1.42505,0.01303,-1.41202,5,4,-1,reset_supported,same_touch_top_qty_or_order_count_reduced,pass,,,,latest_l2_received_before_or_at_candidate,latest_l2_exchange_time_equal_candidate,event_driven_current_l2_plus_rolling_public_trades_proxy_not_exact_queue_or_fill_probability
87,l2Book,1784017223162,1784017223382495285,0.220846,buy,62578,62578,62579,1,0.005,0.01303,4,2.606,3,0.0082,0,0.0082,0.01803,0.4547975596228508042151968941,touched_quote_without_depletion,,0.00205,False,missing_same_side_strict_through_support,70,37222,0,26,same_touch_stable_enough,real_bbo_history_touch_stability,13584,1784017209578,1.42505,0.01303,-1.41202,5,4,-1,reset_supported,same_touch_top_qty_or_order_count_reduced,pass,,,,latest_l2_received_before_or_at_candidate,latest_l2_exchange_time_equal_candidate,event_driven_current_l2_plus_rolling_public_trades_proxy_not_exact_queue_or_fill_probability
88,l2Book,1784017223699,1784017223920906387,0.22226,buy,62578,62578,62579,1,0.005,0.01303,4,2.606,3,0.0082,0,0.0082,0.01803,0.4547975596228508042151968941,touched_quote_without_depletion,,0.00205,False,missing_same_side_strict_through_support,71,37759,0,27,same_touch_stable_enough,real_bbo_history_touch_stability,14121,1784017209578,1.42505,0.01303,-1.41202,5,4,-1,reset_supported,same_touch_top_qty_or_order_count_reduced,pass,,,,latest_l2_received_before_or_at_candidate,latest_l2_exchange_time_equal_candidate,event_driven_current_l2_plus_rolling_public_trades_proxy_not_exact_queue_or_fill_probability
89,l2Book,1784017224236,1784017224461875086,0.226229,buy,62578,62578,62579,1,0.005,0.01303,4,2.606,3,0.0082,0,0.0082,0.01803,0.4547975596228508042151968941,touched_quote_without_depletion,,0.00205,False,missing_same_side_strict_through_support,72,38296,0,28,same_touch_stable_enough,real_bbo_history_touch_stability,14658,1784017209578,1.42505,0.01303,-1.41202,5,4,-1,reset_supported,same_touch_top_qty_or_order_count_reduced,pass,,,,latest_l2_received_before_or_at_candidate,latest_l2_exchange_time_equal_candidate,event_driven_current_l2_plus_rolling_public_trades_proxy_not_exact_queue_or_fill_probability
90,trades,1784017224375,1784017224745178597,0.370549,buy,62578,62578,62579,1,0.005,0.01303,4,2.606,10,0.02123,0.00728,0.02851,0.01803,1.581253466444814198557958957,depleted_top_plus_order_proxy,quality_a,0.005,True,,72,38296,139,28,same_touch_stable_enough,real_bbo_history_touch_stability,14797,1784017209578,1.42505,0.01303,-1.41202,5,4,-1,reset_supported,same_touch_top_qty_or_order_count_reduced,pass,,,,latest_l2_received_before_or_at_candidate,latest_l2_exchange_time_before_candidate,event_driven_current_l2_plus_rolling_public_trades_proxy_not_exact_queue_or_fill_probability
91,l2Book,1784017225314,1784017225528667785,0.215039,buy,62575,62575,62576,1,0.005,3.44595,34,689.19,8,0.00526,0,0.00526,3.45095,0.001524217968965067590083889943,touched_quote_without_depletion,,0.00131,False,missing_same_side_strict_through_support,74,39374,0,2,same_touch_stable_enough,real_bbo_history_touch_stability,533,1784017224781,3.33725,3.44595,0.1087,22,34,12,not_reset,history_present_no_reset,pass,,,history_present_no_reset,latest_l2_received_before_or_at_candidate,latest_l2_exchange_time_equal_candidate,event_driven_current_l2_plus_rolling_public_trades_proxy_not_exact_queue_or_fill_probability
92,l2Book,1784017225849,1784017226072728853,0.224088,buy,62575,62575,62576,1,0.005,3.52296,32,704.592,7,0.00526,0,0.00526,3.52796,0.001490946609371988344539053731,touched_quote_without_depletion,,0.00131,False,missing_same_side_strict_through_support,75,39909,0,3,same_touch_stable_enough,real_bbo_history_touch_stability,1068,1784017224781,3.44595,3.52296,0.07701,34,32,-2,reset_supported,same_touch_top_qty_or_order_count_reduced,pass,,,,latest_l2_received_before_or_at_candidate,latest_l2_exchange_time_equal_candidate,event_driven_current_l2_plus_rolling_public_trades_proxy_not_exact_queue_or_fill_probability
93,l2Book,1784017226401,1784017226625304990,0.224679,buy,62575,62575,62576,1,0.005,3.52296,32,704.592,7,0.00526,0,0.00526,3.52796,0.001490946609371988344539053731,touched_quote_without_depletion,,0.00131,False,missing_same_side_strict_through_support,76,40461,0,4,same_touch_stable_enough,real_bbo_history_touch_stability,1620,1784017224781,3.52296,3.52296,0,34,32,-2,reset_supported,same_touch_top_qty_or_order_count_reduced,pass,,,,latest_l2_received_before_or_at_candidate,latest_l2_exchange_time_equal_candidate,event_driven_current_l2_plus_rolling_public_trades_proxy_not_exact_queue_or_fill_probability
94,l2Book,1784017226928,1784017227151715886,0.224089,buy,62575,62575,62576,1,0.005,3.04335,31,608.67,7,0.00526,0,0.00526,3.04835,0.001725523643938524119605688323,touched_quote_without_depletion,,0.00131,False,missing_same_side_strict_through_support,77,40988,0,5,same_touch_stable_enough,real_bbo_history_touch_stability,2147,1784017224781,3.52296,3.04335,-0.47961,34,31,-3,reset_supported,same_touch_top_qty_or_order_count_reduced,pass,,,,latest_l2_received_before_or_at_candidate,latest_l2_exchange_time_equal_candidate,event_driven_current_l2_plus_rolling_public_trades_proxy_not_exact_queue_or_fill_probability
95,trades,1784017226928,1784017227152287564,0.224506,buy,62575,62575,62576,1,0.005,3.04335,31,608.67,8,0.00545,0,0.00545,3.04835,0.001787852444765200846359505962,touched_quote_without_depletion,,0.00136,False,missing_same_side_strict_through_support,77,40988,0,5,same_touch_stable_enough,real_bbo_history_touch_stability,2147,1784017224781,3.52296,3.04335,-0.47961,34,31,-3,reset_supported,same_touch_top_qty_or_order_count_reduced,pass,,,,latest_l2_received_before_or_at_candidate,latest_l2_exchange_time_equal_candidate,event_driven_current_l2_plus_rolling_public_trades_proxy_not_exact_queue_or_fill_probability
96,trades,1784017227057,1784017227297630467,0.241019,buy,62575,62575,62576,1,0.005,3.04335,31,608.67,9,0.00545,0,0.00545,3.04835,0.001787852444765200846359505962,touched_quote_without_depletion,,0.00136,False,missing_same_side_strict_through_support,77,40988,129,5,same_touch_stable_enough,real_bbo_history_touch_stability,2276,1784017224781,3.52296,3.04335,-0.47961,34,31,-3,reset_supported,same_touch_top_qty_or_order_count_reduced,pass,,,,latest_l2_received_before_or_at_candidate,latest_l2_exchange_time_before_candidate,event_driven_current_l2_plus_rolling_public_trades_proxy_not_exact_queue_or_fill_probability
97,l2Book,1784017227460,1784017227695842808,0.236205,buy,62575,62575,62576,1,0.005,3.2427,31,648.54,2,0.00019,0,0.00019,3.2477,0.00005850294054253779597869261323,touched_quote_without_depletion,,4e-05,False,missing_same_side_strict_through_support,78,41520,0,6,same_touch_stable_enough,real_bbo_history_touch_stability,2679,1784017224781,3.52296,3.2427,-0.28026,34,31,-3,reset_supported,same_touch_top_qty_or_order_count_reduced,pass,,,,latest_l2_received_before_or_at_candidate,latest_l2_exchange_time_equal_candidate,event_driven_current_l2_plus_rolling_public_trades_proxy_not_exact_queue_or_fill_probability
98,l2Book,1784017228063,1784017228285239065,0.222634,buy,62575,62575,62576,1,0.005,3.24429,32,648.858,2,0.00019,0,0.00019,3.24929,0.00005847431284988412853269483487,touched_quote_without_depletion,,4e-05,False,missing_same_side_strict_through_support,79,42123,0,7,same_touch_stable_enough,real_bbo_history_touch_stability,3282,1784017224781,3.52296,3.24429,-0.27867,34,32,-2,reset_supported,same_touch_top_qty_or_order_count_reduced,pass,,,,latest_l2_received_before_or_at_candidate,latest_l2_exchange_time_equal_candidate,event_driven_current_l2_plus_rolling_public_trades_proxy_not_exact_queue_or_fill_probability
99,l2Book,1784017228563,1784017228783492919,0.220897,buy,62575,62575,62576,1,0.005,3.5241,32,704.82,2,0.00019,0,0.00019,3.5291,0.00005383808903119775580176248902,touched_quote_without_depletion,,4e-05,False,missing_same_side_strict_through_support,80,42623,0,8,same_touch_stable_enough,real_bbo_history_touch_stability,3782,1784017224781,3.52296,3.5241,0.00114,34,32,-2,reset_supported,same_touch_top_qty_or_order_count_reduced,pass,,,,latest_l2_received_before_or_at_candidate,latest_l2_exchange_time_equal_candidate,event_driven_current_l2_plus_rolling_public_trades_proxy_not_exact_queue_or_fill_probability
100,l2Book,1784017229099,1784017229318258314,0.219641,buy,62575,62575,62576,1,0.005,3.04468,31,608.936,2,0.00019,0,0.00019,3.04968,0.00006230161853046877049395346397,touched_quote_without_depletion,,4e-05,False,missing_same_side_strict_through_support,81,43159,0,9,same_touch_stable_enough,real_bbo_history_touch_stability,4318,1784017224781,3.5241,3.04468,-0.47942,34,31,-3,reset_supported,same_touch_top_qty_or_order_count_reduced,pass,,,,latest_l2_received_before_or_at_candidate,latest_l2_exchange_time_equal_candidate,event_driven_current_l2_plus_rolling_public_trades_proxy_not_exact_queue_or_fill_probability
101,l2Book,1784017229653,1784017229933997573,0.281378,buy,62575,62575,62576,1,0.005,3.4439,33,688.78,2,0.00019,0,0.00019,3.4489,0.00005509002870480443039809794427,touched_quote_without_depletion,,4e-05,False,missing_same_side_strict_through_support,82,43713,0,10,same_touch_stable_enough,real_bbo_history_touch_stability,4872,1784017224781,3.5241,3.4439,-0.0802,34,33,-1,reset_supported,same_touch_top_qty_or_order_count_reduced,pass,,,,latest_l2_received_before_or_at_candidate,latest_l2_exchange_time_equal_candidate,event_driven_current_l2_plus_rolling_public_trades_proxy_not_exact_queue_or_fill_probability
102,l2Book,1784017230190,1784017230414511805,0.224907,buy,62575,62575,62576,1,0.005,3.4439,33,688.78,0,0,0,0,3.4489,0,not_depleted,,0.0,False,missing_same_side_strict_through_support;missing_recent_same_side_at_or_through_throughput,83,44250,0,11,same_touch_stable_enough,real_bbo_history_touch_stability,5409,1784017224781,3.5241,3.4439,-0.0802,34,33,-1,reset_supported,same_touch_top_qty_or_order_count_reduced,pass,,,,latest_l2_received_before_or_at_candidate,latest_l2_exchange_time_equal_candidate,event_driven_current_l2_plus_rolling_public_trades_proxy_not_exact_queue_or_fill_probability
103,l2Book,1784017230729,1784017230954832798,0.226271,buy,62575,62575,62576,1,0.005,4.9875,35,997.5,0,0,0,0,4.9925,0,not_depleted,,0.0,False,missing_same_side_strict_through_support;missing_recent_same_side_at_or_through_throughput,84,44789,0,12,same_touch_stable_enough,real_bbo_history_touch_stability,5948,1784017224781,3.5241,4.9875,1.4634,34,35,1,not_reset,history_present_no_reset,pass,,,history_present_no_reset,latest_l2_received_before_or_at_candidate,latest_l2_exchange_time_equal_candidate,event_driven_current_l2_plus_rolling_public_trades_proxy_not_exact_queue_or_fill_probability
104,l2Book,1784017231270,1784017231499305893,0.229691,buy,62575,62575,62576,1,0.005,5.26731,35,1053.462,0,0,0,0,5.27231,0,not_depleted,,0.0,False,missing_same_side_strict_through_support;missing_recent_same_side_at_or_through_throughput,85,45330,0,13,same_touch_stable_enough,real_bbo_history_touch_stability,6489,1784017224781,4.9875,5.26731,0.27981,35,35,0,not_reset,history_present_no_reset,pass,,,history_present_no_reset,latest_l2_received_before_or_at_candidate,latest_l2_exchange_time_equal_candidate,event_driven_current_l2_plus_rolling_public_trades_proxy_not_exact_queue_or_fill_probability
105,l2Book,1784017231871,1784017232117546335,0.246965,buy,62575,62575,62576,1,0.005,7.65259,38,1530.518,0,0,0,0,7.65759,0,not_depleted,,0.0,False,missing_same_side_strict_through_support;missing_recent_same_side_at_or_through_throughput,86,45931,0,14,same_touch_stable_enough,real_bbo_history_touch_stability,7090,1784017224781,5.26731,7.65259,2.38528,35,38,3,not_reset,history_present_no_reset,pass,,,history_present_no_reset,latest_l2_received_before_or_at_candidate,latest_l2_exchange_time_equal_candidate,event_driven_current_l2_plus_rolling_public_trades_proxy_not_exact_queue_or_fill_probability
106,trades,1784017232075,1784017232333028570,0.258406,buy,62575,62575,62576,1,0.005,7.65259,38,1530.518,2,0.00144,0,0.00144,7.65759,0.0001880487202892816147116782173,touched_quote_without_depletion,,0.00036,False,missing_same_side_strict_through_support,86,45931,204,14,same_touch_stable_enough,real_bbo_history_touch_stability,7294,1784017224781,5.26731,7.65259,2.38528,35,38,3,not_reset,history_present_no_reset,pass,,,history_present_no_reset,latest_l2_received_before_or_at_candidate,latest_l2_exchange_time_before_candidate,event_driven_current_l2_plus_rolling_public_trades_proxy_not_exact_queue_or_fill_probability
107,l2Book,1784017232408,1784017232632435026,0.22482,buy,62575,62575,62576,1,0.005,7.78048,40,1556.096,2,0.00144,0,0.00144,7.78548,0.0001849596941999722560458700042,touched_quote_without_depletion,,0.00036,False,missing_same_side_strict_through_support,87,46468,0,15,same_touch_stable_enough,real_bbo_history_touch_stability,7627,1784017224781,7.65259,7.78048,0.12789,38,40,2,not_reset,history_present_no_reset,pass,,,history_present_no_reset,latest_l2_received_before_or_at_candidate,latest_l2_exchange_time_equal_candidate,event_driven_current_l2_plus_rolling_public_trades_proxy_not_exact_queue_or_fill_probability
108,l2Book,1784017232942,1784017233198739188,0.257158,buy,62575,62575,62576,1,0.005,8.42727,43,1685.454,2,0.00144,0,0.00144,8.43227,0.0001707725203296384010474047914,touched_quote_without_depletion,,0.00036,False,missing_same_side_strict_through_support,88,47002,0,16,same_touch_stable_enough,real_bbo_history_touch_stability,8161,1784017224781,7.78048,8.42727,0.64679,40,43,3,not_reset,history_present_no_reset,pass,,,history_present_no_reset,latest_l2_received_before_or_at_candidate,latest_l2_exchange_time_equal_candidate,event_driven_current_l2_plus_rolling_public_trades_proxy_not_exact_queue_or_fill_probability
109,l2Book,1784017233479,1784017233714186300,0.235579,buy,62575,62575,62576,1,0.005,8.54049,44,1708.098,2,0.00144,0,0.00144,8.54549,0.0001685099391608907154534146082,touched_quote_without_depletion,,0.00036,False,missing_same_side_strict_through_support,89,47539,0,17,same_touch_stable_enough,real_bbo_history_touch_stability,8698,1784017224781,8.42727,8.54049,0.11322,43,44,1,not_reset,history_present_no_reset,pass,,,history_present_no_reset,latest_l2_received_before_or_at_candidate,latest_l2_exchange_time_equal_candidate,event_driven_current_l2_plus_rolling_public_trades_proxy_not_exact_queue_or_fill_probability
110,l2Book,1784017234010,1784017234284155312,0.274552,buy,62575,62575,62576,1,0.005,13.48891,51,2697.782,2,0.00144,0,0.00144,13.49391,0.0001067148069017801363726303199,touched_quote_without_depletion,,0.00036,False,missing_same_side_strict_through_support,90,48070,0,18,same_touch_stable_enough,real_bbo_history_touch_stability,9229,1784017224781,8.54049,13.48891,4.94842,44,51,7,not_reset,history_present_no_reset,pass,,,history_present_no_reset,latest_l2_received_before_or_at_candidate,latest_l2_exchange_time_equal_candidate,event_driven_current_l2_plus_rolling_public_trades_proxy_not_exact_queue_or_fill_probability
111,l2Book,1784017234535,1784017234894759837,0.360163,buy,62575,62575,62576,1,0.005,12.01651,51,2403.302,2,0.00144,0,0.00144,12.02151,0.00011978528487685823161982147,touched_quote_without_depletion,,0.00036,False,missing_same_side_strict_through_support,91,48595,0,19,same_touch_stable_enough,real_bbo_history_touch_stability,9754,1784017224781,13.48891,12.01651,-1.4724,51,51,0,not_reset,history_present_no_reset,pass,,,history_present_no_reset,latest_l2_received_before_or_at_candidate,latest_l2_exchange_time_equal_candidate,event_driven_current_l2_plus_rolling_public_trades_proxy_not_exact_queue_or_fill_probability
112,l2Book,1784017235084,1784017235313591424,0.230024,buy,62575,62575,62576,1,0.005,12.13202,52,2426.404,0,0,0,0,12.13702,0,not_depleted,,0.0,False,missing_same_side_strict_through_support;missing_recent_same_side_at_or_through_throughput,92,49144,0,20,same_touch_stable_enough,real_bbo_history_touch_stability,10303,1784017224781,13.48891,12.13202,-1.35689,51,52,1,not_reset,history_present_no_reset,pass,,,history_present_no_reset,latest_l2_received_before_or_at_candidate,latest_l2_exchange_time_equal_candidate,event_driven_current_l2_plus_rolling_public_trades_proxy_not_exact_queue_or_fill_probability
113,trades,1784017235502,1784017235699288397,0.1977,buy,62575,62575,62576,1,0.005,12.13202,52,2426.404,4,0.18412,0,0.18412,12.13702,0.01517011589335767758477781202,touched_quote_without_depletion,,0.005,False,missing_same_side_strict_through_support,92,49144,418,20,same_touch_stable_enough,real_bbo_history_touch_stability,10721,1784017224781,13.48891,12.13202,-1.35689,51,52,1,not_reset,history_present_no_reset,pass,,,history_present_no_reset,latest_l2_received_before_or_at_candidate,latest_l2_exchange_time_before_candidate,event_driven_current_l2_plus_rolling_public_trades_proxy_not_exact_queue_or_fill_probability
114,l2Book,1784017235634,1784017235870167977,0.236583,buy,62575,62575,62576,1,0.005,11.9479,50,2389.58,4,0.18412,0,0.18412,11.9529,0.01540379322172861815960980181,touched_quote_without_depletion,,0.005,False,missing_same_side_strict_through_support,93,49694,0,21,same_touch_stable_enough,real_bbo_history_touch_stability,10853,1784017224781,13.48891,11.9479,-1.54101,52,50,-2,reset_supported,same_touch_top_qty_or_order_count_reduced,pass,,,,latest_l2_received_before_or_at_candidate,latest_l2_exchange_time_equal_candidate,event_driven_current_l2_plus_rolling_public_trades_proxy_not_exact_queue_or_fill_probability
115,trades,1784017236034,1784017236312067271,0.278466,buy,62575,62575,62576,1,0.005,11.9479,50,2389.58,5,0.18412,0,0.18412,11.9529,0.01540379322172861815960980181,touched_quote_without_depletion,,0.005,False,missing_same_side_strict_through_support,93,49694,400,21,same_touch_stable_enough,real_bbo_history_touch_stability,11253,1784017224781,13.48891,11.9479,-1.54101,52,50,-2,reset_supported,same_touch_top_qty_or_order_count_reduced,pass,,,,latest_l2_received_before_or_at_candidate,latest_l2_exchange_time_before_candidate,event_driven_current_l2_plus_rolling_public_trades_proxy_not_exact_queue_or_fill_probability
116,l2Book,1784017236171,1784017236391841010,0.221254,buy,62575,62575,62576,1,0.005,10.63453,48,2126.906,5,0.18412,0,0.18412,10.63953,0.01730527570296808223671534363,touched_quote_without_depletion,,0.005,False,missing_same_side_strict_through_support,94,50231,0,22,same_touch_stable_enough,real_bbo_history_touch_stability,11390,1784017224781,13.48891,10.63453,-2.85438,52,48,-4,reset_supported,same_touch_top_qty_or_order_count_reduced,pass,,,,latest_l2_received_before_or_at_candidate,latest_l2_exchange_time_equal_candidate,event_driven_current_l2_plus_rolling_public_trades_proxy_not_exact_queue_or_fill_probability
117,l2Book,1784017236703,1784017236914378745,0.211803,buy,62575,62575,62576,1,0.005,7.83855,43,1567.71,5,0.18412,0,0.18412,7.84355,0.02347406467734635464808664444,touched_quote_without_depletion,,0.005,False,missing_same_side_strict_through_support,95,50763,0,23,same_touch_stable_enough,real_bbo_history_touch_stability,11922,1784017224781,13.48891,7.83855,-5.65036,52,43,-9,reset_supported,same_touch_top_qty_or_order_count_reduced,pass,,,,latest_l2_received_before_or_at_candidate,latest_l2_exchange_time_equal_candidate,event_driven_current_l2_plus_rolling_public_trades_proxy_not_exact_queue_or_fill_probability
118,l2Book,1784017237231,1784017237482214080,0.25164,buy,62575,62575,62576,1,0.005,7.18894,41,1437.788,5,0.18412,0,0.18412,7.19394,0.02559376363995251558951005986,touched_quote_without_depletion,,0.005,False,missing_same_side_strict_through_support,96,51291,0,24,same_touch_stable_enough,real_bbo_history_touch_stability,12450,1784017224781,13.48891,7.18894,-6.29997,52,41,-11,reset_supported,same_touch_top_qty_or_order_count_reduced,pass,,,,latest_l2_received_before_or_at_candidate,latest_l2_exchange_time_equal_candidate,event_driven_current_l2_plus_rolling_public_trades_proxy_not_exact_queue_or_fill_probability
119,trades,1784017237368,1784017237562627279,0.195068,buy,62575,62575,62576,1,0.005,7.18894,41,1437.788,6,0.2252,0,0.2252,7.19394,0.03130412541667014181380439648,touched_quote_without_depletion,,0.005,False,missing_same_side_strict_through_support,96,51291,137,24,same_touch_stable_enough,real_bbo_history_touch_stability,12587,1784017224781,13.48891,7.18894,-6.29997,52,41,-11,reset_supported,same_touch_top_qty_or_order_count_reduced,pass,,,,latest_l2_received_before_or_at_candidate,latest_l2_exchange_time_before_candidate,event_driven_current_l2_plus_rolling_public_trades_proxy_not_exact_queue_or_fill_probability
120,trades,1784017237442,1784017237633565759,0.192034,buy,62575,62575,62576,1,0.005,7.18894,41,1437.788,7,0.22544,0,0.22544,7.19394,0.03133748682919234800401448997,touched_quote_without_depletion,,0.005,False,missing_same_side_strict_through_support,96,51291,211,24,same_touch_stable_enough,real_bbo_history_touch_stability,12661,1784017224781,13.48891,7.18894,-6.29997,52,41,-11,reset_supported,same_touch_top_qty_or_order_count_reduced,pass,,,,latest_l2_received_before_or_at_candidate,latest_l2_exchange_time_before_candidate,event_driven_current_l2_plus_rolling_public_trades_proxy_not_exact_queue_or_fill_probability
121,l2Book,1784017237773,1784017237981518736,0.208978,buy,62575,62575,62576,1,0.005,8.35008,42,1670.016,7,0.22544,0,0.22544,8.35508,0.02698238676350196527142768232,touched_quote_without_depletion,,0.005,False,missing_same_side_strict_through_support,97,51833,0,25,same_touch_stable_enough,real_bbo_history_touch_stability,12992,1784017224781,13.48891,8.35008,-5.13883,52,42,-10,reset_supported,same_touch_top_qty_or_order_count_reduced,pass,,,,latest_l2_received_before_or_at_candidate,latest_l2_exchange_time_equal_candidate,event_driven_current_l2_plus_rolling_public_trades_proxy_not_exact_queue_or_fill_probability
122,trades,1784017238046,1784017238281656711,0.236111,buy,62575,62575,62576,1,0.005,8.35008,42,1670.016,9,0.22672,0,0.22672,8.35508,0.02713558697223724967325267981,touched_quote_without_depletion,,0.005,False,missing_same_side_strict_through_support,97,51833,273,25,same_touch_stable_enough,real_bbo_history_touch_stability,13265,1784017224781,13.48891,8.35008,-5.13883,52,42,-10,reset_supported,same_touch_top_qty_or_order_count_reduced,pass,,,,latest_l2_received_before_or_at_candidate,latest_l2_exchange_time_before_candidate,event_driven_current_l2_plus_rolling_public_trades_proxy_not_exact_queue_or_fill_probability
123,l2Book,1784017238297,1784017238536105707,0.239525,buy,62575,62575,62576,1,0.005,8.74802,44,1749.604,9,0.22672,0,0.22672,8.75302,0.02590191728112125871984754976,touched_quote_without_depletion,,0.005,False,missing_same_side_strict_through_support,98,52357,0,26,same_touch_stable_enough,real_bbo_history_touch_stability,13516,1784017224781,13.48891,8.74802,-4.74089,52,44,-8,reset_supported,same_touch_top_qty_or_order_count_reduced,pass,,,,latest_l2_received_before_or_at_candidate,latest_l2_exchange_time_equal_candidate,event_driven_current_l2_plus_rolling_public_trades_proxy_not_exact_queue_or_fill_probability
124,l2Book,1784017238853,1784017239067773525,0.215205,buy,62575,62575,62576,1,0.005,8.54841,43,1709.682,5,0.0426,0,0.0426,8.55341,0.004980469777550707846344323492,touched_quote_without_depletion,,0.005,False,missing_same_side_strict_through_support,99,52913,0,27,same_touch_stable_enough,real_bbo_history_touch_stability,14072,1784017224781,13.48891,8.54841,-4.9405,52,43,-9,reset_supported,same_touch_top_qty_or_order_count_reduced,pass,,,,latest_l2_received_before_or_at_candidate,latest_l2_exchange_time_equal_candidate,event_driven_current_l2_plus_rolling_public_trades_proxy_not_exact_queue_or_fill_probability
125,trades,1784017239255,1784017239432168191,0.177623,buy,62575,62575,62576,1,0.005,8.54841,43,1709.682,5,0.0472,0,0.0472,8.55341,0.005518266983577310102052865465,touched_quote_without_depletion,,0.005,False,missing_same_side_strict_through_support,99,52913,402,27,same_touch_stable_enough,real_bbo_history_touch_stability,14474,1784017224781,13.48891,8.54841,-4.9405,52,43,-9,reset_supported,same_touch_top_qty_or_order_count_reduced,pass,,,,latest_l2_received_before_or_at_candidate,latest_l2_exchange_time_before_candidate,event_driven_current_l2_plus_rolling_public_trades_proxy_not_exact_queue_or_fill_probability
126,l2Book,1784017239377,1784017239604458739,0.227919,buy,62575,62575,62576,1,0.005,8.54381,43,1708.762,5,0.0472,0,0.0472,8.54881,0.005521236289027361702973864199,touched_quote_without_depletion,,0.005,False,missing_same_side_strict_through_support,100,53437,0,28,same_touch_stable_enough,real_bbo_history_touch_stability,14596,1784017224781,13.48891,8.54381,-4.9451,52,43,-9,reset_supported,same_touch_top_qty_or_order_count_reduced,pass,,,,latest_l2_received_before_or_at_candidate,latest_l2_exchange_time_equal_candidate,event_driven_current_l2_plus_rolling_public_trades_proxy_not_exact_queue_or_fill_probability
127,l2Book,1784017239891,1784017240147266561,0.256711,buy,62575,62575,62576,1,0.005,8.54381,43,1708.762,5,0.0472,0,0.0472,8.54881,0.005521236289027361702973864199,touched_quote_without_depletion,,0.005,False,missing_same_side_strict_through_support,101,53951,0,29,same_touch_stable_enough,real_bbo_history_touch_stability,15110,1784017224781,13.48891,8.54381,-4.9451,52,43,-9,reset_supported,same_touch_top_qty_or_order_count_reduced,pass,,,,latest_l2_received_before_or_at_candidate,latest_l2_exchange_time_equal_candidate,event_driven_current_l2_plus_rolling_public_trades_proxy_not_exact_queue_or_fill_probability
128,l2Book,1784017240399,1784017240622769015,0.224247,buy,62575,62575,62576,1,0.005,10.1376,45,2027.52,4,0.00612,0,0.00612,10.1426,0.000603395579042848973635951334,touched_quote_without_depletion,,0.00153,False,missing_same_side_strict_through_support,102,54459,0,30,same_touch_stable_enough,real_bbo_history_touch_stability,15618,1784017224781,13.48891,10.1376,-3.35131,52,45,-7,reset_supported,same_touch_top_qty_or_order_count_reduced,pass,,,,latest_l2_received_before_or_at_candidate,latest_l2_exchange_time_equal_candidate,event_driven_current_l2_plus_rolling_public_trades_proxy_not_exact_queue_or_fill_probability
129,trades,1784017240599,1784017240803114105,0.204587,buy,62575,62575,62576,1,0.005,10.1376,45,2027.52,4,0.00588,0,0.00588,10.1426,0.0005797330073156784256502277523,touched_quote_without_depletion,,0.00147,False,missing_same_side_strict_through_support,102,54459,200,30,same_touch_stable_enough,real_bbo_history_touch_stability,15818,1784017224781,13.48891,10.1376,-3.35131,52,45,-7,reset_supported,same_touch_top_qty_or_order_count_reduced,pass,,,,latest_l2_received_before_or_at_candidate,latest_l2_exchange_time_before_candidate,event_driven_current_l2_plus_rolling_public_trades_proxy_not_exact_queue_or_fill_probability
130,l2Book,1784017241002,1784017241268661481,0.267122,buy,62575,62575,62576,1,0.005,10.13761,45,2027.522,4,0.00588,0,0.00588,10.14261,0.0005797324357339974621916843889,touched_quote_without_depletion,,0.00147,False,missing_same_side_strict_through_support,103,55062,0,31,same_touch_stable_enough,real_bbo_history_touch_stability,16221,1784017224781,13.48891,10.13761,-3.3513,52,45,-7,reset_supported,same_touch_top_qty_or_order_count_reduced,pass,,,,latest_l2_received_before_or_at_candidate,latest_l2_exchange_time_equal_candidate,event_driven_current_l2_plus_rolling_public_trades_proxy_not_exact_queue_or_fill_probability
131,l2Book,1784017241539,1784017241755442962,0.216917,buy,62575,62575,62576,1,0.005,10.25082,46,2050.164,2,0.0046,0,0.0046,10.25582,0.000448525812660518612846169297,touched_quote_without_depletion,,0.00115,False,missing_same_side_strict_through_support,104,55599,0,32,same_touch_stable_enough,real_bbo_history_touch_stability,16758,1784017224781,13.48891,10.25082,-3.23809,52,46,-6,reset_supported,same_touch_top_qty_or_order_count_reduced,pass,,,,latest_l2_received_before_or_at_candidate,latest_l2_exchange_time_equal_candidate,event_driven_current_l2_plus_rolling_public_trades_proxy_not_exact_queue_or_fill_probability
132,l2Book,1784017242072,1784017242315423318,0.243876,buy,62575,62575,62576,1,0.005,10.25082,46,2050.164,2,0.0046,0,0.0046,10.25582,0.000448525812660518612846169297,touched_quote_without_depletion,,0.00115,False,missing_same_side_strict_through_support,105,56132,0,33,same_touch_stable_enough,real_bbo_history_touch_stability,17291,1784017224781,13.48891,10.25082,-3.23809,52,46,-6,reset_supported,same_touch_top_qty_or_order_count_reduced,pass,,,,latest_l2_received_before_or_at_candidate,latest_l2_exchange_time_equal_candidate,event_driven_current_l2_plus_rolling_public_trades_proxy_not_exact_queue_or_fill_probability
133,trades,1784017242144,1784017242338829359,0.195321,buy,62575,62575,62576,1,0.005,10.25082,46,2050.164,3,0.0054,0,0.0054,10.25582,0.0005265303018188696759498509139,touched_quote_without_depletion,,0.00135,False,missing_same_side_strict_through_support,105,56132,72,33,same_touch_stable_enough,real_bbo_history_touch_stability,17363,1784017224781,13.48891,10.25082,-3.23809,52,46,-6,reset_supported,same_touch_top_qty_or_order_count_reduced,pass,,,,latest_l2_received_before_or_at_candidate,latest_l2_exchange_time_before_candidate,event_driven_current_l2_plus_rolling_public_trades_proxy_not_exact_queue_or_fill_probability
134,l2Book,1784017242625,1784017242830149737,0.205635,buy,62575,62575,62576,1,0.005,10.25002,46,2050.004,2,0.0008,0,0.0008,10.25502,0.00007801057433335088571255833728,touched_quote_without_depletion,,0.0002,False,missing_same_side_strict_through_support,106,56685,0,34,same_touch_stable_enough,real_bbo_history_touch_stability,17844,1784017224781,13.48891,10.25002,-3.23889,52,46,-6,reset_supported,same_touch_top_qty_or_order_count_reduced,pass,,,,latest_l2_received_before_or_at_candidate,latest_l2_exchange_time_equal_candidate,event_driven_current_l2_plus_rolling_public_trades_proxy_not_exact_queue_or_fill_probability
135,l2Book,1784017243155,1784017243374970139,0.220493,buy,62575,62575,62576,1,0.005,8.21654,44,1643.308,2,0.0008,0,0.0008,8.22154,0.00009730537101321650201787013139,touched_quote_without_depletion,,0.0002,False,missing_same_side_strict_through_support,107,57215,0,35,same_touch_stable_enough,real_bbo_history_touch_stability,18374,1784017224781,13.48891,8.21654,-5.27237,52,44,-8,reset_supported,same_touch_top_qty_or_order_count_reduced,pass,,,,latest_l2_received_before_or_at_candidate,latest_l2_exchange_time_equal_candidate,event_driven_current_l2_plus_rolling_public_trades_proxy_not_exact_queue_or_fill_probability
136,l2Book,1784017243707,1784017243970174713,0.263652,buy,62575,62575,62576,1,0.005,18.24684,51,3649.368,1,0.0008,0,0.0008,18.25184,0.00004383119729298525518523063976,touched_quote_without_depletion,,0.0002,False,missing_same_side_strict_through_support,108,57767,0,36,same_touch_stable_enough,real_bbo_history_touch_stability,18926,1784017224781,13.48891,18.24684,4.75793,52,51,-1,reset_supported,same_touch_top_qty_or_order_count_reduced,pass,,,,latest_l2_received_before_or_at_candidate,latest_l2_exchange_time_equal_candidate,event_driven_current_l2_plus_rolling_public_trades_proxy_not_exact_queue_or_fill_probability
137,l2Book,1784017244247,1784017244499438406,0.252944,buy,62575,62575,62576,1,0.005,18.81883,55,3763.766,1,0.0008,0,0.0008,18.82383,0.00004249932133896236844467889903,touched_quote_without_depletion,,0.0002,False,missing_same_side_strict_through_support,109,58307,0,37,same_touch_stable_enough,real_bbo_history_touch_stability,19466,1784017224781,18.24684,18.81883,0.57199,52,55,3,not_reset,history_present_no_reset,pass,,,history_present_no_reset,latest_l2_received_before_or_at_candidate,latest_l2_exchange_time_equal_candidate,event_driven_current_l2_plus_rolling_public_trades_proxy_not_exact_queue_or_fill_probability
138,trades,1784017244309,1784017244528470375,0.219931,buy,62575,62575,62576,1,0.005,18.81883,55,3763.766,2,0.0008,0,0.0008,18.82383,0.00004249932133896236844467889903,touched_quote_without_depletion,,0.0002,False,missing_same_side_strict_through_support,109,58307,62,37,same_touch_stable_enough,real_bbo_history_touch_stability,19528,1784017224781,18.24684,18.81883,0.57199,52,55,3,not_reset,history_present_no_reset,pass,,,history_present_no_reset,latest_l2_received_before_or_at_candidate,latest_l2_exchange_time_before_candidate,event_driven_current_l2_plus_rolling_public_trades_proxy_not_exact_queue_or_fill_probability
139,l2Book,1784017244757,1784017245115872427,0.359356,buy,62575,62575,62576,1,0.005,19.11649,54,3823.298,2,0.0008,0,0.0008,19.12149,0.00004183774381598923514851614597,touched_quote_without_depletion,,0.0002,False,missing_same_side_strict_through_support,110,58817,0,38,same_touch_stable_enough,real_bbo_history_touch_stability,19976,1784017224781,18.81883,19.11649,0.29766,55,54,-1,reset_supported,same_touch_top_qty_or_order_count_reduced,pass,,,,latest_l2_received_before_or_at_candidate,latest_l2_exchange_time_equal_candidate,event_driven_current_l2_plus_rolling_public_trades_proxy_not_exact_queue_or_fill_probability
140,trades,1784017245034,1784017245290938608,0.257442,buy,62575,62575,62576,1,0.005,19.11649,54,3823.298,3,0.0008,0,0.0008,19.12149,0.00004183774381598923514851614597,touched_quote_without_depletion,,0.0002,False,missing_same_side_strict_through_support,110,58817,277,38,same_touch_stable_enough,real_bbo_history_touch_stability,20253,1784017224781,18.81883,19.11649,0.29766,55,54,-1,reset_supported,same_touch_top_qty_or_order_count_reduced,pass,,,,latest_l2_received_before_or_at_candidate,latest_l2_exchange_time_before_candidate,event_driven_current_l2_plus_rolling_public_trades_proxy_not_exact_queue_or_fill_probability
141,l2Book,1784017245307,1784017245501705478,0.195198,buy,62575,62575,62576,1,0.005,17.01495,59,3402.99,2,0,0,0,17.01995,0,not_depleted,,0.0,False,missing_same_side_strict_through_support;missing_recent_same_side_at_or_through_throughput,111,59367,0,39,same_touch_stable_enough,real_bbo_history_touch_stability,20526,1784017224781,19.11649,17.01495,-2.10154,55,59,4,not_reset,history_present_no_reset,pass,,,history_present_no_reset,latest_l2_received_before_or_at_candidate,latest_l2_exchange_time_equal_candidate,event_driven_current_l2_plus_rolling_public_trades_proxy_not_exact_queue_or_fill_probability
142,trades,1784017245411,1784017245597670270,0.187154,buy,62575,62575,62576,1,0.005,17.01495,59,3402.99,3,0.0051,0,0.0051,17.01995,0.0002996483538435776838357339475,touched_quote_without_depletion,,0.00127,False,missing_same_side_strict_through_support,111,59367,104,39,same_touch_stable_enough,real_bbo_history_touch_stability,20630,1784017224781,19.11649,17.01495,-2.10154,55,59,4,not_reset,history_present_no_reset,pass,,,history_present_no_reset,latest_l2_received_before_or_at_candidate,latest_l2_exchange_time_before_candidate,event_driven_current_l2_plus_rolling_public_trades_proxy_not_exact_queue_or_fill_probability
143,l2Book,1784017245863,1784017246096708394,0.234183,buy,62575,62575,62576,1,0.005,17.00987,59,3401.974,3,0.0051,0,0.0051,17.01487,0.0002997378175678098040126077954,touched_quote_without_depletion,,0.00127,False,missing_same_side_strict_through_support,112,59923,0,40,same_touch_stable_enough,real_bbo_history_touch_stability,21082,1784017224781,19.11649,17.00987,-2.10662,59,59,0,not_reset,history_present_no_reset,pass,,,history_present_no_reset,latest_l2_received_before_or_at_candidate,latest_l2_exchange_time_equal_candidate,event_driven_current_l2_plus_rolling_public_trades_proxy_not_exact_queue_or_fill_probability
144,l2Book,1784017246391,1784017246604634976,0.214123,buy,62575,62575,62576,1,0.005,13.1851,57,2637.02,3,0.0051,0,0.0051,13.1901,0.0003866536265835740441694907544,touched_quote_without_depletion,,0.00127,False,missing_same_side_strict_through_support,112,59919,0,41,same_touch_stable_enough,real_bbo_history_touch_stability,21610,1784017224781,19.11649,13.1851,-5.93139,59,57,-2,reset_supported,same_touch_top_qty_or_order_count_reduced,pass,,,,latest_l2_received_before_or_at_candidate,latest_l2_exchange_time_equal_candidate,event_driven_current_l2_plus_rolling_public_trades_proxy_not_exact_queue_or_fill_probability
145,l2Book,1784017246936,1784017247148626260,0.213104,buy,62575,62575,62576,1,0.005,17.02566,59,3405.132,3,0.0051,0,0.0051,17.03066,0.0002994599152352286992987940573,touched_quote_without_depletion,,0.00127,False,missing_same_side_strict_through_support,112,59923,0,42,same_touch_stable_enough,real_bbo_history_touch_stability,22155,1784017224781,19.11649,17.02566,-2.09083,59,59,0,not_reset,history_present_no_reset,pass,,,history_present_no_reset,latest_l2_received_before_or_at_candidate,latest_l2_exchange_time_equal_candidate,event_driven_current_l2_plus_rolling_public_trades_proxy_not_exact_queue_or_fill_probability
146,l2Book,1784017247477,1784017247698568848,0.222062,buy,62575,62575,62576,1,0.005,19.90606,60,3981.212,2,0.0051,0,0.0051,19.91106,0.0002561390503569373001738732142,touched_quote_without_depletion,,0.00127,False,missing_same_side_strict_through_support,112,59921,0,43,same_touch_stable_enough,real_bbo_history_touch_stability,22696,1784017224781,19.11649,19.90606,0.78957,59,60,1,not_reset,history_present_no_reset,pass,,,history_present_no_reset,latest_l2_received_before_or_at_candidate,latest_l2_exchange_time_equal_candidate,event_driven_current_l2_plus_rolling_public_trades_proxy_not_exact_queue_or_fill_probability
147,l2Book,1784017247990,1784017248237095022,0.247603,buy,62575,62575,62576,1,0.005,14.78533,58,2957.066,2,0.0051,0,0.0051,14.79033,0.0003448198924567605996620765054,touched_quote_without_depletion,,0.00127,False,missing_same_side_strict_through_support,112,59901,0,44,same_touch_stable_enough,real_bbo_history_touch_stability,23209,1784017224781,19.90606,14.78533,-5.12073,60,58,-2,reset_supported,same_touch_top_qty_or_order_count_reduced,pass,,,,latest_l2_received_before_or_at_candidate,latest_l2_exchange_time_equal_candidate,event_driven_current_l2_plus_rolling_public_trades_proxy_not_exact_queue_or_fill_probability
148,l2Book,1784017248495,1784017248699936587,0.205414,buy,62575,62575,62576,1,0.005,19.90607,60,3981.214,0,0,0,0,19.91107,0,not_depleted,,0.0,False,missing_same_side_strict_through_support;missing_recent_same_side_at_or_through_throughput,112,59866,0,45,same_touch_stable_enough,real_bbo_history_touch_stability,23714,1784017224781,19.90606,19.90607,0.00001,60,60,0,not_reset,history_present_no_reset,pass,,,history_present_no_reset,latest_l2_received_before_or_at_candidate,latest_l2_exchange_time_equal_candidate,event_driven_current_l2_plus_rolling_public_trades_proxy_not_exact_queue_or_fill_probability
149,trades,1784017248687,1784017248882702598,0.196167,buy,62575,62575,62576,1,0.005,19.90607,60,3981.214,1,0,0,0,19.91107,0,not_depleted,,0.0,False,missing_same_side_strict_through_support;missing_recent_same_side_at_or_through_throughput,111,59323,192,45,same_touch_stable_enough,real_bbo_history_touch_stability,23906,1784017224781,19.90606,19.90607,0.00001,60,60,0,not_reset,history_present_no_reset,pass,,,history_present_no_reset,latest_l2_received_before_or_at_candidate,latest_l2_exchange_time_before_candidate,event_driven_current_l2_plus_rolling_public_trades_proxy_not_exact_queue_or_fill_probability
150,trades,1784017248769,1784017248956250286,0.187752,buy,62575,62575,62576,1,0.005,19.90607,60,3981.214,5,0,0,0,19.91107,0,not_depleted,,0.0,False,missing_same_side_strict_through_support;missing_recent_same_side_at_or_through_throughput,111,59323,274,45,same_touch_stable_enough,real_bbo_history_touch_stability,23988,1784017224781,19.90606,19.90607,0.00001,60,60,0,not_reset,history_present_no_reset,pass,,,history_present_no_reset,latest_l2_received_before_or_at_candidate,latest_l2_exchange_time_before_candidate,event_driven_current_l2_plus_rolling_public_trades_proxy_not_exact_queue_or_fill_probability
151,l2Book,1784017249021,1784017249301582152,0.281069,buy,62584,62584,62585,1,0.005,15.63427,233,3126.854,5,0,0,0,15.63927,0,not_depleted,,0.0,False,missing_same_side_strict_through_support;missing_touch_freshness_or_queue_reset_evidence;missing_recent_same_side_at_or_through_throughput,112,59849,0,1,same_touch_seen_but_not_stable,real_bbo_history_insufficient,0,1784017249021,,15.63427,,,233,,missing,no_prior_same_touch_bbo,block,no_prior_same_touch_bbo,same_touch_seen_but_not_stable,no_prior_same_touch_bbo,latest_l2_received_before_or_at_candidate,latest_l2_exchange_time_equal_candidate,event_driven_current_l2_plus_rolling_public_trades_proxy_not_exact_queue_or_fill_probability
152,l2Book,1784017249548,1784017249800650717,0.253125,buy,62584,62584,62585,1,0.005,9.4786,62,1895.72,5,0,0,0,9.4836,0,not_depleted,,0.0,False,missing_same_side_strict_through_support;missing_recent_same_side_at_or_through_throughput,112,59839,0,2,same_touch_stable_enough,real_bbo_history_touch_stability,527,1784017249021,15.63427,9.4786,-6.15567,233,62,-171,reset_supported,same_touch_top_qty_or_order_count_reduced,pass,,,,latest_l2_received_before_or_at_candidate,latest_l2_exchange_time_equal_candidate,event_driven_current_l2_plus_rolling_public_trades_proxy_not_exact_queue_or_fill_probability
153,trades,1784017249548,1784017249801345345,0.253661,buy,62584,62584,62585,1,0.005,9.4786,62,1895.72,7,0,0,0,9.4836,0,not_depleted,,0.0,False,missing_same_side_strict_through_support;missing_recent_same_side_at_or_through_throughput,112,59839,0,2,same_touch_stable_enough,real_bbo_history_touch_stability,527,1784017249021,15.63427,9.4786,-6.15567,233,62,-171,reset_supported,same_touch_top_qty_or_order_count_reduced,pass,,,,latest_l2_received_before_or_at_candidate,latest_l2_exchange_time_equal_candidate,event_driven_current_l2_plus_rolling_public_trades_proxy_not_exact_queue_or_fill_probability
154,trades,1784017249776,1784017250133037992,0.357501,buy,62584,62584,62585,1,0.005,9.4786,62,1895.72,8,0,0,0,9.4836,0,not_depleted,,0.0,False,missing_same_side_strict_through_support;missing_recent_same_side_at_or_through_throughput,111,59311,228,2,same_touch_stable_enough,real_bbo_history_touch_stability,755,1784017249021,15.63427,9.4786,-6.15567,233,62,-171,reset_supported,same_touch_top_qty_or_order_count_reduced,pass,,,,latest_l2_received_before_or_at_candidate,latest_l2_exchange_time_before_candidate,event_driven_current_l2_plus_rolling_public_trades_proxy_not_exact_queue_or_fill_probability
155,l2Book,1784017250109,1784017250336734499,0.22821,buy,62584,62584,62585,1,0.005,13.39245,75,2678.49,8,0,0,0,13.39745,0,not_depleted,,0.0,False,missing_same_side_strict_through_support;missing_recent_same_side_at_or_through_throughput,112,59872,0,3,same_touch_stable_enough,real_bbo_history_touch_stability,1088,1784017249021,15.63427,13.39245,-2.24182,233,75,-158,reset_supported,same_touch_top_qty_or_order_count_reduced,pass,,,,latest_l2_received_before_or_at_candidate,latest_l2_exchange_time_equal_candidate,event_driven_current_l2_plus_rolling_public_trades_proxy_not_exact_queue_or_fill_probability
156,l2Book,1784017250638,1784017250857249832,0.219738,buy,62584,62584,62585,1,0.005,12.44995,76,2489.99,8,0,0,0,12.45495,0,not_depleted,,0.0,False,missing_same_side_strict_through_support;missing_recent_same_side_at_or_through_throughput,112,59855,0,4,same_touch_stable_enough,real_bbo_history_touch_stability,1617,1784017249021,15.63427,12.44995,-3.18432,233,76,-157,reset_supported,same_touch_top_qty_or_order_count_reduced,pass,,,,latest_l2_received_before_or_at_candidate,latest_l2_exchange_time_equal_candidate,event_driven_current_l2_plus_rolling_public_trades_proxy_not_exact_queue_or_fill_probability
157,l2Book,1784017251182,1784017251413945420,0.232474,buy,62584,62584,62585,1,0.005,12.44395,75,2488.79,8,0,0,0,12.44895,0,not_depleted,,0.0,False,missing_same_side_strict_through_support;missing_recent_same_side_at_or_through_throughput,112,59862,0,5,same_touch_stable_enough,real_bbo_history_touch_stability,2161,1784017249021,15.63427,12.44395,-3.19032,233,75,-158,reset_supported,same_touch_top_qty_or_order_count_reduced,pass,,,,latest_l2_received_before_or_at_candidate,latest_l2_exchange_time_equal_candidate,event_driven_current_l2_plus_rolling_public_trades_proxy_not_exact_queue_or_fill_probability
158,l2Book,1784017251721,1784017251951414279,0.230918,buy,62584,62584,62585,1,0.005,12.43264,75,2486.528,7,0,0,0,12.43764,0,not_depleted,,0.0,False,missing_same_side_strict_through_support;missing_recent_same_side_at_or_through_throughput,112,59860,0,6,same_touch_stable_enough,real_bbo_history_touch_stability,2700,1784017249021,15.63427,12.43264,-3.20163,233,75,-158,reset_supported,same_touch_top_qty_or_order_count_reduced,pass,,,,latest_l2_received_before_or_at_candidate,latest_l2_exchange_time_equal_candidate,event_driven_current_l2_plus_rolling_public_trades_proxy_not_exact_queue_or_fill_probability
159,trades,1784017251721,1784017251952114524,0.231415,buy,62584,62584,62585,1,0.005,12.43264,75,2486.528,8,0.00019,0,0.00019,12.43764,0.00001527620995622963842015044655,touched_quote_without_depletion,,4e-05,False,missing_same_side_strict_through_support,112,59860,0,6,same_touch_stable_enough,real_bbo_history_touch_stability,2700,1784017249021,15.63427,12.43264,-3.20163,233,75,-158,reset_supported,same_touch_top_qty_or_order_count_reduced,pass,,,,latest_l2_received_before_or_at_candidate,latest_l2_exchange_time_equal_candidate,event_driven_current_l2_plus_rolling_public_trades_proxy_not_exact_queue_or_fill_probability
160,l2Book,1784017252240,1784017252468260451,0.228724,buy,62584,62584,62585,1,0.005,12.11567,72,2423.134,4,0.00019,0,0.00019,12.12067,0.00001567570109573150659163231076,touched_quote_without_depletion,,4e-05,False,missing_same_side_strict_through_support,112,59835,0,7,same_touch_stable_enough,real_bbo_history_touch_stability,3219,1784017249021,15.63427,12.11567,-3.5186,233,72,-161,reset_supported,same_touch_top_qty_or_order_count_reduced,pass,,,,latest_l2_received_before_or_at_candidate,latest_l2_exchange_time_equal_candidate,event_driven_current_l2_plus_rolling_public_trades_proxy_not_exact_queue_or_fill_probability
161,l2Book,1784017252792,1784017253016866299,0.225327,buy,62584,62584,62585,1,0.005,11.7127,63,2342.54,1,0.00019,0,0.00019,11.7177,0.00001621478617817489780417658756,touched_quote_without_depletion,,4e-05,False,missing_same_side_strict_through_support,112,59851,0,8,same_touch_stable_enough,real_bbo_history_touch_stability,3771,1784017249021,15.63427,11.7127,-3.92157,233,63,-170,reset_supported,same_touch_top_qty_or_order_count_reduced,pass,,,,latest_l2_received_before_or_at_candidate,latest_l2_exchange_time_equal_candidate,event_driven_current_l2_plus_rolling_public_trades_proxy_not_exact_queue_or_fill_probability
162,l2Book,1784017253328,1784017253547993637,0.220465,buy,62584,62584,62585,1,0.005,11.33736,62,2267.472,1,0.00019,0,0.00019,11.34236,0.00001675136391368286670498908516,touched_quote_without_depletion,,4e-05,False,missing_same_side_strict_through_support,112,59858,0,9,same_touch_stable_enough,real_bbo_history_touch_stability,4307,1784017249021,15.63427,11.33736,-4.29691,233,62,-171,reset_supported,same_touch_top_qty_or_order_count_reduced,pass,,,,latest_l2_received_before_or_at_candidate,latest_l2_exchange_time_equal_candidate,event_driven_current_l2_plus_rolling_public_trades_proxy_not_exact_queue_or_fill_probability
163,trades,1784017253799,1784017253993950920,0.19544,buy,62584,62584,62585,1,0.005,11.33736,62,2267.472,2,0.36829,0,0.36829,11.34236,0.03247031481984348936200226408,touched_quote_without_depletion,,0.005,False,missing_same_side_strict_through_support,111,59324,471,9,same_touch_stable_enough,real_bbo_history_touch_stability,4778,1784017249021,15.63427,11.33736,-4.29691,233,62,-171,reset_supported,same_touch_top_qty_or_order_count_reduced,pass,,,,latest_l2_received_before_or_at_candidate,latest_l2_exchange_time_before_candidate,event_driven_current_l2_plus_rolling_public_trades_proxy_not_exact_queue_or_fill_probability
164,l2Book,1784017253858,1784017254063214919,0.205696,buy,62584,62584,62585,1,0.005,11.14475,61,2228.95,2,0.36829,0,0.36829,11.14975,0.03303123388416780645305948564,touched_quote_without_depletion,,0.005,False,missing_same_side_strict_through_support,112,59854,0,10,same_touch_stable_enough,real_bbo_history_touch_stability,4837,1784017249021,15.63427,11.14475,-4.48952,233,61,-172,reset_supported,same_touch_top_qty_or_order_count_reduced,pass,,,,latest_l2_received_before_or_at_candidate,latest_l2_exchange_time_equal_candidate,event_driven_current_l2_plus_rolling_public_trades_proxy_not_exact_queue_or_fill_probability
165,l2Book,1784017254404,1784017254633221696,0.229705,buy,62584,62584,62585,1,0.005,10.91427,59,2182.854,2,0.36829,0,0.36829,10.91927,0.03372844521657583336614993493,touched_quote_without_depletion,,0.005,False,missing_same_side_strict_through_support,112,59854,0,11,same_touch_stable_enough,real_bbo_history_touch_stability,5383,1784017249021,15.63427,10.91427,-4.72,233,59,-174,reset_supported,same_touch_top_qty_or_order_count_reduced,pass,,,,latest_l2_received_before_or_at_candidate,latest_l2_exchange_time_equal_candidate,event_driven_current_l2_plus_rolling_public_trades_proxy_not_exact_queue_or_fill_probability
166,l2Book,1784017254944,1784017255213712328,0.270232,buy,62584,62584,62585,1,0.005,21.26272,69,4252.544,1,0.3681,0,0.3681,21.26772,0.01730792017197894273575164616,touched_quote_without_depletion,,0.005,False,missing_same_side_strict_through_support,112,59863,0,12,same_touch_stable_enough,real_bbo_history_touch_stability,5923,1784017249021,15.63427,21.26272,5.62845,233,69,-164,reset_supported,same_touch_top_qty_or_order_count_reduced,pass,,,,latest_l2_received_before_or_at_candidate,latest_l2_exchange_time_equal_candidate,event_driven_current_l2_plus_rolling_public_trades_proxy_not_exact_queue_or_fill_probability
167,l2Book,1784017255480,1784017255724924124,0.245406,buy,62584,62584,62585,1,0.005,21.77401,71,4354.802,1,0.3681,0,0.3681,21.77901,0.01690159470058556380661930914,touched_quote_without_depletion,,0.005,False,missing_same_side_strict_through_support,112,59859,0,13,same_touch_stable_enough,real_bbo_history_touch_stability,6459,1784017249021,21.26272,21.77401,0.51129,233,71,-162,reset_supported,same_touch_top_qty_or_order_count_reduced,pass,,,,latest_l2_received_before_or_at_candidate,latest_l2_exchange_time_equal_candidate,event_driven_current_l2_plus_rolling_public_trades_proxy_not_exact_queue_or_fill_probability
168,trades,1784017255879,1784017256065242309,0.1867,buy,62584,62584,62585,1,0.005,21.77401,71,4354.802,2,0.3681,0,0.3681,21.77901,0.01690159470058556380661930914,touched_quote_without_depletion,,0.005,False,missing_same_side_strict_through_support,111,59319,399,13,same_touch_stable_enough,real_bbo_history_touch_stability,6858,1784017249021,21.26272,21.77401,0.51129,233,71,-162,reset_supported,same_touch_top_qty_or_order_count_reduced,pass,,,,latest_l2_received_before_or_at_candidate,latest_l2_exchange_time_before_candidate,event_driven_current_l2_plus_rolling_public_trades_proxy_not_exact_queue_or_fill_probability
169,l2Book,1784017256000,1784017256274022045,0.274497,buy,62584,62584,62585,1,0.005,22.0023,74,4400.46,2,0.3681,0,0.3681,22.0073,0.01672626810194798998514129403,touched_quote_without_depletion,,0.005,False,missing_same_side_strict_through_support,112,59839,0,14,same_touch_stable_enough,real_bbo_history_touch_stability,6979,1784017249021,21.77401,22.0023,0.22829,233,74,-159,reset_supported,same_touch_top_qty_or_order_count_reduced,pass,,,,latest_l2_received_before_or_at_candidate,latest_l2_exchange_time_equal_candidate,event_driven_current_l2_plus_rolling_public_trades_proxy_not_exact_queue_or_fill_probability
170,l2Book,1784017256550,1784017256778708525,0.229223,buy,62584,62584,62585,1,0.005,22.0023,74,4400.46,2,0.3681,0,0.3681,22.0073,0.01672626810194798998514129403,touched_quote_without_depletion,,0.005,False,missing_same_side_strict_through_support,112,59861,0,15,same_touch_stable_enough,real_bbo_history_touch_stability,7529,1784017249021,22.0023,22.0023,0,233,74,-159,reset_supported,same_touch_top_qty_or_order_count_reduced,pass,,,,latest_l2_received_before_or_at_candidate,latest_l2_exchange_time_equal_candidate,event_driven_current_l2_plus_rolling_public_trades_proxy_not_exact_queue_or_fill_probability
171,trades,1784017257013,1784017257272947361,0.260417,buy,62584,62584,62585,1,0.005,22.0023,74,4400.46,2,0,0,0,22.0073,0,not_depleted,,0.0,False,missing_same_side_strict_through_support;missing_recent_same_side_at_or_through_throughput,111,59314,463,15,same_touch_stable_enough,real_bbo_history_touch_stability,7992,1784017249021,22.0023,22.0023,0,233,74,-159,reset_supported,same_touch_top_qty_or_order_count_reduced,pass,,,,latest_l2_received_before_or_at_candidate,latest_l2_exchange_time_before_candidate,event_driven_current_l2_plus_rolling_public_trades_proxy_not_exact_queue_or_fill_probability
172,l2Book,1784017257090,1784017257348642765,0.259095,buy,62584,62584,62585,1,0.005,20.6706,75,4134.12,2,0,0,0,20.6756,0,not_depleted,,0.0,False,missing_same_side_strict_through_support;missing_recent_same_side_at_or_through_throughput,112,59854,0,16,same_touch_stable_enough,real_bbo_history_touch_stability,8069,1784017249021,22.0023,20.6706,-1.3317,233,75,-158,reset_supported,same_touch_top_qty_or_order_count_reduced,pass,,,,latest_l2_received_before_or_at_candidate,latest_l2_exchange_time_equal_candidate,event_driven_current_l2_plus_rolling_public_trades_proxy_not_exact_queue_or_fill_probability
173,trades,1784017257520,1784017257804581724,0.285075,buy,62584,62584,62585,1,0.005,20.6706,75,4134.12,3,0,0,0,20.6756,0,not_depleted,,0.0,False,missing_same_side_strict_through_support;missing_recent_same_side_at_or_through_throughput,111,59319,430,16,same_touch_stable_enough,real_bbo_history_touch_stability,8499,1784017249021,22.0023,20.6706,-1.3317,233,75,-158,reset_supported,same_touch_top_qty_or_order_count_reduced,pass,,,,latest_l2_received_before_or_at_candidate,latest_l2_exchange_time_before_candidate,event_driven_current_l2_plus_rolling_public_trades_proxy_not_exact_queue_or_fill_probability
174,l2Book,1784017257651,1784017257885447202,0.234935,buy,62584,62584,62585,1,0.005,0.48402,5,96.804,3,0,0,0,0.48902,0,not_depleted,,0.0,False,missing_same_side_strict_through_support;missing_recent_same_side_at_or_through_throughput,112,59880,0,17,same_touch_stable_enough,real_bbo_history_touch_stability,8630,1784017249021,22.0023,0.48402,-21.51828,233,5,-228,reset_supported,same_touch_top_qty_or_order_count_reduced,pass,,,,latest_l2_received_before_or_at_candidate,latest_l2_exchange_time_equal_candidate,event_driven_current_l2_plus_rolling_public_trades_proxy_not_exact_queue_or_fill_probability
175,l2Book,1784017258186,1784017258425746817,0.240239,buy,62584,62584,62585,1,0.005,0.0003,1,0.06,3,0,0,0,0.0053,0,not_depleted,,0.0,False,missing_same_side_strict_through_support;missing_recent_same_side_at_or_through_throughput,112,59889,0,18,same_touch_stable_enough,real_bbo_history_touch_stability,9165,1784017249021,22.0023,0.0003,-22.002,233,1,-232,reset_supported,same_touch_top_qty_or_order_count_reduced,pass,,,,latest_l2_received_before_or_at_candidate,latest_l2_exchange_time_equal_candidate,event_driven_current_l2_plus_rolling_public_trades_proxy_not_exact_queue_or_fill_probability
176,trades,1784017258585,1784017258806116824,0.221584,buy,62584,62584,62585,1,0.005,0.0003,1,0.06,4,0.0003,0,0.0003,0.0053,0.05660377358490566037735849057,depleted_visible_top_proxy_only,,7e-05,False,missing_same_side_strict_through_support,111,59341,399,18,same_touch_stable_enough,real_bbo_history_touch_stability,9564,1784017249021,22.0023,0.0003,-22.002,233,1,-232,reset_supported,same_touch_top_qty_or_order_count_reduced,pass,,,,latest_l2_received_before_or_at_candidate,latest_l2_exchange_time_before_candidate,event_driven_current_l2_plus_rolling_public_trades_proxy_not_exact_queue_or_fill_probability
177,l2Book,1784017258773,1784017259014492215,0.241945,buy,62583,62583,62584,1,0.005,0.00017,1,0.034,4,0,0,0,0.00517,0,not_depleted,,0.0,False,missing_same_side_strict_through_support;missing_touch_freshness_or_queue_reset_evidence;missing_recent_same_side_at_or_through_throughput,112,59928,0,1,same_touch_seen_but_not_stable,real_bbo_history_insufficient,0,1784017258773,,0.00017,,,1,,missing,no_prior_same_touch_bbo,block,no_prior_same_touch_bbo,same_touch_seen_but_not_stable,no_prior_same_touch_bbo,latest_l2_received_before_or_at_candidate,latest_l2_exchange_time_equal_candidate,event_driven_current_l2_plus_rolling_public_trades_proxy_not_exact_queue_or_fill_probability
178,l2Book,1784017259323,1784017259548773447,0.226251,buy,62579,62579,62580,1,0.005,0.00359,2,0.718,3,0,0,0,0.00859,0,not_depleted,,0.0,False,missing_same_side_strict_through_support;missing_touch_freshness_or_queue_reset_evidence;missing_recent_same_side_at_or_through_throughput,112,59942,0,1,same_touch_seen_but_not_stable,real_bbo_history_insufficient,0,1784017259323,,0.00359,,,2,,missing,no_prior_same_touch_bbo,block,no_prior_same_touch_bbo,same_touch_seen_but_not_stable,no_prior_same_touch_bbo,latest_l2_received_before_or_at_candidate,latest_l2_exchange_time_equal_candidate,event_driven_current_l2_plus_rolling_public_trades_proxy_not_exact_queue_or_fill_probability
179,trades,1784017259592,1784017259779011449,0.187498,buy,62579,62579,62580,1,0.005,0.00359,2,0.718,4,0.00022,0,0.00022,0.00859,0.02561117578579743888242142026,touched_quote_without_depletion,,5e-05,False,missing_same_side_strict_through_support,111,59418,269,1,same_touch_stable_enough,real_bbo_history_touch_stability,269,1784017259323,,0.00359,,,2,,missing,no_prior_same_touch_bbo,pass,,,no_prior_same_touch_bbo,latest_l2_received_before_or_at_candidate,latest_l2_exchange_time_before_candidate,event_driven_current_l2_plus_rolling_public_trades_proxy_not_exact_queue_or_fill_probability
180,trades,1784017259792,1784017260202960005,0.411458,buy,62579,62579,62580,1,0.005,0.00359,2,0.718,5,0.00138,0,0.00138,0.00859,0.1606519208381839348079161816,touched_quote_without_depletion,,0.00034,False,missing_same_side_strict_through_support,111,59418,469,1,same_touch_stable_enough,real_bbo_history_touch_stability,469,1784017259323,,0.00359,,,2,,missing,no_prior_same_touch_bbo,pass,,,no_prior_same_touch_bbo,latest_l2_received_before_or_at_candidate,latest_l2_exchange_time_before_candidate,event_driven_current_l2_plus_rolling_public_trades_proxy_not_exact_queue_or_fill_probability
181,l2Book,1784017259842,1784017260203682679,0.362014,buy,62579,62579,62580,1,0.005,0.00221,2,0.442,5,0.00138,0,0.00138,0.00721,0.1914008321775312066574202497,touched_quote_without_depletion,,0.00034,False,missing_same_side_strict_through_support,112,59937,0,2,same_touch_stable_enough,real_bbo_history_touch_stability,519,1784017259323,0.00359,0.00221,-0.00138,2,2,0,not_reset,history_present_no_reset,pass,,,history_present_no_reset,latest_l2_received_before_or_at_candidate,latest_l2_exchange_time_equal_candidate,event_driven_current_l2_plus_rolling_public_trades_proxy_not_exact_queue_or_fill_probability
182,l2Book,1784017260405,1784017260625184028,0.220683,buy,62579,62579,62580,1,0.005,0.00225,2,0.45,4,0.00138,0,0.00138,0.00725,0.1903448275862068965517241379,touched_quote_without_depletion,,0.00034,False,missing_same_side_strict_through_support,112,60000,0,3,same_touch_stable_enough,real_bbo_history_touch_stability,1082,1784017259323,0.00359,0.00225,-0.00134,2,2,0,not_reset,history_present_no_reset,pass,,,history_present_no_reset,latest_l2_received_before_or_at_candidate,latest_l2_exchange_time_equal_candidate,event_driven_current_l2_plus_rolling_public_trades_proxy_not_exact_queue_or_fill_probability
183,l2Book,1784017260941,1784017261142800458,0.202321,buy,62579,62579,62580,1,0.005,0.00225,2,0.45,3,0.00138,0,0.00138,0.00725,0.1903448275862068965517241379,touched_quote_without_depletion,,0.00034,False,missing_same_side_strict_through_support,111,59462,0,4,same_touch_stable_enough,real_bbo_history_touch_stability,1618,1784017259323,0.00359,0.00225,-0.00134,2,2,0,not_reset,history_present_no_reset,pass,,,history_present_no_reset,latest_l2_received_before_or_at_candidate,latest_l2_exchange_time_equal_candidate,event_driven_current_l2_plus_rolling_public_trades_proxy_not_exact_queue_or_fill_probability
184,l2Book,1784017261485,1784017261726081544,0.241587,buy,62579,62579,62580,1,0.005,0.03365,4,6.73,3,0.00138,0,0.00138,0.03865,0.0357050452781371280724450194,touched_quote_without_depletion,,0.00034,False,missing_same_side_strict_through_support,111,59400,0,5,same_touch_stable_enough,real_bbo_history_touch_stability,2162,1784017259323,0.00359,0.03365,0.03006,2,4,2,not_reset,history_present_no_reset,pass,,,history_present_no_reset,latest_l2_received_before_or_at_candidate,latest_l2_exchange_time_equal_candidate,event_driven_current_l2_plus_rolling_public_trades_proxy_not_exact_queue_or_fill_probability
185,trades,1784017261884,1784017262053457124,0.169944,buy,62579,62579,62580,1,0.005,0.03365,4,6.73,3,0.00218,0,0.00218,0.03865,0.05640362225097024579560155239,touched_quote_without_depletion,,0.00054,False,missing_same_side_strict_through_support,111,59400,399,5,same_touch_stable_enough,real_bbo_history_touch_stability,2561,1784017259323,0.00359,0.03365,0.03006,2,4,2,not_reset,history_present_no_reset,pass,,,history_present_no_reset,latest_l2_received_before_or_at_candidate,latest_l2_exchange_time_before_candidate,event_driven_current_l2_plus_rolling_public_trades_proxy_not_exact_queue_or_fill_probability
186,l2Book,1784017261999,1784017262226074216,0.227593,buy,62579,62579,62580,1,0.005,0.0326,3,6.52,3,0.00218,0,0.00218,0.0376,0.05797872340425531914893617021,touched_quote_without_depletion,,0.00054,False,missing_same_side_strict_through_support,112,59914,0,6,same_touch_stable_enough,real_bbo_history_touch_stability,2676,1784017259323,0.03365,0.0326,-0.00105,4,3,-1,reset_supported,same_touch_top_qty_or_order_count_reduced,pass,,,,latest_l2_received_before_or_at_candidate,latest_l2_exchange_time_equal_candidate,event_driven_current_l2_plus_rolling_public_trades_proxy_not_exact_queue_or_fill_probability
187,trades,1784017262053,1784017262325904222,0.273401,buy,62579,62579,62580,1,0.005,0.0326,3,6.52,6,0.00363,0,0.00363,0.0376,0.09654255319148936170212765957,touched_quote_without_depletion,,0.0009,False,missing_same_side_strict_through_support,112,59914,54,6,same_touch_stable_enough,real_bbo_history_touch_stability,2730,1784017259323,0.03365,0.0326,-0.00105,4,3,-1,reset_supported,same_touch_top_qty_or_order_count_reduced,pass,,,,latest_l2_received_before_or_at_candidate,latest_l2_exchange_time_before_candidate,event_driven_current_l2_plus_rolling_public_trades_proxy_not_exact_queue_or_fill_probability
188,l2Book,1784017262501,1784017262730619146,0.230096,buy,62579,62579,62580,1,0.005,0.03115,2,6.23,6,0.00363,0,0.00363,0.03615,0.1004149377593360995850622407,touched_quote_without_depletion,,0.0009,False,missing_same_side_strict_through_support,112,59948,0,7,same_touch_stable_enough,real_bbo_history_touch_stability,3178,1784017259323,0.03365,0.03115,-0.0025,4,2,-2,reset_supported,same_touch_top_qty_or_order_count_reduced,pass,,,,latest_l2_received_before_or_at_candidate,latest_l2_exchange_time_equal_candidate,event_driven_current_l2_plus_rolling_public_trades_proxy_not_exact_queue_or_fill_probability
189,l2Book,1784017263102,1784017263323841270,0.222365,buy,62579,62579,62580,1,0.005,0.03181,2,6.362,4,0.00225,0,0.00225,0.03681,0.06112469437652811735941320293,touched_quote_without_depletion,,0.00056,False,missing_same_side_strict_through_support,111,59480,0,8,same_touch_stable_enough,real_bbo_history_touch_stability,3779,1784017259323,0.03365,0.03181,-0.00184,4,2,-2,reset_supported,same_touch_top_qty_or_order_count_reduced,pass,,,,latest_l2_received_before_or_at_candidate,latest_l2_exchange_time_equal_candidate,event_driven_current_l2_plus_rolling_public_trades_proxy_not_exact_queue_or_fill_probability
190,l2Book,1784017263577,1784017263806575541,0.230045,buy,62579,62579,62580,1,0.005,0.0334,3,6.68,4,0.00225,0,0.00225,0.0384,0.05859375,touched_quote_without_depletion,,0.00056,False,missing_same_side_strict_through_support,112,59955,0,9,same_touch_stable_enough,real_bbo_history_touch_stability,4254,1784017259323,0.03365,0.0334,-0.00025,4,3,-1,reset_supported,same_touch_top_qty_or_order_count_reduced,pass,,,,latest_l2_received_before_or_at_candidate,latest_l2_exchange_time_equal_candidate,event_driven_current_l2_plus_rolling_public_trades_proxy_not_exact_queue_or_fill_probability
191,l2Book,1784017264126,1784017264341287920,0.215804,buy,62579,62579,62580,1,0.005,0.0334,3,6.68,4,0.00225,0,0.00225,0.0384,0.05859375,touched_quote_without_depletion,,0.00056,False,missing_same_side_strict_through_support,112,59947,0,10,same_touch_stable_enough,real_bbo_history_touch_stability,4803,1784017259323,0.03365,0.0334,-0.00025,4,3,-1,reset_supported,same_touch_top_qty_or_order_count_reduced,pass,,,,latest_l2_received_before_or_at_candidate,latest_l2_exchange_time_equal_candidate,event_driven_current_l2_plus_rolling_public_trades_proxy_not_exact_queue_or_fill_probability
192,l2Book,1784017264666,1784017264885731394,0.220227,buy,62579,62579,62580,1,0.005,0.0334,3,6.68,4,0.00225,0,0.00225,0.0384,0.05859375,touched_quote_without_depletion,,0.00056,False,missing_same_side_strict_through_support,112,59942,0,11,same_touch_stable_enough,real_bbo_history_touch_stability,5343,1784017259323,0.03365,0.0334,-0.00025,4,3,-1,reset_supported,same_touch_top_qty_or_order_count_reduced,pass,,,,latest_l2_received_before_or_at_candidate,latest_l2_exchange_time_equal_candidate,event_driven_current_l2_plus_rolling_public_trades_proxy_not_exact_queue_or_fill_probability
193,l2Book,1784017265270,1784017265503760138,0.234241,buy,62579,62579,62580,1,0.005,0.0334,3,6.68,0,0,0,0,0.0384,0,not_depleted,,0.0,False,missing_same_side_strict_through_support;missing_recent_same_side_at_or_through_throughput,111,59466,0,12,same_touch_stable_enough,real_bbo_history_touch_stability,5947,1784017259323,0.03365,0.0334,-0.00025,4,3,-1,reset_supported,same_touch_top_qty_or_order_count_reduced,pass,,,,latest_l2_received_before_or_at_candidate,latest_l2_exchange_time_equal_candidate,event_driven_current_l2_plus_rolling_public_trades_proxy_not_exact_queue_or_fill_probability
194,l2Book,1784017265873,1784017266084559672,0.21202,buy,62579,62579,62580,1,0.005,0.0334,3,6.68,0,0,0,0,0.0384,0,not_depleted,,0.0,False,missing_same_side_strict_through_support;missing_recent_same_side_at_or_through_throughput,111,59535,0,13,same_touch_stable_enough,real_bbo_history_touch_stability,6550,1784017259323,0.03365,0.0334,-0.00025,4,3,-1,reset_supported,same_touch_top_qty_or_order_count_reduced,pass,,,,latest_l2_received_before_or_at_candidate,latest_l2_exchange_time_equal_candidate,event_driven_current_l2_plus_rolling_public_trades_proxy_not_exact_queue_or_fill_probability
195,trades,1784017266074,1784017266307477757,0.233938,buy,62579,62579,62580,1,0.005,0.0334,3,6.68,1,0,0,0,0.0384,0,not_depleted,,0.0,False,missing_same_side_strict_through_support;missing_recent_same_side_at_or_through_throughput,111,59535,201,13,same_touch_stable_enough,real_bbo_history_touch_stability,6751,1784017259323,0.03365,0.0334,-0.00025,4,3,-1,reset_supported,same_touch_top_qty_or_order_count_reduced,pass,,,,latest_l2_received_before_or_at_candidate,latest_l2_exchange_time_before_candidate,event_driven_current_l2_plus_rolling_public_trades_proxy_not_exact_queue_or_fill_probability
196,l2Book,1784017266407,1784017266634152086,0.227607,buy,62579,62579,62580,1,0.005,0.0334,3,6.68,1,0,0,0,0.0384,0,not_depleted,,0.0,False,missing_same_side_strict_through_support;missing_recent_same_side_at_or_through_throughput,111,59520,0,14,same_touch_stable_enough,real_bbo_history_touch_stability,7084,1784017259323,0.03365,0.0334,-0.00025,4,3,-1,reset_supported,same_touch_top_qty_or_order_count_reduced,pass,,,,latest_l2_received_before_or_at_candidate,latest_l2_exchange_time_equal_candidate,event_driven_current_l2_plus_rolling_public_trades_proxy_not_exact_queue_or_fill_probability
197,l2Book,1784017266954,1784017267187831311,0.234335,buy,62579,62579,62580,1,0.005,0.0314,2,6.28,1,0,0,0,0.0364,0,not_depleted,,0.0,False,missing_same_side_strict_through_support;missing_recent_same_side_at_or_through_throughput,111,59528,0,15,same_touch_stable_enough,real_bbo_history_touch_stability,7631,1784017259323,0.03365,0.0314,-0.00225,4,2,-2,reset_supported,same_touch_top_qty_or_order_count_reduced,pass,,,,latest_l2_received_before_or_at_candidate,latest_l2_exchange_time_equal_candidate,event_driven_current_l2_plus_rolling_public_trades_proxy_not_exact_queue_or_fill_probability
198,trades,1784017267083,1784017267316312056,0.233787,buy,62579,62579,62580,1,0.005,0.0314,2,6.28,2,0.00128,0,0.00128,0.0364,0.03516483516483516483516483516,touched_quote_without_depletion,,0.00032,False,missing_same_side_strict_through_support,111,59528,129,15,same_touch_stable_enough,real_bbo_history_touch_stability,7760,1784017259323,0.03365,0.0314,-0.00225,4,2,-2,reset_supported,same_touch_top_qty_or_order_count_reduced,pass,,,,latest_l2_received_before_or_at_candidate,latest_l2_exchange_time_before_candidate,event_driven_current_l2_plus_rolling_public_trades_proxy_not_exact_queue_or_fill_probability
199,l2Book,1784017267485,1784017267709495595,0.22498,buy,62579,62579,62580,1,0.005,0.03012,2,6.024,2,0.00128,0,0.00128,0.03512,0.03644646924829157175398633257,touched_quote_without_depletion,,0.00032,False,missing_same_side_strict_through_support,111,59533,0,16,same_touch_stable_enough,real_bbo_history_touch_stability,8162,1784017259323,0.03365,0.03012,-0.00353,4,2,-2,reset_supported,same_touch_top_qty_or_order_count_reduced,pass,,,,latest_l2_received_before_or_at_candidate,latest_l2_exchange_time_equal_candidate,event_driven_current_l2_plus_rolling_public_trades_proxy_not_exact_queue_or_fill_probability
200,l2Book,1784017268089,1784017268367381158,0.278828,buy,62579,62579,62580,1,0.005,0.03012,2,6.024,2,0.00128,0,0.00128,0.03512,0.03644646924829157175398633257,touched_quote_without_depletion,,0.00032,False,missing_same_side_strict_through_support,111,59588,0,17,same_touch_stable_enough,real_bbo_history_touch_stability,8766,1784017259323,0.03365,0.03012,-0.00353,4,2,-2,reset_supported,same_touch_top_qty_or_order_count_reduced,pass,,,,latest_l2_received_before_or_at_candidate,latest_l2_exchange_time_equal_candidate,event_driven_current_l2_plus_rolling_public_trades_proxy_not_exact_queue_or_fill_probability
201,trades,1784017268089,1784017268368008145,0.279281,buy,62579,62579,62580,1,0.005,0.03012,2,6.024,3,0.00128,0,0.00128,0.03512,0.03644646924829157175398633257,touched_quote_without_depletion,,0.00032,False,missing_same_side_strict_through_support,111,59588,0,17,same_touch_stable_enough,real_bbo_history_touch_stability,8766,1784017259323,0.03365,0.03012,-0.00353,4,2,-2,reset_supported,same_touch_top_qty_or_order_count_reduced,pass,,,,latest_l2_received_before_or_at_candidate,latest_l2_exchange_time_equal_candidate,event_driven_current_l2_plus_rolling_public_trades_proxy_not_exact_queue_or_fill_probability
202,l2Book,1784017268692,1784017268923421508,0.231906,buy,62579,62579,62580,1,0.005,0.03012,2,6.024,3,0.00128,0,0.00128,0.03512,0.03644646924829157175398633257,touched_quote_without_depletion,,0.00032,False,missing_same_side_strict_through_support,111,59653,0,18,same_touch_stable_enough,real_bbo_history_touch_stability,9369,1784017259323,0.03365,0.03012,-0.00353,4,2,-2,reset_supported,same_touch_top_qty_or_order_count_reduced,pass,,,,latest_l2_received_before_or_at_candidate,latest_l2_exchange_time_equal_candidate,event_driven_current_l2_plus_rolling_public_trades_proxy_not_exact_queue_or_fill_probability
203,l2Book,1784017269295,1784017269545776305,0.251245,buy,62579,62579,62580,1,0.005,0.03012,2,6.024,2,0.00128,0,0.00128,0.03512,0.03644646924829157175398633257,touched_quote_without_depletion,,0.00032,False,missing_same_side_strict_through_support,111,59717,0,19,same_touch_stable_enough,real_bbo_history_touch_stability,9972,1784017259323,0.03365,0.03012,-0.00353,4,2,-2,reset_supported,same_touch_top_qty_or_order_count_reduced,pass,,,,latest_l2_received_before_or_at_candidate,latest_l2_exchange_time_equal_candidate,event_driven_current_l2_plus_rolling_public_trades_proxy_not_exact_queue_or_fill_probability
204,trades,1784017269496,1784017269715966791,0.220419,buy,62579,62579,62580,1,0.005,0.03012,2,6.024,6,0.0314,0.0008,0.0322,0.03512,0.9168564920273348519362186788,depleted_visible_top_proxy_only,quality_a,0.005,True,,111,59717,201,19,same_touch_stable_enough,real_bbo_history_touch_stability,10173,1784017259323,0.03365,0.03012,-0.00353,4,2,-2,reset_supported,same_touch_top_qty_or_order_count_reduced,pass,,,,latest_l2_received_before_or_at_candidate,latest_l2_exchange_time_before_candidate,event_driven_current_l2_plus_rolling_public_trades_proxy_not_exact_queue_or_fill_probability
205,l2Book,1784017269845,1784017270064427322,0.219887,buy,62574,62574,62575,1,0.005,0.00441,3,0.882,6,0,0,0,0.00941,0,not_depleted,,0.0,False,missing_same_side_strict_through_support;missing_touch_freshness_or_queue_reset_evidence;missing_recent_same_side_at_or_through_throughput,111,59721,0,1,same_touch_seen_but_not_stable,real_bbo_history_insufficient,0,1784017269845,,0.00441,,,3,,missing,no_prior_same_touch_bbo,block,no_prior_same_touch_bbo,same_touch_seen_but_not_stable,no_prior_same_touch_bbo,latest_l2_received_before_or_at_candidate,latest_l2_exchange_time_equal_candidate,event_driven_current_l2_plus_rolling_public_trades_proxy_not_exact_queue_or_fill_probability
206,trades,1784017270250,1784017270431560567,0.182021,buy,62574,62574,62575,1,0.005,0.00441,3,0.882,7,0.00073,0,0.00073,0.00941,0.07757704569606801275239107333,touched_quote_without_depletion,,0.00018,False,missing_same_side_strict_through_support,110,59185,405,1,same_touch_stable_enough,real_bbo_history_touch_stability,405,1784017269845,,0.00441,,,3,,missing,no_prior_same_touch_bbo,pass,,,no_prior_same_touch_bbo,latest_l2_received_before_or_at_candidate,latest_l2_exchange_time_before_candidate,event_driven_current_l2_plus_rolling_public_trades_proxy_not_exact_queue_or_fill_probability
207,l2Book,1784017270352,1784017270618329000,0.266804,buy,62574,62574,62575,1,0.005,0.00368,2,0.736,7,0.00073,0,0.00073,0.00868,0.08410138248847926267281105991,touched_quote_without_depletion,,0.00018,False,missing_same_side_strict_through_support,111,59692,0,2,same_touch_stable_enough,real_bbo_history_touch_stability,507,1784017269845,0.00441,0.00368,-0.00073,3,2,-1,reset_supported,same_touch_top_qty_or_order_count_reduced,pass,,,,latest_l2_received_before_or_at_candidate,latest_l2_exchange_time_equal_candidate,event_driven_current_l2_plus_rolling_public_trades_proxy_not_exact_queue_or_fill_probability
208,l2Book,1784017270855,1784017271065950902,0.211459,buy,62574,62574,62575,1,0.005,0.00394,3,0.788,7,0.00073,0,0.00073,0.00894,0.08165548098434004474272930649,touched_quote_without_depletion,,0.00018,False,missing_same_side_strict_through_support,111,59660,0,3,same_touch_stable_enough,real_bbo_history_touch_stability,1010,1784017269845,0.00441,0.00394,-0.00047,3,3,0,not_reset,history_present_no_reset,pass,,,history_present_no_reset,latest_l2_received_before_or_at_candidate,latest_l2_exchange_time_equal_candidate,event_driven_current_l2_plus_rolling_public_trades_proxy_not_exact_queue_or_fill_probability
209,trades,1784017271053,1784017271271008466,0.218529,buy,62574,62574,62575,1,0.005,0.00394,3,0.788,19,0.00467,0.01538,0.02005,0.00894,2.242729306487695749440715884,depleted_top_plus_order_proxy,quality_a,0.005,True,,111,59660,198,3,same_touch_stable_enough,real_bbo_history_touch_stability,1208,1784017269845,0.00441,0.00394,-0.00047,3,3,0,not_reset,history_present_no_reset,pass,,,history_present_no_reset,latest_l2_received_before_or_at_candidate,latest_l2_exchange_time_before_candidate,event_driven_current_l2_plus_rolling_public_trades_proxy_not_exact_queue_or_fill_probability
210,trades,1784017271469,1784017271679402174,0.210866,buy,62567,62567,62568,1,0.005,0.07165,5,14.33,19,0.00094,0,0.00094,0.07665,0.01226353555120678408349641226,touched_quote_without_depletion,,0.00023,False,missing_same_side_strict_through_support;missing_touch_freshness_or_queue_reset_evidence,111,59613,102,1,same_touch_seen_but_not_stable,real_bbo_history_insufficient,102,1784017271367,,0.07165,,,5,,missing,no_prior_same_touch_bbo,block,no_prior_same_touch_bbo,same_touch_seen_but_not_stable,no_prior_same_touch_bbo,latest_l2_received_before_or_at_candidate,latest_l2_exchange_time_before_candidate,event_driven_current_l2_plus_rolling_public_trades_proxy_not_exact_queue_or_fill_probability
211,l2Book,1784017271910,1784017272130662287,0.221157,buy,62567,62567,62568,1,0.005,1.10517,20,221.034,19,0.00094,0,0.00094,1.11017,0.0008467171694425178125872614104,touched_quote_without_depletion,,0.00023,False,missing_same_side_strict_through_support,111,59617,0,2,same_touch_stable_enough,real_bbo_history_touch_stability,543,1784017271367,0.07165,1.10517,1.03352,5,20,15,not_reset,history_present_no_reset,pass,,,history_present_no_reset,latest_l2_received_before_or_at_candidate,latest_l2_exchange_time_equal_candidate,event_driven_current_l2_plus_rolling_public_trades_proxy_not_exact_queue_or_fill_probability
212,l2Book,1784017272461,1784017272674370450,0.213851,buy,62567,62567,62568,1,0.005,1.10517,20,221.034,19,0.00094,0,0.00094,1.11017,0.0008467171694425178125872614104,touched_quote_without_depletion,,0.00023,False,missing_same_side_strict_through_support,111,59627,0,3,same_touch_stable_enough,real_bbo_history_touch_stability,1094,1784017271367,1.10517,1.10517,0,20,20,0,not_reset,history_present_no_reset,pass,,,history_present_no_reset,latest_l2_received_before_or_at_candidate,latest_l2_exchange_time_equal_candidate,event_driven_current_l2_plus_rolling_public_trades_proxy_not_exact_queue_or_fill_probability
213,l2Book,1784017272987,1784017273209362921,0.222881,buy,62567,62567,62568,1,0.005,1.10517,20,221.034,15,0.00094,0,0.00094,1.11017,0.0008467171694425178125872614104,touched_quote_without_depletion,,0.00023,False,missing_same_side_strict_through_support,111,59615,0,4,same_touch_stable_enough,real_bbo_history_touch_stability,1620,1784017271367,1.10517,1.10517,0,20,20,0,not_reset,history_present_no_reset,pass,,,history_present_no_reset,latest_l2_received_before_or_at_candidate,latest_l2_exchange_time_equal_candidate,event_driven_current_l2_plus_rolling_public_trades_proxy_not_exact_queue_or_fill_probability
214,trades,1784017273391,1784017273577864824,0.187334,buy,62567,62567,62568,1,0.005,1.10517,20,221.034,14,0.00094,0,0.00094,1.11017,0.0008467171694425178125872614104,touched_quote_without_depletion,,0.00023,False,missing_same_side_strict_through_support,110,59086,404,4,same_touch_stable_enough,real_bbo_history_touch_stability,2024,1784017271367,1.10517,1.10517,0,20,20,0,not_reset,history_present_no_reset,pass,,,history_present_no_reset,latest_l2_received_before_or_at_candidate,latest_l2_exchange_time_before_candidate,event_driven_current_l2_plus_rolling_public_trades_proxy_not_exact_queue_or_fill_probability
215,l2Book,1784017273520,1784017273742731717,0.223234,buy,62567,62567,62568,1,0.005,1.10517,20,221.034,14,0.00094,0,0.00094,1.11017,0.0008467171694425178125872614104,touched_quote_without_depletion,,0.00023,False,missing_same_side_strict_through_support,111,59619,0,5,same_touch_stable_enough,real_bbo_history_touch_stability,2153,1784017271367,1.10517,1.10517,0,20,20,0,not_reset,history_present_no_reset,pass,,,history_present_no_reset,latest_l2_received_before_or_at_candidate,latest_l2_exchange_time_equal_candidate,event_driven_current_l2_plus_rolling_public_trades_proxy_not_exact_queue_or_fill_probability
216,l2Book,1784017274069,1784017274330869049,0.262366,buy,62567,62567,62568,1,0.005,1.62437,23,324.874,2,0.00094,0,0.00094,1.62937,0.0005769100940854440673389101309,touched_quote_without_depletion,,0.00023,False,missing_same_side_strict_through_support,111,59638,0,6,same_touch_stable_enough,real_bbo_history_touch_stability,2702,1784017271367,1.10517,1.62437,0.5192,20,23,3,not_reset,history_present_no_reset,pass,,,history_present_no_reset,latest_l2_received_before_or_at_candidate,latest_l2_exchange_time_equal_candidate,event_driven_current_l2_plus_rolling_public_trades_proxy_not_exact_queue_or_fill_probability
217,l2Book,1784017274606,1784017274814628957,0.209089,buy,62567,62567,62568,1,0.005,1.42476,22,284.952,1,0,0,0,1.42976,0,not_depleted,,0.0,False,missing_same_side_strict_through_support;missing_recent_same_side_at_or_through_throughput,111,59627,0,7,same_touch_stable_enough,real_bbo_history_touch_stability,3239,1784017271367,1.62437,1.42476,-0.19961,23,22,-1,reset_supported,same_touch_top_qty_or_order_count_reduced,pass,,,,latest_l2_received_before_or_at_candidate,latest_l2_exchange_time_equal_candidate,event_driven_current_l2_plus_rolling_public_trades_proxy_not_exact_queue_or_fill_probability
218,trades,1784017274874,1784017275056697227,0.183158,buy,62567,62567,62568,1,0.005,1.42476,22,284.952,2,0.00026,0,0.00026,1.42976,0.000181848701880035810205908684,touched_quote_without_depletion,,6e-05,False,missing_same_side_strict_through_support,111,59627,268,7,same_touch_stable_enough,real_bbo_history_touch_stability,3507,1784017271367,1.62437,1.42476,-0.19961,23,22,-1,reset_supported,same_touch_top_qty_or_order_count_reduced,pass,,,,latest_l2_received_before_or_at_candidate,latest_l2_exchange_time_before_candidate,event_driven_current_l2_plus_rolling_public_trades_proxy_not_exact_queue_or_fill_probability
219,trades,1784017275009,1784017275391050368,0.382548,buy,62567,62567,62568,1,0.005,1.42476,22,284.952,3,0.00026,0,0.00026,1.42976,0.000181848701880035810205908684,touched_quote_without_depletion,,6e-05,False,missing_same_side_strict_through_support,110,59012,403,7,same_touch_stable_enough,real_bbo_history_touch_stability,3642,1784017271367,1.62437,1.42476,-0.19961,23,22,-1,reset_supported,same_touch_top_qty_or_order_count_reduced,pass,,,,latest_l2_received_before_or_at_candidate,latest_l2_exchange_time_before_candidate,event_driven_current_l2_plus_rolling_public_trades_proxy_not_exact_queue_or_fill_probability
220,l2Book,1784017275129,1784017275391766483,0.263074,buy,62567,62567,62568,1,0.005,1.4245,22,284.9,3,0.00026,0,0.00026,1.4295,0.0001818817768450507170339279468,touched_quote_without_depletion,,6e-05,False,missing_same_side_strict_through_support,111,59535,0,8,same_touch_stable_enough,real_bbo_history_touch_stability,3762,1784017271367,1.62437,1.4245,-0.19987,23,22,-1,reset_supported,same_touch_top_qty_or_order_count_reduced,pass,,,,latest_l2_received_before_or_at_candidate,latest_l2_exchange_time_equal_candidate,event_driven_current_l2_plus_rolling_public_trades_proxy_not_exact_queue_or_fill_probability
221,trades,1784017275210,1784017275392186060,0.182473,buy,62567,62567,62568,1,0.005,1.4245,22,284.9,4,0.00026,0,0.00026,1.4295,0.0001818817768450507170339279468,touched_quote_without_depletion,,6e-05,False,missing_same_side_strict_through_support,111,59535,81,8,same_touch_stable_enough,real_bbo_history_touch_stability,3843,1784017271367,1.62437,1.4245,-0.19987,23,22,-1,reset_supported,same_touch_top_qty_or_order_count_reduced,pass,,,,latest_l2_received_before_or_at_candidate,latest_l2_exchange_time_before_candidate,event_driven_current_l2_plus_rolling_public_trades_proxy_not_exact_queue_or_fill_probability
222,l2Book,1784017275692,1784017275932085928,0.240581,buy,62567,62567,62568,1,0.005,1.4245,22,284.9,4,0.00026,0,0.00026,1.4295,0.0001818817768450507170339279468,touched_quote_without_depletion,,6e-05,False,missing_same_side_strict_through_support,111,59554,0,9,same_touch_stable_enough,real_bbo_history_touch_stability,4325,1784017271367,1.62437,1.4245,-0.19987,23,22,-1,reset_supported,same_touch_top_qty_or_order_count_reduced,pass,,,,latest_l2_received_before_or_at_candidate,latest_l2_exchange_time_equal_candidate,event_driven_current_l2_plus_rolling_public_trades_proxy_not_exact_queue_or_fill_probability
223,l2Book,1784017276302,1784017276542448102,0.240936,buy,62567,62567,62568,1,0.005,1.4245,22,284.9,4,0.00026,0,0.00026,1.4295,0.0001818817768450507170339279468,touched_quote_without_depletion,,6e-05,False,missing_same_side_strict_through_support,111,59627,0,10,same_touch_stable_enough,real_bbo_history_touch_stability,4935,1784017271367,1.62437,1.4245,-0.19987,23,22,-1,reset_supported,same_touch_top_qty_or_order_count_reduced,pass,,,,latest_l2_received_before_or_at_candidate,latest_l2_exchange_time_equal_candidate,event_driven_current_l2_plus_rolling_public_trades_proxy_not_exact_queue_or_fill_probability
224,l2Book,1784017276902,1784017277131945415,0.230416,buy,62567,62567,62568,1,0.005,2.87799,23,575.598,3,0.00026,0,0.00026,2.88299,0.00009018414909521018109670862542,touched_quote_without_depletion,,6e-05,False,missing_same_side_strict_through_support,111,59700,0,11,same_touch_stable_enough,real_bbo_history_touch_stability,5535,1784017271367,1.62437,2.87799,1.25362,23,23,0,not_reset,history_present_no_reset,pass,,,history_present_no_reset,latest_l2_received_before_or_at_candidate,latest_l2_exchange_time_equal_candidate,event_driven_current_l2_plus_rolling_public_trades_proxy_not_exact_queue_or_fill_probability
225,l2Book,1784017277508,1784017277732654544,0.225125,buy,62567,62567,62568,1,0.005,2.87799,23,575.598,3,0.00026,0,0.00026,2.88299,0.00009018414909521018109670862542,touched_quote_without_depletion,,6e-05,False,missing_same_side_strict_through_support,111,59765,0,12,same_touch_stable_enough,real_bbo_history_touch_stability,6141,1784017271367,2.87799,2.87799,0,23,23,0,not_reset,history_present_no_reset,pass,,,history_present_no_reset,latest_l2_received_before_or_at_candidate,latest_l2_exchange_time_equal_candidate,event_driven_current_l2_plus_rolling_public_trades_proxy_not_exact_queue_or_fill_probability
226,l2Book,1784017278042,1784017278312430559,0.270897,buy,62567,62567,62568,1,0.005,3.0776,24,615.52,1,0,0,0,3.0826,0,not_depleted,,0.0,False,missing_same_side_strict_through_support;missing_recent_same_side_at_or_through_throughput,111,59758,0,13,same_touch_stable_enough,real_bbo_history_touch_stability,6675,1784017271367,2.87799,3.0776,0.19961,23,24,1,not_reset,history_present_no_reset,pass,,,history_present_no_reset,latest_l2_received_before_or_at_candidate,latest_l2_exchange_time_equal_candidate,event_driven_current_l2_plus_rolling_public_trades_proxy_not_exact_queue_or_fill_probability
227,trades,1784017278385,1784017278576527490,0.191999,buy,62567,62567,62568,1,0.005,3.0776,24,615.52,2,0.03157,0,0.03157,3.0826,0.01024135470057743463310192694,touched_quote_without_depletion,,0.005,False,missing_same_side_strict_through_support,110,59203,343,13,same_touch_stable_enough,real_bbo_history_touch_stability,7018,1784017271367,2.87799,3.0776,0.19961,23,24,1,not_reset,history_present_no_reset,pass,,,history_present_no_reset,latest_l2_received_before_or_at_candidate,latest_l2_exchange_time_before_candidate,event_driven_current_l2_plus_rolling_public_trades_proxy_not_exact_queue_or_fill_probability
228,l2Book,1784017278586,1784017278801698195,0.216201,buy,62567,62567,62568,1,0.005,3.04603,23,609.206,2,0.03157,0,0.03157,3.05103,0.01034732532947889729042323412,touched_quote_without_depletion,,0.005,False,missing_same_side_strict_through_support,111,59747,0,14,same_touch_stable_enough,real_bbo_history_touch_stability,7219,1784017271367,3.0776,3.04603,-0.03157,24,23,-1,reset_supported,same_touch_top_qty_or_order_count_reduced,pass,,,,latest_l2_received_before_or_at_candidate,latest_l2_exchange_time_equal_candidate,event_driven_current_l2_plus_rolling_public_trades_proxy_not_exact_queue_or_fill_probability
229,l2Book,1784017279126,1784017279345487045,0.220035,buy,62567,62567,62568,1,0.005,2.84642,22,569.284,2,0.03157,0,0.03157,2.85142,0.01107167656816603657125221819,touched_quote_without_depletion,,0.005,False,missing_same_side_strict_through_support,111,59750,0,15,same_touch_stable_enough,real_bbo_history_touch_stability,7759,1784017271367,3.0776,2.84642,-0.23118,24,22,-2,reset_supported,same_touch_top_qty_or_order_count_reduced,pass,,,,latest_l2_received_before_or_at_candidate,latest_l2_exchange_time_equal_candidate,event_driven_current_l2_plus_rolling_public_trades_proxy_not_exact_queue_or_fill_probability
230,l2Book,1784017279661,1784017279875176545,0.214703,buy,62567,62567,62568,1,0.005,2.84642,22,569.284,2,0.03157,0,0.03157,2.85142,0.01107167656816603657125221819,touched_quote_without_depletion,,0.005,False,missing_same_side_strict_through_support,111,59746,0,16,same_touch_stable_enough,real_bbo_history_touch_stability,8294,1784017271367,3.0776,2.84642,-0.23118,24,22,-2,reset_supported,same_touch_top_qty_or_order_count_reduced,pass,,,,latest_l2_received_before_or_at_candidate,latest_l2_exchange_time_equal_candidate,event_driven_current_l2_plus_rolling_public_trades_proxy_not_exact_queue_or_fill_probability
231,l2Book,1784017280200,1784017280410920168,0.211451,buy,62567,62567,62568,1,0.005,2.84642,22,569.284,2,0.03157,0,0.03157,2.85142,0.01107167656816603657125221819,touched_quote_without_depletion,,0.005,False,missing_same_side_strict_through_support,111,59741,0,17,same_touch_stable_enough,real_bbo_history_touch_stability,8833,1784017271367,3.0776,2.84642,-0.23118,24,22,-2,reset_supported,same_touch_top_qty_or_order_count_reduced,pass,,,,latest_l2_received_before_or_at_candidate,latest_l2_exchange_time_equal_candidate,event_driven_current_l2_plus_rolling_public_trades_proxy_not_exact_queue_or_fill_probability
232,l2Book,1784017280754,1784017280990825070,0.237364,buy,62567,62567,62568,1,0.005,2.53482,21,506.964,2,0.03157,0,0.03157,2.53982,0.01243001472545298485719460434,touched_quote_without_depletion,,0.005,False,missing_same_side_strict_through_support,111,59754,0,18,same_touch_stable_enough,real_bbo_history_touch_stability,9387,1784017271367,3.0776,2.53482,-0.54278,24,21,-3,reset_supported,same_touch_top_qty_or_order_count_reduced,pass,,,,latest_l2_received_before_or_at_candidate,latest_l2_exchange_time_equal_candidate,event_driven_current_l2_plus_rolling_public_trades_proxy_not_exact_queue_or_fill_probability
233,l2Book,1784017281286,1784017281495092667,0.209598,buy,62567,62567,62568,1,0.005,2.53482,21,506.964,2,0.03157,0,0.03157,2.53982,0.01243001472545298485719460434,touched_quote_without_depletion,,0.005,False,missing_same_side_strict_through_support,111,59742,0,19,same_touch_stable_enough,real_bbo_history_touch_stability,9919,1784017271367,3.0776,2.53482,-0.54278,24,21,-3,reset_supported,same_touch_top_qty_or_order_count_reduced,pass,,,,latest_l2_received_before_or_at_candidate,latest_l2_exchange_time_equal_candidate,event_driven_current_l2_plus_rolling_public_trades_proxy_not_exact_queue_or_fill_probability
234,l2Book,1784017281814,1784017282034079295,0.220567,buy,62567,62567,62568,1,0.005,2.53482,21,506.964,0,0,0,0,2.53982,0,not_depleted,,0.0,False,missing_same_side_strict_through_support;missing_recent_same_side_at_or_through_throughput,111,59732,0,20,same_touch_stable_enough,real_bbo_history_touch_stability,10447,1784017271367,3.0776,2.53482,-0.54278,24,21,-3,reset_supported,same_touch_top_qty_or_order_count_reduced,pass,,,,latest_l2_received_before_or_at_candidate,latest_l2_exchange_time_equal_candidate,event_driven_current_l2_plus_rolling_public_trades_proxy_not_exact_queue_or_fill_probability
235,l2Book,1784017282366,1784017282589543873,0.224055,buy,62567,62567,62568,1,0.005,5.89163,28,1178.326,0,0,0,0,5.89663,0,not_depleted,,0.0,False,missing_same_side_strict_through_support;missing_recent_same_side_at_or_through_throughput,111,59741,0,21,same_touch_stable_enough,real_bbo_history_touch_stability,10999,1784017271367,3.0776,5.89163,2.81403,24,28,4,not_reset,history_present_no_reset,pass,,,history_present_no_reset,latest_l2_received_before_or_at_candidate,latest_l2_exchange_time_equal_candidate,event_driven_current_l2_plus_rolling_public_trades_proxy_not_exact_queue_or_fill_probability
236,l2Book,1784017282904,1784017283114379262,0.210882,buy,62567,62567,62568,1,0.005,5.39499,28,1078.998,0,0,0,0,5.39999,0,not_depleted,,0.0,False,missing_same_side_strict_through_support;missing_recent_same_side_at_or_through_throughput,111,59742,0,22,same_touch_stable_enough,real_bbo_history_touch_stability,11537,1784017271367,5.89163,5.39499,-0.49664,28,28,0,not_reset,history_present_no_reset,pass,,,history_present_no_reset,latest_l2_received_before_or_at_candidate,latest_l2_exchange_time_equal_candidate,event_driven_current_l2_plus_rolling_public_trades_proxy_not_exact_queue_or_fill_probability
237,trades,1784017283102,1784017283290895116,0.189432,buy,62567,62567,62568,1,0.005,5.39499,28,1078.998,3,0.07809,0,0.07809,5.39999,0.01446113789099609443721192076,touched_quote_without_depletion,,0.005,False,missing_same_side_strict_through_support,111,59742,198,22,same_touch_stable_enough,real_bbo_history_touch_stability,11735,1784017271367,5.89163,5.39499,-0.49664,28,28,0,not_reset,history_present_no_reset,pass,,,history_present_no_reset,latest_l2_received_before_or_at_candidate,latest_l2_exchange_time_before_candidate,event_driven_current_l2_plus_rolling_public_trades_proxy_not_exact_queue_or_fill_probability
238,trades,1784017283305,1784017283487973854,0.183434,buy,62567,62567,62568,1,0.005,5.39499,28,1078.998,4,0.07809,0,0.07809,5.39999,0.01446113789099609443721192076,touched_quote_without_depletion,,0.005,False,missing_same_side_strict_through_support,110,59205,401,22,same_touch_stable_enough,real_bbo_history_touch_stability,11938,1784017271367,5.89163,5.39499,-0.49664,28,28,0,not_reset,history_present_no_reset,pass,,,history_present_no_reset,latest_l2_received_before_or_at_candidate,latest_l2_exchange_time_before_candidate,event_driven_current_l2_plus_rolling_public_trades_proxy_not_exact_queue_or_fill_probability
239,l2Book,1784017283439,1784017283655038821,0.216554,buy,62567,62567,62568,1,0.005,2.83447,25,566.894,4,0.07809,0,0.07809,2.83947,0.02750161121617766695897473824,touched_quote_without_depletion,,0.005,False,missing_same_side_strict_through_support,111,59740,0,23,same_touch_stable_enough,real_bbo_history_touch_stability,12072,1784017271367,5.89163,2.83447,-3.05716,28,25,-3,reset_supported,same_touch_top_qty_or_order_count_reduced,pass,,,,latest_l2_received_before_or_at_candidate,latest_l2_exchange_time_equal_candidate,event_driven_current_l2_plus_rolling_public_trades_proxy_not_exact_queue_or_fill_probability
240,l2Book,1784017283975,1784017284192306727,0.217839,buy,62567,62567,62568,1,0.005,2.8489,26,569.78,4,0.07809,0,0.07809,2.8539,0.02736255650162934931146851677,touched_quote_without_depletion,,0.005,False,missing_same_side_strict_through_support,111,59739,0,24,same_touch_stable_enough,real_bbo_history_touch_stability,12608,1784017271367,5.89163,2.8489,-3.04273,28,26,-2,reset_supported,same_touch_top_qty_or_order_count_reduced,pass,,,,latest_l2_received_before_or_at_candidate,latest_l2_exchange_time_equal_candidate,event_driven_current_l2_plus_rolling_public_trades_proxy_not_exact_queue_or_fill_probability
241,l2Book,1784017284512,1784017284730133364,0.218659,buy,62567,62567,62568,1,0.005,2.52931,24,505.862,4,0.07809,0,0.07809,2.53431,0.03081312073108656794156989476,touched_quote_without_depletion,,0.005,False,missing_same_side_strict_through_support,111,59731,0,25,same_touch_stable_enough,real_bbo_history_touch_stability,13145,1784017271367,5.89163,2.52931,-3.36232,28,24,-4,reset_supported,same_touch_top_qty_or_order_count_reduced,pass,,,,latest_l2_received_before_or_at_candidate,latest_l2_exchange_time_equal_candidate,event_driven_current_l2_plus_rolling_public_trades_proxy_not_exact_queue_or_fill_probability
242,l2Book,1784017285034,1784017285403056704,0.369556,buy,62566,62566,62567,1,0.005,0.01619,2,3.238,4,0,0,0,0.02119,0,not_depleted,,0.0,False,missing_same_side_strict_through_support;missing_touch_freshness_or_queue_reset_evidence;missing_recent_same_side_at_or_through_throughput,111,59720,0,1,same_touch_seen_but_not_stable,real_bbo_history_insufficient,0,1784017285034,,0.01619,,,2,,missing,no_prior_same_touch_bbo,block,no_prior_same_touch_bbo,same_touch_seen_but_not_stable,no_prior_same_touch_bbo,latest_l2_received_before_or_at_candidate,latest_l2_exchange_time_equal_candidate,event_driven_current_l2_plus_rolling_public_trades_proxy_not_exact_queue_or_fill_probability
243,l2Book,1784017285535,1784017285736873938,0.202342,buy,62566,62566,62567,1,0.005,0.01602,1,3.204,4,0,0,0,0.02102,0,not_depleted,,0.0,False,missing_same_side_strict_through_support;missing_recent_same_side_at_or_through_throughput,111,59686,0,2,same_touch_stable_enough,real_bbo_history_touch_stability,501,1784017285034,0.01619,0.01602,-0.00017,2,1,-1,reset_supported,same_touch_top_qty_or_order_count_reduced,pass,,,,latest_l2_received_before_or_at_candidate,latest_l2_exchange_time_equal_candidate,event_driven_current_l2_plus_rolling_public_trades_proxy_not_exact_queue_or_fill_probability
244,trades,1784017285791,1784017286009053656,0.218831,buy,62566,62566,62567,1,0.005,0.01602,1,3.204,6,0.00243,0,0.00243,0.02102,0.1156041864890580399619410086,touched_quote_without_depletion,,0.0006,False,missing_same_side_strict_through_support,111,59686,256,2,same_touch_stable_enough,real_bbo_history_touch_stability,757,1784017285034,0.01619,0.01602,-0.00017,2,1,-1,reset_supported,same_touch_top_qty_or_order_count_reduced,pass,,,,latest_l2_received_before_or_at_candidate,latest_l2_exchange_time_before_candidate,event_driven_current_l2_plus_rolling_public_trades_proxy_not_exact_queue_or_fill_probability
245,l2Book,1784017286051,1784017286339286731,0.288789,buy,62566,62566,62567,1,0.005,0.01359,1,2.718,6,0.00243,0,0.00243,0.01859,0.1307154384077461000537923615,touched_quote_without_depletion,,0.0006,False,missing_same_side_strict_through_support,111,59650,0,3,same_touch_stable_enough,real_bbo_history_touch_stability,1017,1784017285034,0.01619,0.01359,-0.0026,2,1,-1,reset_supported,same_touch_top_qty_or_order_count_reduced,pass,,,,latest_l2_received_before_or_at_candidate,latest_l2_exchange_time_equal_candidate,event_driven_current_l2_plus_rolling_public_trades_proxy_not_exact_queue_or_fill_probability
246,l2Book,1784017286615,1784017286836184259,0.221689,buy,62566,62566,62567,1,0.005,0.01359,1,2.718,2,0.00243,0,0.00243,0.01859,0.1307154384077461000537923615,touched_quote_without_depletion,,0.0006,False,missing_same_side_strict_through_support,111,59687,0,4,same_touch_stable_enough,real_bbo_history_touch_stability,1581,1784017285034,0.01619,0.01359,-0.0026,2,1,-1,reset_supported,same_touch_top_qty_or_order_count_reduced,pass,,,,latest_l2_received_before_or_at_candidate,latest_l2_exchange_time_equal_candidate,event_driven_current_l2_plus_rolling_public_trades_proxy_not_exact_queue_or_fill_probability
247,trades,1784017287015,1784017287242536568,0.228031,buy,62566,62566,62567,1,0.005,0.01359,1,2.718,3,0.00243,0,0.00243,0.01859,0.1307154384077461000537923615,touched_quote_without_depletion,,0.0006,False,missing_same_side_strict_through_support,110,59155,400,4,same_touch_stable_enough,real_bbo_history_touch_stability,1981,1784017285034,0.01619,0.01359,-0.0026,2,1,-1,reset_supported,same_touch_top_qty_or_order_count_reduced,pass,,,,latest_l2_received_before_or_at_candidate,latest_l2_exchange_time_before_candidate,event_driven_current_l2_plus_rolling_public_trades_proxy_not_exact_queue_or_fill_probability
248,l2Book,1784017287150,1784017287369362771,0.219861,buy,62566,62566,62567,1,0.005,0.01359,1,2.718,3,0.00243,0,0.00243,0.01859,0.1307154384077461000537923615,touched_quote_without_depletion,,0.0006,False,missing_same_side_strict_through_support,111,59690,0,5,same_touch_stable_enough,real_bbo_history_touch_stability,2116,1784017285034,0.01619,0.01359,-0.0026,2,1,-1,reset_supported,same_touch_top_qty_or_order_count_reduced,pass,,,,latest_l2_received_before_or_at_candidate,latest_l2_exchange_time_equal_candidate,event_driven_current_l2_plus_rolling_public_trades_proxy_not_exact_queue_or_fill_probability
249,trades,1784017287150,1784017287370078324,0.220358,buy,62566,62566,62567,1,0.005,0.01359,1,2.718,4,0.00243,0,0.00243,0.01859,0.1307154384077461000537923615,touched_quote_without_depletion,,0.0006,False,missing_same_side_strict_through_support,111,59690,0,5,same_touch_stable_enough,real_bbo_history_touch_stability,2116,1784017285034,0.01619,0.01359,-0.0026,2,1,-1,reset_supported,same_touch_top_qty_or_order_count_reduced,pass,,,,latest_l2_received_before_or_at_candidate,latest_l2_exchange_time_equal_candidate,event_driven_current_l2_plus_rolling_public_trades_proxy_not_exact_queue_or_fill_probability
250,l2Book,1784017287688,1784017287908792501,0.221246,buy,62566,62566,62567,1,0.005,0.01359,1,2.718,4,0.00243,0,0.00243,0.01859,0.1307154384077461000537923615,touched_quote_without_depletion,,0.0006,False,missing_same_side_strict_through_support,111,59625,0,6,same_touch_stable_enough,real_bbo_history_touch_stability,2654,1784017285034,0.01619,0.01359,-0.0026,2,1,-1,reset_supported,same_touch_top_qty_or_order_count_reduced,pass,,,,latest_l2_received_before_or_at_candidate,latest_l2_exchange_time_equal_candidate,event_driven_current_l2_plus_rolling_public_trades_proxy_not_exact_queue_or_fill_probability
251,l2Book,1784017288229,1784017288447103503,0.21858,buy,62566,62566,62567,1,0.005,0.01359,1,2.718,4,0.00243,0,0.00243,0.01859,0.1307154384077461000537923615,touched_quote_without_depletion,,0.0006,False,missing_same_side_strict_through_support,111,59666,0,7,same_touch_stable_enough,real_bbo_history_touch_stability,3195,1784017285034,0.01619,0.01359,-0.0026,2,1,-1,reset_supported,same_touch_top_qty_or_order_count_reduced,pass,,,,latest_l2_received_before_or_at_candidate,latest_l2_exchange_time_equal_candidate,event_driven_current_l2_plus_rolling_public_trades_proxy_not_exact_queue_or_fill_probability
252,trades,1784017288554,1784017288709122888,0.155613,buy,62566,62566,62567,1,0.005,0.01359,1,2.718,6,0.01602,0.0014,0.01742,0.01859,0.9370629370629370629370629371,depleted_visible_top_proxy_only,quality_a,0.00435,True,,111,59666,325,7,same_touch_stable_enough,real_bbo_history_touch_stability,3520,1784017285034,0.01619,0.01359,-0.0026,2,1,-1,reset_supported,same_touch_top_qty_or_order_count_reduced,pass,,,,latest_l2_received_before_or_at_candidate,latest_l2_exchange_time_before_candidate,event_driven_current_l2_plus_rolling_public_trades_proxy_not_exact_queue_or_fill_probability
253,l2Book,1784017289372,1784017289624472967,0.252953,buy,62563,62563,62564,1,0.005,0.00822,2,1.644,7,0,0,0,0.01322,0,not_depleted,,0.0,False,missing_same_side_strict_through_support;missing_touch_freshness_or_queue_reset_evidence;missing_recent_same_side_at_or_through_throughput,111,59719,0,1,same_touch_seen_but_not_stable,real_bbo_history_insufficient,0,1784017289372,,0.00822,,,2,,missing,no_prior_same_touch_bbo,block,no_prior_same_touch_bbo,same_touch_seen_but_not_stable,no_prior_same_touch_bbo,latest_l2_received_before_or_at_candidate,latest_l2_exchange_time_equal_candidate,event_driven_current_l2_plus_rolling_public_trades_proxy_not_exact_queue_or_fill_probability
254,trades,1784017289372,1784017289625192568,0.253481,buy,62563,62563,62564,1,0.005,0.00822,2,1.644,10,0.00347,0,0.00347,0.01322,0.2624810892586989409984871407,touched_quote_without_depletion,,0.00086,False,missing_same_side_strict_through_support;missing_touch_freshness_or_queue_reset_evidence,111,59719,0,1,same_touch_seen_but_not_stable,real_bbo_history_insufficient,0,1784017289372,,0.00822,,,2,,missing,no_prior_same_touch_bbo,block,no_prior_same_touch_bbo,same_touch_seen_but_not_stable,no_prior_same_touch_bbo,latest_l2_received_before_or_at_candidate,latest_l2_exchange_time_equal_candidate,event_driven_current_l2_plus_rolling_public_trades_proxy_not_exact_queue_or_fill_probability
255,trades,1784017289637,1784017289826520911,0.189968,buy,62563,62563,62564,1,0.005,0.00822,2,1.644,11,0.00589,0,0.00589,0.01322,0.4455370650529500756429652042,touched_quote_without_depletion,,0.00147,False,missing_same_side_strict_through_support,111,59719,265,1,same_touch_stable_enough,real_bbo_history_touch_stability,265,1784017289372,,0.00822,,,2,,missing,no_prior_same_touch_bbo,pass,,,no_prior_same_touch_bbo,latest_l2_received_before_or_at_candidate,latest_l2_exchange_time_before_candidate,event_driven_current_l2_plus_rolling_public_trades_proxy_not_exact_queue_or_fill_probability
256,trades,1784017289775,1784017289960793047,0.186287,buy,62563,62563,62564,1,0.005,0.00822,2,1.644,12,0.00861,0,0.00861,0.01322,0.6512859304084720121028744327,depleted_visible_top_proxy_only,,0.00215,False,missing_same_side_strict_through_support,110,59182,403,1,same_touch_stable_enough,real_bbo_history_touch_stability,403,1784017289372,,0.00822,,,2,,missing,no_prior_same_touch_bbo,pass,,,no_prior_same_touch_bbo,latest_l2_received_before_or_at_candidate,latest_l2_exchange_time_before_candidate,event_driven_current_l2_plus_rolling_public_trades_proxy_not_exact_queue_or_fill_probability
257,l2Book,1784017289970,1784017290192415294,0.222909,buy,62563,62563,62564,1,0.005,0.00467,3,0.934,12,0.00861,0,0.00861,0.00967,0.8903826266804550155118924509,depleted_visible_top_proxy_only,,0.00215,False,missing_same_side_strict_through_support,111,59780,0,2,same_touch_stable_enough,real_bbo_history_touch_stability,598,1784017289372,0.00822,0.00467,-0.00355,2,3,1,not_reset,history_present_no_reset,pass,,,history_present_no_reset,latest_l2_received_before_or_at_candidate,latest_l2_exchange_time_equal_candidate,event_driven_current_l2_plus_rolling_public_trades_proxy_not_exact_queue_or_fill_probability
258,l2Book,1784017290529,1784017290764864597,0.23634,buy,62563,62563,62564,1,0.005,0.00467,3,0.934,10,0.00861,0,0.00861,0.00967,0.8903826266804550155118924509,depleted_visible_top_proxy_only,,0.00215,False,missing_same_side_strict_through_support,111,59800,0,3,same_touch_stable_enough,real_bbo_history_touch_stability,1157,1784017289372,0.00822,0.00467,-0.00355,3,3,0,not_reset,history_present_no_reset,pass,,,history_present_no_reset,latest_l2_received_before_or_at_candidate,latest_l2_exchange_time_equal_candidate,event_driven_current_l2_plus_rolling_public_trades_proxy_not_exact_queue_or_fill_probability
259,trades,1784017290724,1784017290923515709,0.200002,buy,62563,62563,62564,1,0.005,0.00467,3,0.934,16,0.01328,0.00237,0.01565,0.00967,1.618407445708376421923474664,depleted_top_plus_order_proxy,quality_a,0.00391,True,,111,59800,195,3,same_touch_stable_enough,real_bbo_history_touch_stability,1352,1784017289372,0.00822,0.00467,-0.00355,3,3,0,not_reset,history_present_no_reset,pass,,,history_present_no_reset,latest_l2_received_before_or_at_candidate,latest_l2_exchange_time_before_candidate,event_driven_current_l2_plus_rolling_public_trades_proxy_not_exact_queue_or_fill_probability
260,l2Book,1784017291065,1784017291372545960,0.308022,buy,62560,62560,62561,1,0.005,0.12982,2,25.964,16,0,0,0,0.13482,0,not_depleted,,0.0,False,missing_same_side_strict_through_support;missing_touch_freshness_or_queue_reset_evidence;missing_recent_same_side_at_or_through_throughput,111,59795,0,1,same_touch_seen_but_not_stable,real_bbo_history_insufficient,0,1784017291065,,0.12982,,,2,,missing,no_prior_same_touch_bbo,block,no_prior_same_touch_bbo,same_touch_seen_but_not_stable,no_prior_same_touch_bbo,latest_l2_received_before_or_at_candidate,latest_l2_exchange_time_equal_candidate,event_driven_current_l2_plus_rolling_public_trades_proxy_not_exact_queue_or_fill_probability
261,l2Book,1784017291597,1784017291812490621,0.216004,buy,62560,62560,62561,1,0.005,0.12965,1,25.93,14,0,0,0,0.13465,0,not_depleted,,0.0,False,missing_same_side_strict_through_support;missing_recent_same_side_at_or_through_throughput,111,59726,0,2,same_touch_stable_enough,real_bbo_history_touch_stability,532,1784017291065,0.12982,0.12965,-0.00017,2,1,-1,reset_supported,same_touch_top_qty_or_order_count_reduced,pass,,,,latest_l2_received_before_or_at_candidate,latest_l2_exchange_time_equal_candidate,event_driven_current_l2_plus_rolling_public_trades_proxy_not_exact_queue_or_fill_probability
262,trades,1784017292001,1784017292218469306,0.217965,buy,62560,62560,62561,1,0.005,0.12965,1,25.93,13,0.00145,0,0.00145,0.13465,0.01076865948756034162643891571,touched_quote_without_depletion,,0.00036,False,missing_same_side_strict_through_support,110,59189,404,2,same_touch_stable_enough,real_bbo_history_touch_stability,936,1784017291065,0.12982,0.12965,-0.00017,2,1,-1,reset_supported,same_touch_top_qty_or_order_count_reduced,pass,,,,latest_l2_received_before_or_at_candidate,latest_l2_exchange_time_before_candidate,event_driven_current_l2_plus_rolling_public_trades_proxy_not_exact_queue_or_fill_probability
263,l2Book,1784017292190,1784017292412488234,0.222962,buy,62560,62560,62561,1,0.005,0.1282,1,25.64,13,0.00145,0,0.00145,0.1332,0.01088588588588588588588588589,touched_quote_without_depletion,,0.00036,False,missing_same_side_strict_through_support,111,59782,0,3,same_touch_stable_enough,real_bbo_history_touch_stability,1125,1784017291065,0.12982,0.1282,-0.00162,2,1,-1,reset_supported,same_touch_top_qty_or_order_count_reduced,pass,,,,latest_l2_received_before_or_at_candidate,latest_l2_exchange_time_equal_candidate,event_driven_current_l2_plus_rolling_public_trades_proxy_not_exact_queue_or_fill_probability
264,l2Book,1784017292806,1784017293016418374,0.210895,buy,62560,62560,62561,1,0.005,0.1282,1,25.64,8,0.00145,0,0.00145,0.1332,0.01088588588588588588588588589,touched_quote_without_depletion,,0.00036,False,missing_same_side_strict_through_support,111,59864,0,4,same_touch_stable_enough,real_bbo_history_touch_stability,1741,1784017291065,0.12982,0.1282,-0.00162,2,1,-1,reset_supported,same_touch_top_qty_or_order_count_reduced,pass,,,,latest_l2_received_before_or_at_candidate,latest_l2_exchange_time_equal_candidate,event_driven_current_l2_plus_rolling_public_trades_proxy_not_exact_queue_or_fill_probability
265,l2Book,1784017293329,1784017293552405460,0.223947,buy,62560,62560,62561,1,0.005,0.1282,1,25.64,8,0.00145,0,0.00145,0.1332,0.01088588588588588588588588589,touched_quote_without_depletion,,0.00036,False,missing_same_side_strict_through_support,111,59850,0,5,same_touch_stable_enough,real_bbo_history_touch_stability,2264,1784017291065,0.12982,0.1282,-0.00162,2,1,-1,reset_supported,same_touch_top_qty_or_order_count_reduced,pass,,,,latest_l2_received_before_or_at_candidate,latest_l2_exchange_time_equal_candidate,event_driven_current_l2_plus_rolling_public_trades_proxy_not_exact_queue_or_fill_probability
266,trades,1784017293812,1784017293978055104,0.166507,buy,62560,62560,62561,1,0.005,0.1282,1,25.64,3,0.00146,0,0.00146,0.1332,0.01096096096096096096096096096,touched_quote_without_depletion,,0.00036,False,missing_same_side_strict_through_support,110,59319,483,5,same_touch_stable_enough,real_bbo_history_touch_stability,2747,1784017291065,0.12982,0.1282,-0.00162,2,1,-1,reset_supported,same_touch_top_qty_or_order_count_reduced,pass,,,,latest_l2_received_before_or_at_candidate,latest_l2_exchange_time_before_candidate,event_driven_current_l2_plus_rolling_public_trades_proxy_not_exact_queue_or_fill_probability
267,l2Book,1784017293878,1784017294070445971,0.192927,buy,62560,62560,62561,1,0.005,0.12819,1,25.638,3,0.00146,0,0.00146,0.13319,0.01096178391771153990539830318,touched_quote_without_depletion,,0.00036,False,missing_same_side_strict_through_support,111,59868,0,6,same_touch_stable_enough,real_bbo_history_touch_stability,2813,1784017291065,0.12982,0.12819,-0.00163,2,1,-1,reset_supported,same_touch_top_qty_or_order_count_reduced,pass,,,,latest_l2_received_before_or_at_candidate,latest_l2_exchange_time_equal_candidate,event_driven_current_l2_plus_rolling_public_trades_proxy_not_exact_queue_or_fill_probability
268,l2Book,1784017294409,1784017294656432963,0.247926,buy,62560,62560,62561,1,0.005,0.12819,1,25.638,3,0.00146,0,0.00146,0.13319,0.01096178391771153990539830318,touched_quote_without_depletion,,0.00036,False,missing_same_side_strict_through_support,111,59874,0,7,same_touch_stable_enough,real_bbo_history_touch_stability,3344,1784017291065,0.12982,0.12819,-0.00163,2,1,-1,reset_supported,same_touch_top_qty_or_order_count_reduced,pass,,,,latest_l2_received_before_or_at_candidate,latest_l2_exchange_time_equal_candidate,event_driven_current_l2_plus_rolling_public_trades_proxy_not_exact_queue_or_fill_probability
269,trades,1784017294618,1784017294800972072,0.183482,buy,62560,62560,62561,1,0.005,0.12819,1,25.638,4,0.02141,0,0.02141,0.13319,0.1607478038891808694346422404,touched_quote_without_depletion,,0.005,False,missing_same_side_strict_through_support,110,59325,209,7,same_touch_stable_enough,real_bbo_history_touch_stability,3553,1784017291065,0.12982,0.12819,-0.00163,2,1,-1,reset_supported,same_touch_top_qty_or_order_count_reduced,pass,,,,latest_l2_received_before_or_at_candidate,latest_l2_exchange_time_before_candidate,event_driven_current_l2_plus_rolling_public_trades_proxy_not_exact_queue_or_fill_probability
270,trades,1784017294884,1784017295075528807,0.192,buy,62560,62560,62561,1,0.005,0.12819,1,25.638,5,0.03461,0,0.03461,0.13319,0.2598543434191756137848186801,touched_quote_without_depletion,,0.005,False,missing_same_side_strict_through_support,110,59325,475,7,same_touch_stable_enough,real_bbo_history_touch_stability,3819,1784017291065,0.12982,0.12819,-0.00163,2,1,-1,reset_supported,same_touch_top_qty_or_order_count_reduced,pass,,,,latest_l2_received_before_or_at_candidate,latest_l2_exchange_time_before_candidate,event_driven_current_l2_plus_rolling_public_trades_proxy_not_exact_queue_or_fill_probability
271,l2Book,1784017295086,1784017295288386591,0.202877,buy,62560,62560,62561,1,0.005,0.09504,1,19.008,3,0.03316,0,0.03316,0.10004,0.3314674130347860855657736905,touched_quote_without_depletion,,0.005,False,missing_same_side_strict_through_support,110,59452,0,8,same_touch_stable_enough,real_bbo_history_touch_stability,4021,1784017291065,0.12982,0.09504,-0.03478,2,1,-1,reset_supported,same_touch_top_qty_or_order_count_reduced,pass,,,,latest_l2_received_before_or_at_candidate,latest_l2_exchange_time_equal_candidate,event_driven_current_l2_plus_rolling_public_trades_proxy_not_exact_queue_or_fill_probability
272,trades,1784017295355,1784017295549546123,0.195074,buy,62560,62560,62561,1,0.005,0.09504,1,19.008,4,0.03316,0,0.03316,0.10004,0.3314674130347860855657736905,touched_quote_without_depletion,,0.005,False,missing_same_side_strict_through_support,110,59452,269,8,same_touch_stable_enough,real_bbo_history_touch_stability,4290,1784017291065,0.12982,0.09504,-0.03478,2,1,-1,reset_supported,same_touch_top_qty_or_order_count_reduced,pass,,,,latest_l2_received_before_or_at_candidate,latest_l2_exchange_time_before_candidate,event_driven_current_l2_plus_rolling_public_trades_proxy_not_exact_queue_or_fill_probability
273,trades,1784017295494,1784017295681380035,0.187858,buy,62560,62560,62561,1,0.005,0.09504,1,19.008,5,0.03458,0,0.03458,0.10004,0.3456617353058776489404238305,touched_quote_without_depletion,,0.005,False,missing_same_side_strict_through_support,110,59452,408,8,same_touch_stable_enough,real_bbo_history_touch_stability,4429,1784017291065,0.12982,0.09504,-0.03478,2,1,-1,reset_supported,same_touch_top_qty_or_order_count_reduced,pass,,,,latest_l2_received_before_or_at_candidate,latest_l2_exchange_time_before_candidate,event_driven_current_l2_plus_rolling_public_trades_proxy_not_exact_queue_or_fill_probability
274,l2Book,1784017295629,1784017295846332838,0.2178,buy,62560,62560,62561,1,0.005,0.09362,1,18.724,5,0.03458,0,0.03458,0.09862,0.3506388156560535388359359156,touched_quote_without_depletion,,0.005,False,missing_same_side_strict_through_support,111,59995,0,9,same_touch_stable_enough,real_bbo_history_touch_stability,4564,1784017291065,0.12982,0.09362,-0.0362,2,1,-1,reset_supported,same_touch_top_qty_or_order_count_reduced,pass,,,,latest_l2_received_before_or_at_candidate,latest_l2_exchange_time_equal_candidate,event_driven_current_l2_plus_rolling_public_trades_proxy_not_exact_queue_or_fill_probability
275,l2Book,1784017296165,1784017296381324159,0.216825,buy,62560,62560,62561,1,0.005,0.09362,1,18.724,5,0.03458,0,0.03458,0.09862,0.3506388156560535388359359156,touched_quote_without_depletion,,0.005,False,missing_same_side_strict_through_support,111,59994,0,10,same_touch_stable_enough,real_bbo_history_touch_stability,5100,1784017291065,0.12982,0.09362,-0.0362,2,1,-1,reset_supported,same_touch_top_qty_or_order_count_reduced,pass,,,,latest_l2_received_before_or_at_candidate,latest_l2_exchange_time_equal_candidate,event_driven_current_l2_plus_rolling_public_trades_proxy_not_exact_queue_or_fill_probability
276,l2Book,1784017296701,1784017296921271755,0.220756,buy,62560,62560,62561,1,0.005,0.09362,1,18.724,5,0.03458,0,0.03458,0.09862,0.3506388156560535388359359156,touched_quote_without_depletion,,0.005,False,missing_same_side_strict_through_support,111,59998,0,11,same_touch_stable_enough,real_bbo_history_touch_stability,5636,1784017291065,0.12982,0.09362,-0.0362,2,1,-1,reset_supported,same_touch_top_qty_or_order_count_reduced,pass,,,,latest_l2_received_before_or_at_candidate,latest_l2_exchange_time_equal_candidate,event_driven_current_l2_plus_rolling_public_trades_proxy_not_exact_queue_or_fill_probability
277,l2Book,1784017297250,1784017297469314948,0.219785,buy,62560,62560,62561,1,0.005,0.09362,1,18.724,4,0.03457,0,0.03457,0.09862,0.3505374163455688501318191036,touched_quote_without_depletion,,0.005,False,missing_same_side_strict_through_support,110,59477,0,12,same_touch_stable_enough,real_bbo_history_touch_stability,6185,1784017291065,0.12982,0.09362,-0.0362,2,1,-1,reset_supported,same_touch_top_qty_or_order_count_reduced,pass,,,,latest_l2_received_before_or_at_candidate,latest_l2_exchange_time_equal_candidate,event_driven_current_l2_plus_rolling_public_trades_proxy_not_exact_queue_or_fill_probability
278,trades,1784017297250,1784017297470013163,0.220314,buy,62560,62560,62561,1,0.005,0.09362,1,18.724,5,0.03457,0,0.03457,0.09862,0.3505374163455688501318191036,touched_quote_without_depletion,,0.005,False,missing_same_side_strict_through_support,110,59477,0,12,same_touch_stable_enough,real_bbo_history_touch_stability,6185,1784017291065,0.12982,0.09362,-0.0362,2,1,-1,reset_supported,same_touch_top_qty_or_order_count_reduced,pass,,,,latest_l2_received_before_or_at_candidate,latest_l2_exchange_time_equal_candidate,event_driven_current_l2_plus_rolling_public_trades_proxy_not_exact_queue_or_fill_probability
279,l2Book,1784017297784,1784017297984577424,0.201063,buy,62560,62560,62561,1,0.005,0.09362,1,18.724,4,0.01462,0,0.01462,0.09862,0.1482457919286148854187791523,touched_quote_without_depletion,,0.00365,False,missing_same_side_strict_through_support,110,59487,0,13,same_touch_stable_enough,real_bbo_history_touch_stability,6719,1784017291065,0.12982,0.09362,-0.0362,2,1,-1,reset_supported,same_touch_top_qty_or_order_count_reduced,pass,,,,latest_l2_received_before_or_at_candidate,latest_l2_exchange_time_equal_candidate,event_driven_current_l2_plus_rolling_public_trades_proxy_not_exact_queue_or_fill_probability
280,trades,1784017298056,1784017298291042423,0.235561,buy,62560,62560,62561,1,0.005,0.09362,1,18.724,5,0.0027,0,0.0027,0.09862,0.02737781383086595011153924153,touched_quote_without_depletion,,0.00067,False,missing_same_side_strict_through_support,110,59487,272,13,same_touch_stable_enough,real_bbo_history_touch_stability,6991,1784017291065,0.12982,0.09362,-0.0362,2,1,-1,reset_supported,same_touch_top_qty_or_order_count_reduced,pass,,,,latest_l2_received_before_or_at_candidate,latest_l2_exchange_time_before_candidate,event_driven_current_l2_plus_rolling_public_trades_proxy_not_exact_queue_or_fill_probability
281,l2Book,1784017298324,1784017298537879716,0.214417,buy,62560,62560,62561,1,0.005,0.09234,1,18.468,5,0.0027,0,0.0027,0.09734,0.02773782617628929525374974317,touched_quote_without_depletion,,0.00067,False,missing_same_side_strict_through_support,110,59471,0,14,same_touch_stable_enough,real_bbo_history_touch_stability,7259,1784017291065,0.12982,0.09234,-0.03748,2,1,-1,reset_supported,same_touch_top_qty_or_order_count_reduced,pass,,,,latest_l2_received_before_or_at_candidate,latest_l2_exchange_time_equal_candidate,event_driven_current_l2_plus_rolling_public_trades_proxy_not_exact_queue_or_fill_probability
282,l2Book,1784017298863,1784017299082676769,0.220175,buy,62560,62560,62561,1,0.005,0.09234,1,18.468,3,0.00128,0,0.00128,0.09734,0.01314978426135196219437024861,touched_quote_without_depletion,,0.00032,False,missing_same_side_strict_through_support,110,59486,0,15,same_touch_stable_enough,real_bbo_history_touch_stability,7798,1784017291065,0.12982,0.09234,-0.03748,2,1,-1,reset_supported,same_touch_top_qty_or_order_count_reduced,pass,,,,latest_l2_received_before_or_at_candidate,latest_l2_exchange_time_equal_candidate,event_driven_current_l2_plus_rolling_public_trades_proxy_not_exact_queue_or_fill_probability
283,trades,1784017299064,1784017299293851320,0.230409,buy,62560,62560,62561,1,0.005,0.09234,1,18.468,4,0.00128,0,0.00128,0.09734,0.01314978426135196219437024861,touched_quote_without_depletion,,0.00032,False,missing_same_side_strict_through_support,110,59486,201,15,same_touch_stable_enough,real_bbo_history_touch_stability,7999,1784017291065,0.12982,0.09234,-0.03748,2,1,-1,reset_supported,same_touch_top_qty_or_order_count_reduced,pass,,,,latest_l2_received_before_or_at_candidate,latest_l2_exchange_time_before_candidate,event_driven_current_l2_plus_rolling_public_trades_proxy_not_exact_queue_or_fill_probability
284,l2Book,1784017299403,1784017299626968727,0.224502,buy,62560,62560,62561,1,0.005,0.09234,1,18.468,4,0.00128,0,0.00128,0.09734,0.01314978426135196219437024861,touched_quote_without_depletion,,0.00032,False,missing_same_side_strict_through_support,110,59512,0,16,same_touch_stable_enough,real_bbo_history_touch_stability,8338,1784017291065,0.12982,0.09234,-0.03748,2,1,-1,reset_supported,same_touch_top_qty_or_order_count_reduced,pass,,,,latest_l2_received_before_or_at_candidate,latest_l2_exchange_time_equal_candidate,event_driven_current_l2_plus_rolling_public_trades_proxy_not_exact_queue_or_fill_probability
285,l2Book,1784017299941,1784017300155658839,0.215131,buy,62560,62560,62561,1,0.005,0.09234,1,18.468,4,0.00128,0,0.00128,0.09734,0.01314978426135196219437024861,touched_quote_without_depletion,,0.00032,False,missing_same_side_strict_through_support,110,59542,0,17,same_touch_stable_enough,real_bbo_history_touch_stability,8876,1784017291065,0.12982,0.09234,-0.03748,2,1,-1,reset_supported,same_touch_top_qty_or_order_count_reduced,pass,,,,latest_l2_received_before_or_at_candidate,latest_l2_exchange_time_equal_candidate,event_driven_current_l2_plus_rolling_public_trades_proxy_not_exact_queue_or_fill_probability
286,l2Book,1784017300469,1784017300687382237,0.218877,buy,62560,62560,62561,1,0.005,0.09234,1,18.468,3,0.00128,0,0.00128,0.09734,0.01314978426135196219437024861,touched_quote_without_depletion,,0.00032,False,missing_same_side_strict_through_support,110,59467,0,18,same_touch_stable_enough,real_bbo_history_touch_stability,9404,1784017291065,0.12982,0.09234,-0.03748,2,1,-1,reset_supported,same_touch_top_qty_or_order_count_reduced,pass,,,,latest_l2_received_before_or_at_candidate,latest_l2_exchange_time_equal_candidate,event_driven_current_l2_plus_rolling_public_trades_proxy_not_exact_queue_or_fill_probability
287,l2Book,1784017301013,1784017301266208720,0.253668,buy,62560,62560,62561,1,0.005,0.09234,1,18.468,3,0.00128,0,0.00128,0.09734,0.01314978426135196219437024861,touched_quote_without_depletion,,0.00032,False,missing_same_side_strict_through_support,110,59474,0,19,same_touch_stable_enough,real_bbo_history_touch_stability,9948,1784017291065,0.12982,0.09234,-0.03748,2,1,-1,reset_supported,same_touch_top_qty_or_order_count_reduced,pass,,,,latest_l2_received_before_or_at_candidate,latest_l2_exchange_time_equal_candidate,event_driven_current_l2_plus_rolling_public_trades_proxy_not_exact_queue_or_fill_probability
288,trades,1784017301013,1784017301266840568,0.254129,buy,62560,62560,62561,1,0.005,0.09234,1,18.468,4,0.00128,0,0.00128,0.09734,0.01314978426135196219437024861,touched_quote_without_depletion,,0.00032,False,missing_same_side_strict_through_support,110,59474,0,19,same_touch_stable_enough,real_bbo_history_touch_stability,9948,1784017291065,0.12982,0.09234,-0.03748,2,1,-1,reset_supported,same_touch_top_qty_or_order_count_reduced,pass,,,,latest_l2_received_before_or_at_candidate,latest_l2_exchange_time_equal_candidate,event_driven_current_l2_plus_rolling_public_trades_proxy_not_exact_queue_or_fill_probability
289,trades,1784017301330,1784017301532507620,0.203008,buy,62560,62560,62561,1,0.005,0.09234,1,18.468,3,0.0185,0,0.0185,0.09734,0.1900554756523525785905074995,touched_quote_without_depletion,,0.00462,False,missing_same_side_strict_through_support,110,59474,317,19,same_touch_stable_enough,real_bbo_history_touch_stability,10265,1784017291065,0.12982,0.09234,-0.03748,2,1,-1,reset_supported,same_touch_top_qty_or_order_count_reduced,pass,,,,latest_l2_received_before_or_at_candidate,latest_l2_exchange_time_before_candidate,event_driven_current_l2_plus_rolling_public_trades_proxy_not_exact_queue_or_fill_probability
290,l2Book,1784017301532,1784017301780613212,0.249132,buy,62560,62560,62561,1,0.005,0.07384,1,14.768,3,0.0185,0,0.0185,0.07884,0.2346524606798579401319127347,touched_quote_without_depletion,,0.00462,False,missing_same_side_strict_through_support,111,59993,0,20,same_touch_stable_enough,real_bbo_history_touch_stability,10467,1784017291065,0.12982,0.07384,-0.05598,2,1,-1,reset_supported,same_touch_top_qty_or_order_count_reduced,pass,,,,latest_l2_received_before_or_at_candidate,latest_l2_exchange_time_equal_candidate,event_driven_current_l2_plus_rolling_public_trades_proxy_not_exact_queue_or_fill_probability
291,l2Book,1784017302078,1784017302300199807,0.222716,buy,62560,62560,62561,1,0.005,1.00275,2,200.55,2,0.0185,0,0.0185,1.00775,0.01835772761101463656660878194,touched_quote_without_depletion,,0.00462,False,missing_same_side_strict_through_support,110,59453,0,21,same_touch_stable_enough,real_bbo_history_touch_stability,11013,1784017291065,0.12982,1.00275,0.87293,2,2,0,not_reset,history_present_no_reset,pass,,,history_present_no_reset,latest_l2_received_before_or_at_candidate,latest_l2_exchange_time_equal_candidate,event_driven_current_l2_plus_rolling_public_trades_proxy_not_exact_queue_or_fill_probability
292,l2Book,1784017302623,1784017302830716795,0.208218,buy,62560,62560,62561,1,0.005,1.00275,2,200.55,2,0.0185,0,0.0185,1.00775,0.01835772761101463656660878194,touched_quote_without_depletion,,0.00462,False,missing_same_side_strict_through_support,111,59998,0,22,same_touch_stable_enough,real_bbo_history_touch_stability,11558,1784017291065,1.00275,1.00275,0,2,2,0,not_reset,history_present_no_reset,pass,,,history_present_no_reset,latest_l2_received_before_or_at_candidate,latest_l2_exchange_time_equal_candidate,event_driven_current_l2_plus_rolling_public_trades_proxy_not_exact_queue_or_fill_probability
293,l2Book,1784017303150,1784017303378838868,0.229359,buy,62560,62560,62561,1,0.005,1.00275,2,200.55,2,0.0185,0,0.0185,1.00775,0.01835772761101463656660878194,touched_quote_without_depletion,,0.00462,False,missing_same_side_strict_through_support,111,59995,0,23,same_touch_stable_enough,real_bbo_history_touch_stability,12085,1784017291065,1.00275,1.00275,0,2,2,0,not_reset,history_present_no_reset,pass,,,history_present_no_reset,latest_l2_received_before_or_at_candidate,latest_l2_exchange_time_equal_candidate,event_driven_current_l2_plus_rolling_public_trades_proxy_not_exact_queue_or_fill_probability
294,trades,1784017303353,1784017303537812474,0.185304,buy,62560,62560,62561,1,0.005,1.00275,2,200.55,3,0.01869,0,0.01869,1.00775,0.01854626643512775986107665592,touched_quote_without_depletion,,0.00467,False,missing_same_side_strict_through_support,110,59443,203,23,same_touch_stable_enough,real_bbo_history_touch_stability,12288,1784017291065,1.00275,1.00275,0,2,2,0,not_reset,history_present_no_reset,pass,,,history_present_no_reset,latest_l2_received_before_or_at_candidate,latest_l2_exchange_time_before_candidate,event_driven_current_l2_plus_rolling_public_trades_proxy_not_exact_queue_or_fill_probability
295,trades,1784017303629,1784017303814315386,0.185803,buy,62560,62560,62561,1,0.005,1.00275,2,200.55,4,0.0192,0,0.0192,1.00775,0.01905234433143140659885884396,touched_quote_without_depletion,,0.0048,False,missing_same_side_strict_through_support,110,59443,479,23,same_touch_stable_enough,real_bbo_history_touch_stability,12564,1784017291065,1.00275,1.00275,0,2,2,0,not_reset,history_present_no_reset,pass,,,history_present_no_reset,latest_l2_received_before_or_at_candidate,latest_l2_exchange_time_before_candidate,event_driven_current_l2_plus_rolling_public_trades_proxy_not_exact_queue_or_fill_probability
296,l2Book,1784017303689,1784017303901278887,0.212768,buy,62560,62560,62561,1,0.005,1.00205,2,200.41,4,0.0192,0,0.0192,1.00705,0.019065587607368055210764113,touched_quote_without_depletion,,0.0048,False,missing_same_side_strict_through_support,111,59982,0,24,same_touch_stable_enough,real_bbo_history_touch_stability,12624,1784017291065,1.00275,1.00205,-0.0007,2,2,0,not_reset,history_present_no_reset,pass,,,history_present_no_reset,latest_l2_received_before_or_at_candidate,latest_l2_exchange_time_equal_candidate,event_driven_current_l2_plus_rolling_public_trades_proxy_not_exact_queue_or_fill_probability
297,l2Book,1784017304232,1784017304442212450,0.210721,buy,62560,62560,62561,1,0.005,0.07314,1,14.628,3,0.0192,0,0.0192,0.07814,0.2457128231379575121576657282,touched_quote_without_depletion,,0.0048,False,missing_same_side_strict_through_support,111,59985,0,25,same_touch_stable_enough,real_bbo_history_touch_stability,13167,1784017291065,1.00275,0.07314,-0.92961,2,1,-1,reset_supported,same_touch_top_qty_or_order_count_reduced,pass,,,,latest_l2_received_before_or_at_candidate,latest_l2_exchange_time_equal_candidate,event_driven_current_l2_plus_rolling_public_trades_proxy_not_exact_queue_or_fill_probability
298,trades,1784017304433,1784017304614791423,0.182294,buy,62560,62560,62561,1,0.005,0.07314,1,14.628,3,0.00071,0,0.00071,0.07814,0.009086255438955720501663680573,touched_quote_without_depletion,,0.00017,False,missing_same_side_strict_through_support,110,59475,201,25,same_touch_stable_enough,real_bbo_history_touch_stability,13368,1784017291065,1.00275,0.07314,-0.92961,2,1,-1,reset_supported,same_touch_top_qty_or_order_count_reduced,pass,,,,latest_l2_received_before_or_at_candidate,latest_l2_exchange_time_before_candidate,event_driven_current_l2_plus_rolling_public_trades_proxy_not_exact_queue_or_fill_probability
299,l2Book,1784017304771,1784017304983113038,0.212633,buy,62560,62560,62561,1,0.005,0.07313,1,14.626,3,0.00071,0,0.00071,0.07813,0.009087418405222065787789581467,touched_quote_without_depletion,,0.00017,False,missing_same_side_strict_through_support,110,59464,0,26,same_touch_stable_enough,real_bbo_history_touch_stability,13706,1784017291065,1.00275,0.07313,-0.92962,2,1,-1,reset_supported,same_touch_top_qty_or_order_count_reduced,pass,,,,latest_l2_received_before_or_at_candidate,latest_l2_exchange_time_equal_candidate,event_driven_current_l2_plus_rolling_public_trades_proxy_not_exact_queue_or_fill_probability
300,trades,1784017305038,1784017305272470487,0.234949,buy,62560,62560,62561,1,0.005,0.07313,1,14.626,4,0.00071,0,0.00071,0.07813,0.009087418405222065787789581467,touched_quote_without_depletion,,0.00017,False,missing_same_side_strict_through_support,110,59464,267,26,same_touch_stable_enough,real_bbo_history_touch_stability,13973,1784017291065,1.00275,0.07313,-0.92962,2,1,-1,reset_supported,same_touch_top_qty_or_order_count_reduced,pass,,,,latest_l2_received_before_or_at_candidate,latest_l2_exchange_time_before_candidate,event_driven_current_l2_plus_rolling_public_trades_proxy_not_exact_queue_or_fill_probability
301,l2Book,1784017305296,1784017305637046115,0.341528,buy,62560,62560,62561,1,0.005,0.07313,1,14.626,4,0.00071,0,0.00071,0.07813,0.009087418405222065787789581467,touched_quote_without_depletion,,0.00017,False,missing_same_side_strict_through_support,111,59989,0,27,same_touch_stable_enough,real_bbo_history_touch_stability,14231,1784017291065,1.00275,0.07313,-0.92962,2,1,-1,reset_supported,same_touch_top_qty_or_order_count_reduced,pass,,,,latest_l2_received_before_or_at_candidate,latest_l2_exchange_time_equal_candidate,event_driven_current_l2_plus_rolling_public_trades_proxy_not_exact_queue_or_fill_probability
302,l2Book,1784017305848,1784017306060809114,0.213291,buy,62560,62560,62561,1,0.005,0.07313,1,14.626,4,0.00071,0,0.00071,0.07813,0.009087418405222065787789581467,touched_quote_without_depletion,,0.00017,False,missing_same_side_strict_through_support,111,59985,0,28,same_touch_stable_enough,real_bbo_history_touch_stability,14783,1784017291065,1.00275,0.07313,-0.92962,2,1,-1,reset_supported,same_touch_top_qty_or_order_count_reduced,pass,,,,latest_l2_received_before_or_at_candidate,latest_l2_exchange_time_equal_candidate,event_driven_current_l2_plus_rolling_public_trades_proxy_not_exact_queue_or_fill_probability
303,l2Book,1784017306386,1784017306585162045,0.199697,buy,62560,62560,62561,1,0.005,0.07313,1,14.626,3,0.00052,0,0.00052,0.07813,0.006655574043261231281198003328,touched_quote_without_depletion,,0.00013,False,missing_same_side_strict_through_support,111,59995,0,29,same_touch_stable_enough,real_bbo_history_touch_stability,15321,1784017291065,1.00275,0.07313,-0.92962,2,1,-1,reset_supported,same_touch_top_qty_or_order_count_reduced,pass,,,,latest_l2_received_before_or_at_candidate,latest_l2_exchange_time_equal_candidate,event_driven_current_l2_plus_rolling_public_trades_proxy_not_exact_queue_or_fill_probability
304,l2Book,1784017306900,1784017307152041967,0.252551,buy,62560,62560,62561,1,0.005,0.07313,1,14.626,2,0.00001,0,0.00001,0.07813,0.0001279918085242544477153462178,touched_quote_without_depletion,,0.0,False,missing_same_side_strict_through_support,111,59964,0,30,same_touch_stable_enough,real_bbo_history_touch_stability,15835,1784017291065,1.00275,0.07313,-0.92962,2,1,-1,reset_supported,same_touch_top_qty_or_order_count_reduced,pass,,,,latest_l2_received_before_or_at_candidate,latest_l2_exchange_time_equal_candidate,event_driven_current_l2_plus_rolling_public_trades_proxy_not_exact_queue_or_fill_probability
305,l2Book,1784017307452,1784017307670764631,0.2193,buy,62560,62560,62561,1,0.005,0.07313,1,14.626,1,0,0,0,0.07813,0,not_depleted,,0.0,False,missing_same_side_strict_through_support;missing_recent_same_side_at_or_through_throughput,111,59975,0,31,same_touch_stable_enough,real_bbo_history_touch_stability,16387,1784017291065,1.00275,0.07313,-0.92962,2,1,-1,reset_supported,same_touch_top_qty_or_order_count_reduced,pass,,,,latest_l2_received_before_or_at_candidate,latest_l2_exchange_time_equal_candidate,event_driven_current_l2_plus_rolling_public_trades_proxy_not_exact_queue_or_fill_probability
306,l2Book,1784017307979,1784017308193163588,0.214643,buy,62560,62560,62561,1,0.005,0.07313,1,14.626,1,0,0,0,0.07813,0,not_depleted,,0.0,False,missing_same_side_strict_through_support;missing_recent_same_side_at_or_through_throughput,111,59989,0,32,same_touch_stable_enough,real_bbo_history_touch_stability,16914,1784017291065,1.00275,0.07313,-0.92962,2,1,-1,reset_supported,same_touch_top_qty_or_order_count_reduced,pass,,,,latest_l2_received_before_or_at_candidate,latest_l2_exchange_time_equal_candidate,event_driven_current_l2_plus_rolling_public_trades_proxy_not_exact_queue_or_fill_probability
307,trades,1784017308406,1784017308615695618,0.210187,buy,62560,62560,62561,1,0.005,0.07313,1,14.626,1,0,0,0,0.07813,0,not_depleted,,0.0,False,missing_same_side_strict_through_support;missing_recent_same_side_at_or_through_throughput,110,59484,427,32,same_touch_stable_enough,real_bbo_history_touch_stability,17341,1784017291065,1.00275,0.07313,-0.92962,2,1,-1,reset_supported,same_touch_top_qty_or_order_count_reduced,pass,,,,latest_l2_received_before_or_at_candidate,latest_l2_exchange_time_before_candidate,event_driven_current_l2_plus_rolling_public_trades_proxy_not_exact_queue_or_fill_probability
308,l2Book,1784017308543,1784017308776309778,0.233789,buy,62560,62560,62561,1,0.005,0.07313,1,14.626,1,0,0,0,0.07813,0,not_depleted,,0.0,False,missing_same_side_strict_through_support;missing_recent_same_side_at_or_through_throughput,110,59522,0,33,same_touch_stable_enough,real_bbo_history_touch_stability,17478,1784017291065,1.00275,0.07313,-0.92962,2,1,-1,reset_supported,same_touch_top_qty_or_order_count_reduced,pass,,,,latest_l2_received_before_or_at_candidate,latest_l2_exchange_time_equal_candidate,event_driven_current_l2_plus_rolling_public_trades_proxy_not_exact_queue_or_fill_probability
309,l2Book,1784017309076,1784017309294772848,0.219251,buy,62560,62560,62561,1,0.005,0.07313,1,14.626,1,0,0,0,0.07813,0,not_depleted,,0.0,False,missing_same_side_strict_through_support;missing_recent_same_side_at_or_through_throughput,110,59528,0,34,same_touch_stable_enough,real_bbo_history_touch_stability,18011,1784017291065,1.00275,0.07313,-0.92962,2,1,-1,reset_supported,same_touch_top_qty_or_order_count_reduced,pass,,,,latest_l2_received_before_or_at_candidate,latest_l2_exchange_time_equal_candidate,event_driven_current_l2_plus_rolling_public_trades_proxy_not_exact_queue_or_fill_probability
310,l2Book,1784017309586,1784017309828719134,0.243215,buy,62560,62560,62561,1,0.005,0.07313,1,14.626,1,0,0,0,0.07813,0,not_depleted,,0.0,False,missing_same_side_strict_through_support;missing_recent_same_side_at_or_through_throughput,110,59477,0,35,same_touch_stable_enough,real_bbo_history_touch_stability,18521,1784017291065,1.00275,0.07313,-0.92962,2,1,-1,reset_supported,same_touch_top_qty_or_order_count_reduced,pass,,,,latest_l2_received_before_or_at_candidate,latest_l2_exchange_time_equal_candidate,event_driven_current_l2_plus_rolling_public_trades_proxy_not_exact_queue_or_fill_probability
311,trades,1784017309586,1784017309829406019,0.243703,buy,62560,62560,62561,1,0.005,0.07313,1,14.626,2,0,0,0,0.07813,0,not_depleted,,0.0,False,missing_same_side_strict_through_support;missing_recent_same_side_at_or_through_throughput,110,59477,0,35,same_touch_stable_enough,real_bbo_history_touch_stability,18521,1784017291065,1.00275,0.07313,-0.92962,2,1,-1,reset_supported,same_touch_top_qty_or_order_count_reduced,pass,,,,latest_l2_received_before_or_at_candidate,latest_l2_exchange_time_equal_candidate,event_driven_current_l2_plus_rolling_public_trades_proxy_not_exact_queue_or_fill_probability
312,trades,1784017309881,1784017310046130873,0.16559,buy,62560,62560,62561,1,0.005,0.07313,1,14.626,3,0,0,0,0.07813,0,not_depleted,,0.0,False,missing_same_side_strict_through_support;missing_recent_same_side_at_or_through_throughput,110,59477,295,35,same_touch_stable_enough,real_bbo_history_touch_stability,18816,1784017291065,1.00275,0.07313,-0.92962,2,1,-1,reset_supported,same_touch_top_qty_or_order_count_reduced,pass,,,,latest_l2_received_before_or_at_candidate,latest_l2_exchange_time_before_candidate,event_driven_current_l2_plus_rolling_public_trades_proxy_not_exact_queue_or_fill_probability
313,l2Book,1784017310134,1784017310362396898,0.228879,buy,62560,62560,62561,1,0.005,0.07313,1,14.626,3,0,0,0,0.07813,0,not_depleted,,0.0,False,missing_same_side_strict_through_support;missing_recent_same_side_at_or_through_throughput,110,59496,0,36,same_touch_stable_enough,real_bbo_history_touch_stability,19069,1784017291065,1.00275,0.07313,-0.92962,2,1,-1,reset_supported,same_touch_top_qty_or_order_count_reduced,pass,,,,latest_l2_received_before_or_at_candidate,latest_l2_exchange_time_equal_candidate,event_driven_current_l2_plus_rolling_public_trades_proxy_not_exact_queue_or_fill_probability
314,l2Book,1784017310692,1784017310912098307,0.220603,buy,62560,62560,62561,1,0.005,0.07313,1,14.626,3,0,0,0,0.07813,0,not_depleted,,0.0,False,missing_same_side_strict_through_support;missing_recent_same_side_at_or_through_throughput,110,59510,0,37,same_touch_stable_enough,real_bbo_history_touch_stability,19627,1784017291065,1.00275,0.07313,-0.92962,2,1,-1,reset_supported,same_touch_top_qty_or_order_count_reduced,pass,,,,latest_l2_received_before_or_at_candidate,latest_l2_exchange_time_equal_candidate,event_driven_current_l2_plus_rolling_public_trades_proxy_not_exact_queue_or_fill_probability
315,trades,1784017310692,1784017310912837970,0.221138,buy,62560,62560,62561,1,0.005,0.07313,1,14.626,5,0,0,0,0.07813,0,not_depleted,,0.0,False,missing_same_side_strict_through_support;missing_recent_same_side_at_or_through_throughput,110,59510,0,37,same_touch_stable_enough,real_bbo_history_touch_stability,19627,1784017291065,1.00275,0.07313,-0.92962,2,1,-1,reset_supported,same_touch_top_qty_or_order_count_reduced,pass,,,,latest_l2_received_before_or_at_candidate,latest_l2_exchange_time_equal_candidate,event_driven_current_l2_plus_rolling_public_trades_proxy_not_exact_queue_or_fill_probability
316,l2Book,1784017311230,1784017311449458929,0.21995,buy,62560,62560,62561,1,0.005,0.07313,1,14.626,5,0,0,0,0.07813,0,not_depleted,,0.0,False,missing_same_side_strict_through_support;missing_recent_same_side_at_or_through_throughput,110,59509,0,38,same_touch_stable_enough,real_bbo_history_touch_stability,20165,1784017291065,1.00275,0.07313,-0.92962,2,1,-1,reset_supported,same_touch_top_qty_or_order_count_reduced,pass,,,,latest_l2_received_before_or_at_candidate,latest_l2_exchange_time_equal_candidate,event_driven_current_l2_plus_rolling_public_trades_proxy_not_exact_queue_or_fill_probability
317,l2Book,1784017311757,1784017311970531444,0.213996,buy,62560,62560,62561,1,0.005,0.07313,1,14.626,4,0,0,0,0.07813,0,not_depleted,,0.0,False,missing_same_side_strict_through_support;missing_recent_same_side_at_or_through_throughput,110,59517,0,39,same_touch_stable_enough,real_bbo_history_touch_stability,20692,1784017291065,1.00275,0.07313,-0.92962,2,1,-1,reset_supported,same_touch_top_qty_or_order_count_reduced,pass,,,,latest_l2_received_before_or_at_candidate,latest_l2_exchange_time_equal_candidate,event_driven_current_l2_plus_rolling_public_trades_proxy_not_exact_queue_or_fill_probability
318,trades,1784017312036,1784017312256505366,0.220984,buy,62560,62560,62561,1,0.005,0.07313,1,14.626,5,0,0,0,0.07813,0,not_depleted,,0.0,False,missing_same_side_strict_through_support;missing_recent_same_side_at_or_through_throughput,110,59517,279,39,same_touch_stable_enough,real_bbo_history_touch_stability,20971,1784017291065,1.00275,0.07313,-0.92962,2,1,-1,reset_supported,same_touch_top_qty_or_order_count_reduced,pass,,,,latest_l2_received_before_or_at_candidate,latest_l2_exchange_time_before_candidate,event_driven_current_l2_plus_rolling_public_trades_proxy_not_exact_queue_or_fill_probability
319,l2Book,1784017312305,1784017312520292263,0.215811,buy,62560,62560,62561,1,0.005,0.07313,1,14.626,5,0,0,0,0.07813,0,not_depleted,,0.0,False,missing_same_side_strict_through_support;missing_recent_same_side_at_or_through_throughput,110,59513,0,40,same_touch_stable_enough,real_bbo_history_touch_stability,21240,1784017291065,1.00275,0.07313,-0.92962,2,1,-1,reset_supported,same_touch_top_qty_or_order_count_reduced,pass,,,,latest_l2_received_before_or_at_candidate,latest_l2_exchange_time_equal_candidate,event_driven_current_l2_plus_rolling_public_trades_proxy_not_exact_queue_or_fill_probability
320,l2Book,1784017312841,1784017313068136367,0.227603,buy,62560,62560,62561,1,0.005,0.07313,1,14.626,4,0,0,0,0.07813,0,not_depleted,,0.0,False,missing_same_side_strict_through_support;missing_recent_same_side_at_or_through_throughput,110,59513,0,41,same_touch_stable_enough,real_bbo_history_touch_stability,21776,1784017291065,1.00275,0.07313,-0.92962,2,1,-1,reset_supported,same_touch_top_qty_or_order_count_reduced,pass,,,,latest_l2_received_before_or_at_candidate,latest_l2_exchange_time_equal_candidate,event_driven_current_l2_plus_rolling_public_trades_proxy_not_exact_queue_or_fill_probability
321,l2Book,1784017313372,1784017313597501058,0.226002,buy,62560,62560,62561,1,0.005,0.07313,1,14.626,3,0,0,0,0.07813,0,not_depleted,,0.0,False,missing_same_side_strict_through_support;missing_recent_same_side_at_or_through_throughput,110,59514,0,42,same_touch_stable_enough,real_bbo_history_touch_stability,22307,1784017291065,1.00275,0.07313,-0.92962,2,1,-1,reset_supported,same_touch_top_qty_or_order_count_reduced,pass,,,,latest_l2_received_before_or_at_candidate,latest_l2_exchange_time_equal_candidate,event_driven_current_l2_plus_rolling_public_trades_proxy_not_exact_queue_or_fill_probability
322,trades,1784017313647,1784017313836567833,0.190058,buy,62560,62560,62561,1,0.005,0.07313,1,14.626,4,0.01856,0,0.01856,0.07813,0.2375527966210162549596825803,touched_quote_without_depletion,,0.00464,False,missing_same_side_strict_through_support,110,59514,275,42,same_touch_stable_enough,real_bbo_history_touch_stability,22582,1784017291065,1.00275,0.07313,-0.92962,2,1,-1,reset_supported,same_touch_top_qty_or_order_count_reduced,pass,,,,latest_l2_received_before_or_at_candidate,latest_l2_exchange_time_before_candidate,event_driven_current_l2_plus_rolling_public_trades_proxy_not_exact_queue_or_fill_probability
323,l2Book,1784017313917,1784017314123717991,0.207212,buy,62560,62560,62561,1,0.005,0.05457,1,10.914,2,0.01856,0,0.01856,0.05957,0.3115662246097028705724357898,touched_quote_without_depletion,,0.00464,False,missing_same_side_strict_through_support,110,59513,0,43,same_touch_stable_enough,real_bbo_history_touch_stability,22852,1784017291065,1.00275,0.05457,-0.94818,2,1,-1,reset_supported,same_touch_top_qty_or_order_count_reduced,pass,,,,latest_l2_received_before_or_at_candidate,latest_l2_exchange_time_equal_candidate,event_driven_current_l2_plus_rolling_public_trades_proxy_not_exact_queue_or_fill_probability
324,l2Book,1784017314458,1784017314679408840,0.221915,buy,62560,62560,62561,1,0.005,0.05457,1,10.914,2,0.01856,0,0.01856,0.05957,0.3115662246097028705724357898,touched_quote_without_depletion,,0.00464,False,missing_same_side_strict_through_support,110,59514,0,44,same_touch_stable_enough,real_bbo_history_touch_stability,23393,1784017291065,1.00275,0.05457,-0.94818,2,1,-1,reset_supported,same_touch_top_qty_or_order_count_reduced,pass,,,,latest_l2_received_before_or_at_candidate,latest_l2_exchange_time_equal_candidate,event_driven_current_l2_plus_rolling_public_trades_proxy_not_exact_queue_or_fill_probability
325,l2Book,1784017314989,1784017315209302276,0.220821,buy,62560,62560,62561,1,0.005,0.05457,1,10.914,2,0.01856,0,0.01856,0.05957,0.3115662246097028705724357898,touched_quote_without_depletion,,0.00464,False,missing_same_side_strict_through_support,110,59509,0,45,same_touch_stable_enough,real_bbo_history_touch_stability,23924,1784017291065,1.00275,0.05457,-0.94818,2,1,-1,reset_supported,same_touch_top_qty_or_order_count_reduced,pass,,,,latest_l2_received_before_or_at_candidate,latest_l2_exchange_time_equal_candidate,event_driven_current_l2_plus_rolling_public_trades_proxy_not_exact_queue_or_fill_probability
326,trades,1784017315464,1784017315701906133,0.238392,buy,62560,62560,62561,1,0.005,0.05457,1,10.914,2,0.01879,0,0.01879,0.05957,0.3154272284707067315762967937,touched_quote_without_depletion,,0.00469,False,missing_same_side_strict_through_support,110,59509,475,45,same_touch_stable_enough,real_bbo_history_touch_stability,24399,1784017291065,1.00275,0.05457,-0.94818,2,1,-1,reset_supported,same_touch_top_qty_or_order_count_reduced,pass,,,,latest_l2_received_before_or_at_candidate,latest_l2_exchange_time_before_candidate,event_driven_current_l2_plus_rolling_public_trades_proxy_not_exact_queue_or_fill_probability
327,l2Book,1784017315530,1784017315746616023,0.217114,buy,62560,62560,62561,1,0.005,0.05434,1,10.868,2,0.01879,0,0.01879,0.05934,0.3166498146275699359622514324,touched_quote_without_depletion,,0.00469,False,missing_same_side_strict_through_support,110,59530,0,46,same_touch_stable_enough,real_bbo_history_touch_stability,24465,1784017291065,1.00275,0.05434,-0.94841,2,1,-1,reset_supported,same_touch_top_qty_or_order_count_reduced,pass,,,,latest_l2_received_before_or_at_candidate,latest_l2_exchange_time_equal_candidate,event_driven_current_l2_plus_rolling_public_trades_proxy_not_exact_queue_or_fill_probability
328,l2Book,1784017316071,1784017316294660596,0.224144,buy,62560,62560,62561,1,0.005,0.05434,1,10.868,2,0.01879,0,0.01879,0.05934,0.3166498146275699359622514324,touched_quote_without_depletion,,0.00469,False,missing_same_side_strict_through_support,110,59521,0,47,same_touch_stable_enough,real_bbo_history_touch_stability,25006,1784017291065,1.00275,0.05434,-0.94841,2,1,-1,reset_supported,same_touch_top_qty_or_order_count_reduced,pass,,,,latest_l2_received_before_or_at_candidate,latest_l2_exchange_time_equal_candidate,event_driven_current_l2_plus_rolling_public_trades_proxy_not_exact_queue_or_fill_probability
329,l2Book,1784017316607,1784017316813799488,0.207298,buy,62560,62560,62561,1,0.005,0.05434,1,10.868,2,0.01879,0,0.01879,0.05934,0.3166498146275699359622514324,touched_quote_without_depletion,,0.00469,False,missing_same_side_strict_through_support,110,59517,0,48,same_touch_stable_enough,real_bbo_history_touch_stability,25542,1784017291065,1.00275,0.05434,-0.94841,2,1,-1,reset_supported,same_touch_top_qty_or_order_count_reduced,pass,,,,latest_l2_received_before_or_at_candidate,latest_l2_exchange_time_equal_candidate,event_driven_current_l2_plus_rolling_public_trades_proxy_not_exact_queue_or_fill_probability
330,trades,1784017317012,1784017317224200009,0.212714,buy,62560,62560,62561,1,0.005,0.05434,1,10.868,2,0.00023,0,0.00023,0.05934,0.003875968992248062015503875969,touched_quote_without_depletion,,5e-05,False,missing_same_side_strict_through_support,110,59517,405,48,same_touch_stable_enough,real_bbo_history_touch_stability,25947,1784017291065,1.00275,0.05434,-0.94841,2,1,-1,reset_supported,same_touch_top_qty_or_order_count_reduced,pass,,,,latest_l2_received_before_or_at_candidate,latest_l2_exchange_time_before_candidate,event_driven_current_l2_plus_rolling_public_trades_proxy_not_exact_queue_or_fill_probability
331,l2Book,1784017317131,1784017317346655232,0.216148,buy,62560,62560,62561,1,0.005,0.05434,1,10.868,2,0.00023,0,0.00023,0.05934,0.003875968992248062015503875969,touched_quote_without_depletion,,5e-05,False,missing_same_side_strict_through_support,110,59480,0,49,same_touch_stable_enough,real_bbo_history_touch_stability,26066,1784017291065,1.00275,0.05434,-0.94841,2,1,-1,reset_supported,same_touch_top_qty_or_order_count_reduced,pass,,,,latest_l2_received_before_or_at_candidate,latest_l2_exchange_time_equal_candidate,event_driven_current_l2_plus_rolling_public_trades_proxy_not_exact_queue_or_fill_probability
332,l2Book,1784017317678,1784017317925161880,0.247663,buy,62560,62560,62561,1,0.005,0.05434,1,10.868,2,0.00023,0,0.00023,0.05934,0.003875968992248062015503875969,touched_quote_without_depletion,,5e-05,False,missing_same_side_strict_through_support,110,59492,0,50,same_touch_stable_enough,real_bbo_history_touch_stability,26613,1784017291065,1.00275,0.05434,-0.94841,2,1,-1,reset_supported,same_touch_top_qty_or_order_count_reduced,pass,,,,latest_l2_received_before_or_at_candidate,latest_l2_exchange_time_equal_candidate,event_driven_current_l2_plus_rolling_public_trades_proxy_not_exact_queue_or_fill_probability
333,l2Book,1784017318222,1784017318439880088,0.218364,buy,62560,62560,62561,1,0.005,0.05434,1,10.868,2,0.00023,0,0.00023,0.05934,0.003875968992248062015503875969,touched_quote_without_depletion,,5e-05,False,missing_same_side_strict_through_support,110,59449,0,51,same_touch_stable_enough,real_bbo_history_touch_stability,27157,1784017291065,1.00275,0.05434,-0.94841,2,1,-1,reset_supported,same_touch_top_qty_or_order_count_reduced,pass,,,,latest_l2_received_before_or_at_candidate,latest_l2_exchange_time_equal_candidate,event_driven_current_l2_plus_rolling_public_trades_proxy_not_exact_queue_or_fill_probability
334,l2Book,1784017318740,1784017318994017780,0.254526,buy,62560,62560,62561,1,0.005,0.05434,1,10.868,1,0,0,0,0.05934,0,not_depleted,,0.0,False,missing_same_side_strict_through_support;missing_recent_same_side_at_or_through_throughput,111,59967,0,52,same_touch_stable_enough,real_bbo_history_touch_stability,27675,1784017291065,1.00275,0.05434,-0.94841,2,1,-1,reset_supported,same_touch_top_qty_or_order_count_reduced,pass,,,,latest_l2_received_before_or_at_candidate,latest_l2_exchange_time_equal_candidate,event_driven_current_l2_plus_rolling_public_trades_proxy_not_exact_queue_or_fill_probability
335,l2Book,1784017319304,1784017319522708105,0.219254,buy,62560,62560,62561,1,0.005,0.05434,1,10.868,1,0,0,0,0.05934,0,not_depleted,,0.0,False,missing_same_side_strict_through_support;missing_recent_same_side_at_or_through_throughput,111,59981,0,53,same_touch_stable_enough,real_bbo_history_touch_stability,28239,1784017291065,1.00275,0.05434,-0.94841,2,1,-1,reset_supported,same_touch_top_qty_or_order_count_reduced,pass,,,,latest_l2_received_before_or_at_candidate,latest_l2_exchange_time_equal_candidate,event_driven_current_l2_plus_rolling_public_trades_proxy_not_exact_queue_or_fill_probability
336,l2Book,1784017319839,1784017320040696678,0.202256,buy,62560,62560,62561,1,0.005,0.05434,1,10.868,1,0,0,0,0.05934,0,not_depleted,,0.0,False,missing_same_side_strict_through_support;missing_recent_same_side_at_or_through_throughput,111,59997,0,54,same_touch_stable_enough,real_bbo_history_touch_stability,28774,1784017291065,1.00275,0.05434,-0.94841,2,1,-1,reset_supported,same_touch_top_qty_or_order_count_reduced,pass,,,,latest_l2_received_before_or_at_candidate,latest_l2_exchange_time_equal_candidate,event_driven_current_l2_plus_rolling_public_trades_proxy_not_exact_queue_or_fill_probability
337,trades,1784017320243,1784017320438012470,0.195508,buy,62560,62560,62561,1,0.005,0.05434,1,10.868,1,0,0,0,0.05934,0,not_depleted,,0.0,False,missing_same_side_strict_through_support;missing_recent_same_side_at_or_through_throughput,110,59434,404,54,same_touch_stable_enough,real_bbo_history_touch_stability,29178,1784017291065,1.00275,0.05434,-0.94841,2,1,-1,reset_supported,same_touch_top_qty_or_order_count_reduced,pass,,,,latest_l2_received_before_or_at_candidate,latest_l2_exchange_time_before_candidate,event_driven_current_l2_plus_rolling_public_trades_proxy_not_exact_queue_or_fill_probability
338,l2Book,1784017320383,1784017320746408338,0.363941,buy,62560,62560,62561,1,0.005,0.05434,1,10.868,1,0,0,0,0.05934,0,not_depleted,,0.0,False,missing_same_side_strict_through_support;missing_recent_same_side_at_or_through_throughput,111,59978,0,55,same_touch_stable_enough,real_bbo_history_touch_stability,29318,1784017291065,1.00275,0.05434,-0.94841,2,1,-1,reset_supported,same_touch_top_qty_or_order_count_reduced,pass,,,,latest_l2_received_before_or_at_candidate,latest_l2_exchange_time_equal_candidate,event_driven_current_l2_plus_rolling_public_trades_proxy_not_exact_queue_or_fill_probability
339,trades,1784017320857,1784017321040587744,0.184095,buy,62560,62560,62561,1,0.005,0.05434,1,10.868,2,0.00019,0,0.00019,0.05934,0.003201887428378833838894506235,touched_quote_without_depletion,,4e-05,False,missing_same_side_strict_through_support,110,59442,474,55,same_touch_stable_enough,real_bbo_history_touch_stability,29792,1784017291065,1.00275,0.05434,-0.94841,2,1,-1,reset_supported,same_touch_top_qty_or_order_count_reduced,pass,,,,latest_l2_received_before_or_at_candidate,latest_l2_exchange_time_before_candidate,event_driven_current_l2_plus_rolling_public_trades_proxy_not_exact_queue_or_fill_probability
340,l2Book,1784017320930,1784017321150270293,0.220785,buy,62560,62560,62561,1,0.005,0.05415,1,10.83,2,0.00019,0,0.00019,0.05915,0.003212172442941673710904480135,touched_quote_without_depletion,,4e-05,False,missing_same_side_strict_through_support,111,59989,0,56,same_touch_stable_enough,real_bbo_history_touch_stability,29865,1784017291065,1.00275,0.05415,-0.9486,2,1,-1,reset_supported,same_touch_top_qty_or_order_count_reduced,pass,,,,latest_l2_received_before_or_at_candidate,latest_l2_exchange_time_equal_candidate,event_driven_current_l2_plus_rolling_public_trades_proxy_not_exact_queue_or_fill_probability
341,l2Book,1784017321464,1784017321678878833,0.215462,buy,62560,62560,62561,1,0.005,0.05415,1,10.83,2,0.00019,0,0.00019,0.05915,0.003212172442941673710904480135,touched_quote_without_depletion,,4e-05,False,missing_same_side_strict_through_support,111,59979,0,57,same_touch_stable_enough,real_bbo_history_touch_stability,30399,1784017291065,1.00275,0.05415,-0.9486,2,1,-1,reset_supported,same_touch_top_qty_or_order_count_reduced,pass,,,,latest_l2_received_before_or_at_candidate,latest_l2_exchange_time_equal_candidate,event_driven_current_l2_plus_rolling_public_trades_proxy_not_exact_queue_or_fill_probability
342,l2Book,1784017321995,1784017322217358309,0.222829,buy,62560,62560,62561,1,0.005,0.05415,1,10.83,2,0.00019,0,0.00019,0.05915,0.003212172442941673710904480135,touched_quote_without_depletion,,4e-05,False,missing_same_side_strict_through_support,111,59996,0,58,same_touch_stable_enough,real_bbo_history_touch_stability,30930,1784017291065,1.00275,0.05415,-0.9486,2,1,-1,reset_supported,same_touch_top_qty_or_order_count_reduced,pass,,,,latest_l2_received_before_or_at_candidate,latest_l2_exchange_time_equal_candidate,event_driven_current_l2_plus_rolling_public_trades_proxy_not_exact_queue_or_fill_probability
343,trades,1784017322071,1784017322291368730,0.220858,buy,62560,62560,62561,1,0.005,0.05415,1,10.83,4,0.00164,0,0.00164,0.05915,0.02772612003381234150464919696,touched_quote_without_depletion,,0.00041,False,missing_same_side_strict_through_support,110,59494,76,58,same_touch_stable_enough,real_bbo_history_touch_stability,31006,1784017291065,1.00275,0.05415,-0.9486,2,1,-1,reset_supported,same_touch_top_qty_or_order_count_reduced,pass,,,,latest_l2_received_before_or_at_candidate,latest_l2_exchange_time_before_candidate,event_driven_current_l2_plus_rolling_public_trades_proxy_not_exact_queue_or_fill_probability
344,l2Book,1784017322538,1784017322760519909,0.223011,buy,62560,62560,62561,1,0.005,0.0527,1,10.54,4,0.00164,0,0.00164,0.0577,0.02842287694974003466204506066,touched_quote_without_depletion,,0.00041,False,missing_same_side_strict_through_support,110,59436,0,59,same_touch_stable_enough,real_bbo_history_touch_stability,31473,1784017291065,1.00275,0.0527,-0.95005,2,1,-1,reset_supported,same_touch_top_qty_or_order_count_reduced,pass,,,,latest_l2_received_before_or_at_candidate,latest_l2_exchange_time_equal_candidate,event_driven_current_l2_plus_rolling_public_trades_proxy_not_exact_queue_or_fill_probability
345,l2Book,1784017323053,1784017323345102974,0.292588,buy,62560,62560,62561,1,0.005,0.0527,1,10.54,4,0.00164,0,0.00164,0.0577,0.02842287694974003466204506066,touched_quote_without_depletion,,0.00041,False,missing_same_side_strict_through_support,111,59951,0,60,same_touch_stable_enough,real_bbo_history_touch_stability,31988,1784017291065,1.00275,0.0527,-0.95005,2,1,-1,reset_supported,same_touch_top_qty_or_order_count_reduced,pass,,,,latest_l2_received_before_or_at_candidate,latest_l2_exchange_time_equal_candidate,event_driven_current_l2_plus_rolling_public_trades_proxy_not_exact_queue_or_fill_probability
346,trades,1784017323476,1784017323655036313,0.179562,buy,62560,62560,62561,1,0.005,0.0527,1,10.54,4,0.00164,0,0.00164,0.0577,0.02842287694974003466204506066,touched_quote_without_depletion,,0.00041,False,missing_same_side_strict_through_support,110,59476,423,60,same_touch_stable_enough,real_bbo_history_touch_stability,32411,1784017291065,1.00275,0.0527,-0.95005,2,1,-1,reset_supported,same_touch_top_qty_or_order_count_reduced,pass,,,,latest_l2_received_before_or_at_candidate,latest_l2_exchange_time_before_candidate,event_driven_current_l2_plus_rolling_public_trades_proxy_not_exact_queue_or_fill_probability
347,l2Book,1784017323657,1784017323876773464,0.220272,buy,62560,62560,62561,1,0.005,0.0527,1,10.54,4,0.00164,0,0.00164,0.0577,0.02842287694974003466204506066,touched_quote_without_depletion,,0.00041,False,missing_same_side_strict_through_support,110,59531,0,61,same_touch_stable_enough,real_bbo_history_touch_stability,32592,1784017291065,1.00275,0.0527,-0.95005,2,1,-1,reset_supported,same_touch_top_qty_or_order_count_reduced,pass,,,,latest_l2_received_before_or_at_candidate,latest_l2_exchange_time_equal_candidate,event_driven_current_l2_plus_rolling_public_trades_proxy_not_exact_queue_or_fill_probability
348,l2Book,1784017324283,1784017324498734432,0.216241,buy,62560,62560,62561,1,0.005,0.0527,1,10.54,3,0.00145,0,0.00145,0.0577,0.02512998266897746967071057192,touched_quote_without_depletion,,0.00036,False,missing_same_side_strict_through_support,110,59617,0,62,same_touch_stable_enough,real_bbo_history_touch_stability,33218,1784017291065,1.00275,0.0527,-0.95005,2,1,-1,reset_supported,same_touch_top_qty_or_order_count_reduced,pass,,,,latest_l2_received_before_or_at_candidate,latest_l2_exchange_time_equal_candidate,event_driven_current_l2_plus_rolling_public_trades_proxy_not_exact_queue_or_fill_probability
349,trades,1784017324462,1784017324644945746,0.183445,buy,62560,62560,62561,1,0.005,0.0527,1,10.54,4,0.00145,0,0.00145,0.0577,0.02512998266897746967071057192,touched_quote_without_depletion,,0.00036,False,missing_same_side_strict_through_support,110,59617,179,62,same_touch_stable_enough,real_bbo_history_touch_stability,33397,1784017291065,1.00275,0.0527,-0.95005,2,1,-1,reset_supported,same_touch_top_qty_or_order_count_reduced,pass,,,,latest_l2_received_before_or_at_candidate,latest_l2_exchange_time_before_candidate,event_driven_current_l2_plus_rolling_public_trades_proxy_not_exact_queue_or_fill_probability
350,l2Book,1784017324833,1784017325048698183,0.216174,buy,62560,62560,62561,1,0.005,0.0527,1,10.54,4,0.00145,0,0.00145,0.0577,0.02512998266897746967071057192,touched_quote_without_depletion,,0.00036,False,missing_same_side_strict_through_support,110,59563,0,63,same_touch_stable_enough,real_bbo_history_touch_stability,33768,1784017291065,1.00275,0.0527,-0.95005,2,1,-1,reset_supported,same_touch_top_qty_or_order_count_reduced,pass,,,,latest_l2_received_before_or_at_candidate,latest_l2_exchange_time_equal_candidate,event_driven_current_l2_plus_rolling_public_trades_proxy_not_exact_queue_or_fill_probability
351,trades,1784017325169,1784017325358937155,0.190423,buy,62560,62560,62561,1,0.005,0.0527,1,10.54,3,0,0,0,0.0577,0,not_depleted,,0.0,False,missing_same_side_strict_through_support;missing_recent_same_side_at_or_through_throughput,110,59563,336,63,same_touch_stable_enough,real_bbo_history_touch_stability,34104,1784017291065,1.00275,0.0527,-0.95005,2,1,-1,reset_supported,same_touch_top_qty_or_order_count_reduced,pass,,,,latest_l2_received_before_or_at_candidate,latest_l2_exchange_time_before_candidate,event_driven_current_l2_plus_rolling_public_trades_proxy_not_exact_queue_or_fill_probability
352,l2Book,1784017325370,1784017325726178038,0.356643,buy,62560,62560,62561,1,0.005,0.0527,1,10.54,3,0,0,0,0.0577,0,not_depleted,,0.0,False,missing_same_side_strict_through_support;missing_recent_same_side_at_or_through_throughput,110,59497,0,64,same_touch_stable_enough,real_bbo_history_touch_stability,34305,1784017291065,1.00275,0.0527,-0.95005,2,1,-1,reset_supported,same_touch_top_qty_or_order_count_reduced,pass,,,,latest_l2_received_before_or_at_candidate,latest_l2_exchange_time_equal_candidate,event_driven_current_l2_plus_rolling_public_trades_proxy_not_exact_queue_or_fill_probability
353,l2Book,1784017325910,1784017326133933791,0.22445,buy,62560,62560,62561,1,0.005,0.0527,1,10.54,3,0,0,0,0.0577,0,not_depleted,,0.0,False,missing_same_side_strict_through_support;missing_recent_same_side_at_or_through_throughput,110,59503,0,65,same_touch_stable_enough,real_bbo_history_touch_stability,34845,1784017291065,1.00275,0.0527,-0.95005,2,1,-1,reset_supported,same_touch_top_qty_or_order_count_reduced,pass,,,,latest_l2_received_before_or_at_candidate,latest_l2_exchange_time_equal_candidate,event_driven_current_l2_plus_rolling_public_trades_proxy_not_exact_queue_or_fill_probability
354,l2Book,1784017326446,1784017326662483629,0.216966,buy,62560,62560,62561,1,0.005,0.0527,1,10.54,3,0,0,0,0.0577,0,not_depleted,,0.0,False,missing_same_side_strict_through_support;missing_recent_same_side_at_or_through_throughput,110,59492,0,66,same_touch_stable_enough,real_bbo_history_touch_stability,35381,1784017291065,1.00275,0.0527,-0.95005,2,1,-1,reset_supported,same_touch_top_qty_or_order_count_reduced,pass,,,,latest_l2_received_before_or_at_candidate,latest_l2_exchange_time_equal_candidate,event_driven_current_l2_plus_rolling_public_trades_proxy_not_exact_queue_or_fill_probability
355,l2Book,1784017326981,1784017327204066668,0.223547,buy,62560,62560,62561,1,0.005,0.0527,1,10.54,2,0,0,0,0.0577,0,not_depleted,,0.0,False,missing_same_side_strict_through_support;missing_recent_same_side_at_or_through_throughput,110,59496,0,67,same_touch_stable_enough,real_bbo_history_touch_stability,35916,1784017291065,1.00275,0.0527,-0.95005,2,1,-1,reset_supported,same_touch_top_qty_or_order_count_reduced,pass,,,,latest_l2_received_before_or_at_candidate,latest_l2_exchange_time_equal_candidate,event_driven_current_l2_plus_rolling_public_trades_proxy_not_exact_queue_or_fill_probability
356,l2Book,1784017327496,1784017327710948452,0.215488,buy,62560,62560,62561,1,0.005,0.0527,1,10.54,1,0,0,0,0.0577,0,not_depleted,,0.0,False,missing_same_side_strict_through_support;missing_recent_same_side_at_or_through_throughput,110,59407,0,68,same_touch_stable_enough,real_bbo_history_touch_stability,36431,1784017291065,1.00275,0.0527,-0.95005,2,1,-1,reset_supported,same_touch_top_qty_or_order_count_reduced,pass,,,,latest_l2_received_before_or_at_candidate,latest_l2_exchange_time_equal_candidate,event_driven_current_l2_plus_rolling_public_trades_proxy_not_exact_queue_or_fill_probability
357,l2Book,1784017328046,1784017328301409690,0.255933,buy,62560,62560,62561,1,0.005,0.05142,1,10.284,1,0,0,0,0.05642,0,not_depleted,,0.0,False,missing_same_side_strict_through_support;missing_recent_same_side_at_or_through_throughput,111,59957,0,69,same_touch_stable_enough,real_bbo_history_touch_stability,36981,1784017291065,1.00275,0.05142,-0.95133,2,1,-1,reset_supported,same_touch_top_qty_or_order_count_reduced,pass,,,,latest_l2_received_before_or_at_candidate,latest_l2_exchange_time_equal_candidate,event_driven_current_l2_plus_rolling_public_trades_proxy_not_exact_queue_or_fill_probability
358,trades,1784017328046,1784017328302176064,0.256488,buy,62560,62560,62561,1,0.005,0.05142,1,10.284,3,0.00128,0,0.00128,0.05642,0.02268699042892591279688053882,touched_quote_without_depletion,,0.00032,False,missing_same_side_strict_through_support,111,59957,0,69,same_touch_stable_enough,real_bbo_history_touch_stability,36981,1784017291065,1.00275,0.05142,-0.95133,2,1,-1,reset_supported,same_touch_top_qty_or_order_count_reduced,pass,,,,latest_l2_received_before_or_at_candidate,latest_l2_exchange_time_equal_candidate,event_driven_current_l2_plus_rolling_public_trades_proxy_not_exact_queue_or_fill_probability
359,trades,1784017328392,1784017328573772638,0.182282,buy,62560,62560,62561,1,0.005,0.05142,1,10.284,3,0.00128,0,0.00128,0.05642,0.02268699042892591279688053882,touched_quote_without_depletion,,0.00032,False,missing_same_side_strict_through_support,110,59354,346,69,same_touch_stable_enough,real_bbo_history_touch_stability,37327,1784017291065,1.00275,0.05142,-0.95133,2,1,-1,reset_supported,same_touch_top_qty_or_order_count_reduced,pass,,,,latest_l2_received_before_or_at_candidate,latest_l2_exchange_time_before_candidate,event_driven_current_l2_plus_rolling_public_trades_proxy_not_exact_queue_or_fill_probability
360,l2Book,1784017328588,1784017328818574350,0.231071,buy,62560,62560,62561,1,0.005,0.05142,1,10.284,3,0.00128,0,0.00128,0.05642,0.02268699042892591279688053882,touched_quote_without_depletion,,0.00032,False,missing_same_side_strict_through_support,111,59896,0,70,same_touch_stable_enough,real_bbo_history_touch_stability,37523,1784017291065,1.00275,0.05142,-0.95133,2,1,-1,reset_supported,same_touch_top_qty_or_order_count_reduced,pass,,,,latest_l2_received_before_or_at_candidate,latest_l2_exchange_time_equal_candidate,event_driven_current_l2_plus_rolling_public_trades_proxy_not_exact_queue_or_fill_probability
361,l2Book,1784017329123,1784017329338011256,0.215542,buy,62560,62560,62561,1,0.005,0.05142,1,10.284,3,0.00128,0,0.00128,0.05642,0.02268699042892591279688053882,touched_quote_without_depletion,,0.00032,False,missing_same_side_strict_through_support,111,59828,0,71,same_touch_stable_enough,real_bbo_history_touch_stability,38058,1784017291065,1.00275,0.05142,-0.95133,2,1,-1,reset_supported,same_touch_top_qty_or_order_count_reduced,pass,,,,latest_l2_received_before_or_at_candidate,latest_l2_exchange_time_equal_candidate,event_driven_current_l2_plus_rolling_public_trades_proxy_not_exact_queue_or_fill_probability
362,l2Book,1784017329652,1784017329873133250,0.221618,buy,62560,62560,62561,1,0.005,4.57859,25,915.718,3,0.00128,0,0.00128,4.58359,0.0002792570888757502307143527235,touched_quote_without_depletion,,0.00032,False,missing_same_side_strict_through_support,111,59807,0,72,same_touch_stable_enough,real_bbo_history_touch_stability,38587,1784017291065,1.00275,4.57859,3.57584,2,25,23,not_reset,history_present_no_reset,pass,,,history_present_no_reset,latest_l2_received_before_or_at_candidate,latest_l2_exchange_time_equal_candidate,event_driven_current_l2_plus_rolling_public_trades_proxy_not_exact_queue_or_fill_probability
363,l2Book,1784017330201,1784017330429482854,0.22903,buy,62560,62560,62561,1,0.005,5.09788,28,1019.576,3,0.00128,0,0.00128,5.10288,0.0002508387420437086508011162324,touched_quote_without_depletion,,0.00032,False,missing_same_side_strict_through_support,111,59849,0,73,same_touch_stable_enough,real_bbo_history_touch_stability,39136,1784017291065,4.57859,5.09788,0.51929,25,28,3,not_reset,history_present_no_reset,pass,,,history_present_no_reset,latest_l2_received_before_or_at_candidate,latest_l2_exchange_time_equal_candidate,event_driven_current_l2_plus_rolling_public_trades_proxy_not_exact_queue_or_fill_probability
364,l2Book,1784017330752,1784017330966869705,0.215381,buy,62560,62560,62561,1,0.005,4.89818,27,979.636,3,0.00128,0,0.00128,4.90318,0.0002610550703828943665131608466,touched_quote_without_depletion,,0.00032,False,missing_same_side_strict_through_support,111,59897,0,74,same_touch_stable_enough,real_bbo_history_touch_stability,39687,1784017291065,5.09788,4.89818,-0.1997,28,27,-1,reset_supported,same_touch_top_qty_or_order_count_reduced,pass,,,,latest_l2_received_before_or_at_candidate,latest_l2_exchange_time_equal_candidate,event_driven_current_l2_plus_rolling_public_trades_proxy_not_exact_queue_or_fill_probability
365,l2Book,1784017331281,1784017331494783318,0.214291,buy,62560,62560,62561,1,0.005,5.09788,28,1019.576,1,0,0,0,5.10288,0,not_depleted,,0.0,False,missing_same_side_strict_through_support;missing_recent_same_side_at_or_through_throughput,111,59914,0,75,same_touch_stable_enough,real_bbo_history_touch_stability,40216,1784017291065,5.09788,5.09788,0,28,28,0,not_reset,history_present_no_reset,pass,,,history_present_no_reset,latest_l2_received_before_or_at_candidate,latest_l2_exchange_time_equal_candidate,event_driven_current_l2_plus_rolling_public_trades_proxy_not_exact_queue_or_fill_probability
366,trades,1784017331624,1784017331809091086,0.18562,buy,62560,62560,62561,1,0.005,5.09788,28,1019.576,1,0,0,0,5.10288,0,not_depleted,,0.0,False,missing_same_side_strict_through_support;missing_recent_same_side_at_or_through_throughput,110,59371,343,75,same_touch_stable_enough,real_bbo_history_touch_stability,40559,1784017291065,5.09788,5.09788,0,28,28,0,not_reset,history_present_no_reset,pass,,,history_present_no_reset,latest_l2_received_before_or_at_candidate,latest_l2_exchange_time_before_candidate,event_driven_current_l2_plus_rolling_public_trades_proxy_not_exact_queue_or_fill_probability
367,l2Book,1784017331826,1784017332044015738,0.218517,buy,62560,62560,62561,1,0.005,4.89818,27,979.636,1,0,0,0,4.90318,0,not_depleted,,0.0,False,missing_same_side_strict_through_support;missing_recent_same_side_at_or_through_throughput,111,59916,0,76,same_touch_stable_enough,real_bbo_history_touch_stability,40761,1784017291065,5.09788,4.89818,-0.1997,28,27,-1,reset_supported,same_touch_top_qty_or_order_count_reduced,pass,,,,latest_l2_received_before_or_at_candidate,latest_l2_exchange_time_equal_candidate,event_driven_current_l2_plus_rolling_public_trades_proxy_not_exact_queue_or_fill_probability
368,l2Book,1784017332356,1784017332572319081,0.216797,buy,62560,62560,62561,1,0.005,6.02346,28,1204.692,1,0,0,0,6.02846,0,not_depleted,,0.0,False,missing_same_side_strict_through_support;missing_recent_same_side_at_or_through_throughput,111,59895,0,77,same_touch_stable_enough,real_bbo_history_touch_stability,41291,1784017291065,5.09788,6.02346,0.92558,28,28,0,not_reset,history_present_no_reset,pass,,,history_present_no_reset,latest_l2_received_before_or_at_candidate,latest_l2_exchange_time_equal_candidate,event_driven_current_l2_plus_rolling_public_trades_proxy_not_exact_queue_or_fill_probability
369,trades,1784017332563,1784017332746142942,0.183634,buy,62560,62560,62561,1,0.005,6.02346,28,1204.692,2,0.0006,0,0.0006,6.02846,0.00009952790596603444329065797899,touched_quote_without_depletion,,0.00015,False,missing_same_side_strict_through_support,110,59369,207,77,same_touch_stable_enough,real_bbo_history_touch_stability,41498,1784017291065,5.09788,6.02346,0.92558,28,28,0,not_reset,history_present_no_reset,pass,,,history_present_no_reset,latest_l2_received_before_or_at_candidate,latest_l2_exchange_time_before_candidate,event_driven_current_l2_plus_rolling_public_trades_proxy_not_exact_queue_or_fill_probability
370,l2Book,1784017332890,1784017333111786062,0.222299,buy,62560,62560,62561,1,0.005,6.35206,32,1270.412,2,0.0006,0,0.0006,6.35706,0.00009438325263565232985059131108,touched_quote_without_depletion,,0.00015,False,missing_same_side_strict_through_support,111,59903,0,78,same_touch_stable_enough,real_bbo_history_touch_stability,41825,1784017291065,6.02346,6.35206,0.3286,28,32,4,not_reset,history_present_no_reset,pass,,,history_present_no_reset,latest_l2_received_before_or_at_candidate,latest_l2_exchange_time_equal_candidate,event_driven_current_l2_plus_rolling_public_trades_proxy_not_exact_queue_or_fill_probability
371,l2Book,1784017333438,1784017333663226960,0.225712,buy,62560,62560,62561,1,0.005,6.55376,34,1310.752,2,0.0006,0,0.0006,6.55876,0.00009148070671895297281803267691,touched_quote_without_depletion,,0.00015,False,missing_same_side_strict_through_support,111,59918,0,79,same_touch_stable_enough,real_bbo_history_touch_stability,42373,1784017291065,6.35206,6.55376,0.2017,32,34,2,not_reset,history_present_no_reset,pass,,,history_present_no_reset,latest_l2_received_before_or_at_candidate,latest_l2_exchange_time_equal_candidate,event_driven_current_l2_plus_rolling_public_trades_proxy_not_exact_queue_or_fill_probability
372,l2Book,1784017333973,1784017334219400354,0.246896,buy,62560,62560,62561,1,0.005,5.82667,30,1165.334,2,0.0006,0,0.0006,5.83167,0.0001028864802020690471168636085,touched_quote_without_depletion,,0.00015,False,missing_same_side_strict_through_support,111,59904,0,80,same_touch_stable_enough,real_bbo_history_touch_stability,42908,1784017291065,6.55376,5.82667,-0.72709,34,30,-4,reset_supported,same_touch_top_qty_or_order_count_reduced,pass,,,,latest_l2_received_before_or_at_candidate,latest_l2_exchange_time_equal_candidate,event_driven_current_l2_plus_rolling_public_trades_proxy_not_exact_queue_or_fill_probability
373,trades,1784017333973,1784017334220108009,0.247427,buy,62560,62560,62561,1,0.005,5.82667,30,1165.334,3,0.0087,0,0.0087,5.83167,0.001491853962930001183194522324,touched_quote_without_depletion,,0.00217,False,missing_same_side_strict_through_support,111,59904,0,80,same_touch_stable_enough,real_bbo_history_touch_stability,42908,1784017291065,6.55376,5.82667,-0.72709,34,30,-4,reset_supported,same_touch_top_qty_or_order_count_reduced,pass,,,,latest_l2_received_before_or_at_candidate,latest_l2_exchange_time_equal_candidate,event_driven_current_l2_plus_rolling_public_trades_proxy_not_exact_queue_or_fill_probability
374,l2Book,1784017334506,1784017334716551416,0.211037,buy,62560,62560,62561,1,0.005,5.81167,29,1162.334,3,0.0087,0,0.0087,5.81667,0.001495701148595330317862282027,touched_quote_without_depletion,,0.00217,False,missing_same_side_strict_through_support,111,59900,0,81,same_touch_stable_enough,real_bbo_history_touch_stability,43441,1784017291065,6.55376,5.81167,-0.74209,34,29,-5,reset_supported,same_touch_top_qty_or_order_count_reduced,pass,,,,latest_l2_received_before_or_at_candidate,latest_l2_exchange_time_equal_candidate,event_driven_current_l2_plus_rolling_public_trades_proxy_not_exact_queue_or_fill_probability
375,l2Book,1784017335046,1784017335319359097,0.273863,buy,62560,62560,62561,1,0.005,6.53666,34,1307.332,2,0.0087,0,0.0087,6.54166,0.001329937661082966708755881535,touched_quote_without_depletion,,0.00217,False,missing_same_side_strict_through_support,111,59917,0,82,same_touch_stable_enough,real_bbo_history_touch_stability,43981,1784017291065,6.55376,6.53666,-0.0171,34,34,0,not_reset,history_present_no_reset,pass,,,history_present_no_reset,latest_l2_received_before_or_at_candidate,latest_l2_exchange_time_equal_candidate,event_driven_current_l2_plus_rolling_public_trades_proxy_not_exact_queue_or_fill_probability
376,trades,1784017335046,1784017335320076390,0.274385,buy,62560,62560,62561,1,0.005,6.53666,34,1307.332,3,0.0087,0,0.0087,6.54166,0.001329937661082966708755881535,touched_quote_without_depletion,,0.00217,False,missing_same_side_strict_through_support,111,59917,0,82,same_touch_stable_enough,real_bbo_history_touch_stability,43981,1784017291065,6.55376,6.53666,-0.0171,34,34,0,not_reset,history_present_no_reset,pass,,,history_present_no_reset,latest_l2_received_before_or_at_candidate,latest_l2_exchange_time_equal_candidate,event_driven_current_l2_plus_rolling_public_trades_proxy_not_exact_queue_or_fill_probability
377,l2Book,1784017335592,1784017335907391580,0.315919,buy,62560,62560,62561,1,0.005,6.53666,34,1307.332,2,0.0081,0,0.0081,6.54166,0.001238217822387589694358924187,touched_quote_without_depletion,,0.00202,False,missing_same_side_strict_through_support,111,59900,0,83,same_touch_stable_enough,real_bbo_history_touch_stability,44527,1784017291065,6.55376,6.53666,-0.0171,34,34,0,not_reset,history_present_no_reset,pass,,,history_present_no_reset,latest_l2_received_before_or_at_candidate,latest_l2_exchange_time_equal_candidate,event_driven_current_l2_plus_rolling_public_trades_proxy_not_exact_queue_or_fill_probability
378,trades,1784017335857,1784017336045077726,0.188598,buy,62560,62560,62561,1,0.005,6.53666,34,1307.332,3,0.00829,0,0.00829,6.54166,0.001267262437974459082251294014,touched_quote_without_depletion,,0.00207,False,missing_same_side_strict_through_support,110,59290,265,83,same_touch_stable_enough,real_bbo_history_touch_stability,44792,1784017291065,6.55376,6.53666,-0.0171,34,34,0,not_reset,history_present_no_reset,pass,,,history_present_no_reset,latest_l2_received_before_or_at_candidate,latest_l2_exchange_time_before_candidate,event_driven_current_l2_plus_rolling_public_trades_proxy_not_exact_queue_or_fill_probability
379,l2Book,1784017336124,1784017336330306608,0.206793,buy,62560,62560,62561,1,0.005,6.53647,34,1307.294,3,0.00829,0,0.00829,6.54147,0.001267299246193898313376045445,touched_quote_without_depletion,,0.00207,False,missing_same_side_strict_through_support,111,59822,0,84,same_touch_stable_enough,real_bbo_history_touch_stability,45059,1784017291065,6.55376,6.53647,-0.01729,34,34,0,not_reset,history_present_no_reset,pass,,,history_present_no_reset,latest_l2_received_before_or_at_candidate,latest_l2_exchange_time_equal_candidate,event_driven_current_l2_plus_rolling_public_trades_proxy_not_exact_queue_or_fill_probability
380,l2Book,1784017336660,1784017336882867260,0.223391,buy,62560,62560,62561,1,0.005,6.53647,34,1307.294,3,0.00829,0,0.00829,6.54147,0.001267299246193898313376045445,touched_quote_without_depletion,,0.00207,False,missing_same_side_strict_through_support,111,59758,0,85,same_touch_stable_enough,real_bbo_history_touch_stability,45595,1784017291065,6.55376,6.53647,-0.01729,34,34,0,not_reset,history_present_no_reset,pass,,,history_present_no_reset,latest_l2_received_before_or_at_candidate,latest_l2_exchange_time_equal_candidate,event_driven_current_l2_plus_rolling_public_trades_proxy_not_exact_queue_or_fill_probability
381,l2Book,1784017337200,1784017337422730453,0.223261,buy,62560,62560,62561,1,0.005,7.016,35,1403.2,2,0.00019,0,0.00019,7.021,0.0000270616721264777097279589802,touched_quote_without_depletion,,4e-05,False,missing_same_side_strict_through_support,111,59692,0,86,same_touch_stable_enough,real_bbo_history_touch_stability,46135,1784017291065,6.55376,7.016,0.46224,34,35,1,not_reset,history_present_no_reset,pass,,,history_present_no_reset,latest_l2_received_before_or_at_candidate,latest_l2_exchange_time_equal_candidate,event_driven_current_l2_plus_rolling_public_trades_proxy_not_exact_queue_or_fill_probability
382,l2Book,1784017337735,1784017337951442652,0.216953,buy,62560,62560,62561,1,0.005,7.80207,52,1560.414,2,0.00019,0,0.00019,7.80707,0.00002433691512949160184294492044,touched_quote_without_depletion,,4e-05,False,missing_same_side_strict_through_support,111,59693,0,87,same_touch_stable_enough,real_bbo_history_touch_stability,46670,1784017291065,7.016,7.80207,0.78607,35,52,17,not_reset,history_present_no_reset,pass,,,history_present_no_reset,latest_l2_received_before_or_at_candidate,latest_l2_exchange_time_equal_candidate,event_driven_current_l2_plus_rolling_public_trades_proxy_not_exact_queue_or_fill_probability
383,l2Book,1784017338341,1784017338565425093,0.224986,buy,62560,62560,62561,1,0.005,7.67383,51,1534.766,1,0.00019,0,0.00019,7.67883,0.00002474335282849079872845212096,touched_quote_without_depletion,,4e-05,False,missing_same_side_strict_through_support,111,59755,0,88,same_touch_stable_enough,real_bbo_history_touch_stability,47276,1784017291065,7.80207,7.67383,-0.12824,52,51,-1,reset_supported,same_touch_top_qty_or_order_count_reduced,pass,,,,latest_l2_received_before_or_at_candidate,latest_l2_exchange_time_equal_candidate,event_driven_current_l2_plus_rolling_public_trades_proxy_not_exact_queue_or_fill_probability
384,trades,1784017338341,1784017338566190148,0.225495,buy,62560,62560,62561,1,0.005,7.67383,51,1534.766,2,0.00059,0,0.00059,7.67883,0.0000768346219411030065778250072,touched_quote_without_depletion,,0.00014,False,missing_same_side_strict_through_support,111,59755,0,88,same_touch_stable_enough,real_bbo_history_touch_stability,47276,1784017291065,7.80207,7.67383,-0.12824,52,51,-1,reset_supported,same_touch_top_qty_or_order_count_reduced,pass,,,,latest_l2_received_before_or_at_candidate,latest_l2_exchange_time_equal_candidate,event_driven_current_l2_plus_rolling_public_trades_proxy_not_exact_queue_or_fill_probability
385,l2Book,1784017338871,1784017339078893573,0.208389,buy,62560,62560,62561,1,0.005,10.39491,53,2078.982,1,0.0004,0,0.0004,10.39991,0.00003846187130465552105739376591,touched_quote_without_depletion,,0.0001,False,missing_same_side_strict_through_support,111,59745,0,89,same_touch_stable_enough,real_bbo_history_touch_stability,47806,1784017291065,7.80207,10.39491,2.59284,52,53,1,not_reset,history_present_no_reset,pass,,,history_present_no_reset,latest_l2_received_before_or_at_candidate,latest_l2_exchange_time_equal_candidate,event_driven_current_l2_plus_rolling_public_trades_proxy_not_exact_queue_or_fill_probability
386,l2Book,1784017339413,1784017339673435975,0.260968,buy,62560,62560,62561,1,0.005,11.59541,54,2319.082,1,0.0004,0,0.0004,11.60041,0.00003448153987660780955155895352,touched_quote_without_depletion,,0.0001,False,missing_same_side_strict_through_support,111,59752,0,90,same_touch_stable_enough,real_bbo_history_touch_stability,48348,1784017291065,10.39491,11.59541,1.2005,53,54,1,not_reset,history_present_no_reset,pass,,,history_present_no_reset,latest_l2_received_before_or_at_candidate,latest_l2_exchange_time_equal_candidate,event_driven_current_l2_plus_rolling_public_trades_proxy_not_exact_queue_or_fill_probability
387,l2Book,1784017339958,1784017340200027486,0.242522,buy,62560,62560,62561,1,0.005,11.59541,54,2319.082,1,0.0004,0,0.0004,11.60041,0.00003448153987660780955155895352,touched_quote_without_depletion,,0.0001,False,missing_same_side_strict_through_support,111,59758,0,91,same_touch_stable_enough,real_bbo_history_touch_stability,48893,1784017291065,11.59541,11.59541,0,54,54,0,not_reset,history_present_no_reset,pass,,,history_present_no_reset,latest_l2_received_before_or_at_candidate,latest_l2_exchange_time_equal_candidate,event_driven_current_l2_plus_rolling_public_trades_proxy_not_exact_queue_or_fill_probability
388,trades,1784017340216,1784017340400834327,0.185334,buy,62560,62560,62561,1,0.005,11.59541,54,2319.082,2,0.0004,0,0.0004,11.60041,0.00003448153987660780955155895352,touched_quote_without_depletion,,0.0001,False,missing_same_side_strict_through_support,110,59204,258,91,same_touch_stable_enough,real_bbo_history_touch_stability,49151,1784017291065,11.59541,11.59541,0,54,54,0,not_reset,history_present_no_reset,pass,,,history_present_no_reset,latest_l2_received_before_or_at_candidate,latest_l2_exchange_time_before_candidate,event_driven_current_l2_plus_rolling_public_trades_proxy_not_exact_queue_or_fill_probability
389,l2Book,1784017340472,1784017340834349198,0.362862,buy,62560,62560,62561,1,0.005,11.59542,54,2319.084,2,0.0004,0,0.0004,11.60042,0.00003448151015221862656696912698,touched_quote_without_depletion,,0.0001,False,missing_same_side_strict_through_support,111,59718,0,92,same_touch_stable_enough,real_bbo_history_touch_stability,49407,1784017291065,11.59541,11.59542,0.00001,54,54,0,not_reset,history_present_no_reset,pass,,,history_present_no_reset,latest_l2_received_before_or_at_candidate,latest_l2_exchange_time_equal_candidate,event_driven_current_l2_plus_rolling_public_trades_proxy_not_exact_queue_or_fill_probability
390,l2Book,1784017341017,1784017341286461127,0.26993,buy,62560,62560,62561,1,0.005,8.47413,52,1694.826,2,0.0004,0,0.0004,8.47913,0.00004717465117293873310115542514,touched_quote_without_depletion,,0.0001,False,missing_same_side_strict_through_support,111,59731,0,93,same_touch_stable_enough,real_bbo_history_touch_stability,49952,1784017291065,11.59542,8.47413,-3.12129,54,52,-2,reset_supported,same_touch_top_qty_or_order_count_reduced,pass,,,,latest_l2_received_before_or_at_candidate,latest_l2_exchange_time_equal_candidate,event_driven_current_l2_plus_rolling_public_trades_proxy_not_exact_queue_or_fill_probability
391,l2Book,1784017341566,1784017341815457471,0.249954,buy,62560,62560,62561,1,0.005,19.34245,61,3868.49,1,0,0,0,19.34745,0,not_depleted,,0.0,False,missing_same_side_strict_through_support;missing_recent_same_side_at_or_through_throughput,111,59752,0,94,same_touch_stable_enough,real_bbo_history_touch_stability,50501,1784017291065,11.59542,19.34245,7.74703,54,61,7,not_reset,history_present_no_reset,pass,,,history_present_no_reset,latest_l2_received_before_or_at_candidate,latest_l2_exchange_time_equal_candidate,event_driven_current_l2_plus_rolling_public_trades_proxy_not_exact_queue_or_fill_probability
392,trades,1784017341566,1784017341816138461,0.250447,buy,62560,62560,62561,1,0.005,19.34245,61,3868.49,2,0,0,0,19.34745,0,not_depleted,,0.0,False,missing_same_side_strict_through_support;missing_recent_same_side_at_or_through_throughput,111,59752,0,94,same_touch_stable_enough,real_bbo_history_touch_stability,50501,1784017291065,11.59542,19.34245,7.74703,54,61,7,not_reset,history_present_no_reset,pass,,,history_present_no_reset,latest_l2_received_before_or_at_candidate,latest_l2_exchange_time_equal_candidate,event_driven_current_l2_plus_rolling_public_trades_proxy_not_exact_queue_or_fill_probability
393,trades,1784017341633,1784017341869055402,0.236571,buy,62560,62560,62561,1,0.005,19.34245,61,3868.49,3,0,0,0,19.34745,0,not_depleted,,0.0,False,missing_same_side_strict_through_support;missing_recent_same_side_at_or_through_throughput,111,59752,67,94,same_touch_stable_enough,real_bbo_history_touch_stability,50568,1784017291065,11.59542,19.34245,7.74703,54,61,7,not_reset,history_present_no_reset,pass,,,history_present_no_reset,latest_l2_received_before_or_at_candidate,latest_l2_exchange_time_before_candidate,event_driven_current_l2_plus_rolling_public_trades_proxy_not_exact_queue_or_fill_probability
394,trades,1784017341973,1784017342198932900,0.226424,buy,62560,62560,62561,1,0.005,19.34245,61,3868.49,6,0,0,0,19.34745,0,not_depleted,,0.0,False,missing_same_side_strict_through_support;missing_recent_same_side_at_or_through_throughput,110,59200,407,94,same_touch_stable_enough,real_bbo_history_touch_stability,50908,1784017291065,11.59542,19.34245,7.74703,54,61,7,not_reset,history_present_no_reset,pass,,,history_present_no_reset,latest_l2_received_before_or_at_candidate,latest_l2_exchange_time_before_candidate,event_driven_current_l2_plus_rolling_public_trades_proxy_not_exact_queue_or_fill_probability
395,l2Book,1784017342089,1784017342362862942,0.274409,buy,62566,62566,62567,1,0.005,7.49,113,1498,6,0,0.01743,0.01743,7.495,0.002325550366911274182788525684,strict_trade_through_seen_but_visible_top_not_depleted,,0.00435,False,missing_touch_freshness_or_queue_reset_evidence,111,59723,0,1,same_touch_seen_but_not_stable,real_bbo_history_insufficient,0,1784017342089,,7.49,,,113,,missing,no_prior_same_touch_bbo,block,no_prior_same_touch_bbo,same_touch_seen_but_not_stable,no_prior_same_touch_bbo,latest_l2_received_before_or_at_candidate,latest_l2_exchange_time_equal_candidate,event_driven_current_l2_plus_rolling_public_trades_proxy_not_exact_queue_or_fill_probability
396,trades,1784017342379,1784017342610620770,0.232101,buy,62566,62566,62567,1,0.005,7.49,113,1498,12,0,0.01743,0.01743,7.495,0.002325550366911274182788525684,strict_trade_through_seen_but_visible_top_not_depleted,,0.002,False,outside_quality_a_b_queue_bands,110,59185,290,1,same_touch_stable_enough,real_bbo_history_touch_stability,290,1784017342089,,7.49,,,113,,missing,no_prior_same_touch_bbo,pass,,,no_prior_same_touch_bbo,latest_l2_received_before_or_at_candidate,latest_l2_exchange_time_before_candidate,event_driven_current_l2_plus_rolling_public_trades_proxy_not_exact_queue_or_fill_probability
397,l2Book,1784017342641,1784017342878910667,0.238395,buy,62568,62568,62569,1,0.005,33.0251,400,6605.02,12,0,0.01743,0.01743,33.0301,0.0005277004913699928247265373099,strict_trade_through_seen_but_visible_top_not_depleted,,0.00435,False,missing_touch_freshness_or_queue_reset_evidence,111,59737,0,1,same_touch_seen_but_not_stable,real_bbo_history_insufficient,0,1784017342641,,33.0251,,,400,,missing,no_prior_same_touch_bbo,block,no_prior_same_touch_bbo,same_touch_seen_but_not_stable,no_prior_same_touch_bbo,latest_l2_received_before_or_at_candidate,latest_l2_exchange_time_equal_candidate,event_driven_current_l2_plus_rolling_public_trades_proxy_not_exact_queue_or_fill_probability
398,trades,1784017342981,1784017343190923733,0.210417,buy,62568,62568,62569,1,0.005,33.0251,400,6605.02,13,0.00308,0.01743,0.02051,33.0301,0.0006209487709695096290958852683,strict_trade_through_seen_but_visible_top_not_depleted,,0.002,False,outside_quality_a_b_queue_bands,110,59202,340,1,same_touch_stable_enough,real_bbo_history_touch_stability,340,1784017342641,,33.0251,,,400,,missing,no_prior_same_touch_bbo,pass,,,no_prior_same_touch_bbo,latest_l2_received_before_or_at_candidate,latest_l2_exchange_time_before_candidate,event_driven_current_l2_plus_rolling_public_trades_proxy_not_exact_queue_or_fill_probability
399,l2Book,1784017343180,1784017343404907666,0.22538,buy,62568,62568,62569,1,0.005,20.39507,94,4079.014,13,0.00308,0.01743,0.02051,20.40007,0.001005388706999534805517824204,strict_trade_through_seen_but_visible_top_not_depleted,,0.002,False,outside_quality_a_b_queue_bands,111,59741,0,2,same_touch_stable_enough,real_bbo_history_touch_stability,539,1784017342641,33.0251,20.39507,-12.63003,400,94,-306,reset_supported,same_touch_top_qty_or_order_count_reduced,pass,,,,latest_l2_received_before_or_at_candidate,latest_l2_exchange_time_equal_candidate,event_driven_current_l2_plus_rolling_public_trades_proxy_not_exact_queue_or_fill_probability
400,l2Book,1784017343716,1784017343948081094,0.232566,buy,62568,62568,62569,1,0.005,17.16087,86,3432.174,12,0.00308,0.01743,0.02051,17.16587,0.001194812730144175622907548525,strict_trade_through_seen_but_visible_top_not_depleted,,0.002,False,outside_quality_a_b_queue_bands,111,59741,0,3,same_touch_stable_enough,real_bbo_history_touch_stability,1075,1784017342641,33.0251,17.16087,-15.86423,400,86,-314,reset_supported,same_touch_top_qty_or_order_count_reduced,pass,,,,latest_l2_received_before_or_at_candidate,latest_l2_exchange_time_equal_candidate,event_driven_current_l2_plus_rolling_public_trades_proxy_not_exact_queue_or_fill_probability
401,l2Book,1784017344253,1784017344483161192,0.230701,buy,62568,62568,62569,1,0.005,16.8253,73,3365.06,12,0.00308,0.01743,0.02051,16.8303,0.001218635437276816218368062364,strict_trade_through_seen_but_visible_top_not_depleted,,0.002,False,outside_quality_a_b_queue_bands,111,59741,0,4,same_touch_stable_enough,real_bbo_history_touch_stability,1612,1784017342641,33.0251,16.8253,-16.1998,400,73,-327,reset_supported,same_touch_top_qty_or_order_count_reduced,pass,,,,latest_l2_received_before_or_at_candidate,latest_l2_exchange_time_equal_candidate,event_driven_current_l2_plus_rolling_public_trades_proxy_not_exact_queue_or_fill_probability
402,l2Book,1784017344811,1784017345030548397,0.220052,buy,62568,62568,62569,1,0.005,16.8253,73,3365.06,10,0.00308,0,0.00308,16.8303,0.0001830032738572693297208011741,touched_quote_without_depletion,,0.00077,False,missing_same_side_strict_through_support,111,59777,0,5,same_touch_stable_enough,real_bbo_history_touch_stability,2170,1784017342641,33.0251,16.8253,-16.1998,400,73,-327,reset_supported,same_touch_top_qty_or_order_count_reduced,pass,,,,latest_l2_received_before_or_at_candidate,latest_l2_exchange_time_equal_candidate,event_driven_current_l2_plus_rolling_public_trades_proxy_not_exact_queue_or_fill_probability
403,l2Book,1784017345326,1784017345556854533,0.231357,buy,62568,62568,62569,1,0.005,17.62552,74,3525.104,7,0.00308,0,0.00308,17.63052,0.0001746970594174193387375982104,touched_quote_without_depletion,,0.00077,False,missing_same_side_strict_through_support,111,59791,0,6,same_touch_stable_enough,real_bbo_history_touch_stability,2685,1784017342641,33.0251,17.62552,-15.39958,400,74,-326,reset_supported,same_touch_top_qty_or_order_count_reduced,pass,,,,latest_l2_received_before_or_at_candidate,latest_l2_exchange_time_equal_candidate,event_driven_current_l2_plus_rolling_public_trades_proxy_not_exact_queue_or_fill_probability
404,l2Book,1784017345871,1784017346064414542,0.193907,buy,62568,62568,62569,1,0.005,15.88293,74,3176.586,1,0.00308,0,0.00308,15.88793,0.0001938578530998059533243160059,touched_quote_without_depletion,,0.00077,False,missing_same_side_strict_through_support,111,59820,0,7,same_touch_stable_enough,real_bbo_history_touch_stability,3230,1784017342641,33.0251,15.88293,-17.14217,400,74,-326,reset_supported,same_touch_top_qty_or_order_count_reduced,pass,,,,latest_l2_received_before_or_at_candidate,latest_l2_exchange_time_equal_candidate,event_driven_current_l2_plus_rolling_public_trades_proxy_not_exact_queue_or_fill_probability
405,l2Book,1784017346386,1784017346655269072,0.269741,buy,62568,62568,62569,1,0.005,18.47669,60,3695.338,0,0,0,0,18.48169,0,not_depleted,,0.0,False,missing_same_side_strict_through_support;missing_recent_same_side_at_or_through_throughput,111,59771,0,8,same_touch_stable_enough,real_bbo_history_touch_stability,3745,1784017342641,33.0251,18.47669,-14.54841,400,60,-340,reset_supported,same_touch_top_qty_or_order_count_reduced,pass,,,,latest_l2_received_before_or_at_candidate,latest_l2_exchange_time_equal_candidate,event_driven_current_l2_plus_rolling_public_trades_proxy_not_exact_queue_or_fill_probability
406,trades,1784017346636,1784017346820317111,0.18479,buy,62568,62568,62569,1,0.005,18.47669,60,3695.338,1,0.04928,0,0.04928,18.48169,0.002666422821722472349660664149,touched_quote_without_depletion,,0.005,False,missing_same_side_strict_through_support,110,59236,250,8,same_touch_stable_enough,real_bbo_history_touch_stability,3995,1784017342641,33.0251,18.47669,-14.54841,400,60,-340,reset_supported,same_touch_top_qty_or_order_count_reduced,pass,,,,latest_l2_received_before_or_at_candidate,latest_l2_exchange_time_before_candidate,event_driven_current_l2_plus_rolling_public_trades_proxy_not_exact_queue_or_fill_probability
407,l2Book,1784017346904,1784017347112358894,0.208815,buy,62568,62568,62569,1,0.005,16.55308,60,3310.616,1,0.04928,0,0.04928,16.55808,0.002976190476190476190476190476,touched_quote_without_depletion,,0.005,False,missing_same_side_strict_through_support,111,59754,0,9,same_touch_stable_enough,real_bbo_history_touch_stability,4263,1784017342641,33.0251,16.55308,-16.47202,400,60,-340,reset_supported,same_touch_top_qty_or_order_count_reduced,pass,,,,latest_l2_received_before_or_at_candidate,latest_l2_exchange_time_equal_candidate,event_driven_current_l2_plus_rolling_public_trades_proxy_not_exact_queue_or_fill_probability
408,l2Book,1784017347442,1784017347666871079,0.225362,buy,62568,62568,62569,1,0.005,15.19293,58,3038.586,1,0.04928,0,0.04928,15.19793,0.003242546846840326281276463308,touched_quote_without_depletion,,0.005,False,missing_same_side_strict_through_support,111,59754,0,10,same_touch_stable_enough,real_bbo_history_touch_stability,4801,1784017342641,33.0251,15.19293,-17.83217,400,58,-342,reset_supported,same_touch_top_qty_or_order_count_reduced,pass,,,,latest_l2_received_before_or_at_candidate,latest_l2_exchange_time_equal_candidate,event_driven_current_l2_plus_rolling_public_trades_proxy_not_exact_queue_or_fill_probability
409,l2Book,1784017347969,1784017348166636000,0.198083,buy,62568,62568,62569,1,0.005,18.47631,61,3695.262,1,0.04928,0,0.04928,18.48131,0.002666477646876763606043078115,touched_quote_without_depletion,,0.005,False,missing_same_side_strict_through_support,111,59740,0,11,same_touch_stable_enough,real_bbo_history_touch_stability,5328,1784017342641,33.0251,18.47631,-14.54879,400,61,-339,reset_supported,same_touch_top_qty_or_order_count_reduced,pass,,,,latest_l2_received_before_or_at_candidate,latest_l2_exchange_time_equal_candidate,event_driven_current_l2_plus_rolling_public_trades_proxy_not_exact_queue_or_fill_probability
410,l2Book,1784017348475,1784017348693387828,0.218896,buy,62568,62568,62569,1,0.005,18.47631,61,3695.262,1,0.04928,0,0.04928,18.48131,0.002666477646876763606043078115,touched_quote_without_depletion,,0.005,False,missing_same_side_strict_through_support,111,59713,0,12,same_touch_stable_enough,real_bbo_history_touch_stability,5834,1784017342641,33.0251,18.47631,-14.54879,400,61,-339,reset_supported,same_touch_top_qty_or_order_count_reduced,pass,,,,latest_l2_received_before_or_at_candidate,latest_l2_exchange_time_equal_candidate,event_driven_current_l2_plus_rolling_public_trades_proxy_not_exact_queue_or_fill_probability
411,l2Book,1784017349002,1784017349273895225,0.272398,buy,62573,62573,62574,1,0.005,6.14977,12,1229.954,1,0,0.04928,0.04928,6.15477,0.008006797979453334568147956788,strict_trade_through_seen_but_visible_top_not_depleted,,0.005,False,missing_touch_freshness_or_queue_reset_evidence,111,59630,0,1,same_touch_seen_but_not_stable,real_bbo_history_insufficient,0,1784017349002,,6.14977,,,12,,missing,no_prior_same_touch_bbo,block,no_prior_same_touch_bbo,same_touch_seen_but_not_stable,no_prior_same_touch_bbo,latest_l2_received_before_or_at_candidate,latest_l2_exchange_time_equal_candidate,event_driven_current_l2_plus_rolling_public_trades_proxy_not_exact_queue_or_fill_probability
412,trades,1784017349002,1784017349274947853,0.273305,buy,62573,62573,62574,1,0.005,6.14977,12,1229.954,14,0,0.04928,0.04928,6.15477,0.008006797979453334568147956788,strict_trade_through_seen_but_visible_top_not_depleted,,0.005,False,missing_touch_freshness_or_queue_reset_evidence,111,59630,0,1,same_touch_seen_but_not_stable,real_bbo_history_insufficient,0,1784017349002,,6.14977,,,12,,missing,no_prior_same_touch_bbo,block,no_prior_same_touch_bbo,same_touch_seen_but_not_stable,no_prior_same_touch_bbo,latest_l2_received_before_or_at_candidate,latest_l2_exchange_time_equal_candidate,event_driven_current_l2_plus_rolling_public_trades_proxy_not_exact_queue_or_fill_probability
413,l2Book,1784017349549,1784017349784390795,0.235876,buy,62573,62573,62574,1,0.005,12.84016,46,2568.032,14,0,0.04928,0.04928,12.84516,0.003836464473778450404666037636,strict_trade_through_seen_but_visible_top_not_depleted,,0.002,False,outside_quality_a_b_queue_bands,111,59579,0,2,same_touch_stable_enough,real_bbo_history_touch_stability,547,1784017349002,6.14977,12.84016,6.69039,12,46,34,not_reset,history_present_no_reset,pass,,,history_present_no_reset,latest_l2_received_before_or_at_candidate,latest_l2_exchange_time_equal_candidate,event_driven_current_l2_plus_rolling_public_trades_proxy_not_exact_queue_or_fill_probability
414,l2Book,1784017350093,1784017350325498879,0.233022,buy,62573,62573,62574,1,0.005,13.80287,54,2760.574,13,0,0,0,13.80787,0,not_depleted,,0.0,False,missing_same_side_strict_through_support;missing_recent_same_side_at_or_through_throughput,111,59564,0,3,same_touch_stable_enough,real_bbo_history_touch_stability,1091,1784017349002,12.84016,13.80287,0.96271,46,54,8,not_reset,history_present_no_reset,pass,,,history_present_no_reset,latest_l2_received_before_or_at_candidate,latest_l2_exchange_time_equal_candidate,event_driven_current_l2_plus_rolling_public_trades_proxy_not_exact_queue_or_fill_probability
415,l2Book,1784017350604,1784017351013392799,0.409882,buy,62573,62573,62574,1,0.005,13.60317,53,2720.634,13,0,0,0,13.60817,0,not_depleted,,0.0,False,missing_same_side_strict_through_support;missing_recent_same_side_at_or_through_throughput,111,59539,0,4,same_touch_stable_enough,real_bbo_history_touch_stability,1602,1784017349002,13.80287,13.60317,-0.1997,54,53,-1,reset_supported,same_touch_top_qty_or_order_count_reduced,pass,,,,latest_l2_received_before_or_at_candidate,latest_l2_exchange_time_equal_candidate,event_driven_current_l2_plus_rolling_public_trades_proxy_not_exact_queue_or_fill_probability
416,l2Book,1784017351130,1784017351348618217,0.219094,buy,62573,62573,62574,1,0.005,14.80295,62,2960.59,13,0,0,0,14.80795,0,not_depleted,,0.0,False,missing_same_side_strict_through_support;missing_recent_same_side_at_or_through_throughput,111,59533,0,5,same_touch_stable_enough,real_bbo_history_touch_stability,2128,1784017349002,13.80287,14.80295,1.00008,54,62,8,not_reset,history_present_no_reset,pass,,,history_present_no_reset,latest_l2_received_before_or_at_candidate,latest_l2_exchange_time_equal_candidate,event_driven_current_l2_plus_rolling_public_trades_proxy_not_exact_queue_or_fill_probability
417,l2Book,1784017351676,1784017351920043731,0.244549,buy,62573,62573,62574,1,0.005,18.12179,68,3624.358,13,0,0,0,18.12679,0,not_depleted,,0.0,False,missing_same_side_strict_through_support;missing_recent_same_side_at_or_through_throughput,111,59486,0,6,same_touch_stable_enough,real_bbo_history_touch_stability,2674,1784017349002,14.80295,18.12179,3.31884,62,68,6,not_reset,history_present_no_reset,pass,,,history_present_no_reset,latest_l2_received_before_or_at_candidate,latest_l2_exchange_time_equal_candidate,event_driven_current_l2_plus_rolling_public_trades_proxy_not_exact_queue_or_fill_probability
418,trades,1784017352002,1784017352259318965,0.257824,buy,62573,62573,62574,1,0.005,18.12179,68,3624.358,15,0.00145,0,0.00145,18.12679,0.0000799921000905289905162469472,touched_quote_without_depletion,,0.00036,False,missing_same_side_strict_through_support,111,59486,326,6,same_touch_stable_enough,real_bbo_history_touch_stability,3000,1784017349002,14.80295,18.12179,3.31884,62,68,6,not_reset,history_present_no_reset,pass,,,history_present_no_reset,latest_l2_received_before_or_at_candidate,latest_l2_exchange_time_before_candidate,event_driven_current_l2_plus_rolling_public_trades_proxy_not_exact_queue_or_fill_probability
419,l2Book,1784017352206,1784017352443466772,0.237946,buy,62573,62573,62574,1,0.005,16.35611,69,3271.222,2,0.00145,0,0.00145,16.36111,0.00008862479379455305905283932447,touched_quote_without_depletion,,0.00036,False,missing_same_side_strict_through_support,111,59400,0,7,same_touch_stable_enough,real_bbo_history_touch_stability,3204,1784017349002,18.12179,16.35611,-1.76568,68,69,1,not_reset,history_present_no_reset,pass,,,history_present_no_reset,latest_l2_received_before_or_at_candidate,latest_l2_exchange_time_equal_candidate,event_driven_current_l2_plus_rolling_public_trades_proxy_not_exact_queue_or_fill_probability
420,l2Book,1784017352812,1784017353046735522,0.23524,buy,62573,62573,62574,1,0.005,16.35611,69,3271.222,2,0.00145,0,0.00145,16.36111,0.00008862479379455305905283932447,touched_quote_without_depletion,,0.00036,False,missing_same_side_strict_through_support,111,59483,0,8,same_touch_stable_enough,real_bbo_history_touch_stability,3810,1784017349002,18.12179,16.35611,-1.76568,69,69,0,not_reset,history_present_no_reset,pass,,,history_present_no_reset,latest_l2_received_before_or_at_candidate,latest_l2_exchange_time_equal_candidate,event_driven_current_l2_plus_rolling_public_trades_proxy_not_exact_queue_or_fill_probability
421,l2Book,1784017353410,1784017353646014359,0.23651,buy,62575,62575,62576,1,0.005,10.59262,29,2118.524,2,0,0.00145,0.00145,10.59762,0.0001368231735049945176369788688,strict_trade_through_seen_but_visible_top_not_depleted,,0.00036,False,missing_touch_freshness_or_queue_reset_evidence,111,59532,0,1,same_touch_seen_but_not_stable,real_bbo_history_insufficient,0,1784017353410,,10.59262,,,29,,missing,no_prior_same_touch_bbo,block,no_prior_same_touch_bbo,same_touch_seen_but_not_stable,no_prior_same_touch_bbo,latest_l2_received_before_or_at_candidate,latest_l2_exchange_time_equal_candidate,event_driven_current_l2_plus_rolling_public_trades_proxy_not_exact_queue_or_fill_probability
422,l2Book,1784017353962,1784017354175814394,0.214286,buy,62575,62575,62576,1,0.005,14.72389,65,2944.778,2,0,0.00145,0.00145,14.72889,0.00009844597929647108505800504994,strict_trade_through_seen_but_visible_top_not_depleted,,0.00036,False,outside_quality_a_b_queue_bands,111,59553,0,2,same_touch_stable_enough,real_bbo_history_touch_stability,552,1784017353410,10.59262,14.72389,4.13127,29,65,36,not_reset,history_present_no_reset,pass,,,history_present_no_reset,latest_l2_received_before_or_at_candidate,latest_l2_exchange_time_equal_candidate,event_driven_current_l2_plus_rolling_public_trades_proxy_not_exact_queue_or_fill_probability
423,l2Book,1784017354505,1784017354736903719,0.232377,buy,62575,62575,62576,1,0.005,16.1355,63,3227.1,2,0,0.00145,0.00145,16.1405,0.0000898361265140485115083175862,strict_trade_through_seen_but_visible_top_not_depleted,,0.00036,False,outside_quality_a_b_queue_bands,111,59419,0,3,same_touch_stable_enough,real_bbo_history_touch_stability,1095,1784017353410,14.72389,16.1355,1.41161,65,63,-2,reset_supported,same_touch_top_qty_or_order_count_reduced,pass,,,,latest_l2_received_before_or_at_candidate,latest_l2_exchange_time_equal_candidate,event_driven_current_l2_plus_rolling_public_trades_proxy_not_exact_queue_or_fill_probability
424,l2Book,1784017355041,1784017355323011132,0.282591,buy,62575,62575,62576,1,0.005,8.68051,44,1736.102,0,0,0,0,8.68551,0,not_depleted,,0.0,False,missing_same_side_strict_through_support;missing_recent_same_side_at_or_through_throughput,112,59955,0,4,same_touch_stable_enough,real_bbo_history_touch_stability,1631,1784017353410,16.1355,8.68051,-7.45499,65,44,-21,reset_supported,same_touch_top_qty_or_order_count_reduced,pass,,,,latest_l2_received_before_or_at_candidate,latest_l2_exchange_time_equal_candidate,event_driven_current_l2_plus_rolling_public_trades_proxy_not_exact_queue_or_fill_probability
425,l2Book,1784017355587,1784017356012925579,0.426437,buy,62575,62575,62576,1,0.005,1.31174,25,262.348,0,0,0,0,1.31674,0,not_depleted,,0.0,False,missing_same_side_strict_through_support;missing_recent_same_side_at_or_through_throughput,112,59958,0,5,same_touch_stable_enough,real_bbo_history_touch_stability,2177,1784017353410,16.1355,1.31174,-14.82376,65,25,-40,reset_supported,same_touch_top_qty_or_order_count_reduced,pass,,,,latest_l2_received_before_or_at_candidate,latest_l2_exchange_time_equal_candidate,event_driven_current_l2_plus_rolling_public_trades_proxy_not_exact_queue_or_fill_probability
426,l2Book,1784017356137,1784017356364435003,0.227906,buy,62574,62574,62575,1,0.005,0.00017,1,0.034,0,0,0,0,0.00517,0,not_depleted,,0.0,False,missing_same_side_strict_through_support;missing_touch_freshness_or_queue_reset_evidence;missing_recent_same_side_at_or_through_throughput,112,59972,0,1,same_touch_seen_but_not_stable,real_bbo_history_insufficient,0,1784017356137,,0.00017,,,1,,missing,no_prior_same_touch_bbo,block,no_prior_same_touch_bbo,same_touch_seen_but_not_stable,no_prior_same_touch_bbo,latest_l2_received_before_or_at_candidate,latest_l2_exchange_time_equal_candidate,event_driven_current_l2_plus_rolling_public_trades_proxy_not_exact_queue_or_fill_probability
427,trades,1784017356343,1784017356539840164,0.197328,buy,62574,62574,62575,1,0.005,0.00017,1,0.034,2,0,0.00019,0.00019,0.00517,0.0367504835589941972920696325,depleted_visible_top_proxy_only,,4e-05,False,missing_touch_freshness_or_queue_reset_evidence,111,59436,206,1,same_touch_seen_but_not_stable,real_bbo_history_insufficient,206,1784017356137,,0.00017,,,1,,missing,no_prior_same_touch_bbo,block,no_prior_same_touch_bbo,same_touch_seen_but_not_stable,no_prior_same_touch_bbo,latest_l2_received_before_or_at_candidate,latest_l2_exchange_time_before_candidate,event_driven_current_l2_plus_rolling_public_trades_proxy_not_exact_queue_or_fill_probability
428,l2Book,1784017356662,1784017356882953403,0.22145,buy,62572,62572,62573,1,0.005,0.60808,2,121.616,2,0.00002,0,0.00002,0.61308,0.00003262217002675017942193514713,touched_quote_without_depletion,,0.0,False,missing_same_side_strict_through_support;missing_touch_freshness_or_queue_reset_evidence,112,59961,0,1,same_touch_seen_but_not_stable,real_bbo_history_insufficient,0,1784017356662,,0.60808,,,2,,missing,no_prior_same_touch_bbo,block,no_prior_same_touch_bbo,same_touch_seen_but_not_stable,no_prior_same_touch_bbo,latest_l2_received_before_or_at_candidate,latest_l2_exchange_time_equal_candidate,event_driven_current_l2_plus_rolling_public_trades_proxy_not_exact_queue_or_fill_probability
429,trades,1784017357066,1784017357304607934,0.239064,buy,62572,62572,62573,1,0.005,0.60808,2,121.616,3,0.0013,0,0.0013,0.61308,0.002120441051738761662425784563,touched_quote_without_depletion,,0.00032,False,missing_same_side_strict_through_support,111,59412,404,1,same_touch_stable_enough,real_bbo_history_touch_stability,404,1784017356662,,0.60808,,,2,,missing,no_prior_same_touch_bbo,pass,,,no_prior_same_touch_bbo,latest_l2_received_before_or_at_candidate,latest_l2_exchange_time_before_candidate,event_driven_current_l2_plus_rolling_public_trades_proxy_not_exact_queue_or_fill_probability
430,l2Book,1784017357214,1784017357432981762,0.219453,buy,62572,62572,62573,1,0.005,2.78508,24,557.016,3,0.0013,0,0.0013,2.79008,0.0004659364606032801926826470926,touched_quote_without_depletion,,0.00032,False,missing_same_side_strict_through_support,112,59964,0,2,same_touch_stable_enough,real_bbo_history_touch_stability,552,1784017356662,0.60808,2.78508,2.177,2,24,22,not_reset,history_present_no_reset,pass,,,history_present_no_reset,latest_l2_received_before_or_at_candidate,latest_l2_exchange_time_equal_candidate,event_driven_current_l2_plus_rolling_public_trades_proxy_not_exact_queue_or_fill_probability
431,l2Book,1784017357749,1784017357971041991,0.222546,buy,62572,62572,62573,1,0.005,3.30704,22,661.408,3,0.0013,0,0.0013,3.31204,0.0003925073368679122232823275081,touched_quote_without_depletion,,0.00032,False,missing_same_side_strict_through_support,112,59965,0,3,same_touch_stable_enough,real_bbo_history_touch_stability,1087,1784017356662,2.78508,3.30704,0.52196,24,22,-2,reset_supported,same_touch_top_qty_or_order_count_reduced,pass,,,,latest_l2_received_before_or_at_candidate,latest_l2_exchange_time_equal_candidate,event_driven_current_l2_plus_rolling_public_trades_proxy_not_exact_queue_or_fill_probability
432,trades,1784017358002,1784017358234450666,0.232924,buy,62572,62572,62573,1,0.005,3.30704,22,661.408,4,0.0013,0,0.0013,3.31204,0.0003925073368679122232823275081,touched_quote_without_depletion,,0.00032,False,missing_same_side_strict_through_support,111,59425,253,3,same_touch_stable_enough,real_bbo_history_touch_stability,1340,1784017356662,2.78508,3.30704,0.52196,24,22,-2,reset_supported,same_touch_top_qty_or_order_count_reduced,pass,,,,latest_l2_received_before_or_at_candidate,latest_l2_exchange_time_before_candidate,event_driven_current_l2_plus_rolling_public_trades_proxy_not_exact_queue_or_fill_probability
433,l2Book,1784017358282,1784017358491988934,0.210466,buy,62572,62572,62573,1,0.005,3.30704,22,661.408,4,0.0013,0,0.0013,3.31204,0.0003925073368679122232823275081,touched_quote_without_depletion,,0.00032,False,missing_same_side_strict_through_support,112,59958,0,4,same_touch_stable_enough,real_bbo_history_touch_stability,1620,1784017356662,3.30704,3.30704,0,24,22,-2,reset_supported,same_touch_top_qty_or_order_count_reduced,pass,,,,latest_l2_received_before_or_at_candidate,latest_l2_exchange_time_equal_candidate,event_driven_current_l2_plus_rolling_public_trades_proxy_not_exact_queue_or_fill_probability
434,l2Book,1784017358812,1784017359027860172,0.216412,buy,62572,62572,62573,1,0.005,3.59559,24,719.118,4,0.0013,0,0.0013,3.60059,0.0003610519387100447426671739909,touched_quote_without_depletion,,0.00032,False,missing_same_side_strict_through_support,112,59949,0,5,same_touch_stable_enough,real_bbo_history_touch_stability,2150,1784017356662,3.30704,3.59559,0.28855,24,24,0,not_reset,history_present_no_reset,pass,,,history_present_no_reset,latest_l2_received_before_or_at_candidate,latest_l2_exchange_time_equal_candidate,event_driven_current_l2_plus_rolling_public_trades_proxy_not_exact_queue_or_fill_probability
435,l2Book,1784017359362,1784017359576119778,0.21459,buy,62572,62572,62573,1,0.005,3.59559,24,719.118,2,0.00128,0,0.00128,3.60059,0.0003554972934991209773953713141,touched_quote_without_depletion,,0.00032,False,missing_same_side_strict_through_support,112,59959,0,6,same_touch_stable_enough,real_bbo_history_touch_stability,2700,1784017356662,3.59559,3.59559,0,24,24,0,not_reset,history_present_no_reset,pass,,,history_present_no_reset,latest_l2_received_before_or_at_candidate,latest_l2_exchange_time_equal_candidate,event_driven_current_l2_plus_rolling_public_trades_proxy_not_exact_queue_or_fill_probability
436,l2Book,1784017359899,1784017360123423358,0.224923,buy,62572,62572,62573,1,0.005,3.59559,24,719.118,2,0.00128,0,0.00128,3.60059,0.0003554972934991209773953713141,touched_quote_without_depletion,,0.00032,False,missing_same_side_strict_through_support,112,59958,0,7,same_touch_stable_enough,real_bbo_history_touch_stability,3237,1784017356662,3.59559,3.59559,0,24,24,0,not_reset,history_present_no_reset,pass,,,history_present_no_reset,latest_l2_received_before_or_at_candidate,latest_l2_exchange_time_equal_candidate,event_driven_current_l2_plus_rolling_public_trades_proxy_not_exact_queue_or_fill_probability
437,trades,1784017360303,1784017360486992931,0.184481,buy,62572,62572,62573,1,0.005,3.59559,24,719.118,2,0,0,0,3.60059,0,not_depleted,,0.0,False,missing_same_side_strict_through_support;missing_recent_same_side_at_or_through_throughput,111,59430,404,7,same_touch_stable_enough,real_bbo_history_touch_stability,3641,1784017356662,3.59559,3.59559,0,24,24,0,not_reset,history_present_no_reset,pass,,,history_present_no_reset,latest_l2_received_before_or_at_candidate,latest_l2_exchange_time_before_candidate,event_driven_current_l2_plus_rolling_public_trades_proxy_not_exact_queue_or_fill_probability
438,l2Book,1784017360431,1784017360645303740,0.21475,buy,62572,62572,62573,1,0.005,3.59559,24,719.118,2,0,0,0,3.60059,0,not_depleted,,0.0,False,missing_same_side_strict_through_support;missing_recent_same_side_at_or_through_throughput,112,59962,0,8,same_touch_stable_enough,real_bbo_history_touch_stability,3769,1784017356662,3.59559,3.59559,0,24,24,0,not_reset,history_present_no_reset,pass,,,history_present_no_reset,latest_l2_received_before_or_at_candidate,latest_l2_exchange_time_equal_candidate,event_driven_current_l2_plus_rolling_public_trades_proxy_not_exact_queue_or_fill_probability
439,l2Book,1784017360975,1784017361212011100,0.237499,buy,62572,62572,62573,1,0.005,3.91518,26,783.036,2,0,0,0,3.92018,0,not_depleted,,0.0,False,missing_same_side_strict_through_support;missing_recent_same_side_at_or_through_throughput,112,59962,0,9,same_touch_stable_enough,real_bbo_history_touch_stability,4313,1784017356662,3.59559,3.91518,0.31959,24,26,2,not_reset,history_present_no_reset,pass,,,history_present_no_reset,latest_l2_received_before_or_at_candidate,latest_l2_exchange_time_equal_candidate,event_driven_current_l2_plus_rolling_public_trades_proxy_not_exact_queue_or_fill_probability
440,l2Book,1784017361510,1784017361739164528,0.229639,buy,62572,62572,62573,1,0.005,3.91518,26,783.036,1,0,0,0,3.92018,0,not_depleted,,0.0,False,missing_same_side_strict_through_support;missing_recent_same_side_at_or_through_throughput,112,59978,0,10,same_touch_stable_enough,real_bbo_history_touch_stability,4848,1784017356662,3.91518,3.91518,0,26,26,0,not_reset,history_present_no_reset,pass,,,history_present_no_reset,latest_l2_received_before_or_at_candidate,latest_l2_exchange_time_equal_candidate,event_driven_current_l2_plus_rolling_public_trades_proxy_not_exact_queue_or_fill_probability
441,l2Book,1784017362099,1784017362290476639,0.191963,buy,62572,62572,62573,1,0.005,3.91518,26,783.036,1,0,0,0,3.92018,0,not_depleted,,0.0,False,missing_same_side_strict_through_support;missing_recent_same_side_at_or_through_throughput,111,59476,0,11,same_touch_stable_enough,real_bbo_history_touch_stability,5437,1784017356662,3.91518,3.91518,0,26,26,0,not_reset,history_present_no_reset,pass,,,history_present_no_reset,latest_l2_received_before_or_at_candidate,latest_l2_exchange_time_equal_candidate,event_driven_current_l2_plus_rolling_public_trades_proxy_not_exact_queue_or_fill_probability
442,l2Book,1784017362584,1784017362794611497,0.211074,buy,62572,62572,62573,1,0.005,3.91518,26,783.036,1,0,0,0,3.92018,0,not_depleted,,0.0,False,missing_same_side_strict_through_support;missing_recent_same_side_at_or_through_throughput,112,59961,0,12,same_touch_stable_enough,real_bbo_history_touch_stability,5922,1784017356662,3.91518,3.91518,0,26,26,0,not_reset,history_present_no_reset,pass,,,history_present_no_reset,latest_l2_received_before_or_at_candidate,latest_l2_exchange_time_equal_candidate,event_driven_current_l2_plus_rolling_public_trades_proxy_not_exact_queue_or_fill_probability
443,l2Book,1784017363121,1784017363334758944,0.214288,buy,62572,62572,62573,1,0.005,3.91518,26,783.036,1,0,0,0,3.92018,0,not_depleted,,0.0,False,missing_same_side_strict_through_support;missing_recent_same_side_at_or_through_throughput,112,59971,0,13,same_touch_stable_enough,real_bbo_history_touch_stability,6459,1784017356662,3.91518,3.91518,0,26,26,0,not_reset,history_present_no_reset,pass,,,history_present_no_reset,latest_l2_received_before_or_at_candidate,latest_l2_exchange_time_equal_candidate,event_driven_current_l2_plus_rolling_public_trades_proxy_not_exact_queue_or_fill_probability
444,l2Book,1784017363649,1784017363862143889,0.213626,buy,62572,62572,62573,1,0.005,3.91518,26,783.036,0,0,0,0,3.92018,0,not_depleted,,0.0,False,missing_same_side_strict_through_support;missing_recent_same_side_at_or_through_throughput,112,59960,0,14,same_touch_stable_enough,real_bbo_history_touch_stability,6987,1784017356662,3.91518,3.91518,0,26,26,0,not_reset,history_present_no_reset,pass,,,history_present_no_reset,latest_l2_received_before_or_at_candidate,latest_l2_exchange_time_equal_candidate,event_driven_current_l2_plus_rolling_public_trades_proxy_not_exact_queue_or_fill_probability
445,trades,1784017363926,1784017364124334634,0.198812,buy,62572,62572,62573,1,0.005,3.91518,26,783.036,1,0,0,0,3.92018,0,not_depleted,,0.0,False,missing_same_side_strict_through_support;missing_recent_same_side_at_or_through_throughput,111,59417,277,14,same_touch_stable_enough,real_bbo_history_touch_stability,7264,1784017356662,3.91518,3.91518,0,26,26,0,not_reset,history_present_no_reset,pass,,,history_present_no_reset,latest_l2_received_before_or_at_candidate,latest_l2_exchange_time_before_candidate,event_driven_current_l2_plus_rolling_public_trades_proxy_not_exact_queue_or_fill_probability
446,l2Book,1784017364193,1784017364413116899,0.220589,buy,62572,62572,62573,1,0.005,3.91518,26,783.036,1,0,0,0,3.92018,0,not_depleted,,0.0,False,missing_same_side_strict_through_support;missing_recent_same_side_at_or_through_throughput,112,59961,0,15,same_touch_stable_enough,real_bbo_history_touch_stability,7531,1784017356662,3.91518,3.91518,0,26,26,0,not_reset,history_present_no_reset,pass,,,history_present_no_reset,latest_l2_received_before_or_at_candidate,latest_l2_exchange_time_equal_candidate,event_driven_current_l2_plus_rolling_public_trades_proxy_not_exact_queue_or_fill_probability
447,l2Book,1784017364730,1784017364924334831,0.194825,buy,62572,62572,62573,1,0.005,3.91518,26,783.036,1,0,0,0,3.92018,0,not_depleted,,0.0,False,missing_same_side_strict_through_support;missing_recent_same_side_at_or_through_throughput,112,59959,0,16,same_touch_stable_enough,real_bbo_history_touch_stability,8068,1784017356662,3.91518,3.91518,0,26,26,0,not_reset,history_present_no_reset,pass,,,history_present_no_reset,latest_l2_received_before_or_at_candidate,latest_l2_exchange_time_equal_candidate,event_driven_current_l2_plus_rolling_public_trades_proxy_not_exact_queue_or_fill_probability
448,trades,1784017365039,1784017365270466127,0.231965,buy,62572,62572,62573,1,0.005,3.91518,26,783.036,2,0,0,0,3.92018,0,not_depleted,,0.0,False,missing_same_side_strict_through_support;missing_recent_same_side_at_or_through_throughput,111,59434,309,16,same_touch_stable_enough,real_bbo_history_touch_stability,8377,1784017356662,3.91518,3.91518,0,26,26,0,not_reset,history_present_no_reset,pass,,,history_present_no_reset,latest_l2_received_before_or_at_candidate,latest_l2_exchange_time_before_candidate,event_driven_current_l2_plus_rolling_public_trades_proxy_not_exact_queue_or_fill_probability
449,l2Book,1784017365239,1784017365475179957,0.236709,buy,62572,62572,62573,1,0.005,3.91518,26,783.036,2,0,0,0,3.92018,0,not_depleted,,0.0,False,missing_same_side_strict_through_support;missing_recent_same_side_at_or_through_throughput,112,59943,0,17,same_touch_stable_enough,real_bbo_history_touch_stability,8577,1784017356662,3.91518,3.91518,0,26,26,0,not_reset,history_present_no_reset,pass,,,history_present_no_reset,latest_l2_received_before_or_at_candidate,latest_l2_exchange_time_equal_candidate,event_driven_current_l2_plus_rolling_public_trades_proxy_not_exact_queue_or_fill_probability
450,l2Book,1784017365760,1784017366044481817,0.284963,buy,62572,62572,62573,1,0.005,3.91518,26,783.036,2,0,0,0,3.92018,0,not_depleted,,0.0,False,missing_same_side_strict_through_support;missing_recent_same_side_at_or_through_throughput,112,59912,0,18,same_touch_stable_enough,real_bbo_history_touch_stability,9098,1784017356662,3.91518,3.91518,0,26,26,0,not_reset,history_present_no_reset,pass,,,history_present_no_reset,latest_l2_received_before_or_at_candidate,latest_l2_exchange_time_equal_candidate,event_driven_current_l2_plus_rolling_public_trades_proxy_not_exact_queue_or_fill_probability
451,trades,1784017366138,1784017366316438581,0.178906,buy,62572,62572,62573,1,0.005,3.91518,26,783.036,3,0,0,0,3.92018,0,not_depleted,,0.0,False,missing_same_side_strict_through_support;missing_recent_same_side_at_or_through_throughput,111,59374,378,18,same_touch_stable_enough,real_bbo_history_touch_stability,9476,1784017356662,3.91518,3.91518,0,26,26,0,not_reset,history_present_no_reset,pass,,,history_present_no_reset,latest_l2_received_before_or_at_candidate,latest_l2_exchange_time_before_candidate,event_driven_current_l2_plus_rolling_public_trades_proxy_not_exact_queue_or_fill_probability
452,l2Book,1784017366272,1784017366547853091,0.276363,buy,62572,62572,62573,1,0.005,3.91518,26,783.036,3,0,0,0,3.92018,0,not_depleted,,0.0,False,missing_same_side_strict_through_support;missing_recent_same_side_at_or_through_throughput,112,59886,0,19,same_touch_stable_enough,real_bbo_history_touch_stability,9610,1784017356662,3.91518,3.91518,0,26,26,0,not_reset,history_present_no_reset,pass,,,history_present_no_reset,latest_l2_received_before_or_at_candidate,latest_l2_exchange_time_equal_candidate,event_driven_current_l2_plus_rolling_public_trades_proxy_not_exact_queue_or_fill_probability
453,l2Book,1784017366878,1784017367117864499,0.240331,buy,62572,62572,62573,1,0.005,3.91518,26,783.036,3,0,0,0,3.92018,0,not_depleted,,0.0,False,missing_same_side_strict_through_support;missing_recent_same_side_at_or_through_throughput,112,59978,0,20,same_touch_stable_enough,real_bbo_history_touch_stability,10216,1784017356662,3.91518,3.91518,0,26,26,0,not_reset,history_present_no_reset,pass,,,history_present_no_reset,latest_l2_received_before_or_at_candidate,latest_l2_exchange_time_equal_candidate,event_driven_current_l2_plus_rolling_public_trades_proxy_not_exact_queue_or_fill_probability
454,l2Book,1784017367416,1784017367635982623,0.220509,buy,62572,62572,62573,1,0.005,3.92376,27,784.752,2,0,0,0,3.92876,0,not_depleted,,0.0,False,missing_same_side_strict_through_support;missing_recent_same_side_at_or_through_throughput,112,59964,0,21,same_touch_stable_enough,real_bbo_history_touch_stability,10754,1784017356662,3.91518,3.92376,0.00858,26,27,1,not_reset,history_present_no_reset,pass,,,history_present_no_reset,latest_l2_received_before_or_at_candidate,latest_l2_exchange_time_equal_candidate,event_driven_current_l2_plus_rolling_public_trades_proxy_not_exact_queue_or_fill_probability
455,l2Book,1784017367921,1784017368144155019,0.223615,buy,62572,62572,62573,1,0.005,4.12346,28,824.692,2,0,0,0,4.12846,0,not_depleted,,0.0,False,missing_same_side_strict_through_support;missing_recent_same_side_at_or_through_throughput,112,59942,0,22,same_touch_stable_enough,real_bbo_history_touch_stability,11259,1784017356662,3.92376,4.12346,0.1997,27,28,1,not_reset,history_present_no_reset,pass,,,history_present_no_reset,latest_l2_received_before_or_at_candidate,latest_l2_exchange_time_equal_candidate,event_driven_current_l2_plus_rolling_public_trades_proxy_not_exact_queue_or_fill_probability
456,l2Book,1784017368458,1784017368688087038,0.230568,buy,62572,62572,62573,1,0.005,3.92376,27,784.752,1,0,0,0,3.92876,0,not_depleted,,0.0,False,missing_same_side_strict_through_support;missing_recent_same_side_at_or_through_throughput,112,59915,0,23,same_touch_stable_enough,real_bbo_history_touch_stability,11796,1784017356662,4.12346,3.92376,-0.1997,28,27,-1,reset_supported,same_touch_top_qty_or_order_count_reduced,pass,,,,latest_l2_received_before_or_at_candidate,latest_l2_exchange_time_equal_candidate,event_driven_current_l2_plus_rolling_public_trades_proxy_not_exact_queue_or_fill_probability
457,l2Book,1784017369011,1784017369278578768,0.268053,buy,62572,62572,62573,1,0.005,3.92368,27,784.736,1,0,0,0,3.92868,0,not_depleted,,0.0,False,missing_same_side_strict_through_support;missing_recent_same_side_at_or_through_throughput,112,59935,0,24,same_touch_stable_enough,real_bbo_history_touch_stability,12349,1784017356662,4.12346,3.92368,-0.19978,28,27,-1,reset_supported,same_touch_top_qty_or_order_count_reduced,pass,,,,latest_l2_received_before_or_at_candidate,latest_l2_exchange_time_equal_candidate,event_driven_current_l2_plus_rolling_public_trades_proxy_not_exact_queue_or_fill_probability
458,l2Book,1784017369558,1784017369771590901,0.214074,buy,62572,62572,62573,1,0.005,3.92368,27,784.736,0,0,0,0,3.92868,0,not_depleted,,0.0,False,missing_same_side_strict_through_support;missing_recent_same_side_at_or_through_throughput,112,59972,0,25,same_touch_stable_enough,real_bbo_history_touch_stability,12896,1784017356662,4.12346,3.92368,-0.19978,28,27,-1,reset_supported,same_touch_top_qty_or_order_count_reduced,pass,,,,latest_l2_received_before_or_at_candidate,latest_l2_exchange_time_equal_candidate,event_driven_current_l2_plus_rolling_public_trades_proxy_not_exact_queue_or_fill_probability
459,l2Book,1784017370092,1784017370308493321,0.216967,buy,62572,62572,62573,1,0.005,4.12338,28,824.676,0,0,0,0,4.12838,0,not_depleted,,0.0,False,missing_same_side_strict_through_support;missing_recent_same_side_at_or_through_throughput,112,59958,0,26,same_touch_stable_enough,real_bbo_history_touch_stability,13430,1784017356662,4.12346,4.12338,-0.00008,28,28,0,not_reset,history_present_no_reset,pass,,,history_present_no_reset,latest_l2_received_before_or_at_candidate,latest_l2_exchange_time_equal_candidate,event_driven_current_l2_plus_rolling_public_trades_proxy_not_exact_queue_or_fill_probability
460,l2Book,1784017370632,1784017370839456113,0.207922,buy,62572,62572,62573,1,0.005,4.05496,30,810.992,0,0,0,0,4.05996,0,not_depleted,,0.0,False,missing_same_side_strict_through_support;missing_recent_same_side_at_or_through_throughput,112,59940,0,27,same_touch_stable_enough,real_bbo_history_touch_stability,13970,1784017356662,4.12346,4.05496,-0.0685,28,30,2,not_reset,history_present_no_reset,pass,,,history_present_no_reset,latest_l2_received_before_or_at_candidate,latest_l2_exchange_time_equal_candidate,event_driven_current_l2_plus_rolling_public_trades_proxy_not_exact_queue_or_fill_probability
461,l2Book,1784017371138,1784017371386424258,0.248914,buy,62572,62572,62573,1,0.005,4.05496,30,810.992,0,0,0,0,4.05996,0,not_depleted,,0.0,False,missing_same_side_strict_through_support;missing_recent_same_side_at_or_through_throughput,112,59908,0,28,same_touch_stable_enough,real_bbo_history_touch_stability,14476,1784017356662,4.12346,4.05496,-0.0685,30,30,0,not_reset,history_present_no_reset,pass,,,history_present_no_reset,latest_l2_received_before_or_at_candidate,latest_l2_exchange_time_equal_candidate,event_driven_current_l2_plus_rolling_public_trades_proxy_not_exact_queue_or_fill_probability
462,l2Book,1784017371708,1784017371954088887,0.246603,buy,62572,62572,62573,1,0.005,4.05496,30,810.992,0,0,0,0,4.05996,0,not_depleted,,0.0,False,missing_same_side_strict_through_support;missing_recent_same_side_at_or_through_throughput,112,59951,0,29,same_touch_stable_enough,real_bbo_history_touch_stability,15046,1784017356662,4.12346,4.05496,-0.0685,30,30,0,not_reset,history_present_no_reset,pass,,,history_present_no_reset,latest_l2_received_before_or_at_candidate,latest_l2_exchange_time_equal_candidate,event_driven_current_l2_plus_rolling_public_trades_proxy_not_exact_queue_or_fill_probability
463,l2Book,1784017372246,1784017372468796675,0.223277,buy,62572,62572,62573,1,0.005,3.92368,27,784.736,0,0,0,0,3.92868,0,not_depleted,,0.0,False,missing_same_side_strict_through_support;missing_recent_same_side_at_or_through_throughput,112,59941,0,30,same_touch_stable_enough,real_bbo_history_touch_stability,15584,1784017356662,4.12346,3.92368,-0.19978,30,27,-3,reset_supported,same_touch_top_qty_or_order_count_reduced,pass,,,,latest_l2_received_before_or_at_candidate,latest_l2_exchange_time_equal_candidate,event_driven_current_l2_plus_rolling_public_trades_proxy_not_exact_queue_or_fill_probability
464,l2Book,1784017372849,1784017373072375895,0.223875,buy,62572,62572,62573,1,0.005,3.92361,27,784.722,0,0,0,0,3.92861,0,not_depleted,,0.0,False,missing_same_side_strict_through_support;missing_recent_same_side_at_or_through_throughput,111,59477,0,31,same_touch_stable_enough,real_bbo_history_touch_stability,16187,1784017356662,4.12346,3.92361,-0.19985,30,27,-3,reset_supported,same_touch_top_qty_or_order_count_reduced,pass,,,,latest_l2_received_before_or_at_candidate,latest_l2_exchange_time_equal_candidate,event_driven_current_l2_plus_rolling_public_trades_proxy_not_exact_queue_or_fill_probability
465,trades,1784017373116,1784017373330500384,0.214989,buy,62572,62572,62573,1,0.005,3.92361,27,784.722,1,0,0,0,3.92861,0,not_depleted,,0.0,False,missing_same_side_strict_through_support;missing_recent_same_side_at_or_through_throughput,111,59477,267,31,same_touch_stable_enough,real_bbo_history_touch_stability,16454,1784017356662,4.12346,3.92361,-0.19985,30,27,-3,reset_supported,same_touch_top_qty_or_order_count_reduced,pass,,,,latest_l2_received_before_or_at_candidate,latest_l2_exchange_time_before_candidate,event_driven_current_l2_plus_rolling_public_trades_proxy_not_exact_queue_or_fill_probability
466,l2Book,1784017373454,1784017373672147261,0.218626,buy,62572,62572,62573,1,0.005,3.92361,27,784.722,1,0,0,0,3.92861,0,not_depleted,,0.0,False,missing_same_side_strict_through_support;missing_recent_same_side_at_or_through_throughput,111,59537,0,32,same_touch_stable_enough,real_bbo_history_touch_stability,16792,1784017356662,4.12346,3.92361,-0.19985,30,27,-3,reset_supported,same_touch_top_qty_or_order_count_reduced,pass,,,,latest_l2_received_before_or_at_candidate,latest_l2_exchange_time_equal_candidate,event_driven_current_l2_plus_rolling_public_trades_proxy_not_exact_queue_or_fill_probability
467,l2Book,1784017373968,1784017374209399241,0.241899,buy,62572,62572,62573,1,0.005,3.92376,27,784.752,1,0,0,0,3.92876,0,not_depleted,,0.0,False,missing_same_side_strict_through_support;missing_recent_same_side_at_or_through_throughput,111,59510,0,33,same_touch_stable_enough,real_bbo_history_touch_stability,17306,1784017356662,4.12346,3.92376,-0.1997,30,27,-3,reset_supported,same_touch_top_qty_or_order_count_reduced,pass,,,,latest_l2_received_before_or_at_candidate,latest_l2_exchange_time_equal_candidate,event_driven_current_l2_plus_rolling_public_trades_proxy_not_exact_queue_or_fill_probability
468,l2Book,1784017374539,1784017374722122900,0.183604,buy,62572,62572,62573,1,0.005,3.92376,27,784.752,1,0,0,0,3.92876,0,not_depleted,,0.0,False,missing_same_side_strict_through_support;missing_recent_same_side_at_or_through_throughput,111,59550,0,34,same_touch_stable_enough,real_bbo_history_touch_stability,17877,1784017356662,4.12346,3.92376,-0.1997,30,27,-3,reset_supported,same_touch_top_qty_or_order_count_reduced,pass,,,,latest_l2_received_before_or_at_candidate,latest_l2_exchange_time_equal_candidate,event_driven_current_l2_plus_rolling_public_trades_proxy_not_exact_queue_or_fill_probability
469,l2Book,1784017375057,1784017375354473730,0.297942,buy,62572,62572,62573,1,0.005,3.60417,25,720.834,1,0,0,0,3.60917,0,not_depleted,,0.0,False,missing_same_side_strict_through_support;missing_recent_same_side_at_or_through_throughput,111,59527,0,35,same_touch_stable_enough,real_bbo_history_touch_stability,18395,1784017356662,4.12346,3.60417,-0.51929,30,25,-5,reset_supported,same_touch_top_qty_or_order_count_reduced,pass,,,,latest_l2_received_before_or_at_candidate,latest_l2_exchange_time_equal_candidate,event_driven_current_l2_plus_rolling_public_trades_proxy_not_exact_queue_or_fill_probability
470,l2Book,1784017375691,1784017375899822872,0.209331,buy,62572,62572,62573,1,0.005,3.60417,25,720.834,1,0,0,0,3.60917,0,not_depleted,,0.0,False,missing_same_side_strict_through_support;missing_recent_same_side_at_or_through_throughput,111,59620,0,36,same_touch_stable_enough,real_bbo_history_touch_stability,19029,1784017356662,4.12346,3.60417,-0.51929,30,25,-5,reset_supported,same_touch_top_qty_or_order_count_reduced,pass,,,,latest_l2_received_before_or_at_candidate,latest_l2_exchange_time_equal_candidate,event_driven_current_l2_plus_rolling_public_trades_proxy_not_exact_queue_or_fill_probability
471,l2Book,1784017376288,1784017376528746133,0.241243,buy,62572,62572,62573,1,0.005,1.04531,18,209.062,0,0,0,0,1.05031,0,not_depleted,,0.0,False,missing_same_side_strict_through_support;missing_recent_same_side_at_or_through_throughput,111,59681,0,37,same_touch_stable_enough,real_bbo_history_touch_stability,19626,1784017356662,4.12346,1.04531,-3.07815,30,18,-12,reset_supported,same_touch_top_qty_or_order_count_reduced,pass,,,,latest_l2_received_before_or_at_candidate,latest_l2_exchange_time_equal_candidate,event_driven_current_l2_plus_rolling_public_trades_proxy_not_exact_queue_or_fill_probability
472,l2Book,1784017376842,1784017377085330801,0.243779,buy,62572,62572,62573,1,0.005,1.04331,17,208.662,0,0,0,0,1.04831,0,not_depleted,,0.0,False,missing_same_side_strict_through_support;missing_recent_same_side_at_or_through_throughput,111,59711,0,38,same_touch_stable_enough,real_bbo_history_touch_stability,20180,1784017356662,4.12346,1.04331,-3.08015,30,17,-13,reset_supported,same_touch_top_qty_or_order_count_reduced,pass,,,,latest_l2_received_before_or_at_candidate,latest_l2_exchange_time_equal_candidate,event_driven_current_l2_plus_rolling_public_trades_proxy_not_exact_queue_or_fill_probability
473,trades,1784017377045,1784017377281372255,0.236881,buy,62572,62572,62573,1,0.005,1.04331,17,208.662,1,0,0,0,1.04831,0,not_depleted,,0.0,False,missing_same_side_strict_through_support;missing_recent_same_side_at_or_through_throughput,111,59711,203,38,same_touch_stable_enough,real_bbo_history_touch_stability,20383,1784017356662,4.12346,1.04331,-3.08015,30,17,-13,reset_supported,same_touch_top_qty_or_order_count_reduced,pass,,,,latest_l2_received_before_or_at_candidate,latest_l2_exchange_time_before_candidate,event_driven_current_l2_plus_rolling_public_trades_proxy_not_exact_queue_or_fill_probability
474,l2Book,1784017377393,1784017377610179415,0.217633,buy,62572,62572,62573,1,0.005,1.04244,17,208.488,1,0,0,0,1.04744,0,not_depleted,,0.0,False,missing_same_side_strict_through_support;missing_recent_same_side_at_or_through_throughput,111,59715,0,39,same_touch_stable_enough,real_bbo_history_touch_stability,20731,1784017356662,4.12346,1.04244,-3.08102,30,17,-13,reset_supported,same_touch_top_qty_or_order_count_reduced,pass,,,,latest_l2_received_before_or_at_candidate,latest_l2_exchange_time_equal_candidate,event_driven_current_l2_plus_rolling_public_trades_proxy_not_exact_queue_or_fill_probability
475,trades,1784017377393,1784017377610831785,0.218134,buy,62572,62572,62573,1,0.005,1.04244,17,208.488,2,0.0008,0,0.0008,1.04744,0.0007637668983426258305965019476,touched_quote_without_depletion,,0.0002,False,missing_same_side_strict_through_support,111,59715,0,39,same_touch_stable_enough,real_bbo_history_touch_stability,20731,1784017356662,4.12346,1.04244,-3.08102,30,17,-13,reset_supported,same_touch_top_qty_or_order_count_reduced,pass,,,,latest_l2_received_before_or_at_candidate,latest_l2_exchange_time_equal_candidate,event_driven_current_l2_plus_rolling_public_trades_proxy_not_exact_queue_or_fill_probability
476,l2Book,1784017377918,1784017378131851266,0.214326,buy,62572,62572,62573,1,0.005,1.04244,17,208.488,2,0.0008,0,0.0008,1.04744,0.0007637668983426258305965019476,touched_quote_without_depletion,,0.0002,False,missing_same_side_strict_through_support,111,59696,0,40,same_touch_stable_enough,real_bbo_history_touch_stability,21256,1784017356662,4.12346,1.04244,-3.08102,30,17,-13,reset_supported,same_touch_top_qty_or_order_count_reduced,pass,,,,latest_l2_received_before_or_at_candidate,latest_l2_exchange_time_equal_candidate,event_driven_current_l2_plus_rolling_public_trades_proxy_not_exact_queue_or_fill_probability
477,l2Book,1784017378463,1784017378677193130,0.21467,buy,62572,62572,62573,1,0.005,1.04244,17,208.488,2,0.0008,0,0.0008,1.04744,0.0007637668983426258305965019476,touched_quote_without_depletion,,0.0002,False,missing_same_side_strict_through_support,111,59723,0,41,same_touch_stable_enough,real_bbo_history_touch_stability,21801,1784017356662,4.12346,1.04244,-3.08102,30,17,-13,reset_supported,same_touch_top_qty_or_order_count_reduced,pass,,,,latest_l2_received_before_or_at_candidate,latest_l2_exchange_time_equal_candidate,event_driven_current_l2_plus_rolling_public_trades_proxy_not_exact_queue_or_fill_probability
478,l2Book,1784017379002,1784017379264916755,0.263515,buy,62572,62572,62573,1,0.005,1.04251,17,208.502,2,0.0008,0,0.0008,1.04751,0.0007637158595144676423136771964,touched_quote_without_depletion,,0.0002,False,missing_same_side_strict_through_support,111,59698,0,42,same_touch_stable_enough,real_bbo_history_touch_stability,22340,1784017356662,4.12346,1.04251,-3.08095,30,17,-13,reset_supported,same_touch_top_qty_or_order_count_reduced,pass,,,,latest_l2_received_before_or_at_candidate,latest_l2_exchange_time_equal_candidate,event_driven_current_l2_plus_rolling_public_trades_proxy_not_exact_queue_or_fill_probability
479,trades,1784017379002,1784017379265810637,0.264143,buy,62572,62572,62573,1,0.005,1.04251,17,208.502,6,0.0008,0,0.0008,1.04751,0.0007637158595144676423136771964,touched_quote_without_depletion,,0.0002,False,missing_same_side_strict_through_support,111,59698,0,42,same_touch_stable_enough,real_bbo_history_touch_stability,22340,1784017356662,4.12346,1.04251,-3.08095,30,17,-13,reset_supported,same_touch_top_qty_or_order_count_reduced,pass,,,,latest_l2_received_before_or_at_candidate,latest_l2_exchange_time_equal_candidate,event_driven_current_l2_plus_rolling_public_trades_proxy_not_exact_queue_or_fill_probability
480,l2Book,1784017379528,1784017379726673773,0.199164,buy,62572,62572,62573,1,0.005,1.04251,17,208.502,6,0.0008,0,0.0008,1.04751,0.0007637158595144676423136771964,touched_quote_without_depletion,,0.0002,False,missing_same_side_strict_through_support,111,59689,0,43,same_touch_stable_enough,real_bbo_history_touch_stability,22866,1784017356662,4.12346,1.04251,-3.08095,30,17,-13,reset_supported,same_touch_top_qty_or_order_count_reduced,pass,,,,latest_l2_received_before_or_at_candidate,latest_l2_exchange_time_equal_candidate,event_driven_current_l2_plus_rolling_public_trades_proxy_not_exact_queue_or_fill_probability
481,l2Book,1784017380132,1784017380350084648,0.218592,buy,62572,62572,62573,1,0.005,1.04251,17,208.502,5,0.0008,0,0.0008,1.04751,0.0007637158595144676423136771964,touched_quote_without_depletion,,0.0002,False,missing_same_side_strict_through_support,111,59749,0,44,same_touch_stable_enough,real_bbo_history_touch_stability,23470,1784017356662,4.12346,1.04251,-3.08095,30,17,-13,reset_supported,same_touch_top_qty_or_order_count_reduced,pass,,,,latest_l2_received_before_or_at_candidate,latest_l2_exchange_time_equal_candidate,event_driven_current_l2_plus_rolling_public_trades_proxy_not_exact_queue_or_fill_probability
482,l2Book,1784017380552,1784017380772415903,0.220936,buy,62572,62572,62573,1,0.005,1.04251,17,208.502,4,0,0,0,1.04751,0,not_depleted,,0.0,False,missing_same_side_strict_through_support;missing_recent_same_side_at_or_through_throughput,111,59622,0,45,same_touch_stable_enough,real_bbo_history_touch_stability,23890,1784017356662,4.12346,1.04251,-3.08095,30,17,-13,reset_supported,same_touch_top_qty_or_order_count_reduced,pass,,,,latest_l2_received_before_or_at_candidate,latest_l2_exchange_time_equal_candidate,event_driven_current_l2_plus_rolling_public_trades_proxy_not_exact_queue_or_fill_probability
483,l2Book,1784017381080,1784017381340485938,0.260954,buy,62572,62572,62573,1,0.005,1.04251,17,208.502,4,0,0,0,1.04751,0,not_depleted,,0.0,False,missing_same_side_strict_through_support;missing_recent_same_side_at_or_through_throughput,111,59616,0,46,same_touch_stable_enough,real_bbo_history_touch_stability,24418,1784017356662,4.12346,1.04251,-3.08095,30,17,-13,reset_supported,same_touch_top_qty_or_order_count_reduced,pass,,,,latest_l2_received_before_or_at_candidate,latest_l2_exchange_time_equal_candidate,event_driven_current_l2_plus_rolling_public_trades_proxy_not_exact_queue_or_fill_probability
484,l2Book,1784017381628,1784017381846040750,0.218505,buy,62572,62572,62573,1,0.005,1.04251,17,208.502,4,0,0,0,1.04751,0,not_depleted,,0.0,False,missing_same_side_strict_through_support;missing_recent_same_side_at_or_through_throughput,111,59633,0,47,same_touch_stable_enough,real_bbo_history_touch_stability,24966,1784017356662,4.12346,1.04251,-3.08095,30,17,-13,reset_supported,same_touch_top_qty_or_order_count_reduced,pass,,,,latest_l2_received_before_or_at_candidate,latest_l2_exchange_time_equal_candidate,event_driven_current_l2_plus_rolling_public_trades_proxy_not_exact_queue_or_fill_probability
485,trades,1784017382029,1784017382238049455,0.209517,buy,62572,62572,62573,1,0.005,1.04251,17,208.502,2,0.00145,0,0.00145,1.04751,0.001384234995369972601693539918,touched_quote_without_depletion,,0.00036,False,missing_same_side_strict_through_support,110,59090,401,47,same_touch_stable_enough,real_bbo_history_touch_stability,25367,1784017356662,4.12346,1.04251,-3.08095,30,17,-13,reset_supported,same_touch_top_qty_or_order_count_reduced,pass,,,,latest_l2_received_before_or_at_candidate,latest_l2_exchange_time_before_candidate,event_driven_current_l2_plus_rolling_public_trades_proxy_not_exact_queue_or_fill_probability
486,l2Book,1784017382142,1784017382397461663,0.255952,buy,62572,62572,62573,1,0.005,1.04106,17,208.212,2,0.00145,0,0.00145,1.04606,0.001386153757910636101179664646,touched_quote_without_depletion,,0.00036,False,missing_same_side_strict_through_support,111,59604,0,48,same_touch_stable_enough,real_bbo_history_touch_stability,25480,1784017356662,4.12346,1.04106,-3.0824,30,17,-13,reset_supported,same_touch_top_qty_or_order_count_reduced,pass,,,,latest_l2_received_before_or_at_candidate,latest_l2_exchange_time_equal_candidate,event_driven_current_l2_plus_rolling_public_trades_proxy_not_exact_queue_or_fill_probability
487,l2Book,1784017382745,1784017382979455939,0.234923,buy,62572,62572,62573,1,0.005,1.04106,17,208.212,2,0.00145,0,0.00145,1.04606,0.001386153757910636101179664646,touched_quote_without_depletion,,0.00036,False,missing_same_side_strict_through_support,111,59692,0,49,same_touch_stable_enough,real_bbo_history_touch_stability,26083,1784017356662,4.12346,1.04106,-3.0824,30,17,-13,reset_supported,same_touch_top_qty_or_order_count_reduced,pass,,,,latest_l2_received_before_or_at_candidate,latest_l2_exchange_time_equal_candidate,event_driven_current_l2_plus_rolling_public_trades_proxy_not_exact_queue_or_fill_probability
488,l2Book,1784017383349,1784017383589299314,0.240786,buy,62572,62572,62573,1,0.005,1.04013,17,208.026,2,0.00145,0,0.00145,1.04513,0.001387387214987609196942007214,touched_quote_without_depletion,,0.00036,False,missing_same_side_strict_through_support,111,59692,0,50,same_touch_stable_enough,real_bbo_history_touch_stability,26687,1784017356662,4.12346,1.04013,-3.08333,30,17,-13,reset_supported,same_touch_top_qty_or_order_count_reduced,pass,,,,latest_l2_received_before_or_at_candidate,latest_l2_exchange_time_equal_candidate,event_driven_current_l2_plus_rolling_public_trades_proxy_not_exact_queue_or_fill_probability
489,l2Book,1784017383886,1784017384083180944,0.197683,buy,62572,62572,62573,1,0.005,2.17975,18,435.95,2,0.00145,0,0.00145,2.18475,0.0006636914978830529808902620437,touched_quote_without_depletion,,0.00036,False,missing_same_side_strict_through_support,111,59603,0,51,same_touch_stable_enough,real_bbo_history_touch_stability,27224,1784017356662,4.12346,2.17975,-1.94371,30,18,-12,reset_supported,same_touch_top_qty_or_order_count_reduced,pass,,,,latest_l2_received_before_or_at_candidate,latest_l2_exchange_time_equal_candidate,event_driven_current_l2_plus_rolling_public_trades_proxy_not_exact_queue_or_fill_probability
490,l2Book,1784017384407,1784017384649108576,0.242591,buy,62572,62572,62573,1,0.005,2.17891,18,435.782,2,0.00145,0,0.00145,2.18391,0.0006639467743634124116836316515,touched_quote_without_depletion,,0.00036,False,missing_same_side_strict_through_support,111,59574,0,52,same_touch_stable_enough,real_bbo_history_touch_stability,27745,1784017356662,4.12346,2.17891,-1.94455,30,18,-12,reset_supported,same_touch_top_qty_or_order_count_reduced,pass,,,,latest_l2_received_before_or_at_candidate,latest_l2_exchange_time_equal_candidate,event_driven_current_l2_plus_rolling_public_trades_proxy_not_exact_queue_or_fill_probability
491,l2Book,1784017384957,1784017385191650995,0.23515,buy,62572,62572,62573,1,0.005,2.17891,18,435.782,2,0.00145,0,0.00145,2.18391,0.0006639467743634124116836316515,touched_quote_without_depletion,,0.00036,False,missing_same_side_strict_through_support,111,59587,0,53,same_touch_stable_enough,real_bbo_history_touch_stability,28295,1784017356662,4.12346,2.17891,-1.94455,30,18,-12,reset_supported,same_touch_top_qty_or_order_count_reduced,pass,,,,latest_l2_received_before_or_at_candidate,latest_l2_exchange_time_equal_candidate,event_driven_current_l2_plus_rolling_public_trades_proxy_not_exact_queue_or_fill_probability
492,l2Book,1784017385505,1784017385712686639,0.20816,buy,62572,62572,62573,1,0.005,2.17891,18,435.782,0,0,0,0,2.18391,0,not_depleted,,0.0,False,missing_same_side_strict_through_support;missing_recent_same_side_at_or_through_throughput,111,59595,0,54,same_touch_stable_enough,real_bbo_history_touch_stability,28843,1784017356662,4.12346,2.17891,-1.94455,30,18,-12,reset_supported,same_touch_top_qty_or_order_count_reduced,pass,,,,latest_l2_received_before_or_at_candidate,latest_l2_exchange_time_equal_candidate,event_driven_current_l2_plus_rolling_public_trades_proxy_not_exact_queue_or_fill_probability
493,l2Book,1784017386113,1784017386297967079,0.18544,buy,62572,62572,62573,1,0.005,2.17891,18,435.782,0,0,0,0,2.18391,0,not_depleted,,0.0,False,missing_same_side_strict_through_support;missing_recent_same_side_at_or_through_throughput,111,59667,0,55,same_touch_stable_enough,real_bbo_history_touch_stability,29451,1784017356662,4.12346,2.17891,-1.94455,30,18,-12,reset_supported,same_touch_top_qty_or_order_count_reduced,pass,,,,latest_l2_received_before_or_at_candidate,latest_l2_exchange_time_equal_candidate,event_driven_current_l2_plus_rolling_public_trades_proxy_not_exact_queue_or_fill_probability
494,l2Book,1784017386570,1784017386805940763,0.236452,buy,62572,62572,62573,1,0.005,2.17891,18,435.782,0,0,0,0,2.18391,0,not_depleted,,0.0,False,missing_same_side_strict_through_support;missing_recent_same_side_at_or_through_throughput,111,59589,0,56,same_touch_stable_enough,real_bbo_history_touch_stability,29908,1784017356662,4.12346,2.17891,-1.94455,30,18,-12,reset_supported,same_touch_top_qty_or_order_count_reduced,pass,,,,latest_l2_received_before_or_at_candidate,latest_l2_exchange_time_equal_candidate,event_driven_current_l2_plus_rolling_public_trades_proxy_not_exact_queue_or_fill_probability
495,l2Book,1784017387121,1784017387357693988,0.237223,buy,62572,62572,62573,1,0.005,6.09612,27,1219.224,0,0,0,0,6.10112,0,not_depleted,,0.0,False,missing_same_side_strict_through_support;missing_recent_same_side_at_or_through_throughput,111,59625,0,57,same_touch_stable_enough,real_bbo_history_touch_stability,30459,1784017356662,4.12346,6.09612,1.97266,30,27,-3,reset_supported,same_touch_top_qty_or_order_count_reduced,pass,,,,latest_l2_received_before_or_at_candidate,latest_l2_exchange_time_equal_candidate,event_driven_current_l2_plus_rolling_public_trades_proxy_not_exact_queue_or_fill_probability
496,l2Book,1784017387633,1784017387878475011,0.245963,buy,62572,62572,62573,1,0.005,6.29678,29,1259.356,0,0,0,0,6.30178,0,not_depleted,,0.0,False,missing_same_side_strict_through_support;missing_recent_same_side_at_or_through_throughput,111,59587,0,58,same_touch_stable_enough,real_bbo_history_touch_stability,30971,1784017356662,6.09612,6.29678,0.20066,30,29,-1,reset_supported,same_touch_top_qty_or_order_count_reduced,pass,,,,latest_l2_received_before_or_at_candidate,latest_l2_exchange_time_equal_candidate,event_driven_current_l2_plus_rolling_public_trades_proxy_not_exact_queue_or_fill_probability
497,trades,1784017388064,1784017388285015502,0.221508,buy,62572,62572,62573,1,0.005,6.29678,29,1259.356,2,0.00129,0,0.00129,6.30178,0.0002047040677395910361834275395,touched_quote_without_depletion,,0.00032,False,missing_same_side_strict_through_support,110,59045,431,58,same_touch_stable_enough,real_bbo_history_touch_stability,31402,1784017356662,6.09612,6.29678,0.20066,30,29,-1,reset_supported,same_touch_top_qty_or_order_count_reduced,pass,,,,latest_l2_received_before_or_at_candidate,latest_l2_exchange_time_before_candidate,event_driven_current_l2_plus_rolling_public_trades_proxy_not_exact_queue_or_fill_probability
498,l2Book,1784017388197,1784017388401128957,0.204628,buy,62572,62572,62573,1,0.005,4.86589,27,973.178,2,0.00129,0,0.00129,4.87089,0.0002648386639813257946699679114,touched_quote_without_depletion,,0.00032,False,missing_same_side_strict_through_support,111,59609,0,59,same_touch_stable_enough,real_bbo_history_touch_stability,31535,1784017356662,6.29678,4.86589,-1.43089,30,27,-3,reset_supported,same_touch_top_qty_or_order_count_reduced,pass,,,,latest_l2_received_before_or_at_candidate,latest_l2_exchange_time_equal_candidate,event_driven_current_l2_plus_rolling_public_trades_proxy_not_exact_queue_or_fill_probability
499,l2Book,1784017388735,1784017388940927377,0.2064,buy,62572,62572,62573,1,0.005,6.49591,30,1299.182,2,0.00129,0,0.00129,6.50091,0.0001984337577354554977687739101,touched_quote_without_depletion,,0.00032,False,missing_same_side_strict_through_support,111,59612,0,60,same_touch_stable_enough,real_bbo_history_touch_stability,32073,1784017356662,6.29678,6.49591,0.19913,30,30,0,not_reset,history_present_no_reset,pass,,,history_present_no_reset,latest_l2_received_before_or_at_candidate,latest_l2_exchange_time_equal_candidate,event_driven_current_l2_plus_rolling_public_trades_proxy_not_exact_queue_or_fill_probability
500,l2Book,1784017389341,1784017389553999684,0.213504,buy,62572,62572,62573,1,0.005,6.49591,30,1299.182,2,0.00129,0,0.00129,6.50091,0.0001984337577354554977687739101,touched_quote_without_depletion,,0.00032,False,missing_same_side_strict_through_support,111,59689,0,61,same_touch_stable_enough,real_bbo_history_touch_stability,32679,1784017356662,6.49591,6.49591,0,30,30,0,not_reset,history_present_no_reset,pass,,,history_present_no_reset,latest_l2_received_before_or_at_candidate,latest_l2_exchange_time_equal_candidate,event_driven_current_l2_plus_rolling_public_trades_proxy_not_exact_queue_or_fill_probability
501,l2Book,1784017389869,1784017390082781914,0.214332,buy,62572,62572,62573,1,0.005,7.25947,31,1451.894,2,0.00129,0,0.00129,7.26447,0.0001775766160504482777133087479,touched_quote_without_depletion,,0.00032,False,missing_same_side_strict_through_support,111,59668,0,62,same_touch_stable_enough,real_bbo_history_touch_stability,33207,1784017356662,6.49591,7.25947,0.76356,30,31,1,not_reset,history_present_no_reset,pass,,,history_present_no_reset,latest_l2_received_before_or_at_candidate,latest_l2_exchange_time_equal_candidate,event_driven_current_l2_plus_rolling_public_trades_proxy_not_exact_queue_or_fill_probability
502,trades,1784017390146,1784017390335982136,0.19046,buy,62572,62572,62573,1,0.005,7.25947,31,1451.894,3,0.00129,0,0.00129,7.26447,0.0001775766160504482777133087479,touched_quote_without_depletion,,0.00032,False,missing_same_side_strict_through_support,111,59668,277,62,same_touch_stable_enough,real_bbo_history_touch_stability,33484,1784017356662,6.49591,7.25947,0.76356,30,31,1,not_reset,history_present_no_reset,pass,,,history_present_no_reset,latest_l2_received_before_or_at_candidate,latest_l2_exchange_time_before_candidate,event_driven_current_l2_plus_rolling_public_trades_proxy_not_exact_queue_or_fill_probability
503,l2Book,1784017390417,1784017390633199608,0.216727,buy,62572,62572,62573,1,0.005,7.25947,31,1451.894,3,0.00129,0,0.00129,7.26447,0.0001775766160504482777133087479,touched_quote_without_depletion,,0.00032,False,missing_same_side_strict_through_support,111,59665,0,63,same_touch_stable_enough,real_bbo_history_touch_stability,33755,1784017356662,7.25947,7.25947,0,31,31,0,not_reset,history_present_no_reset,pass,,,history_present_no_reset,latest_l2_received_before_or_at_candidate,latest_l2_exchange_time_equal_candidate,event_driven_current_l2_plus_rolling_public_trades_proxy_not_exact_queue_or_fill_probability
504,trades,1784017390417,1784017390633945179,0.217269,buy,62572,62572,62573,1,0.005,7.25947,31,1451.894,4,0.00129,0,0.00129,7.26447,0.0001775766160504482777133087479,touched_quote_without_depletion,,0.00032,False,missing_same_side_strict_through_support,111,59665,0,63,same_touch_stable_enough,real_bbo_history_touch_stability,33755,1784017356662,7.25947,7.25947,0,31,31,0,not_reset,history_present_no_reset,pass,,,history_present_no_reset,latest_l2_received_before_or_at_candidate,latest_l2_exchange_time_equal_candidate,event_driven_current_l2_plus_rolling_public_trades_proxy_not_exact_queue_or_fill_probability
505,l2Book,1784017390958,1784017391311694382,0.354192,buy,62572,62572,62573,1,0.005,7.46013,33,1492.026,4,0.00129,0,0.00129,7.46513,0.0001728034207039930985796630467,touched_quote_without_depletion,,0.00032,False,missing_same_side_strict_through_support,111,59677,0,64,same_touch_stable_enough,real_bbo_history_touch_stability,34296,1784017356662,7.25947,7.46013,0.20066,31,33,2,not_reset,history_present_no_reset,pass,,,history_present_no_reset,latest_l2_received_before_or_at_candidate,latest_l2_exchange_time_equal_candidate,event_driven_current_l2_plus_rolling_public_trades_proxy_not_exact_queue_or_fill_probability
506,trades,1784017391443,1784017391645185466,0.202707,buy,62572,62572,62573,1,0.005,7.46013,33,1492.026,3,0,0,0,7.46513,0,not_depleted,,0.0,False,missing_same_side_strict_through_support;missing_recent_same_side_at_or_through_throughput,110,59132,485,64,same_touch_stable_enough,real_bbo_history_touch_stability,34781,1784017356662,7.25947,7.46013,0.20066,31,33,2,not_reset,history_present_no_reset,pass,,,history_present_no_reset,latest_l2_received_before_or_at_candidate,latest_l2_exchange_time_before_candidate,event_driven_current_l2_plus_rolling_public_trades_proxy_not_exact_queue_or_fill_probability
507,l2Book,1784017391511,1784017391733435854,0.222946,buy,62572,62572,62573,1,0.005,6.78003,30,1356.006,3,0,0,0,6.78503,0,not_depleted,,0.0,False,missing_same_side_strict_through_support;missing_recent_same_side_at_or_through_throughput,111,59685,0,65,same_touch_stable_enough,real_bbo_history_touch_stability,34849,1784017356662,7.46013,6.78003,-0.6801,33,30,-3,reset_supported,same_touch_top_qty_or_order_count_reduced,pass,,,,latest_l2_received_before_or_at_candidate,latest_l2_exchange_time_equal_candidate,event_driven_current_l2_plus_rolling_public_trades_proxy_not_exact_queue_or_fill_probability
508,l2Book,1784017392048,1784017392277872700,0.230353,buy,62572,62572,62573,1,0.005,6.98069,32,1396.138,3,0,0,0,6.98569,0,not_depleted,,0.0,False,missing_same_side_strict_through_support;missing_recent_same_side_at_or_through_throughput,111,59692,0,66,same_touch_stable_enough,real_bbo_history_touch_stability,35386,1784017356662,7.46013,6.98069,-0.47944,33,32,-1,reset_supported,same_touch_top_qty_or_order_count_reduced,pass,,,,latest_l2_received_before_or_at_candidate,latest_l2_exchange_time_equal_candidate,event_driven_current_l2_plus_rolling_public_trades_proxy_not_exact_queue_or_fill_probability
509,l2Book,1784017392586,1784017392797118763,0.211591,buy,62572,62572,62573,1,0.005,6.97973,31,1395.946,3,0,0,0,6.98473,0,not_depleted,,0.0,False,missing_same_side_strict_through_support;missing_recent_same_side_at_or_through_throughput,111,59696,0,67,same_touch_stable_enough,real_bbo_history_touch_stability,35924,1784017356662,7.46013,6.97973,-0.4804,33,31,-2,reset_supported,same_touch_top_qty_or_order_count_reduced,pass,,,,latest_l2_received_before_or_at_candidate,latest_l2_exchange_time_equal_candidate,event_driven_current_l2_plus_rolling_public_trades_proxy_not_exact_queue_or_fill_probability
510,l2Book,1784017393097,1784017393354156800,0.257642,buy,62572,62572,62573,1,0.005,6.97964,31,1395.928,3,0,0,0,6.98464,0,not_depleted,,0.0,False,missing_same_side_strict_through_support;missing_recent_same_side_at_or_through_throughput,111,59659,0,68,same_touch_stable_enough,real_bbo_history_touch_stability,36435,1784017356662,7.46013,6.97964,-0.48049,33,31,-2,reset_supported,same_touch_top_qty_or_order_count_reduced,pass,,,,latest_l2_received_before_or_at_candidate,latest_l2_exchange_time_equal_candidate,event_driven_current_l2_plus_rolling_public_trades_proxy_not_exact_queue_or_fill_probability
511,l2Book,1784017393658,1784017393873537572,0.216064,buy,62572,62572,62573,1,0.005,6.97964,31,1395.928,1,0,0,0,6.98464,0,not_depleted,,0.0,False,missing_same_side_strict_through_support;missing_recent_same_side_at_or_through_throughput,111,59685,0,69,same_touch_stable_enough,real_bbo_history_touch_stability,36996,1784017356662,7.46013,6.97964,-0.48049,33,31,-2,reset_supported,same_touch_top_qty_or_order_count_reduced,pass,,,,latest_l2_received_before_or_at_candidate,latest_l2_exchange_time_equal_candidate,event_driven_current_l2_plus_rolling_public_trades_proxy_not_exact_queue_or_fill_probability
512,l2Book,1784017394200,1784017394422904462,0.22341,buy,62572,62572,62573,1,0.005,4.82529,25,965.058,1,0,0,0,4.83029,0,not_depleted,,0.0,False,missing_same_side_strict_through_support;missing_recent_same_side_at_or_through_throughput,111,59694,0,70,same_touch_stable_enough,real_bbo_history_touch_stability,37538,1784017356662,7.46013,4.82529,-2.63484,33,25,-8,reset_supported,same_touch_top_qty_or_order_count_reduced,pass,,,,latest_l2_received_before_or_at_candidate,latest_l2_exchange_time_equal_candidate,event_driven_current_l2_plus_rolling_public_trades_proxy_not_exact_queue_or_fill_probability
513,l2Book,1784017394800,1784017395010310481,0.210799,buy,62572,62572,62573,1,0.005,4.59348,22,918.696,0,0,0,0,4.59848,0,not_depleted,,0.0,False,missing_same_side_strict_through_support;missing_recent_same_side_at_or_through_throughput,111,59754,0,71,same_touch_stable_enough,real_bbo_history_touch_stability,38138,1784017356662,7.46013,4.59348,-2.86665,33,22,-11,reset_supported,same_touch_top_qty_or_order_count_reduced,pass,,,,latest_l2_received_before_or_at_candidate,latest_l2_exchange_time_equal_candidate,event_driven_current_l2_plus_rolling_public_trades_proxy_not_exact_queue_or_fill_probability
514,trades,1784017394800,1784017395010983536,0.211333,buy,62572,62572,62573,1,0.005,4.59348,22,918.696,1,0,0,0,4.59848,0,not_depleted,,0.0,False,missing_same_side_strict_through_support;missing_recent_same_side_at_or_through_throughput,111,59754,0,71,same_touch_stable_enough,real_bbo_history_touch_stability,38138,1784017356662,7.46013,4.59348,-2.86665,33,22,-11,reset_supported,same_touch_top_qty_or_order_count_reduced,pass,,,,latest_l2_received_before_or_at_candidate,latest_l2_exchange_time_equal_candidate,event_driven_current_l2_plus_rolling_public_trades_proxy_not_exact_queue_or_fill_probability
515,trades,1784017394867,1784017395056798654,0.190252,buy,62572,62572,62573,1,0.005,4.59348,22,918.696,2,0,0,0,4.59848,0,not_depleted,,0.0,False,missing_same_side_strict_through_support;missing_recent_same_side_at_or_through_throughput,111,59754,67,71,same_touch_stable_enough,real_bbo_history_touch_stability,38205,1784017356662,7.46013,4.59348,-2.86665,33,22,-11,reset_supported,same_touch_top_qty_or_order_count_reduced,pass,,,,latest_l2_received_before_or_at_candidate,latest_l2_exchange_time_before_candidate,event_driven_current_l2_plus_rolling_public_trades_proxy_not_exact_queue_or_fill_probability
516,trades,1784017395205,1784017395395975616,0.191427,buy,62572,62572,62573,1,0.005,4.59348,22,918.696,3,0,0,0,4.59848,0,not_depleted,,0.0,False,missing_same_side_strict_through_support;missing_recent_same_side_at_or_through_throughput,110,59208,405,71,same_touch_stable_enough,real_bbo_history_touch_stability,38543,1784017356662,7.46013,4.59348,-2.86665,33,22,-11,reset_supported,same_touch_top_qty_or_order_count_reduced,pass,,,,latest_l2_received_before_or_at_candidate,latest_l2_exchange_time_before_candidate,event_driven_current_l2_plus_rolling_public_trades_proxy_not_exact_queue_or_fill_probability
517,l2Book,1784017395324,1784017395571750588,0.248222,buy,62572,62572,62573,1,0.005,1.47819,19,295.638,3,0,0,0,1.48319,0,not_depleted,,0.0,False,missing_same_side_strict_through_support;missing_recent_same_side_at_or_through_throughput,111,59732,0,72,same_touch_stable_enough,real_bbo_history_touch_stability,38662,1784017356662,7.46013,1.47819,-5.98194,33,19,-14,reset_supported,same_touch_top_qty_or_order_count_reduced,pass,,,,latest_l2_received_before_or_at_candidate,latest_l2_exchange_time_equal_candidate,event_driven_current_l2_plus_rolling_public_trades_proxy_not_exact_queue_or_fill_probability
518,trades,1784017395392,1784017395594112154,0.202612,buy,62572,62572,62573,1,0.005,1.47819,19,295.638,4,0,0,0,1.48319,0,not_depleted,,0.0,False,missing_same_side_strict_through_support;missing_recent_same_side_at_or_through_throughput,111,59732,68,72,same_touch_stable_enough,real_bbo_history_touch_stability,38730,1784017356662,7.46013,1.47819,-5.98194,33,19,-14,reset_supported,same_touch_top_qty_or_order_count_reduced,pass,,,,latest_l2_received_before_or_at_candidate,latest_l2_exchange_time_before_candidate,event_driven_current_l2_plus_rolling_public_trades_proxy_not_exact_queue_or_fill_probability
519,l2Book,1784017395887,1784017396102387507,0.215856,buy,62572,62572,62573,1,0.005,2.43511,20,487.022,4,0,0,0,2.44011,0,not_depleted,,0.0,False,missing_same_side_strict_through_support;missing_recent_same_side_at_or_through_throughput,111,59763,0,73,same_touch_stable_enough,real_bbo_history_touch_stability,39225,1784017356662,7.46013,2.43511,-5.02502,33,20,-13,reset_supported,same_touch_top_qty_or_order_count_reduced,pass,,,,latest_l2_received_before_or_at_candidate,latest_l2_exchange_time_equal_candidate,event_driven_current_l2_plus_rolling_public_trades_proxy_not_exact_queue_or_fill_probability
520,l2Book,1784017396422,1784017396635542527,0.214005,buy,62572,62572,62573,1,0.005,2.43511,20,487.022,4,0,0,0,2.44011,0,not_depleted,,0.0,False,missing_same_side_strict_through_support;missing_recent_same_side_at_or_through_throughput,111,59762,0,74,same_touch_stable_enough,real_bbo_history_touch_stability,39760,1784017356662,7.46013,2.43511,-5.02502,33,20,-13,reset_supported,same_touch_top_qty_or_order_count_reduced,pass,,,,latest_l2_received_before_or_at_candidate,latest_l2_exchange_time_equal_candidate,event_driven_current_l2_plus_rolling_public_trades_proxy_not_exact_queue_or_fill_probability
521,l2Book,1784017397029,1784017397278972640,0.250493,buy,62572,62572,62573,1,0.005,2.43425,20,486.85,4,0,0,0,2.43925,0,not_depleted,,0.0,False,missing_same_side_strict_through_support;missing_recent_same_side_at_or_through_throughput,111,59829,0,75,same_touch_stable_enough,real_bbo_history_touch_stability,40367,1784017356662,7.46013,2.43425,-5.02588,33,20,-13,reset_supported,same_touch_top_qty_or_order_count_reduced,pass,,,,latest_l2_received_before_or_at_candidate,latest_l2_exchange_time_equal_candidate,event_driven_current_l2_plus_rolling_public_trades_proxy_not_exact_queue_or_fill_probability
522,trades,1784017397211,1784017397407617956,0.197126,buy,62572,62572,62573,1,0.005,2.43425,20,486.85,16,0,0,0,2.43925,0,not_depleted,,0.0,False,missing_same_side_strict_through_support;missing_recent_same_side_at_or_through_throughput,110,59294,182,75,same_touch_stable_enough,real_bbo_history_touch_stability,40549,1784017356662,7.46013,2.43425,-5.02588,33,20,-13,reset_supported,same_touch_top_qty_or_order_count_reduced,pass,,,,latest_l2_received_before_or_at_candidate,latest_l2_exchange_time_before_candidate,event_driven_current_l2_plus_rolling_public_trades_proxy_not_exact_queue_or_fill_probability
523,l2Book,1784017397631,1784017397856795015,0.226275,buy,62572,62572,62573,1,0.005,2.43425,20,486.85,16,0,0,0,2.43925,0,not_depleted,,0.0,False,missing_same_side_strict_through_support;missing_recent_same_side_at_or_through_throughput,111,59896,0,76,same_touch_stable_enough,real_bbo_history_touch_stability,40969,1784017356662,7.46013,2.43425,-5.02588,33,20,-13,reset_supported,same_touch_top_qty_or_order_count_reduced,pass,,,,latest_l2_received_before_or_at_candidate,latest_l2_exchange_time_equal_candidate,event_driven_current_l2_plus_rolling_public_trades_proxy_not_exact_queue_or_fill_probability
524,trades,1784017397698,1784017397907305691,0.209819,buy,62572,62572,62573,1,0.005,2.43425,20,486.85,17,0,0,0,2.43925,0,not_depleted,,0.0,False,missing_same_side_strict_through_support;missing_recent_same_side_at_or_through_throughput,111,59896,67,76,same_touch_stable_enough,real_bbo_history_touch_stability,41036,1784017356662,7.46013,2.43425,-5.02588,33,20,-13,reset_supported,same_touch_top_qty_or_order_count_reduced,pass,,,,latest_l2_received_before_or_at_candidate,latest_l2_exchange_time_before_candidate,event_driven_current_l2_plus_rolling_public_trades_proxy_not_exact_queue_or_fill_probability
525,l2Book,1784017398233,1784017398474411567,0.241942,buy,62572,62572,62573,1,0.005,4.25007,23,850.014,14,0,0,0,4.25507,0,not_depleted,,0.0,False,missing_same_side_strict_through_support;missing_recent_same_side_at_or_through_throughput,111,59892,0,77,same_touch_stable_enough,real_bbo_history_touch_stability,41571,1784017356662,7.46013,4.25007,-3.21006,33,23,-10,reset_supported,same_touch_top_qty_or_order_count_reduced,pass,,,,latest_l2_received_before_or_at_candidate,latest_l2_exchange_time_equal_candidate,event_driven_current_l2_plus_rolling_public_trades_proxy_not_exact_queue_or_fill_probability
526,trades,1784017398436,1784017398616753883,0.181209,buy,62572,62572,62573,1,0.005,4.25007,23,850.014,14,0,0,0,4.25507,0,not_depleted,,0.0,False,missing_same_side_strict_through_support;missing_recent_same_side_at_or_through_throughput,110,59362,203,77,same_touch_stable_enough,real_bbo_history_touch_stability,41774,1784017356662,7.46013,4.25007,-3.21006,33,23,-10,reset_supported,same_touch_top_qty_or_order_count_reduced,pass,,,,latest_l2_received_before_or_at_candidate,latest_l2_exchange_time_before_candidate,event_driven_current_l2_plus_rolling_public_trades_proxy_not_exact_queue_or_fill_probability
527,l2Book,1784017398763,1784017398983375011,0.220852,buy,62572,62572,62573,1,0.005,4.25007,23,850.014,14,0,0,0,4.25507,0,not_depleted,,0.0,False,missing_same_side_strict_through_support;missing_recent_same_side_at_or_through_throughput,111,59892,0,78,same_touch_stable_enough,real_bbo_history_touch_stability,42101,1784017356662,7.46013,4.25007,-3.21006,33,23,-10,reset_supported,same_touch_top_qty_or_order_count_reduced,pass,,,,latest_l2_received_before_or_at_candidate,latest_l2_exchange_time_equal_candidate,event_driven_current_l2_plus_rolling_public_trades_proxy_not_exact_queue_or_fill_probability
528,l2Book,1784017399315,1784017399536308852,0.221831,buy,62572,62572,62573,1,0.005,4.25007,23,850.014,14,0,0,0,4.25507,0,not_depleted,,0.0,False,missing_same_side_strict_through_support;missing_recent_same_side_at_or_through_throughput,111,59902,0,79,same_touch_stable_enough,real_bbo_history_touch_stability,42653,1784017356662,7.46013,4.25007,-3.21006,33,23,-10,reset_supported,same_touch_top_qty_or_order_count_reduced,pass,,,,latest_l2_received_before_or_at_candidate,latest_l2_exchange_time_equal_candidate,event_driven_current_l2_plus_rolling_public_trades_proxy_not_exact_queue_or_fill_probability
529,trades,1784017399718,1784017399928938658,0.211405,buy,62572,62572,62573,1,0.005,4.25007,23,850.014,15,0,0,0,4.25507,0,not_depleted,,0.0,False,missing_same_side_strict_through_support;missing_recent_same_side_at_or_through_throughput,110,59357,403,79,same_touch_stable_enough,real_bbo_history_touch_stability,43056,1784017356662,7.46013,4.25007,-3.21006,33,23,-10,reset_supported,same_touch_top_qty_or_order_count_reduced,pass,,,,latest_l2_received_before_or_at_candidate,latest_l2_exchange_time_before_candidate,event_driven_current_l2_plus_rolling_public_trades_proxy_not_exact_queue_or_fill_probability
530,l2Book,1784017399838,1784017400069296641,0.231797,buy,62572,62572,62573,1,0.005,6.59718,30,1319.436,15,0,0,0,6.60218,0,not_depleted,,0.0,False,missing_same_side_strict_through_support;missing_recent_same_side_at_or_through_throughput,111,59880,0,80,same_touch_stable_enough,real_bbo_history_touch_stability,43176,1784017356662,7.46013,6.59718,-0.86295,33,30,-3,reset_supported,same_touch_top_qty_or_order_count_reduced,pass,,,,latest_l2_received_before_or_at_candidate,latest_l2_exchange_time_equal_candidate,event_driven_current_l2_plus_rolling_public_trades_proxy_not_exact_queue_or_fill_probability
531,l2Book,1784017400447,1784017400666635414,0.220127,buy,62572,62572,62573,1,0.005,5.16782,29,1033.564,3,0,0,0,5.17282,0,not_depleted,,0.0,False,missing_same_side_strict_through_support;missing_recent_same_side_at_or_through_throughput,111,59975,0,81,same_touch_stable_enough,real_bbo_history_touch_stability,43785,1784017356662,7.46013,5.16782,-2.29231,33,29,-4,reset_supported,same_touch_top_qty_or_order_count_reduced,pass,,,,latest_l2_received_before_or_at_candidate,latest_l2_exchange_time_equal_candidate,event_driven_current_l2_plus_rolling_public_trades_proxy_not_exact_queue_or_fill_probability
532,trades,1784017400725,1784017400913338024,0.188871,buy,62572,62572,62573,1,0.005,5.16782,29,1033.564,3,0,0,0,5.17282,0,not_depleted,,0.0,False,missing_same_side_strict_through_support;missing_recent_same_side_at_or_through_throughput,110,59430,278,81,same_touch_stable_enough,real_bbo_history_touch_stability,44063,1784017356662,7.46013,5.16782,-2.29231,33,29,-4,reset_supported,same_touch_top_qty_or_order_count_reduced,pass,,,,latest_l2_received_before_or_at_candidate,latest_l2_exchange_time_before_candidate,event_driven_current_l2_plus_rolling_public_trades_proxy_not_exact_queue_or_fill_probability
533,l2Book,1784017401050,1784017401454574044,0.405039,buy,62572,62572,62573,1,0.005,4.96812,28,993.624,3,0,0,0,4.97312,0,not_depleted,,0.0,False,missing_same_side_strict_through_support;missing_recent_same_side_at_or_through_throughput,110,59484,0,82,same_touch_stable_enough,real_bbo_history_touch_stability,44388,1784017356662,7.46013,4.96812,-2.49201,33,28,-5,reset_supported,same_touch_top_qty_or_order_count_reduced,pass,,,,latest_l2_received_before_or_at_candidate,latest_l2_exchange_time_equal_candidate,event_driven_current_l2_plus_rolling_public_trades_proxy_not_exact_queue_or_fill_probability
534,l2Book,1784017401572,1784017401802164120,0.230633,buy,62572,62572,62573,1,0.005,5.16782,29,1033.564,2,0,0,0,5.17282,0,not_depleted,,0.0,False,missing_same_side_strict_through_support;missing_recent_same_side_at_or_through_throughput,110,59483,0,83,same_touch_stable_enough,real_bbo_history_touch_stability,44910,1784017356662,7.46013,5.16782,-2.29231,33,29,-4,reset_supported,same_touch_top_qty_or_order_count_reduced,pass,,,,latest_l2_received_before_or_at_candidate,latest_l2_exchange_time_equal_candidate,event_driven_current_l2_plus_rolling_public_trades_proxy_not_exact_queue_or_fill_probability
535,l2Book,1784017402102,1784017402318729025,0.217223,buy,62572,62572,62573,1,0.005,6.84293,32,1368.586,2,0,0,0,6.84793,0,not_depleted,,0.0,False,missing_same_side_strict_through_support;missing_recent_same_side_at_or_through_throughput,110,59461,0,84,same_touch_stable_enough,real_bbo_history_touch_stability,45440,1784017356662,7.46013,6.84293,-0.6172,33,32,-1,reset_supported,same_touch_top_qty_or_order_count_reduced,pass,,,,latest_l2_received_before_or_at_candidate,latest_l2_exchange_time_equal_candidate,event_driven_current_l2_plus_rolling_public_trades_proxy_not_exact_queue_or_fill_probability
536,l2Book,1784017402643,1784017402855475795,0.212965,buy,62572,62572,62573,1,0.005,6.84293,32,1368.586,2,0,0,0,6.84793,0,not_depleted,,0.0,False,missing_same_side_strict_through_support;missing_recent_same_side_at_or_through_throughput,110,59463,0,85,same_touch_stable_enough,real_bbo_history_touch_stability,45981,1784017356662,7.46013,6.84293,-0.6172,33,32,-1,reset_supported,same_touch_top_qty_or_order_count_reduced,pass,,,,latest_l2_received_before_or_at_candidate,latest_l2_exchange_time_equal_candidate,event_driven_current_l2_plus_rolling_public_trades_proxy_not_exact_queue_or_fill_probability
537,l2Book,1784017403181,1784017403397150041,0.216645,buy,62572,62572,62573,1,0.005,5.36888,32,1073.776,1,0,0,0,5.37388,0,not_depleted,,0.0,False,missing_same_side_strict_through_support;missing_recent_same_side_at_or_through_throughput,110,59465,0,86,same_touch_stable_enough,real_bbo_history_touch_stability,46519,1784017356662,7.46013,5.36888,-2.09125,33,32,-1,reset_supported,same_touch_top_qty_or_order_count_reduced,pass,,,,latest_l2_received_before_or_at_candidate,latest_l2_exchange_time_equal_candidate,event_driven_current_l2_plus_rolling_public_trades_proxy_not_exact_queue_or_fill_probability
538,trades,1784017403583,1784017403796814431,0.214323,buy,62572,62572,62573,1,0.005,5.36888,32,1073.776,2,0.05819,0,0.05819,5.37388,0.01082830282775201530365397069,touched_quote_without_depletion,,0.005,False,missing_same_side_strict_through_support,110,59465,402,86,same_touch_stable_enough,real_bbo_history_touch_stability,46921,1784017356662,7.46013,5.36888,-2.09125,33,32,-1,reset_supported,same_touch_top_qty_or_order_count_reduced,pass,,,,latest_l2_received_before_or_at_candidate,latest_l2_exchange_time_before_candidate,event_driven_current_l2_plus_rolling_public_trades_proxy_not_exact_queue_or_fill_probability
539,l2Book,1784017403724,1784017403968464871,0.24494,buy,62572,62572,62573,1,0.005,1.89983,21,379.966,2,0.05819,0,0.05819,1.90483,0.03054865788548059406876204176,touched_quote_without_depletion,,0.005,False,missing_same_side_strict_through_support,110,59471,0,87,same_touch_stable_enough,real_bbo_history_touch_stability,47062,1784017356662,7.46013,1.89983,-5.5603,33,21,-12,reset_supported,same_touch_top_qty_or_order_count_reduced,pass,,,,latest_l2_received_before_or_at_candidate,latest_l2_exchange_time_equal_candidate,event_driven_current_l2_plus_rolling_public_trades_proxy_not_exact_queue_or_fill_probability
540,l2Book,1784017404320,1784017404551103826,0.231599,buy,62572,62572,62573,1,0.005,1.42039,20,284.078,1,0.05819,0,0.05819,1.42539,0.04082391485838963371428170536,touched_quote_without_depletion,,0.005,False,missing_same_side_strict_through_support,110,59509,0,88,same_touch_stable_enough,real_bbo_history_touch_stability,47658,1784017356662,7.46013,1.42039,-6.03974,33,20,-13,reset_supported,same_touch_top_qty_or_order_count_reduced,pass,,,,latest_l2_received_before_or_at_candidate,latest_l2_exchange_time_equal_candidate,event_driven_current_l2_plus_rolling_public_trades_proxy_not_exact_queue_or_fill_probability
541,l2Book,1784017404865,1784017405088533766,0.224038,buy,62572,62572,62573,1,0.005,1.42023,20,284.046,1,0.05819,0,0.05819,1.42523,0.04082849785648632150600253994,touched_quote_without_depletion,,0.005,False,missing_same_side_strict_through_support,110,59539,0,89,same_touch_stable_enough,real_bbo_history_touch_stability,48203,1784017356662,7.46013,1.42023,-6.0399,33,20,-13,reset_supported,same_touch_top_qty_or_order_count_reduced,pass,,,,latest_l2_received_before_or_at_candidate,latest_l2_exchange_time_equal_candidate,event_driven_current_l2_plus_rolling_public_trades_proxy_not_exact_queue_or_fill_probability
542,l2Book,1784017405400,1784017405610831442,0.211369,buy,62572,62572,62573,1,0.005,1.42023,20,284.046,1,0.05819,0,0.05819,1.42523,0.04082849785648632150600253994,touched_quote_without_depletion,,0.005,False,missing_same_side_strict_through_support,110,59529,0,90,same_touch_stable_enough,real_bbo_history_touch_stability,48738,1784017356662,7.46013,1.42023,-6.0399,33,20,-13,reset_supported,same_touch_top_qty_or_order_count_reduced,pass,,,,latest_l2_received_before_or_at_candidate,latest_l2_exchange_time_equal_candidate,event_driven_current_l2_plus_rolling_public_trades_proxy_not_exact_queue_or_fill_probability
543,l2Book,1784017405936,1784017406149646422,0.214131,buy,62572,62572,62573,1,0.005,1.42023,20,284.046,1,0.05819,0,0.05819,1.42523,0.04082849785648632150600253994,touched_quote_without_depletion,,0.005,False,missing_same_side_strict_through_support,110,59550,0,91,same_touch_stable_enough,real_bbo_history_touch_stability,49274,1784017356662,7.46013,1.42023,-6.0399,33,20,-13,reset_supported,same_touch_top_qty_or_order_count_reduced,pass,,,,latest_l2_received_before_or_at_candidate,latest_l2_exchange_time_equal_candidate,event_driven_current_l2_plus_rolling_public_trades_proxy_not_exact_queue_or_fill_probability
544,l2Book,1784017406541,1784017406764057829,0.223588,buy,62572,62572,62573,1,0.005,1.42023,20,284.046,1,0.05819,0,0.05819,1.42523,0.04082849785648632150600253994,touched_quote_without_depletion,,0.005,False,missing_same_side_strict_through_support,110,59637,0,92,same_touch_stable_enough,real_bbo_history_touch_stability,49879,1784017356662,7.46013,1.42023,-6.0399,33,20,-13,reset_supported,same_touch_top_qty_or_order_count_reduced,pass,,,,latest_l2_received_before_or_at_candidate,latest_l2_exchange_time_equal_candidate,event_driven_current_l2_plus_rolling_public_trades_proxy_not_exact_queue_or_fill_probability
545,trades,1784017407008,1784017407247569706,0.240037,buy,62572,62572,62573,1,0.005,1.42023,20,284.046,1,0,0,0,1.42523,0,not_depleted,,0.0,False,missing_same_side_strict_through_support;missing_recent_same_side_at_or_through_throughput,109,59099,467,92,same_touch_stable_enough,real_bbo_history_touch_stability,50346,1784017356662,7.46013,1.42023,-6.0399,33,20,-13,reset_supported,same_touch_top_qty_or_order_count_reduced,pass,,,,latest_l2_received_before_or_at_candidate,latest_l2_exchange_time_before_candidate,event_driven_current_l2_plus_rolling_public_trades_proxy_not_exact_queue_or_fill_probability
546,l2Book,1784017407057,1784017407292062457,0.235569,buy,62572,62572,62573,1,0.005,0.98023,19,196.046,1,0,0,0,0.98523,0,not_depleted,,0.0,False,missing_same_side_strict_through_support;missing_recent_same_side_at_or_through_throughput,110,59615,0,93,same_touch_stable_enough,real_bbo_history_touch_stability,50395,1784017356662,7.46013,0.98023,-6.4799,33,19,-14,reset_supported,same_touch_top_qty_or_order_count_reduced,pass,,,,latest_l2_received_before_or_at_candidate,latest_l2_exchange_time_equal_candidate,event_driven_current_l2_plus_rolling_public_trades_proxy_not_exact_queue_or_fill_probability
547,l2Book,1784017407623,1784017407841352188,0.218847,buy,62572,62572,62573,1,0.005,0.98023,19,196.046,1,0,0,0,0.98523,0,not_depleted,,0.0,False,missing_same_side_strict_through_support;missing_recent_same_side_at_or_through_throughput,110,59654,0,94,same_touch_stable_enough,real_bbo_history_touch_stability,50961,1784017356662,7.46013,0.98023,-6.4799,33,19,-14,reset_supported,same_touch_top_qty_or_order_count_reduced,pass,,,,latest_l2_received_before_or_at_candidate,latest_l2_exchange_time_equal_candidate,event_driven_current_l2_plus_rolling_public_trades_proxy_not_exact_queue_or_fill_probability
548,l2Book,1784017408159,1784017408354443420,0.195959,buy,62572,62572,62573,1,0.005,2.11705,20,423.41,1,0,0,0,2.12205,0,not_depleted,,0.0,False,missing_same_side_strict_through_support;missing_recent_same_side_at_or_through_throughput,110,59684,0,95,same_touch_stable_enough,real_bbo_history_touch_stability,51497,1784017356662,7.46013,2.11705,-5.34308,33,20,-13,reset_supported,same_touch_top_qty_or_order_count_reduced,pass,,,,latest_l2_received_before_or_at_candidate,latest_l2_exchange_time_equal_candidate,event_driven_current_l2_plus_rolling_public_trades_proxy_not_exact_queue_or_fill_probability
549,trades,1784017408427,1784017408633354684,0.206874,buy,62572,62572,62573,1,0.005,2.11705,20,423.41,2,0,0,0,2.12205,0,not_depleted,,0.0,False,missing_same_side_strict_through_support;missing_recent_same_side_at_or_through_throughput,110,59684,268,95,same_touch_stable_enough,real_bbo_history_touch_stability,51765,1784017356662,7.46013,2.11705,-5.34308,33,20,-13,reset_supported,same_touch_top_qty_or_order_count_reduced,pass,,,,latest_l2_received_before_or_at_candidate,latest_l2_exchange_time_before_candidate,event_driven_current_l2_plus_rolling_public_trades_proxy_not_exact_queue_or_fill_probability
550,l2Book,1784017408682,1784017408896411205,0.214975,buy,62572,62572,62573,1,0.005,2.11794,20,423.588,2,0,0,0,2.12294,0,not_depleted,,0.0,False,missing_same_side_strict_through_support;missing_recent_same_side_at_or_through_throughput,110,59680,0,96,same_touch_stable_enough,real_bbo_history_touch_stability,52020,1784017356662,7.46013,2.11794,-5.34219,33,20,-13,reset_supported,same_touch_top_qty_or_order_count_reduced,pass,,,,latest_l2_received_before_or_at_candidate,latest_l2_exchange_time_equal_candidate,event_driven_current_l2_plus_rolling_public_trades_proxy_not_exact_queue_or_fill_probability
551,trades,1784017409030,1784017409237709989,0.208221,buy,62572,62572,62573,1,0.005,2.11794,20,423.588,3,0,0,0,2.12294,0,not_depleted,,0.0,False,missing_same_side_strict_through_support;missing_recent_same_side_at_or_through_throughput,109,59133,348,96,same_touch_stable_enough,real_bbo_history_touch_stability,52368,1784017356662,7.46013,2.11794,-5.34219,33,20,-13,reset_supported,same_touch_top_qty_or_order_count_reduced,pass,,,,latest_l2_received_before_or_at_candidate,latest_l2_exchange_time_before_candidate,event_driven_current_l2_plus_rolling_public_trades_proxy_not_exact_queue_or_fill_probability
552,l2Book,1784017409233,1784017409477267518,0.244749,buy,62572,62572,62573,1,0.005,2.11794,20,423.588,3,0,0,0,2.12294,0,not_depleted,,0.0,False,missing_same_side_strict_through_support;missing_recent_same_side_at_or_through_throughput,110,59684,0,97,same_touch_stable_enough,real_bbo_history_touch_stability,52571,1784017356662,7.46013,2.11794,-5.34219,33,20,-13,reset_supported,same_touch_top_qty_or_order_count_reduced,pass,,,,latest_l2_received_before_or_at_candidate,latest_l2_exchange_time_equal_candidate,event_driven_current_l2_plus_rolling_public_trades_proxy_not_exact_queue_or_fill_probability
553,l2Book,1784017409769,1784017409987690742,0.219191,buy,62572,62572,62573,1,0.005,2.11794,20,423.588,3,0,0,0,2.12294,0,not_depleted,,0.0,False,missing_same_side_strict_through_support;missing_recent_same_side_at_or_through_throughput,110,59676,0,98,same_touch_stable_enough,real_bbo_history_touch_stability,53107,1784017356662,7.46013,2.11794,-5.34219,33,20,-13,reset_supported,same_touch_top_qty_or_order_count_reduced,pass,,,,latest_l2_received_before_or_at_candidate,latest_l2_exchange_time_equal_candidate,event_driven_current_l2_plus_rolling_public_trades_proxy_not_exact_queue_or_fill_probability
554,l2Book,1784017410375,1784017410589972830,0.21546,buy,62572,62572,62573,1,0.005,2.11728,20,423.456,2,0,0,0,2.12228,0,not_depleted,,0.0,False,missing_same_side_strict_through_support;missing_recent_same_side_at_or_through_throughput,110,59771,0,99,same_touch_stable_enough,real_bbo_history_touch_stability,53713,1784017356662,7.46013,2.11728,-5.34285,33,20,-13,reset_supported,same_touch_top_qty_or_order_count_reduced,pass,,,,latest_l2_received_before_or_at_candidate,latest_l2_exchange_time_equal_candidate,event_driven_current_l2_plus_rolling_public_trades_proxy_not_exact_queue_or_fill_probability
555,trades,1784017410645,1784017410812828320,0.168304,buy,62572,62572,62573,1,0.005,2.11728,20,423.456,4,0,0,0,2.12228,0,not_depleted,,0.0,False,missing_same_side_strict_through_support;missing_recent_same_side_at_or_through_throughput,109,59245,270,99,same_touch_stable_enough,real_bbo_history_touch_stability,53983,1784017356662,7.46013,2.11728,-5.34285,33,20,-13,reset_supported,same_touch_top_qty_or_order_count_reduced,pass,,,,latest_l2_received_before_or_at_candidate,latest_l2_exchange_time_before_candidate,event_driven_current_l2_plus_rolling_public_trades_proxy_not_exact_queue_or_fill_probability
556,l2Book,1784017410980,1784017411198623508,0.219142,buy,62572,62572,62573,1,0.005,2.11728,20,423.456,4,0,0,0,2.12228,0,not_depleted,,0.0,False,missing_same_side_strict_through_support;missing_recent_same_side_at_or_through_throughput,110,59850,0,100,same_touch_stable_enough,real_bbo_history_touch_stability,54318,1784017356662,7.46013,2.11728,-5.34285,33,20,-13,reset_supported,same_touch_top_qty_or_order_count_reduced,pass,,,,latest_l2_received_before_or_at_candidate,latest_l2_exchange_time_equal_candidate,event_driven_current_l2_plus_rolling_public_trades_proxy_not_exact_queue_or_fill_probability
557,l2Book,1784017411583,1784017411828636958,0.246118,buy,62572,62572,62573,1,0.005,2.11728,20,423.456,3,0,0,0,2.12228,0,not_depleted,,0.0,False,missing_same_side_strict_through_support;missing_recent_same_side_at_or_through_throughput,110,59907,0,101,same_touch_stable_enough,real_bbo_history_touch_stability,54921,1784017356662,7.46013,2.11728,-5.34285,33,20,-13,reset_supported,same_touch_top_qty_or_order_count_reduced,pass,,,,latest_l2_received_before_or_at_candidate,latest_l2_exchange_time_equal_candidate,event_driven_current_l2_plus_rolling_public_trades_proxy_not_exact_queue_or_fill_probability
558,trades,1784017411854,1784017412040268682,0.186736,buy,62572,62572,62573,1,0.005,2.11728,20,423.456,4,0.0004,0,0.0004,2.12228,0.0001884765440940874908117684754,touched_quote_without_depletion,,0.0001,False,missing_same_side_strict_through_support,109,59377,271,101,same_touch_stable_enough,real_bbo_history_touch_stability,55192,1784017356662,7.46013,2.11728,-5.34285,33,20,-13,reset_supported,same_touch_top_qty_or_order_count_reduced,pass,,,,latest_l2_received_before_or_at_candidate,latest_l2_exchange_time_before_candidate,event_driven_current_l2_plus_rolling_public_trades_proxy_not_exact_queue_or_fill_probability
559,trades,1784017412055,1784017412275322937,0.220786,buy,62572,62572,62573,1,0.005,2.11728,20,423.456,5,0.00184,0,0.00184,2.12228,0.0008669921028328024577341349869,touched_quote_without_depletion,,0.00046,False,missing_same_side_strict_through_support,109,59377,472,101,same_touch_stable_enough,real_bbo_history_touch_stability,55393,1784017356662,7.46013,2.11728,-5.34285,33,20,-13,reset_supported,same_touch_top_qty_or_order_count_reduced,pass,,,,latest_l2_received_before_or_at_candidate,latest_l2_exchange_time_before_candidate,event_driven_current_l2_plus_rolling_public_trades_proxy_not_exact_queue_or_fill_probability
560,l2Book,1784017412113,1784017412332827240,0.220308,buy,62572,62572,62573,1,0.005,2.11544,20,423.088,5,0.00184,0,0.00184,2.12044,0.0008677444304012374790137895908,touched_quote_without_depletion,,0.00046,False,missing_same_side_strict_through_support,110,59907,0,102,same_touch_stable_enough,real_bbo_history_touch_stability,55451,1784017356662,7.46013,2.11544,-5.34469,33,20,-13,reset_supported,same_touch_top_qty_or_order_count_reduced,pass,,,,latest_l2_received_before_or_at_candidate,latest_l2_exchange_time_equal_candidate,event_driven_current_l2_plus_rolling_public_trades_proxy_not_exact_queue_or_fill_probability
561,l2Book,1784017412658,1784017412878627835,0.221069,buy,62572,62572,62573,1,0.005,2.59488,21,518.976,5,0.00184,0,0.00184,2.59988,0.0007077249719217810052771666385,touched_quote_without_depletion,,0.00046,False,missing_same_side_strict_through_support,110,59846,0,103,same_touch_stable_enough,real_bbo_history_touch_stability,55996,1784017356662,7.46013,2.59488,-4.86525,33,21,-12,reset_supported,same_touch_top_qty_or_order_count_reduced,pass,,,,latest_l2_received_before_or_at_candidate,latest_l2_exchange_time_equal_candidate,event_driven_current_l2_plus_rolling_public_trades_proxy_not_exact_queue_or_fill_probability
562,l2Book,1784017413173,1784017413408635056,0.236091,buy,62572,62572,62573,1,0.005,4.03223,22,806.446,5,0.00184,0,0.00184,4.03723,0.0004557580321160795892233040971,touched_quote_without_depletion,,0.00046,False,missing_same_side_strict_through_support,110,59763,0,104,same_touch_stable_enough,real_bbo_history_touch_stability,56511,1784017356662,7.46013,4.03223,-3.4279,33,22,-11,reset_supported,same_touch_top_qty_or_order_count_reduced,pass,,,,latest_l2_received_before_or_at_candidate,latest_l2_exchange_time_equal_candidate,event_driven_current_l2_plus_rolling_public_trades_proxy_not_exact_queue_or_fill_probability
563,l2Book,1784017413723,1784017413938255426,0.215734,buy,62572,62572,62573,1,0.005,4.03301,22,806.602,3,0.00184,0,0.00184,4.03801,0.0004556699958642994940577165485,touched_quote_without_depletion,,0.00046,False,missing_same_side_strict_through_support,110,59761,0,105,same_touch_stable_enough,real_bbo_history_touch_stability,57061,1784017356662,7.46013,4.03301,-3.42712,33,22,-11,reset_supported,same_touch_top_qty_or_order_count_reduced,pass,,,,latest_l2_received_before_or_at_candidate,latest_l2_exchange_time_equal_candidate,event_driven_current_l2_plus_rolling_public_trades_proxy_not_exact_queue_or_fill_probability
564,trades,1784017414002,1784017414237203423,0.235719,buy,62572,62572,62573,1,0.005,4.03301,22,806.602,4,0.00184,0,0.00184,4.03801,0.0004556699958642994940577165485,touched_quote_without_depletion,,0.00046,False,missing_same_side_strict_through_support,109,59218,279,105,same_touch_stable_enough,real_bbo_history_touch_stability,57340,1784017356662,7.46013,4.03301,-3.42712,33,22,-11,reset_supported,same_touch_top_qty_or_order_count_reduced,pass,,,,latest_l2_received_before_or_at_candidate,latest_l2_exchange_time_before_candidate,event_driven_current_l2_plus_rolling_public_trades_proxy_not_exact_queue_or_fill_probability
565,l2Book,1784017414243,1784017414482784630,0.240298,buy,62572,62572,62573,1,0.005,4.03301,22,806.602,4,0.00184,0,0.00184,4.03801,0.0004556699958642994940577165485,touched_quote_without_depletion,,0.00046,False,missing_same_side_strict_through_support,110,59738,0,106,same_touch_stable_enough,real_bbo_history_touch_stability,57581,1784017356662,7.46013,4.03301,-3.42712,33,22,-11,reset_supported,same_touch_top_qty_or_order_count_reduced,pass,,,,latest_l2_received_before_or_at_candidate,latest_l2_exchange_time_equal_candidate,event_driven_current_l2_plus_rolling_public_trades_proxy_not_exact_queue_or_fill_probability
566,l2Book,1784017414807,1784017415027356874,0.220883,buy,62572,62572,62573,1,0.005,3.55278,21,710.556,4,0.00184,0,0.00184,3.55778,0.0005171764414887935735205661958,touched_quote_without_depletion,,0.00046,False,missing_same_side_strict_through_support,110,59766,0,107,same_touch_stable_enough,real_bbo_history_touch_stability,58145,1784017356662,7.46013,3.55278,-3.90735,33,21,-12,reset_supported,same_touch_top_qty_or_order_count_reduced,pass,,,,latest_l2_received_before_or_at_candidate,latest_l2_exchange_time_equal_candidate,event_driven_current_l2_plus_rolling_public_trades_proxy_not_exact_queue_or_fill_probability
567,l2Book,1784017415332,1784017415582786664,0.251287,buy,62572,62572,62573,1,0.005,8.74939,34,1749.878,1,0,0,0,8.75439,0,not_depleted,,0.0,False,missing_same_side_strict_through_support;missing_recent_same_side_at_or_through_throughput,110,59745,0,108,same_touch_stable_enough,real_bbo_history_touch_stability,58670,1784017356662,7.46013,8.74939,1.28926,33,34,1,not_reset,history_present_no_reset,pass,,,history_present_no_reset,latest_l2_received_before_or_at_candidate,latest_l2_exchange_time_equal_candidate,event_driven_current_l2_plus_rolling_public_trades_proxy_not_exact_queue_or_fill_probability
568,l2Book,1784017415898,1784017416123698758,0.226178,buy,62572,62572,62573,1,0.005,6.79219,34,1358.438,1,0,0,0,6.79719,0,not_depleted,,0.0,False,missing_same_side_strict_through_support;missing_recent_same_side_at_or_through_throughput,110,59761,0,109,same_touch_stable_enough,real_bbo_history_touch_stability,59236,1784017356662,8.74939,6.79219,-1.9572,34,34,0,not_reset,history_present_no_reset,pass,,,history_present_no_reset,latest_l2_received_before_or_at_candidate,latest_l2_exchange_time_equal_candidate,event_driven_current_l2_plus_rolling_public_trades_proxy_not_exact_queue_or_fill_probability
569,l2Book,1784017416446,1784017416707402440,0.261869,buy,62572,62572,62573,1,0.005,3.33868,24,667.736,1,0,0,0,3.34368,0,not_depleted,,0.0,False,missing_same_side_strict_through_support;missing_recent_same_side_at_or_through_throughput,110,59784,0,110,same_touch_stable_enough,real_bbo_history_touch_stability,59784,1784017356662,8.74939,3.33868,-5.41071,34,24,-10,reset_supported,same_touch_top_qty_or_order_count_reduced,pass,,,,latest_l2_received_before_or_at_candidate,latest_l2_exchange_time_equal_candidate,event_driven_current_l2_plus_rolling_public_trades_proxy_not_exact_queue_or_fill_probability
570,l2Book,1784017416975,1784017417222675973,0.248154,buy,62572,62572,62573,1,0.005,2.85596,21,571.192,1,0,0,0,2.86096,0,not_depleted,,0.0,False,missing_same_side_strict_through_support;missing_recent_same_side_at_or_through_throughput,110,59761,0,110,same_touch_stable_enough,real_bbo_history_touch_stability,59761,1784017357214,8.74939,2.85596,-5.89343,34,21,-13,reset_supported,same_touch_top_qty_or_order_count_reduced,pass,,,,latest_l2_received_before_or_at_candidate,latest_l2_exchange_time_equal_candidate,event_driven_current_l2_plus_rolling_public_trades_proxy_not_exact_queue_or_fill_probability
571,l2Book,1784017417521,1784017417735407382,0.214883,buy,62572,62572,62573,1,0.005,2.85596,21,571.192,0,0,0,0,2.86096,0,not_depleted,,0.0,False,missing_same_side_strict_through_support;missing_recent_same_side_at_or_through_throughput,110,59772,0,110,same_touch_stable_enough,real_bbo_history_touch_stability,59772,1784017357749,8.74939,2.85596,-5.89343,34,21,-13,reset_supported,same_touch_top_qty_or_order_count_reduced,pass,,,,latest_l2_received_before_or_at_candidate,latest_l2_exchange_time_equal_candidate,event_driven_current_l2_plus_rolling_public_trades_proxy_not_exact_queue_or_fill_probability
572,l2Book,1784017418059,1784017418322930716,0.264474,buy,62572,62572,62573,1,0.005,3.33412,22,666.824,0,0,0,0,3.33912,0,not_depleted,,0.0,False,missing_same_side_strict_through_support;missing_recent_same_side_at_or_through_throughput,110,59777,0,110,same_touch_stable_enough,real_bbo_history_touch_stability,59777,1784017358282,8.74939,3.33412,-5.41527,34,22,-12,reset_supported,same_touch_top_qty_or_order_count_reduced,pass,,,,latest_l2_received_before_or_at_candidate,latest_l2_exchange_time_equal_candidate,event_driven_current_l2_plus_rolling_public_trades_proxy_not_exact_queue_or_fill_probability
573,trades,1784017418059,1784017418323711951,0.265034,buy,62572,62572,62573,1,0.005,3.33412,22,666.824,2,0.00128,0,0.00128,3.33912,0.0003833345312537435012817748389,touched_quote_without_depletion,,0.00032,False,missing_same_side_strict_through_support,110,59777,0,110,same_touch_stable_enough,real_bbo_history_touch_stability,59777,1784017358282,8.74939,3.33412,-5.41527,34,22,-12,reset_supported,same_touch_top_qty_or_order_count_reduced,pass,,,,latest_l2_received_before_or_at_candidate,latest_l2_exchange_time_equal_candidate,event_driven_current_l2_plus_rolling_public_trades_proxy_not_exact_queue_or_fill_probability
574,l2Book,1784017418596,1784017418803254636,0.207757,buy,62572,62572,62573,1,0.005,4.27574,23,855.148,2,0.00128,0,0.00128,4.28074,0.0002990137219265827870882137201,touched_quote_without_depletion,,0.00032,False,missing_same_side_strict_through_support,110,59784,0,110,same_touch_stable_enough,real_bbo_history_touch_stability,59784,1784017358812,8.74939,4.27574,-4.47365,34,23,-11,reset_supported,same_touch_top_qty_or_order_count_reduced,pass,,,,latest_l2_received_before_or_at_candidate,latest_l2_exchange_time_equal_candidate,event_driven_current_l2_plus_rolling_public_trades_proxy_not_exact_queue_or_fill_probability
575,trades,1784017418664,1784017418852125771,0.188612,buy,62572,62572,62573,1,0.005,4.27574,23,855.148,4,0.00548,0,0.00548,4.28074,0.001280152496998182557221414989,touched_quote_without_depletion,,0.00137,False,missing_same_side_strict_through_support,110,59784,68,110,same_touch_stable_enough,real_bbo_history_touch_stability,59852,1784017358812,8.74939,4.27574,-4.47365,34,23,-11,reset_supported,same_touch_top_qty_or_order_count_reduced,pass,,,,latest_l2_received_before_or_at_candidate,latest_l2_exchange_time_before_candidate,event_driven_current_l2_plus_rolling_public_trades_proxy_not_exact_queue_or_fill_probability
576,trades,1784017418866,1784017419049236888,0.18375,buy,62572,62572,62573,1,0.005,4.27574,23,855.148,6,0.08539,0,0.08539,4.28074,0.01994748571508664389801763247,touched_quote_without_depletion,,0.005,False,missing_same_side_strict_through_support,109,59234,270,109,same_touch_stable_enough,real_bbo_history_touch_stability,59504,1784017359362,8.74939,4.27574,-4.47365,34,23,-11,reset_supported,same_touch_top_qty_or_order_count_reduced,pass,,,,latest_l2_received_before_or_at_candidate,latest_l2_exchange_time_before_candidate,event_driven_current_l2_plus_rolling_public_trades_proxy_not_exact_queue_or_fill_probability
577,l2Book,1784017419135,1784017419347839373,0.21345,buy,62572,62572,62573,1,0.005,6.55094,30,1310.188,6,0.08539,0,0.08539,6.55594,0.0130248293913611167887442533,touched_quote_without_depletion,,0.005,False,missing_same_side_strict_through_support,110,59773,0,110,same_touch_stable_enough,real_bbo_history_touch_stability,59773,1784017359362,8.74939,6.55094,-2.19845,34,30,-4,reset_supported,same_touch_top_qty_or_order_count_reduced,pass,,,,latest_l2_received_before_or_at_candidate,latest_l2_exchange_time_equal_candidate,event_driven_current_l2_plus_rolling_public_trades_proxy_not_exact_queue_or_fill_probability
578,l2Book,1784017419672,1784017419895419367,0.223897,buy,62572,62572,62573,1,0.005,6.59305,31,1318.61,6,0.08539,0,0.08539,6.59805,0.0129417024727002675032774835,touched_quote_without_depletion,,0.005,False,missing_same_side_strict_through_support,110,59773,0,110,same_touch_stable_enough,real_bbo_history_touch_stability,59773,1784017359899,8.74939,6.59305,-2.15634,34,31,-3,reset_supported,same_touch_top_qty_or_order_count_reduced,pass,,,,latest_l2_received_before_or_at_candidate,latest_l2_exchange_time_equal_candidate,event_driven_current_l2_plus_rolling_public_trades_proxy_not_exact_queue_or_fill_probability
579,l2Book,1784017420209,1784017420434647806,0.226178,buy,62572,62572,62573,1,0.005,7.07945,34,1415.89,6,0.08539,0,0.08539,7.08445,0.01205315867851421070090126968,touched_quote_without_depletion,,0.005,False,missing_same_side_strict_through_support,110,59778,0,110,same_touch_stable_enough,real_bbo_history_touch_stability,59778,1784017360431,8.74939,7.07945,-1.66994,34,34,0,not_reset,history_present_no_reset,pass,,,history_present_no_reset,latest_l2_received_before_or_at_candidate,latest_l2_exchange_time_equal_candidate,event_driven_current_l2_plus_rolling_public_trades_proxy_not_exact_queue_or_fill_probability
580,l2Book,1784017420748,1784017420956539639,0.209009,buy,62572,62572,62573,1,0.005,7.07945,34,1415.89,6,0.08539,0,0.08539,7.08445,0.01205315867851421070090126968,touched_quote_without_depletion,,0.005,False,missing_same_side_strict_through_support,110,59773,0,110,same_touch_stable_enough,real_bbo_history_touch_stability,59773,1784017360975,8.74939,7.07945,-1.66994,34,34,0,not_reset,history_present_no_reset,pass,,,history_present_no_reset,latest_l2_received_before_or_at_candidate,latest_l2_exchange_time_equal_candidate,event_driven_current_l2_plus_rolling_public_trades_proxy_not_exact_queue_or_fill_probability
581,trades,1784017420814,1784017421007220122,0.193727,buy,62572,62572,62573,1,0.005,7.07945,34,1415.89,7,0.08539,0,0.08539,7.08445,0.01205315867851421070090126968,touched_quote_without_depletion,,0.005,False,missing_same_side_strict_through_support,110,59773,66,110,same_touch_stable_enough,real_bbo_history_touch_stability,59839,1784017360975,8.74939,7.07945,-1.66994,34,34,0,not_reset,history_present_no_reset,pass,,,history_present_no_reset,latest_l2_received_before_or_at_candidate,latest_l2_exchange_time_before_candidate,event_driven_current_l2_plus_rolling_public_trades_proxy_not_exact_queue_or_fill_probability
582,l2Book,1784017421283,1784017421636985671,0.354482,buy,62572,62572,62573,1,0.005,9.47693,35,1895.386,5,0.08411,0,0.08411,9.48193,0.008870556943575833190078391214,touched_quote_without_depletion,,0.005,False,missing_same_side_strict_through_support,110,59773,0,110,same_touch_stable_enough,real_bbo_history_touch_stability,59773,1784017361510,8.74939,9.47693,0.72754,34,35,1,not_reset,history_present_no_reset,pass,,,history_present_no_reset,latest_l2_received_before_or_at_candidate,latest_l2_exchange_time_equal_candidate,event_driven_current_l2_plus_rolling_public_trades_proxy_not_exact_queue_or_fill_probability
583,l2Book,1784017421820,1784017422035586122,0.216091,buy,62572,62572,62573,1,0.005,5.87428,27,1174.856,3,0.07991,0,0.07991,5.87928,0.01359180035650623885918003565,touched_quote_without_depletion,,0.005,False,missing_same_side_strict_through_support,110,59721,0,110,same_touch_stable_enough,real_bbo_history_touch_stability,59721,1784017362099,9.47693,5.87428,-3.60265,35,27,-8,reset_supported,same_touch_top_qty_or_order_count_reduced,pass,,,,latest_l2_received_before_or_at_candidate,latest_l2_exchange_time_equal_candidate,event_driven_current_l2_plus_rolling_public_trades_proxy_not_exact_queue_or_fill_probability
584,l2Book,1784017422422,1784017422637292208,0.215783,buy,62572,62572,62573,1,0.005,8.9915,33,1798.3,1,0,0,0,8.9965,0,not_depleted,,0.0,False,missing_same_side_strict_through_support;missing_recent_same_side_at_or_through_throughput,110,59838,0,110,same_touch_stable_enough,real_bbo_history_touch_stability,59838,1784017362584,9.47693,8.9915,-0.48543,35,33,-2,reset_supported,same_touch_top_qty_or_order_count_reduced,pass,,,,latest_l2_received_before_or_at_candidate,latest_l2_exchange_time_equal_candidate,event_driven_current_l2_plus_rolling_public_trades_proxy_not_exact_queue_or_fill_probability
585,l2Book,1784017422950,1784017423161879800,0.212366,buy,62572,62572,62573,1,0.005,9.47094,34,1894.188,1,0,0,0,9.47594,0,not_depleted,,0.0,False,missing_same_side_strict_through_support;missing_recent_same_side_at_or_through_throughput,110,59829,0,110,same_touch_stable_enough,real_bbo_history_touch_stability,59829,1784017363121,9.47693,9.47094,-0.00599,35,34,-1,reset_supported,same_touch_top_qty_or_order_count_reduced,pass,,,,latest_l2_received_before_or_at_candidate,latest_l2_exchange_time_equal_candidate,event_driven_current_l2_plus_rolling_public_trades_proxy_not_exact_queue_or_fill_probability
586,l2Book,1784017423496,1784017423719064572,0.223584,buy,62572,62572,62573,1,0.005,7.07945,34,1415.89,1,0,0,0,7.08445,0,not_depleted,,0.0,False,missing_same_side_strict_through_support;missing_recent_same_side_at_or_through_throughput,110,59847,0,110,same_touch_stable_enough,real_bbo_history_touch_stability,59847,1784017363649,9.47693,7.07945,-2.39748,35,34,-1,reset_supported,same_touch_top_qty_or_order_count_reduced,pass,,,,latest_l2_received_before_or_at_candidate,latest_l2_exchange_time_equal_candidate,event_driven_current_l2_plus_rolling_public_trades_proxy_not_exact_queue_or_fill_probability
587,l2Book,1784017424026,1784017424298640212,0.273117,buy,62572,62572,62573,1,0.005,7.07946,34,1415.892,0,0,0,0,7.08446,0,not_depleted,,0.0,False,missing_same_side_strict_through_support;missing_recent_same_side_at_or_through_throughput,110,59833,0,110,same_touch_stable_enough,real_bbo_history_touch_stability,59833,1784017364193,9.47693,7.07946,-2.39747,35,34,-1,reset_supported,same_touch_top_qty_or_order_count_reduced,pass,,,,latest_l2_received_before_or_at_candidate,latest_l2_exchange_time_equal_candidate,event_driven_current_l2_plus_rolling_public_trades_proxy_not_exact_queue_or_fill_probability
588,l2Book,1784017424572,1784017424806038563,0.234556,buy,62572,62572,62573,1,0.005,4.51203,26,902.406,0,0,0,0,4.51703,0,not_depleted,,0.0,False,missing_same_side_strict_through_support;missing_recent_same_side_at_or_through_throughput,110,59842,0,110,same_touch_stable_enough,real_bbo_history_touch_stability,59842,1784017364730,9.47693,4.51203,-4.9649,35,26,-9,reset_supported,same_touch_top_qty_or_order_count_reduced,pass,,,,latest_l2_received_before_or_at_candidate,latest_l2_exchange_time_equal_candidate,event_driven_current_l2_plus_rolling_public_trades_proxy_not_exact_queue_or_fill_probability
589,trades,1784017425041,1784017425285751770,0.245253,buy,62572,62572,62573,1,0.005,4.51203,26,902.406,1,0,0,0,4.51703,0,not_depleted,,0.0,False,missing_same_side_strict_through_support;missing_recent_same_side_at_or_through_throughput,109,59333,469,109,same_touch_stable_enough,real_bbo_history_touch_stability,59802,1784017365239,9.47693,4.51203,-4.9649,35,26,-9,reset_supported,same_touch_top_qty_or_order_count_reduced,pass,,,,latest_l2_received_before_or_at_candidate,latest_l2_exchange_time_before_candidate,event_driven_current_l2_plus_rolling_public_trades_proxy_not_exact_queue_or_fill_probability
590,l2Book,1784017425106,1784017425338724300,0.233235,buy,62572,62572,62573,1,0.005,2.36575,21,473.15,1,0,0,0,2.37075,0,not_depleted,,0.0,False,missing_same_side_strict_through_support;missing_recent_same_side_at_or_through_throughput,110,59867,0,110,same_touch_stable_enough,real_bbo_history_touch_stability,59867,1784017365239,9.47693,2.36575,-7.11118,35,21,-14,reset_supported,same_touch_top_qty_or_order_count_reduced,pass,,,,latest_l2_received_before_or_at_candidate,latest_l2_exchange_time_equal_candidate,event_driven_current_l2_plus_rolling_public_trades_proxy_not_exact_queue_or_fill_probability
591,l2Book,1784017425666,1784017425892349184,0.226824,buy,62572,62572,62573,1,0.005,2.36575,21,473.15,1,0,0,0,2.37075,0,not_depleted,,0.0,False,missing_same_side_strict_through_support;missing_recent_same_side_at_or_through_throughput,110,59906,0,110,same_touch_stable_enough,real_bbo_history_touch_stability,59906,1784017365760,9.47693,2.36575,-7.11118,35,21,-14,reset_supported,same_touch_top_qty_or_order_count_reduced,pass,,,,latest_l2_received_before_or_at_candidate,latest_l2_exchange_time_equal_candidate,event_driven_current_l2_plus_rolling_public_trades_proxy_not_exact_queue_or_fill_probability
592,l2Book,1784017426268,1784017426484898793,0.217374,buy,62572,62572,62573,1,0.005,2.36575,21,473.15,1,0,0,0,2.37075,0,not_depleted,,0.0,False,missing_same_side_strict_through_support;missing_recent_same_side_at_or_through_throughput,110,59996,0,110,same_touch_stable_enough,real_bbo_history_touch_stability,59996,1784017366272,9.47693,2.36575,-7.11118,35,21,-14,reset_supported,same_touch_top_qty_or_order_count_reduced,pass,,,,latest_l2_received_before_or_at_candidate,latest_l2_exchange_time_equal_candidate,event_driven_current_l2_plus_rolling_public_trades_proxy_not_exact_queue_or_fill_probability
593,l2Book,1784017426797,1784017427011953324,0.215447,buy,62572,62572,62573,1,0.005,2.36575,21,473.15,1,0,0,0,2.37075,0,not_depleted,,0.0,False,missing_same_side_strict_through_support;missing_recent_same_side_at_or_through_throughput,110,59919,0,110,same_touch_stable_enough,real_bbo_history_touch_stability,59919,1784017366878,9.47693,2.36575,-7.11118,35,21,-14,reset_supported,same_touch_top_qty_or_order_count_reduced,pass,,,,latest_l2_received_before_or_at_candidate,latest_l2_exchange_time_equal_candidate,event_driven_current_l2_plus_rolling_public_trades_proxy_not_exact_queue_or_fill_probability
594,l2Book,1784017427339,1784017427555055269,0.216584,buy,62572,62572,62573,1,0.005,2.36575,21,473.15,1,0,0,0,2.37075,0,not_depleted,,0.0,False,missing_same_side_strict_through_support;missing_recent_same_side_at_or_through_throughput,110,59923,0,110,same_touch_stable_enough,real_bbo_history_touch_stability,59923,1784017367416,9.47693,2.36575,-7.11118,35,21,-14,reset_supported,same_touch_top_qty_or_order_count_reduced,pass,,,,latest_l2_received_before_or_at_candidate,latest_l2_exchange_time_equal_candidate,event_driven_current_l2_plus_rolling_public_trades_proxy_not_exact_queue_or_fill_probability
595,l2Book,1784017427879,1784017428098737171,0.220276,buy,62572,62572,62573,1,0.005,2.36575,21,473.15,1,0,0,0,2.37075,0,not_depleted,,0.0,False,missing_same_side_strict_through_support;missing_recent_same_side_at_or_through_throughput,110,59958,0,110,same_touch_stable_enough,real_bbo_history_touch_stability,59958,1784017367921,9.47693,2.36575,-7.11118,35,21,-14,reset_supported,same_touch_top_qty_or_order_count_reduced,pass,,,,latest_l2_received_before_or_at_candidate,latest_l2_exchange_time_equal_candidate,event_driven_current_l2_plus_rolling_public_trades_proxy_not_exact_queue_or_fill_probability
596,l2Book,1784017428404,1784017428624540424,0.221055,buy,62572,62572,62573,1,0.005,0.98389,19,196.778,0,0,0,0,0.98889,0,not_depleted,,0.0,False,missing_same_side_strict_through_support;missing_recent_same_side_at_or_through_throughput,110,59946,0,110,same_touch_stable_enough,real_bbo_history_touch_stability,59946,1784017368458,9.47693,0.98389,-8.49304,35,19,-16,reset_supported,same_touch_top_qty_or_order_count_reduced,pass,,,,latest_l2_received_before_or_at_candidate,latest_l2_exchange_time_equal_candidate,event_driven_current_l2_plus_rolling_public_trades_proxy_not_exact_queue_or_fill_probability
597,trades,1784017428485,1784017428696159363,0.21165,buy,62572,62572,62573,1,0.005,0.98389,19,196.778,1,0.00228,0,0.00228,0.98889,0.002305615386949003428086035858,touched_quote_without_depletion,,0.00057,False,missing_same_side_strict_through_support,109,59393,81,109,same_touch_stable_enough,real_bbo_history_touch_stability,59474,1784017369011,9.47693,0.98389,-8.49304,35,19,-16,reset_supported,same_touch_top_qty_or_order_count_reduced,pass,,,,latest_l2_received_before_or_at_candidate,latest_l2_exchange_time_before_candidate,event_driven_current_l2_plus_rolling_public_trades_proxy_not_exact_queue_or_fill_probability
598,trades,1784017428607,1784017428796888331,0.190392,buy,62572,62572,62573,1,0.005,0.98389,19,196.778,2,0.01403,0,0.01403,0.98889,0.01418762450828706934037152767,touched_quote_without_depletion,,0.0035,False,missing_same_side_strict_through_support,109,59393,203,109,same_touch_stable_enough,real_bbo_history_touch_stability,59596,1784017369011,9.47693,0.98389,-8.49304,35,19,-16,reset_supported,same_touch_top_qty_or_order_count_reduced,pass,,,,latest_l2_received_before_or_at_candidate,latest_l2_exchange_time_before_candidate,event_driven_current_l2_plus_rolling_public_trades_proxy_not_exact_queue_or_fill_probability
599,l2Book,1784017428951,1784017429204853197,0.254452,buy,62572,62572,62573,1,0.005,0.96986,19,193.972,2,0.01403,0,0.01403,0.97486,0.01439181010606651211456003939,touched_quote_without_depletion,,0.0035,False,missing_same_side_strict_through_support,110,59940,0,110,same_touch_stable_enough,real_bbo_history_touch_stability,59940,1784017369011,9.47693,0.96986,-8.50707,35,19,-16,reset_supported,same_touch_top_qty_or_order_count_reduced,pass,,,,latest_l2_received_before_or_at_candidate,latest_l2_exchange_time_equal_candidate,event_driven_current_l2_plus_rolling_public_trades_proxy_not_exact_queue_or_fill_probability
600,l2Book,1784017429488,1784017429711286200,0.223787,buy,62572,62572,62573,1,0.005,0.96986,19,193.972,2,0.01403,0,0.01403,0.97486,0.01439181010606651211456003939,touched_quote_without_depletion,,0.0035,False,missing_same_side_strict_through_support,110,59930,0,110,same_touch_stable_enough,real_bbo_history_touch_stability,59930,1784017369558,9.47693,0.96986,-8.50707,35,19,-16,reset_supported,same_touch_top_qty_or_order_count_reduced,pass,,,,latest_l2_received_before_or_at_candidate,latest_l2_exchange_time_equal_candidate,event_driven_current_l2_plus_rolling_public_trades_proxy_not_exact_queue_or_fill_probability
601,trades,1784017429888,1784017430074003554,0.186471,buy,62572,62572,62573,1,0.005,0.96986,19,193.972,3,0.01543,0,0.01543,0.97486,0.01582791375171819543319040683,touched_quote_without_depletion,,0.00385,False,missing_same_side_strict_through_support,109,59396,400,109,same_touch_stable_enough,real_bbo_history_touch_stability,59796,1784017370092,9.47693,0.96986,-8.50707,35,19,-16,reset_supported,same_touch_top_qty_or_order_count_reduced,pass,,,,latest_l2_received_before_or_at_candidate,latest_l2_exchange_time_before_candidate,event_driven_current_l2_plus_rolling_public_trades_proxy_not_exact_queue_or_fill_probability
602,l2Book,1784017430015,1784017430276737785,0.262263,buy,62572,62572,62573,1,0.005,0.96846,19,193.692,3,0.01543,0,0.01543,0.97346,0.01585067696669611488915826023,touched_quote_without_depletion,,0.00385,False,missing_same_side_strict_through_support,110,59923,0,110,same_touch_stable_enough,real_bbo_history_touch_stability,59923,1784017370092,9.47693,0.96846,-8.50847,35,19,-16,reset_supported,same_touch_top_qty_or_order_count_reduced,pass,,,,latest_l2_received_before_or_at_candidate,latest_l2_exchange_time_equal_candidate,event_driven_current_l2_plus_rolling_public_trades_proxy_not_exact_queue_or_fill_probability
603,trades,1784017430361,1784017430580400335,0.219878,buy,62572,62572,62573,1,0.005,0.96846,19,193.692,6,0.01887,0,0.01887,0.97346,0.01938446366568734205822529945,touched_quote_without_depletion,,0.00471,False,missing_same_side_strict_through_support,109,59383,346,109,same_touch_stable_enough,real_bbo_history_touch_stability,59729,1784017370632,9.47693,0.96846,-8.50847,35,19,-16,reset_supported,same_touch_top_qty_or_order_count_reduced,pass,,,,latest_l2_received_before_or_at_candidate,latest_l2_exchange_time_before_candidate,event_driven_current_l2_plus_rolling_public_trades_proxy_not_exact_queue_or_fill_probability
604,trades,1784017430497,1784017430703525341,0.207045,buy,62572,62572,62573,1,0.005,0.96846,19,193.692,7,0.01887,0.00017,0.01904,0.97346,0.01955909847348632712181291476,strict_trade_through_seen_but_visible_top_not_depleted,,0.002,False,outside_quality_a_b_queue_bands,109,59383,482,109,same_touch_stable_enough,real_bbo_history_touch_stability,59865,1784017370632,9.47693,0.96846,-8.50847,35,19,-16,reset_supported,same_touch_top_qty_or_order_count_reduced,pass,,,,latest_l2_received_before_or_at_candidate,latest_l2_exchange_time_before_candidate,event_driven_current_l2_plus_rolling_public_trades_proxy_not_exact_queue_or_fill_probability
605,l2Book,1784017430563,1784017430815687792,0.253145,buy,62569,62569,62570,1,0.005,0.05496,3,10.992,7,0,0,0,0.05996,0,not_depleted,,0.0,False,missing_same_side_strict_through_support;missing_touch_freshness_or_queue_reset_evidence;missing_recent_same_side_at_or_through_throughput,110,59931,0,1,same_touch_seen_but_not_stable,real_bbo_history_insufficient,0,1784017430563,,0.05496,,,3,,missing,no_prior_same_touch_bbo,block,no_prior_same_touch_bbo,same_touch_seen_but_not_stable,no_prior_same_touch_bbo,latest_l2_received_before_or_at_candidate,latest_l2_exchange_time_equal_candidate,event_driven_current_l2_plus_rolling_public_trades_proxy_not_exact_queue_or_fill_probability
606,l2Book,1784017431080,1784017431317388805,0.237894,buy,62569,62569,62570,1,0.005,0.05479,2,10.958,7,0,0,0,0.05979,0,not_depleted,,0.0,False,missing_same_side_strict_through_support;missing_recent_same_side_at_or_through_throughput,110,59942,0,2,same_touch_stable_enough,real_bbo_history_touch_stability,517,1784017430563,0.05496,0.05479,-0.00017,3,2,-1,reset_supported,same_touch_top_qty_or_order_count_reduced,pass,,,,latest_l2_received_before_or_at_candidate,latest_l2_exchange_time_equal_candidate,event_driven_current_l2_plus_rolling_public_trades_proxy_not_exact_queue_or_fill_probability
607,l2Book,1784017431624,1784017431838216253,0.214769,buy,62569,62569,62570,1,0.005,0.05502,3,11.004,5,0,0,0,0.06002,0,not_depleted,,0.0,False,missing_same_side_strict_through_support;missing_recent_same_side_at_or_through_throughput,110,59916,0,3,same_touch_stable_enough,real_bbo_history_touch_stability,1061,1784017430563,0.05496,0.05502,0.00006,3,3,0,not_reset,history_present_no_reset,pass,,,history_present_no_reset,latest_l2_received_before_or_at_candidate,latest_l2_exchange_time_equal_candidate,event_driven_current_l2_plus_rolling_public_trades_proxy_not_exact_queue_or_fill_probability
608,l2Book,1784017432229,1784017432449602559,0.221093,buy,62569,62569,62570,1,0.005,0.05519,4,11.038,5,0,0,0,0.06019,0,not_depleted,,0.0,False,missing_same_side_strict_through_support;missing_recent_same_side_at_or_through_throughput,110,59983,0,4,same_touch_stable_enough,real_bbo_history_touch_stability,1666,1784017430563,0.05502,0.05519,0.00017,3,4,1,not_reset,history_present_no_reset,pass,,,history_present_no_reset,latest_l2_received_before_or_at_candidate,latest_l2_exchange_time_equal_candidate,event_driven_current_l2_plus_rolling_public_trades_proxy_not_exact_queue_or_fill_probability
609,trades,1784017432431,1784017432614821775,0.184288,buy,62569,62569,62570,1,0.005,0.05519,4,11.038,6,0.00261,0,0.00261,0.06019,0.04336268483136733676690480146,touched_quote_without_depletion,,0.00065,False,missing_same_side_strict_through_support,109,59380,202,4,same_touch_stable_enough,real_bbo_history_touch_stability,1868,1784017430563,0.05502,0.05519,0.00017,3,4,1,not_reset,history_present_no_reset,pass,,,history_present_no_reset,latest_l2_received_before_or_at_candidate,latest_l2_exchange_time_before_candidate,event_driven_current_l2_plus_rolling_public_trades_proxy_not_exact_queue_or_fill_probability
610,trades,1784017432630,1784017432811476371,0.181965,buy,62569,62569,62570,1,0.005,0.05519,4,11.038,8,0.04798,0,0.04798,0.06019,0.7971423824555574015617212161,touched_quote_without_depletion,,0.005,False,missing_same_side_strict_through_support,109,59380,401,4,same_touch_stable_enough,real_bbo_history_touch_stability,2067,1784017430563,0.05502,0.05519,0.00017,3,4,1,not_reset,history_present_no_reset,pass,,,history_present_no_reset,latest_l2_received_before_or_at_candidate,latest_l2_exchange_time_before_candidate,event_driven_current_l2_plus_rolling_public_trades_proxy_not_exact_queue_or_fill_probability
611,l2Book,1784017432762,1784017432976267328,0.21474,buy,62569,62569,62570,1,0.005,0.00721,4,1.442,8,0.04798,0,0.04798,0.01221,3.92956592956592956592956593,depleted_top_plus_order_proxy,,0.005,False,missing_same_side_strict_through_support,110,59913,0,5,same_touch_stable_enough,real_bbo_history_touch_stability,2199,1784017430563,0.05519,0.00721,-0.04798,4,4,0,reset_supported,same_touch_top_qty_or_order_count_reduced,pass,,,,latest_l2_received_before_or_at_candidate,latest_l2_exchange_time_equal_candidate,event_driven_current_l2_plus_rolling_public_trades_proxy_not_exact_queue_or_fill_probability
612,l2Book,1784017433312,1784017433522640032,0.211112,buy,62569,62569,62570,1,0.005,0.00698,3,1.396,7,0.04798,0,0.04798,0.01198,4.005008347245409015025041736,depleted_top_plus_order_proxy,,0.005,False,missing_same_side_strict_through_support,110,59858,0,6,same_touch_stable_enough,real_bbo_history_touch_stability,2749,1784017430563,0.05519,0.00698,-0.04821,4,3,-1,reset_supported,same_touch_top_qty_or_order_count_reduced,pass,,,,latest_l2_received_before_or_at_candidate,latest_l2_exchange_time_equal_candidate,event_driven_current_l2_plus_rolling_public_trades_proxy_not_exact_queue_or_fill_probability
613,l2Book,1784017433836,1784017434065127197,0.229584,buy,62569,62569,62570,1,0.005,0.00446,3,0.892,3,0.04798,0,0.04798,0.00946,5.0718816067653276955602537,depleted_top_plus_order_proxy,,0.005,False,missing_same_side_strict_through_support,110,59868,0,7,same_touch_stable_enough,real_bbo_history_touch_stability,3273,1784017430563,0.05519,0.00446,-0.05073,4,3,-1,reset_supported,same_touch_top_qty_or_order_count_reduced,pass,,,,latest_l2_received_before_or_at_candidate,latest_l2_exchange_time_equal_candidate,event_driven_current_l2_plus_rolling_public_trades_proxy_not_exact_queue_or_fill_probability
614,trades,1784017433836,1784017434065784738,0.230103,buy,62569,62569,62570,1,0.005,0.00446,3,0.892,4,0.05059,0,0.05059,0.00946,5.347780126849894291754756871,depleted_top_plus_order_proxy,,0.005,False,missing_same_side_strict_through_support,110,59868,0,7,same_touch_stable_enough,real_bbo_history_touch_stability,3273,1784017430563,0.05519,0.00446,-0.05073,4,3,-1,reset_supported,same_touch_top_qty_or_order_count_reduced,pass,,,,latest_l2_received_before_or_at_candidate,latest_l2_exchange_time_equal_candidate,event_driven_current_l2_plus_rolling_public_trades_proxy_not_exact_queue_or_fill_probability
615,trades,1784017434095,1784017434327176196,0.232653,buy,62569,62569,62570,1,0.005,0.00446,3,0.892,9,0.05384,0.00254,0.05638,0.00946,5.959830866807610993657505285,depleted_top_plus_order_proxy,quality_a,0.005,True,,109,59297,259,7,same_touch_stable_enough,real_bbo_history_touch_stability,3532,1784017430563,0.05519,0.00446,-0.05073,4,3,-1,reset_supported,same_touch_top_qty_or_order_count_reduced,pass,,,,latest_l2_received_before_or_at_candidate,latest_l2_exchange_time_before_candidate,event_driven_current_l2_plus_rolling_public_trades_proxy_not_exact_queue_or_fill_probability
616,l2Book,1784017434987,1784017435184456549,0.197958,buy,62560,62560,62563,3,0.005,0.05012,2,10.024,9,0,0,0,0.05512,0,not_depleted,,0.0,False,missing_same_side_strict_through_support;missing_touch_freshness_or_queue_reset_evidence;missing_recent_same_side_at_or_through_throughput,110,59930,0,1,same_touch_seen_but_not_stable,real_bbo_history_insufficient,0,1784017434987,,0.05012,,,2,,missing,no_prior_same_touch_bbo,block,no_prior_same_touch_bbo,same_touch_seen_but_not_stable,no_prior_same_touch_bbo,latest_l2_received_before_or_at_candidate,latest_l2_exchange_time_equal_candidate,event_driven_current_l2_plus_rolling_public_trades_proxy_not_exact_queue_or_fill_probability
617,l2Book,1784017435503,1784017435729408866,0.226893,buy,62560,62560,62561,1,0.005,0.98032,18,196.064,8,0,0,0,0.98532,0,not_depleted,,0.0,False,missing_same_side_strict_through_support;missing_touch_freshness_or_queue_reset_evidence;missing_recent_same_side_at_or_through_throughput,110,59812,0,1,same_touch_seen_but_not_stable,real_bbo_history_insufficient,0,1784017435503,,0.98032,,,18,,missing,no_prior_same_touch_bbo,block,no_prior_same_touch_bbo,same_touch_seen_but_not_stable,no_prior_same_touch_bbo,latest_l2_received_before_or_at_candidate,latest_l2_exchange_time_equal_candidate,event_driven_current_l2_plus_rolling_public_trades_proxy_not_exact_queue_or_fill_probability
618,l2Book,1784017436078,1784017436327698489,0.250196,buy,62560,62560,62561,1,0.005,1.04294,19,208.588,6,0,0,0,1.04794,0,not_depleted,,0.0,False,missing_same_side_strict_through_support;missing_recent_same_side_at_or_through_throughput,110,59790,0,2,same_touch_stable_enough,real_bbo_history_touch_stability,575,1784017435503,0.98032,1.04294,0.06262,18,19,1,not_reset,history_present_no_reset,pass,,,history_present_no_reset,latest_l2_received_before_or_at_candidate,latest_l2_exchange_time_equal_candidate,event_driven_current_l2_plus_rolling_public_trades_proxy_not_exact_queue_or_fill_probability
619,trades,1784017436495,1784017436795339226,0.30084,buy,62560,62560,62561,1,0.005,1.04294,19,208.588,13,0.33288,0,0.33288,1.04794,0.3176517739565242284863637231,touched_quote_without_depletion,,0.005,False,missing_same_side_strict_through_support,109,59236,417,2,same_touch_stable_enough,real_bbo_history_touch_stability,992,1784017435503,0.98032,1.04294,0.06262,18,19,1,not_reset,history_present_no_reset,pass,,,history_present_no_reset,latest_l2_received_before_or_at_candidate,latest_l2_exchange_time_before_candidate,event_driven_current_l2_plus_rolling_public_trades_proxy_not_exact_queue_or_fill_probability
620,l2Book,1784017436695,1784017436968876114,0.274334,buy,62560,62560,62561,1,0.005,12.73889,44,2547.778,13,0.33288,0,0.33288,12.74389,0.02612075276858164971606000993,touched_quote_without_depletion,,0.005,False,missing_same_side_strict_through_support,110,59853,0,3,same_touch_stable_enough,real_bbo_history_touch_stability,1192,1784017435503,1.04294,12.73889,11.69595,19,44,25,not_reset,history_present_no_reset,pass,,,history_present_no_reset,latest_l2_received_before_or_at_candidate,latest_l2_exchange_time_equal_candidate,event_driven_current_l2_plus_rolling_public_trades_proxy_not_exact_queue_or_fill_probability
621,trades,1784017437015,1784017437292768098,0.278415,buy,62560,62560,62561,1,0.005,12.73889,44,2547.778,13,0.33288,0,0.33288,12.74389,0.02612075276858164971606000993,touched_quote_without_depletion,,0.005,False,missing_same_side_strict_through_support,109,59302,320,3,same_touch_stable_enough,real_bbo_history_touch_stability,1512,1784017435503,1.04294,12.73889,11.69595,19,44,25,not_reset,history_present_no_reset,pass,,,history_present_no_reset,latest_l2_received_before_or_at_candidate,latest_l2_exchange_time_before_candidate,event_driven_current_l2_plus_rolling_public_trades_proxy_not_exact_queue_or_fill_probability
622,l2Book,1784017437218,1784017437457037869,0.23952,buy,62561,62561,62562,1,0.005,16.17278,90,3234.556,8,0,0.33288,0.33288,16.17778,0.02057637079994906594106237073,strict_trade_through_seen_but_visible_top_not_depleted,,0.005,False,missing_touch_freshness_or_queue_reset_evidence,110,59825,0,1,same_touch_seen_but_not_stable,real_bbo_history_insufficient,0,1784017437218,,16.17278,,,90,,missing,no_prior_same_touch_bbo,block,no_prior_same_touch_bbo,same_touch_seen_but_not_stable,no_prior_same_touch_bbo,latest_l2_received_before_or_at_candidate,latest_l2_exchange_time_equal_candidate,event_driven_current_l2_plus_rolling_public_trades_proxy_not_exact_queue_or_fill_probability
623,l2Book,1784017437761,1784017437986346470,0.225825,buy,62565,62565,62566,1,0.005,7.67414,86,1534.828,8,0,0.33288,0.33288,7.67914,0.04334860414056782400112512599,strict_trade_through_seen_but_visible_top_not_depleted,,0.005,False,missing_touch_freshness_or_queue_reset_evidence,110,59843,0,1,same_touch_seen_but_not_stable,real_bbo_history_insufficient,0,1784017437761,,7.67414,,,86,,missing,no_prior_same_touch_bbo,block,no_prior_same_touch_bbo,same_touch_seen_but_not_stable,no_prior_same_touch_bbo,latest_l2_received_before_or_at_candidate,latest_l2_exchange_time_equal_candidate,event_driven_current_l2_plus_rolling_public_trades_proxy_not_exact_queue_or_fill_probability
624,l2Book,1784017438296,1784017438512359714,0.216827,buy,62565,62565,62566,1,0.005,16.40727,73,3281.454,8,0,0.33288,0.33288,16.41227,0.02028238628782002733320862988,strict_trade_through_seen_but_visible_top_not_depleted,,0.002,False,outside_quality_a_b_queue_bands,110,59833,0,2,same_touch_stable_enough,real_bbo_history_touch_stability,535,1784017437761,7.67414,16.40727,8.73313,86,73,-13,reset_supported,same_touch_top_qty_or_order_count_reduced,pass,,,,latest_l2_received_before_or_at_candidate,latest_l2_exchange_time_equal_candidate,event_driven_current_l2_plus_rolling_public_trades_proxy_not_exact_queue_or_fill_probability
625,trades,1784017438296,1784017438513050642,0.217382,buy,62565,62565,62566,1,0.005,16.40727,73,3281.454,10,0,0.33288,0.33288,16.41227,0.02028238628782002733320862988,strict_trade_through_seen_but_visible_top_not_depleted,,0.002,False,outside_quality_a_b_queue_bands,110,59833,0,2,same_touch_stable_enough,real_bbo_history_touch_stability,535,1784017437761,7.67414,16.40727,8.73313,86,73,-13,reset_supported,same_touch_top_qty_or_order_count_reduced,pass,,,,latest_l2_received_before_or_at_candidate,latest_l2_exchange_time_equal_candidate,event_driven_current_l2_plus_rolling_public_trades_proxy_not_exact_queue_or_fill_probability
626,l2Book,1784017438832,1784017439058990472,0.227506,buy,62565,62565,62566,1,0.005,15.67518,64,3135.036,10,0,0.33288,0.33288,15.68018,0.02122934813248317302479946021,strict_trade_through_seen_but_visible_top_not_depleted,,0.002,False,outside_quality_a_b_queue_bands,110,59830,0,3,same_touch_stable_enough,real_bbo_history_touch_stability,1071,1784017437761,16.40727,15.67518,-0.73209,86,64,-22,reset_supported,same_touch_top_qty_or_order_count_reduced,pass,,,,latest_l2_received_before_or_at_candidate,latest_l2_exchange_time_equal_candidate,event_driven_current_l2_plus_rolling_public_trades_proxy_not_exact_queue_or_fill_probability
627,trades,1784017439034,1784017439257099219,0.22359,buy,62565,62565,62566,1,0.005,15.67518,64,3135.036,14,0,0.33288,0.33288,15.68018,0.02122934813248317302479946021,strict_trade_through_seen_but_visible_top_not_depleted,,0.002,False,outside_quality_a_b_queue_bands,109,59304,202,3,same_touch_stable_enough,real_bbo_history_touch_stability,1273,1784017437761,16.40727,15.67518,-0.73209,86,64,-22,reset_supported,same_touch_top_qty_or_order_count_reduced,pass,,,,latest_l2_received_before_or_at_candidate,latest_l2_exchange_time_before_candidate,event_driven_current_l2_plus_rolling_public_trades_proxy_not_exact_queue_or_fill_probability
628,l2Book,1784017439438,1784017439643419697,0.205915,buy,62565,62565,62566,1,0.005,13.81792,54,2763.584,14,0,0.33288,0.33288,13.82292,0.02408174249724370827582015956,strict_trade_through_seen_but_visible_top_not_depleted,,0.002,False,outside_quality_a_b_queue_bands,110,59910,0,4,same_touch_stable_enough,real_bbo_history_touch_stability,1677,1784017437761,16.40727,13.81792,-2.58935,86,54,-32,reset_supported,same_touch_top_qty_or_order_count_reduced,pass,,,,latest_l2_received_before_or_at_candidate,latest_l2_exchange_time_equal_candidate,event_driven_current_l2_plus_rolling_public_trades_proxy_not_exact_queue_or_fill_probability
629,l2Book,1784017440039,1784017440324191886,0.285681,buy,62565,62565,62566,1,0.005,13.94121,54,2788.242,6,0,0,0,13.94621,0,not_depleted,,0.0,False,missing_same_side_strict_through_support;missing_recent_same_side_at_or_through_throughput,110,59907,0,5,same_touch_stable_enough,real_bbo_history_touch_stability,2278,1784017437761,16.40727,13.94121,-2.46606,86,54,-32,reset_supported,same_touch_top_qty_or_order_count_reduced,pass,,,,latest_l2_received_before_or_at_candidate,latest_l2_exchange_time_equal_candidate,event_driven_current_l2_plus_rolling_public_trades_proxy_not_exact_queue_or_fill_probability
630,l2Book,1784017440604,1784017440855918234,0.252429,buy,62565,62565,62566,1,0.005,0.00296,2,0.592,6,0,0,0,0.00796,0,not_depleted,,0.0,False,missing_same_side_strict_through_support;missing_recent_same_side_at_or_through_throughput,109,59524,0,6,same_touch_stable_enough,real_bbo_history_touch_stability,2843,1784017437761,16.40727,0.00296,-16.40431,86,2,-84,reset_supported,same_touch_top_qty_or_order_count_reduced,pass,,,,latest_l2_received_before_or_at_candidate,latest_l2_exchange_time_equal_candidate,event_driven_current_l2_plus_rolling_public_trades_proxy_not_exact_queue_or_fill_probability
631,trades,1784017440937,1784017441147290410,0.210757,buy,62565,62565,62566,1,0.005,0.00296,2,0.592,10,0.00296,0.00034,0.0033,0.00796,0.4145728643216080402010050251,depleted_visible_top_proxy_only,quality_a,0.00082,True,,109,59524,333,6,same_touch_stable_enough,real_bbo_history_touch_stability,3176,1784017437761,16.40727,0.00296,-16.40431,86,2,-84,reset_supported,same_touch_top_qty_or_order_count_reduced,pass,,,,latest_l2_received_before_or_at_candidate,latest_l2_exchange_time_before_candidate,event_driven_current_l2_plus_rolling_public_trades_proxy_not_exact_queue_or_fill_probability
632,l2Book,1784017441740,1784017441982582945,0.243104,buy,62561,62561,62562,1,0.005,3.49773,26,699.546,8,0,0,0,3.50273,0,not_depleted,,0.0,False,missing_same_side_strict_through_support;missing_recent_same_side_at_or_through_throughput,109,59598,0,2,same_touch_stable_enough,real_bbo_history_touch_stability,617,1784017441123,0.00799,3.49773,3.48974,1,26,25,not_reset,history_present_no_reset,pass,,,history_present_no_reset,latest_l2_received_before_or_at_candidate,latest_l2_exchange_time_equal_candidate,event_driven_current_l2_plus_rolling_public_trades_proxy_not_exact_queue_or_fill_probability
633,trades,1784017442001,1784017442236019040,0.23547,buy,62561,62561,62562,1,0.005,3.49773,26,699.546,10,0.00145,0,0.00145,3.50273,0.0004139628232835531142851433025,touched_quote_without_depletion,,0.00036,False,missing_same_side_strict_through_support,109,59598,261,2,same_touch_stable_enough,real_bbo_history_touch_stability,878,1784017441123,0.00799,3.49773,3.48974,1,26,25,not_reset,history_present_no_reset,pass,,,history_present_no_reset,latest_l2_received_before_or_at_candidate,latest_l2_exchange_time_before_candidate,event_driven_current_l2_plus_rolling_public_trades_proxy_not_exact_queue_or_fill_probability
634,l2Book,1784017442276,1784017442518454820,0.242957,buy,62561,62561,62562,1,0.005,3.49628,26,699.256,6,0.00145,0,0.00145,3.50128,0.0004141342594708220993465246995,touched_quote_without_depletion,,0.00036,False,missing_same_side_strict_through_support,109,59531,0,3,same_touch_stable_enough,real_bbo_history_touch_stability,1153,1784017441123,3.49773,3.49628,-0.00145,26,26,0,not_reset,history_present_no_reset,pass,,,history_present_no_reset,latest_l2_received_before_or_at_candidate,latest_l2_exchange_time_equal_candidate,event_driven_current_l2_plus_rolling_public_trades_proxy_not_exact_queue_or_fill_probability
635,l2Book,1784017442817,1784017443036304895,0.219805,buy,62561,62561,62562,1,0.005,3.13679,24,627.358,6,0.00145,0,0.00145,3.14179,0.0004615203434984515196750896782,touched_quote_without_depletion,,0.00036,False,missing_same_side_strict_through_support,109,59468,0,4,same_touch_stable_enough,real_bbo_history_touch_stability,1694,1784017441123,3.49773,3.13679,-0.36094,26,24,-2,reset_supported,same_touch_top_qty_or_order_count_reduced,pass,,,,latest_l2_received_before_or_at_candidate,latest_l2_exchange_time_equal_candidate,event_driven_current_l2_plus_rolling_public_trades_proxy_not_exact_queue_or_fill_probability
636,l2Book,1784017443370,1784017443576087445,0.206601,buy,62561,62561,62562,1,0.005,3.69598,27,739.196,6,0.00145,0,0.00145,3.70098,0.0003917881209841717599122394609,touched_quote_without_depletion,,0.00036,False,missing_same_side_strict_through_support,109,59484,0,5,same_touch_stable_enough,real_bbo_history_touch_stability,2247,1784017441123,3.49773,3.69598,0.19825,26,27,1,not_reset,history_present_no_reset,pass,,,history_present_no_reset,latest_l2_received_before_or_at_candidate,latest_l2_exchange_time_equal_candidate,event_driven_current_l2_plus_rolling_public_trades_proxy_not_exact_queue_or_fill_probability
637,l2Book,1784017443892,1784017444120523931,0.229017,buy,62561,62561,62562,1,0.005,9.9623,40,1992.46,6,0.00145,0,0.00145,9.9673,0.0001454757055571719522839685772,touched_quote_without_depletion,,0.00036,False,missing_same_side_strict_through_support,109,59485,0,6,same_touch_stable_enough,real_bbo_history_touch_stability,2769,1784017441123,3.69598,9.9623,6.26632,27,40,13,not_reset,history_present_no_reset,pass,,,history_present_no_reset,latest_l2_received_before_or_at_candidate,latest_l2_exchange_time_equal_candidate,event_driven_current_l2_plus_rolling_public_trades_proxy_not_exact_queue_or_fill_probability
638,l2Book,1784017444440,1784017444661716862,0.222231,buy,62561,62561,62562,1,0.005,10.09001,42,2018.002,2,0.00145,0,0.00145,10.09501,0.0001436353208169184577330780257,touched_quote_without_depletion,,0.00036,False,missing_same_side_strict_through_support,109,59483,0,7,same_touch_stable_enough,real_bbo_history_touch_stability,3317,1784017441123,9.9623,10.09001,0.12771,40,42,2,not_reset,history_present_no_reset,pass,,,history_present_no_reset,latest_l2_received_before_or_at_candidate,latest_l2_exchange_time_equal_candidate,event_driven_current_l2_plus_rolling_public_trades_proxy_not_exact_queue_or_fill_probability
639,trades,1784017444643,1784017444829074198,0.186554,buy,62561,62561,62562,1,0.005,10.09001,42,2018.002,3,0.00177,0,0.00177,10.09501,0.0001753341502385832208189986934,touched_quote_without_depletion,,0.00044,False,missing_same_side_strict_through_support,109,59483,203,7,same_touch_stable_enough,real_bbo_history_touch_stability,3520,1784017441123,9.9623,10.09001,0.12771,40,42,2,not_reset,history_present_no_reset,pass,,,history_present_no_reset,latest_l2_received_before_or_at_candidate,latest_l2_exchange_time_before_candidate,event_driven_current_l2_plus_rolling_public_trades_proxy_not_exact_queue_or_fill_probability
640,l2Book,1784017444977,1784017445186619659,0.210086,buy,62561,62561,62562,1,0.005,10.09403,42,2018.806,3,0.00177,0,0.00177,10.09903,0.0001752643570719168078518431968,touched_quote_without_depletion,,0.00044,False,missing_same_side_strict_through_support,109,59472,0,8,same_touch_stable_enough,real_bbo_history_touch_stability,3854,1784017441123,10.09001,10.09403,0.00402,42,42,0,not_reset,history_present_no_reset,pass,,,history_present_no_reset,latest_l2_received_before_or_at_candidate,latest_l2_exchange_time_equal_candidate,event_driven_current_l2_plus_rolling_public_trades_proxy_not_exact_queue_or_fill_probability
641,l2Book,1784017445503,1784017445721376658,0.218896,buy,62561,62561,62562,1,0.005,10.14633,45,2029.266,1,0.00032,0,0.00032,10.15133,0.00003152296300090727027886986237,touched_quote_without_depletion,,8e-05,False,missing_same_side_strict_through_support,110,59998,0,9,same_touch_stable_enough,real_bbo_history_touch_stability,4380,1784017441123,10.09403,10.14633,0.0523,42,45,3,not_reset,history_present_no_reset,pass,,,history_present_no_reset,latest_l2_received_before_or_at_candidate,latest_l2_exchange_time_equal_candidate,event_driven_current_l2_plus_rolling_public_trades_proxy_not_exact_queue_or_fill_probability
642,l2Book,1784017446104,1784017446297925466,0.194381,buy,62561,62561,62562,1,0.005,10.02028,44,2004.056,1,0.00032,0,0.00032,10.02528,0.0000319193079894027897475182738,touched_quote_without_depletion,,8e-05,False,missing_same_side_strict_through_support,110,59991,0,10,same_touch_stable_enough,real_bbo_history_touch_stability,4981,1784017441123,10.14633,10.02028,-0.12605,45,44,-1,reset_supported,same_touch_top_qty_or_order_count_reduced,pass,,,,latest_l2_received_before_or_at_candidate,latest_l2_exchange_time_equal_candidate,event_driven_current_l2_plus_rolling_public_trades_proxy_not_exact_queue_or_fill_probability
643,trades,1784017446385,1784017446561262958,0.176736,buy,62561,62561,62562,1,0.005,10.02028,44,2004.056,2,0.00032,0,0.00032,10.02528,0.0000319193079894027897475182738,touched_quote_without_depletion,,8e-05,False,missing_same_side_strict_through_support,109,59534,281,10,same_touch_stable_enough,real_bbo_history_touch_stability,5262,1784017441123,10.14633,10.02028,-0.12605,45,44,-1,reset_supported,same_touch_top_qty_or_order_count_reduced,pass,,,,latest_l2_received_before_or_at_candidate,latest_l2_exchange_time_before_candidate,event_driven_current_l2_plus_rolling_public_trades_proxy_not_exact_queue_or_fill_probability
644,trades,1784017446453,1784017446810096686,0.357557,buy,62561,62561,62562,1,0.005,10.02028,44,2004.056,3,0.00032,0,0.00032,10.02528,0.0000319193079894027897475182738,touched_quote_without_depletion,,8e-05,False,missing_same_side_strict_through_support,109,59534,349,10,same_touch_stable_enough,real_bbo_history_touch_stability,5330,1784017441123,10.14633,10.02028,-0.12605,45,44,-1,reset_supported,same_touch_top_qty_or_order_count_reduced,pass,,,,latest_l2_received_before_or_at_candidate,latest_l2_exchange_time_before_candidate,event_driven_current_l2_plus_rolling_public_trades_proxy_not_exact_queue_or_fill_probability
645,l2Book,1784017446586,1784017446861634323,0.276148,buy,62561,62561,62562,1,0.005,10.02028,44,2004.056,3,0.00032,0,0.00032,10.02528,0.0000319193079894027897475182738,touched_quote_without_depletion,,8e-05,False,missing_same_side_strict_through_support,109,59465,0,11,same_touch_stable_enough,real_bbo_history_touch_stability,5463,1784017441123,10.14633,10.02028,-0.12605,45,44,-1,reset_supported,same_touch_top_qty_or_order_count_reduced,pass,,,,latest_l2_received_before_or_at_candidate,latest_l2_exchange_time_equal_candidate,event_driven_current_l2_plus_rolling_public_trades_proxy_not_exact_queue_or_fill_probability
646,trades,1784017446783,1784017446961924354,0.179394,buy,62561,62561,62562,1,0.005,10.02028,44,2004.056,4,0.00032,0,0.00032,10.02528,0.0000319193079894027897475182738,touched_quote_without_depletion,,8e-05,False,missing_same_side_strict_through_support,109,59465,197,11,same_touch_stable_enough,real_bbo_history_touch_stability,5660,1784017441123,10.14633,10.02028,-0.12605,45,44,-1,reset_supported,same_touch_top_qty_or_order_count_reduced,pass,,,,latest_l2_received_before_or_at_candidate,latest_l2_exchange_time_before_candidate,event_driven_current_l2_plus_rolling_public_trades_proxy_not_exact_queue_or_fill_probability
647,l2Book,1784017447110,1784017447339399357,0.229877,buy,62561,62561,62562,1,0.005,10.05874,45,2011.748,4,0.00032,0,0.00032,10.06374,0.00003179732385773082372954786193,touched_quote_without_depletion,,8e-05,False,missing_same_side_strict_through_support,110,59989,0,12,same_touch_stable_enough,real_bbo_history_touch_stability,5987,1784017441123,10.14633,10.05874,-0.08759,45,45,0,not_reset,history_present_no_reset,pass,,,history_present_no_reset,latest_l2_received_before_or_at_candidate,latest_l2_exchange_time_equal_candidate,event_driven_current_l2_plus_rolling_public_trades_proxy_not_exact_queue_or_fill_probability
648,l2Book,1784017447644,1784017447870911660,0.22745,buy,62561,62561,62562,1,0.005,10.1796,46,2035.92,3,0,0,0,10.1846,0,not_depleted,,0.0,False,missing_same_side_strict_through_support;missing_recent_same_side_at_or_through_throughput,109,59447,0,13,same_touch_stable_enough,real_bbo_history_touch_stability,6521,1784017441123,10.14633,10.1796,0.03327,45,46,1,not_reset,history_present_no_reset,pass,,,history_present_no_reset,latest_l2_received_before_or_at_candidate,latest_l2_exchange_time_equal_candidate,event_driven_current_l2_plus_rolling_public_trades_proxy_not_exact_queue_or_fill_probability
649,trades,1784017447997,1784017448175095709,0.178558,buy,62561,62561,62562,1,0.005,10.1796,46,2035.92,4,0.0004,0,0.0004,10.1846,0.00003927498379906918288396206037,touched_quote_without_depletion,,0.0001,False,missing_same_side_strict_through_support,109,59447,353,13,same_touch_stable_enough,real_bbo_history_touch_stability,6874,1784017441123,10.14633,10.1796,0.03327,45,46,1,not_reset,history_present_no_reset,pass,,,history_present_no_reset,latest_l2_received_before_or_at_candidate,latest_l2_exchange_time_before_candidate,event_driven_current_l2_plus_rolling_public_trades_proxy_not_exact_queue_or_fill_probability
650,trades,1784017448115,1784017448337912782,0.223359,buy,62561,62561,62562,1,0.005,10.1796,46,2035.92,6,0.00168,0,0.00168,10.1846,0.0001649549319560905681126406535,touched_quote_without_depletion,,0.00042,False,missing_same_side_strict_through_support,109,59447,471,13,same_touch_stable_enough,real_bbo_history_touch_stability,6992,1784017441123,10.14633,10.1796,0.03327,45,46,1,not_reset,history_present_no_reset,pass,,,history_present_no_reset,latest_l2_received_before_or_at_candidate,latest_l2_exchange_time_before_candidate,event_driven_current_l2_plus_rolling_public_trades_proxy_not_exact_queue_or_fill_probability
651,l2Book,1784017448197,1784017448408141577,0.211653,buy,62561,62561,62562,1,0.005,10.05706,45,2011.412,6,0.00168,0,0.00168,10.06206,0.000166963822517456663943566228,touched_quote_without_depletion,,0.00042,False,missing_same_side_strict_through_support,110,60000,0,14,same_touch_stable_enough,real_bbo_history_touch_stability,7074,1784017441123,10.1796,10.05706,-0.12254,46,45,-1,reset_supported,same_touch_top_qty_or_order_count_reduced,pass,,,,latest_l2_received_before_or_at_candidate,latest_l2_exchange_time_equal_candidate,event_driven_current_l2_plus_rolling_public_trades_proxy_not_exact_queue_or_fill_probability
652,l2Book,1784017448719,1784017448942478939,0.223965,buy,62561,62561,62562,1,0.005,10.05706,45,2011.412,6,0.00168,0,0.00168,10.06206,0.000166963822517456663943566228,touched_quote_without_depletion,,0.00042,False,missing_same_side_strict_through_support,110,59984,0,15,same_touch_stable_enough,real_bbo_history_touch_stability,7596,1784017441123,10.1796,10.05706,-0.12254,46,45,-1,reset_supported,same_touch_top_qty_or_order_count_reduced,pass,,,,latest_l2_received_before_or_at_candidate,latest_l2_exchange_time_equal_candidate,event_driven_current_l2_plus_rolling_public_trades_proxy_not_exact_queue_or_fill_probability
653,l2Book,1784017449250,1784017449506212241,0.256711,buy,62561,62561,62562,1,0.005,10.18311,46,2036.622,6,0.00168,0,0.00168,10.18811,0.0001648981018069102120020298171,touched_quote_without_depletion,,0.00042,False,missing_same_side_strict_through_support,110,59909,0,16,same_touch_stable_enough,real_bbo_history_touch_stability,8127,1784017441123,10.1796,10.18311,0.00351,46,46,0,not_reset,history_present_no_reset,pass,,,history_present_no_reset,latest_l2_received_before_or_at_candidate,latest_l2_exchange_time_equal_candidate,event_driven_current_l2_plus_rolling_public_trades_proxy_not_exact_queue_or_fill_probability
654,l2Book,1784017449751,1784017449969219064,0.21872,buy,62561,62561,62562,1,0.005,11.02968,48,2205.936,4,0.00168,0,0.00168,11.03468,0.0001522472785798953843700043862,touched_quote_without_depletion,,0.00042,False,missing_same_side_strict_through_support,110,59882,0,17,same_touch_stable_enough,real_bbo_history_touch_stability,8628,1784017441123,10.18311,11.02968,0.84657,46,48,2,not_reset,history_present_no_reset,pass,,,history_present_no_reset,latest_l2_received_before_or_at_candidate,latest_l2_exchange_time_equal_candidate,event_driven_current_l2_plus_rolling_public_trades_proxy_not_exact_queue_or_fill_probability
655,l2Book,1784017450261,1784017450478910695,0.218402,buy,62562,62562,62563,1,0.005,26.32382,193,5264.764,3,0,0.00168,0.00168,26.32882,0.00006380840463036322934335834268,strict_trade_through_seen_but_visible_top_not_depleted,,0.00042,False,missing_touch_freshness_or_queue_reset_evidence,110,59844,0,1,same_touch_seen_but_not_stable,real_bbo_history_insufficient,0,1784017450261,,26.32382,,,193,,missing,no_prior_same_touch_bbo,block,no_prior_same_touch_bbo,same_touch_seen_but_not_stable,no_prior_same_touch_bbo,latest_l2_received_before_or_at_candidate,latest_l2_exchange_time_equal_candidate,event_driven_current_l2_plus_rolling_public_trades_proxy_not_exact_queue_or_fill_probability
656,l2Book,1784017450783,1784017451017889059,0.235379,buy,62565,62565,62566,1,0.005,25.89802,326,5179.604,3,0,0.00168,0.00168,25.90302,0.00006485730235316190930632798801,strict_trade_through_seen_but_visible_top_not_depleted,,0.00042,False,missing_touch_freshness_or_queue_reset_evidence,110,59825,0,1,same_touch_seen_but_not_stable,real_bbo_history_insufficient,0,1784017450783,,25.89802,,,326,,missing,no_prior_same_touch_bbo,block,no_prior_same_touch_bbo,same_touch_seen_but_not_stable,no_prior_same_touch_bbo,latest_l2_received_before_or_at_candidate,latest_l2_exchange_time_equal_candidate,event_driven_current_l2_plus_rolling_public_trades_proxy_not_exact_queue_or_fill_probability
657,trades,1784017450868,1784017451051125791,0.183642,buy,62565,62565,62566,1,0.005,25.89802,326,5179.604,5,0,0.00168,0.00168,25.90302,0.00006485730235316190930632798801,strict_trade_through_seen_but_visible_top_not_depleted,,0.00042,False,missing_touch_freshness_or_queue_reset_evidence,110,59825,85,1,same_touch_seen_but_not_stable,real_bbo_history_insufficient,85,1784017450783,,25.89802,,,326,,missing,no_prior_same_touch_bbo,block,no_prior_same_touch_bbo,same_touch_seen_but_not_stable,no_prior_same_touch_bbo,latest_l2_received_before_or_at_candidate,latest_l2_exchange_time_before_candidate,event_driven_current_l2_plus_rolling_public_trades_proxy_not_exact_queue_or_fill_probability
658,trades,1784017451183,1784017451391364067,0.208824,buy,62565,62565,62566,1,0.005,25.89802,326,5179.604,3,0,0,0,25.90302,0,not_depleted,,0.0,False,missing_same_side_strict_through_support;missing_recent_same_side_at_or_through_throughput,109,59272,400,1,same_touch_stable_enough,real_bbo_history_touch_stability,400,1784017450783,,25.89802,,,326,,missing,no_prior_same_touch_bbo,pass,,,no_prior_same_touch_bbo,latest_l2_received_before_or_at_candidate,latest_l2_exchange_time_before_candidate,event_driven_current_l2_plus_rolling_public_trades_proxy_not_exact_queue_or_fill_probability
659,l2Book,1784017451332,1784017451585212767,0.25367,buy,62567,62567,62568,1,0.005,25.77514,89,5155.028,3,0,0,0,25.78014,0,not_depleted,,0.0,False,missing_same_side_strict_through_support;missing_touch_freshness_or_queue_reset_evidence;missing_recent_same_side_at_or_through_throughput,110,59821,0,1,same_touch_seen_but_not_stable,real_bbo_history_insufficient,0,1784017451332,,25.77514,,,89,,missing,no_prior_same_touch_bbo,block,no_prior_same_touch_bbo,same_touch_seen_but_not_stable,no_prior_same_touch_bbo,latest_l2_received_before_or_at_candidate,latest_l2_exchange_time_equal_candidate,event_driven_current_l2_plus_rolling_public_trades_proxy_not_exact_queue_or_fill_probability
660,trades,1784017451476,1784017451855849519,0.380314,buy,62567,62567,62568,1,0.005,25.77514,89,5155.028,6,0,0,0,25.78014,0,not_depleted,,0.0,False,missing_same_side_strict_through_support;missing_touch_freshness_or_queue_reset_evidence;missing_recent_same_side_at_or_through_throughput,110,59821,144,1,same_touch_seen_but_not_stable,real_bbo_history_insufficient,144,1784017451332,,25.77514,,,89,,missing,no_prior_same_touch_bbo,block,no_prior_same_touch_bbo,same_touch_seen_but_not_stable,no_prior_same_touch_bbo,latest_l2_received_before_or_at_candidate,latest_l2_exchange_time_before_candidate,event_driven_current_l2_plus_rolling_public_trades_proxy_not_exact_queue_or_fill_probability
661,trades,1784017451678,1784017451856508935,0.178777,buy,62567,62567,62568,1,0.005,25.77514,89,5155.028,7,0,0,0,25.78014,0,not_depleted,,0.0,False,missing_same_side_strict_through_support;missing_recent_same_side_at_or_through_throughput,109,59284,346,1,same_touch_stable_enough,real_bbo_history_touch_stability,346,1784017451332,,25.77514,,,89,,missing,no_prior_same_touch_bbo,pass,,,no_prior_same_touch_bbo,latest_l2_received_before_or_at_candidate,latest_l2_exchange_time_before_candidate,event_driven_current_l2_plus_rolling_public_trades_proxy_not_exact_queue_or_fill_probability
662,l2Book,1784017451880,1784017452115753225,0.236212,buy,62568,62568,62569,1,0.005,42.96218,394,8592.436,7,0,0,0,42.96718,0,not_depleted,,0.0,False,missing_same_side_strict_through_support;missing_touch_freshness_or_queue_reset_evidence;missing_recent_same_side_at_or_through_throughput,110,59832,0,1,same_touch_seen_but_not_stable,real_bbo_history_insufficient,0,1784017451880,,42.96218,,,394,,missing,no_prior_same_touch_bbo,block,no_prior_same_touch_bbo,same_touch_seen_but_not_stable,no_prior_same_touch_bbo,latest_l2_received_before_or_at_candidate,latest_l2_exchange_time_equal_candidate,event_driven_current_l2_plus_rolling_public_trades_proxy_not_exact_queue_or_fill_probability
663,l2Book,1784017452404,1784017452630141847,0.226642,buy,62568,62568,62569,1,0.005,19.38125,70,3876.25,7,0,0,0,19.38625,0,not_depleted,,0.0,False,missing_same_side_strict_through_support;missing_recent_same_side_at_or_through_throughput,110,59818,0,2,same_touch_stable_enough,real_bbo_history_touch_stability,524,1784017451880,42.96218,19.38125,-23.58093,394,70,-324,reset_supported,same_touch_top_qty_or_order_count_reduced,pass,,,,latest_l2_received_before_or_at_candidate,latest_l2_exchange_time_equal_candidate,event_driven_current_l2_plus_rolling_public_trades_proxy_not_exact_queue_or_fill_probability
664,l2Book,1784017452968,1784017453193916730,0.226391,buy,62568,62568,62569,1,0.005,19.9882,71,3997.64,7,0,0,0,19.9932,0,not_depleted,,0.0,False,missing_same_side_strict_through_support;missing_recent_same_side_at_or_through_throughput,110,59871,0,3,same_touch_stable_enough,real_bbo_history_touch_stability,1088,1784017451880,42.96218,19.9882,-22.97398,394,71,-323,reset_supported,same_touch_top_qty_or_order_count_reduced,pass,,,,latest_l2_received_before_or_at_candidate,latest_l2_exchange_time_equal_candidate,event_driven_current_l2_plus_rolling_public_trades_proxy_not_exact_queue_or_fill_probability
665,trades,1784017452968,1784017453194577248,0.226855,buy,62568,62568,62569,1,0.005,19.9882,71,3997.64,8,0,0,0,19.9932,0,not_depleted,,0.0,False,missing_same_side_strict_through_support;missing_recent_same_side_at_or_through_throughput,110,59871,0,3,same_touch_stable_enough,real_bbo_history_touch_stability,1088,1784017451880,42.96218,19.9882,-22.97398,394,71,-323,reset_supported,same_touch_top_qty_or_order_count_reduced,pass,,,,latest_l2_received_before_or_at_candidate,latest_l2_exchange_time_equal_candidate,event_driven_current_l2_plus_rolling_public_trades_proxy_not_exact_queue_or_fill_probability
666,trades,1784017453172,1784017453358503889,0.18697,buy,62568,62568,62569,1,0.005,19.9882,71,3997.64,9,0,0,0,19.9932,0,not_depleted,,0.0,False,missing_same_side_strict_through_support;missing_recent_same_side_at_or_through_throughput,109,59310,204,3,same_touch_stable_enough,real_bbo_history_touch_stability,1292,1784017451880,42.96218,19.9882,-22.97398,394,71,-323,reset_supported,same_touch_top_qty_or_order_count_reduced,pass,,,,latest_l2_received_before_or_at_candidate,latest_l2_exchange_time_before_candidate,event_driven_current_l2_plus_rolling_public_trades_proxy_not_exact_queue_or_fill_probability
667,trades,1784017453241,1784017453457342614,0.216831,buy,62568,62568,62569,1,0.005,19.9882,71,3997.64,10,0,0,0,19.9932,0,not_depleted,,0.0,False,missing_same_side_strict_through_support;missing_recent_same_side_at_or_through_throughput,109,59310,273,3,same_touch_stable_enough,real_bbo_history_touch_stability,1361,1784017451880,42.96218,19.9882,-22.97398,394,71,-323,reset_supported,same_touch_top_qty_or_order_count_reduced,pass,,,,latest_l2_received_before_or_at_candidate,latest_l2_exchange_time_before_candidate,event_driven_current_l2_plus_rolling_public_trades_proxy_not_exact_queue_or_fill_probability
668,l2Book,1784017453575,1784017453807039620,0.232532,buy,62569,62569,62570,1,0.005,13.65479,62,2730.958,10,0,0,0,13.65979,0,not_depleted,,0.0,False,missing_same_side_strict_through_support;missing_touch_freshness_or_queue_reset_evidence;missing_recent_same_side_at_or_through_throughput,110,59917,0,1,same_touch_seen_but_not_stable,real_bbo_history_insufficient,0,1784017453575,,13.65479,,,62,,missing,no_prior_same_touch_bbo,block,no_prior_same_touch_bbo,same_touch_seen_but_not_stable,no_prior_same_touch_bbo,latest_l2_received_before_or_at_candidate,latest_l2_exchange_time_equal_candidate,event_driven_current_l2_plus_rolling_public_trades_proxy_not_exact_queue_or_fill_probability
669,l2Book,1784017454177,1784017454399803655,0.223325,buy,62569,62569,62570,1,0.005,17.45096,67,3490.192,8,0,0,0,17.45596,0,not_depleted,,0.0,False,missing_same_side_strict_through_support;missing_recent_same_side_at_or_through_throughput,110,59977,0,2,same_touch_stable_enough,real_bbo_history_touch_stability,602,1784017453575,13.65479,17.45096,3.79617,62,67,5,not_reset,history_present_no_reset,pass,,,history_present_no_reset,latest_l2_received_before_or_at_candidate,latest_l2_exchange_time_equal_candidate,event_driven_current_l2_plus_rolling_public_trades_proxy_not_exact_queue_or_fill_probability
670,trades,1784017454646,1784017454827740206,0.182219,buy,62569,62569,62570,1,0.005,17.45096,67,3490.192,5,0.0004,0,0.0004,17.45596,0.00002291480961230433616942293635,touched_quote_without_depletion,,0.0001,False,missing_same_side_strict_through_support,109,59377,469,2,same_touch_stable_enough,real_bbo_history_touch_stability,1071,1784017453575,13.65479,17.45096,3.79617,62,67,5,not_reset,history_present_no_reset,pass,,,history_present_no_reset,latest_l2_received_before_or_at_candidate,latest_l2_exchange_time_before_candidate,event_driven_current_l2_plus_rolling_public_trades_proxy_not_exact_queue_or_fill_probability
671,l2Book,1784017454714,1784017454918371866,0.20484,buy,62569,62569,62570,1,0.005,16.6064,64,3321.28,4,0.0004,0,0.0004,16.6114,0.00002407984877854967070806795333,touched_quote_without_depletion,,0.0001,False,missing_same_side_strict_through_support,110,59914,0,3,same_touch_stable_enough,real_bbo_history_touch_stability,1139,1784017453575,17.45096,16.6064,-0.84456,67,64,-3,reset_supported,same_touch_top_qty_or_order_count_reduced,pass,,,,latest_l2_received_before_or_at_candidate,latest_l2_exchange_time_equal_candidate,event_driven_current_l2_plus_rolling_public_trades_proxy_not_exact_queue_or_fill_probability
672,trades,1784017455032,1784017455270089657,0.238573,buy,62569,62569,62570,1,0.005,16.6064,64,3321.28,5,0.0004,0,0.0004,16.6114,0.00002407984877854967070806795333,touched_quote_without_depletion,,0.0001,False,missing_same_side_strict_through_support,109,59390,318,3,same_touch_stable_enough,real_bbo_history_touch_stability,1457,1784017453575,17.45096,16.6064,-0.84456,67,64,-3,reset_supported,same_touch_top_qty_or_order_count_reduced,pass,,,,latest_l2_received_before_or_at_candidate,latest_l2_exchange_time_before_candidate,event_driven_current_l2_plus_rolling_public_trades_proxy_not_exact_queue_or_fill_probability
673,l2Book,1784017455317,1784017455540700427,0.224168,buy,62569,62569,62570,1,0.005,17.12917,67,3425.834,5,0.0004,0,0.0004,17.13417,0.00002334516349493439133614292376,touched_quote_without_depletion,,0.0001,False,missing_same_side_strict_through_support,110,59993,0,4,same_touch_stable_enough,real_bbo_history_touch_stability,1742,1784017453575,17.45096,17.12917,-0.32179,67,67,0,not_reset,history_present_no_reset,pass,,,history_present_no_reset,latest_l2_received_before_or_at_candidate,latest_l2_exchange_time_equal_candidate,event_driven_current_l2_plus_rolling_public_trades_proxy_not_exact_queue_or_fill_probability
674,l2Book,1784017455843,1784017456056729607,0.21424,buy,62569,62569,62570,1,0.005,17.13149,68,3426.298,5,0.0004,0,0.0004,17.13649,0.00002334200294225947087180630339,touched_quote_without_depletion,,0.0001,False,missing_same_side_strict_through_support,110,59956,0,5,same_touch_stable_enough,real_bbo_history_touch_stability,2268,1784017453575,17.45096,17.13149,-0.31947,67,68,1,not_reset,history_present_no_reset,pass,,,history_present_no_reset,latest_l2_received_before_or_at_candidate,latest_l2_exchange_time_equal_candidate,event_driven_current_l2_plus_rolling_public_trades_proxy_not_exact_queue_or_fill_probability
675,trades,1784017455919,1784017456111427145,0.192912,buy,62569,62569,62570,1,0.005,17.13149,68,3426.298,6,0.0004,0,0.0004,17.13649,0.00002334200294225947087180630339,touched_quote_without_depletion,,0.0001,False,missing_same_side_strict_through_support,109,59421,76,5,same_touch_stable_enough,real_bbo_history_touch_stability,2344,1784017453575,17.45096,17.13149,-0.31947,67,68,1,not_reset,history_present_no_reset,pass,,,history_present_no_reset,latest_l2_received_before_or_at_candidate,latest_l2_exchange_time_before_candidate,event_driven_current_l2_plus_rolling_public_trades_proxy_not_exact_queue_or_fill_probability
676,l2Book,1784017456389,1784017456602120531,0.213598,buy,62569,62569,62570,1,0.005,15.90366,66,3180.732,3,0.0004,0,0.0004,15.90866,0.00002514353817354824353528204135,touched_quote_without_depletion,,0.0001,False,missing_same_side_strict_through_support,110,59967,0,6,same_touch_stable_enough,real_bbo_history_touch_stability,2814,1784017453575,17.45096,15.90366,-1.5473,68,66,-2,reset_supported,same_touch_top_qty_or_order_count_reduced,pass,,,,latest_l2_received_before_or_at_candidate,latest_l2_exchange_time_equal_candidate,event_driven_current_l2_plus_rolling_public_trades_proxy_not_exact_queue_or_fill_probability
677,trades,1784017456524,1784017456963901431,0.44041,buy,62569,62569,62570,1,0.005,15.90366,66,3180.732,5,0.0004,0,0.0004,15.90866,0.00002514353817354824353528204135,touched_quote_without_depletion,,0.0001,False,missing_same_side_strict_through_support,109,59360,135,6,same_touch_stable_enough,real_bbo_history_touch_stability,2949,1784017453575,17.45096,15.90366,-1.5473,68,66,-2,reset_supported,same_touch_top_qty_or_order_count_reduced,pass,,,,latest_l2_received_before_or_at_candidate,latest_l2_exchange_time_before_candidate,event_driven_current_l2_plus_rolling_public_trades_proxy_not_exact_queue_or_fill_probability
678,l2Book,1784017456928,1784017457168181061,0.240677,buy,62569,62569,62570,1,0.005,16.10017,66,3220.034,5,0.0004,0,0.0004,16.10517,0.00002483674497071437308640641483,touched_quote_without_depletion,,0.0001,False,missing_same_side_strict_through_support,110,59899,0,7,same_touch_stable_enough,real_bbo_history_touch_stability,3353,1784017453575,17.45096,16.10017,-1.35079,68,66,-2,reset_supported,same_touch_top_qty_or_order_count_reduced,pass,,,,latest_l2_received_before_or_at_candidate,latest_l2_exchange_time_equal_candidate,event_driven_current_l2_plus_rolling_public_trades_proxy_not_exact_queue_or_fill_probability
679,l2Book,1784017457462,1784017457672883730,0.211351,buy,62569,62569,62570,1,0.005,16.10017,66,3220.034,5,0.0004,0,0.0004,16.10517,0.00002483674497071437308640641483,touched_quote_without_depletion,,0.0001,False,missing_same_side_strict_through_support,110,59831,0,8,same_touch_stable_enough,real_bbo_history_touch_stability,3887,1784017453575,17.45096,16.10017,-1.35079,68,66,-2,reset_supported,same_touch_top_qty_or_order_count_reduced,pass,,,,latest_l2_received_before_or_at_candidate,latest_l2_exchange_time_equal_candidate,event_driven_current_l2_plus_rolling_public_trades_proxy_not_exact_queue_or_fill_probability
680,l2Book,1784017457998,1784017458224970500,0.227459,buy,62569,62569,62570,1,0.005,16.10017,66,3220.034,4,0,0,0,16.10517,0,not_depleted,,0.0,False,missing_same_side_strict_through_support;missing_recent_same_side_at_or_through_throughput,110,59765,0,9,same_touch_stable_enough,real_bbo_history_touch_stability,4423,1784017453575,17.45096,16.10017,-1.35079,68,66,-2,reset_supported,same_touch_top_qty_or_order_count_reduced,pass,,,,latest_l2_received_before_or_at_candidate,latest_l2_exchange_time_equal_candidate,event_driven_current_l2_plus_rolling_public_trades_proxy_not_exact_queue_or_fill_probability
681,l2Book,1784017458532,1784017458751055172,0.219552,buy,62569,62569,62570,1,0.005,15.25142,55,3050.284,3,0,0,0,15.25642,0,not_depleted,,0.0,False,missing_same_side_strict_through_support;missing_recent_same_side_at_or_through_throughput,110,59769,0,10,same_touch_stable_enough,real_bbo_history_touch_stability,4957,1784017453575,17.45096,15.25142,-2.19954,68,55,-13,reset_supported,same_touch_top_qty_or_order_count_reduced,pass,,,,latest_l2_received_before_or_at_candidate,latest_l2_exchange_time_equal_candidate,event_driven_current_l2_plus_rolling_public_trades_proxy_not_exact_queue_or_fill_probability
682,trades,1784017458805,1784017458994680236,0.190152,buy,62569,62569,62570,1,0.005,15.25142,55,3050.284,4,0.00019,0,0.00019,15.25642,0.00001245377355893453378970951245,touched_quote_without_depletion,,4e-05,False,missing_same_side_strict_through_support,109,59217,273,10,same_touch_stable_enough,real_bbo_history_touch_stability,5230,1784017453575,17.45096,15.25142,-2.19954,68,55,-13,reset_supported,same_touch_top_qty_or_order_count_reduced,pass,,,,latest_l2_received_before_or_at_candidate,latest_l2_exchange_time_before_candidate,event_driven_current_l2_plus_rolling_public_trades_proxy_not_exact_queue_or_fill_probability
683,l2Book,1784017459063,1784017459306593104,0.244076,buy,62569,62569,62570,1,0.005,15.26723,56,3053.446,3,0.00019,0,0.00019,15.27223,0.00001244088125964577537137667518,touched_quote_without_depletion,,4e-05,False,missing_same_side_strict_through_support,110,59748,0,11,same_touch_stable_enough,real_bbo_history_touch_stability,5488,1784017453575,17.45096,15.26723,-2.18373,68,56,-12,reset_supported,same_touch_top_qty_or_order_count_reduced,pass,,,,latest_l2_received_before_or_at_candidate,latest_l2_exchange_time_equal_candidate,event_driven_current_l2_plus_rolling_public_trades_proxy_not_exact_queue_or_fill_probability
684,trades,1784017459542,1784017459758335068,0.216813,buy,62569,62569,62570,1,0.005,15.26723,56,3053.446,3,0.00019,0,0.00019,15.27223,0.00001244088125964577537137667518,touched_quote_without_depletion,,4e-05,False,missing_same_side_strict_through_support,109,59225,479,11,same_touch_stable_enough,real_bbo_history_touch_stability,5967,1784017453575,17.45096,15.26723,-2.18373,68,56,-12,reset_supported,same_touch_top_qty_or_order_count_reduced,pass,,,,latest_l2_received_before_or_at_candidate,latest_l2_exchange_time_before_candidate,event_driven_current_l2_plus_rolling_public_trades_proxy_not_exact_queue_or_fill_probability
685,l2Book,1784017459608,1784017459832127556,0.224598,buy,62571,62571,62572,1,0.005,17.65257,136,3530.514,3,0,0.00019,0.00019,17.65757,0.00001076025749862523552221511794,strict_trade_through_seen_but_visible_top_not_depleted,,4e-05,False,missing_touch_freshness_or_queue_reset_evidence,110,59770,0,1,same_touch_seen_but_not_stable,real_bbo_history_insufficient,0,1784017459608,,17.65257,,,136,,missing,no_prior_same_touch_bbo,block,no_prior_same_touch_bbo,same_touch_seen_but_not_stable,no_prior_same_touch_bbo,latest_l2_received_before_or_at_candidate,latest_l2_exchange_time_equal_candidate,event_driven_current_l2_plus_rolling_public_trades_proxy_not_exact_queue_or_fill_probability
686,l2Book,1784017460149,1784017460385335254,0.236887,buy,62572,62572,62573,1,0.005,37.04894,343,7409.788,3,0,0.00019,0.00019,37.05394,0.000005127659838602858427470870844,strict_trade_through_seen_but_visible_top_not_depleted,,4e-05,False,missing_touch_freshness_or_queue_reset_evidence,110,59702,0,1,same_touch_seen_but_not_stable,real_bbo_history_insufficient,0,1784017460149,,37.04894,,,343,,missing,no_prior_same_touch_bbo,block,no_prior_same_touch_bbo,same_touch_seen_but_not_stable,no_prior_same_touch_bbo,latest_l2_received_before_or_at_candidate,latest_l2_exchange_time_equal_candidate,event_driven_current_l2_plus_rolling_public_trades_proxy_not_exact_queue_or_fill_probability
687,l2Book,1784017460754,1784017460977057503,0.223509,buy,62572,62572,62573,1,0.005,18.04665,81,3609.33,3,0,0.00019,0.00019,18.05165,0.00001052535363803308838804209034,strict_trade_through_seen_but_visible_top_not_depleted,,4e-05,False,outside_quality_a_b_queue_bands,110,59704,0,2,same_touch_stable_enough,real_bbo_history_touch_stability,605,1784017460149,37.04894,18.04665,-19.00229,343,81,-262,reset_supported,same_touch_top_qty_or_order_count_reduced,pass,,,,latest_l2_received_before_or_at_candidate,latest_l2_exchange_time_equal_candidate,event_driven_current_l2_plus_rolling_public_trades_proxy_not_exact_queue_or_fill_probability
688,l2Book,1784017461289,1784017461518643192,0.230107,buy,62572,62572,62573,1,0.005,18.71936,80,3743.872,3,0,0.00019,0.00019,18.72436,0.00001014720930381599157461189595,strict_trade_through_seen_but_visible_top_not_depleted,,4e-05,False,outside_quality_a_b_queue_bands,110,59717,0,3,same_touch_stable_enough,real_bbo_history_touch_stability,1140,1784017460149,37.04894,18.71936,-18.32958,343,80,-263,reset_supported,same_touch_top_qty_or_order_count_reduced,pass,,,,latest_l2_received_before_or_at_candidate,latest_l2_exchange_time_equal_candidate,event_driven_current_l2_plus_rolling_public_trades_proxy_not_exact_queue_or_fill_probability
689,l2Book,1784017461830,1784017462052570739,0.223079,buy,62572,62572,62573,1,0.005,19.25808,73,3851.616,2,0,0,0,19.26308,0,not_depleted,,0.0,False,missing_same_side_strict_through_support;missing_recent_same_side_at_or_through_throughput,110,59728,0,4,same_touch_stable_enough,real_bbo_history_touch_stability,1681,1784017460149,37.04894,19.25808,-17.79086,343,73,-270,reset_supported,same_touch_top_qty_or_order_count_reduced,pass,,,,latest_l2_received_before_or_at_candidate,latest_l2_exchange_time_equal_candidate,event_driven_current_l2_plus_rolling_public_trades_proxy_not_exact_queue_or_fill_probability
690,l2Book,1784017462370,1784017462642613955,0.273087,buy,62572,62572,62573,1,0.005,18.3011,71,3660.22,2,0,0,0,18.3061,0,not_depleted,,0.0,False,missing_same_side_strict_through_support;missing_recent_same_side_at_or_through_throughput,110,59727,0,5,same_touch_stable_enough,real_bbo_history_touch_stability,2221,1784017460149,37.04894,18.3011,-18.74784,343,71,-272,reset_supported,same_touch_top_qty_or_order_count_reduced,pass,,,,latest_l2_received_before_or_at_candidate,latest_l2_exchange_time_equal_candidate,event_driven_current_l2_plus_rolling_public_trades_proxy_not_exact_queue_or_fill_probability
691,l2Book,1784017462905,1784017463141423630,0.236924,buy,62572,62572,62573,1,0.005,15.42322,55,3084.644,0,0,0,0,15.42822,0,not_depleted,,0.0,False,missing_same_side_strict_through_support;missing_recent_same_side_at_or_through_throughput,110,59724,0,6,same_touch_stable_enough,real_bbo_history_touch_stability,2756,1784017460149,37.04894,15.42322,-21.62572,343,55,-288,reset_supported,same_touch_top_qty_or_order_count_reduced,pass,,,,latest_l2_received_before_or_at_candidate,latest_l2_exchange_time_equal_candidate,event_driven_current_l2_plus_rolling_public_trades_proxy_not_exact_queue_or_fill_probability
692,l2Book,1784017463454,1784017463698910011,0.245413,buy,62572,62572,62573,1,0.005,1.15497,20,230.994,0,0,0,0,1.15997,0,not_depleted,,0.0,False,missing_same_side_strict_through_support;missing_recent_same_side_at_or_through_throughput,110,59730,0,7,same_touch_stable_enough,real_bbo_history_touch_stability,3305,1784017460149,37.04894,1.15497,-35.89397,343,20,-323,reset_supported,same_touch_top_qty_or_order_count_reduced,pass,,,,latest_l2_received_before_or_at_candidate,latest_l2_exchange_time_equal_candidate,event_driven_current_l2_plus_rolling_public_trades_proxy_not_exact_queue_or_fill_probability
693,l2Book,1784017463986,1784017464213139968,0.227612,buy,62572,62572,62573,1,0.005,1.08101,16,216.202,0,0,0,0,1.08601,0,not_depleted,,0.0,False,missing_same_side_strict_through_support;missing_recent_same_side_at_or_through_throughput,110,59666,0,8,same_touch_stable_enough,real_bbo_history_touch_stability,3837,1784017460149,37.04894,1.08101,-35.96793,343,16,-327,reset_supported,same_touch_top_qty_or_order_count_reduced,pass,,,,latest_l2_received_before_or_at_candidate,latest_l2_exchange_time_equal_candidate,event_driven_current_l2_plus_rolling_public_trades_proxy_not_exact_queue_or_fill_probability
694,l2Book,1784017464529,1784017464720093026,0.191585,buy,62572,62572,62573,1,0.005,2.03642,18,407.284,0,0,0,0,2.04142,0,not_depleted,,0.0,False,missing_same_side_strict_through_support;missing_recent_same_side_at_or_through_throughput,110,59664,0,9,same_touch_stable_enough,real_bbo_history_touch_stability,4380,1784017460149,37.04894,2.03642,-35.01252,343,18,-325,reset_supported,same_touch_top_qty_or_order_count_reduced,pass,,,,latest_l2_received_before_or_at_candidate,latest_l2_exchange_time_equal_candidate,event_driven_current_l2_plus_rolling_public_trades_proxy_not_exact_queue_or_fill_probability
695,l2Book,1784017465063,1784017465349785017,0.287286,buy,62572,62572,62573,1,0.005,1.08101,16,216.202,0,0,0,0,1.08601,0,not_depleted,,0.0,False,missing_same_side_strict_through_support;missing_recent_same_side_at_or_through_throughput,110,59663,0,10,same_touch_stable_enough,real_bbo_history_touch_stability,4914,1784017460149,37.04894,1.08101,-35.96793,343,16,-327,reset_supported,same_touch_top_qty_or_order_count_reduced,pass,,,,latest_l2_received_before_or_at_candidate,latest_l2_exchange_time_equal_candidate,event_driven_current_l2_plus_rolling_public_trades_proxy_not_exact_queue_or_fill_probability
696,l2Book,1784017465616,1784017465842642913,0.22712,buy,62572,62572,62573,1,0.005,0.82054,12,164.108,0,0,0,0,0.82554,0,not_depleted,,0.0,False,missing_same_side_strict_through_support;missing_recent_same_side_at_or_through_throughput,110,59680,0,11,same_touch_stable_enough,real_bbo_history_touch_stability,5467,1784017460149,37.04894,0.82054,-36.2284,343,12,-331,reset_supported,same_touch_top_qty_or_order_count_reduced,pass,,,,latest_l2_received_before_or_at_candidate,latest_l2_exchange_time_equal_candidate,event_driven_current_l2_plus_rolling_public_trades_proxy_not_exact_queue_or_fill_probability
697,l2Book,1784017466151,1784017466364301121,0.213769,buy,62572,62572,62573,1,0.005,0.82054,12,164.108,0,0,0,0,0.82554,0,not_depleted,,0.0,False,missing_same_side_strict_through_support;missing_recent_same_side_at_or_through_throughput,110,59610,0,12,same_touch_stable_enough,real_bbo_history_touch_stability,6002,1784017460149,37.04894,0.82054,-36.2284,343,12,-331,reset_supported,same_touch_top_qty_or_order_count_reduced,pass,,,,latest_l2_received_before_or_at_candidate,latest_l2_exchange_time_equal_candidate,event_driven_current_l2_plus_rolling_public_trades_proxy_not_exact_queue_or_fill_probability
698,l2Book,1784017466705,1784017467038525778,0.333975,buy,62568,62568,62569,1,0.005,0.00825,2,1.65,0,0,0,0,0.01325,0,not_depleted,,0.0,False,missing_same_side_strict_through_support;missing_touch_freshness_or_queue_reset_evidence;missing_recent_same_side_at_or_through_throughput,110,59648,0,1,same_touch_seen_but_not_stable,real_bbo_history_insufficient,0,1784017466705,,0.00825,,,2,,missing,no_prior_same_touch_bbo,block,no_prior_same_touch_bbo,same_touch_seen_but_not_stable,no_prior_same_touch_bbo,latest_l2_received_before_or_at_candidate,latest_l2_exchange_time_equal_candidate,event_driven_current_l2_plus_rolling_public_trades_proxy_not_exact_queue_or_fill_probability
699,trades,1784017467016,1784017467277838634,0.262311,buy,62568,62568,62569,1,0.005,0.00825,2,1.65,1,0,0,0,0.01325,0,not_depleted,,0.0,False,missing_same_side_strict_through_support;missing_recent_same_side_at_or_through_throughput,110,59648,311,1,same_touch_stable_enough,real_bbo_history_touch_stability,311,1784017466705,,0.00825,,,2,,missing,no_prior_same_touch_bbo,pass,,,no_prior_same_touch_bbo,latest_l2_received_before_or_at_candidate,latest_l2_exchange_time_before_candidate,event_driven_current_l2_plus_rolling_public_trades_proxy_not_exact_queue_or_fill_probability
700,trades,1784017467068,1784017467294570635,0.227016,buy,62568,62568,62569,1,0.005,0.00825,2,1.65,2,0,0,0,0.01325,0,not_depleted,,0.0,False,missing_same_side_strict_through_support;missing_recent_same_side_at_or_through_throughput,109,59082,363,1,same_touch_stable_enough,real_bbo_history_touch_stability,363,1784017466705,,0.00825,,,2,,missing,no_prior_same_touch_bbo,pass,,,no_prior_same_touch_bbo,latest_l2_received_before_or_at_candidate,latest_l2_exchange_time_before_candidate,event_driven_current_l2_plus_rolling_public_trades_proxy_not_exact_queue_or_fill_probability
701,l2Book,1784017467220,1784017467451950331,0.23244,buy,62568,62568,62569,1,0.005,0.00825,2,1.65,2,0,0,0,0.01325,0,not_depleted,,0.0,False,missing_same_side_strict_through_support;missing_recent_same_side_at_or_through_throughput,110,59597,0,2,same_touch_stable_enough,real_bbo_history_touch_stability,515,1784017466705,0.00825,0.00825,0,2,2,0,not_reset,history_present_no_reset,pass,,,history_present_no_reset,latest_l2_received_before_or_at_candidate,latest_l2_exchange_time_equal_candidate,event_driven_current_l2_plus_rolling_public_trades_proxy_not_exact_queue_or_fill_probability
702,l2Book,1784017467771,1784017467976911728,0.206372,buy,62568,62568,62569,1,0.005,0.48772,3,97.544,2,0,0,0,0.49272,0,not_depleted,,0.0,False,missing_same_side_strict_through_support;missing_recent_same_side_at_or_through_throughput,110,59612,0,3,same_touch_stable_enough,real_bbo_history_touch_stability,1066,1784017466705,0.00825,0.48772,0.47947,2,3,1,not_reset,history_present_no_reset,pass,,,history_present_no_reset,latest_l2_received_before_or_at_candidate,latest_l2_exchange_time_equal_candidate,event_driven_current_l2_plus_rolling_public_trades_proxy_not_exact_queue_or_fill_probability
703,l2Book,1784017468281,1784017468522717641,0.24229,buy,62568,62568,62569,1,0.005,0.48772,3,97.544,2,0,0,0,0.49272,0,not_depleted,,0.0,False,missing_same_side_strict_through_support;missing_recent_same_side_at_or_through_throughput,110,59599,0,4,same_touch_stable_enough,real_bbo_history_touch_stability,1576,1784017466705,0.48772,0.48772,0,3,3,0,not_reset,history_present_no_reset,pass,,,history_present_no_reset,latest_l2_received_before_or_at_candidate,latest_l2_exchange_time_equal_candidate,event_driven_current_l2_plus_rolling_public_trades_proxy_not_exact_queue_or_fill_probability
704,l2Book,1784017468836,1784017469079296492,0.243753,buy,62568,62568,62569,1,0.005,0.48772,3,97.544,2,0,0,0,0.49272,0,not_depleted,,0.0,False,missing_same_side_strict_through_support;missing_recent_same_side_at_or_through_throughput,110,59603,0,5,same_touch_stable_enough,real_bbo_history_touch_stability,2131,1784017466705,0.48772,0.48772,0,3,3,0,not_reset,history_present_no_reset,pass,,,history_present_no_reset,latest_l2_received_before_or_at_candidate,latest_l2_exchange_time_equal_candidate,event_driven_current_l2_plus_rolling_public_trades_proxy_not_exact_queue_or_fill_probability
705,trades,1784017469056,1784017469283608668,0.228072,buy,62568,62568,62569,1,0.005,0.48772,3,97.544,5,0,0,0,0.49272,0,not_depleted,,0.0,False,missing_same_side_strict_through_support;missing_recent_same_side_at_or_through_throughput,110,59603,220,5,same_touch_stable_enough,real_bbo_history_touch_stability,2351,1784017466705,0.48772,0.48772,0,3,3,0,not_reset,history_present_no_reset,pass,,,history_present_no_reset,latest_l2_received_before_or_at_candidate,latest_l2_exchange_time_before_candidate,event_driven_current_l2_plus_rolling_public_trades_proxy_not_exact_queue_or_fill_probability
706,l2Book,1784017469377,1784017469582912922,0.206416,buy,62568,62568,62569,1,0.005,1.56848,18,313.696,5,0,0,0,1.57348,0,not_depleted,,0.0,False,missing_same_side_strict_through_support;missing_recent_same_side_at_or_through_throughput,110,59608,0,6,same_touch_stable_enough,real_bbo_history_touch_stability,2672,1784017466705,0.48772,1.56848,1.08076,3,18,15,not_reset,history_present_no_reset,pass,,,history_present_no_reset,latest_l2_received_before_or_at_candidate,latest_l2_exchange_time_equal_candidate,event_driven_current_l2_plus_rolling_public_trades_proxy_not_exact_queue_or_fill_probability
707,l2Book,1784017469899,1784017470145418675,0.246881,buy,62568,62568,62569,1,0.005,1.08901,17,217.802,5,0,0,0,1.09401,0,not_depleted,,0.0,False,missing_same_side_strict_through_support;missing_recent_same_side_at_or_through_throughput,110,59524,0,7,same_touch_stable_enough,real_bbo_history_touch_stability,3194,1784017466705,1.56848,1.08901,-0.47947,18,17,-1,reset_supported,same_touch_top_qty_or_order_count_reduced,pass,,,,latest_l2_received_before_or_at_candidate,latest_l2_exchange_time_equal_candidate,event_driven_current_l2_plus_rolling_public_trades_proxy_not_exact_queue_or_fill_probability
708,l2Book,1784017470401,1784017470633353990,0.232849,buy,62568,62568,62569,1,0.005,1.08102,16,216.204,3,0,0,0,1.08602,0,not_depleted,,0.0,False,missing_same_side_strict_through_support;missing_recent_same_side_at_or_through_throughput,110,59421,0,8,same_touch_stable_enough,real_bbo_history_touch_stability,3696,1784017466705,1.56848,1.08102,-0.48746,18,16,-2,reset_supported,same_touch_top_qty_or_order_count_reduced,pass,,,,latest_l2_received_before_or_at_candidate,latest_l2_exchange_time_equal_candidate,event_driven_current_l2_plus_rolling_public_trades_proxy_not_exact_queue_or_fill_probability
709,l2Book,1784017470922,1784017471140683926,0.219184,buy,62566,62566,62567,1,0.005,0.01419,1,2.838,3,0,0,0,0.01919,0,not_depleted,,0.0,False,missing_same_side_strict_through_support;missing_touch_freshness_or_queue_reset_evidence;missing_recent_same_side_at_or_through_throughput,111,59942,0,1,same_touch_seen_but_not_stable,real_bbo_history_insufficient,0,1784017470922,,0.01419,,,1,,missing,no_prior_same_touch_bbo,block,no_prior_same_touch_bbo,same_touch_seen_but_not_stable,no_prior_same_touch_bbo,latest_l2_received_before_or_at_candidate,latest_l2_exchange_time_equal_candidate,event_driven_current_l2_plus_rolling_public_trades_proxy_not_exact_queue_or_fill_probability
710,l2Book,1784017471474,1784017471704305983,0.23076,buy,62566,62566,62567,1,0.005,0.01419,1,2.838,3,0,0,0,0.01919,0,not_depleted,,0.0,False,missing_same_side_strict_through_support;missing_recent_same_side_at_or_through_throughput,111,59891,0,2,same_touch_stable_enough,real_bbo_history_touch_stability,552,1784017470922,0.01419,0.01419,0,1,1,0,not_reset,history_present_no_reset,pass,,,history_present_no_reset,latest_l2_received_before_or_at_candidate,latest_l2_exchange_time_equal_candidate,event_driven_current_l2_plus_rolling_public_trades_proxy_not_exact_queue_or_fill_probability
711,l2Book,1784017472012,1784017472296715284,0.285183,buy,62563,62563,62564,1,0.005,0.0083,2,1.66,3,0,0,0,0.0133,0,not_depleted,,0.0,False,missing_same_side_strict_through_support;missing_touch_freshness_or_queue_reset_evidence;missing_recent_same_side_at_or_through_throughput,111,59899,0,1,same_touch_seen_but_not_stable,real_bbo_history_insufficient,0,1784017472012,,0.0083,,,2,,missing,no_prior_same_touch_bbo,block,no_prior_same_touch_bbo,same_touch_seen_but_not_stable,no_prior_same_touch_bbo,latest_l2_received_before_or_at_candidate,latest_l2_exchange_time_equal_candidate,event_driven_current_l2_plus_rolling_public_trades_proxy_not_exact_queue_or_fill_probability
712,trades,1784017472012,1784017472297455280,0.285754,buy,62563,62563,62564,1,0.005,0.0083,2,1.66,6,0.00128,0,0.00128,0.0133,0.0962406015037593984962406015,touched_quote_without_depletion,,0.00032,False,missing_same_side_strict_through_support;missing_touch_freshness_or_queue_reset_evidence,111,59899,0,1,same_touch_seen_but_not_stable,real_bbo_history_insufficient,0,1784017472012,,0.0083,,,2,,missing,no_prior_same_touch_bbo,block,no_prior_same_touch_bbo,same_touch_seen_but_not_stable,no_prior_same_touch_bbo,latest_l2_received_before_or_at_candidate,latest_l2_exchange_time_equal_candidate,event_driven_current_l2_plus_rolling_public_trades_proxy_not_exact_queue_or_fill_probability
713,trades,1784017472214,1784017472414742654,0.201266,buy,62563,62563,62564,1,0.005,0.0083,2,1.66,4,0.00145,0,0.00145,0.0133,0.1090225563909774436090225564,touched_quote_without_depletion,,0.00036,False,missing_same_side_strict_through_support;missing_touch_freshness_or_queue_reset_evidence,110,59354,202,1,same_touch_seen_but_not_stable,real_bbo_history_insufficient,202,1784017472012,,0.0083,,,2,,missing,no_prior_same_touch_bbo,block,no_prior_same_touch_bbo,same_touch_seen_but_not_stable,no_prior_same_touch_bbo,latest_l2_received_before_or_at_candidate,latest_l2_exchange_time_before_candidate,event_driven_current_l2_plus_rolling_public_trades_proxy_not_exact_queue_or_fill_probability
714,trades,1784017472457,1784017472736394957,0.279858,buy,62563,62563,62564,1,0.005,0.0083,2,1.66,5,0.00225,0,0.00225,0.0133,0.1691729323308270676691729323,touched_quote_without_depletion,,0.00056,False,missing_same_side_strict_through_support,110,59354,445,1,same_touch_stable_enough,real_bbo_history_touch_stability,445,1784017472012,,0.0083,,,2,,missing,no_prior_same_touch_bbo,pass,,,no_prior_same_touch_bbo,latest_l2_received_before_or_at_candidate,latest_l2_exchange_time_before_candidate,event_driven_current_l2_plus_rolling_public_trades_proxy_not_exact_queue_or_fill_probability
715,l2Book,1784017472532,1784017472813436985,0.281947,buy,62562,62562,62564,2,0.005,0.0022,1,0.44,5,0,0,0,0.0072,0,not_depleted,,0.0,False,missing_same_side_strict_through_support;missing_touch_freshness_or_queue_reset_evidence;missing_recent_same_side_at_or_through_throughput,111,59874,0,1,same_touch_seen_but_not_stable,real_bbo_history_insufficient,0,1784017472532,,0.0022,,,1,,missing,no_prior_same_touch_bbo,block,no_prior_same_touch_bbo,same_touch_seen_but_not_stable,no_prior_same_touch_bbo,latest_l2_received_before_or_at_candidate,latest_l2_exchange_time_equal_candidate,event_driven_current_l2_plus_rolling_public_trades_proxy_not_exact_queue_or_fill_probability
716,l2Book,1784017473035,1784017473372321178,0.337843,buy,62562,62562,62563,1,0.005,0.003,2,0.6,5,0,0,0,0.008,0,not_depleted,,0.0,False,missing_same_side_strict_through_support;missing_touch_freshness_or_queue_reset_evidence;missing_recent_same_side_at_or_through_throughput,111,59862,0,1,same_touch_seen_but_not_stable,real_bbo_history_insufficient,0,1784017473035,,0.003,,,2,,missing,no_prior_same_touch_bbo,block,no_prior_same_touch_bbo,same_touch_seen_but_not_stable,no_prior_same_touch_bbo,latest_l2_received_before_or_at_candidate,latest_l2_exchange_time_equal_candidate,event_driven_current_l2_plus_rolling_public_trades_proxy_not_exact_queue_or_fill_probability
717,l2Book,1784017473632,1784017473850913974,0.21947,buy,62562,62562,62563,1,0.005,0.0008,1,0.16,5,0,0,0,0.0058,0,not_depleted,,0.0,False,missing_same_side_strict_through_support;missing_recent_same_side_at_or_through_throughput,111,59909,0,2,same_touch_stable_enough,real_bbo_history_touch_stability,597,1784017473035,0.003,0.0008,-0.0022,2,1,-1,reset_supported,same_touch_top_qty_or_order_count_reduced,pass,,,,latest_l2_received_before_or_at_candidate,latest_l2_exchange_time_equal_candidate,event_driven_current_l2_plus_rolling_public_trades_proxy_not_exact_queue_or_fill_probability
718,trades,1784017473697,1784017473892645423,0.196123,buy,62562,62562,62563,1,0.005,0.0008,1,0.16,6,0.0008,0,0.0008,0.0058,0.1379310344827586206896551724,depleted_visible_top_proxy_only,,0.0002,False,missing_same_side_strict_through_support,111,59909,65,2,same_touch_stable_enough,real_bbo_history_touch_stability,662,1784017473035,0.003,0.0008,-0.0022,2,1,-1,reset_supported,same_touch_top_qty_or_order_count_reduced,pass,,,,latest_l2_received_before_or_at_candidate,latest_l2_exchange_time_before_candidate,event_driven_current_l2_plus_rolling_public_trades_proxy_not_exact_queue_or_fill_probability
719,trades,1784017473827,1784017474018835845,0.192371,buy,62562,62562,62563,1,0.005,0.0008,1,0.16,7,0.0008,0,0.0008,0.0058,0.1379310344827586206896551724,depleted_visible_top_proxy_only,,0.0002,False,missing_same_side_strict_through_support,110,59389,195,2,same_touch_stable_enough,real_bbo_history_touch_stability,792,1784017473035,0.003,0.0008,-0.0022,2,1,-1,reset_supported,same_touch_top_qty_or_order_count_reduced,pass,,,,latest_l2_received_before_or_at_candidate,latest_l2_exchange_time_before_candidate,event_driven_current_l2_plus_rolling_public_trades_proxy_not_exact_queue_or_fill_probability
720,l2Book,1784017474155,1784017474395503473,0.24098,buy,62559,62559,62560,1,0.005,2.17412,23,434.824,7,0,0,0,2.17912,0,not_depleted,,0.0,False,missing_same_side_strict_through_support;missing_touch_freshness_or_queue_reset_evidence;missing_recent_same_side_at_or_through_throughput,111,59912,0,1,same_touch_seen_but_not_stable,real_bbo_history_insufficient,0,1784017474155,,2.17412,,,23,,missing,no_prior_same_touch_bbo,block,no_prior_same_touch_bbo,same_touch_seen_but_not_stable,no_prior_same_touch_bbo,latest_l2_received_before_or_at_candidate,latest_l2_exchange_time_equal_candidate,event_driven_current_l2_plus_rolling_public_trades_proxy_not_exact_queue_or_fill_probability
721,trades,1784017474155,1784017474396175038,0.241454,buy,62559,62559,62560,1,0.005,2.17412,23,434.824,8,0,0,0,2.17912,0,not_depleted,,0.0,False,missing_same_side_strict_through_support;missing_touch_freshness_or_queue_reset_evidence;missing_recent_same_side_at_or_through_throughput,111,59912,0,1,same_touch_seen_but_not_stable,real_bbo_history_insufficient,0,1784017474155,,2.17412,,,23,,missing,no_prior_same_touch_bbo,block,no_prior_same_touch_bbo,same_touch_seen_but_not_stable,no_prior_same_touch_bbo,latest_l2_received_before_or_at_candidate,latest_l2_exchange_time_equal_candidate,event_driven_current_l2_plus_rolling_public_trades_proxy_not_exact_queue_or_fill_probability
722,l2Book,1784017474703,1784017474926969275,0.224478,buy,62559,62559,62560,1,0.005,4.56591,25,913.182,8,0,0,0,4.57091,0,not_depleted,,0.0,False,missing_same_side_strict_through_support;missing_recent_same_side_at_or_through_throughput,111,59896,0,2,same_touch_stable_enough,real_bbo_history_touch_stability,548,1784017474155,2.17412,4.56591,2.39179,23,25,2,not_reset,history_present_no_reset,pass,,,history_present_no_reset,latest_l2_received_before_or_at_candidate,latest_l2_exchange_time_equal_candidate,event_driven_current_l2_plus_rolling_public_trades_proxy_not_exact_queue_or_fill_probability
723,l2Book,1784017475240,1784017475473667268,0.234168,buy,62559,62559,62560,1,0.005,5.20657,28,1041.314,4,0,0,0,5.21157,0,not_depleted,,0.0,False,missing_same_side_strict_through_support;missing_recent_same_side_at_or_through_throughput,111,59908,0,3,same_touch_stable_enough,real_bbo_history_touch_stability,1085,1784017474155,4.56591,5.20657,0.64066,25,28,3,not_reset,history_present_no_reset,pass,,,history_present_no_reset,latest_l2_received_before_or_at_candidate,latest_l2_exchange_time_equal_candidate,event_driven_current_l2_plus_rolling_public_trades_proxy_not_exact_queue_or_fill_probability
724,l2Book,1784017475846,1784017476083317066,0.237808,buy,62559,62559,62560,1,0.005,4.02697,28,805.394,3,0,0,0,4.03197,0,not_depleted,,0.0,False,missing_same_side_strict_through_support;missing_recent_same_side_at_or_through_throughput,111,59948,0,4,same_touch_stable_enough,real_bbo_history_touch_stability,1691,1784017474155,5.20657,4.02697,-1.1796,28,28,0,not_reset,history_present_no_reset,pass,,,history_present_no_reset,latest_l2_received_before_or_at_candidate,latest_l2_exchange_time_equal_candidate,event_driven_current_l2_plus_rolling_public_trades_proxy_not_exact_queue_or_fill_probability
725,l2Book,1784017476363,1784017476618034507,0.255526,buy,62559,62559,62560,1,0.005,3.62661,25,725.322,3,0,0,0,3.63161,0,not_depleted,,0.0,False,missing_same_side_strict_through_support;missing_recent_same_side_at_or_through_throughput,111,59917,0,5,same_touch_stable_enough,real_bbo_history_touch_stability,2208,1784017474155,5.20657,3.62661,-1.57996,28,25,-3,reset_supported,same_touch_top_qty_or_order_count_reduced,pass,,,,latest_l2_received_before_or_at_candidate,latest_l2_exchange_time_equal_candidate,event_driven_current_l2_plus_rolling_public_trades_proxy_not_exact_queue_or_fill_probability
726,l2Book,1784017476918,1784017477160685485,0.243146,buy,62559,62559,62560,1,0.005,4.14686,29,829.372,1,0,0,0,4.15186,0,not_depleted,,0.0,False,missing_same_side_strict_through_support;missing_recent_same_side_at_or_through_throughput,111,59943,0,6,same_touch_stable_enough,real_bbo_history_touch_stability,2763,1784017474155,5.20657,4.14686,-1.05971,28,29,1,not_reset,history_present_no_reset,pass,,,history_present_no_reset,latest_l2_received_before_or_at_candidate,latest_l2_exchange_time_equal_candidate,event_driven_current_l2_plus_rolling_public_trades_proxy_not_exact_queue_or_fill_probability
727,l2Book,1784017477455,1784017477682988924,0.228529,buy,62559,62559,62560,1,0.005,4.14686,29,829.372,0,0,0,0,4.15186,0,not_depleted,,0.0,False,missing_same_side_strict_through_support;missing_recent_same_side_at_or_through_throughput,111,59934,0,7,same_touch_stable_enough,real_bbo_history_touch_stability,3300,1784017474155,5.20657,4.14686,-1.05971,29,29,0,not_reset,history_present_no_reset,pass,,,history_present_no_reset,latest_l2_received_before_or_at_candidate,latest_l2_exchange_time_equal_candidate,event_driven_current_l2_plus_rolling_public_trades_proxy_not_exact_queue_or_fill_probability
728,l2Book,1784017477991,1784017478208602503,0.218089,buy,62559,62559,62560,1,0.005,5.03553,29,1007.106,0,0,0,0,5.04053,0,not_depleted,,0.0,False,missing_same_side_strict_through_support;missing_recent_same_side_at_or_through_throughput,111,59932,0,8,same_touch_stable_enough,real_bbo_history_touch_stability,3836,1784017474155,5.20657,5.03553,-0.17104,29,29,0,not_reset,history_present_no_reset,pass,,,history_present_no_reset,latest_l2_received_before_or_at_candidate,latest_l2_exchange_time_equal_candidate,event_driven_current_l2_plus_rolling_public_trades_proxy_not_exact_queue_or_fill_probability
729,trades,1784017478058,1784017478279259834,0.221731,buy,62559,62559,62560,1,0.005,5.03553,29,1007.106,3,0.00128,0,0.00128,5.04053,0.0002539415497973427397515737432,touched_quote_without_depletion,,0.00032,False,missing_same_side_strict_through_support,111,59932,67,8,same_touch_stable_enough,real_bbo_history_touch_stability,3903,1784017474155,5.20657,5.03553,-0.17104,29,29,0,not_reset,history_present_no_reset,pass,,,history_present_no_reset,latest_l2_received_before_or_at_candidate,latest_l2_exchange_time_before_candidate,event_driven_current_l2_plus_rolling_public_trades_proxy_not_exact_queue_or_fill_probability
730,l2Book,1784017478528,1784017478759534152,0.231996,buy,62559,62559,62560,1,0.005,5.03425,28,1006.85,3,0.00128,0,0.00128,5.03925,0.0002540060524879694398968100412,touched_quote_without_depletion,,0.00032,False,missing_same_side_strict_through_support,111,59932,0,9,same_touch_stable_enough,real_bbo_history_touch_stability,4373,1784017474155,5.20657,5.03425,-0.17232,29,28,-1,reset_supported,same_touch_top_qty_or_order_count_reduced,pass,,,,latest_l2_received_before_or_at_candidate,latest_l2_exchange_time_equal_candidate,event_driven_current_l2_plus_rolling_public_trades_proxy_not_exact_queue_or_fill_probability
731,l2Book,1784017479065,1784017479332531722,0.268026,buy,62559,62559,62560,1,0.005,5.03425,28,1006.85,3,0.00128,0,0.00128,5.03925,0.0002540060524879694398968100412,touched_quote_without_depletion,,0.00032,False,missing_same_side_strict_through_support,111,59930,0,10,same_touch_stable_enough,real_bbo_history_touch_stability,4910,1784017474155,5.20657,5.03425,-0.17232,29,28,-1,reset_supported,same_touch_top_qty_or_order_count_reduced,pass,,,,latest_l2_received_before_or_at_candidate,latest_l2_exchange_time_equal_candidate,event_driven_current_l2_plus_rolling_public_trades_proxy_not_exact_queue_or_fill_probability
732,trades,1784017479266,1784017479451911096,0.186423,buy,62559,62559,62560,1,0.005,5.03425,28,1006.85,4,0.00128,0,0.00128,5.03925,0.0002540060524879694398968100412,touched_quote_without_depletion,,0.00032,False,missing_same_side_strict_through_support,110,59393,201,10,same_touch_stable_enough,real_bbo_history_touch_stability,5111,1784017474155,5.20657,5.03425,-0.17232,29,28,-1,reset_supported,same_touch_top_qty_or_order_count_reduced,pass,,,,latest_l2_received_before_or_at_candidate,latest_l2_exchange_time_before_candidate,event_driven_current_l2_plus_rolling_public_trades_proxy_not_exact_queue_or_fill_probability
733,l2Book,1784017479607,1784017479831248734,0.224723,buy,62559,62559,62560,1,0.005,5.43365,30,1086.73,4,0.00128,0,0.00128,5.43865,0.0002353525231445303522013735026,touched_quote_without_depletion,,0.00032,False,missing_same_side_strict_through_support,111,59935,0,11,same_touch_stable_enough,real_bbo_history_touch_stability,5452,1784017474155,5.20657,5.43365,0.22708,29,30,1,not_reset,history_present_no_reset,pass,,,history_present_no_reset,latest_l2_received_before_or_at_candidate,latest_l2_exchange_time_equal_candidate,event_driven_current_l2_plus_rolling_public_trades_proxy_not_exact_queue_or_fill_probability
734,l2Book,1784017480126,1784017480344496784,0.219002,buy,62559,62559,62560,1,0.005,8.28078,34,1656.156,4,0.00128,0,0.00128,8.28578,0.0001544815334223211333151495695,touched_quote_without_depletion,,0.00032,False,missing_same_side_strict_through_support,111,59917,0,12,same_touch_stable_enough,real_bbo_history_touch_stability,5971,1784017474155,5.43365,8.28078,2.84713,30,34,4,not_reset,history_present_no_reset,pass,,,history_present_no_reset,latest_l2_received_before_or_at_candidate,latest_l2_exchange_time_equal_candidate,event_driven_current_l2_plus_rolling_public_trades_proxy_not_exact_queue_or_fill_probability
735,l2Book,1784017480689,1784017480915078005,0.226613,buy,62559,62559,62560,1,0.005,9.87819,34,1975.638,4,0.00128,0,0.00128,9.88319,0.0001295128394779418386168838199,touched_quote_without_depletion,,0.00032,False,missing_same_side_strict_through_support,111,59941,0,13,same_touch_stable_enough,real_bbo_history_touch_stability,6534,1784017474155,8.28078,9.87819,1.59741,34,34,0,not_reset,history_present_no_reset,pass,,,history_present_no_reset,latest_l2_received_before_or_at_candidate,latest_l2_exchange_time_equal_candidate,event_driven_current_l2_plus_rolling_public_trades_proxy_not_exact_queue_or_fill_probability
736,l2Book,1784017481222,1784017481427876880,0.206406,buy,62559,62559,62560,1,0.005,9.87819,34,1975.638,1,0,0,0,9.88319,0,not_depleted,,0.0,False,missing_same_side_strict_through_support;missing_recent_same_side_at_or_through_throughput,111,59939,0,14,same_touch_stable_enough,real_bbo_history_touch_stability,7067,1784017474155,9.87819,9.87819,0,34,34,0,not_reset,history_present_no_reset,pass,,,history_present_no_reset,latest_l2_received_before_or_at_candidate,latest_l2_exchange_time_equal_candidate,event_driven_current_l2_plus_rolling_public_trades_proxy_not_exact_queue_or_fill_probability
737,l2Book,1784017481745,1784017482103862891,0.359357,buy,62559,62559,62560,1,0.005,8.88601,30,1777.202,1,0,0,0,8.89101,0,not_depleted,,0.0,False,missing_same_side_strict_through_support;missing_recent_same_side_at_or_through_throughput,111,59925,0,15,same_touch_stable_enough,real_bbo_history_touch_stability,7590,1784017474155,9.87819,8.88601,-0.99218,34,30,-4,reset_supported,same_touch_top_qty_or_order_count_reduced,pass,,,,latest_l2_received_before_or_at_candidate,latest_l2_exchange_time_equal_candidate,event_driven_current_l2_plus_rolling_public_trades_proxy_not_exact_queue_or_fill_probability
738,l2Book,1784017482295,1784017482522465102,0.227955,buy,62559,62559,62560,1,0.005,6.48826,29,1297.652,0,0,0,0,6.49326,0,not_depleted,,0.0,False,missing_same_side_strict_through_support;missing_recent_same_side_at_or_through_throughput,111,59873,0,16,same_touch_stable_enough,real_bbo_history_touch_stability,8140,1784017474155,9.87819,6.48826,-3.38993,34,29,-5,reset_supported,same_touch_top_qty_or_order_count_reduced,pass,,,,latest_l2_received_before_or_at_candidate,latest_l2_exchange_time_equal_candidate,event_driven_current_l2_plus_rolling_public_trades_proxy_not_exact_queue_or_fill_probability
739,l2Book,1784017482839,1784017483053215874,0.214726,buy,62559,62559,62560,1,0.005,7.0111,32,1402.22,0,0,0,0,7.0161,0,not_depleted,,0.0,False,missing_same_side_strict_through_support;missing_recent_same_side_at_or_through_throughput,111,59889,0,17,same_touch_stable_enough,real_bbo_history_touch_stability,8684,1784017474155,9.87819,7.0111,-2.86709,34,32,-2,reset_supported,same_touch_top_qty_or_order_count_reduced,pass,,,,latest_l2_received_before_or_at_candidate,latest_l2_exchange_time_equal_candidate,event_driven_current_l2_plus_rolling_public_trades_proxy_not_exact_queue_or_fill_probability
740,l2Book,1784017483359,1784017483584606035,0.226074,buy,62559,62559,62560,1,0.005,6.7303,31,1346.06,0,0,0,0,6.7353,0,not_depleted,,0.0,False,missing_same_side_strict_through_support;missing_recent_same_side_at_or_through_throughput,111,59863,0,18,same_touch_stable_enough,real_bbo_history_touch_stability,9204,1784017474155,9.87819,6.7303,-3.14789,34,31,-3,reset_supported,same_touch_top_qty_or_order_count_reduced,pass,,,,latest_l2_received_before_or_at_candidate,latest_l2_exchange_time_equal_candidate,event_driven_current_l2_plus_rolling_public_trades_proxy_not_exact_queue_or_fill_probability
741,l2Book,1784017483915,1784017484151289433,0.236764,buy,62559,62559,62560,1,0.005,6.73126,32,1346.252,0,0,0,0,6.73626,0,not_depleted,,0.0,False,missing_same_side_strict_through_support;missing_recent_same_side_at_or_through_throughput,111,59889,0,19,same_touch_stable_enough,real_bbo_history_touch_stability,9760,1784017474155,9.87819,6.73126,-3.14693,34,32,-2,reset_supported,same_touch_top_qty_or_order_count_reduced,pass,,,,latest_l2_received_before_or_at_candidate,latest_l2_exchange_time_equal_candidate,event_driven_current_l2_plus_rolling_public_trades_proxy_not_exact_queue_or_fill_probability
742,l2Book,1784017484452,1784017484668630720,0.217125,buy,62559,62559,62560,1,0.005,7.2108,33,1442.16,0,0,0,0,7.2158,0,not_depleted,,0.0,False,missing_same_side_strict_through_support;missing_recent_same_side_at_or_through_throughput,111,59880,0,20,same_touch_stable_enough,real_bbo_history_touch_stability,10297,1784017474155,9.87819,7.2108,-2.66739,34,33,-1,reset_supported,same_touch_top_qty_or_order_count_reduced,pass,,,,latest_l2_received_before_or_at_candidate,latest_l2_exchange_time_equal_candidate,event_driven_current_l2_plus_rolling_public_trades_proxy_not_exact_queue_or_fill_probability
743,l2Book,1784017484979,1784017485191827245,0.21329,buy,62559,62559,62560,1,0.005,6.73126,32,1346.252,0,0,0,0,6.73626,0,not_depleted,,0.0,False,missing_same_side_strict_through_support;missing_recent_same_side_at_or_through_throughput,111,59873,0,21,same_touch_stable_enough,real_bbo_history_touch_stability,10824,1784017474155,9.87819,6.73126,-3.14693,34,32,-2,reset_supported,same_touch_top_qty_or_order_count_reduced,pass,,,,latest_l2_received_before_or_at_candidate,latest_l2_exchange_time_equal_candidate,event_driven_current_l2_plus_rolling_public_trades_proxy_not_exact_queue_or_fill_probability
744,trades,1784017485058,1784017485293679214,0.236159,buy,62559,62559,62560,1,0.005,6.73126,32,1346.252,1,0,0,0,6.73626,0,not_depleted,,0.0,False,missing_same_side_strict_through_support;missing_recent_same_side_at_or_through_throughput,111,59873,79,21,same_touch_stable_enough,real_bbo_history_touch_stability,10903,1784017474155,9.87819,6.73126,-3.14693,34,32,-2,reset_supported,same_touch_top_qty_or_order_count_reduced,pass,,,,latest_l2_received_before_or_at_candidate,latest_l2_exchange_time_before_candidate,event_driven_current_l2_plus_rolling_public_trades_proxy_not_exact_queue_or_fill_probability
745,l2Book,1784017485532,1784017485746237145,0.21472,buy,62559,62559,62560,1,0.005,6.73126,32,1346.252,1,0,0,0,6.73626,0,not_depleted,,0.0,False,missing_same_side_strict_through_support;missing_recent_same_side_at_or_through_throughput,111,59866,0,22,same_touch_stable_enough,real_bbo_history_touch_stability,11377,1784017474155,9.87819,6.73126,-3.14693,34,32,-2,reset_supported,same_touch_top_qty_or_order_count_reduced,pass,,,,latest_l2_received_before_or_at_candidate,latest_l2_exchange_time_equal_candidate,event_driven_current_l2_plus_rolling_public_trades_proxy_not_exact_queue_or_fill_probability
746,l2Book,1784017486070,1784017486322663532,0.253174,buy,62559,62559,62560,1,0.005,7.0111,32,1402.22,1,0,0,0,7.0161,0,not_depleted,,0.0,False,missing_same_side_strict_through_support;missing_recent_same_side_at_or_through_throughput,111,59802,0,23,same_touch_stable_enough,real_bbo_history_touch_stability,11915,1784017474155,9.87819,7.0111,-2.86709,34,32,-2,reset_supported,same_touch_top_qty_or_order_count_reduced,pass,,,,latest_l2_received_before_or_at_candidate,latest_l2_exchange_time_equal_candidate,event_driven_current_l2_plus_rolling_public_trades_proxy_not_exact_queue_or_fill_probability
747,l2Book,1784017486674,1784017486890377065,0.216869,buy,62559,62559,62560,1,0.005,6.64725,27,1329.45,1,0,0,0,6.65225,0,not_depleted,,0.0,False,missing_same_side_strict_through_support;missing_recent_same_side_at_or_through_throughput,111,59877,0,24,same_touch_stable_enough,real_bbo_history_touch_stability,12519,1784017474155,9.87819,6.64725,-3.23094,34,27,-7,reset_supported,same_touch_top_qty_or_order_count_reduced,pass,,,,latest_l2_received_before_or_at_candidate,latest_l2_exchange_time_equal_candidate,event_driven_current_l2_plus_rolling_public_trades_proxy_not_exact_queue_or_fill_probability
748,l2Book,1784017487274,1784017487501686846,0.228177,buy,62559,62559,62560,1,0.005,6.21101,28,1242.202,1,0,0,0,6.21601,0,not_depleted,,0.0,False,missing_same_side_strict_through_support;missing_recent_same_side_at_or_through_throughput,111,59935,0,25,same_touch_stable_enough,real_bbo_history_touch_stability,13119,1784017474155,9.87819,6.21101,-3.66718,34,28,-6,reset_supported,same_touch_top_qty_or_order_count_reduced,pass,,,,latest_l2_received_before_or_at_candidate,latest_l2_exchange_time_equal_candidate,event_driven_current_l2_plus_rolling_public_trades_proxy_not_exact_queue_or_fill_probability
749,l2Book,1784017487812,1784017488036217726,0.224689,buy,62559,62559,62560,1,0.005,6.21101,28,1242.202,1,0,0,0,6.21601,0,not_depleted,,0.0,False,missing_same_side_strict_through_support;missing_recent_same_side_at_or_through_throughput,111,59933,0,26,same_touch_stable_enough,real_bbo_history_touch_stability,13657,1784017474155,9.87819,6.21101,-3.66718,34,28,-6,reset_supported,same_touch_top_qty_or_order_count_reduced,pass,,,,latest_l2_received_before_or_at_candidate,latest_l2_exchange_time_equal_candidate,event_driven_current_l2_plus_rolling_public_trades_proxy_not_exact_queue_or_fill_probability
750,l2Book,1784017488351,1784017488562705335,0.212219,buy,62559,62559,62560,1,0.005,6.21101,28,1242.202,0,0,0,0,6.21601,0,not_depleted,,0.0,False,missing_same_side_strict_through_support;missing_recent_same_side_at_or_through_throughput,111,59947,0,27,same_touch_stable_enough,real_bbo_history_touch_stability,14196,1784017474155,9.87819,6.21101,-3.66718,34,28,-6,reset_supported,same_touch_top_qty_or_order_count_reduced,pass,,,,latest_l2_received_before_or_at_candidate,latest_l2_exchange_time_equal_candidate,event_driven_current_l2_plus_rolling_public_trades_proxy_not_exact_queue_or_fill_probability
751,l2Book,1784017488890,1784017489114463333,0.224939,buy,62559,62559,62560,1,0.005,6.21101,28,1242.202,0,0,0,0,6.21601,0,not_depleted,,0.0,False,missing_same_side_strict_through_support;missing_recent_same_side_at_or_through_throughput,111,59939,0,28,same_touch_stable_enough,real_bbo_history_touch_stability,14735,1784017474155,9.87819,6.21101,-3.66718,34,28,-6,reset_supported,same_touch_top_qty_or_order_count_reduced,pass,,,,latest_l2_received_before_or_at_candidate,latest_l2_exchange_time_equal_candidate,event_driven_current_l2_plus_rolling_public_trades_proxy_not_exact_queue_or_fill_probability
752,l2Book,1784017489428,1784017489661608958,0.234112,buy,62559,62559,62560,1,0.005,6.21101,28,1242.202,0,0,0,0,6.21601,0,not_depleted,,0.0,False,missing_same_side_strict_through_support;missing_recent_same_side_at_or_through_throughput,111,59940,0,29,same_touch_stable_enough,real_bbo_history_touch_stability,15273,1784017474155,9.87819,6.21101,-3.66718,34,28,-6,reset_supported,same_touch_top_qty_or_order_count_reduced,pass,,,,latest_l2_received_before_or_at_candidate,latest_l2_exchange_time_equal_candidate,event_driven_current_l2_plus_rolling_public_trades_proxy_not_exact_queue_or_fill_probability
753,l2Book,1784017489960,1784017490165170043,0.205672,buy,62559,62559,62560,1,0.005,6.93096,33,1386.192,0,0,0,0,6.93596,0,not_depleted,,0.0,False,missing_same_side_strict_through_support;missing_recent_same_side_at_or_through_throughput,111,59945,0,30,same_touch_stable_enough,real_bbo_history_touch_stability,15805,1784017474155,9.87819,6.93096,-2.94723,34,33,-1,reset_supported,same_touch_top_qty_or_order_count_reduced,pass,,,,latest_l2_received_before_or_at_candidate,latest_l2_exchange_time_equal_candidate,event_driven_current_l2_plus_rolling_public_trades_proxy_not_exact_queue_or_fill_probability
754,l2Book,1784017490510,1784017490742485987,0.232983,buy,62559,62559,62560,1,0.005,6.93096,33,1386.192,0,0,0,0,6.93596,0,not_depleted,,0.0,False,missing_same_side_strict_through_support;missing_recent_same_side_at_or_through_throughput,111,59947,0,31,same_touch_stable_enough,real_bbo_history_touch_stability,16355,1784017474155,9.87819,6.93096,-2.94723,34,33,-1,reset_supported,same_touch_top_qty_or_order_count_reduced,pass,,,,latest_l2_received_before_or_at_candidate,latest_l2_exchange_time_equal_candidate,event_driven_current_l2_plus_rolling_public_trades_proxy_not_exact_queue_or_fill_probability
755,l2Book,1784017491045,1784017491309963622,0.265462,buy,62559,62559,62560,1,0.005,7.4105,34,1482.1,0,0,0,0,7.4155,0,not_depleted,,0.0,False,missing_same_side_strict_through_support;missing_recent_same_side_at_or_through_throughput,111,59965,0,32,same_touch_stable_enough,real_bbo_history_touch_stability,16890,1784017474155,9.87819,7.4105,-2.46769,34,34,0,not_reset,history_present_no_reset,pass,,,history_present_no_reset,latest_l2_received_before_or_at_candidate,latest_l2_exchange_time_equal_candidate,event_driven_current_l2_plus_rolling_public_trades_proxy_not_exact_queue_or_fill_probability
756,l2Book,1784017491569,1784017491786529444,0.218037,buy,62559,62559,62560,1,0.005,6.93096,33,1386.192,0,0,0,0,6.93596,0,not_depleted,,0.0,False,missing_same_side_strict_through_support;missing_recent_same_side_at_or_through_throughput,111,59945,0,33,same_touch_stable_enough,real_bbo_history_touch_stability,17414,1784017474155,9.87819,6.93096,-2.94723,34,33,-1,reset_supported,same_touch_top_qty_or_order_count_reduced,pass,,,,latest_l2_received_before_or_at_candidate,latest_l2_exchange_time_equal_candidate,event_driven_current_l2_plus_rolling_public_trades_proxy_not_exact_queue_or_fill_probability
757,l2Book,1784017492121,1784017492343799366,0.223288,buy,62559,62559,62560,1,0.005,6.53156,31,1306.312,0,0,0,0,6.53656,0,not_depleted,,0.0,False,missing_same_side_strict_through_support;missing_recent_same_side_at_or_through_throughput,111,59892,0,34,same_touch_stable_enough,real_bbo_history_touch_stability,17966,1784017474155,9.87819,6.53156,-3.34663,34,31,-3,reset_supported,same_touch_top_qty_or_order_count_reduced,pass,,,,latest_l2_received_before_or_at_candidate,latest_l2_exchange_time_equal_candidate,event_driven_current_l2_plus_rolling_public_trades_proxy_not_exact_queue_or_fill_probability
758,l2Book,1784017492656,1784017492886367764,0.230824,buy,62559,62559,62560,1,0.005,6.73166,33,1346.332,0,0,0,0,6.73666,0,not_depleted,,0.0,False,missing_same_side_strict_through_support;missing_recent_same_side_at_or_through_throughput,111,59894,0,35,same_touch_stable_enough,real_bbo_history_touch_stability,18501,1784017474155,9.87819,6.73166,-3.14653,34,33,-1,reset_supported,same_touch_top_qty_or_order_count_reduced,pass,,,,latest_l2_received_before_or_at_candidate,latest_l2_exchange_time_equal_candidate,event_driven_current_l2_plus_rolling_public_trades_proxy_not_exact_queue_or_fill_probability
759,l2Book,1784017493259,1784017493472443452,0.213955,buy,62559,62559,62560,1,0.005,6.531,31,1306.2,0,0,0,0,6.536,0,not_depleted,,0.0,False,missing_same_side_strict_through_support;missing_recent_same_side_at_or_through_throughput,111,59947,0,36,same_touch_stable_enough,real_bbo_history_touch_stability,19104,1784017474155,9.87819,6.531,-3.34719,34,31,-3,reset_supported,same_touch_top_qty_or_order_count_reduced,pass,,,,latest_l2_received_before_or_at_candidate,latest_l2_exchange_time_equal_candidate,event_driven_current_l2_plus_rolling_public_trades_proxy_not_exact_queue_or_fill_probability
760,l2Book,1784017493782,1784017493999895574,0.218404,buy,62559,62559,62560,1,0.005,5.07699,30,1015.398,0,0,0,0,5.08199,0,not_depleted,,0.0,False,missing_same_side_strict_through_support;missing_recent_same_side_at_or_through_throughput,111,59946,0,37,same_touch_stable_enough,real_bbo_history_touch_stability,19627,1784017474155,9.87819,5.07699,-4.8012,34,30,-4,reset_supported,same_touch_top_qty_or_order_count_reduced,pass,,,,latest_l2_received_before_or_at_candidate,latest_l2_exchange_time_equal_candidate,event_driven_current_l2_plus_rolling_public_trades_proxy_not_exact_queue_or_fill_probability
761,l2Book,1784017494331,1784017494546922311,0.216454,buy,62559,62559,62560,1,0.005,5.07699,30,1015.398,0,0,0,0,5.08199,0,not_depleted,,0.0,False,missing_same_side_strict_through_support;missing_recent_same_side_at_or_through_throughput,111,59891,0,38,same_touch_stable_enough,real_bbo_history_touch_stability,20176,1784017474155,9.87819,5.07699,-4.8012,34,30,-4,reset_supported,same_touch_top_qty_or_order_count_reduced,pass,,,,latest_l2_received_before_or_at_candidate,latest_l2_exchange_time_equal_candidate,event_driven_current_l2_plus_rolling_public_trades_proxy_not_exact_queue_or_fill_probability
762,trades,1784017494467,1784017494644630243,0.17811,buy,62559,62559,62560,1,0.005,5.07699,30,1015.398,2,0.04366,0,0.04366,5.08199,0.008591122768836617151942447742,touched_quote_without_depletion,,0.005,False,missing_same_side_strict_through_support,110,59344,136,38,same_touch_stable_enough,real_bbo_history_touch_stability,20312,1784017474155,9.87819,5.07699,-4.8012,34,30,-4,reset_supported,same_touch_top_qty_or_order_count_reduced,pass,,,,latest_l2_received_before_or_at_candidate,latest_l2_exchange_time_before_candidate,event_driven_current_l2_plus_rolling_public_trades_proxy_not_exact_queue_or_fill_probability
763,l2Book,1784017494840,1784017495083500233,0.244008,buy,62559,62559,62560,1,0.005,5.03333,29,1006.666,2,0.04366,0,0.04366,5.03833,0.008665569742355105759249592623,touched_quote_without_depletion,,0.005,False,missing_same_side_strict_through_support,111,59853,0,39,same_touch_stable_enough,real_bbo_history_touch_stability,20685,1784017474155,9.87819,5.03333,-4.84486,34,29,-5,reset_supported,same_touch_top_qty_or_order_count_reduced,pass,,,,latest_l2_received_before_or_at_candidate,latest_l2_exchange_time_equal_candidate,event_driven_current_l2_plus_rolling_public_trades_proxy_not_exact_queue_or_fill_probability
764,l2Book,1784017495391,1784017495587871100,0.197402,buy,62559,62559,62560,1,0.005,5.03333,29,1006.666,2,0.04366,0,0.04366,5.03833,0.008665569742355105759249592623,touched_quote_without_depletion,,0.005,False,missing_same_side_strict_through_support,111,59888,0,40,same_touch_stable_enough,real_bbo_history_touch_stability,21236,1784017474155,9.87819,5.03333,-4.84486,34,29,-5,reset_supported,same_touch_top_qty_or_order_count_reduced,pass,,,,latest_l2_received_before_or_at_candidate,latest_l2_exchange_time_equal_candidate,event_driven_current_l2_plus_rolling_public_trades_proxy_not_exact_queue_or_fill_probability
765,l2Book,1784017495943,1784017496153692176,0.211222,buy,62559,62559,62560,1,0.005,5.03333,29,1006.666,2,0.04366,0,0.04366,5.03833,0.008665569742355105759249592623,touched_quote_without_depletion,,0.005,False,missing_same_side_strict_through_support,111,59865,0,41,same_touch_stable_enough,real_bbo_history_touch_stability,21788,1784017474155,9.87819,5.03333,-4.84486,34,29,-5,reset_supported,same_touch_top_qty_or_order_count_reduced,pass,,,,latest_l2_received_before_or_at_candidate,latest_l2_exchange_time_equal_candidate,event_driven_current_l2_plus_rolling_public_trades_proxy_not_exact_queue_or_fill_probability
766,l2Book,1784017496477,1784017496687945242,0.211405,buy,62559,62559,62560,1,0.005,5.03429,30,1006.858,2,0.04366,0,0.04366,5.03929,0.008663918925086668955348868591,touched_quote_without_depletion,,0.005,False,missing_same_side_strict_through_support,111,59782,0,42,same_touch_stable_enough,real_bbo_history_touch_stability,22322,1784017474155,9.87819,5.03429,-4.8439,34,30,-4,reset_supported,same_touch_top_qty_or_order_count_reduced,pass,,,,latest_l2_received_before_or_at_candidate,latest_l2_exchange_time_equal_candidate,event_driven_current_l2_plus_rolling_public_trades_proxy_not_exact_queue_or_fill_probability
767,l2Book,1784017496998,1784017497294281854,0.296802,buy,62559,62559,62560,1,0.005,5.23399,31,1046.798,2,0.04366,0,0.04366,5.23899,0.008333667367183369313550894352,touched_quote_without_depletion,,0.005,False,missing_same_side_strict_through_support,111,59780,0,43,same_touch_stable_enough,real_bbo_history_touch_stability,22843,1784017474155,9.87819,5.23399,-4.6442,34,31,-3,reset_supported,same_touch_top_qty_or_order_count_reduced,pass,,,,latest_l2_received_before_or_at_candidate,latest_l2_exchange_time_equal_candidate,event_driven_current_l2_plus_rolling_public_trades_proxy_not_exact_queue_or_fill_probability
768,trades,1784017497081,1784017497318079112,0.237556,buy,62559,62559,62560,1,0.005,5.23399,31,1046.798,3,0.04366,0,0.04366,5.23899,0.008333667367183369313550894352,touched_quote_without_depletion,,0.005,False,missing_same_side_strict_through_support,111,59780,83,43,same_touch_stable_enough,real_bbo_history_touch_stability,22926,1784017474155,9.87819,5.23399,-4.6442,34,31,-3,reset_supported,same_touch_top_qty_or_order_count_reduced,pass,,,,latest_l2_received_before_or_at_candidate,latest_l2_exchange_time_before_candidate,event_driven_current_l2_plus_rolling_public_trades_proxy_not_exact_queue_or_fill_probability
769,l2Book,1784017497550,1784017497768680769,0.219175,buy,62559,62559,62560,1,0.005,5.23399,31,1046.798,1,0,0,0,5.23899,0,not_depleted,,0.0,False,missing_same_side_strict_through_support;missing_recent_same_side_at_or_through_throughput,111,59789,0,44,same_touch_stable_enough,real_bbo_history_touch_stability,23395,1784017474155,9.87819,5.23399,-4.6442,34,31,-3,reset_supported,same_touch_top_qty_or_order_count_reduced,pass,,,,latest_l2_received_before_or_at_candidate,latest_l2_exchange_time_equal_candidate,event_driven_current_l2_plus_rolling_public_trades_proxy_not_exact_queue_or_fill_probability
770,l2Book,1784017498084,1784017498295392350,0.211899,buy,62559,62559,62560,1,0.005,5.23399,31,1046.798,1,0,0,0,5.23899,0,not_depleted,,0.0,False,missing_same_side_strict_through_support;missing_recent_same_side_at_or_through_throughput,111,59788,0,45,same_touch_stable_enough,real_bbo_history_touch_stability,23929,1784017474155,9.87819,5.23399,-4.6442,34,31,-3,reset_supported,same_touch_top_qty_or_order_count_reduced,pass,,,,latest_l2_received_before_or_at_candidate,latest_l2_exchange_time_equal_candidate,event_driven_current_l2_plus_rolling_public_trades_proxy_not_exact_queue_or_fill_probability
771,trades,1784017498489,1784017498685266647,0.196719,buy,62559,62559,62560,1,0.005,5.23399,31,1046.798,2,0.01096,0,0.01096,5.23899,0.002092006283653910391125006919,touched_quote_without_depletion,,0.00274,False,missing_same_side_strict_through_support,110,59252,405,45,same_touch_stable_enough,real_bbo_history_touch_stability,24334,1784017474155,9.87819,5.23399,-4.6442,34,31,-3,reset_supported,same_touch_top_qty_or_order_count_reduced,pass,,,,latest_l2_received_before_or_at_candidate,latest_l2_exchange_time_before_candidate,event_driven_current_l2_plus_rolling_public_trades_proxy_not_exact_queue_or_fill_probability
772,l2Book,1784017498608,1784017498836208214,0.228676,buy,62559,62559,62560,1,0.005,10.20896,45,2041.792,2,0.01096,0,0.01096,10.21396,0.001073041210265166497616986947,touched_quote_without_depletion,,0.00274,False,missing_same_side_strict_through_support,111,59776,0,46,same_touch_stable_enough,real_bbo_history_touch_stability,24453,1784017474155,9.87819,10.20896,0.33077,34,45,11,not_reset,history_present_no_reset,pass,,,history_present_no_reset,latest_l2_received_before_or_at_candidate,latest_l2_exchange_time_equal_candidate,event_driven_current_l2_plus_rolling_public_trades_proxy_not_exact_queue_or_fill_probability
773,trades,1784017498890,1784017499078016579,0.188524,buy,62559,62559,62560,1,0.005,10.20896,45,2041.792,3,0.0236,0,0.0236,10.21396,0.002310563189987037348883293062,touched_quote_without_depletion,,0.005,False,missing_same_side_strict_through_support,110,59170,282,46,same_touch_stable_enough,real_bbo_history_touch_stability,24735,1784017474155,9.87819,10.20896,0.33077,34,45,11,not_reset,history_present_no_reset,pass,,,history_present_no_reset,latest_l2_received_before_or_at_candidate,latest_l2_exchange_time_before_candidate,event_driven_current_l2_plus_rolling_public_trades_proxy_not_exact_queue_or_fill_probability
774,trades,1784017499010,1784017499230974704,0.221512,buy,62559,62559,62560,1,0.005,10.20896,45,2041.792,12,0.0236,0,0.0236,10.21396,0.002310563189987037348883293062,touched_quote_without_depletion,,0.005,False,missing_same_side_strict_through_support,110,59170,402,46,same_touch_stable_enough,real_bbo_history_touch_stability,24855,1784017474155,9.87819,10.20896,0.33077,34,45,11,not_reset,history_present_no_reset,pass,,,history_present_no_reset,latest_l2_received_before_or_at_candidate,latest_l2_exchange_time_before_candidate,event_driven_current_l2_plus_rolling_public_trades_proxy_not_exact_queue_or_fill_probability
775,l2Book,1784017499140,1784017499380056920,0.240576,buy,62559,62559,62560,1,0.005,9.04429,41,1808.858,12,0.0236,0,0.0236,9.04929,0.002607939407401022621664241062,touched_quote_without_depletion,,0.005,False,missing_same_side_strict_through_support,111,59702,0,47,same_touch_stable_enough,real_bbo_history_touch_stability,24985,1784017474155,10.20896,9.04429,-1.16467,45,41,-4,reset_supported,same_touch_top_qty_or_order_count_reduced,pass,,,,latest_l2_received_before_or_at_candidate,latest_l2_exchange_time_equal_candidate,event_driven_current_l2_plus_rolling_public_trades_proxy_not_exact_queue_or_fill_probability
776,l2Book,1784017499695,1784017499913415441,0.218946,buy,62559,62559,62560,1,0.005,9.42919,40,1885.838,12,0.0236,0,0.0236,9.43419,0.002501539612833746193366892123,touched_quote_without_depletion,,0.005,False,missing_same_side_strict_through_support,111,59656,0,48,same_touch_stable_enough,real_bbo_history_touch_stability,25540,1784017474155,10.20896,9.42919,-0.77977,45,40,-5,reset_supported,same_touch_top_qty_or_order_count_reduced,pass,,,,latest_l2_received_before_or_at_candidate,latest_l2_exchange_time_equal_candidate,event_driven_current_l2_plus_rolling_public_trades_proxy_not_exact_queue_or_fill_probability
777,l2Book,1784017500216,1784017500467022008,0.251536,buy,62559,62559,62560,1,0.005,10.70907,42,2141.814,11,0.0236,0,0.0236,10.71407,0.002202711014581760246106288273,touched_quote_without_depletion,,0.005,False,missing_same_side_strict_through_support,111,59612,0,49,same_touch_stable_enough,real_bbo_history_touch_stability,26061,1784017474155,10.20896,10.70907,0.50011,45,42,-3,reset_supported,same_touch_top_qty_or_order_count_reduced,pass,,,,latest_l2_received_before_or_at_candidate,latest_l2_exchange_time_equal_candidate,event_driven_current_l2_plus_rolling_public_trades_proxy_not_exact_queue_or_fill_probability
778,l2Book,1784017500822,1784017501066147780,0.244601,buy,62559,62559,62560,1,0.005,10.42137,44,2084.274,11,0.0236,0,0.0236,10.42637,0.00226349151238638183759064756,touched_quote_without_depletion,,0.005,False,missing_same_side_strict_through_support,111,59699,0,50,same_touch_stable_enough,real_bbo_history_touch_stability,26667,1784017474155,10.70907,10.42137,-0.2877,45,44,-1,reset_supported,same_touch_top_qty_or_order_count_reduced,pass,,,,latest_l2_received_before_or_at_candidate,latest_l2_exchange_time_equal_candidate,event_driven_current_l2_plus_rolling_public_trades_proxy_not_exact_queue_or_fill_probability
779,l2Book,1784017501425,1784017501662741354,0.238264,buy,62559,62559,62560,1,0.005,10.42137,44,2084.274,11,0.0236,0,0.0236,10.42637,0.00226349151238638183759064756,touched_quote_without_depletion,,0.005,False,missing_same_side_strict_through_support,111,59685,0,51,same_touch_stable_enough,real_bbo_history_touch_stability,27270,1784017474155,10.70907,10.42137,-0.2877,45,44,-1,reset_supported,same_touch_top_qty_or_order_count_reduced,pass,,,,latest_l2_received_before_or_at_candidate,latest_l2_exchange_time_equal_candidate,event_driven_current_l2_plus_rolling_public_trades_proxy_not_exact_queue_or_fill_probability
780,l2Book,1784017501978,1784017502295568977,0.318054,buy,62559,62559,62560,1,0.005,10.42137,44,2084.274,9,0,0,0,10.42637,0,not_depleted,,0.0,False,missing_same_side_strict_through_support;missing_recent_same_side_at_or_through_throughput,111,59702,0,52,same_touch_stable_enough,real_bbo_history_touch_stability,27823,1784017474155,10.70907,10.42137,-0.2877,45,44,-1,reset_supported,same_touch_top_qty_or_order_count_reduced,pass,,,,latest_l2_received_before_or_at_candidate,latest_l2_exchange_time_equal_candidate,event_driven_current_l2_plus_rolling_public_trades_proxy_not_exact_queue_or_fill_probability
781,trades,1784017502028,1784017502388872175,0.361344,buy,62559,62559,62560,1,0.005,10.42137,44,2084.274,2,0.00145,0,0.00145,10.42637,0.0001390704530915361722248491086,touched_quote_without_depletion,,0.00036,False,missing_same_side_strict_through_support,111,59702,50,52,same_touch_stable_enough,real_bbo_history_touch_stability,27873,1784017474155,10.70907,10.42137,-0.2877,45,44,-1,reset_supported,same_touch_top_qty_or_order_count_reduced,pass,,,,latest_l2_received_before_or_at_candidate,latest_l2_exchange_time_before_candidate,event_driven_current_l2_plus_rolling_public_trades_proxy_not_exact_queue_or_fill_probability
782,l2Book,1784017502516,1784017502724725944,0.209224,buy,62559,62559,62560,1,0.005,10.41992,44,2083.984,2,0.00145,0,0.00145,10.42492,0.0001390897963725381106042060754,touched_quote_without_depletion,,0.00036,False,missing_same_side_strict_through_support,111,59699,0,53,same_touch_stable_enough,real_bbo_history_touch_stability,28361,1784017474155,10.70907,10.41992,-0.28915,45,44,-1,reset_supported,same_touch_top_qty_or_order_count_reduced,pass,,,,latest_l2_received_before_or_at_candidate,latest_l2_exchange_time_equal_candidate,event_driven_current_l2_plus_rolling_public_trades_proxy_not_exact_queue_or_fill_probability
783,l2Book,1784017503092,1784017503327877420,0.236352,buy,62559,62559,62560,1,0.005,11.22026,45,2244.052,2,0.00145,0,0.00145,11.22526,0.0001291729545685356063022148262,touched_quote_without_depletion,,0.00036,False,missing_same_side_strict_through_support,111,59722,0,54,same_touch_stable_enough,real_bbo_history_touch_stability,28937,1784017474155,10.70907,11.22026,0.51119,45,45,0,not_reset,history_present_no_reset,pass,,,history_present_no_reset,latest_l2_received_before_or_at_candidate,latest_l2_exchange_time_equal_candidate,event_driven_current_l2_plus_rolling_public_trades_proxy_not_exact_queue_or_fill_probability
784,l2Book,1784017503590,1784017503805090914,0.21558,buy,62559,62559,62560,1,0.005,11.34649,46,2269.298,2,0.00145,0,0.00145,11.35149,0.0001277365350275602586092222255,touched_quote_without_depletion,,0.00036,False,missing_same_side_strict_through_support,111,59698,0,55,same_touch_stable_enough,real_bbo_history_touch_stability,29435,1784017474155,11.22026,11.34649,0.12623,45,46,1,not_reset,history_present_no_reset,pass,,,history_present_no_reset,latest_l2_received_before_or_at_candidate,latest_l2_exchange_time_equal_candidate,event_driven_current_l2_plus_rolling_public_trades_proxy_not_exact_queue_or_fill_probability
785,l2Book,1784017504112,1784017504341675580,0.230222,buy,62559,62559,62560,1,0.005,11.34649,46,2269.298,2,0.00145,0,0.00145,11.35149,0.0001277365350275602586092222255,touched_quote_without_depletion,,0.00036,False,missing_same_side_strict_through_support,111,59672,0,56,same_touch_stable_enough,real_bbo_history_touch_stability,29957,1784017474155,11.34649,11.34649,0,46,46,0,not_reset,history_present_no_reset,pass,,,history_present_no_reset,latest_l2_received_before_or_at_candidate,latest_l2_exchange_time_equal_candidate,event_driven_current_l2_plus_rolling_public_trades_proxy_not_exact_queue_or_fill_probability
786,l2Book,1784017504675,1784017504902553710,0.228045,buy,62559,62559,62560,1,0.005,10.86695,45,2173.39,2,0.00145,0,0.00145,10.87195,0.000133370738459981879975533368,touched_quote_without_depletion,,0.00036,False,missing_same_side_strict_through_support,111,59698,0,57,same_touch_stable_enough,real_bbo_history_touch_stability,30520,1784017474155,11.34649,10.86695,-0.47954,46,45,-1,reset_supported,same_touch_top_qty_or_order_count_reduced,pass,,,,latest_l2_received_before_or_at_candidate,latest_l2_exchange_time_equal_candidate,event_driven_current_l2_plus_rolling_public_trades_proxy_not_exact_queue_or_fill_probability
787,l2Book,1784017505209,1784017505444046371,0.235538,buy,62559,62559,62560,1,0.005,11.01514,49,2203.028,0,0,0,0,11.02014,0,not_depleted,,0.0,False,missing_same_side_strict_through_support;missing_recent_same_side_at_or_through_throughput,111,59706,0,58,same_touch_stable_enough,real_bbo_history_touch_stability,31054,1784017474155,11.34649,11.01514,-0.33135,46,49,3,not_reset,history_present_no_reset,pass,,,history_present_no_reset,latest_l2_received_before_or_at_candidate,latest_l2_exchange_time_equal_candidate,event_driven_current_l2_plus_rolling_public_trades_proxy_not_exact_queue_or_fill_probability
788,trades,1784017505350,1784017505539318611,0.189831,buy,62559,62559,62560,1,0.005,11.01514,49,2203.028,1,0,0,0,11.02014,0,not_depleted,,0.0,False,missing_same_side_strict_through_support;missing_recent_same_side_at_or_through_throughput,111,59706,141,58,same_touch_stable_enough,real_bbo_history_touch_stability,31195,1784017474155,11.34649,11.01514,-0.33135,46,49,3,not_reset,history_present_no_reset,pass,,,history_present_no_reset,latest_l2_received_before_or_at_candidate,latest_l2_exchange_time_before_candidate,event_driven_current_l2_plus_rolling_public_trades_proxy_not_exact_queue_or_fill_probability
789,l2Book,1784017505754,1784017505991684502,0.238168,buy,62559,62559,62560,1,0.005,11.55719,52,2311.438,1,0,0,0,11.56219,0,not_depleted,,0.0,False,missing_same_side_strict_through_support;missing_recent_same_side_at_or_through_throughput,111,59650,0,59,same_touch_stable_enough,real_bbo_history_touch_stability,31599,1784017474155,11.34649,11.55719,0.2107,49,52,3,not_reset,history_present_no_reset,pass,,,history_present_no_reset,latest_l2_received_before_or_at_candidate,latest_l2_exchange_time_equal_candidate,event_driven_current_l2_plus_rolling_public_trades_proxy_not_exact_queue_or_fill_probability
790,l2Book,1784017506288,1784017506517021550,0.229521,buy,62559,62559,62560,1,0.005,11.55719,52,2311.438,1,0,0,0,11.56219,0,not_depleted,,0.0,False,missing_same_side_strict_through_support;missing_recent_same_side_at_or_through_throughput,111,59702,0,60,same_touch_stable_enough,real_bbo_history_touch_stability,32133,1784017474155,11.55719,11.55719,0,52,52,0,not_reset,history_present_no_reset,pass,,,history_present_no_reset,latest_l2_received_before_or_at_candidate,latest_l2_exchange_time_equal_candidate,event_driven_current_l2_plus_rolling_public_trades_proxy_not_exact_queue_or_fill_probability
791,l2Book,1784017506905,1784017507131087319,0.226589,buy,62559,62559,62560,1,0.005,11.55719,52,2311.438,1,0,0,0,11.56219,0,not_depleted,,0.0,False,missing_same_side_strict_through_support;missing_recent_same_side_at_or_through_throughput,111,59795,0,61,same_touch_stable_enough,real_bbo_history_touch_stability,32750,1784017474155,11.55719,11.55719,0,52,52,0,not_reset,history_present_no_reset,pass,,,history_present_no_reset,latest_l2_received_before_or_at_candidate,latest_l2_exchange_time_equal_candidate,event_driven_current_l2_plus_rolling_public_trades_proxy_not_exact_queue_or_fill_probability
792,l2Book,1784017507441,1784017507657748235,0.217236,buy,62559,62559,62560,1,0.005,11.55719,52,2311.438,1,0,0,0,11.56219,0,not_depleted,,0.0,False,missing_same_side_strict_through_support;missing_recent_same_side_at_or_through_throughput,111,59797,0,62,same_touch_stable_enough,real_bbo_history_touch_stability,33286,1784017474155,11.55719,11.55719,0,52,52,0,not_reset,history_present_no_reset,pass,,,history_present_no_reset,latest_l2_received_before_or_at_candidate,latest_l2_exchange_time_equal_candidate,event_driven_current_l2_plus_rolling_public_trades_proxy_not_exact_queue_or_fill_probability
793,trades,1784017507846,1784017508033752842,0.188282,buy,62559,62559,62560,1,0.005,11.55719,52,2311.438,2,0,0,0,11.56219,0,not_depleted,,0.0,False,missing_same_side_strict_through_support;missing_recent_same_side_at_or_through_throughput,110,59244,405,62,same_touch_stable_enough,real_bbo_history_touch_stability,33691,1784017474155,11.55719,11.55719,0,52,52,0,not_reset,history_present_no_reset,pass,,,history_present_no_reset,latest_l2_received_before_or_at_candidate,latest_l2_exchange_time_before_candidate,event_driven_current_l2_plus_rolling_public_trades_proxy_not_exact_queue_or_fill_probability
794,l2Book,1784017507979,1784017508202261502,0.223751,buy,62559,62559,62560,1,0.005,11.55719,52,2311.438,2,0,0,0,11.56219,0,not_depleted,,0.0,False,missing_same_side_strict_through_support;missing_recent_same_side_at_or_through_throughput,111,59782,0,63,same_touch_stable_enough,real_bbo_history_touch_stability,33824,1784017474155,11.55719,11.55719,0,52,52,0,not_reset,history_present_no_reset,pass,,,history_present_no_reset,latest_l2_received_before_or_at_candidate,latest_l2_exchange_time_equal_candidate,event_driven_current_l2_plus_rolling_public_trades_proxy_not_exact_queue_or_fill_probability
795,trades,1784017508045,1784017508269640063,0.225153,buy,62559,62559,62560,1,0.005,11.55719,52,2311.438,4,0.00128,0,0.00128,11.56219,0.0001107056708114985136898805503,touched_quote_without_depletion,,0.00032,False,missing_same_side_strict_through_support,111,59782,66,63,same_touch_stable_enough,real_bbo_history_touch_stability,33890,1784017474155,11.55719,11.55719,0,52,52,0,not_reset,history_present_no_reset,pass,,,history_present_no_reset,latest_l2_received_before_or_at_candidate,latest_l2_exchange_time_before_candidate,event_driven_current_l2_plus_rolling_public_trades_proxy_not_exact_queue_or_fill_probability
796,l2Book,1784017508516,1784017508746460634,0.230963,buy,62559,62559,62560,1,0.005,10.75557,51,2151.114,3,0.00128,0,0.00128,10.76057,0.0001189528064033782597018559426,touched_quote_without_depletion,,0.00032,False,missing_same_side_strict_through_support,111,59797,0,64,same_touch_stable_enough,real_bbo_history_touch_stability,34361,1784017474155,11.55719,10.75557,-0.80162,52,51,-1,reset_supported,same_touch_top_qty_or_order_count_reduced,pass,,,,latest_l2_received_before_or_at_candidate,latest_l2_exchange_time_equal_candidate,event_driven_current_l2_plus_rolling_public_trades_proxy_not_exact_queue_or_fill_probability
797,l2Book,1784017509053,1784017509300533153,0.248058,buy,62559,62559,62560,1,0.005,11.55591,52,2311.182,3,0.00128,0,0.00128,11.56091,0.0001107179279139790898813328709,touched_quote_without_depletion,,0.00032,False,missing_same_side_strict_through_support,111,59803,0,65,same_touch_stable_enough,real_bbo_history_touch_stability,34898,1784017474155,11.55719,11.55591,-0.00128,52,52,0,not_reset,history_present_no_reset,pass,,,history_present_no_reset,latest_l2_received_before_or_at_candidate,latest_l2_exchange_time_equal_candidate,event_driven_current_l2_plus_rolling_public_trades_proxy_not_exact_queue_or_fill_probability
798,l2Book,1784017509659,1784017509877860812,0.219361,buy,62559,62559,62560,1,0.005,11.55591,52,2311.182,3,0.00128,0,0.00128,11.56091,0.0001107179279139790898813328709,touched_quote_without_depletion,,0.00032,False,missing_same_side_strict_through_support,111,59908,0,66,same_touch_stable_enough,real_bbo_history_touch_stability,35504,1784017474155,11.55719,11.55591,-0.00128,52,52,0,not_reset,history_present_no_reset,pass,,,history_present_no_reset,latest_l2_received_before_or_at_candidate,latest_l2_exchange_time_equal_candidate,event_driven_current_l2_plus_rolling_public_trades_proxy_not_exact_queue_or_fill_probability
799,l2Book,1784017510172,1784017510418571354,0.247062,buy,62559,62559,62560,1,0.005,22.00931,61,4401.862,3,0.00128,0,0.00128,22.01431,0.00005814399815392805861278413904,touched_quote_without_depletion,,0.00032,False,missing_same_side_strict_through_support,111,59911,0,67,same_touch_stable_enough,real_bbo_history_touch_stability,36017,1784017474155,11.55719,22.00931,10.45212,52,61,9,not_reset,history_present_no_reset,pass,,,history_present_no_reset,latest_l2_received_before_or_at_candidate,latest_l2_exchange_time_equal_candidate,event_driven_current_l2_plus_rolling_public_trades_proxy_not_exact_queue_or_fill_probability
800,l2Book,1784017510675,1784017510899404145,0.2249,buy,62559,62559,62560,1,0.005,24.97123,69,4994.246,3,0.00128,0,0.00128,24.97623,0.00005124872728990724380741208741,touched_quote_without_depletion,,0.00032,False,missing_same_side_strict_through_support,111,59892,0,68,same_touch_stable_enough,real_bbo_history_touch_stability,36520,1784017474155,22.00931,24.97123,2.96192,61,69,8,not_reset,history_present_no_reset,pass,,,history_present_no_reset,latest_l2_received_before_or_at_candidate,latest_l2_exchange_time_equal_candidate,event_driven_current_l2_plus_rolling_public_trades_proxy_not_exact_queue_or_fill_probability
801,l2Book,1784017511276,1784017511528429024,0.252927,buy,62559,62559,62560,1,0.005,25.07035,70,5014.07,0,0,0,0,25.07535,0,not_depleted,,0.0,False,missing_same_side_strict_through_support;missing_recent_same_side_at_or_through_throughput,111,59944,0,69,same_touch_stable_enough,real_bbo_history_touch_stability,37121,1784017474155,24.97123,25.07035,0.09912,69,70,1,not_reset,history_present_no_reset,pass,,,history_present_no_reset,latest_l2_received_before_or_at_candidate,latest_l2_exchange_time_equal_candidate,event_driven_current_l2_plus_rolling_public_trades_proxy_not_exact_queue_or_fill_probability
802,trades,1784017511276,1784017511529131561,0.253439,buy,62559,62559,62560,1,0.005,25.07035,70,5014.07,1,0.001,0,0.001,25.07535,0.00003987980227594031588791382772,touched_quote_without_depletion,,0.00025,False,missing_same_side_strict_through_support,111,59944,0,69,same_touch_stable_enough,real_bbo_history_touch_stability,37121,1784017474155,24.97123,25.07035,0.09912,69,70,1,not_reset,history_present_no_reset,pass,,,history_present_no_reset,latest_l2_received_before_or_at_candidate,latest_l2_exchange_time_equal_candidate,event_driven_current_l2_plus_rolling_public_trades_proxy_not_exact_queue_or_fill_probability
803,l2Book,1784017511880,1784017512103492944,0.223974,buy,62559,62559,62560,1,0.005,23.10251,71,4620.502,1,0.001,0,0.001,23.10751,0.00004327597391497396301029405592,touched_quote_without_depletion,,0.00025,False,missing_same_side_strict_through_support,111,60000,0,70,same_touch_stable_enough,real_bbo_history_touch_stability,37725,1784017474155,25.07035,23.10251,-1.96784,70,71,1,not_reset,history_present_no_reset,pass,,,history_present_no_reset,latest_l2_received_before_or_at_candidate,latest_l2_exchange_time_equal_candidate,event_driven_current_l2_plus_rolling_public_trades_proxy_not_exact_queue_or_fill_probability
804,l2Book,1784017512549,1784017512779376250,0.23084,buy,62559,62559,62560,1,0.005,23.22823,72,4645.646,1,0.001,0,0.001,23.23323,0.00004304179832076728031358532585,touched_quote_without_depletion,,0.00025,False,missing_same_side_strict_through_support,110,59581,0,71,same_touch_stable_enough,real_bbo_history_touch_stability,38394,1784017474155,25.07035,23.22823,-1.84212,71,72,1,not_reset,history_present_no_reset,pass,,,history_present_no_reset,latest_l2_received_before_or_at_candidate,latest_l2_exchange_time_equal_candidate,event_driven_current_l2_plus_rolling_public_trades_proxy_not_exact_queue_or_fill_probability
805,l2Book,1784017513089,1784017513357827494,0.26931,buy,62559,62559,62560,1,0.005,26.10951,73,5221.902,1,0.001,0,0.001,26.11451,0.00003829288774708007157706577684,touched_quote_without_depletion,,0.00025,False,missing_same_side_strict_through_support,110,59514,0,72,same_touch_stable_enough,real_bbo_history_touch_stability,38934,1784017474155,25.07035,26.10951,1.03916,72,73,1,not_reset,history_present_no_reset,pass,,,history_present_no_reset,latest_l2_received_before_or_at_candidate,latest_l2_exchange_time_equal_candidate,event_driven_current_l2_plus_rolling_public_trades_proxy_not_exact_queue_or_fill_probability
806,l2Book,1784017513614,1784017513841145087,0.227624,buy,62559,62559,62560,1,0.005,26.10951,73,5221.902,1,0.001,0,0.001,26.11451,0.00003829288774708007157706577684,touched_quote_without_depletion,,0.00025,False,missing_same_side_strict_through_support,110,59437,0,73,same_touch_stable_enough,real_bbo_history_touch_stability,39459,1784017474155,26.10951,26.10951,0,73,73,0,not_reset,history_present_no_reset,pass,,,history_present_no_reset,latest_l2_received_before_or_at_candidate,latest_l2_exchange_time_equal_candidate,event_driven_current_l2_plus_rolling_public_trades_proxy_not_exact_queue_or_fill_probability
807,l2Book,1784017514167,1784017514406540788,0.240013,buy,62559,62559,62560,1,0.005,26.10975,74,5221.95,1,0.001,0,0.001,26.11475,0.00003829253582745383356149302597,touched_quote_without_depletion,,0.00025,False,missing_same_side_strict_through_support,111,59990,0,74,same_touch_stable_enough,real_bbo_history_touch_stability,40012,1784017474155,26.10951,26.10975,0.00024,73,74,1,not_reset,history_present_no_reset,pass,,,history_present_no_reset,latest_l2_received_before_or_at_candidate,latest_l2_exchange_time_equal_candidate,event_driven_current_l2_plus_rolling_public_trades_proxy_not_exact_queue_or_fill_probability
808,trades,1784017514167,1784017514407252266,0.240581,buy,62559,62559,62560,1,0.005,26.10975,74,5221.95,2,0.001,0,0.001,26.11475,0.00003829253582745383356149302597,touched_quote_without_depletion,,0.00025,False,missing_same_side_strict_through_support,111,59990,0,74,same_touch_stable_enough,real_bbo_history_touch_stability,40012,1784017474155,26.10951,26.10975,0.00024,73,74,1,not_reset,history_present_no_reset,pass,,,history_present_no_reset,latest_l2_received_before_or_at_candidate,latest_l2_exchange_time_equal_candidate,event_driven_current_l2_plus_rolling_public_trades_proxy_not_exact_queue_or_fill_probability
809,l2Book,1784017514700,1784017514923368710,0.223848,buy,62559,62559,62560,1,0.005,26.10975,74,5221.95,1,0,0,0,26.11475,0,not_depleted,,0.0,False,missing_same_side_strict_through_support;missing_recent_same_side_at_or_through_throughput,111,59986,0,75,same_touch_stable_enough,real_bbo_history_touch_stability,40545,1784017474155,26.10975,26.10975,0,74,74,0,not_reset,history_present_no_reset,pass,,,history_present_no_reset,latest_l2_received_before_or_at_candidate,latest_l2_exchange_time_equal_candidate,event_driven_current_l2_plus_rolling_public_trades_proxy_not_exact_queue_or_fill_probability
810,trades,1784017515040,1784017515288039638,0.248544,buy,62559,62559,62560,1,0.005,26.10975,74,5221.95,2,0,0,0,26.11475,0,not_depleted,,0.0,False,missing_same_side_strict_through_support;missing_recent_same_side_at_or_through_throughput,110,59383,340,75,same_touch_stable_enough,real_bbo_history_touch_stability,40885,1784017474155,26.10975,26.10975,0,74,74,0,not_reset,history_present_no_reset,pass,,,history_present_no_reset,latest_l2_received_before_or_at_candidate,latest_l2_exchange_time_before_candidate,event_driven_current_l2_plus_rolling_public_trades_proxy_not_exact_queue_or_fill_probability
811,l2Book,1784017515306,1784017515531506828,0.225977,buy,62559,62559,62560,1,0.005,26.10975,74,5221.95,2,0,0,0,26.11475,0,not_depleted,,0.0,False,missing_same_side_strict_through_support;missing_recent_same_side_at_or_through_throughput,111,59989,0,76,same_touch_stable_enough,real_bbo_history_touch_stability,41151,1784017474155,26.10975,26.10975,0,74,74,0,not_reset,history_present_no_reset,pass,,,history_present_no_reset,latest_l2_received_before_or_at_candidate,latest_l2_exchange_time_equal_candidate,event_driven_current_l2_plus_rolling_public_trades_proxy_not_exact_queue_or_fill_probability
812,l2Book,1784017515840,1784017516094736677,0.255238,buy,62559,62559,62560,1,0.005,26.1095,73,5221.9,2,0,0,0,26.1145,0,not_depleted,,0.0,False,missing_same_side_strict_through_support;missing_recent_same_side_at_or_through_throughput,111,59997,0,77,same_touch_stable_enough,real_bbo_history_touch_stability,41685,1784017474155,26.10975,26.1095,-0.00025,74,73,-1,reset_supported,same_touch_top_qty_or_order_count_reduced,pass,,,,latest_l2_received_before_or_at_candidate,latest_l2_exchange_time_equal_candidate,event_driven_current_l2_plus_rolling_public_trades_proxy_not_exact_queue_or_fill_probability
813,trades,1784017515998,1784017516176739849,0.179187,buy,62559,62559,62560,1,0.005,26.1095,73,5221.9,3,0,0,0,26.1145,0,not_depleted,,0.0,False,missing_same_side_strict_through_support;missing_recent_same_side_at_or_through_throughput,110,59451,158,77,same_touch_stable_enough,real_bbo_history_touch_stability,41843,1784017474155,26.10975,26.1095,-0.00025,74,73,-1,reset_supported,same_touch_top_qty_or_order_count_reduced,pass,,,,latest_l2_received_before_or_at_candidate,latest_l2_exchange_time_before_candidate,event_driven_current_l2_plus_rolling_public_trades_proxy_not_exact_queue_or_fill_probability
814,l2Book,1784017516399,1784017516626538262,0.22801,buy,62559,62559,62560,1,0.005,26.10976,74,5221.952,3,0,0,0,26.11476,0,not_depleted,,0.0,False,missing_same_side_strict_through_support;missing_recent_same_side_at_or_through_throughput,110,59471,0,78,same_touch_stable_enough,real_bbo_history_touch_stability,42244,1784017474155,26.10975,26.10976,0.00001,74,74,0,not_reset,history_present_no_reset,pass,,,history_present_no_reset,latest_l2_received_before_or_at_candidate,latest_l2_exchange_time_equal_candidate,event_driven_current_l2_plus_rolling_public_trades_proxy_not_exact_queue_or_fill_probability
815,l2Book,1784017516916,1784017517145244753,0.229722,buy,62559,62559,62560,1,0.005,26.10976,74,5221.952,3,0,0,0,26.11476,0,not_depleted,,0.0,False,missing_same_side_strict_through_support;missing_recent_same_side_at_or_through_throughput,111,59988,0,79,same_touch_stable_enough,real_bbo_history_touch_stability,42761,1784017474155,26.10976,26.10976,0,74,74,0,not_reset,history_present_no_reset,pass,,,history_present_no_reset,latest_l2_received_before_or_at_candidate,latest_l2_exchange_time_equal_candidate,event_driven_current_l2_plus_rolling_public_trades_proxy_not_exact_queue_or_fill_probability
816,l2Book,1784017517425,1784017517663627372,0.239117,buy,62559,62559,62560,1,0.005,26.10976,74,5221.952,2,0,0,0,26.11476,0,not_depleted,,0.0,False,missing_same_side_strict_through_support;missing_recent_same_side_at_or_through_throughput,111,59963,0,80,same_touch_stable_enough,real_bbo_history_touch_stability,43270,1784017474155,26.10976,26.10976,0,74,74,0,not_reset,history_present_no_reset,pass,,,history_present_no_reset,latest_l2_received_before_or_at_candidate,latest_l2_exchange_time_equal_candidate,event_driven_current_l2_plus_rolling_public_trades_proxy_not_exact_queue_or_fill_probability
817,l2Book,1784017517977,1784017518230394240,0.253867,buy,62559,62559,62560,1,0.005,26.1095,73,5221.9,2,0,0,0,26.1145,0,not_depleted,,0.0,False,missing_same_side_strict_through_support;missing_recent_same_side_at_or_through_throughput,111,59979,0,81,same_touch_stable_enough,real_bbo_history_touch_stability,43822,1784017474155,26.10976,26.1095,-0.00026,74,73,-1,reset_supported,same_touch_top_qty_or_order_count_reduced,pass,,,,latest_l2_received_before_or_at_candidate,latest_l2_exchange_time_equal_candidate,event_driven_current_l2_plus_rolling_public_trades_proxy_not_exact_queue_or_fill_probability
818,l2Book,1784017518524,1784017518731934252,0.208412,buy,62559,62559,62560,1,0.005,26.1095,73,5221.9,1,0,0,0,26.1145,0,not_depleted,,0.0,False,missing_same_side_strict_through_support;missing_recent_same_side_at_or_through_throughput,111,59992,0,82,same_touch_stable_enough,real_bbo_history_touch_stability,44369,1784017474155,26.10976,26.1095,-0.00026,74,73,-1,reset_supported,same_touch_top_qty_or_order_count_reduced,pass,,,,latest_l2_received_before_or_at_candidate,latest_l2_exchange_time_equal_candidate,event_driven_current_l2_plus_rolling_public_trades_proxy_not_exact_queue_or_fill_probability
819,l2Book,1784017519076,1784017519308041624,0.232532,buy,62559,62559,62560,1,0.005,25.92472,72,5184.944,0,0,0,0,25.92972,0,not_depleted,,0.0,False,missing_same_side_strict_through_support;missing_recent_same_side_at_or_through_throughput,110,59468,0,83,same_touch_stable_enough,real_bbo_history_touch_stability,44921,1784017474155,26.10976,25.92472,-0.18504,74,72,-2,reset_supported,same_touch_top_qty_or_order_count_reduced,pass,,,,latest_l2_received_before_or_at_candidate,latest_l2_exchange_time_equal_candidate,event_driven_current_l2_plus_rolling_public_trades_proxy_not_exact_queue_or_fill_probability
820,trades,1784017519548,1784017519737892339,0.190419,buy,62559,62559,62560,1,0.005,25.92472,72,5184.944,23,4.04913,0,4.04913,25.92972,0.1561578759816920506661853657,touched_quote_without_depletion,,0.005,False,missing_same_side_strict_through_support,110,59468,472,83,same_touch_stable_enough,real_bbo_history_touch_stability,45393,1784017474155,26.10976,25.92472,-0.18504,74,72,-2,reset_supported,same_touch_top_qty_or_order_count_reduced,pass,,,,latest_l2_received_before_or_at_candidate,latest_l2_exchange_time_before_candidate,event_driven_current_l2_plus_rolling_public_trades_proxy_not_exact_queue_or_fill_probability
821,l2Book,1784017519608,1784017519808254886,0.200747,buy,62559,62559,62560,1,0.005,21.87559,50,4375.118,23,4.04913,0,4.04913,21.88059,0.1850557960274380169821746123,touched_quote_without_depletion,,0.005,False,missing_same_side_strict_through_support,111,60000,0,84,same_touch_stable_enough,real_bbo_history_touch_stability,45453,1784017474155,26.10976,21.87559,-4.23417,74,50,-24,reset_supported,same_touch_top_qty_or_order_count_reduced,pass,,,,latest_l2_received_before_or_at_candidate,latest_l2_exchange_time_equal_candidate,event_driven_current_l2_plus_rolling_public_trades_proxy_not_exact_queue_or_fill_probability
822,l2Book,1784017520132,1784017520368595578,0.23707,buy,62559,62559,62560,1,0.005,24.80317,67,4960.634,23,4.04913,0,4.04913,24.80817,0.1632176012982819772679726074,touched_quote_without_depletion,,0.005,False,missing_same_side_strict_through_support,111,59983,0,85,same_touch_stable_enough,real_bbo_history_touch_stability,45977,1784017474155,26.10976,24.80317,-1.30659,74,67,-7,reset_supported,same_touch_top_qty_or_order_count_reduced,pass,,,,latest_l2_received_before_or_at_candidate,latest_l2_exchange_time_equal_candidate,event_driven_current_l2_plus_rolling_public_trades_proxy_not_exact_queue_or_fill_probability
823,trades,1784017520554,1784017520725690127,0.172214,buy,62559,62559,62560,1,0.005,24.80317,67,4960.634,24,4.04913,0,4.04913,24.80817,0.1632176012982819772679726074,touched_quote_without_depletion,,0.005,False,missing_same_side_strict_through_support,110,59378,422,85,same_touch_stable_enough,real_bbo_history_touch_stability,46399,1784017474155,26.10976,24.80317,-1.30659,74,67,-7,reset_supported,same_touch_top_qty_or_order_count_reduced,pass,,,,latest_l2_received_before_or_at_candidate,latest_l2_exchange_time_before_candidate,event_driven_current_l2_plus_rolling_public_trades_proxy_not_exact_queue_or_fill_probability
824,l2Book,1784017520672,1784017520890116629,0.218631,buy,62559,62559,62560,1,0.005,25.47152,73,5094.304,24,4.04913,0,4.04913,25.47652,0.158935757316933395926916235,touched_quote_without_depletion,,0.005,False,missing_same_side_strict_through_support,111,59918,0,86,same_touch_stable_enough,real_bbo_history_touch_stability,46517,1784017474155,26.10976,25.47152,-0.63824,74,73,-1,reset_supported,same_touch_top_qty_or_order_count_reduced,pass,,,,latest_l2_received_before_or_at_candidate,latest_l2_exchange_time_equal_candidate,event_driven_current_l2_plus_rolling_public_trades_proxy_not_exact_queue_or_fill_probability
825,l2Book,1784017521202,1784017521442281200,0.240787,buy,62559,62559,62560,1,0.005,25.47152,73,5094.304,24,4.04913,0,4.04913,25.47652,0.158935757316933395926916235,touched_quote_without_depletion,,0.005,False,missing_same_side_strict_through_support,111,59913,0,87,same_touch_stable_enough,real_bbo_history_touch_stability,47047,1784017474155,26.10976,25.47152,-0.63824,74,73,-1,reset_supported,same_touch_top_qty_or_order_count_reduced,pass,,,,latest_l2_received_before_or_at_candidate,latest_l2_exchange_time_equal_candidate,event_driven_current_l2_plus_rolling_public_trades_proxy_not_exact_queue_or_fill_probability
826,l2Book,1784017521704,1784017521938120831,0.234606,buy,62559,62559,62560,1,0.005,25.47152,73,5094.304,24,4.04913,0,4.04913,25.47652,0.158935757316933395926916235,touched_quote_without_depletion,,0.005,False,missing_same_side_strict_through_support,111,59874,0,88,same_touch_stable_enough,real_bbo_history_touch_stability,47549,1784017474155,26.10976,25.47152,-0.63824,74,73,-1,reset_supported,same_touch_top_qty_or_order_count_reduced,pass,,,,latest_l2_received_before_or_at_candidate,latest_l2_exchange_time_equal_candidate,event_driven_current_l2_plus_rolling_public_trades_proxy_not_exact_queue_or_fill_probability
827,trades,1784017522111,1784017522292053469,0.181545,buy,62559,62559,62560,1,0.005,25.47152,73,5094.304,25,4.04913,0,4.04913,25.47652,0.158935757316933395926916235,touched_quote_without_depletion,,0.005,False,missing_same_side_strict_through_support,110,59334,407,88,same_touch_stable_enough,real_bbo_history_touch_stability,47956,1784017474155,26.10976,25.47152,-0.63824,74,73,-1,reset_supported,same_touch_top_qty_or_order_count_reduced,pass,,,,latest_l2_received_before_or_at_candidate,latest_l2_exchange_time_before_candidate,event_driven_current_l2_plus_rolling_public_trades_proxy_not_exact_queue_or_fill_probability
828,l2Book,1784017522246,1784017522611678289,0.366168,buy,62559,62559,62560,1,0.005,25.47152,73,5094.304,25,4.04913,0,4.04913,25.47652,0.158935757316933395926916235,touched_quote_without_depletion,,0.005,False,missing_same_side_strict_through_support,111,59876,0,89,same_touch_stable_enough,real_bbo_history_touch_stability,48091,1784017474155,26.10976,25.47152,-0.63824,74,73,-1,reset_supported,same_touch_top_qty_or_order_count_reduced,pass,,,,latest_l2_received_before_or_at_candidate,latest_l2_exchange_time_equal_candidate,event_driven_current_l2_plus_rolling_public_trades_proxy_not_exact_queue_or_fill_probability
829,l2Book,1784017522786,1784017523003523975,0.218028,buy,62559,62559,62560,1,0.005,25.47152,73,5094.304,2,0,0,0,25.47652,0,not_depleted,,0.0,False,missing_same_side_strict_through_support;missing_recent_same_side_at_or_through_throughput,111,59881,0,90,same_touch_stable_enough,real_bbo_history_touch_stability,48631,1784017474155,26.10976,25.47152,-0.63824,74,73,-1,reset_supported,same_touch_top_qty_or_order_count_reduced,pass,,,,latest_l2_received_before_or_at_candidate,latest_l2_exchange_time_equal_candidate,event_driven_current_l2_plus_rolling_public_trades_proxy_not_exact_queue_or_fill_probability
830,l2Book,1784017523323,1784017523543709525,0.221241,buy,62559,62559,62560,1,0.005,25.47152,73,5094.304,2,0,0,0,25.47652,0,not_depleted,,0.0,False,missing_same_side_strict_through_support;missing_recent_same_side_at_or_through_throughput,111,59869,0,91,same_touch_stable_enough,real_bbo_history_touch_stability,49168,1784017474155,26.10976,25.47152,-0.63824,74,73,-1,reset_supported,same_touch_top_qty_or_order_count_reduced,pass,,,,latest_l2_received_before_or_at_candidate,latest_l2_exchange_time_equal_candidate,event_driven_current_l2_plus_rolling_public_trades_proxy_not_exact_queue_or_fill_probability
831,l2Book,1784017523844,1784017524065667598,0.222175,buy,62559,62559,62560,1,0.005,25.39846,72,5079.692,1,0,0,0,25.40346,0,not_depleted,,0.0,False,missing_same_side_strict_through_support;missing_recent_same_side_at_or_through_throughput,111,59858,0,92,same_touch_stable_enough,real_bbo_history_touch_stability,49689,1784017474155,26.10976,25.39846,-0.7113,74,72,-2,reset_supported,same_touch_top_qty_or_order_count_reduced,pass,,,,latest_l2_received_before_or_at_candidate,latest_l2_exchange_time_equal_candidate,event_driven_current_l2_plus_rolling_public_trades_proxy_not_exact_queue_or_fill_probability
832,l2Book,1784017524411,1784017524639156465,0.228648,buy,62559,62559,62560,1,0.005,25.12362,75,5024.724,1,0,0,0,25.12862,0,not_depleted,,0.0,False,missing_same_side_strict_through_support;missing_recent_same_side_at_or_through_throughput,111,59882,0,93,same_touch_stable_enough,real_bbo_history_touch_stability,50256,1784017474155,26.10976,25.12362,-0.98614,74,75,1,not_reset,history_present_no_reset,pass,,,history_present_no_reset,latest_l2_received_before_or_at_candidate,latest_l2_exchange_time_equal_candidate,event_driven_current_l2_plus_rolling_public_trades_proxy_not_exact_queue_or_fill_probability
833,l2Book,1784017524944,1784017525151822243,0.208323,buy,62559,62559,62560,1,0.005,25.12225,74,5024.45,1,0,0,0,25.12725,0,not_depleted,,0.0,False,missing_same_side_strict_through_support;missing_recent_same_side_at_or_through_throughput,111,59881,0,94,same_touch_stable_enough,real_bbo_history_touch_stability,50789,1784017474155,26.10976,25.12225,-0.98751,75,74,-1,reset_supported,same_touch_top_qty_or_order_count_reduced,pass,,,,latest_l2_received_before_or_at_candidate,latest_l2_exchange_time_equal_candidate,event_driven_current_l2_plus_rolling_public_trades_proxy_not_exact_queue_or_fill_probability
834,trades,1784017525215,1784017525407010425,0.192525,buy,62559,62559,62560,1,0.005,25.12225,74,5024.45,1,0.00691,0,0.00691,25.12725,0.0002750002487339442239003472326,touched_quote_without_depletion,,0.00172,False,missing_same_side_strict_through_support,110,59328,271,94,same_touch_stable_enough,real_bbo_history_touch_stability,51060,1784017474155,26.10976,25.12225,-0.98751,75,74,-1,reset_supported,same_touch_top_qty_or_order_count_reduced,pass,,,,latest_l2_received_before_or_at_candidate,latest_l2_exchange_time_before_candidate,event_driven_current_l2_plus_rolling_public_trades_proxy_not_exact_queue_or_fill_probability
835,trades,1784017525424,1784017525618238220,0.194734,buy,62559,62559,62560,1,0.005,25.12225,74,5024.45,2,0.0133,0,0.0133,25.12725,0.0005293058333084599389109432986,touched_quote_without_depletion,,0.00332,False,missing_same_side_strict_through_support,110,59328,480,94,same_touch_stable_enough,real_bbo_history_touch_stability,51269,1784017474155,26.10976,25.12225,-0.98751,75,74,-1,reset_supported,same_touch_top_qty_or_order_count_reduced,pass,,,,latest_l2_received_before_or_at_candidate,latest_l2_exchange_time_before_candidate,event_driven_current_l2_plus_rolling_public_trades_proxy_not_exact_queue_or_fill_probability
836,l2Book,1784017525490,1784017525720009579,0.230506,buy,62559,62559,62560,1,0.005,24.48911,75,4897.822,2,0.0133,0,0.0133,24.49411,0.0005429876815283347710939487085,touched_quote_without_depletion,,0.00332,False,missing_same_side_strict_through_support,111,59874,0,95,same_touch_stable_enough,real_bbo_history_touch_stability,51335,1784017474155,26.10976,24.48911,-1.62065,75,75,0,not_reset,history_present_no_reset,pass,,,history_present_no_reset,latest_l2_received_before_or_at_candidate,latest_l2_exchange_time_equal_candidate,event_driven_current_l2_plus_rolling_public_trades_proxy_not_exact_queue_or_fill_probability
837,l2Book,1784017526026,1784017526284717626,0.259202,buy,62559,62559,62560,1,0.005,24.48413,74,4896.826,2,0.0133,0,0.0133,24.48913,0.0005430981010758650878981817647,touched_quote_without_depletion,,0.00332,False,missing_same_side_strict_through_support,111,59875,0,96,same_touch_stable_enough,real_bbo_history_touch_stability,51871,1784017474155,26.10976,24.48413,-1.62563,75,74,-1,reset_supported,same_touch_top_qty_or_order_count_reduced,pass,,,,latest_l2_received_before_or_at_candidate,latest_l2_exchange_time_equal_candidate,event_driven_current_l2_plus_rolling_public_trades_proxy_not_exact_queue_or_fill_probability
838,l2Book,1784017526562,1784017526776474428,0.214966,buy,62559,62559,62560,1,0.005,24.6599,76,4931.98,2,0.0133,0,0.0133,24.6649,0.0005392278095593333036014741596,touched_quote_without_depletion,,0.00332,False,missing_same_side_strict_through_support,111,59857,0,97,same_touch_stable_enough,real_bbo_history_touch_stability,52407,1784017474155,26.10976,24.6599,-1.44986,75,76,1,not_reset,history_present_no_reset,pass,,,history_present_no_reset,latest_l2_received_before_or_at_candidate,latest_l2_exchange_time_equal_candidate,event_driven_current_l2_plus_rolling_public_trades_proxy_not_exact_queue_or_fill_probability
839,trades,1784017527032,1784017527276533242,0.245044,buy,62559,62559,62560,1,0.005,24.6599,76,4931.98,3,0.0133,0,0.0133,24.6649,0.0005392278095593333036014741596,touched_quote_without_depletion,,0.00332,False,missing_same_side_strict_through_support,110,59342,470,97,same_touch_stable_enough,real_bbo_history_touch_stability,52877,1784017474155,26.10976,24.6599,-1.44986,75,76,1,not_reset,history_present_no_reset,pass,,,history_present_no_reset,latest_l2_received_before_or_at_candidate,latest_l2_exchange_time_before_candidate,event_driven_current_l2_plus_rolling_public_trades_proxy_not_exact_queue_or_fill_probability
840,l2Book,1784017527099,1784017527338012500,0.239474,buy,62559,62559,62560,1,0.005,24.67417,77,4934.834,3,0.0133,0,0.0133,24.67917,0.0005389160170297461381399779652,touched_quote_without_depletion,,0.00332,False,missing_same_side_strict_through_support,111,59879,0,98,same_touch_stable_enough,real_bbo_history_touch_stability,52944,1784017474155,26.10976,24.67417,-1.43559,76,77,1,not_reset,history_present_no_reset,pass,,,history_present_no_reset,latest_l2_received_before_or_at_candidate,latest_l2_exchange_time_equal_candidate,event_driven_current_l2_plus_rolling_public_trades_proxy_not_exact_queue_or_fill_probability
841,l2Book,1784017527644,1784017527867081891,0.223672,buy,62559,62559,62560,1,0.005,25.51454,78,5102.908,3,0.0133,0,0.0133,25.51954,0.0005211692687250632260612848037,touched_quote_without_depletion,,0.00332,False,missing_same_side_strict_through_support,111,59873,0,99,same_touch_stable_enough,real_bbo_history_touch_stability,53489,1784017474155,26.10976,25.51454,-0.59522,77,78,1,not_reset,history_present_no_reset,pass,,,history_present_no_reset,latest_l2_received_before_or_at_candidate,latest_l2_exchange_time_equal_candidate,event_driven_current_l2_plus_rolling_public_trades_proxy_not_exact_queue_or_fill_probability
842,l2Book,1784017528178,1784017528388321728,0.210799,buy,62559,62559,62560,1,0.005,25.51454,78,5102.908,3,0.0133,0,0.0133,25.51954,0.0005211692687250632260612848037,touched_quote_without_depletion,,0.00332,False,missing_same_side_strict_through_support,111,59897,0,100,same_touch_stable_enough,real_bbo_history_touch_stability,54023,1784017474155,26.10976,25.51454,-0.59522,78,78,0,not_reset,history_present_no_reset,pass,,,history_present_no_reset,latest_l2_received_before_or_at_candidate,latest_l2_exchange_time_equal_candidate,event_driven_current_l2_plus_rolling_public_trades_proxy_not_exact_queue_or_fill_probability
843,trades,1784017528452,1784017528636060444,0.184526,buy,62559,62559,62560,1,0.005,25.51454,78,5102.908,2,0,0,0,25.51954,0,not_depleted,,0.0,False,missing_same_side_strict_through_support;missing_recent_same_side_at_or_through_throughput,110,59342,274,100,same_touch_stable_enough,real_bbo_history_touch_stability,54297,1784017474155,26.10976,25.51454,-0.59522,78,78,0,not_reset,history_present_no_reset,pass,,,history_present_no_reset,latest_l2_received_before_or_at_candidate,latest_l2_exchange_time_before_candidate,event_driven_current_l2_plus_rolling_public_trades_proxy_not_exact_queue_or_fill_probability
844,trades,1784017528518,1784017528726293617,0.208754,buy,62559,62559,62560,1,0.005,25.51454,78,5102.908,3,0,0,0,25.51954,0,not_depleted,,0.0,False,missing_same_side_strict_through_support;missing_recent_same_side_at_or_through_throughput,110,59342,340,100,same_touch_stable_enough,real_bbo_history_touch_stability,54363,1784017474155,26.10976,25.51454,-0.59522,78,78,0,not_reset,history_present_no_reset,pass,,,history_present_no_reset,latest_l2_received_before_or_at_candidate,latest_l2_exchange_time_before_candidate,event_driven_current_l2_plus_rolling_public_trades_proxy_not_exact_queue_or_fill_probability
845,trades,1784017528654,1784017528845391531,0.191857,buy,62559,62559,62560,1,0.005,25.51454,78,5102.908,4,0,0,0,25.51954,0,not_depleted,,0.0,False,missing_same_side_strict_through_support;missing_recent_same_side_at_or_through_throughput,110,59342,476,100,same_touch_stable_enough,real_bbo_history_touch_stability,54499,1784017474155,26.10976,25.51454,-0.59522,78,78,0,not_reset,history_present_no_reset,pass,,,history_present_no_reset,latest_l2_received_before_or_at_candidate,latest_l2_exchange_time_before_candidate,event_driven_current_l2_plus_rolling_public_trades_proxy_not_exact_queue_or_fill_probability
846,l2Book,1784017528721,1784017528941246353,0.22072,buy,62559,62559,62560,1,0.005,26.24841,80,5249.682,4,0,0,0,26.25341,0,not_depleted,,0.0,False,missing_same_side_strict_through_support;missing_recent_same_side_at_or_through_throughput,111,59885,0,101,same_touch_stable_enough,real_bbo_history_touch_stability,54566,1784017474155,26.10976,26.24841,0.13865,78,80,2,not_reset,history_present_no_reset,pass,,,history_present_no_reset,latest_l2_received_before_or_at_candidate,latest_l2_exchange_time_equal_candidate,event_driven_current_l2_plus_rolling_public_trades_proxy_not_exact_queue_or_fill_probability
847,trades,1784017528721,1784017528941939806,0.221254,buy,62559,62559,62560,1,0.005,26.24841,80,5249.682,5,0,0,0,26.25341,0,not_depleted,,0.0,False,missing_same_side_strict_through_support;missing_recent_same_side_at_or_through_throughput,111,59885,0,101,same_touch_stable_enough,real_bbo_history_touch_stability,54566,1784017474155,26.10976,26.24841,0.13865,78,80,2,not_reset,history_present_no_reset,pass,,,history_present_no_reset,latest_l2_received_before_or_at_candidate,latest_l2_exchange_time_equal_candidate,event_driven_current_l2_plus_rolling_public_trades_proxy_not_exact_queue_or_fill_probability
848,trades,1784017529056,1784017529293519991,0.238012,buy,62559,62559,62560,1,0.005,26.24841,80,5249.682,6,0,0,0,26.25341,0,not_depleted,,0.0,False,missing_same_side_strict_through_support;missing_recent_same_side_at_or_through_throughput,110,59344,335,101,same_touch_stable_enough,real_bbo_history_touch_stability,54901,1784017474155,26.10976,26.24841,0.13865,78,80,2,not_reset,history_present_no_reset,pass,,,history_present_no_reset,latest_l2_received_before_or_at_candidate,latest_l2_exchange_time_before_candidate,event_driven_current_l2_plus_rolling_public_trades_proxy_not_exact_queue_or_fill_probability
849,l2Book,1784017529257,1784017529471527906,0.215019,buy,62559,62559,62560,1,0.005,26.23414,79,5246.828,6,0,0,0,26.23914,0,not_depleted,,0.0,False,missing_same_side_strict_through_support;missing_recent_same_side_at_or_through_throughput,111,59880,0,102,same_touch_stable_enough,real_bbo_history_touch_stability,55102,1784017474155,26.24841,26.23414,-0.01427,80,79,-1,reset_supported,same_touch_top_qty_or_order_count_reduced,pass,,,,latest_l2_received_before_or_at_candidate,latest_l2_exchange_time_equal_candidate,event_driven_current_l2_plus_rolling_public_trades_proxy_not_exact_queue_or_fill_probability
850,trades,1784017529726,1784017529917296240,0.191798,buy,62559,62559,62560,1,0.005,26.23414,79,5246.828,13,0,0,0,26.23914,0,not_depleted,,0.0,False,missing_same_side_strict_through_support;missing_recent_same_side_at_or_through_throughput,110,59358,469,102,same_touch_stable_enough,real_bbo_history_touch_stability,55571,1784017474155,26.24841,26.23414,-0.01427,80,79,-1,reset_supported,same_touch_top_qty_or_order_count_reduced,pass,,,,latest_l2_received_before_or_at_candidate,latest_l2_exchange_time_before_candidate,event_driven_current_l2_plus_rolling_public_trades_proxy_not_exact_queue_or_fill_probability
851,l2Book,1784017529785,1784017530000609809,0.216135,buy,62559,62559,62560,1,0.005,29.53172,80,5906.344,13,0,0,0,29.53672,0,not_depleted,,0.0,False,missing_same_side_strict_through_support;missing_recent_same_side_at_or_through_throughput,111,59886,0,103,same_touch_stable_enough,real_bbo_history_touch_stability,55630,1784017474155,26.24841,29.53172,3.28331,80,80,0,not_reset,history_present_no_reset,pass,,,history_present_no_reset,latest_l2_received_before_or_at_candidate,latest_l2_exchange_time_equal_candidate,event_driven_current_l2_plus_rolling_public_trades_proxy_not_exact_queue_or_fill_probability
852,trades,1784017530129,1784017530348186250,0.219667,buy,62559,62559,62560,1,0.005,29.53172,80,5906.344,16,0,0,0,29.53672,0,not_depleted,,0.0,False,missing_same_side_strict_through_support;missing_recent_same_side_at_or_through_throughput,110,59384,344,103,same_touch_stable_enough,real_bbo_history_touch_stability,55974,1784017474155,26.24841,29.53172,3.28331,80,80,0,not_reset,history_present_no_reset,pass,,,history_present_no_reset,latest_l2_received_before_or_at_candidate,latest_l2_exchange_time_before_candidate,event_driven_current_l2_plus_rolling_public_trades_proxy_not_exact_queue_or_fill_probability
853,l2Book,1784017530311,1784017530555306137,0.244774,buy,62560,62560,62561,1,0.005,37.46372,191,7492.744,16,0,0,0,37.46872,0,not_depleted,,0.0,False,missing_same_side_strict_through_support;missing_touch_freshness_or_queue_reset_evidence;missing_recent_same_side_at_or_through_throughput,111,59910,0,1,same_touch_seen_but_not_stable,real_bbo_history_insufficient,0,1784017530311,,37.46372,,,191,,missing,no_prior_same_touch_bbo,block,no_prior_same_touch_bbo,same_touch_seen_but_not_stable,no_prior_same_touch_bbo,latest_l2_received_before_or_at_candidate,latest_l2_exchange_time_equal_candidate,event_driven_current_l2_plus_rolling_public_trades_proxy_not_exact_queue_or_fill_probability
854,l2Book,1784017530812,1784017531025377467,0.213912,buy,62560,62560,62561,1,0.005,48.03397,108,9606.794,16,0,0,0,48.03897,0,not_depleted,,0.0,False,missing_same_side_strict_through_support;missing_recent_same_side_at_or_through_throughput,111,59890,0,2,same_touch_stable_enough,real_bbo_history_touch_stability,501,1784017530311,37.46372,48.03397,10.57025,191,108,-83,reset_supported,same_touch_top_qty_or_order_count_reduced,pass,,,,latest_l2_received_before_or_at_candidate,latest_l2_exchange_time_equal_candidate,event_driven_current_l2_plus_rolling_public_trades_proxy_not_exact_queue_or_fill_probability
855,l2Book,1784017531352,1784017531568518411,0.216997,buy,62560,62560,62561,1,0.005,47.51749,111,9503.498,16,0,0,0,47.52249,0,not_depleted,,0.0,False,missing_same_side_strict_through_support;missing_recent_same_side_at_or_through_throughput,111,59878,0,3,same_touch_stable_enough,real_bbo_history_touch_stability,1041,1784017530311,48.03397,47.51749,-0.51648,191,111,-80,reset_supported,same_touch_top_qty_or_order_count_reduced,pass,,,,latest_l2_received_before_or_at_candidate,latest_l2_exchange_time_equal_candidate,event_driven_current_l2_plus_rolling_public_trades_proxy_not_exact_queue_or_fill_probability
856,trades,1784017531352,1784017531569187595,0.217538,buy,62560,62560,62561,1,0.005,47.51749,111,9503.498,17,0,0,0,47.52249,0,not_depleted,,0.0,False,missing_same_side_strict_through_support;missing_recent_same_side_at_or_through_throughput,111,59878,0,3,same_touch_stable_enough,real_bbo_history_touch_stability,1041,1784017530311,48.03397,47.51749,-0.51648,191,111,-80,reset_supported,same_touch_top_qty_or_order_count_reduced,pass,,,,latest_l2_received_before_or_at_candidate,latest_l2_exchange_time_equal_candidate,event_driven_current_l2_plus_rolling_public_trades_proxy_not_exact_queue_or_fill_probability
857,l2Book,1784017531890,1784017532114822375,0.225336,buy,62560,62560,62561,1,0.005,45.90453,102,9180.906,13,0,0,0,45.90953,0,not_depleted,,0.0,False,missing_same_side_strict_through_support;missing_recent_same_side_at_or_through_throughput,111,59878,0,4,same_touch_stable_enough,real_bbo_history_touch_stability,1579,1784017530311,48.03397,45.90453,-2.12944,191,102,-89,reset_supported,same_touch_top_qty_or_order_count_reduced,pass,,,,latest_l2_received_before_or_at_candidate,latest_l2_exchange_time_equal_candidate,event_driven_current_l2_plus_rolling_public_trades_proxy_not_exact_queue_or_fill_probability
858,trades,1784017532025,1784017532240863053,0.21633,buy,62560,62560,62561,1,0.005,45.90453,102,9180.906,15,0.00145,0,0.00145,45.90953,0.00003158385633658196892889123457,touched_quote_without_depletion,,0.00036,False,missing_same_side_strict_through_support,110,59358,135,4,same_touch_stable_enough,real_bbo_history_touch_stability,1714,1784017530311,48.03397,45.90453,-2.12944,191,102,-89,reset_supported,same_touch_top_qty_or_order_count_reduced,pass,,,,latest_l2_received_before_or_at_candidate,latest_l2_exchange_time_before_candidate,event_driven_current_l2_plus_rolling_public_trades_proxy_not_exact_queue_or_fill_probability
859,l2Book,1784017532429,1784017532778522326,0.350006,buy,62560,62560,62561,1,0.005,46.24108,83,9248.216,14,0.00145,0,0.00145,46.24608,0.00003135400881544987164317494585,touched_quote_without_depletion,,0.00036,False,missing_same_side_strict_through_support,111,59897,0,5,same_touch_stable_enough,real_bbo_history_touch_stability,2118,1784017530311,48.03397,46.24108,-1.79289,191,83,-108,reset_supported,same_touch_top_qty_or_order_count_reduced,pass,,,,latest_l2_received_before_or_at_candidate,latest_l2_exchange_time_equal_candidate,event_driven_current_l2_plus_rolling_public_trades_proxy_not_exact_queue_or_fill_probability
860,trades,1784017532765,1784017532950817736,0.186365,buy,62560,62560,62561,1,0.005,46.24108,83,9248.216,8,0.00145,0,0.00145,46.24608,0.00003135400881544987164317494585,touched_quote_without_depletion,,0.00036,False,missing_same_side_strict_through_support,110,59394,336,5,same_touch_stable_enough,real_bbo_history_touch_stability,2454,1784017530311,48.03397,46.24108,-1.79289,191,83,-108,reset_supported,same_touch_top_qty_or_order_count_reduced,pass,,,,latest_l2_received_before_or_at_candidate,latest_l2_exchange_time_before_candidate,event_driven_current_l2_plus_rolling_public_trades_proxy_not_exact_queue_or_fill_probability
861,l2Book,1784017532959,1784017533212343196,0.253833,buy,62560,62560,62561,1,0.005,45.77823,103,9155.646,8,0.00145,0,0.00145,45.78323,0.00003167098520571833835227440266,touched_quote_without_depletion,,0.00036,False,missing_same_side_strict_through_support,111,59924,0,6,same_touch_stable_enough,real_bbo_history_touch_stability,2648,1784017530311,48.03397,45.77823,-2.25574,191,103,-88,reset_supported,same_touch_top_qty_or_order_count_reduced,pass,,,,latest_l2_received_before_or_at_candidate,latest_l2_exchange_time_equal_candidate,event_driven_current_l2_plus_rolling_public_trades_proxy_not_exact_queue_or_fill_probability
862,trades,1784017533100,1784017533305112872,0.20559,buy,62560,62560,62561,1,0.005,45.77823,103,9155.646,9,0.00861,0,0.00861,45.78323,0.0001880601259456792366986776599,touched_quote_without_depletion,,0.00215,False,missing_same_side_strict_through_support,110,59327,141,6,same_touch_stable_enough,real_bbo_history_touch_stability,2789,1784017530311,48.03397,45.77823,-2.25574,191,103,-88,reset_supported,same_touch_top_qty_or_order_count_reduced,pass,,,,latest_l2_received_before_or_at_candidate,latest_l2_exchange_time_before_candidate,event_driven_current_l2_plus_rolling_public_trades_proxy_not_exact_queue_or_fill_probability
863,l2Book,1784017533508,1784017533728549974,0.221018,buy,62560,62560,62561,1,0.005,44.93135,94,8986.27,5,0.00861,0,0.00861,44.93635,0.0001916043470375319757835249191,touched_quote_without_depletion,,0.00215,False,missing_same_side_strict_through_support,111,59876,0,7,same_touch_stable_enough,real_bbo_history_touch_stability,3197,1784017530311,48.03397,44.93135,-3.10262,191,94,-97,reset_supported,same_touch_top_qty_or_order_count_reduced,pass,,,,latest_l2_received_before_or_at_candidate,latest_l2_exchange_time_equal_candidate,event_driven_current_l2_plus_rolling_public_trades_proxy_not_exact_queue_or_fill_probability
864,l2Book,1784017534039,1784017534285922807,0.24739,buy,62560,62560,62561,1,0.005,44.93135,94,8986.27,5,0.00861,0,0.00861,44.93635,0.0001916043470375319757835249191,touched_quote_without_depletion,,0.00215,False,missing_same_side_strict_through_support,111,59884,0,8,same_touch_stable_enough,real_bbo_history_touch_stability,3728,1784017530311,48.03397,44.93135,-3.10262,191,94,-97,reset_supported,same_touch_top_qty_or_order_count_reduced,pass,,,,latest_l2_received_before_or_at_candidate,latest_l2_exchange_time_equal_candidate,event_driven_current_l2_plus_rolling_public_trades_proxy_not_exact_queue_or_fill_probability
865,l2Book,1784017534581,1784017534804017667,0.223523,buy,62560,62560,62561,1,0.005,44.89935,93,8979.87,4,0.00861,0,0.00861,44.90435,0.0001917408892456966864012061192,touched_quote_without_depletion,,0.00215,False,missing_same_side_strict_through_support,111,59878,0,9,same_touch_stable_enough,real_bbo_history_touch_stability,4270,1784017530311,48.03397,44.89935,-3.13462,191,93,-98,reset_supported,same_touch_top_qty_or_order_count_reduced,pass,,,,latest_l2_received_before_or_at_candidate,latest_l2_exchange_time_equal_candidate,event_driven_current_l2_plus_rolling_public_trades_proxy_not_exact_queue_or_fill_probability
866,trades,1784017534917,1784017535106263111,0.189736,buy,62560,62560,62561,1,0.005,44.89935,93,8979.87,12,0.00861,0,0.00861,44.90435,0.0001917408892456966864012061192,touched_quote_without_depletion,,0.00215,False,missing_same_side_strict_through_support,110,59341,336,9,same_touch_stable_enough,real_bbo_history_touch_stability,4606,1784017530311,48.03397,44.89935,-3.13462,191,93,-98,reset_supported,same_touch_top_qty_or_order_count_reduced,pass,,,,latest_l2_received_before_or_at_candidate,latest_l2_exchange_time_before_candidate,event_driven_current_l2_plus_rolling_public_trades_proxy_not_exact_queue_or_fill_probability
867,l2Book,1784017535119,1784017535367416595,0.248928,buy,62562,62562,62563,1,0.005,17.0927,92,3418.54,10,0,0.00716,0.00716,17.0977,0.0004187697760517496505377916328,strict_trade_through_seen_but_visible_top_not_depleted,,0.00179,False,missing_touch_freshness_or_queue_reset_evidence,111,59879,0,1,same_touch_seen_but_not_stable,real_bbo_history_insufficient,0,1784017535119,,17.0927,,,92,,missing,no_prior_same_touch_bbo,block,no_prior_same_touch_bbo,same_touch_seen_but_not_stable,no_prior_same_touch_bbo,latest_l2_received_before_or_at_candidate,latest_l2_exchange_time_equal_candidate,event_driven_current_l2_plus_rolling_public_trades_proxy_not_exact_queue_or_fill_probability
868,l2Book,1784017535653,1784017535862412831,0.209901,buy,62562,62562,62563,1,0.005,58.61352,98,11722.704,10,0,0.00716,0.00716,58.61852,0.0001221456972983964794744050174,strict_trade_through_seen_but_visible_top_not_depleted,,0.00179,False,outside_quality_a_b_queue_bands,111,59807,0,2,same_touch_stable_enough,real_bbo_history_touch_stability,534,1784017535119,17.0927,58.61352,41.52082,92,98,6,not_reset,history_present_no_reset,pass,,,history_present_no_reset,latest_l2_received_before_or_at_candidate,latest_l2_exchange_time_equal_candidate,event_driven_current_l2_plus_rolling_public_trades_proxy_not_exact_queue_or_fill_probability
869,trades,1784017536074,1784017536281543730,0.208077,buy,62562,62562,62563,1,0.005,58.61352,98,11722.704,10,0,0.00716,0.00716,58.61852,0.0001221456972983964794744050174,strict_trade_through_seen_but_visible_top_not_depleted,,0.00179,False,outside_quality_a_b_queue_bands,110,59290,421,2,same_touch_stable_enough,real_bbo_history_touch_stability,955,1784017535119,17.0927,58.61352,41.52082,92,98,6,not_reset,history_present_no_reset,pass,,,history_present_no_reset,latest_l2_received_before_or_at_candidate,latest_l2_exchange_time_before_candidate,event_driven_current_l2_plus_rolling_public_trades_proxy_not_exact_queue_or_fill_probability
870,l2Book,1784017536170,1784017536360529190,0.190987,buy,62562,62562,62563,1,0.005,62.16515,104,12433.03,9,0,0,0,62.17015,0,not_depleted,,0.0,False,missing_same_side_strict_through_support;missing_recent_same_side_at_or_through_throughput,111,59807,0,3,same_touch_stable_enough,real_bbo_history_touch_stability,1051,1784017535119,58.61352,62.16515,3.55163,98,104,6,not_reset,history_present_no_reset,pass,,,history_present_no_reset,latest_l2_received_before_or_at_candidate,latest_l2_exchange_time_equal_candidate,event_driven_current_l2_plus_rolling_public_trades_proxy_not_exact_queue_or_fill_probability
871,l2Book,1784017536727,1784017536942240205,0.21571,buy,62562,62562,62563,1,0.005,56.66869,87,11333.738,9,0,0,0,56.67369,0,not_depleted,,0.0,False,missing_same_side_strict_through_support;missing_recent_same_side_at_or_through_throughput,111,59809,0,4,same_touch_stable_enough,real_bbo_history_touch_stability,1608,1784017535119,62.16515,56.66869,-5.49646,104,87,-17,reset_supported,same_touch_top_qty_or_order_count_reduced,pass,,,,latest_l2_received_before_or_at_candidate,latest_l2_exchange_time_equal_candidate,event_driven_current_l2_plus_rolling_public_trades_proxy_not_exact_queue_or_fill_probability
872,l2Book,1784017537262,1784017537525950930,0.264411,buy,62562,62562,62563,1,0.005,56.66869,87,11333.738,9,0,0,0,56.67369,0,not_depleted,,0.0,False,missing_same_side_strict_through_support;missing_recent_same_side_at_or_through_throughput,111,59807,0,5,same_touch_stable_enough,real_bbo_history_touch_stability,2143,1784017535119,62.16515,56.66869,-5.49646,104,87,-17,reset_supported,same_touch_top_qty_or_order_count_reduced,pass,,,,latest_l2_received_before_or_at_candidate,latest_l2_exchange_time_equal_candidate,event_driven_current_l2_plus_rolling_public_trades_proxy_not_exact_queue_or_fill_probability
873,l2Book,1784017537866,1784017538102473201,0.236987,buy,62562,62562,62563,1,0.005,56.89717,89,11379.434,9,0,0,0,56.90217,0,not_depleted,,0.0,False,missing_same_side_strict_through_support;missing_recent_same_side_at_or_through_throughput,111,59875,0,6,same_touch_stable_enough,real_bbo_history_touch_stability,2747,1784017535119,62.16515,56.89717,-5.26798,104,89,-15,reset_supported,same_touch_top_qty_or_order_count_reduced,pass,,,,latest_l2_received_before_or_at_candidate,latest_l2_exchange_time_equal_candidate,event_driven_current_l2_plus_rolling_public_trades_proxy_not_exact_queue_or_fill_probability
874,trades,1784017538069,1784017538308409141,0.23989,buy,62562,62562,62563,1,0.005,56.89717,89,11379.434,3,0.00128,0,0.00128,56.90217,0.00002249474844280982605760026375,touched_quote_without_depletion,,0.00032,False,missing_same_side_strict_through_support,110,59338,203,6,same_touch_stable_enough,real_bbo_history_touch_stability,2950,1784017535119,62.16515,56.89717,-5.26798,104,89,-15,reset_supported,same_touch_top_qty_or_order_count_reduced,pass,,,,latest_l2_received_before_or_at_candidate,latest_l2_exchange_time_before_candidate,event_driven_current_l2_plus_rolling_public_trades_proxy_not_exact_queue_or_fill_probability
875,l2Book,1784017538399,1784017538630169539,0.23163,buy,62562,62562,62563,1,0.005,56.89821,90,11379.642,3,0.00128,0,0.00128,56.90321,0.00002249433731418666890672775754,touched_quote_without_depletion,,0.00032,False,missing_same_side_strict_through_support,111,59871,0,7,same_touch_stable_enough,real_bbo_history_touch_stability,3280,1784017535119,62.16515,56.89821,-5.26694,104,90,-14,reset_supported,same_touch_top_qty_or_order_count_reduced,pass,,,,latest_l2_received_before_or_at_candidate,latest_l2_exchange_time_equal_candidate,event_driven_current_l2_plus_rolling_public_trades_proxy_not_exact_queue_or_fill_probability
876,trades,1784017538878,1784017539075465993,0.197938,buy,62562,62562,62563,1,0.005,56.89821,90,11379.642,4,0.00147,0,0.00147,56.90321,0.00002583334050926125257257015905,touched_quote_without_depletion,,0.00036,False,missing_same_side_strict_through_support,110,59334,479,7,same_touch_stable_enough,real_bbo_history_touch_stability,3759,1784017535119,62.16515,56.89821,-5.26694,104,90,-14,reset_supported,same_touch_top_qty_or_order_count_reduced,pass,,,,latest_l2_received_before_or_at_candidate,latest_l2_exchange_time_before_candidate,event_driven_current_l2_plus_rolling_public_trades_proxy_not_exact_queue_or_fill_probability
877,l2Book,1784017538946,1784017539161959299,0.216418,buy,62562,62562,62563,1,0.005,56.89802,90,11379.604,4,0.00147,0,0.00147,56.90302,0.00002583342676715576783095167884,touched_quote_without_depletion,,0.00036,False,missing_same_side_strict_through_support,111,59881,0,8,same_touch_stable_enough,real_bbo_history_touch_stability,3827,1784017535119,62.16515,56.89802,-5.26713,104,90,-14,reset_supported,same_touch_top_qty_or_order_count_reduced,pass,,,,latest_l2_received_before_or_at_candidate,latest_l2_exchange_time_equal_candidate,event_driven_current_l2_plus_rolling_public_trades_proxy_not_exact_queue_or_fill_probability
878,l2Book,1784017539488,1784017539703683052,0.216171,buy,62562,62562,62563,1,0.005,55.18802,89,11037.604,3,0.00147,0,0.00147,55.19302,0.00002663380260764857585252627959,touched_quote_without_depletion,,0.00036,False,missing_same_side_strict_through_support,111,59881,0,9,same_touch_stable_enough,real_bbo_history_touch_stability,4369,1784017535119,62.16515,55.18802,-6.97713,104,89,-15,reset_supported,same_touch_top_qty_or_order_count_reduced,pass,,,,latest_l2_received_before_or_at_candidate,latest_l2_exchange_time_equal_candidate,event_driven_current_l2_plus_rolling_public_trades_proxy_not_exact_queue_or_fill_probability
879,l2Book,1784017540128,1784017540385836400,0.258408,buy,62562,62562,62563,1,0.005,56.89802,90,11379.604,3,0.00147,0,0.00147,56.90302,0.00002583342676715576783095167884,touched_quote_without_depletion,,0.00036,False,missing_same_side_strict_through_support,110,59439,0,10,same_touch_stable_enough,real_bbo_history_touch_stability,5009,1784017535119,62.16515,56.89802,-5.26713,104,90,-14,reset_supported,same_touch_top_qty_or_order_count_reduced,pass,,,,latest_l2_received_before_or_at_candidate,latest_l2_exchange_time_equal_candidate,event_driven_current_l2_plus_rolling_public_trades_proxy_not_exact_queue_or_fill_probability
880,l2Book,1784017540590,1784017540801200859,0.211694,buy,62562,62562,62563,1,0.005,56.89802,90,11379.604,3,0.00147,0,0.00147,56.90302,0.00002583342676715576783095167884,touched_quote_without_depletion,,0.00036,False,missing_same_side_strict_through_support,111,59901,0,11,same_touch_stable_enough,real_bbo_history_touch_stability,5471,1784017535119,62.16515,56.89802,-5.26713,104,90,-14,reset_supported,same_touch_top_qty_or_order_count_reduced,pass,,,,latest_l2_received_before_or_at_candidate,latest_l2_exchange_time_equal_candidate,event_driven_current_l2_plus_rolling_public_trades_proxy_not_exact_queue_or_fill_probability
881,trades,1784017540925,1784017541122959676,0.19859,buy,62562,62562,62563,1,0.005,56.89802,90,11379.604,11,0.00147,0,0.00147,56.90302,0.00002583342676715576783095167884,touched_quote_without_depletion,,0.00036,False,missing_same_side_strict_through_support,110,59368,335,11,same_touch_stable_enough,real_bbo_history_touch_stability,5806,1784017535119,62.16515,56.89802,-5.26713,104,90,-14,reset_supported,same_touch_top_qty_or_order_count_reduced,pass,,,,latest_l2_received_before_or_at_candidate,latest_l2_exchange_time_before_candidate,event_driven_current_l2_plus_rolling_public_trades_proxy_not_exact_queue_or_fill_probability
882,l2Book,1784017541126,1784017541358548751,0.233037,buy,62569,62569,62570,1,0.005,10.00127,31,2000.254,9,0,0.00019,0.00019,10.00627,0.00001898809446477058884079682039,strict_trade_through_seen_but_visible_top_not_depleted,,4e-05,False,missing_touch_freshness_or_queue_reset_evidence,111,59904,0,1,same_touch_seen_but_not_stable,real_bbo_history_insufficient,0,1784017541126,,10.00127,,,31,,missing,no_prior_same_touch_bbo,block,no_prior_same_touch_bbo,same_touch_seen_but_not_stable,no_prior_same_touch_bbo,latest_l2_received_before_or_at_candidate,latest_l2_exchange_time_equal_candidate,event_driven_current_l2_plus_rolling_public_trades_proxy_not_exact_queue_or_fill_probability
883,trades,1784017541126,1784017541359318736,0.23362,buy,62569,62569,62570,1,0.005,10.00127,31,2000.254,11,0,0.00019,0.00019,10.00627,0.00001898809446477058884079682039,strict_trade_through_seen_but_visible_top_not_depleted,,4e-05,False,missing_touch_freshness_or_queue_reset_evidence,111,59904,0,1,same_touch_seen_but_not_stable,real_bbo_history_insufficient,0,1784017541126,,10.00127,,,31,,missing,no_prior_same_touch_bbo,block,no_prior_same_touch_bbo,same_touch_seen_but_not_stable,no_prior_same_touch_bbo,latest_l2_received_before_or_at_candidate,latest_l2_exchange_time_equal_candidate,event_driven_current_l2_plus_rolling_public_trades_proxy_not_exact_queue_or_fill_probability
884,trades,1784017541595,1784017541804396583,0.209878,buy,62569,62569,62570,1,0.005,10.00127,31,2000.254,12,0,0.00019,0.00019,10.00627,0.00001898809446477058884079682039,strict_trade_through_seen_but_visible_top_not_depleted,,4e-05,False,outside_quality_a_b_queue_bands,110,59381,469,1,same_touch_stable_enough,real_bbo_history_touch_stability,469,1784017541126,,10.00127,,,31,,missing,no_prior_same_touch_bbo,pass,,,no_prior_same_touch_bbo,latest_l2_received_before_or_at_candidate,latest_l2_exchange_time_before_candidate,event_driven_current_l2_plus_rolling_public_trades_proxy_not_exact_queue_or_fill_probability
885,l2Book,1784017541656,1784017541871579622,0.216037,buy,62569,62569,62570,1,0.005,56.21428,118,11242.856,12,0,0.00019,0.00019,56.21928,0.000003379623502826788247732806254,strict_trade_through_seen_but_visible_top_not_depleted,,4e-05,False,outside_quality_a_b_queue_bands,111,59911,0,2,same_touch_stable_enough,real_bbo_history_touch_stability,530,1784017541126,10.00127,56.21428,46.21301,31,118,87,not_reset,history_present_no_reset,pass,,,history_present_no_reset,latest_l2_received_before_or_at_candidate,latest_l2_exchange_time_equal_candidate,event_driven_current_l2_plus_rolling_public_trades_proxy_not_exact_queue_or_fill_probability
886,l2Book,1784017542198,1784017542433963741,0.236457,buy,62569,62569,62570,1,0.005,63.13734,121,12627.468,11,0,0,0,63.14234,0,not_depleted,,0.0,False,missing_same_side_strict_through_support;missing_recent_same_side_at_or_through_throughput,111,59903,0,3,same_touch_stable_enough,real_bbo_history_touch_stability,1072,1784017541126,56.21428,63.13734,6.92306,118,121,3,not_reset,history_present_no_reset,pass,,,history_present_no_reset,latest_l2_received_before_or_at_candidate,latest_l2_exchange_time_equal_candidate,event_driven_current_l2_plus_rolling_public_trades_proxy_not_exact_queue_or_fill_probability
887,l2Book,1784017542733,1784017542986764694,0.254289,buy,62580,62580,62581,1,0.005,6.87709,10,1375.418,11,0,0,0,6.88209,0,not_depleted,,0.0,False,missing_same_side_strict_through_support;missing_touch_freshness_or_queue_reset_evidence;missing_recent_same_side_at_or_through_throughput,111,59894,0,1,same_touch_seen_but_not_stable,real_bbo_history_insufficient,0,1784017542733,,6.87709,,,10,,missing,no_prior_same_touch_bbo,block,no_prior_same_touch_bbo,same_touch_seen_but_not_stable,no_prior_same_touch_bbo,latest_l2_received_before_or_at_candidate,latest_l2_exchange_time_equal_candidate,event_driven_current_l2_plus_rolling_public_trades_proxy_not_exact_queue_or_fill_probability
888,trades,1784017542733,1784017542987809380,0.255308,buy,62580,62580,62581,1,0.005,6.87709,10,1375.418,23,0,0,0,6.88209,0,not_depleted,,0.0,False,missing_same_side_strict_through_support;missing_touch_freshness_or_queue_reset_evidence;missing_recent_same_side_at_or_through_throughput,111,59894,0,1,same_touch_seen_but_not_stable,real_bbo_history_insufficient,0,1784017542733,,6.87709,,,10,,missing,no_prior_same_touch_bbo,block,no_prior_same_touch_bbo,same_touch_seen_but_not_stable,no_prior_same_touch_bbo,latest_l2_received_before_or_at_candidate,latest_l2_exchange_time_equal_candidate,event_driven_current_l2_plus_rolling_public_trades_proxy_not_exact_queue_or_fill_probability
889,l2Book,1784017543333,1784017543608174268,0.275666,buy,62580,62580,62581,1,0.005,25.53351,57,5106.702,23,0,0,0,25.53851,0,not_depleted,,0.0,False,missing_same_side_strict_through_support;missing_recent_same_side_at_or_through_throughput,111,59974,0,2,same_touch_stable_enough,real_bbo_history_touch_stability,600,1784017542733,6.87709,25.53351,18.65642,10,57,47,not_reset,history_present_no_reset,pass,,,history_present_no_reset,latest_l2_received_before_or_at_candidate,latest_l2_exchange_time_equal_candidate,event_driven_current_l2_plus_rolling_public_trades_proxy_not_exact_queue_or_fill_probability
890,l2Book,1784017543895,1784017544124480545,0.229964,buy,62580,62580,62581,1,0.005,25.25329,68,5050.658,23,0,0,0,25.25829,0,not_depleted,,0.0,False,missing_same_side_strict_through_support;missing_recent_same_side_at_or_through_throughput,111,59980,0,3,same_touch_stable_enough,real_bbo_history_touch_stability,1162,1784017542733,25.53351,25.25329,-0.28022,57,68,11,not_reset,history_present_no_reset,pass,,,history_present_no_reset,latest_l2_received_before_or_at_candidate,latest_l2_exchange_time_equal_candidate,event_driven_current_l2_plus_rolling_public_trades_proxy_not_exact_queue_or_fill_probability
891,trades,1784017543895,1784017544125149982,0.230459,buy,62580,62580,62581,1,0.005,25.25329,68,5050.658,24,0,0,0,25.25829,0,not_depleted,,0.0,False,missing_same_side_strict_through_support;missing_recent_same_side_at_or_through_throughput,111,59980,0,3,same_touch_stable_enough,real_bbo_history_touch_stability,1162,1784017542733,25.53351,25.25329,-0.28022,57,68,11,not_reset,history_present_no_reset,pass,,,history_present_no_reset,latest_l2_received_before_or_at_candidate,latest_l2_exchange_time_equal_candidate,event_driven_current_l2_plus_rolling_public_trades_proxy_not_exact_queue_or_fill_probability
892,l2Book,1784017544430,1784017544657997850,0.228465,buy,62580,62580,62581,1,0.005,26.10155,66,5220.31,14,0,0,0,26.10655,0,not_depleted,,0.0,False,missing_same_side_strict_through_support;missing_recent_same_side_at_or_through_throughput,111,59978,0,4,same_touch_stable_enough,real_bbo_history_touch_stability,1697,1784017542733,25.53351,26.10155,0.56804,68,66,-2,reset_supported,same_touch_top_qty_or_order_count_reduced,pass,,,,latest_l2_received_before_or_at_candidate,latest_l2_exchange_time_equal_candidate,event_driven_current_l2_plus_rolling_public_trades_proxy_not_exact_queue_or_fill_probability
893,l2Book,1784017544965,1784017545180428892,0.21588,buy,62580,62580,62581,1,0.005,26.10155,66,5220.31,13,0,0,0,26.10655,0,not_depleted,,0.0,False,missing_same_side_strict_through_support;missing_recent_same_side_at_or_through_throughput,111,59986,0,5,same_touch_stable_enough,real_bbo_history_touch_stability,2232,1784017542733,26.10155,26.10155,0,68,66,-2,reset_supported,same_touch_top_qty_or_order_count_reduced,pass,,,,latest_l2_received_before_or_at_candidate,latest_l2_exchange_time_equal_candidate,event_driven_current_l2_plus_rolling_public_trades_proxy_not_exact_queue_or_fill_probability
894,trades,1784017545032,1784017545273848648,0.242347,buy,62580,62580,62581,1,0.005,26.10155,66,5220.31,14,0,0,0,26.10655,0,not_depleted,,0.0,False,missing_same_side_strict_through_support;missing_recent_same_side_at_or_through_throughput,110,59433,67,5,same_touch_stable_enough,real_bbo_history_touch_stability,2299,1784017542733,26.10155,26.10155,0,68,66,-2,reset_supported,same_touch_top_qty_or_order_count_reduced,pass,,,,latest_l2_received_before_or_at_candidate,latest_l2_exchange_time_before_candidate,event_driven_current_l2_plus_rolling_public_trades_proxy_not_exact_queue_or_fill_probability
895,l2Book,1784017545519,1784017545742454699,0.223921,buy,62580,62580,62581,1,0.005,26.14681,67,5229.362,14,0,0,0,26.15181,0,not_depleted,,0.0,False,missing_same_side_strict_through_support;missing_recent_same_side_at_or_through_throughput,111,59987,0,6,same_touch_stable_enough,real_bbo_history_touch_stability,2786,1784017542733,26.10155,26.14681,0.04526,68,67,-1,reset_supported,same_touch_top_qty_or_order_count_reduced,pass,,,,latest_l2_received_before_or_at_candidate,latest_l2_exchange_time_equal_candidate,event_driven_current_l2_plus_rolling_public_trades_proxy_not_exact_queue_or_fill_probability
896,trades,1784017545856,1784017546047866036,0.192327,buy,62580,62580,62581,1,0.005,26.14681,67,5229.362,3,0,0,0,26.15181,0,not_depleted,,0.0,False,missing_same_side_strict_through_support;missing_recent_same_side_at_or_through_throughput,110,59449,337,6,same_touch_stable_enough,real_bbo_history_touch_stability,3123,1784017542733,26.10155,26.14681,0.04526,68,67,-1,reset_supported,same_touch_top_qty_or_order_count_reduced,pass,,,,latest_l2_received_before_or_at_candidate,latest_l2_exchange_time_before_candidate,event_driven_current_l2_plus_rolling_public_trades_proxy_not_exact_queue_or_fill_probability
897,l2Book,1784017546056,1784017546321583848,0.266073,buy,62580,62580,62581,1,0.005,26.14681,67,5229.362,3,0,0,0,26.15181,0,not_depleted,,0.0,False,missing_same_side_strict_through_support;missing_recent_same_side_at_or_through_throughput,111,59986,0,7,same_touch_stable_enough,real_bbo_history_touch_stability,3323,1784017542733,26.14681,26.14681,0,68,67,-1,reset_supported,same_touch_top_qty_or_order_count_reduced,pass,,,,latest_l2_received_before_or_at_candidate,latest_l2_exchange_time_equal_candidate,event_driven_current_l2_plus_rolling_public_trades_proxy_not_exact_queue_or_fill_probability
898,l2Book,1784017546595,1784017546810777099,0.216271,buy,62580,62580,62581,1,0.005,26.02771,63,5205.542,3,0,0,0,26.03271,0,not_depleted,,0.0,False,missing_same_side_strict_through_support;missing_recent_same_side_at_or_through_throughput,111,59921,0,8,same_touch_stable_enough,real_bbo_history_touch_stability,3862,1784017542733,26.14681,26.02771,-0.1191,68,63,-5,reset_supported,same_touch_top_qty_or_order_count_reduced,pass,,,,latest_l2_received_before_or_at_candidate,latest_l2_exchange_time_equal_candidate,event_driven_current_l2_plus_rolling_public_trades_proxy_not_exact_queue_or_fill_probability
899,l2Book,1784017547129,1784017547373962077,0.245478,buy,62580,62580,62581,1,0.005,26.02771,63,5205.542,2,0,0,0,26.03271,0,not_depleted,,0.0,False,missing_same_side_strict_through_support;missing_recent_same_side_at_or_through_throughput,111,59855,0,9,same_touch_stable_enough,real_bbo_history_touch_stability,4396,1784017542733,26.14681,26.02771,-0.1191,68,63,-5,reset_supported,same_touch_top_qty_or_order_count_reduced,pass,,,,latest_l2_received_before_or_at_candidate,latest_l2_exchange_time_equal_candidate,event_driven_current_l2_plus_rolling_public_trades_proxy_not_exact_queue_or_fill_probability
900,l2Book,1784017547667,1784017547882022199,0.215532,buy,62580,62580,62581,1,0.005,25.42923,66,5085.846,2,0,0,0,25.43423,0,not_depleted,,0.0,False,missing_same_side_strict_through_support;missing_recent_same_side_at_or_through_throughput,111,59855,0,10,same_touch_stable_enough,real_bbo_history_touch_stability,4934,1784017542733,26.14681,25.42923,-0.71758,68,66,-2,reset_supported,same_touch_top_qty_or_order_count_reduced,pass,,,,latest_l2_received_before_or_at_candidate,latest_l2_exchange_time_equal_candidate,event_driven_current_l2_plus_rolling_public_trades_proxy_not_exact_queue_or_fill_probability
901,l2Book,1784017548201,1784017548445861831,0.245342,buy,62580,62580,62581,1,0.005,30.5935,81,6118.7,1,0,0,0,30.5985,0,not_depleted,,0.0,False,missing_same_side_strict_through_support;missing_recent_same_side_at_or_through_throughput,111,59850,0,11,same_touch_stable_enough,real_bbo_history_touch_stability,5468,1784017542733,26.14681,30.5935,4.44669,68,81,13,not_reset,history_present_no_reset,pass,,,history_present_no_reset,latest_l2_received_before_or_at_candidate,latest_l2_exchange_time_equal_candidate,event_driven_current_l2_plus_rolling_public_trades_proxy_not_exact_queue_or_fill_probability
902,l2Book,1784017548724,1784017549040602585,0.317068,buy,62580,62580,62581,1,0.005,70.47932,95,14095.864,1,0,0,0,70.48432,0,not_depleted,,0.0,False,missing_same_side_strict_through_support;missing_recent_same_side_at_or_through_throughput,111,59834,0,12,same_touch_stable_enough,real_bbo_history_touch_stability,5991,1784017542733,30.5935,70.47932,39.88582,81,95,14,not_reset,history_present_no_reset,pass,,,history_present_no_reset,latest_l2_received_before_or_at_candidate,latest_l2_exchange_time_equal_candidate,event_driven_current_l2_plus_rolling_public_trades_proxy_not_exact_queue_or_fill_probability
903,trades,1784017548724,1784017549041370112,0.317685,buy,62580,62580,62581,1,0.005,70.47932,95,14095.864,2,0,0,0,70.48432,0,not_depleted,,0.0,False,missing_same_side_strict_through_support;missing_recent_same_side_at_or_through_throughput,111,59834,0,12,same_touch_stable_enough,real_bbo_history_touch_stability,5991,1784017542733,30.5935,70.47932,39.88582,81,95,14,not_reset,history_present_no_reset,pass,,,history_present_no_reset,latest_l2_received_before_or_at_candidate,latest_l2_exchange_time_equal_candidate,event_driven_current_l2_plus_rolling_public_trades_proxy_not_exact_queue_or_fill_probability
904,l2Book,1784017549282,1784017549537715244,0.256214,buy,62584,62584,62585,1,0.005,18.84739,151,3769.478,1,0,0,0,18.85239,0,not_depleted,,0.0,False,missing_same_side_strict_through_support;missing_touch_freshness_or_queue_reset_evidence;missing_recent_same_side_at_or_through_throughput,111,59854,0,1,same_touch_seen_but_not_stable,real_bbo_history_insufficient,0,1784017549282,,18.84739,,,151,,missing,no_prior_same_touch_bbo,block,no_prior_same_touch_bbo,same_touch_seen_but_not_stable,no_prior_same_touch_bbo,latest_l2_received_before_or_at_candidate,latest_l2_exchange_time_equal_candidate,event_driven_current_l2_plus_rolling_public_trades_proxy_not_exact_queue_or_fill_probability
905,trades,1784017549417,1784017549652824312,0.236309,buy,62584,62584,62585,1,0.005,18.84739,151,3769.478,3,0,0,0,18.85239,0,not_depleted,,0.0,False,missing_same_side_strict_through_support;missing_touch_freshness_or_queue_reset_evidence;missing_recent_same_side_at_or_through_throughput,111,59854,135,1,same_touch_seen_but_not_stable,real_bbo_history_insufficient,135,1784017549282,,18.84739,,,151,,missing,no_prior_same_touch_bbo,block,no_prior_same_touch_bbo,same_touch_seen_but_not_stable,no_prior_same_touch_bbo,latest_l2_received_before_or_at_candidate,latest_l2_exchange_time_before_candidate,event_driven_current_l2_plus_rolling_public_trades_proxy_not_exact_queue_or_fill_probability
906,l2Book,1784017549811,1784017550055405784,0.244871,buy,62584,62584,62585,1,0.005,72.32736,142,14465.472,3,0,0,0,72.33236,0,not_depleted,,0.0,False,missing_same_side_strict_through_support;missing_recent_same_side_at_or_through_throughput,111,59851,0,2,same_touch_stable_enough,real_bbo_history_touch_stability,529,1784017549282,18.84739,72.32736,53.47997,151,142,-9,reset_supported,same_touch_top_qty_or_order_count_reduced,pass,,,,latest_l2_received_before_or_at_candidate,latest_l2_exchange_time_equal_candidate,event_driven_current_l2_plus_rolling_public_trades_proxy_not_exact_queue_or_fill_probability
907,l2Book,1784017550339,1784017550557457647,0.218971,buy,62584,62584,62585,1,0.005,75.78981,143,15157.962,3,0,0,0,75.79481,0,not_depleted,,0.0,False,missing_same_side_strict_through_support;missing_recent_same_side_at_or_through_throughput,111,59829,0,3,same_touch_stable_enough,real_bbo_history_touch_stability,1057,1784017549282,72.32736,75.78981,3.46245,151,143,-8,reset_supported,same_touch_top_qty_or_order_count_reduced,pass,,,,latest_l2_received_before_or_at_candidate,latest_l2_exchange_time_equal_candidate,event_driven_current_l2_plus_rolling_public_trades_proxy_not_exact_queue_or_fill_probability
908,l2Book,1784017550879,1784017551104058996,0.225533,buy,62584,62584,62585,1,0.005,76.50238,146,15300.476,3,0,0,0,76.50738,0,not_depleted,,0.0,False,missing_same_side_strict_through_support;missing_recent_same_side_at_or_through_throughput,111,59834,0,4,same_touch_stable_enough,real_bbo_history_touch_stability,1597,1784017549282,75.78981,76.50238,0.71257,151,146,-5,reset_supported,same_touch_top_qty_or_order_count_reduced,pass,,,,latest_l2_received_before_or_at_candidate,latest_l2_exchange_time_equal_candidate,event_driven_current_l2_plus_rolling_public_trades_proxy_not_exact_queue_or_fill_probability
909,l2Book,1784017551428,1784017551647692575,0.220179,buy,62584,62584,62585,1,0.005,76.2062,148,15241.24,3,0,0,0,76.2112,0,not_depleted,,0.0,False,missing_same_side_strict_through_support;missing_recent_same_side_at_or_through_throughput,111,59859,0,5,same_touch_stable_enough,real_bbo_history_touch_stability,2146,1784017549282,76.50238,76.2062,-0.29618,151,148,-3,reset_supported,same_touch_top_qty_or_order_count_reduced,pass,,,,latest_l2_received_before_or_at_candidate,latest_l2_exchange_time_equal_candidate,event_driven_current_l2_plus_rolling_public_trades_proxy_not_exact_queue_or_fill_probability
910,l2Book,1784017551957,1784017552173111218,0.216593,buy,62584,62584,62585,1,0.005,77.36877,152,15473.754,2,0,0,0,77.37377,0,not_depleted,,0.0,False,missing_same_side_strict_through_support;missing_recent_same_side_at_or_through_throughput,111,59836,0,6,same_touch_stable_enough,real_bbo_history_touch_stability,2675,1784017549282,76.50238,77.36877,0.86639,151,152,1,not_reset,history_present_no_reset,pass,,,history_present_no_reset,latest_l2_received_before_or_at_candidate,latest_l2_exchange_time_equal_candidate,event_driven_current_l2_plus_rolling_public_trades_proxy_not_exact_queue_or_fill_probability
911,l2Book,1784017552503,1784017552771325154,0.268818,buy,62584,62584,62585,1,0.005,75.91846,115,15183.692,0,0,0,0,75.92346,0,not_depleted,,0.0,False,missing_same_side_strict_through_support;missing_recent_same_side_at_or_through_throughput,111,59847,0,7,same_touch_stable_enough,real_bbo_history_touch_stability,3221,1784017549282,77.36877,75.91846,-1.45031,152,115,-37,reset_supported,same_touch_top_qty_or_order_count_reduced,pass,,,,latest_l2_received_before_or_at_candidate,latest_l2_exchange_time_equal_candidate,event_driven_current_l2_plus_rolling_public_trades_proxy_not_exact_queue_or_fill_probability
912,l2Book,1784017553037,1784017553318009826,0.281467,buy,62584,62584,62585,1,0.005,77.40479,117,15480.958,0,0,0,0,77.40979,0,not_depleted,,0.0,False,missing_same_side_strict_through_support;missing_recent_same_side_at_or_through_throughput,111,59778,0,8,same_touch_stable_enough,real_bbo_history_touch_stability,3755,1784017549282,77.36877,77.40479,0.03602,152,117,-35,reset_supported,same_touch_top_qty_or_order_count_reduced,pass,,,,latest_l2_received_before_or_at_candidate,latest_l2_exchange_time_equal_candidate,event_driven_current_l2_plus_rolling_public_trades_proxy_not_exact_queue_or_fill_probability
913,l2Book,1784017553576,1784017553831956907,0.256464,buy,62584,62584,62585,1,0.005,77.53929,119,15507.858,0,0,0,0,77.54429,0,not_depleted,,0.0,False,missing_same_side_strict_through_support;missing_recent_same_side_at_or_through_throughput,111,59794,0,9,same_touch_stable_enough,real_bbo_history_touch_stability,4294,1784017549282,77.40479,77.53929,0.1345,152,119,-33,reset_supported,same_touch_top_qty_or_order_count_reduced,pass,,,,latest_l2_received_before_or_at_candidate,latest_l2_exchange_time_equal_candidate,event_driven_current_l2_plus_rolling_public_trades_proxy_not_exact_queue_or_fill_probability
914,trades,1784017553841,1784017554031043610,0.19056,buy,62584,62584,62585,1,0.005,77.53929,119,15507.858,1,0.01255,0,0.01255,77.54429,0.0001618429932107186744504334233,touched_quote_without_depletion,,0.00313,False,missing_same_side_strict_through_support,110,59245,265,9,same_touch_stable_enough,real_bbo_history_touch_stability,4559,1784017549282,77.40479,77.53929,0.1345,152,119,-33,reset_supported,same_touch_top_qty_or_order_count_reduced,pass,,,,latest_l2_received_before_or_at_candidate,latest_l2_exchange_time_before_candidate,event_driven_current_l2_plus_rolling_public_trades_proxy_not_exact_queue_or_fill_probability
915,trades,1784017553908,1784017554100979372,0.19343,buy,62584,62584,62585,1,0.005,77.53929,119,15507.858,2,0.01255,0,0.01255,77.54429,0.0001618429932107186744504334233,touched_quote_without_depletion,,0.00313,False,missing_same_side_strict_through_support,110,59245,332,9,same_touch_stable_enough,real_bbo_history_touch_stability,4626,1784017549282,77.40479,77.53929,0.1345,152,119,-33,reset_supported,same_touch_top_qty_or_order_count_reduced,pass,,,,latest_l2_received_before_or_at_candidate,latest_l2_exchange_time_before_candidate,event_driven_current_l2_plus_rolling_public_trades_proxy_not_exact_queue_or_fill_probability
916,l2Book,1784017554106,1784017554359262460,0.253714,buy,62584,62584,62585,1,0.005,75.44643,119,15089.286,2,0.01255,0,0.01255,75.45143,0.0001663321689197938329333188251,touched_quote_without_depletion,,0.00313,False,missing_same_side_strict_through_support,111,59775,0,10,same_touch_stable_enough,real_bbo_history_touch_stability,4824,1784017549282,77.53929,75.44643,-2.09286,152,119,-33,reset_supported,same_touch_top_qty_or_order_count_reduced,pass,,,,latest_l2_received_before_or_at_candidate,latest_l2_exchange_time_equal_candidate,event_driven_current_l2_plus_rolling_public_trades_proxy_not_exact_queue_or_fill_probability
917,l2Book,1784017554667,1784017554897480176,0.230985,buy,62586,62586,62588,2,0.005,32.04365,245,6408.73,2,0,0.01255,0.01255,32.04865,0.0003915921575479778399402158905,strict_trade_through_seen_but_visible_top_not_depleted,,0.00313,False,missing_touch_freshness_or_queue_reset_evidence,111,59827,0,1,same_touch_seen_but_not_stable,real_bbo_history_insufficient,0,1784017554667,,32.04365,,,245,,missing,no_prior_same_touch_bbo,block,no_prior_same_touch_bbo,same_touch_seen_but_not_stable,no_prior_same_touch_bbo,latest_l2_received_before_or_at_candidate,latest_l2_exchange_time_equal_candidate,event_driven_current_l2_plus_rolling_public_trades_proxy_not_exact_queue_or_fill_probability
918,trades,1784017554667,1784017554898280372,0.231573,buy,62586,62586,62588,2,0.005,32.04365,245,6408.73,5,0,0.01255,0.01255,32.04865,0.0003915921575479778399402158905,strict_trade_through_seen_but_visible_top_not_depleted,,0.00313,False,missing_touch_freshness_or_queue_reset_evidence,111,59827,0,1,same_touch_seen_but_not_stable,real_bbo_history_insufficient,0,1784017554667,,32.04365,,,245,,missing,no_prior_same_touch_bbo,block,no_prior_same_touch_bbo,same_touch_seen_but_not_stable,no_prior_same_touch_bbo,latest_l2_received_before_or_at_candidate,latest_l2_exchange_time_equal_candidate,event_driven_current_l2_plus_rolling_public_trades_proxy_not_exact_queue_or_fill_probability
919,l2Book,1784017555200,1784017555426818836,0.227338,buy,62587,62587,62588,1,0.005,64.48927,134,12897.854,5,0,0.01255,0.01255,64.49427,0.0001945909303260584234847529866,strict_trade_through_seen_but_visible_top_not_depleted,,0.00313,False,missing_touch_freshness_or_queue_reset_evidence,111,59809,0,1,same_touch_seen_but_not_stable,real_bbo_history_insufficient,0,1784017555200,,64.48927,,,134,,missing,no_prior_same_touch_bbo,block,no_prior_same_touch_bbo,same_touch_seen_but_not_stable,no_prior_same_touch_bbo,latest_l2_received_before_or_at_candidate,latest_l2_exchange_time_equal_candidate,event_driven_current_l2_plus_rolling_public_trades_proxy_not_exact_queue_or_fill_probability
920,l2Book,1784017555712,1784017555944651072,0.233141,buy,62587,62587,62588,1,0.005,76.89918,117,15379.836,5,0,0.01255,0.01255,76.90418,0.0001631900892773318693470237899,strict_trade_through_seen_but_visible_top_not_depleted,,0.002,False,outside_quality_a_b_queue_bands,111,59769,0,2,same_touch_stable_enough,real_bbo_history_touch_stability,512,1784017555200,64.48927,76.89918,12.40991,134,117,-17,reset_supported,same_touch_top_qty_or_order_count_reduced,pass,,,,latest_l2_received_before_or_at_candidate,latest_l2_exchange_time_equal_candidate,event_driven_current_l2_plus_rolling_public_trades_proxy_not_exact_queue_or_fill_probability
921,l2Book,1784017556284,1784017556519241046,0.235695,buy,62587,62587,62588,1,0.005,43.31237,73,8662.474,5,0,0.01255,0.01255,43.31737,0.0002897221137848396613183117996,strict_trade_through_seen_but_visible_top_not_depleted,,0.002,False,outside_quality_a_b_queue_bands,111,59807,0,3,same_touch_stable_enough,real_bbo_history_touch_stability,1084,1784017555200,76.89918,43.31237,-33.58681,134,73,-61,reset_supported,same_touch_top_qty_or_order_count_reduced,pass,,,,latest_l2_received_before_or_at_candidate,latest_l2_exchange_time_equal_candidate,event_driven_current_l2_plus_rolling_public_trades_proxy_not_exact_queue_or_fill_probability
922,l2Book,1784017556819,1784017557012230814,0.193707,buy,62587,62587,62588,1,0.005,54.48404,82,10896.808,5,0,0.01255,0.01255,54.48904,0.0002303215472322507425346454994,strict_trade_through_seen_but_visible_top_not_depleted,,0.002,False,outside_quality_a_b_queue_bands,111,59821,0,4,same_touch_stable_enough,real_bbo_history_touch_stability,1619,1784017555200,76.89918,54.48404,-22.41514,134,82,-52,reset_supported,same_touch_top_qty_or_order_count_reduced,pass,,,,latest_l2_received_before_or_at_candidate,latest_l2_exchange_time_equal_candidate,event_driven_current_l2_plus_rolling_public_trades_proxy_not_exact_queue_or_fill_probability
923,trades,1784017557019,1784017557266329929,0.247787,buy,62587,62587,62588,1,0.005,54.48404,82,10896.808,4,0,0,0,54.48904,0,not_depleted,,0.0,False,missing_same_side_strict_through_support;missing_recent_same_side_at_or_through_throughput,110,59269,200,4,same_touch_stable_enough,real_bbo_history_touch_stability,1819,1784017555200,76.89918,54.48404,-22.41514,134,82,-52,reset_supported,same_touch_top_qty_or_order_count_reduced,pass,,,,latest_l2_received_before_or_at_candidate,latest_l2_exchange_time_before_candidate,event_driven_current_l2_plus_rolling_public_trades_proxy_not_exact_queue_or_fill_probability
924,l2Book,1784017557343,1784017557577479266,0.234961,buy,62587,62587,62588,1,0.005,57.07084,93,11414.168,4,0,0,0,57.07584,0,not_depleted,,0.0,False,missing_same_side_strict_through_support;missing_recent_same_side_at_or_through_throughput,111,59793,0,5,same_touch_stable_enough,real_bbo_history_touch_stability,2143,1784017555200,76.89918,57.07084,-19.82834,134,93,-41,reset_supported,same_touch_top_qty_or_order_count_reduced,pass,,,,latest_l2_received_before_or_at_candidate,latest_l2_exchange_time_equal_candidate,event_driven_current_l2_plus_rolling_public_trades_proxy_not_exact_queue_or_fill_probability
925,l2Book,1784017557905,1784017558122696176,0.218179,buy,62587,62587,62588,1,0.005,58.34896,97,11669.792,1,0,0,0,58.35396,0,not_depleted,,0.0,False,missing_same_side_strict_through_support;missing_recent_same_side_at_or_through_throughput,111,59821,0,6,same_touch_stable_enough,real_bbo_history_touch_stability,2705,1784017555200,76.89918,58.34896,-18.55022,134,97,-37,reset_supported,same_touch_top_qty_or_order_count_reduced,pass,,,,latest_l2_received_before_or_at_candidate,latest_l2_exchange_time_equal_candidate,event_driven_current_l2_plus_rolling_public_trades_proxy_not_exact_queue_or_fill_probability
926,trades,1784017557972,1784017558154491988,0.18298,buy,62587,62587,62588,1,0.005,58.34896,97,11669.792,3,0.10171,0,0.10171,58.35396,0.001742983680970408863425892604,touched_quote_without_depletion,,0.005,False,missing_same_side_strict_through_support,111,59821,67,6,same_touch_stable_enough,real_bbo_history_touch_stability,2772,1784017555200,76.89918,58.34896,-18.55022,134,97,-37,reset_supported,same_touch_top_qty_or_order_count_reduced,pass,,,,latest_l2_received_before_or_at_candidate,latest_l2_exchange_time_before_candidate,event_driven_current_l2_plus_rolling_public_trades_proxy_not_exact_queue_or_fill_probability
927,l2Book,1784017558512,1784017558752863980,0.241338,buy,62587,62587,62588,1,0.005,57.64933,94,11529.866,3,0.10171,0,0.10171,57.65433,0.001764134627876171659613423658,touched_quote_without_depletion,,0.005,False,missing_same_side_strict_through_support,111,59904,0,7,same_touch_stable_enough,real_bbo_history_touch_stability,3312,1784017555200,76.89918,57.64933,-19.24985,134,94,-40,reset_supported,same_touch_top_qty_or_order_count_reduced,pass,,,,latest_l2_received_before_or_at_candidate,latest_l2_exchange_time_equal_candidate,event_driven_current_l2_plus_rolling_public_trades_proxy_not_exact_queue_or_fill_probability
928,trades,1784017558845,1784017559028442932,0.1839,buy,62587,62587,62588,1,0.005,57.64933,94,11529.866,5,0.10171,0,0.10171,57.65433,0.001764134627876171659613423658,touched_quote_without_depletion,,0.005,False,missing_same_side_strict_through_support,110,59372,333,7,same_touch_stable_enough,real_bbo_history_touch_stability,3645,1784017555200,76.89918,57.64933,-19.24985,134,94,-40,reset_supported,same_touch_top_qty_or_order_count_reduced,pass,,,,latest_l2_received_before_or_at_candidate,latest_l2_exchange_time_before_candidate,event_driven_current_l2_plus_rolling_public_trades_proxy_not_exact_queue_or_fill_probability
929,l2Book,1784017559112,1784017559327784941,0.216295,buy,62602,62602,62603,1,0.005,1.98222,14,396.444,5,0,0.10171,0.10171,1.98722,0.0511820533207193969464880587,strict_trade_through_seen_but_visible_top_not_depleted,,0.005,False,missing_touch_freshness_or_queue_reset_evidence,111,59972,0,1,same_touch_seen_but_not_stable,real_bbo_history_insufficient,0,1784017559112,,1.98222,,,14,,missing,no_prior_same_touch_bbo,block,no_prior_same_touch_bbo,same_touch_seen_but_not_stable,no_prior_same_touch_bbo,latest_l2_received_before_or_at_candidate,latest_l2_exchange_time_equal_candidate,event_driven_current_l2_plus_rolling_public_trades_proxy_not_exact_queue_or_fill_probability
930,trades,1784017559045,1784017559329422154,0.284799,buy,62602,62602,62603,1,0.005,1.98222,14,396.444,35,0,0.10171,0.10171,1.98722,0.0511820533207193969464880587,strict_trade_through_seen_but_visible_top_not_depleted,,0.005,False,missing_touch_freshness_or_queue_reset_evidence,111,59972,-67,1,same_touch_seen_but_not_stable,real_bbo_history_insufficient,0,1784017559112,,1.98222,,,14,,missing,no_prior_same_touch_bbo,block,no_prior_same_touch_bbo,same_touch_seen_but_not_stable,no_prior_same_touch_bbo,latest_l2_received_before_or_at_candidate,latest_l2_exchange_time_after_candidate_visible_by_local_receive,event_driven_current_l2_plus_rolling_public_trades_proxy_not_exact_queue_or_fill_probability
931,l2Book,1784017559605,1784017559873712528,0.269247,buy,62602,62602,62603,1,0.005,6.40891,19,1281.782,35,0,0.10171,0.10171,6.41391,0.01585772173292110428740035329,strict_trade_through_seen_but_visible_top_not_depleted,,0.002,False,outside_quality_a_b_queue_bands,111,59910,0,2,same_touch_stable_enough,real_bbo_history_touch_stability,493,1784017559112,1.98222,6.40891,4.42669,14,19,5,not_reset,history_present_no_reset,pass,,,history_present_no_reset,latest_l2_received_before_or_at_candidate,latest_l2_exchange_time_equal_candidate,event_driven_current_l2_plus_rolling_public_trades_proxy_not_exact_queue_or_fill_probability
932,l2Book,1784017560139,1784017560367337285,0.228853,buy,62602,62602,62603,1,0.005,6.42408,19,1284.816,34,0,0.10171,0.10171,6.42908,0.01582030399372849614563825617,strict_trade_through_seen_but_visible_top_not_depleted,,0.002,False,outside_quality_a_b_queue_bands,111,59923,0,3,same_touch_stable_enough,real_bbo_history_touch_stability,1027,1784017559112,6.40891,6.42408,0.01517,19,19,0,not_reset,history_present_no_reset,pass,,,history_present_no_reset,latest_l2_received_before_or_at_candidate,latest_l2_exchange_time_equal_candidate,event_driven_current_l2_plus_rolling_public_trades_proxy_not_exact_queue_or_fill_probability
933,l2Book,1784017560701,1784017560927335571,0.226816,buy,62602,62602,62603,1,0.005,6.40838,19,1281.676,34,0,0.10171,0.10171,6.41338,0.01585903221078432901215895518,strict_trade_through_seen_but_visible_top_not_depleted,,0.002,False,outside_quality_a_b_queue_bands,111,59879,0,4,same_touch_stable_enough,real_bbo_history_touch_stability,1589,1784017559112,6.42408,6.40838,-0.0157,19,19,0,not_reset,history_present_no_reset,pass,,,history_present_no_reset,latest_l2_received_before_or_at_candidate,latest_l2_exchange_time_equal_candidate,event_driven_current_l2_plus_rolling_public_trades_proxy_not_exact_queue_or_fill_probability
934,l2Book,1784017561238,1784017561480283151,0.242772,buy,62602,62602,62603,1,0.005,12.11496,30,2422.992,32,0,0,0,12.11996,0,not_depleted,,0.0,False,missing_same_side_strict_through_support;missing_recent_same_side_at_or_through_throughput,111,59813,0,5,same_touch_stable_enough,real_bbo_history_touch_stability,2126,1784017559112,6.42408,12.11496,5.69088,19,30,11,not_reset,history_present_no_reset,pass,,,history_present_no_reset,latest_l2_received_before_or_at_candidate,latest_l2_exchange_time_equal_candidate,event_driven_current_l2_plus_rolling_public_trades_proxy_not_exact_queue_or_fill_probability
935,trades,1784017561523,1784017561717166612,0.194641,buy,62602,62602,62603,1,0.005,12.11496,30,2422.992,33,0,0,0,12.11996,0,not_depleted,,0.0,False,missing_same_side_strict_through_support;missing_recent_same_side_at_or_through_throughput,110,59260,285,5,same_touch_stable_enough,real_bbo_history_touch_stability,2411,1784017559112,6.42408,12.11496,5.69088,19,30,11,not_reset,history_present_no_reset,pass,,,history_present_no_reset,latest_l2_received_before_or_at_candidate,latest_l2_exchange_time_before_candidate,event_driven_current_l2_plus_rolling_public_trades_proxy_not_exact_queue_or_fill_probability
936,l2Book,1784017561781,1784017562002195967,0.221709,buy,62602,62602,62603,1,0.005,9.08493,29,1816.986,33,0,0,0,9.08993,0,not_depleted,,0.0,False,missing_same_side_strict_through_support;missing_recent_same_side_at_or_through_throughput,111,59803,0,6,same_touch_stable_enough,real_bbo_history_touch_stability,2669,1784017559112,12.11496,9.08493,-3.03003,30,29,-1,reset_supported,same_touch_top_qty_or_order_count_reduced,pass,,,,latest_l2_received_before_or_at_candidate,latest_l2_exchange_time_equal_candidate,event_driven_current_l2_plus_rolling_public_trades_proxy_not_exact_queue_or_fill_probability
937,trades,1784017562059,1784017562296684828,0.238165,buy,62602,62602,62603,1,0.005,9.08493,29,1816.986,3,0.00145,0,0.00145,9.08993,0.0001595171800002860308055177543,touched_quote_without_depletion,,0.00036,False,missing_same_side_strict_through_support,110,59265,278,6,same_touch_stable_enough,real_bbo_history_touch_stability,2947,1784017559112,12.11496,9.08493,-3.03003,30,29,-1,reset_supported,same_touch_top_qty_or_order_count_reduced,pass,,,,latest_l2_received_before_or_at_candidate,latest_l2_exchange_time_before_candidate,event_driven_current_l2_plus_rolling_public_trades_proxy_not_exact_queue_or_fill_probability
938,l2Book,1784017562307,1784017562563206795,0.256701,buy,62602,62602,62603,1,0.005,10.86117,32,2172.234,3,0.00145,0,0.00145,10.86617,0.0001334416818437407108484406189,touched_quote_without_depletion,,0.00036,False,missing_same_side_strict_through_support,111,59791,0,7,same_touch_stable_enough,real_bbo_history_touch_stability,3195,1784017559112,12.11496,10.86117,-1.25379,30,32,2,not_reset,history_present_no_reset,pass,,,history_present_no_reset,latest_l2_received_before_or_at_candidate,latest_l2_exchange_time_equal_candidate,event_driven_current_l2_plus_rolling_public_trades_proxy_not_exact_queue_or_fill_probability
939,l2Book,1784017562871,1784017563089861091,0.219326,buy,62602,62602,62603,1,0.005,10.48576,28,2097.152,3,0.00145,0,0.00145,10.49076,0.0001382168689399052118245007988,touched_quote_without_depletion,,0.00036,False,missing_same_side_strict_through_support,111,59779,0,8,same_touch_stable_enough,real_bbo_history_touch_stability,3759,1784017559112,12.11496,10.48576,-1.6292,32,28,-4,reset_supported,same_touch_top_qty_or_order_count_reduced,pass,,,,latest_l2_received_before_or_at_candidate,latest_l2_exchange_time_equal_candidate,event_driven_current_l2_plus_rolling_public_trades_proxy_not_exact_queue_or_fill_probability
940,l2Book,1784017563380,1784017563631124151,0.251605,buy,62604,62604,62605,1,0.005,14.18654,96,2837.308,3,0,0.00145,0.00145,14.19154,0.0001021735484661988762318959042,strict_trade_through_seen_but_visible_top_not_depleted,,0.00036,False,missing_touch_freshness_or_queue_reset_evidence,111,59790,0,1,same_touch_seen_but_not_stable,real_bbo_history_insufficient,0,1784017563380,,14.18654,,,96,,missing,no_prior_same_touch_bbo,block,no_prior_same_touch_bbo,same_touch_seen_but_not_stable,no_prior_same_touch_bbo,latest_l2_received_before_or_at_candidate,latest_l2_exchange_time_equal_candidate,event_driven_current_l2_plus_rolling_public_trades_proxy_not_exact_queue_or_fill_probability
941,trades,1784017563528,1784017563750005450,0.222538,buy,62604,62604,62605,1,0.005,14.18654,96,2837.308,16,0,0.00145,0.00145,14.19154,0.0001021735484661988762318959042,strict_trade_through_seen_but_visible_top_not_depleted,,0.00036,False,missing_touch_freshness_or_queue_reset_evidence,111,59790,148,1,same_touch_seen_but_not_stable,real_bbo_history_insufficient,148,1784017563380,,14.18654,,,96,,missing,no_prior_same_touch_bbo,block,no_prior_same_touch_bbo,same_touch_seen_but_not_stable,no_prior_same_touch_bbo,latest_l2_received_before_or_at_candidate,latest_l2_exchange_time_before_candidate,event_driven_current_l2_plus_rolling_public_trades_proxy_not_exact_queue_or_fill_probability
942,l2Book,1784017563951,1784017564193034258,0.242533,buy,62610,62610,62611,1,0.005,2.65884,34,531.768,16,0,0.00145,0.00145,2.66384,0.0005443269866058021502792960538,strict_trade_through_seen_but_visible_top_not_depleted,,0.00036,False,missing_touch_freshness_or_queue_reset_evidence,111,59839,0,1,same_touch_seen_but_not_stable,real_bbo_history_insufficient,0,1784017563951,,2.65884,,,34,,missing,no_prior_same_touch_bbo,block,no_prior_same_touch_bbo,same_touch_seen_but_not_stable,no_prior_same_touch_bbo,latest_l2_received_before_or_at_candidate,latest_l2_exchange_time_equal_candidate,event_driven_current_l2_plus_rolling_public_trades_proxy_not_exact_queue_or_fill_probability
943,l2Book,1784017564473,1784017564708350163,0.235849,buy,62610,62610,62611,1,0.005,8.69882,41,1739.764,16,0,0.00145,0.00145,8.70382,0.0001665935187078776904853271322,strict_trade_through_seen_but_visible_top_not_depleted,,0.00036,False,outside_quality_a_b_queue_bands,111,59798,0,2,same_touch_stable_enough,real_bbo_history_touch_stability,522,1784017563951,2.65884,8.69882,6.03998,34,41,7,not_reset,history_present_no_reset,pass,,,history_present_no_reset,latest_l2_received_before_or_at_candidate,latest_l2_exchange_time_equal_candidate,event_driven_current_l2_plus_rolling_public_trades_proxy_not_exact_queue_or_fill_probability
944,trades,1784017564548,1784017564760834644,0.213321,buy,62610,62610,62611,1,0.005,8.69882,41,1739.764,16,0.00021,0.00145,0.00166,8.70382,0.0001907208559000530801418227859,strict_trade_through_seen_but_visible_top_not_depleted,,0.00041,False,outside_quality_a_b_queue_bands,111,59798,75,2,same_touch_stable_enough,real_bbo_history_touch_stability,597,1784017563951,2.65884,8.69882,6.03998,34,41,7,not_reset,history_present_no_reset,pass,,,history_present_no_reset,latest_l2_received_before_or_at_candidate,latest_l2_exchange_time_before_candidate,event_driven_current_l2_plus_rolling_public_trades_proxy_not_exact_queue_or_fill_probability
945,l2Book,1784017565083,1784017565325956552,0.243457,buy,62610,62610,62611,1,0.005,9.00041,39,1800.082,14,0.00021,0,0.00021,9.00541,0.00002331931583348231785115835925,touched_quote_without_depletion,,5e-05,False,missing_same_side_strict_through_support,111,59874,0,3,same_touch_stable_enough,real_bbo_history_touch_stability,1132,1784017563951,8.69882,9.00041,0.30159,41,39,-2,reset_supported,same_touch_top_qty_or_order_count_reduced,pass,,,,latest_l2_received_before_or_at_candidate,latest_l2_exchange_time_equal_candidate,event_driven_current_l2_plus_rolling_public_trades_proxy_not_exact_queue_or_fill_probability
946,l2Book,1784017565574,1784017565801131542,0.227643,buy,62610,62610,62611,1,0.005,8.71572,26,1743.144,14,0.00021,0,0.00021,8.72072,0.00002408058050252731425845572384,touched_quote_without_depletion,,5e-05,False,missing_same_side_strict_through_support,111,59820,0,4,same_touch_stable_enough,real_bbo_history_touch_stability,1623,1784017563951,9.00041,8.71572,-0.28469,41,26,-15,reset_supported,same_touch_top_qty_or_order_count_reduced,pass,,,,latest_l2_received_before_or_at_candidate,latest_l2_exchange_time_equal_candidate,event_driven_current_l2_plus_rolling_public_trades_proxy_not_exact_queue_or_fill_probability
947,l2Book,1784017566109,1784017566340927551,0.232433,buy,62610,62610,62611,1,0.005,8.74317,29,1748.634,14,0.00021,0,0.00021,8.74817,0.00002400502047856866064559787933,touched_quote_without_depletion,,5e-05,False,missing_same_side_strict_through_support,111,59821,0,5,same_touch_stable_enough,real_bbo_history_touch_stability,2158,1784017563951,9.00041,8.74317,-0.25724,41,29,-12,reset_supported,same_touch_top_qty_or_order_count_reduced,pass,,,,latest_l2_received_before_or_at_candidate,latest_l2_exchange_time_equal_candidate,event_driven_current_l2_plus_rolling_public_trades_proxy_not_exact_queue_or_fill_probability
948,l2Book,1784017566630,1784017566855145996,0.225672,buy,62610,62610,62611,1,0.005,9.79868,35,1959.736,1,0.00021,0,0.00021,9.80368,0.00002142052780180503647609877107,touched_quote_without_depletion,,5e-05,False,missing_same_side_strict_through_support,111,59725,0,6,same_touch_stable_enough,real_bbo_history_touch_stability,2679,1784017563951,9.00041,9.79868,0.79827,41,35,-6,reset_supported,same_touch_top_qty_or_order_count_reduced,pass,,,,latest_l2_received_before_or_at_candidate,latest_l2_exchange_time_equal_candidate,event_driven_current_l2_plus_rolling_public_trades_proxy_not_exact_queue_or_fill_probability
949,trades,1784017566979,1784017567171323837,0.192857,buy,62610,62610,62611,1,0.005,9.79868,35,1959.736,2,0.00021,0,0.00021,9.80368,0.00002142052780180503647609877107,touched_quote_without_depletion,,5e-05,False,missing_same_side_strict_through_support,110,59189,349,6,same_touch_stable_enough,real_bbo_history_touch_stability,3028,1784017563951,9.00041,9.79868,0.79827,41,35,-6,reset_supported,same_touch_top_qty_or_order_count_reduced,pass,,,,latest_l2_received_before_or_at_candidate,latest_l2_exchange_time_before_candidate,event_driven_current_l2_plus_rolling_public_trades_proxy_not_exact_queue_or_fill_probability
950,l2Book,1784017567151,1784017567408095137,0.257567,buy,62610,62610,62611,1,0.005,8.88258,33,1776.516,2,0.00021,0,0.00021,8.88758,0.00002362847929357597906291701453,touched_quote_without_depletion,,5e-05,False,missing_same_side_strict_through_support,111,59710,0,7,same_touch_stable_enough,real_bbo_history_touch_stability,3200,1784017563951,9.79868,8.88258,-0.9161,41,33,-8,reset_supported,same_touch_top_qty_or_order_count_reduced,pass,,,,latest_l2_received_before_or_at_candidate,latest_l2_exchange_time_equal_candidate,event_driven_current_l2_plus_rolling_public_trades_proxy_not_exact_queue_or_fill_probability
951,trades,1784017567384,1784017567553392228,0.169905,buy,62610,62610,62611,1,0.005,8.88258,33,1776.516,3,0.00021,0,0.00021,8.88758,0.00002362847929357597906291701453,touched_quote_without_depletion,,5e-05,False,missing_same_side_strict_through_support,111,59710,233,7,same_touch_stable_enough,real_bbo_history_touch_stability,3433,1784017563951,9.79868,8.88258,-0.9161,41,33,-8,reset_supported,same_touch_top_qty_or_order_count_reduced,pass,,,,latest_l2_received_before_or_at_candidate,latest_l2_exchange_time_before_candidate,event_driven_current_l2_plus_rolling_public_trades_proxy_not_exact_queue_or_fill_probability
952,l2Book,1784017567704,1784017567962869159,0.259394,buy,62610,62610,62611,1,0.005,14.00479,40,2800.958,2,0,0,0,14.00979,0,not_depleted,,0.0,False,missing_same_side_strict_through_support;missing_recent_same_side_at_or_through_throughput,111,59725,0,8,same_touch_stable_enough,real_bbo_history_touch_stability,3753,1784017563951,9.79868,14.00479,4.20611,41,40,-1,reset_supported,same_touch_top_qty_or_order_count_reduced,pass,,,,latest_l2_received_before_or_at_candidate,latest_l2_exchange_time_equal_candidate,event_driven_current_l2_plus_rolling_public_trades_proxy_not_exact_queue_or_fill_probability
953,trades,1784017568019,1784017568275618085,0.257157,buy,62610,62610,62611,1,0.005,14.00479,40,2800.958,4,0.00128,0,0.00128,14.00979,0.0000913646814120697026864785268,touched_quote_without_depletion,,0.00032,False,missing_same_side_strict_through_support,110,59188,315,8,same_touch_stable_enough,real_bbo_history_touch_stability,4068,1784017563951,9.79868,14.00479,4.20611,41,40,-1,reset_supported,same_touch_top_qty_or_order_count_reduced,pass,,,,latest_l2_received_before_or_at_candidate,latest_l2_exchange_time_before_candidate,event_driven_current_l2_plus_rolling_public_trades_proxy_not_exact_queue_or_fill_probability
954,l2Book,1784017568255,1784017568494250146,0.239736,buy,62610,62610,62611,1,0.005,13.42893,43,2685.786,4,0.00128,0,0.00128,13.43393,0.00009528112771169717275585029846,touched_quote_without_depletion,,0.00032,False,missing_same_side_strict_through_support,111,59739,0,9,same_touch_stable_enough,real_bbo_history_touch_stability,4304,1784017563951,14.00479,13.42893,-0.57586,41,43,2,not_reset,history_present_no_reset,pass,,,history_present_no_reset,latest_l2_received_before_or_at_candidate,latest_l2_exchange_time_equal_candidate,event_driven_current_l2_plus_rolling_public_trades_proxy_not_exact_queue_or_fill_probability
955,l2Book,1784017568761,1784017569001498799,0.240989,buy,62610,62610,62611,1,0.005,11.43629,38,2287.258,4,0.00128,0,0.00128,11.44129,0.0001118754965567693852703672401,touched_quote_without_depletion,,0.00032,False,missing_same_side_strict_through_support,111,59708,0,10,same_touch_stable_enough,real_bbo_history_touch_stability,4810,1784017563951,14.00479,11.43629,-2.5685,43,38,-5,reset_supported,same_touch_top_qty_or_order_count_reduced,pass,,,,latest_l2_received_before_or_at_candidate,latest_l2_exchange_time_equal_candidate,event_driven_current_l2_plus_rolling_public_trades_proxy_not_exact_queue_or_fill_probability
956,l2Book,1784017569265,1784017569478179657,0.213659,buy,62610,62610,62611,1,0.005,8.70976,31,1741.952,4,0.00128,0,0.00128,8.71476,0.0001468772519266164530061642547,touched_quote_without_depletion,,0.00032,False,missing_same_side_strict_through_support,111,59606,0,11,same_touch_stable_enough,real_bbo_history_touch_stability,5314,1784017563951,14.00479,8.70976,-5.29503,43,31,-12,reset_supported,same_touch_top_qty_or_order_count_reduced,pass,,,,latest_l2_received_before_or_at_candidate,latest_l2_exchange_time_equal_candidate,event_driven_current_l2_plus_rolling_public_trades_proxy_not_exact_queue_or_fill_probability
957,l2Book,1784017569806,1784017570030546354,0.225072,buy,62610,62610,62611,1,0.005,8.7557,32,1751.14,4,0.00128,0,0.00128,8.7607,0.0001461070462405972125515084411,touched_quote_without_depletion,,0.00032,False,missing_same_side_strict_through_support,111,59634,0,12,same_touch_stable_enough,real_bbo_history_touch_stability,5855,1784017563951,14.00479,8.7557,-5.24909,43,32,-11,reset_supported,same_touch_top_qty_or_order_count_reduced,pass,,,,latest_l2_received_before_or_at_candidate,latest_l2_exchange_time_equal_candidate,event_driven_current_l2_plus_rolling_public_trades_proxy_not_exact_queue_or_fill_probability
958,l2Book,1784017570360,1784017570586355820,0.22682,buy,62610,62610,62611,1,0.005,8.06886,27,1613.772,3,0.00128,0,0.00128,8.07386,0.0001585363134857428788708251072,touched_quote_without_depletion,,0.00032,False,missing_same_side_strict_through_support,111,59685,0,13,same_touch_stable_enough,real_bbo_history_touch_stability,6409,1784017563951,14.00479,8.06886,-5.93593,43,27,-16,reset_supported,same_touch_top_qty_or_order_count_reduced,pass,,,,latest_l2_received_before_or_at_candidate,latest_l2_exchange_time_equal_candidate,event_driven_current_l2_plus_rolling_public_trades_proxy_not_exact_queue_or_fill_probability
959,l2Book,1784017570884,1784017571119831784,0.236309,buy,62610,62610,62611,1,0.005,8.06886,27,1613.772,2,0.00128,0,0.00128,8.07386,0.0001585363134857428788708251072,touched_quote_without_depletion,,0.00032,False,missing_same_side_strict_through_support,111,59608,0,14,same_touch_stable_enough,real_bbo_history_touch_stability,6933,1784017563951,14.00479,8.06886,-5.93593,43,27,-16,reset_supported,same_touch_top_qty_or_order_count_reduced,pass,,,,latest_l2_received_before_or_at_candidate,latest_l2_exchange_time_equal_candidate,event_driven_current_l2_plus_rolling_public_trades_proxy_not_exact_queue_or_fill_probability
960,l2Book,1784017571423,1784017571642258745,0.21974,buy,62610,62610,62611,1,0.005,8.3147,29,1662.94,0,0,0,0,8.3197,0,not_depleted,,0.0,False,missing_same_side_strict_through_support;missing_recent_same_side_at_or_through_throughput,111,59543,0,15,same_touch_stable_enough,real_bbo_history_touch_stability,7472,1784017563951,14.00479,8.3147,-5.69009,43,29,-14,reset_supported,same_touch_top_qty_or_order_count_reduced,pass,,,,latest_l2_received_before_or_at_candidate,latest_l2_exchange_time_equal_candidate,event_driven_current_l2_plus_rolling_public_trades_proxy_not_exact_queue_or_fill_probability
961,trades,1784017571566,1784017571765023223,0.199497,buy,62610,62610,62611,1,0.005,8.3147,29,1662.94,1,0.04868,0,0.04868,8.3197,0.005851172518239840378859814657,touched_quote_without_depletion,,0.005,False,missing_same_side_strict_through_support,111,59543,143,15,same_touch_stable_enough,real_bbo_history_touch_stability,7615,1784017563951,14.00479,8.3147,-5.69009,43,29,-14,reset_supported,same_touch_top_qty_or_order_count_reduced,pass,,,,latest_l2_received_before_or_at_candidate,latest_l2_exchange_time_before_candidate,event_driven_current_l2_plus_rolling_public_trades_proxy_not_exact_queue_or_fill_probability
962,l2Book,1784017571968,1784017572198872632,0.231362,buy,62610,62610,62611,1,0.005,8.14436,29,1628.872,1,0.04868,0,0.04868,8.14936,0.005973475217685806001943710917,touched_quote_without_depletion,,0.005,False,missing_same_side_strict_through_support,111,59419,0,16,same_touch_stable_enough,real_bbo_history_touch_stability,8017,1784017563951,14.00479,8.14436,-5.86043,43,29,-14,reset_supported,same_touch_top_qty_or_order_count_reduced,pass,,,,latest_l2_received_before_or_at_candidate,latest_l2_exchange_time_equal_candidate,event_driven_current_l2_plus_rolling_public_trades_proxy_not_exact_queue_or_fill_probability
963,trades,1784017572303,1784017572493506807,0.190999,buy,62610,62610,62611,1,0.005,8.14436,29,1628.872,2,0.04868,0,0.04868,8.14936,0.005973475217685806001943710917,touched_quote_without_depletion,,0.005,False,missing_same_side_strict_through_support,111,59419,335,16,same_touch_stable_enough,real_bbo_history_touch_stability,8352,1784017563951,14.00479,8.14436,-5.86043,43,29,-14,reset_supported,same_touch_top_qty_or_order_count_reduced,pass,,,,latest_l2_received_before_or_at_candidate,latest_l2_exchange_time_before_candidate,event_driven_current_l2_plus_rolling_public_trades_proxy_not_exact_queue_or_fill_probability
964,l2Book,1784017572503,1784017572867995638,0.365456,buy,62610,62610,62611,1,0.005,8.26621,30,1653.242,2,0.04868,0,0.04868,8.27121,0.005885475039323146190218843434,touched_quote_without_depletion,,0.005,False,missing_same_side_strict_through_support,112,59954,0,17,same_touch_stable_enough,real_bbo_history_touch_stability,8552,1784017563951,14.00479,8.26621,-5.73858,43,30,-13,reset_supported,same_touch_top_qty_or_order_count_reduced,pass,,,,latest_l2_received_before_or_at_candidate,latest_l2_exchange_time_equal_candidate,event_driven_current_l2_plus_rolling_public_trades_proxy_not_exact_queue_or_fill_probability
965,l2Book,1784017573052,1784017573318254136,0.26677,buy,62610,62610,62611,1,0.005,8.14436,29,1628.872,2,0.04868,0,0.04868,8.14936,0.005973475217685806001943710917,touched_quote_without_depletion,,0.005,False,missing_same_side_strict_through_support,112,59963,0,18,same_touch_stable_enough,real_bbo_history_touch_stability,9101,1784017563951,14.00479,8.14436,-5.86043,43,29,-14,reset_supported,same_touch_top_qty_or_order_count_reduced,pass,,,,latest_l2_received_before_or_at_candidate,latest_l2_exchange_time_equal_candidate,event_driven_current_l2_plus_rolling_public_trades_proxy_not_exact_queue_or_fill_probability
966,trades,1784017573187,1784017573385897067,0.199426,buy,62610,62610,62611,1,0.005,8.14436,29,1628.872,3,0.05781,0,0.05781,8.14936,0.007093808593558267152267171901,touched_quote_without_depletion,,0.005,False,missing_same_side_strict_through_support,111,59438,135,18,same_touch_stable_enough,real_bbo_history_touch_stability,9236,1784017563951,14.00479,8.14436,-5.86043,43,29,-14,reset_supported,same_touch_top_qty_or_order_count_reduced,pass,,,,latest_l2_received_before_or_at_candidate,latest_l2_exchange_time_before_candidate,event_driven_current_l2_plus_rolling_public_trades_proxy_not_exact_queue_or_fill_probability
967,l2Book,1784017573593,1784017573822711694,0.23026,buy,62610,62610,62611,1,0.005,9.73331,31,1946.662,3,0.05781,0,0.05781,9.73831,0.005936348298626763781395334509,touched_quote_without_depletion,,0.005,False,missing_same_side_strict_through_support,112,59979,0,19,same_touch_stable_enough,real_bbo_history_touch_stability,9642,1784017563951,14.00479,9.73331,-4.27148,43,31,-12,reset_supported,same_touch_top_qty_or_order_count_reduced,pass,,,,latest_l2_received_before_or_at_candidate,latest_l2_exchange_time_equal_candidate,event_driven_current_l2_plus_rolling_public_trades_proxy_not_exact_queue_or_fill_probability
968,l2Book,1784017574195,1784017574423925609,0.229447,buy,62610,62610,62611,1,0.005,10.93286,32,2186.572,3,0.05781,0,0.05781,10.93786,0.005285311752024619075395004142,touched_quote_without_depletion,,0.005,False,missing_same_side_strict_through_support,111,59495,0,20,same_touch_stable_enough,real_bbo_history_touch_stability,10244,1784017563951,14.00479,10.93286,-3.07193,43,32,-11,reset_supported,same_touch_top_qty_or_order_count_reduced,pass,,,,latest_l2_received_before_or_at_candidate,latest_l2_exchange_time_equal_candidate,event_driven_current_l2_plus_rolling_public_trades_proxy_not_exact_queue_or_fill_probability
969,trades,1784017574195,1784017574424661849,0.229957,buy,62610,62610,62611,1,0.005,10.93286,32,2186.572,4,0.05781,0,0.05781,10.93786,0.005285311752024619075395004142,touched_quote_without_depletion,,0.005,False,missing_same_side_strict_through_support,111,59495,0,20,same_touch_stable_enough,real_bbo_history_touch_stability,10244,1784017563951,14.00479,10.93286,-3.07193,43,32,-11,reset_supported,same_touch_top_qty_or_order_count_reduced,pass,,,,latest_l2_received_before_or_at_candidate,latest_l2_exchange_time_equal_candidate,event_driven_current_l2_plus_rolling_public_trades_proxy_not_exact_queue_or_fill_probability
970,l2Book,1784017574731,1784017574958668887,0.228216,buy,62610,62610,62611,1,0.005,9.73331,31,1946.662,3,0.00913,0,0.00913,9.73831,0.0009375343360398262121456392331,touched_quote_without_depletion,,0.00228,False,missing_same_side_strict_through_support,111,59425,0,21,same_touch_stable_enough,real_bbo_history_touch_stability,10780,1784017563951,14.00479,9.73331,-4.27148,43,31,-12,reset_supported,same_touch_top_qty_or_order_count_reduced,pass,,,,latest_l2_received_before_or_at_candidate,latest_l2_exchange_time_equal_candidate,event_driven_current_l2_plus_rolling_public_trades_proxy_not_exact_queue_or_fill_probability
971,trades,1784017575006,1784017575316748890,0.311239,buy,62610,62610,62611,1,0.005,9.73331,31,1946.662,4,0.00913,0,0.00913,9.73831,0.0009375343360398262121456392331,touched_quote_without_depletion,,0.00228,False,missing_same_side_strict_through_support,111,59425,275,21,same_touch_stable_enough,real_bbo_history_touch_stability,11055,1784017563951,14.00479,9.73331,-4.27148,43,31,-12,reset_supported,same_touch_top_qty_or_order_count_reduced,pass,,,,latest_l2_received_before_or_at_candidate,latest_l2_exchange_time_before_candidate,event_driven_current_l2_plus_rolling_public_trades_proxy_not_exact_queue_or_fill_probability
972,l2Book,1784017575271,1784017575537206711,0.266692,buy,62610,62610,62612,2,0.005,28.88143,79,5776.286,4,0.00913,0,0.00913,28.88643,0.0003160653635634448424398584387,touched_quote_without_depletion,,0.00228,False,missing_same_side_strict_through_support;missing_touch_freshness_or_queue_reset_evidence,112,59965,0,1,same_touch_seen_but_not_stable,real_bbo_history_insufficient,0,1784017575271,,28.88143,,,79,,missing,no_prior_same_touch_bbo,block,no_prior_same_touch_bbo,same_touch_seen_but_not_stable,no_prior_same_touch_bbo,latest_l2_received_before_or_at_candidate,latest_l2_exchange_time_equal_candidate,event_driven_current_l2_plus_rolling_public_trades_proxy_not_exact_queue_or_fill_probability
973,trades,1784017575336,1784017575579936509,0.244415,buy,62610,62610,62612,2,0.005,28.88143,79,5776.286,6,0.00913,0,0.00913,28.88643,0.0003160653635634448424398584387,touched_quote_without_depletion,,0.00228,False,missing_same_side_strict_through_support;missing_touch_freshness_or_queue_reset_evidence,111,59431,65,1,same_touch_seen_but_not_stable,real_bbo_history_insufficient,65,1784017575271,,28.88143,,,79,,missing,no_prior_same_touch_bbo,block,no_prior_same_touch_bbo,same_touch_seen_but_not_stable,no_prior_same_touch_bbo,latest_l2_received_before_or_at_candidate,latest_l2_exchange_time_before_candidate,event_driven_current_l2_plus_rolling_public_trades_proxy_not_exact_queue_or_fill_probability
974,trades,1784017575624,1784017575853183540,0.229662,buy,62610,62610,62612,2,0.005,28.88143,79,5776.286,10,0.00913,0,0.00913,28.88643,0.0003160653635634448424398584387,touched_quote_without_depletion,,0.00228,False,missing_same_side_strict_through_support,111,59431,353,1,same_touch_stable_enough,real_bbo_history_touch_stability,353,1784017575271,,28.88143,,,79,,missing,no_prior_same_touch_bbo,pass,,,no_prior_same_touch_bbo,latest_l2_received_before_or_at_candidate,latest_l2_exchange_time_before_candidate,event_driven_current_l2_plus_rolling_public_trades_proxy_not_exact_queue_or_fill_probability
975,l2Book,1784017575823,1784017576076698909,0.254174,buy,62617,62617,62618,1,0.005,14.34677,171,2869.354,10,0,0.00913,0.00913,14.35177,0.0006361584668650626368733612648,strict_trade_through_seen_but_visible_top_not_depleted,,0.00228,False,missing_touch_freshness_or_queue_reset_evidence,112,59983,0,1,same_touch_seen_but_not_stable,real_bbo_history_insufficient,0,1784017575823,,14.34677,,,171,,missing,no_prior_same_touch_bbo,block,no_prior_same_touch_bbo,same_touch_seen_but_not_stable,no_prior_same_touch_bbo,latest_l2_received_before_or_at_candidate,latest_l2_exchange_time_equal_candidate,event_driven_current_l2_plus_rolling_public_trades_proxy_not_exact_queue_or_fill_probability
976,trades,1784017575896,1784017576132373757,0.236848,buy,62617,62617,62618,1,0.005,14.34677,171,2869.354,14,0,0.00913,0.00913,14.35177,0.0006361584668650626368733612648,strict_trade_through_seen_but_visible_top_not_depleted,,0.00228,False,missing_touch_freshness_or_queue_reset_evidence,111,59424,73,1,same_touch_seen_but_not_stable,real_bbo_history_insufficient,73,1784017575823,,14.34677,,,171,,missing,no_prior_same_touch_bbo,block,no_prior_same_touch_bbo,same_touch_seen_but_not_stable,no_prior_same_touch_bbo,latest_l2_received_before_or_at_candidate,latest_l2_exchange_time_before_candidate,event_driven_current_l2_plus_rolling_public_trades_proxy_not_exact_queue_or_fill_probability
977,l2Book,1784017576437,1784017576677866751,0.241338,buy,62619,62619,62620,1,0.005,27.86934,120,5573.868,13,0,0,0,27.87434,0,not_depleted,,0.0,False,missing_same_side_strict_through_support;missing_touch_freshness_or_queue_reset_evidence;missing_recent_same_side_at_or_through_throughput,111,59521,0,1,same_touch_seen_but_not_stable,real_bbo_history_insufficient,0,1784017576437,,27.86934,,,120,,missing,no_prior_same_touch_bbo,block,no_prior_same_touch_bbo,same_touch_seen_but_not_stable,no_prior_same_touch_bbo,latest_l2_received_before_or_at_candidate,latest_l2_exchange_time_equal_candidate,event_driven_current_l2_plus_rolling_public_trades_proxy_not_exact_queue_or_fill_probability
978,l2Book,1784017577106,1784017577326211066,0.220655,buy,62619,62619,62620,1,0.005,32.09353,125,6418.706,13,0,0,0,32.09853,0,not_depleted,,0.0,False,missing_same_side_strict_through_support;missing_recent_same_side_at_or_through_throughput,111,59681,0,2,same_touch_stable_enough,real_bbo_history_touch_stability,669,1784017576437,27.86934,32.09353,4.22419,120,125,5,not_reset,history_present_no_reset,pass,,,history_present_no_reset,latest_l2_received_before_or_at_candidate,latest_l2_exchange_time_equal_candidate,event_driven_current_l2_plus_rolling_public_trades_proxy_not_exact_queue_or_fill_probability
979,trades,1784017577041,1784017577326833407,0.286165,buy,62619,62619,62620,1,0.005,32.09353,125,6418.706,14,0.00019,0,0.00019,32.09853,0.000005919274184830271043564923378,touched_quote_without_depletion,,4e-05,False,missing_same_side_strict_through_support,111,59681,-65,2,same_touch_stable_enough,real_bbo_history_touch_stability,604,1784017576437,27.86934,32.09353,4.22419,120,125,5,not_reset,history_present_no_reset,pass,,,history_present_no_reset,latest_l2_received_before_or_at_candidate,latest_l2_exchange_time_after_candidate_visible_by_local_receive,event_driven_current_l2_plus_rolling_public_trades_proxy_not_exact_queue_or_fill_probability
980,trades,1784017577106,1784017577357054064,0.25156,buy,62619,62619,62620,1,0.005,32.09353,125,6418.706,15,0.00019,0,0.00019,32.09853,0.000005919274184830271043564923378,touched_quote_without_depletion,,4e-05,False,missing_same_side_strict_through_support,111,59681,0,2,same_touch_stable_enough,real_bbo_history_touch_stability,669,1784017576437,27.86934,32.09353,4.22419,120,125,5,not_reset,history_present_no_reset,pass,,,history_present_no_reset,latest_l2_received_before_or_at_candidate,latest_l2_exchange_time_equal_candidate,event_driven_current_l2_plus_rolling_public_trades_proxy_not_exact_queue_or_fill_probability
981,l2Book,1784017577643,1784017577942123375,0.299602,buy,62619,62619,62620,1,0.005,33.00444,126,6600.888,14,0.00019,0,0.00019,33.00944,0.000005755929212976651527563024395,touched_quote_without_depletion,,4e-05,False,missing_same_side_strict_through_support,111,59666,0,3,same_touch_stable_enough,real_bbo_history_touch_stability,1206,1784017576437,32.09353,33.00444,0.91091,125,126,1,not_reset,history_present_no_reset,pass,,,history_present_no_reset,latest_l2_received_before_or_at_candidate,latest_l2_exchange_time_equal_candidate,event_driven_current_l2_plus_rolling_public_trades_proxy_not_exact_queue_or_fill_probability
982,l2Book,1784017578177,1784017578443854152,0.267393,buy,62619,62619,62620,1,0.005,34.74631,92,6949.262,13,0.00019,0,0.00019,34.75131,0.000005467419789354703462977366896,touched_quote_without_depletion,,4e-05,False,missing_same_side_strict_through_support,111,59653,0,4,same_touch_stable_enough,real_bbo_history_touch_stability,1740,1784017576437,33.00444,34.74631,1.74187,126,92,-34,reset_supported,same_touch_top_qty_or_order_count_reduced,pass,,,,latest_l2_received_before_or_at_candidate,latest_l2_exchange_time_equal_candidate,event_driven_current_l2_plus_rolling_public_trades_proxy_not_exact_queue_or_fill_probability
983,trades,1784017578177,1784017578444667890,0.267965,buy,62619,62619,62620,1,0.005,34.74631,92,6949.262,17,0.0951,0,0.0951,34.75131,0.002736587484040169996469197852,touched_quote_without_depletion,,0.005,False,missing_same_side_strict_through_support,111,59653,0,4,same_touch_stable_enough,real_bbo_history_touch_stability,1740,1784017576437,33.00444,34.74631,1.74187,126,92,-34,reset_supported,same_touch_top_qty_or_order_count_reduced,pass,,,,latest_l2_received_before_or_at_candidate,latest_l2_exchange_time_equal_candidate,event_driven_current_l2_plus_rolling_public_trades_proxy_not_exact_queue_or_fill_probability
984,trades,1784017578329,1784017578535098159,0.20661,buy,62619,62619,62620,1,0.005,34.74631,92,6949.262,24,0.0951,0,0.0951,34.75131,0.002736587484040169996469197852,touched_quote_without_depletion,,0.005,False,missing_same_side_strict_through_support,111,59653,152,4,same_touch_stable_enough,real_bbo_history_touch_stability,1892,1784017576437,33.00444,34.74631,1.74187,126,92,-34,reset_supported,same_touch_top_qty_or_order_count_reduced,pass,,,,latest_l2_received_before_or_at_candidate,latest_l2_exchange_time_before_candidate,event_driven_current_l2_plus_rolling_public_trades_proxy_not_exact_queue_or_fill_probability
985,l2Book,1784017578747,1784017578984160350,0.237675,buy,62626,62626,62627,1,0.005,13.55655,36,2711.31,17,0,0.0951,0.0951,13.56155,0.00701247276306911820551485634,strict_trade_through_seen_but_visible_top_not_depleted,,0.005,False,missing_touch_freshness_or_queue_reset_evidence,111,59671,0,1,same_touch_seen_but_not_stable,real_bbo_history_insufficient,0,1784017578747,,13.55655,,,36,,missing,no_prior_same_touch_bbo,block,no_prior_same_touch_bbo,same_touch_seen_but_not_stable,no_prior_same_touch_bbo,latest_l2_received_before_or_at_candidate,latest_l2_exchange_time_equal_candidate,event_driven_current_l2_plus_rolling_public_trades_proxy_not_exact_queue_or_fill_probability
986,l2Book,1784017579267,1784017579496532353,0.229989,buy,62626,62626,62627,1,0.005,15.62136,34,3124.272,13,0,0.0951,0.0951,15.62636,0.006085870285850319588183044548,strict_trade_through_seen_but_visible_top_not_depleted,,0.002,False,outside_quality_a_b_queue_bands,111,59659,0,2,same_touch_stable_enough,real_bbo_history_touch_stability,520,1784017578747,13.55655,15.62136,2.06481,36,34,-2,reset_supported,same_touch_top_qty_or_order_count_reduced,pass,,,,latest_l2_received_before_or_at_candidate,latest_l2_exchange_time_equal_candidate,event_driven_current_l2_plus_rolling_public_trades_proxy_not_exact_queue_or_fill_probability
987,l2Book,1784017579825,1784017580051924683,0.227394,buy,62626,62626,62627,1,0.005,26.23658,73,5247.316,13,0,0.0951,0.0951,26.24158,0.003624019590283816751887653106,strict_trade_through_seen_but_visible_top_not_depleted,,0.002,False,outside_quality_a_b_queue_bands,111,59693,0,3,same_touch_stable_enough,real_bbo_history_touch_stability,1078,1784017578747,15.62136,26.23658,10.61522,36,73,37,not_reset,history_present_no_reset,pass,,,history_present_no_reset,latest_l2_received_before_or_at_candidate,latest_l2_exchange_time_equal_candidate,event_driven_current_l2_plus_rolling_public_trades_proxy_not_exact_queue_or_fill_probability
988,l2Book,1784017580359,1784017580575264527,0.216769,buy,62626,62626,62627,1,0.005,30.79451,79,6158.902,11,0,0.09491,0.09491,30.79951,0.003081542531033772939894173641,strict_trade_through_seen_but_visible_top_not_depleted,,0.002,False,outside_quality_a_b_queue_bands,111,59687,0,4,same_touch_stable_enough,real_bbo_history_touch_stability,1612,1784017578747,26.23658,30.79451,4.55793,73,79,6,not_reset,history_present_no_reset,pass,,,history_present_no_reset,latest_l2_received_before_or_at_candidate,latest_l2_exchange_time_equal_candidate,event_driven_current_l2_plus_rolling_public_trades_proxy_not_exact_queue_or_fill_probability
989,trades,1784017580579,1784017580764424069,0.185944,buy,62626,62626,62627,1,0.005,30.79451,79,6158.902,12,0,0.09491,0.09491,30.79951,0.003081542531033772939894173641,strict_trade_through_seen_but_visible_top_not_depleted,,0.002,False,outside_quality_a_b_queue_bands,111,59687,220,4,same_touch_stable_enough,real_bbo_history_touch_stability,1832,1784017578747,26.23658,30.79451,4.55793,73,79,6,not_reset,history_present_no_reset,pass,,,history_present_no_reset,latest_l2_received_before_or_at_candidate,latest_l2_exchange_time_before_candidate,event_driven_current_l2_plus_rolling_public_trades_proxy_not_exact_queue_or_fill_probability
990,l2Book,1784017580904,1784017581137719210,0.234208,buy,62626,62626,62627,1,0.005,32.16407,82,6432.814,12,0,0.09491,0.09491,32.16907,0.002950349512746249736159609215,strict_trade_through_seen_but_visible_top_not_depleted,,0.002,False,outside_quality_a_b_queue_bands,111,59702,0,5,same_touch_stable_enough,real_bbo_history_touch_stability,2157,1784017578747,30.79451,32.16407,1.36956,79,82,3,not_reset,history_present_no_reset,pass,,,history_present_no_reset,latest_l2_received_before_or_at_candidate,latest_l2_exchange_time_equal_candidate,event_driven_current_l2_plus_rolling_public_trades_proxy_not_exact_queue_or_fill_probability
991,trades,1784017581374,1784017581613504405,0.240015,buy,62626,62626,62627,1,0.005,32.16407,82,6432.814,3,0.00132,0,0.00132,32.16907,0.00004103320363317932411474748881,touched_quote_without_depletion,,0.00033,False,missing_same_side_strict_through_support,110,59200,470,5,same_touch_stable_enough,real_bbo_history_touch_stability,2627,1784017578747,30.79451,32.16407,1.36956,79,82,3,not_reset,history_present_no_reset,pass,,,history_present_no_reset,latest_l2_received_before_or_at_candidate,latest_l2_exchange_time_before_candidate,event_driven_current_l2_plus_rolling_public_trades_proxy_not_exact_queue_or_fill_probability
992,l2Book,1784017581468,1784017581703945779,0.236451,buy,62626,62626,62627,1,0.005,7.83596,23,1567.192,3,0.00132,0,0.00132,7.84096,0.0001683467330530955393217157083,touched_quote_without_depletion,,0.00033,False,missing_same_side_strict_through_support,111,59764,0,6,same_touch_stable_enough,real_bbo_history_touch_stability,2721,1784017578747,32.16407,7.83596,-24.32811,82,23,-59,reset_supported,same_touch_top_qty_or_order_count_reduced,pass,,,,latest_l2_received_before_or_at_candidate,latest_l2_exchange_time_equal_candidate,event_driven_current_l2_plus_rolling_public_trades_proxy_not_exact_queue_or_fill_probability
993,l2Book,1784017581999,1784017582223093074,0.224631,buy,62626,62626,62627,1,0.005,8.17297,25,1634.594,3,0.00132,0,0.00132,8.17797,0.000161409249483673821253929765,touched_quote_without_depletion,,0.00033,False,missing_same_side_strict_through_support,111,59753,0,7,same_touch_stable_enough,real_bbo_history_touch_stability,3252,1784017578747,32.16407,8.17297,-23.9911,82,25,-57,reset_supported,same_touch_top_qty_or_order_count_reduced,pass,,,,latest_l2_received_before_or_at_candidate,latest_l2_exchange_time_equal_candidate,event_driven_current_l2_plus_rolling_public_trades_proxy_not_exact_queue_or_fill_probability
994,l2Book,1784017582536,1784017582891918777,0.35644,buy,62626,62626,62627,1,0.005,8.17114,23,1634.228,3,0.00132,0,0.00132,8.17614,0.0001614453764245719862918198563,touched_quote_without_depletion,,0.00033,False,missing_same_side_strict_through_support,111,59750,0,8,same_touch_stable_enough,real_bbo_history_touch_stability,3789,1784017578747,32.16407,8.17114,-23.99293,82,23,-59,reset_supported,same_touch_top_qty_or_order_count_reduced,pass,,,,latest_l2_received_before_or_at_candidate,latest_l2_exchange_time_equal_candidate,event_driven_current_l2_plus_rolling_public_trades_proxy_not_exact_queue_or_fill_probability
995,l2Book,1784017583080,1784017583316573242,0.23712,buy,62626,62626,62627,1,0.005,5.52183,23,1104.366,3,0.00132,0,0.00132,5.52683,0.0002388349198365066412391913629,touched_quote_without_depletion,,0.00033,False,missing_same_side_strict_through_support,111,59757,0,9,same_touch_stable_enough,real_bbo_history_touch_stability,4333,1784017578747,32.16407,5.52183,-26.64224,82,23,-59,reset_supported,same_touch_top_qty_or_order_count_reduced,pass,,,,latest_l2_received_before_or_at_candidate,latest_l2_exchange_time_equal_candidate,event_driven_current_l2_plus_rolling_public_trades_proxy_not_exact_queue_or_fill_probability
996,l2Book,1784017583614,1784017583843711064,0.230206,buy,62626,62626,62627,1,0.005,2.75659,10,551.318,2,0.00132,0,0.00132,2.76159,0.0004779855083484514355860210965,touched_quote_without_depletion,,0.00033,False,missing_same_side_strict_through_support,111,59770,0,10,same_touch_stable_enough,real_bbo_history_touch_stability,4867,1784017578747,32.16407,2.75659,-29.40748,82,10,-72,reset_supported,same_touch_top_qty_or_order_count_reduced,pass,,,,latest_l2_received_before_or_at_candidate,latest_l2_exchange_time_equal_candidate,event_driven_current_l2_plus_rolling_public_trades_proxy_not_exact_queue_or_fill_probability
997,trades,1784017583852,1784017584084029531,0.232509,buy,62626,62626,62627,1,0.005,2.75659,10,551.318,3,0.00132,0,0.00132,2.76159,0.0004779855083484514355860210965,touched_quote_without_depletion,,0.00033,False,missing_same_side_strict_through_support,110,59203,238,10,same_touch_stable_enough,real_bbo_history_touch_stability,5105,1784017578747,32.16407,2.75659,-29.40748,82,10,-72,reset_supported,same_touch_top_qty_or_order_count_reduced,pass,,,,latest_l2_received_before_or_at_candidate,latest_l2_exchange_time_before_candidate,event_driven_current_l2_plus_rolling_public_trades_proxy_not_exact_queue_or_fill_probability
998,l2Book,1784017584139,1784017584366402653,0.227878,buy,62626,62626,62627,1,0.005,21.70672,51,4341.344,3,0.00132,0,0.00132,21.71172,0.00006079665728924286053799514732,touched_quote_without_depletion,,0.00033,False,missing_same_side_strict_through_support,111,59728,0,11,same_touch_stable_enough,real_bbo_history_touch_stability,5392,1784017578747,32.16407,21.70672,-10.45735,82,51,-31,reset_supported,same_touch_top_qty_or_order_count_reduced,pass,,,,latest_l2_received_before_or_at_candidate,latest_l2_exchange_time_equal_candidate,event_driven_current_l2_plus_rolling_public_trades_proxy_not_exact_queue_or_fill_probability
999,l2Book,1784017584688,1784017584918122894,0.230625,buy,62628,62628,62629,1,0.005,43.85002,331,8770.004,1,0,0,0,43.85502,0,not_depleted,,0.0,False,missing_same_side_strict_through_support;missing_touch_freshness_or_queue_reset_evidence;missing_recent_same_side_at_or_through_throughput,111,59744,0,1,same_touch_seen_but_not_stable,real_bbo_history_insufficient,0,1784017584688,,43.85002,,,331,,missing,no_prior_same_touch_bbo,block,no_prior_same_touch_bbo,same_touch_seen_but_not_stable,no_prior_same_touch_bbo,latest_l2_received_before_or_at_candidate,latest_l2_exchange_time_equal_candidate,event_driven_current_l2_plus_rolling_public_trades_proxy_not_exact_queue_or_fill_probability
1000,trades,1784017585023,1784017585291336065,0.268836,buy,62628,62628,62629,1,0.005,43.85002,331,8770.004,2,0,0,0,43.85502,0,not_depleted,,0.0,False,missing_same_side_strict_through_support;missing_recent_same_side_at_or_through_throughput,110,59198,335,1,same_touch_stable_enough,real_bbo_history_touch_stability,335,1784017584688,,43.85002,,,331,,missing,no_prior_same_touch_bbo,pass,,,no_prior_same_touch_bbo,latest_l2_received_before_or_at_candidate,latest_l2_exchange_time_before_candidate,event_driven_current_l2_plus_rolling_public_trades_proxy_not_exact_queue_or_fill_probability
1001,l2Book,1784017585224,1784017585462605775,0.239105,buy,62628,62628,62629,1,0.005,53.69416,97,10738.832,2,0,0,0,53.69916,0,not_depleted,,0.0,False,missing_same_side_strict_through_support;missing_recent_same_side_at_or_through_throughput,111,59734,0,2,same_touch_stable_enough,real_bbo_history_touch_stability,536,1784017584688,43.85002,53.69416,9.84414,331,97,-234,reset_supported,same_touch_top_qty_or_order_count_reduced,pass,,,,latest_l2_received_before_or_at_candidate,latest_l2_exchange_time_equal_candidate,event_driven_current_l2_plus_rolling_public_trades_proxy_not_exact_queue_or_fill_probability
1002,l2Book,1784017585756,1784017585969963827,0.214461,buy,62628,62628,62629,1,0.005,49.78193,90,9956.386,2,0,0,0,49.78693,0,not_depleted,,0.0,False,missing_same_side_strict_through_support;missing_recent_same_side_at_or_through_throughput,111,59730,0,3,same_touch_stable_enough,real_bbo_history_touch_stability,1068,1784017584688,53.69416,49.78193,-3.91223,331,90,-241,reset_supported,same_touch_top_qty_or_order_count_reduced,pass,,,,latest_l2_received_before_or_at_candidate,latest_l2_exchange_time_equal_candidate,event_driven_current_l2_plus_rolling_public_trades_proxy_not_exact_queue_or_fill_probability
1003,l2Book,1784017586294,1784017586528283224,0.234777,buy,62628,62628,62629,1,0.005,49.73556,85,9947.112,2,0,0,0,49.74056,0,not_depleted,,0.0,False,missing_same_side_strict_through_support;missing_recent_same_side_at_or_through_throughput,111,59732,0,4,same_touch_stable_enough,real_bbo_history_touch_stability,1606,1784017584688,53.69416,49.73556,-3.9586,331,85,-246,reset_supported,same_touch_top_qty_or_order_count_reduced,pass,,,,latest_l2_received_before_or_at_candidate,latest_l2_exchange_time_equal_candidate,event_driven_current_l2_plus_rolling_public_trades_proxy_not_exact_queue_or_fill_probability
1004,trades,1784017586765,1784017586948777664,0.184262,buy,62628,62628,62629,1,0.005,49.73556,85,9947.112,8,0,0,0,49.74056,0,not_depleted,,0.0,False,missing_same_side_strict_through_support;missing_recent_same_side_at_or_through_throughput,110,59195,471,4,same_touch_stable_enough,real_bbo_history_touch_stability,2077,1784017584688,53.69416,49.73556,-3.9586,331,85,-246,reset_supported,same_touch_top_qty_or_order_count_reduced,pass,,,,latest_l2_received_before_or_at_candidate,latest_l2_exchange_time_before_candidate,event_driven_current_l2_plus_rolling_public_trades_proxy_not_exact_queue_or_fill_probability
1005,l2Book,1784017586833,1784017587066192565,0.233682,buy,62634,62634,62635,1,0.005,6.45998,12,1291.996,8,0,0,0,6.46498,0,not_depleted,,0.0,False,missing_same_side_strict_through_support;missing_touch_freshness_or_queue_reset_evidence;missing_recent_same_side_at_or_through_throughput,111,59734,0,1,same_touch_seen_but_not_stable,real_bbo_history_insufficient,0,1784017586833,,6.45998,,,12,,missing,no_prior_same_touch_bbo,block,no_prior_same_touch_bbo,same_touch_seen_but_not_stable,no_prior_same_touch_bbo,latest_l2_received_before_or_at_candidate,latest_l2_exchange_time_equal_candidate,event_driven_current_l2_plus_rolling_public_trades_proxy_not_exact_queue_or_fill_probability
1006,trades,1784017587031,1784017587278128648,0.247585,buy,62634,62634,62635,1,0.005,6.45998,12,1291.996,8,0,0,0,6.46498,0,not_depleted,,0.0,False,missing_same_side_strict_through_support;missing_touch_freshness_or_queue_reset_evidence;missing_recent_same_side_at_or_through_throughput,111,59734,198,1,same_touch_seen_but_not_stable,real_bbo_history_insufficient,198,1784017586833,,6.45998,,,12,,missing,no_prior_same_touch_bbo,block,no_prior_same_touch_bbo,same_touch_seen_but_not_stable,no_prior_same_touch_bbo,latest_l2_received_before_or_at_candidate,latest_l2_exchange_time_before_candidate,event_driven_current_l2_plus_rolling_public_trades_proxy_not_exact_queue_or_fill_probability
1007,l2Book,1784017587377,1784017587596188911,0.219714,buy,62634,62634,62635,1,0.005,13.79172,32,2758.344,8,0,0,0,13.79672,0,not_depleted,,0.0,False,missing_same_side_strict_through_support;missing_recent_same_side_at_or_through_throughput,111,59733,0,2,same_touch_stable_enough,real_bbo_history_touch_stability,544,1784017586833,6.45998,13.79172,7.33174,12,32,20,not_reset,history_present_no_reset,pass,,,history_present_no_reset,latest_l2_received_before_or_at_candidate,latest_l2_exchange_time_equal_candidate,event_driven_current_l2_plus_rolling_public_trades_proxy_not_exact_queue_or_fill_probability
1008,l2Book,1784017587896,1784017588143973944,0.248454,buy,62634,62634,62635,1,0.005,14.87137,37,2974.274,8,0,0,0,14.87637,0,not_depleted,,0.0,False,missing_same_side_strict_through_support;missing_recent_same_side_at_or_through_throughput,111,59718,0,3,same_touch_stable_enough,real_bbo_history_touch_stability,1063,1784017586833,13.79172,14.87137,1.07965,32,37,5,not_reset,history_present_no_reset,pass,,,history_present_no_reset,latest_l2_received_before_or_at_candidate,latest_l2_exchange_time_equal_candidate,event_driven_current_l2_plus_rolling_public_trades_proxy_not_exact_queue_or_fill_probability
1009,trades,1784017588186,1784017588381452996,0.195972,buy,62634,62634,62635,1,0.005,14.87137,37,2974.274,8,0.00447,0,0.00447,14.87637,0.0003004765275399845526832150585,touched_quote_without_depletion,,0.00111,False,missing_same_side_strict_through_support,110,59175,290,3,same_touch_stable_enough,real_bbo_history_touch_stability,1353,1784017586833,13.79172,14.87137,1.07965,32,37,5,not_reset,history_present_no_reset,pass,,,history_present_no_reset,latest_l2_received_before_or_at_candidate,latest_l2_exchange_time_before_candidate,event_driven_current_l2_plus_rolling_public_trades_proxy_not_exact_queue_or_fill_probability
1010,l2Book,1784017588443,1784017588688439184,0.245894,buy,62634,62634,62635,1,0.005,14.70155,32,2940.31,8,0.00447,0,0.00447,14.70655,0.0003039462008424817513284896866,touched_quote_without_depletion,,0.00111,False,missing_same_side_strict_through_support,111,59722,0,4,same_touch_stable_enough,real_bbo_history_touch_stability,1610,1784017586833,14.87137,14.70155,-0.16982,37,32,-5,reset_supported,same_touch_top_qty_or_order_count_reduced,pass,,,,latest_l2_received_before_or_at_candidate,latest_l2_exchange_time_equal_candidate,event_driven_current_l2_plus_rolling_public_trades_proxy_not_exact_queue_or_fill_probability
1011,trades,1784017588845,1784017589062546453,0.218026,buy,62634,62634,62635,1,0.005,14.70155,32,2940.31,10,0.01247,0,0.01247,14.70655,0.0008479215043637018879342877833,touched_quote_without_depletion,,0.00311,False,missing_same_side_strict_through_support,110,59186,402,4,same_touch_stable_enough,real_bbo_history_touch_stability,2012,1784017586833,14.87137,14.70155,-0.16982,37,32,-5,reset_supported,same_touch_top_qty_or_order_count_reduced,pass,,,,latest_l2_received_before_or_at_candidate,latest_l2_exchange_time_before_candidate,event_driven_current_l2_plus_rolling_public_trades_proxy_not_exact_queue_or_fill_probability
1012,l2Book,1784017588996,1784017589225697804,0.230174,buy,62634,62634,62635,1,0.005,14.54202,33,2908.404,10,0.01247,0,0.01247,14.54702,0.0008572202416714901058773549497,touched_quote_without_depletion,,0.00311,False,missing_same_side_strict_through_support,111,59739,0,5,same_touch_stable_enough,real_bbo_history_touch_stability,2163,1784017586833,14.87137,14.54202,-0.32935,37,33,-4,reset_supported,same_touch_top_qty_or_order_count_reduced,pass,,,,latest_l2_received_before_or_at_candidate,latest_l2_exchange_time_equal_candidate,event_driven_current_l2_plus_rolling_public_trades_proxy_not_exact_queue_or_fill_probability
1013,trades,1784017589061,1784017589293743772,0.233234,buy,62634,62634,62635,1,0.005,14.54202,33,2908.404,13,0.01247,0,0.01247,14.54702,0.0008572202416714901058773549497,touched_quote_without_depletion,,0.00311,False,missing_same_side_strict_through_support,111,59739,65,5,same_touch_stable_enough,real_bbo_history_touch_stability,2228,1784017586833,14.87137,14.54202,-0.32935,37,33,-4,reset_supported,same_touch_top_qty_or_order_count_reduced,pass,,,,latest_l2_received_before_or_at_candidate,latest_l2_exchange_time_before_candidate,event_driven_current_l2_plus_rolling_public_trades_proxy_not_exact_queue_or_fill_probability
1014,l2Book,1784017589526,1784017589741867321,0.216366,buy,62634,62634,62635,1,0.005,9.01295,26,1802.59,13,0.01247,0,0.01247,9.01795,0.001382797642479721000892664076,touched_quote_without_depletion,,0.00311,False,missing_same_side_strict_through_support,111,59741,0,6,same_touch_stable_enough,real_bbo_history_touch_stability,2693,1784017586833,14.87137,9.01295,-5.85842,37,26,-11,reset_supported,same_touch_top_qty_or_order_count_reduced,pass,,,,latest_l2_received_before_or_at_candidate,latest_l2_exchange_time_equal_candidate,event_driven_current_l2_plus_rolling_public_trades_proxy_not_exact_queue_or_fill_probability
1015,l2Book,1784017590076,1784017590294609398,0.219099,buy,62634,62634,62635,1,0.005,8.35286,29,1670.572,6,0.01247,0,0.01247,8.35786,0.001492008719935485877963976425,touched_quote_without_depletion,,0.00311,False,missing_same_side_strict_through_support,111,59765,0,7,same_touch_stable_enough,real_bbo_history_touch_stability,3243,1784017586833,14.87137,8.35286,-6.51851,37,29,-8,reset_supported,same_touch_top_qty_or_order_count_reduced,pass,,,,latest_l2_received_before_or_at_candidate,latest_l2_exchange_time_equal_candidate,event_driven_current_l2_plus_rolling_public_trades_proxy_not_exact_queue_or_fill_probability
1016,l2Book,1784017590615,1784017590846719192,0.232226,buy,62634,62634,62635,1,0.005,8.35286,29,1670.572,6,0.01247,0,0.01247,8.35786,0.001492008719935485877963976425,touched_quote_without_depletion,,0.00311,False,missing_same_side_strict_through_support,111,59803,0,8,same_touch_stable_enough,real_bbo_history_touch_stability,3782,1784017586833,14.87137,8.35286,-6.51851,37,29,-8,reset_supported,same_touch_top_qty_or_order_count_reduced,pass,,,,latest_l2_received_before_or_at_candidate,latest_l2_exchange_time_equal_candidate,event_driven_current_l2_plus_rolling_public_trades_proxy_not_exact_queue_or_fill_probability
1017,l2Book,1784017591155,1784017591363712317,0.2092,buy,62634,62634,62635,1,0.005,7.50418,22,1500.836,6,0.01247,0,0.01247,7.50918,0.001660634050588746041511856155,touched_quote_without_depletion,,0.00311,False,missing_same_side_strict_through_support,111,59803,0,9,same_touch_stable_enough,real_bbo_history_touch_stability,4322,1784017586833,14.87137,7.50418,-7.36719,37,22,-15,reset_supported,same_touch_top_qty_or_order_count_reduced,pass,,,,latest_l2_received_before_or_at_candidate,latest_l2_exchange_time_equal_candidate,event_driven_current_l2_plus_rolling_public_trades_proxy_not_exact_queue_or_fill_probability
1018,l2Book,1784017591696,1784017591932190691,0.236724,buy,62634,62634,62635,1,0.005,7.50418,22,1500.836,5,0.008,0,0.008,7.50918,0.001065362662767439320937838752,touched_quote_without_depletion,,0.002,False,missing_same_side_strict_through_support,111,59806,0,10,same_touch_stable_enough,real_bbo_history_touch_stability,4863,1784017586833,14.87137,7.50418,-7.36719,37,22,-15,reset_supported,same_touch_top_qty_or_order_count_reduced,pass,,,,latest_l2_received_before_or_at_candidate,latest_l2_exchange_time_equal_candidate,event_driven_current_l2_plus_rolling_public_trades_proxy_not_exact_queue_or_fill_probability
1019,trades,1784017592032,1784017592252082909,0.220567,buy,62634,62634,62635,1,0.005,7.50418,22,1500.836,5,0.00144,0,0.00144,7.50918,0.0001917652792981390777688109754,touched_quote_without_depletion,,0.00036,False,missing_same_side_strict_through_support,110,59267,336,10,same_touch_stable_enough,real_bbo_history_touch_stability,5199,1784017586833,14.87137,7.50418,-7.36719,37,22,-15,reset_supported,same_touch_top_qty_or_order_count_reduced,pass,,,,latest_l2_received_before_or_at_candidate,latest_l2_exchange_time_before_candidate,event_driven_current_l2_plus_rolling_public_trades_proxy_not_exact_queue_or_fill_probability
1020,l2Book,1784017592233,1784017592468844828,0.236356,buy,62634,62634,62635,1,0.005,7.52868,25,1505.736,2,0.00144,0,0.00144,7.53368,0.0001911416465790954752524662582,touched_quote_without_depletion,,0.00036,False,missing_same_side_strict_through_support,111,59804,0,11,same_touch_stable_enough,real_bbo_history_touch_stability,5400,1784017586833,14.87137,7.52868,-7.34269,37,25,-12,reset_supported,same_touch_top_qty_or_order_count_reduced,pass,,,,latest_l2_received_before_or_at_candidate,latest_l2_exchange_time_equal_candidate,event_driven_current_l2_plus_rolling_public_trades_proxy_not_exact_queue_or_fill_probability
1021,l2Book,1784017592771,1784017593091408391,0.32093,buy,62634,62634,62635,1,0.005,11.9248,30,2384.96,2,0.00144,0,0.00144,11.9298,0.0001207061308655635467484785998,touched_quote_without_depletion,,0.00036,False,missing_same_side_strict_through_support,111,59812,0,12,same_touch_stable_enough,real_bbo_history_touch_stability,5938,1784017586833,14.87137,11.9248,-2.94657,37,30,-7,reset_supported,same_touch_top_qty_or_order_count_reduced,pass,,,,latest_l2_received_before_or_at_candidate,latest_l2_exchange_time_equal_candidate,event_driven_current_l2_plus_rolling_public_trades_proxy_not_exact_queue_or_fill_probability
1022,l2Book,1784017593308,1784017593536718099,0.229178,buy,62634,62634,62635,1,0.005,7.11219,23,1422.438,2,0.00144,0,0.00144,7.11719,0.0002023270419926965558036247452,touched_quote_without_depletion,,0.00036,False,missing_same_side_strict_through_support,111,59800,0,13,same_touch_stable_enough,real_bbo_history_touch_stability,6475,1784017586833,14.87137,7.11219,-7.75918,37,23,-14,reset_supported,same_touch_top_qty_or_order_count_reduced,pass,,,,latest_l2_received_before_or_at_candidate,latest_l2_exchange_time_equal_candidate,event_driven_current_l2_plus_rolling_public_trades_proxy_not_exact_queue_or_fill_probability
1023,l2Book,1784017593842,1784017594064342430,0.222808,buy,62634,62634,62635,1,0.005,7.11219,23,1422.438,2,0.00144,0,0.00144,7.11719,0.0002023270419926965558036247452,touched_quote_without_depletion,,0.00036,False,missing_same_side_strict_through_support,111,59803,0,14,same_touch_stable_enough,real_bbo_history_touch_stability,7009,1784017586833,14.87137,7.11219,-7.75918,37,23,-14,reset_supported,same_touch_top_qty_or_order_count_reduced,pass,,,,latest_l2_received_before_or_at_candidate,latest_l2_exchange_time_equal_candidate,event_driven_current_l2_plus_rolling_public_trades_proxy_not_exact_queue_or_fill_probability
1024,trades,1784017594109,1784017594292133046,0.18362,buy,62634,62634,62635,1,0.005,7.11219,23,1422.438,3,0.00336,0,0.00336,7.11719,0.000472096431316291963541791072,touched_quote_without_depletion,,0.00084,False,missing_same_side_strict_through_support,110,59261,267,14,same_touch_stable_enough,real_bbo_history_touch_stability,7276,1784017586833,14.87137,7.11219,-7.75918,37,23,-14,reset_supported,same_touch_top_qty_or_order_count_reduced,pass,,,,latest_l2_received_before_or_at_candidate,latest_l2_exchange_time_before_candidate,event_driven_current_l2_plus_rolling_public_trades_proxy_not_exact_queue_or_fill_probability
1025,l2Book,1784017594365,1784017594588230201,0.223714,buy,62634,62634,62635,1,0.005,7.90965,24,1581.93,3,0.00336,0,0.00336,7.91465,0.0004245291958583133808822879091,touched_quote_without_depletion,,0.00084,False,missing_same_side_strict_through_support,111,59784,0,15,same_touch_stable_enough,real_bbo_history_touch_stability,7532,1784017586833,14.87137,7.90965,-6.96172,37,24,-13,reset_supported,same_touch_top_qty_or_order_count_reduced,pass,,,,latest_l2_received_before_or_at_candidate,latest_l2_exchange_time_equal_candidate,event_driven_current_l2_plus_rolling_public_trades_proxy_not_exact_queue_or_fill_probability
1026,l2Book,1784017594870,1784017595139366572,0.269831,buy,62634,62634,62635,1,0.005,8.55834,24,1711.668,3,0.00336,0,0.00336,8.56334,0.0003923702667417152653053598246,touched_quote_without_depletion,,0.00084,False,missing_same_side_strict_through_support,111,59751,0,16,same_touch_stable_enough,real_bbo_history_touch_stability,8037,1784017586833,14.87137,8.55834,-6.31303,37,24,-13,reset_supported,same_touch_top_qty_or_order_count_reduced,pass,,,,latest_l2_received_before_or_at_candidate,latest_l2_exchange_time_equal_candidate,event_driven_current_l2_plus_rolling_public_trades_proxy_not_exact_queue_or_fill_probability
1027,l2Book,1784017595376,1784017595594456068,0.218933,buy,62634,62634,62635,1,0.005,9.35772,25,1871.544,1,0.00192,0,0.00192,9.36272,0.0002050686125399456568176769144,touched_quote_without_depletion,,0.00048,False,missing_same_side_strict_through_support,111,59723,0,17,same_touch_stable_enough,real_bbo_history_touch_stability,8543,1784017586833,14.87137,9.35772,-5.51365,37,25,-12,reset_supported,same_touch_top_qty_or_order_count_reduced,pass,,,,latest_l2_received_before_or_at_candidate,latest_l2_exchange_time_equal_candidate,event_driven_current_l2_plus_rolling_public_trades_proxy_not_exact_queue_or_fill_probability
1028,l2Book,1784017595921,1784017596136234158,0.215724,buy,62634,62634,62635,1,0.005,9.91305,27,1982.61,1,0.00192,0,0.00192,9.91805,0.0001935864408830364839862674618,touched_quote_without_depletion,,0.00048,False,missing_same_side_strict_through_support,111,59751,0,18,same_touch_stable_enough,real_bbo_history_touch_stability,9088,1784017586833,14.87137,9.91305,-4.95832,37,27,-10,reset_supported,same_touch_top_qty_or_order_count_reduced,pass,,,,latest_l2_received_before_or_at_candidate,latest_l2_exchange_time_equal_candidate,event_driven_current_l2_plus_rolling_public_trades_proxy_not_exact_queue_or_fill_probability
1029,trades,1784017596055,1784017596289030980,0.234498,buy,62634,62634,62635,1,0.005,9.91305,27,1982.61,2,0.00192,0,0.00192,9.91805,0.0001935864408830364839862674618,touched_quote_without_depletion,,0.00048,False,missing_same_side_strict_through_support,111,59751,134,18,same_touch_stable_enough,real_bbo_history_touch_stability,9222,1784017586833,14.87137,9.91305,-4.95832,37,27,-10,reset_supported,same_touch_top_qty_or_order_count_reduced,pass,,,,latest_l2_received_before_or_at_candidate,latest_l2_exchange_time_before_candidate,event_driven_current_l2_plus_rolling_public_trades_proxy_not_exact_queue_or_fill_probability
1030,l2Book,1784017596458,1784017596681439000,0.22393,buy,62634,62634,62635,1,0.005,10.19009,30,2038.018,2,0.00192,0,0.00192,10.19509,0.0001883259490597925079621661015,touched_quote_without_depletion,,0.00048,False,missing_same_side_strict_through_support,111,59731,0,19,same_touch_stable_enough,real_bbo_history_touch_stability,9625,1784017586833,14.87137,10.19009,-4.68128,37,30,-7,reset_supported,same_touch_top_qty_or_order_count_reduced,pass,,,,latest_l2_received_before_or_at_candidate,latest_l2_exchange_time_equal_candidate,event_driven_current_l2_plus_rolling_public_trades_proxy_not_exact_queue_or_fill_probability
1031,l2Book,1784017596997,1784017597238450555,0.24193,buy,62634,62634,62635,1,0.005,14.76375,44,2952.75,2,0.00192,0,0.00192,14.76875,0.0001300042319085907744392721117,touched_quote_without_depletion,,0.00048,False,missing_same_side_strict_through_support,111,59735,0,20,same_touch_stable_enough,real_bbo_history_touch_stability,10164,1784017586833,14.87137,14.76375,-0.10762,37,44,7,not_reset,history_present_no_reset,pass,,,history_present_no_reset,latest_l2_received_before_or_at_candidate,latest_l2_exchange_time_equal_candidate,event_driven_current_l2_plus_rolling_public_trades_proxy_not_exact_queue_or_fill_probability
1032,l2Book,1784017597532,1784017597757809348,0.226313,buy,62634,62634,62635,1,0.005,16.69827,46,3339.654,1,0,0,0,16.70327,0,not_depleted,,0.0,False,missing_same_side_strict_through_support;missing_recent_same_side_at_or_through_throughput,111,59666,0,21,same_touch_stable_enough,real_bbo_history_touch_stability,10699,1784017586833,14.87137,16.69827,1.8269,44,46,2,not_reset,history_present_no_reset,pass,,,history_present_no_reset,latest_l2_received_before_or_at_candidate,latest_l2_exchange_time_equal_candidate,event_driven_current_l2_plus_rolling_public_trades_proxy_not_exact_queue_or_fill_probability
1033,l2Book,1784017598036,1784017598317382827,0.281895,buy,62634,62634,62635,1,0.005,18.57289,48,3714.578,1,0,0,0,18.57789,0,not_depleted,,0.0,False,missing_same_side_strict_through_support;missing_recent_same_side_at_or_through_throughput,111,59637,0,22,same_touch_stable_enough,real_bbo_history_touch_stability,11203,1784017586833,16.69827,18.57289,1.87462,46,48,2,not_reset,history_present_no_reset,pass,,,history_present_no_reset,latest_l2_received_before_or_at_candidate,latest_l2_exchange_time_equal_candidate,event_driven_current_l2_plus_rolling_public_trades_proxy_not_exact_queue_or_fill_probability
1034,trades,1784017598036,1784017598318129820,0.28242,buy,62634,62634,62635,1,0.005,18.57289,48,3714.578,3,0.00128,0,0.00128,18.57789,0.00006889910533435174823405672011,touched_quote_without_depletion,,0.00032,False,missing_same_side_strict_through_support,111,59637,0,22,same_touch_stable_enough,real_bbo_history_touch_stability,11203,1784017586833,16.69827,18.57289,1.87462,46,48,2,not_reset,history_present_no_reset,pass,,,history_present_no_reset,latest_l2_received_before_or_at_candidate,latest_l2_exchange_time_equal_candidate,event_driven_current_l2_plus_rolling_public_trades_proxy_not_exact_queue_or_fill_probability
1035,trades,1784017598424,1784017598632478591,0.208957,buy,62634,62634,62635,1,0.005,18.57289,48,3714.578,4,0.00147,0,0.00147,18.57789,0.0000791263162824195858625495145,touched_quote_without_depletion,,0.00036,False,missing_same_side_strict_through_support,110,59090,388,22,same_touch_stable_enough,real_bbo_history_touch_stability,11591,1784017586833,16.69827,18.57289,1.87462,46,48,2,not_reset,history_present_no_reset,pass,,,history_present_no_reset,latest_l2_received_before_or_at_candidate,latest_l2_exchange_time_before_candidate,event_driven_current_l2_plus_rolling_public_trades_proxy_not_exact_queue_or_fill_probability
1036,l2Book,1784017598575,1784017598818417331,0.243881,buy,62634,62634,62635,1,0.005,14.61638,44,2923.276,4,0.00147,0,0.00147,14.62138,0.0001005377057432335388314919659,touched_quote_without_depletion,,0.00036,False,missing_same_side_strict_through_support,111,59629,0,23,same_touch_stable_enough,real_bbo_history_touch_stability,11742,1784017586833,18.57289,14.61638,-3.95651,48,44,-4,reset_supported,same_touch_top_qty_or_order_count_reduced,pass,,,,latest_l2_received_before_or_at_candidate,latest_l2_exchange_time_equal_candidate,event_driven_current_l2_plus_rolling_public_trades_proxy_not_exact_queue_or_fill_probability
1037,l2Book,1784017599077,1784017599297922155,0.221431,buy,62634,62634,62635,1,0.005,0.482,5,96.4,3,0.00147,0,0.00147,0.487,0.003018480492813141683778234086,touched_quote_without_depletion,,0.00036,False,missing_same_side_strict_through_support,111,59589,0,24,same_touch_stable_enough,real_bbo_history_touch_stability,12244,1784017586833,18.57289,0.482,-18.09089,48,5,-43,reset_supported,same_touch_top_qty_or_order_count_reduced,pass,,,,latest_l2_received_before_or_at_candidate,latest_l2_exchange_time_equal_candidate,event_driven_current_l2_plus_rolling_public_trades_proxy_not_exact_queue_or_fill_probability
1038,trades,1784017599235,1784017599450229840,0.215733,buy,62634,62634,62635,1,0.005,0.482,5,96.4,4,0.00147,0,0.00147,0.487,0.003018480492813141683778234086,touched_quote_without_depletion,,0.00036,False,missing_same_side_strict_through_support,111,59589,158,24,same_touch_stable_enough,real_bbo_history_touch_stability,12402,1784017586833,18.57289,0.482,-18.09089,48,5,-43,reset_supported,same_touch_top_qty_or_order_count_reduced,pass,,,,latest_l2_received_before_or_at_candidate,latest_l2_exchange_time_before_candidate,event_driven_current_l2_plus_rolling_public_trades_proxy_not_exact_queue_or_fill_probability
1039,l2Book,1784017599581,1784017599821069538,0.24059,buy,62634,62634,62635,1,0.005,2.39656,5,479.312,4,0.00147,0,0.00147,2.40156,0.0006121021336131514515564882826,touched_quote_without_depletion,,0.00036,False,missing_same_side_strict_through_support,111,59453,0,25,same_touch_stable_enough,real_bbo_history_touch_stability,12748,1784017586833,18.57289,2.39656,-16.17633,48,5,-43,reset_supported,same_touch_top_qty_or_order_count_reduced,pass,,,,latest_l2_received_before_or_at_candidate,latest_l2_exchange_time_equal_candidate,event_driven_current_l2_plus_rolling_public_trades_proxy_not_exact_queue_or_fill_probability
1040,trades,1784017599718,1784017599893057128,0.175542,buy,62634,62634,62635,1,0.005,2.39656,5,479.312,8,0.00263,0,0.00263,2.40156,0.001095121504355502256866370193,touched_quote_without_depletion,,0.00065,False,missing_same_side_strict_through_support,111,59453,137,25,same_touch_stable_enough,real_bbo_history_touch_stability,12885,1784017586833,18.57289,2.39656,-16.17633,48,5,-43,reset_supported,same_touch_top_qty_or_order_count_reduced,pass,,,,latest_l2_received_before_or_at_candidate,latest_l2_exchange_time_before_candidate,event_driven_current_l2_plus_rolling_public_trades_proxy_not_exact_queue_or_fill_probability
1041,l2Book,1784017600091,1784017600323414284,0.232901,buy,62630,62630,62632,2,0.005,0.02119,2,4.238,8,0,0,0,0.02619,0,not_depleted,,0.0,False,missing_same_side_strict_through_support;missing_touch_freshness_or_queue_reset_evidence;missing_recent_same_side_at_or_through_throughput,112,59963,0,1,same_touch_seen_but_not_stable,real_bbo_history_insufficient,0,1784017600091,,0.02119,,,2,,missing,no_prior_same_touch_bbo,block,no_prior_same_touch_bbo,same_touch_seen_but_not_stable,no_prior_same_touch_bbo,latest_l2_received_before_or_at_candidate,latest_l2_exchange_time_equal_candidate,event_driven_current_l2_plus_rolling_public_trades_proxy_not_exact_queue_or_fill_probability
1042,l2Book,1784017600643,1784017600856728387,0.2142,buy,62630,62630,62631,1,0.005,0.02119,2,4.238,8,0,0,0,0.02619,0,not_depleted,,0.0,False,missing_same_side_strict_through_support;missing_touch_freshness_or_queue_reset_evidence;missing_recent_same_side_at_or_through_throughput,111,59517,0,1,same_touch_seen_but_not_stable,real_bbo_history_insufficient,0,1784017600643,,0.02119,,,2,,missing,no_prior_same_touch_bbo,block,no_prior_same_touch_bbo,same_touch_seen_but_not_stable,no_prior_same_touch_bbo,latest_l2_received_before_or_at_candidate,latest_l2_exchange_time_equal_candidate,event_driven_current_l2_plus_rolling_public_trades_proxy_not_exact_queue_or_fill_probability
1043,l2Book,1784017601186,1784017601411365400,0.225843,buy,62630,62630,62631,1,0.005,2.46233,7,492.466,6,0,0,0,2.46733,0,not_depleted,,0.0,False,missing_same_side_strict_through_support;missing_recent_same_side_at_or_through_throughput,111,59530,0,2,same_touch_stable_enough,real_bbo_history_touch_stability,543,1784017600643,0.02119,2.46233,2.44114,2,7,5,not_reset,history_present_no_reset,pass,,,history_present_no_reset,latest_l2_received_before_or_at_candidate,latest_l2_exchange_time_equal_candidate,event_driven_current_l2_plus_rolling_public_trades_proxy_not_exact_queue_or_fill_probability
1044,l2Book,1784017601719,1784017601950502533,0.231978,buy,62630,62630,62631,1,0.005,7.87241,17,1574.482,5,0,0,0,7.87741,0,not_depleted,,0.0,False,missing_same_side_strict_through_support;missing_recent_same_side_at_or_through_throughput,111,59521,0,3,same_touch_stable_enough,real_bbo_history_touch_stability,1076,1784017600643,2.46233,7.87241,5.41008,7,17,10,not_reset,history_present_no_reset,pass,,,history_present_no_reset,latest_l2_received_before_or_at_candidate,latest_l2_exchange_time_equal_candidate,event_driven_current_l2_plus_rolling_public_trades_proxy_not_exact_queue_or_fill_probability
1045,l2Book,1784017602234,1784017602478972257,0.245479,buy,62630,62630,62631,1,0.005,7.64531,22,1529.062,5,0,0,0,7.65031,0,not_depleted,,0.0,False,missing_same_side_strict_through_support;missing_recent_same_side_at_or_through_throughput,111,59501,0,4,same_touch_stable_enough,real_bbo_history_touch_stability,1591,1784017600643,7.87241,7.64531,-0.2271,17,22,5,not_reset,history_present_no_reset,pass,,,history_present_no_reset,latest_l2_received_before_or_at_candidate,latest_l2_exchange_time_equal_candidate,event_driven_current_l2_plus_rolling_public_trades_proxy_not_exact_queue_or_fill_probability
1046,l2Book,1784017602859,1784017603095983788,0.237497,buy,62630,62630,62631,1,0.005,8.89874,37,1779.748,0,0,0,0,8.90374,0,not_depleted,,0.0,False,missing_same_side_strict_through_support;missing_recent_same_side_at_or_through_throughput,111,59526,0,5,same_touch_stable_enough,real_bbo_history_touch_stability,2216,1784017600643,7.87241,8.89874,1.02633,22,37,15,not_reset,history_present_no_reset,pass,,,history_present_no_reset,latest_l2_received_before_or_at_candidate,latest_l2_exchange_time_equal_candidate,event_driven_current_l2_plus_rolling_public_trades_proxy_not_exact_queue_or_fill_probability
1047,trades,1784017602859,1784017603096768138,0.238075,buy,62630,62630,62631,1,0.005,8.89874,37,1779.748,3,0.03952,0,0.03952,8.90374,0.004438584235388724288894329798,touched_quote_without_depletion,,0.005,False,missing_same_side_strict_through_support,111,59526,0,5,same_touch_stable_enough,real_bbo_history_touch_stability,2216,1784017600643,7.87241,8.89874,1.02633,22,37,15,not_reset,history_present_no_reset,pass,,,history_present_no_reset,latest_l2_received_before_or_at_candidate,latest_l2_exchange_time_equal_candidate,event_driven_current_l2_plus_rolling_public_trades_proxy_not_exact_queue_or_fill_probability
1048,l2Book,1784017603377,1784017603610804032,0.23434,buy,62630,62630,62631,1,0.005,5.67519,24,1135.038,3,0.03952,0,0.03952,5.68019,0.006957513745138806976527193633,touched_quote_without_depletion,,0.005,False,missing_same_side_strict_through_support,111,59482,0,6,same_touch_stable_enough,real_bbo_history_touch_stability,2734,1784017600643,8.89874,5.67519,-3.22355,37,24,-13,reset_supported,same_touch_top_qty_or_order_count_reduced,pass,,,,latest_l2_received_before_or_at_candidate,latest_l2_exchange_time_equal_candidate,event_driven_current_l2_plus_rolling_public_trades_proxy_not_exact_queue_or_fill_probability
1049,l2Book,1784017603934,1784017604150728647,0.217242,buy,62630,62630,62631,1,0.005,4.74168,23,948.336,3,0.03952,0,0.03952,4.74668,0.008325819309496321639545956332,touched_quote_without_depletion,,0.005,False,missing_same_side_strict_through_support,111,59504,0,7,same_touch_stable_enough,real_bbo_history_touch_stability,3291,1784017600643,8.89874,4.74168,-4.15706,37,23,-14,reset_supported,same_touch_top_qty_or_order_count_reduced,pass,,,,latest_l2_received_before_or_at_candidate,latest_l2_exchange_time_equal_candidate,event_driven_current_l2_plus_rolling_public_trades_proxy_not_exact_queue_or_fill_probability
1050,l2Book,1784017604486,1784017604692692243,0.20718,buy,62630,62630,62631,1,0.005,4.9853,26,997.06,3,0.03952,0,0.03952,4.9903,0.007919363565316714425986413642,touched_quote_without_depletion,,0.005,False,missing_same_side_strict_through_support,111,59521,0,8,same_touch_stable_enough,real_bbo_history_touch_stability,3843,1784017600643,8.89874,4.9853,-3.91344,37,26,-11,reset_supported,same_touch_top_qty_or_order_count_reduced,pass,,,,latest_l2_received_before_or_at_candidate,latest_l2_exchange_time_equal_candidate,event_driven_current_l2_plus_rolling_public_trades_proxy_not_exact_queue_or_fill_probability
1051,l2Book,1784017605012,1784017605290376753,0.278881,buy,62630,62630,62631,1,0.005,4.9853,26,997.06,3,0.03952,0,0.03952,4.9903,0.007919363565316714425986413642,touched_quote_without_depletion,,0.005,False,missing_same_side_strict_through_support,111,59493,0,9,same_touch_stable_enough,real_bbo_history_touch_stability,4369,1784017600643,8.89874,4.9853,-3.91344,37,26,-11,reset_supported,same_touch_top_qty_or_order_count_reduced,pass,,,,latest_l2_received_before_or_at_candidate,latest_l2_exchange_time_equal_candidate,event_driven_current_l2_plus_rolling_public_trades_proxy_not_exact_queue_or_fill_probability
1052,trades,1784017605012,1784017605291074465,0.279404,buy,62630,62630,62631,1,0.005,4.9853,26,997.06,4,0.03952,0,0.03952,4.9903,0.007919363565316714425986413642,touched_quote_without_depletion,,0.005,False,missing_same_side_strict_through_support,111,59493,0,9,same_touch_stable_enough,real_bbo_history_touch_stability,4369,1784017600643,8.89874,4.9853,-3.91344,37,26,-11,reset_supported,same_touch_top_qty_or_order_count_reduced,pass,,,,latest_l2_received_before_or_at_candidate,latest_l2_exchange_time_equal_candidate,event_driven_current_l2_plus_rolling_public_trades_proxy_not_exact_queue_or_fill_probability
1053,l2Book,1784017605565,1784017605779243003,0.214713,buy,62630,62630,62631,1,0.005,4.9853,26,997.06,4,0.03952,0,0.03952,4.9903,0.007919363565316714425986413642,touched_quote_without_depletion,,0.005,False,missing_same_side_strict_through_support,111,59509,0,10,same_touch_stable_enough,real_bbo_history_touch_stability,4922,1784017600643,8.89874,4.9853,-3.91344,37,26,-11,reset_supported,same_touch_top_qty_or_order_count_reduced,pass,,,,latest_l2_received_before_or_at_candidate,latest_l2_exchange_time_equal_candidate,event_driven_current_l2_plus_rolling_public_trades_proxy_not_exact_queue_or_fill_probability
1054,trades,1784017606017,1784017606265332395,0.248874,buy,62630,62630,62631,1,0.005,4.9853,26,997.06,2,0.00106,0,0.00106,4.9903,0.0002124120794341021581868825522,touched_quote_without_depletion,,0.00026,False,missing_same_side_strict_through_support,111,59509,452,10,same_touch_stable_enough,real_bbo_history_touch_stability,5374,1784017600643,8.89874,4.9853,-3.91344,37,26,-11,reset_supported,same_touch_top_qty_or_order_count_reduced,pass,,,,latest_l2_received_before_or_at_candidate,latest_l2_exchange_time_before_candidate,event_driven_current_l2_plus_rolling_public_trades_proxy_not_exact_queue_or_fill_probability
1055,l2Book,1784017606078,1784017606327489226,0.249965,buy,62630,62630,62631,1,0.005,4.98424,26,996.848,2,0.00106,0,0.00106,4.98924,0.000212457207911425387433757446,touched_quote_without_depletion,,0.00026,False,missing_same_side_strict_through_support,111,59483,0,11,same_touch_stable_enough,real_bbo_history_touch_stability,5435,1784017600643,8.89874,4.98424,-3.9145,37,26,-11,reset_supported,same_touch_top_qty_or_order_count_reduced,pass,,,,latest_l2_received_before_or_at_candidate,latest_l2_exchange_time_equal_candidate,event_driven_current_l2_plus_rolling_public_trades_proxy_not_exact_queue_or_fill_probability
1056,l2Book,1784017606620,1784017606872503350,0.252985,buy,62630,62630,62631,1,0.005,4.98424,26,996.848,2,0.00106,0,0.00106,4.98924,0.000212457207911425387433757446,touched_quote_without_depletion,,0.00026,False,missing_same_side_strict_through_support,111,59491,0,12,same_touch_stable_enough,real_bbo_history_touch_stability,5977,1784017600643,8.89874,4.98424,-3.9145,37,26,-11,reset_supported,same_touch_top_qty_or_order_count_reduced,pass,,,,latest_l2_received_before_or_at_candidate,latest_l2_exchange_time_equal_candidate,event_driven_current_l2_plus_rolling_public_trades_proxy_not_exact_queue_or_fill_probability
1057,l2Book,1784017607172,1784017607377361633,0.205877,buy,62630,62630,62631,1,0.005,4.97228,25,994.456,2,0.00106,0,0.00106,4.97728,0.000212967725343962967725343963,touched_quote_without_depletion,,0.00026,False,missing_same_side_strict_through_support,111,59505,0,13,same_touch_stable_enough,real_bbo_history_touch_stability,6529,1784017600643,8.89874,4.97228,-3.92646,37,25,-12,reset_supported,same_touch_top_qty_or_order_count_reduced,pass,,,,latest_l2_received_before_or_at_candidate,latest_l2_exchange_time_equal_candidate,event_driven_current_l2_plus_rolling_public_trades_proxy_not_exact_queue_or_fill_probability
1058,l2Book,1784017607711,1784017608136268456,0.425734,buy,62630,62630,62631,1,0.005,4.97228,25,994.456,2,0.00106,0,0.00106,4.97728,0.000212967725343962967725343963,touched_quote_without_depletion,,0.00026,False,missing_same_side_strict_through_support,111,59510,0,14,same_touch_stable_enough,real_bbo_history_touch_stability,7068,1784017600643,8.89874,4.97228,-3.92646,37,25,-12,reset_supported,same_touch_top_qty_or_order_count_reduced,pass,,,,latest_l2_received_before_or_at_candidate,latest_l2_exchange_time_equal_candidate,event_driven_current_l2_plus_rolling_public_trades_proxy_not_exact_queue_or_fill_probability
1059,l2Book,1784017608228,1784017608475054730,0.247534,buy,62630,62630,62631,1,0.005,4.97228,25,994.456,1,0.00106,0,0.00106,4.97728,0.000212967725343962967725343963,touched_quote_without_depletion,,0.00026,False,missing_same_side_strict_through_support,111,59504,0,15,same_touch_stable_enough,real_bbo_history_touch_stability,7585,1784017600643,8.89874,4.97228,-3.92646,37,25,-12,reset_supported,same_touch_top_qty_or_order_count_reduced,pass,,,,latest_l2_received_before_or_at_candidate,latest_l2_exchange_time_equal_candidate,event_driven_current_l2_plus_rolling_public_trades_proxy_not_exact_queue_or_fill_probability
1060,l2Book,1784017608785,1784017609023267493,0.238762,buy,62630,62630,62631,1,0.005,4.9599,24,991.98,1,0.00106,0,0.00106,4.9649,0.0002134987613043565832141634273,touched_quote_without_depletion,,0.00026,False,missing_same_side_strict_through_support,111,59503,0,16,same_touch_stable_enough,real_bbo_history_touch_stability,8142,1784017600643,8.89874,4.9599,-3.93884,37,24,-13,reset_supported,same_touch_top_qty_or_order_count_reduced,pass,,,,latest_l2_received_before_or_at_candidate,latest_l2_exchange_time_equal_candidate,event_driven_current_l2_plus_rolling_public_trades_proxy_not_exact_queue_or_fill_probability
1061,l2Book,1784017609294,1784017609533470611,0.239991,buy,62630,62630,62631,1,0.005,1.22788,10,245.576,0,0,0,0,1.23288,0,not_depleted,,0.0,False,missing_same_side_strict_through_support;missing_recent_same_side_at_or_through_throughput,111,59483,0,17,same_touch_stable_enough,real_bbo_history_touch_stability,8651,1784017600643,8.89874,1.22788,-7.67086,37,10,-27,reset_supported,same_touch_top_qty_or_order_count_reduced,pass,,,,latest_l2_received_before_or_at_candidate,latest_l2_exchange_time_equal_candidate,event_driven_current_l2_plus_rolling_public_trades_proxy_not_exact_queue_or_fill_probability
1062,l2Book,1784017609838,1784017610069138848,0.231633,buy,62630,62630,62631,1,0.005,3.5849,12,716.98,0,0,0,0,3.5899,0,not_depleted,,0.0,False,missing_same_side_strict_through_support;missing_recent_same_side_at_or_through_throughput,111,59499,0,18,same_touch_stable_enough,real_bbo_history_touch_stability,9195,1784017600643,8.89874,3.5849,-5.31384,37,12,-25,reset_supported,same_touch_top_qty_or_order_count_reduced,pass,,,,latest_l2_received_before_or_at_candidate,latest_l2_exchange_time_equal_candidate,event_driven_current_l2_plus_rolling_public_trades_proxy_not_exact_queue_or_fill_probability
1063,l2Book,1784017610383,1784017610592329473,0.209798,buy,62630,62630,62631,1,0.005,3.1449,11,628.98,0,0,0,0,3.1499,0,not_depleted,,0.0,False,missing_same_side_strict_through_support;missing_recent_same_side_at_or_through_throughput,111,59504,0,19,same_touch_stable_enough,real_bbo_history_touch_stability,9740,1784017600643,8.89874,3.1449,-5.75384,37,11,-26,reset_supported,same_touch_top_qty_or_order_count_reduced,pass,,,,latest_l2_received_before_or_at_candidate,latest_l2_exchange_time_equal_candidate,event_driven_current_l2_plus_rolling_public_trades_proxy_not_exact_queue_or_fill_probability
1064,l2Book,1784017610947,1784017611178220023,0.231987,buy,62630,62630,62631,1,0.005,0.48141,4,96.282,0,0,0,0,0.48641,0,not_depleted,,0.0,False,missing_same_side_strict_through_support;missing_recent_same_side_at_or_through_throughput,111,59519,0,20,same_touch_stable_enough,real_bbo_history_touch_stability,10304,1784017600643,8.89874,0.48141,-8.41733,37,4,-33,reset_supported,same_touch_top_qty_or_order_count_reduced,pass,,,,latest_l2_received_before_or_at_candidate,latest_l2_exchange_time_equal_candidate,event_driven_current_l2_plus_rolling_public_trades_proxy_not_exact_queue_or_fill_probability
1065,l2Book,1784017611481,1784017611704177023,0.223687,buy,62630,62630,62631,1,0.005,0.61562,5,123.124,0,0,0,0,0.62062,0,not_depleted,,0.0,False,missing_same_side_strict_through_support;missing_recent_same_side_at_or_through_throughput,111,59524,0,21,same_touch_stable_enough,real_bbo_history_touch_stability,10838,1784017600643,8.89874,0.61562,-8.28312,37,5,-32,reset_supported,same_touch_top_qty_or_order_count_reduced,pass,,,,latest_l2_received_before_or_at_candidate,latest_l2_exchange_time_equal_candidate,event_driven_current_l2_plus_rolling_public_trades_proxy_not_exact_queue_or_fill_probability
1066,l2Book,1784017612069,1784017612296653781,0.228157,buy,62630,62630,62631,1,0.005,3.01161,7,602.322,0,0,0,0,3.01661,0,not_depleted,,0.0,False,missing_same_side_strict_through_support;missing_recent_same_side_at_or_through_throughput,111,59566,0,22,same_touch_stable_enough,real_bbo_history_touch_stability,11426,1784017600643,8.89874,3.01161,-5.88713,37,7,-30,reset_supported,same_touch_top_qty_or_order_count_reduced,pass,,,,latest_l2_received_before_or_at_candidate,latest_l2_exchange_time_equal_candidate,event_driven_current_l2_plus_rolling_public_trades_proxy_not_exact_queue_or_fill_probability
1067,l2Book,1784017612572,1784017612788173778,0.216633,buy,62630,62630,62631,1,0.005,3.45161,8,690.322,0,0,0,0,3.45661,0,not_depleted,,0.0,False,missing_same_side_strict_through_support;missing_recent_same_side_at_or_through_throughput,111,59535,0,23,same_touch_stable_enough,real_bbo_history_touch_stability,11929,1784017600643,8.89874,3.45161,-5.44713,37,8,-29,reset_supported,same_touch_top_qty_or_order_count_reduced,pass,,,,latest_l2_received_before_or_at_candidate,latest_l2_exchange_time_equal_candidate,event_driven_current_l2_plus_rolling_public_trades_proxy_not_exact_queue_or_fill_probability
1068,trades,1784017612572,1784017612788836603,0.217123,buy,62630,62630,62631,1,0.005,3.45161,8,690.322,1,0,0,0,3.45661,0,not_depleted,,0.0,False,missing_same_side_strict_through_support;missing_recent_same_side_at_or_through_throughput,111,59535,0,23,same_touch_stable_enough,real_bbo_history_touch_stability,11929,1784017600643,8.89874,3.45161,-5.44713,37,8,-29,reset_supported,same_touch_top_qty_or_order_count_reduced,pass,,,,latest_l2_received_before_or_at_candidate,latest_l2_exchange_time_equal_candidate,event_driven_current_l2_plus_rolling_public_trades_proxy_not_exact_queue_or_fill_probability
1069,l2Book,1784017613109,1784017613363431133,0.254923,buy,62630,62630,62631,1,0.005,0.93582,6,187.164,1,0,0,0,0.94082,0,not_depleted,,0.0,False,missing_same_side_strict_through_support;missing_recent_same_side_at_or_through_throughput,111,59533,0,24,same_touch_stable_enough,real_bbo_history_touch_stability,12466,1784017600643,8.89874,0.93582,-7.96292,37,6,-31,reset_supported,same_touch_top_qty_or_order_count_reduced,pass,,,,latest_l2_received_before_or_at_candidate,latest_l2_exchange_time_equal_candidate,event_driven_current_l2_plus_rolling_public_trades_proxy_not_exact_queue_or_fill_probability
1070,l2Book,1784017613640,1784017613879784465,0.240275,buy,62630,62630,62631,1,0.005,0.47941,3,95.882,1,0,0,0,0.48441,0,not_depleted,,0.0,False,missing_same_side_strict_through_support;missing_recent_same_side_at_or_through_throughput,111,59534,0,25,same_touch_stable_enough,real_bbo_history_touch_stability,12997,1784017600643,8.89874,0.47941,-8.41933,37,3,-34,reset_supported,same_touch_top_qty_or_order_count_reduced,pass,,,,latest_l2_received_before_or_at_candidate,latest_l2_exchange_time_equal_candidate,event_driven_current_l2_plus_rolling_public_trades_proxy_not_exact_queue_or_fill_probability
1071,trades,1784017613842,1784017614048566327,0.207016,buy,62630,62630,62631,1,0.005,0.47941,3,95.882,2,0,0,0,0.48441,0,not_depleted,,0.0,False,missing_same_side_strict_through_support;missing_recent_same_side_at_or_through_throughput,111,59534,202,25,same_touch_stable_enough,real_bbo_history_touch_stability,13199,1784017600643,8.89874,0.47941,-8.41933,37,3,-34,reset_supported,same_touch_top_qty_or_order_count_reduced,pass,,,,latest_l2_received_before_or_at_candidate,latest_l2_exchange_time_before_candidate,event_driven_current_l2_plus_rolling_public_trades_proxy_not_exact_queue_or_fill_probability
1072,l2Book,1784017614193,1784017614379268092,0.186731,buy,62630,62630,62631,1,0.005,0.47922,2,95.844,2,0,0,0,0.48422,0,not_depleted,,0.0,False,missing_same_side_strict_through_support;missing_recent_same_side_at_or_through_throughput,111,59526,0,26,same_touch_stable_enough,real_bbo_history_touch_stability,13550,1784017600643,8.89874,0.47922,-8.41952,37,2,-35,reset_supported,same_touch_top_qty_or_order_count_reduced,pass,,,,latest_l2_received_before_or_at_candidate,latest_l2_exchange_time_equal_candidate,event_driven_current_l2_plus_rolling_public_trades_proxy_not_exact_queue_or_fill_probability
1073,l2Book,1784017614728,1784017614929618732,0.202123,buy,62630,62630,62631,1,0.005,0.47922,2,95.844,2,0,0,0,0.48422,0,not_depleted,,0.0,False,missing_same_side_strict_through_support;missing_recent_same_side_at_or_through_throughput,111,59528,0,27,same_touch_stable_enough,real_bbo_history_touch_stability,14085,1784017600643,8.89874,0.47922,-8.41952,37,2,-35,reset_supported,same_touch_top_qty_or_order_count_reduced,pass,,,,latest_l2_received_before_or_at_candidate,latest_l2_exchange_time_equal_candidate,event_driven_current_l2_plus_rolling_public_trades_proxy_not_exact_queue_or_fill_probability
1074,l2Book,1784017615269,1784017615501668531,0.233152,buy,62630,62630,62631,1,0.005,0.47922,2,95.844,2,0,0,0,0.48422,0,not_depleted,,0.0,False,missing_same_side_strict_through_support;missing_recent_same_side_at_or_through_throughput,111,59557,0,28,same_touch_stable_enough,real_bbo_history_touch_stability,14626,1784017600643,8.89874,0.47922,-8.41952,37,2,-35,reset_supported,same_touch_top_qty_or_order_count_reduced,pass,,,,latest_l2_received_before_or_at_candidate,latest_l2_exchange_time_equal_candidate,event_driven_current_l2_plus_rolling_public_trades_proxy_not_exact_queue_or_fill_probability
1075,trades,1784017615334,1784017615535938813,0.202402,buy,62630,62630,62631,1,0.005,0.47922,2,95.844,4,0.00963,0,0.00963,0.48422,0.01988765437197967865846103011,touched_quote_without_depletion,,0.0024,False,missing_same_side_strict_through_support,111,59557,65,28,same_touch_stable_enough,real_bbo_history_touch_stability,14691,1784017600643,8.89874,0.47922,-8.41952,37,2,-35,reset_supported,same_touch_top_qty_or_order_count_reduced,pass,,,,latest_l2_received_before_or_at_candidate,latest_l2_exchange_time_before_candidate,event_driven_current_l2_plus_rolling_public_trades_proxy_not_exact_queue_or_fill_probability
1076,trades,1784017615469,1784017615662484541,0.193954,buy,62630,62630,62631,1,0.005,0.47922,2,95.844,5,0.01926,0,0.01926,0.48422,0.03977530874395935731692206022,touched_quote_without_depletion,,0.00481,False,missing_same_side_strict_through_support,111,59557,200,28,same_touch_stable_enough,real_bbo_history_touch_stability,14826,1784017600643,8.89874,0.47922,-8.41952,37,2,-35,reset_supported,same_touch_top_qty_or_order_count_reduced,pass,,,,latest_l2_received_before_or_at_candidate,latest_l2_exchange_time_before_candidate,event_driven_current_l2_plus_rolling_public_trades_proxy_not_exact_queue_or_fill_probability
1077,l2Book,1784017615813,1784017616038272471,0.225737,buy,62630,62630,62631,1,0.005,0.45996,1,91.992,4,0.01926,0,0.01926,0.46496,0.0414229181004817618719889883,touched_quote_without_depletion,,0.00481,False,missing_same_side_strict_through_support,111,59529,0,29,same_touch_stable_enough,real_bbo_history_touch_stability,15170,1784017600643,8.89874,0.45996,-8.43878,37,1,-36,reset_supported,same_touch_top_qty_or_order_count_reduced,pass,,,,latest_l2_received_before_or_at_candidate,latest_l2_exchange_time_equal_candidate,event_driven_current_l2_plus_rolling_public_trades_proxy_not_exact_queue_or_fill_probability
1078,l2Book,1784017616345,1784017616562122494,0.217608,buy,62630,62630,62631,1,0.005,0.45996,1,91.992,4,0.01926,0,0.01926,0.46496,0.0414229181004817618719889883,touched_quote_without_depletion,,0.00481,False,missing_same_side_strict_through_support,111,59526,0,30,same_touch_stable_enough,real_bbo_history_touch_stability,15702,1784017600643,8.89874,0.45996,-8.43878,37,1,-36,reset_supported,same_touch_top_qty_or_order_count_reduced,pass,,,,latest_l2_received_before_or_at_candidate,latest_l2_exchange_time_equal_candidate,event_driven_current_l2_plus_rolling_public_trades_proxy_not_exact_queue_or_fill_probability
1079,l2Book,1784017616878,1784017617108332947,0.230812,buy,62630,62630,62631,1,0.005,0.45996,1,91.992,3,0.01926,0,0.01926,0.46496,0.0414229181004817618719889883,touched_quote_without_depletion,,0.00481,False,missing_same_side_strict_through_support,111,59535,0,31,same_touch_stable_enough,real_bbo_history_touch_stability,16235,1784017600643,8.89874,0.45996,-8.43878,37,1,-36,reset_supported,same_touch_top_qty_or_order_count_reduced,pass,,,,latest_l2_received_before_or_at_candidate,latest_l2_exchange_time_equal_candidate,event_driven_current_l2_plus_rolling_public_trades_proxy_not_exact_queue_or_fill_probability
1080,trades,1784017617027,1784017617272105776,0.245599,buy,62630,62630,62631,1,0.005,0.45996,1,91.992,4,0.01926,0,0.01926,0.46496,0.0414229181004817618719889883,touched_quote_without_depletion,,0.00481,False,missing_same_side_strict_through_support,111,59535,149,31,same_touch_stable_enough,real_bbo_history_touch_stability,16384,1784017600643,8.89874,0.45996,-8.43878,37,1,-36,reset_supported,same_touch_top_qty_or_order_count_reduced,pass,,,,latest_l2_received_before_or_at_candidate,latest_l2_exchange_time_before_candidate,event_driven_current_l2_plus_rolling_public_trades_proxy_not_exact_queue_or_fill_probability
1081,l2Book,1784017617432,1784017617643402240,0.211915,buy,62630,62630,62631,1,0.005,0.45996,1,91.992,4,0.01926,0,0.01926,0.46496,0.0414229181004817618719889883,touched_quote_without_depletion,,0.00481,False,missing_same_side_strict_through_support,111,59527,0,32,same_touch_stable_enough,real_bbo_history_touch_stability,16789,1784017600643,8.89874,0.45996,-8.43878,37,1,-36,reset_supported,same_touch_top_qty_or_order_count_reduced,pass,,,,latest_l2_received_before_or_at_candidate,latest_l2_exchange_time_equal_candidate,event_driven_current_l2_plus_rolling_public_trades_proxy_not_exact_queue_or_fill_probability
1082,l2Book,1784017618038,1784017618326584858,0.289086,buy,62630,62630,62631,1,0.005,0.45996,1,91.992,4,0.01926,0,0.01926,0.46496,0.0414229181004817618719889883,touched_quote_without_depletion,,0.00481,False,missing_same_side_strict_through_support,111,59526,0,33,same_touch_stable_enough,real_bbo_history_touch_stability,17395,1784017600643,8.89874,0.45996,-8.43878,37,1,-36,reset_supported,same_touch_top_qty_or_order_count_reduced,pass,,,,latest_l2_received_before_or_at_candidate,latest_l2_exchange_time_equal_candidate,event_driven_current_l2_plus_rolling_public_trades_proxy_not_exact_queue_or_fill_probability
1083,l2Book,1784017618646,1784017618885514862,0.240004,buy,62630,62630,62631,1,0.005,0.61471,4,122.942,1,0,0,0,0.61971,0,not_depleted,,0.0,False,missing_same_side_strict_through_support;missing_recent_same_side_at_or_through_throughput,111,59534,0,34,same_touch_stable_enough,real_bbo_history_touch_stability,18003,1784017600643,8.89874,0.61471,-8.28403,37,4,-33,reset_supported,same_touch_top_qty_or_order_count_reduced,pass,,,,latest_l2_received_before_or_at_candidate,latest_l2_exchange_time_equal_candidate,event_driven_current_l2_plus_rolling_public_trades_proxy_not_exact_queue_or_fill_probability
1084,trades,1784017618921,1784017619114439753,0.193906,buy,62630,62630,62631,1,0.005,0.61471,4,122.942,2,0,0,0,0.61971,0,not_depleted,,0.0,False,missing_same_side_strict_through_support;missing_recent_same_side_at_or_through_throughput,111,59534,275,34,same_touch_stable_enough,real_bbo_history_touch_stability,18278,1784017600643,8.89874,0.61471,-8.28403,37,4,-33,reset_supported,same_touch_top_qty_or_order_count_reduced,pass,,,,latest_l2_received_before_or_at_candidate,latest_l2_exchange_time_before_candidate,event_driven_current_l2_plus_rolling_public_trades_proxy_not_exact_queue_or_fill_probability
1085,trades,1784017619049,1784017619288987642,0.240488,buy,62630,62630,62631,1,0.005,0.61471,4,122.942,14,0,0,0,0.61971,0,not_depleted,,0.0,False,missing_same_side_strict_through_support;missing_recent_same_side_at_or_through_throughput,111,59534,403,34,same_touch_stable_enough,real_bbo_history_touch_stability,18406,1784017600643,8.89874,0.61471,-8.28403,37,4,-33,reset_supported,same_touch_top_qty_or_order_count_reduced,pass,,,,latest_l2_received_before_or_at_candidate,latest_l2_exchange_time_before_candidate,event_driven_current_l2_plus_rolling_public_trades_proxy_not_exact_queue_or_fill_probability
1086,l2Book,1784017619253,1784017619474529661,0.222083,buy,62630,62630,62631,1,0.005,0.61471,4,122.942,14,0,0,0,0.61971,0,not_depleted,,0.0,False,missing_same_side_strict_through_support;missing_recent_same_side_at_or_through_throughput,111,59648,0,35,same_touch_stable_enough,real_bbo_history_touch_stability,18610,1784017600643,8.89874,0.61471,-8.28403,37,4,-33,reset_supported,same_touch_top_qty_or_order_count_reduced,pass,,,,latest_l2_received_before_or_at_candidate,latest_l2_exchange_time_equal_candidate,event_driven_current_l2_plus_rolling_public_trades_proxy_not_exact_queue_or_fill_probability
1087,trades,1784017619523,1784017619721730682,0.199223,buy,62630,62630,62631,1,0.005,0.61471,4,122.942,15,0.00963,0,0.00963,0.61971,0.01553952655274241177324877765,touched_quote_without_depletion,,0.0024,False,missing_same_side_strict_through_support,111,59648,270,35,same_touch_stable_enough,real_bbo_history_touch_stability,18880,1784017600643,8.89874,0.61471,-8.28403,37,4,-33,reset_supported,same_touch_top_qty_or_order_count_reduced,pass,,,,latest_l2_received_before_or_at_candidate,latest_l2_exchange_time_before_candidate,event_driven_current_l2_plus_rolling_public_trades_proxy_not_exact_queue_or_fill_probability
1088,l2Book,1784017619860,1784017620061228888,0.201791,buy,62630,62630,62631,1,0.005,0.45033,1,90.066,15,0.00963,0,0.00963,0.45533,0.02114949596995585619221224167,touched_quote_without_depletion,,0.0024,False,missing_same_side_strict_through_support,111,59721,0,36,same_touch_stable_enough,real_bbo_history_touch_stability,19217,1784017600643,8.89874,0.45033,-8.44841,37,1,-36,reset_supported,same_touch_top_qty_or_order_count_reduced,pass,,,,latest_l2_received_before_or_at_candidate,latest_l2_exchange_time_equal_candidate,event_driven_current_l2_plus_rolling_public_trades_proxy_not_exact_queue_or_fill_probability
1089,l2Book,1784017620366,1784017620574875657,0.209399,buy,62630,62630,62631,1,0.005,0.59725,2,119.45,14,0.00963,0,0.00963,0.60225,0.01599003735990037359900373599,touched_quote_without_depletion,,0.0024,False,missing_same_side_strict_through_support,111,59665,0,37,same_touch_stable_enough,real_bbo_history_touch_stability,19723,1784017600643,8.89874,0.59725,-8.30149,37,2,-35,reset_supported,same_touch_top_qty_or_order_count_reduced,pass,,,,latest_l2_received_before_or_at_candidate,latest_l2_exchange_time_equal_candidate,event_driven_current_l2_plus_rolling_public_trades_proxy_not_exact_queue_or_fill_probability
1090,l2Book,1784017620884,1784017621097094078,0.21361,buy,62630,62630,62631,1,0.005,0.59725,2,119.45,14,0.00963,0,0.00963,0.60225,0.01599003735990037359900373599,touched_quote_without_depletion,,0.0024,False,missing_same_side_strict_through_support,111,59646,0,38,same_touch_stable_enough,real_bbo_history_touch_stability,20241,1784017600643,8.89874,0.59725,-8.30149,37,2,-35,reset_supported,same_touch_top_qty_or_order_count_reduced,pass,,,,latest_l2_received_before_or_at_candidate,latest_l2_exchange_time_equal_candidate,event_driven_current_l2_plus_rolling_public_trades_proxy_not_exact_queue_or_fill_probability
1091,l2Book,1784017621434,1784017621640437394,0.206947,buy,62630,62630,62631,1,0.005,0.59725,2,119.45,14,0.00963,0,0.00963,0.60225,0.01599003735990037359900373599,touched_quote_without_depletion,,0.0024,False,missing_same_side_strict_through_support,111,59653,0,39,same_touch_stable_enough,real_bbo_history_touch_stability,20791,1784017600643,8.89874,0.59725,-8.30149,37,2,-35,reset_supported,same_touch_top_qty_or_order_count_reduced,pass,,,,latest_l2_received_before_or_at_candidate,latest_l2_exchange_time_equal_candidate,event_driven_current_l2_plus_rolling_public_trades_proxy_not_exact_queue_or_fill_probability
1092,trades,1784017621769,1784017621959662928,0.191176,buy,62630,62630,62631,1,0.005,0.59725,2,119.45,15,0.00963,0,0.00963,0.60225,0.01599003735990037359900373599,touched_quote_without_depletion,,0.0024,False,missing_same_side_strict_through_support,111,59653,335,39,same_touch_stable_enough,real_bbo_history_touch_stability,21126,1784017600643,8.89874,0.59725,-8.30149,37,2,-35,reset_supported,same_touch_top_qty_or_order_count_reduced,pass,,,,latest_l2_received_before_or_at_candidate,latest_l2_exchange_time_before_candidate,event_driven_current_l2_plus_rolling_public_trades_proxy_not_exact_queue_or_fill_probability
1093,l2Book,1784017621969,1784017622179139930,0.210667,buy,62630,62630,62631,1,0.005,0.59725,2,119.45,14,0.00963,0,0.00963,0.60225,0.01599003735990037359900373599,touched_quote_without_depletion,,0.0024,False,missing_same_side_strict_through_support,111,59662,0,40,same_touch_stable_enough,real_bbo_history_touch_stability,21326,1784017600643,8.89874,0.59725,-8.30149,37,2,-35,reset_supported,same_touch_top_qty_or_order_count_reduced,pass,,,,latest_l2_received_before_or_at_candidate,latest_l2_exchange_time_equal_candidate,event_driven_current_l2_plus_rolling_public_trades_proxy_not_exact_queue_or_fill_probability
1094,trades,1784017622035,1784017622268344540,0.233852,buy,62630,62630,62631,1,0.005,0.59725,2,119.45,16,0.01108,0,0.01108,0.60225,0.0183976753839767538397675384,touched_quote_without_depletion,,0.00277,False,missing_same_side_strict_through_support,111,59662,66,40,same_touch_stable_enough,real_bbo_history_touch_stability,21392,1784017600643,8.89874,0.59725,-8.30149,37,2,-35,reset_supported,same_touch_top_qty_or_order_count_reduced,pass,,,,latest_l2_received_before_or_at_candidate,latest_l2_exchange_time_before_candidate,event_driven_current_l2_plus_rolling_public_trades_proxy_not_exact_queue_or_fill_probability
1095,l2Book,1784017622493,1784017622719669460,0.227154,buy,62630,62630,62631,1,0.005,1.03602,4,207.204,4,0.01108,0,0.01108,1.04102,0.01064340742733088701465870012,touched_quote_without_depletion,,0.00277,False,missing_same_side_strict_through_support,111,59622,0,41,same_touch_stable_enough,real_bbo_history_touch_stability,21850,1784017600643,8.89874,1.03602,-7.86272,37,4,-33,reset_supported,same_touch_top_qty_or_order_count_reduced,pass,,,,latest_l2_received_before_or_at_candidate,latest_l2_exchange_time_equal_candidate,event_driven_current_l2_plus_rolling_public_trades_proxy_not_exact_queue_or_fill_probability
1096,l2Book,1784017623043,1784017623284053670,0.241585,buy,62630,62630,62631,1,0.005,7.03482,13,1406.964,3,0.00145,0,0.00145,7.03982,0.0002059711753993710066450562656,touched_quote_without_depletion,,0.00036,False,missing_same_side_strict_through_support,111,59663,0,42,same_touch_stable_enough,real_bbo_history_touch_stability,22400,1784017600643,8.89874,7.03482,-1.86392,37,13,-24,reset_supported,same_touch_top_qty_or_order_count_reduced,pass,,,,latest_l2_received_before_or_at_candidate,latest_l2_exchange_time_equal_candidate,event_driven_current_l2_plus_rolling_public_trades_proxy_not_exact_queue_or_fill_probability
1097,trades,1784017623447,1784017623626253959,0.179723,buy,62630,62630,62631,1,0.005,7.03482,13,1406.964,6,0.00145,0,0.00145,7.03982,0.0002059711753993710066450562656,touched_quote_without_depletion,,0.00036,False,missing_same_side_strict_through_support,110,59092,404,42,same_touch_stable_enough,real_bbo_history_touch_stability,22804,1784017600643,8.89874,7.03482,-1.86392,37,13,-24,reset_supported,same_touch_top_qty_or_order_count_reduced,pass,,,,latest_l2_received_before_or_at_candidate,latest_l2_exchange_time_before_candidate,event_driven_current_l2_plus_rolling_public_trades_proxy_not_exact_queue_or_fill_probability
1098,l2Book,1784017623579,1784017623794334294,0.215819,buy,62630,62630,62631,1,0.005,5.41753,11,1083.506,6,0.00145,0,0.00145,5.42253,0.0002674028543871587616850436973,touched_quote_without_depletion,,0.00036,False,missing_same_side_strict_through_support,111,59628,0,43,same_touch_stable_enough,real_bbo_history_touch_stability,22936,1784017600643,8.89874,5.41753,-3.48121,37,11,-26,reset_supported,same_touch_top_qty_or_order_count_reduced,pass,,,,latest_l2_received_before_or_at_candidate,latest_l2_exchange_time_equal_candidate,event_driven_current_l2_plus_rolling_public_trades_proxy_not_exact_queue_or_fill_probability
1099,l2Book,1784017624105,1784017624371639044,0.267148,buy,62630,62630,62631,1,0.005,4.93853,10,987.706,6,0.00145,0,0.00145,4.94353,0.0002933126733326185944052124696,touched_quote_without_depletion,,0.00036,False,missing_same_side_strict_through_support,111,59632,0,44,same_touch_stable_enough,real_bbo_history_touch_stability,23462,1784017600643,8.89874,4.93853,-3.96021,37,10,-27,reset_supported,same_touch_top_qty_or_order_count_reduced,pass,,,,latest_l2_received_before_or_at_candidate,latest_l2_exchange_time_equal_candidate,event_driven_current_l2_plus_rolling_public_trades_proxy_not_exact_queue_or_fill_probability
1100,l2Book,1784017624640,1784017624862394128,0.2229,buy,62630,62630,62631,1,0.005,4.93853,10,987.706,6,0.00145,0,0.00145,4.94353,0.0002933126733326185944052124696,touched_quote_without_depletion,,0.00036,False,missing_same_side_strict_through_support,111,59557,0,45,same_touch_stable_enough,real_bbo_history_touch_stability,23997,1784017600643,8.89874,4.93853,-3.96021,37,10,-27,reset_supported,same_touch_top_qty_or_order_count_reduced,pass,,,,latest_l2_received_before_or_at_candidate,latest_l2_exchange_time_equal_candidate,event_driven_current_l2_plus_rolling_public_trades_proxy_not_exact_queue_or_fill_probability
1101,trades,1784017624786,1784017624967067266,0.181576,buy,62630,62630,62631,1,0.005,4.93853,10,987.706,7,0.00145,0,0.00145,4.94353,0.0002933126733326185944052124696,touched_quote_without_depletion,,0.00036,False,missing_same_side_strict_through_support,111,59557,146,45,same_touch_stable_enough,real_bbo_history_touch_stability,24143,1784017600643,8.89874,4.93853,-3.96021,37,10,-27,reset_supported,same_touch_top_qty_or_order_count_reduced,pass,,,,latest_l2_received_before_or_at_candidate,latest_l2_exchange_time_before_candidate,event_driven_current_l2_plus_rolling_public_trades_proxy_not_exact_queue_or_fill_probability
1102,l2Book,1784017625189,1784017625406748091,0.218291,buy,62630,62630,62631,1,0.005,5.41772,12,1083.544,5,0,0,0,5.42272,0,not_depleted,,0.0,False,missing_same_side_strict_through_support;missing_recent_same_side_at_or_through_throughput,111,59615,0,46,same_touch_stable_enough,real_bbo_history_touch_stability,24546,1784017600643,8.89874,5.41772,-3.48102,37,12,-25,reset_supported,same_touch_top_qty_or_order_count_reduced,pass,,,,latest_l2_received_before_or_at_candidate,latest_l2_exchange_time_equal_candidate,event_driven_current_l2_plus_rolling_public_trades_proxy_not_exact_queue_or_fill_probability
1103,l2Book,1784017625723,1784017625942720407,0.220228,buy,62630,62630,62631,1,0.005,5.41772,12,1083.544,5,0,0,0,5.42272,0,not_depleted,,0.0,False,missing_same_side_strict_through_support;missing_recent_same_side_at_or_through_throughput,111,59614,0,47,same_touch_stable_enough,real_bbo_history_touch_stability,25080,1784017600643,8.89874,5.41772,-3.48102,37,12,-25,reset_supported,same_touch_top_qty_or_order_count_reduced,pass,,,,latest_l2_received_before_or_at_candidate,latest_l2_exchange_time_equal_candidate,event_driven_current_l2_plus_rolling_public_trades_proxy_not_exact_queue_or_fill_probability
1104,l2Book,1784017626328,1784017626555978781,0.228479,buy,62630,62630,62631,1,0.005,5.41772,12,1083.544,5,0,0,0,5.42272,0,not_depleted,,0.0,False,missing_same_side_strict_through_support;missing_recent_same_side_at_or_through_throughput,111,59698,0,48,same_touch_stable_enough,real_bbo_history_touch_stability,25685,1784017600643,8.89874,5.41772,-3.48102,37,12,-25,reset_supported,same_touch_top_qty_or_order_count_reduced,pass,,,,latest_l2_received_before_or_at_candidate,latest_l2_exchange_time_equal_candidate,event_driven_current_l2_plus_rolling_public_trades_proxy_not_exact_queue_or_fill_probability
1105,trades,1784017626595,1784017626786563027,0.19206,buy,62630,62630,62631,1,0.005,5.41772,12,1083.544,3,0.00048,0,0.00048,5.42272,0.00008851646406231559069987017585,touched_quote_without_depletion,,0.00012,False,missing_same_side_strict_through_support,111,59698,267,48,same_touch_stable_enough,real_bbo_history_touch_stability,25952,1784017600643,8.89874,5.41772,-3.48102,37,12,-25,reset_supported,same_touch_top_qty_or_order_count_reduced,pass,,,,latest_l2_received_before_or_at_candidate,latest_l2_exchange_time_before_candidate,event_driven_current_l2_plus_rolling_public_trades_proxy_not_exact_queue_or_fill_probability
1106,l2Book,1784017626933,1784017627156894547,0.224385,buy,62630,62630,62631,1,0.005,5.16381,14,1032.762,3,0.00048,0,0.00048,5.16881,0.00009286470193332701337445175969,touched_quote_without_depletion,,0.00012,False,missing_same_side_strict_through_support,111,59782,0,49,same_touch_stable_enough,real_bbo_history_touch_stability,26290,1784017600643,8.89874,5.16381,-3.73493,37,14,-23,reset_supported,same_touch_top_qty_or_order_count_reduced,pass,,,,latest_l2_received_before_or_at_candidate,latest_l2_exchange_time_equal_candidate,event_driven_current_l2_plus_rolling_public_trades_proxy_not_exact_queue_or_fill_probability
1107,trades,1784017627217,1784017627397578036,0.181092,buy,62630,62630,62631,1,0.005,5.16381,14,1032.762,4,0.00048,0,0.00048,5.16881,0.00009286470193332701337445175969,touched_quote_without_depletion,,0.00012,False,missing_same_side_strict_through_support,110,59229,284,49,same_touch_stable_enough,real_bbo_history_touch_stability,26574,1784017600643,8.89874,5.16381,-3.73493,37,14,-23,reset_supported,same_touch_top_qty_or_order_count_reduced,pass,,,,latest_l2_received_before_or_at_candidate,latest_l2_exchange_time_before_candidate,event_driven_current_l2_plus_rolling_public_trades_proxy_not_exact_queue_or_fill_probability
1108,l2Book,1784017627534,1784017627752959918,0.219466,buy,62630,62630,62631,1,0.005,4.93824,11,987.648,4,0.00048,0,0.00048,4.94324,0.00009710230537056667287042506534,touched_quote_without_depletion,,0.00012,False,missing_same_side_strict_through_support,111,59830,0,50,same_touch_stable_enough,real_bbo_history_touch_stability,26891,1784017600643,8.89874,4.93824,-3.9605,37,11,-26,reset_supported,same_touch_top_qty_or_order_count_reduced,pass,,,,latest_l2_received_before_or_at_candidate,latest_l2_exchange_time_equal_candidate,event_driven_current_l2_plus_rolling_public_trades_proxy_not_exact_queue_or_fill_probability
1109,trades,1784017627589,1784017627791274695,0.202749,buy,62630,62630,62631,1,0.005,4.93824,11,987.648,5,0.00368,0,0.00368,4.94324,0.0007444510078410111586732588343,touched_quote_without_depletion,,0.00092,False,missing_same_side_strict_through_support,111,59830,55,50,same_touch_stable_enough,real_bbo_history_touch_stability,26946,1784017600643,8.89874,4.93824,-3.9605,37,11,-26,reset_supported,same_touch_top_qty_or_order_count_reduced,pass,,,,latest_l2_received_before_or_at_candidate,latest_l2_exchange_time_before_candidate,event_driven_current_l2_plus_rolling_public_trades_proxy_not_exact_queue_or_fill_probability
1110,trades,1784017627939,1784017628334714605,0.396226,buy,62630,62630,62631,1,0.005,4.93824,11,987.648,4,0.00368,0,0.00368,4.94324,0.0007444510078410111586732588343,touched_quote_without_depletion,,0.00092,False,missing_same_side_strict_through_support,110,59279,405,50,same_touch_stable_enough,real_bbo_history_touch_stability,27296,1784017600643,8.89874,4.93824,-3.9605,37,11,-26,reset_supported,same_touch_top_qty_or_order_count_reduced,pass,,,,latest_l2_received_before_or_at_candidate,latest_l2_exchange_time_before_candidate,event_driven_current_l2_plus_rolling_public_trades_proxy_not_exact_queue_or_fill_probability
1111,trades,1784017628023,1784017628335439657,0.312722,buy,62630,62630,62631,1,0.005,4.93824,11,987.648,6,0.00496,0,0.00496,4.94324,0.001003390488829188952994392342,touched_quote_without_depletion,,0.00124,False,missing_same_side_strict_through_support,110,59279,489,50,same_touch_stable_enough,real_bbo_history_touch_stability,27380,1784017600643,8.89874,4.93824,-3.9605,37,11,-26,reset_supported,same_touch_top_qty_or_order_count_reduced,pass,,,,latest_l2_received_before_or_at_candidate,latest_l2_exchange_time_before_candidate,event_driven_current_l2_plus_rolling_public_trades_proxy_not_exact_queue_or_fill_probability
1112,l2Book,1784017628140,1784017628375371366,0.235881,buy,62630,62630,62631,1,0.005,4.93376,11,986.752,6,0.00496,0,0.00496,4.93876,0.001004300674663275802023179908,touched_quote_without_depletion,,0.00124,False,missing_same_side_strict_through_support,111,59885,0,51,same_touch_stable_enough,real_bbo_history_touch_stability,27497,1784017600643,8.89874,4.93376,-3.96498,37,11,-26,reset_supported,same_touch_top_qty_or_order_count_reduced,pass,,,,latest_l2_received_before_or_at_candidate,latest_l2_exchange_time_equal_candidate,event_driven_current_l2_plus_rolling_public_trades_proxy_not_exact_queue_or_fill_probability
1113,l2Book,1784017628641,1784017628857010791,0.216499,buy,62630,62630,62631,1,0.005,4.93376,11,986.752,6,0.00496,0,0.00496,4.93876,0.001004300674663275802023179908,touched_quote_without_depletion,,0.00124,False,missing_same_side_strict_through_support,111,59880,0,52,same_touch_stable_enough,real_bbo_history_touch_stability,27998,1784017600643,8.89874,4.93376,-3.96498,37,11,-26,reset_supported,same_touch_top_qty_or_order_count_reduced,pass,,,,latest_l2_received_before_or_at_candidate,latest_l2_exchange_time_equal_candidate,event_driven_current_l2_plus_rolling_public_trades_proxy_not_exact_queue_or_fill_probability
1114,l2Book,1784017629163,1784017629373967645,0.2115,buy,62630,62630,62631,1,0.005,4.94976,12,989.952,6,0.00496,0,0.00496,4.95476,0.001001057568883255697551445479,touched_quote_without_depletion,,0.00124,False,missing_same_side_strict_through_support,111,59898,0,53,same_touch_stable_enough,real_bbo_history_touch_stability,28520,1784017600643,8.89874,4.94976,-3.94898,37,12,-25,reset_supported,same_touch_top_qty_or_order_count_reduced,pass,,,,latest_l2_received_before_or_at_candidate,latest_l2_exchange_time_equal_candidate,event_driven_current_l2_plus_rolling_public_trades_proxy_not_exact_queue_or_fill_probability
1115,l2Book,1784017629716,1784017629938569565,0.223074,buy,62630,62630,62631,1,0.005,5.65433,16,1130.866,5,0.00448,0,0.00448,5.65933,0.0007916131414849460978596406288,touched_quote_without_depletion,,0.00112,False,missing_same_side_strict_through_support,111,59910,0,54,same_touch_stable_enough,real_bbo_history_touch_stability,29073,1784017600643,8.89874,5.65433,-3.24441,37,16,-21,reset_supported,same_touch_top_qty_or_order_count_reduced,pass,,,,latest_l2_received_before_or_at_candidate,latest_l2_exchange_time_equal_candidate,event_driven_current_l2_plus_rolling_public_trades_proxy_not_exact_queue_or_fill_probability
1116,trades,1784017630154,1784017630352591935,0.199108,buy,62630,62630,62631,1,0.005,5.65433,16,1130.866,6,0.02032,0,0.02032,5.65933,0.003590531034592434086720512852,touched_quote_without_depletion,,0.005,False,missing_same_side_strict_through_support,110,59356,438,54,same_touch_stable_enough,real_bbo_history_touch_stability,29511,1784017600643,8.89874,5.65433,-3.24441,37,16,-21,reset_supported,same_touch_top_qty_or_order_count_reduced,pass,,,,latest_l2_received_before_or_at_candidate,latest_l2_exchange_time_before_candidate,event_driven_current_l2_plus_rolling_public_trades_proxy_not_exact_queue_or_fill_probability
1117,l2Book,1784017630247,1784017630444532500,0.197982,buy,62630,62630,62631,1,0.005,5.70227,17,1140.454,5,0.02032,0,0.02032,5.70727,0.003560371245797027300267903919,touched_quote_without_depletion,,0.005,False,missing_same_side_strict_through_support,111,59887,0,55,same_touch_stable_enough,real_bbo_history_touch_stability,29604,1784017600643,8.89874,5.70227,-3.19647,37,17,-20,reset_supported,same_touch_top_qty_or_order_count_reduced,pass,,,,latest_l2_received_before_or_at_candidate,latest_l2_exchange_time_equal_candidate,event_driven_current_l2_plus_rolling_public_trades_proxy_not_exact_queue_or_fill_probability
1118,trades,1784017630556,1784017630751006716,0.195523,buy,62630,62630,62631,1,0.005,5.70227,17,1140.454,6,0.02032,0,0.02032,5.70727,0.003560371245797027300267903919,touched_quote_without_depletion,,0.005,False,missing_same_side_strict_through_support,110,59363,309,55,same_touch_stable_enough,real_bbo_history_touch_stability,29913,1784017600643,8.89874,5.70227,-3.19647,37,17,-20,reset_supported,same_touch_top_qty_or_order_count_reduced,pass,,,,latest_l2_received_before_or_at_candidate,latest_l2_exchange_time_before_candidate,event_driven_current_l2_plus_rolling_public_trades_proxy_not_exact_queue_or_fill_probability
1119,l2Book,1784017630758,1784017630968765320,0.211266,buy,62630,62630,62631,1,0.005,7.57648,19,1515.296,5,0.01712,0,0.01712,7.58148,0.002258134295678416351424787772,touched_quote_without_depletion,,0.00428,False,missing_same_side_strict_through_support,111,59874,0,56,same_touch_stable_enough,real_bbo_history_touch_stability,30115,1784017600643,8.89874,7.57648,-1.32226,37,19,-18,reset_supported,same_touch_top_qty_or_order_count_reduced,pass,,,,latest_l2_received_before_or_at_candidate,latest_l2_exchange_time_equal_candidate,event_driven_current_l2_plus_rolling_public_trades_proxy_not_exact_queue_or_fill_probability
1120,l2Book,1784017631287,1784017631503088139,0.216604,buy,62630,62630,62631,1,0.005,7.57648,19,1515.296,2,0.01584,0,0.01584,7.58148,0.002089301824973488026084616724,touched_quote_without_depletion,,0.00396,False,missing_same_side_strict_through_support,111,59864,0,57,same_touch_stable_enough,real_bbo_history_touch_stability,30644,1784017600643,8.89874,7.57648,-1.32226,37,19,-18,reset_supported,same_touch_top_qty_or_order_count_reduced,pass,,,,latest_l2_received_before_or_at_candidate,latest_l2_exchange_time_equal_candidate,event_driven_current_l2_plus_rolling_public_trades_proxy_not_exact_queue_or_fill_probability
1121,l2Book,1784017631822,1784017632044410736,0.22294,buy,62630,62630,62631,1,0.005,7.59248,20,1518.496,2,0.01584,0,0.01584,7.59748,0.002084901835871894364973649157,touched_quote_without_depletion,,0.00396,False,missing_same_side_strict_through_support,111,59854,0,58,same_touch_stable_enough,real_bbo_history_touch_stability,31179,1784017600643,8.89874,7.59248,-1.30626,37,20,-17,reset_supported,same_touch_top_qty_or_order_count_reduced,pass,,,,latest_l2_received_before_or_at_candidate,latest_l2_exchange_time_equal_candidate,event_driven_current_l2_plus_rolling_public_trades_proxy_not_exact_queue_or_fill_probability
1122,trades,1784017632097,1784017632281294838,0.184804,buy,62630,62630,62631,1,0.005,7.59248,20,1518.496,3,0.01584,0,0.01584,7.59748,0.002084901835871894364973649157,touched_quote_without_depletion,,0.00396,False,missing_same_side_strict_through_support,110,59319,275,58,same_touch_stable_enough,real_bbo_history_touch_stability,31454,1784017600643,8.89874,7.59248,-1.30626,37,20,-17,reset_supported,same_touch_top_qty_or_order_count_reduced,pass,,,,latest_l2_received_before_or_at_candidate,latest_l2_exchange_time_before_candidate,event_driven_current_l2_plus_rolling_public_trades_proxy_not_exact_queue_or_fill_probability
1123,l2Book,1784017632367,1784017632587483423,0.221,buy,62630,62630,62631,1,0.005,7.05744,16,1411.488,3,0.01584,0,0.01584,7.06244,0.002242850912715718646813282662,touched_quote_without_depletion,,0.00396,False,missing_same_side_strict_through_support,111,59864,0,59,same_touch_stable_enough,real_bbo_history_touch_stability,31724,1784017600643,8.89874,7.05744,-1.8413,37,16,-21,reset_supported,same_touch_top_qty_or_order_count_reduced,pass,,,,latest_l2_received_before_or_at_candidate,latest_l2_exchange_time_equal_candidate,event_driven_current_l2_plus_rolling_public_trades_proxy_not_exact_queue_or_fill_probability
1124,l2Book,1784017632907,1784017633132365462,0.225851,buy,62630,62630,62631,1,0.005,0.91372,7,182.744,3,0.01584,0,0.01584,0.91872,0.01724137931034482758620689655,touched_quote_without_depletion,,0.00396,False,missing_same_side_strict_through_support,111,59855,0,60,same_touch_stable_enough,real_bbo_history_touch_stability,32264,1784017600643,8.89874,0.91372,-7.98502,37,7,-30,reset_supported,same_touch_top_qty_or_order_count_reduced,pass,,,,latest_l2_received_before_or_at_candidate,latest_l2_exchange_time_equal_candidate,event_driven_current_l2_plus_rolling_public_trades_proxy_not_exact_queue_or_fill_probability
1125,l2Book,1784017633424,1784017633668613188,0.24509,buy,62630,62630,62631,1,0.005,0.47372,6,94.744,2,0,0,0,0.47872,0,not_depleted,,0.0,False,missing_same_side_strict_through_support;missing_recent_same_side_at_or_through_throughput,111,59831,0,61,same_touch_stable_enough,real_bbo_history_touch_stability,32781,1784017600643,8.89874,0.47372,-8.42502,37,6,-31,reset_supported,same_touch_top_qty_or_order_count_reduced,pass,,,,latest_l2_received_before_or_at_candidate,latest_l2_exchange_time_equal_candidate,event_driven_current_l2_plus_rolling_public_trades_proxy_not_exact_queue_or_fill_probability
1126,l2Book,1784017633976,1784017634209889382,0.23439,buy,62630,62630,62631,1,0.005,0.43049,4,86.098,1,0,0,0,0.43549,0,not_depleted,,0.0,False,missing_same_side_strict_through_support;missing_recent_same_side_at_or_through_throughput,111,59781,0,62,same_touch_stable_enough,real_bbo_history_touch_stability,33333,1784017600643,8.89874,0.43049,-8.46825,37,4,-33,reset_supported,same_touch_top_qty_or_order_count_reduced,pass,,,,latest_l2_received_before_or_at_candidate,latest_l2_exchange_time_equal_candidate,event_driven_current_l2_plus_rolling_public_trades_proxy_not_exact_queue_or_fill_probability
1127,l2Book,1784017634527,1784017634761851652,0.235327,buy,62630,62630,62631,1,0.005,0.43049,4,86.098,1,0,0,0,0.43549,0,not_depleted,,0.0,False,missing_same_side_strict_through_support;missing_recent_same_side_at_or_through_throughput,111,59796,0,63,same_touch_stable_enough,real_bbo_history_touch_stability,33884,1784017600643,8.89874,0.43049,-8.46825,37,4,-33,reset_supported,same_touch_top_qty_or_order_count_reduced,pass,,,,latest_l2_received_before_or_at_candidate,latest_l2_exchange_time_equal_candidate,event_driven_current_l2_plus_rolling_public_trades_proxy_not_exact_queue_or_fill_probability
1128,trades,1784017635008,1784017635258574266,0.251083,buy,62630,62630,62631,1,0.005,0.43049,4,86.098,2,0,0,0,0.43549,0,not_depleted,,0.0,False,missing_same_side_strict_through_support;missing_recent_same_side_at_or_through_throughput,110,59256,481,63,same_touch_stable_enough,real_bbo_history_touch_stability,34365,1784017600643,8.89874,0.43049,-8.46825,37,4,-33,reset_supported,same_touch_top_qty_or_order_count_reduced,pass,,,,latest_l2_received_before_or_at_candidate,latest_l2_exchange_time_before_candidate,event_driven_current_l2_plus_rolling_public_trades_proxy_not_exact_queue_or_fill_probability
1129,l2Book,1784017635133,1784017635350690033,0.218155,buy,62630,62630,62631,1,0.005,0.42849,3,85.698,1,0,0,0,0.43349,0,not_depleted,,0.0,False,missing_same_side_strict_through_support;missing_recent_same_side_at_or_through_throughput,111,59862,0,64,same_touch_stable_enough,real_bbo_history_touch_stability,34490,1784017600643,8.89874,0.42849,-8.47025,37,3,-34,reset_supported,same_touch_top_qty_or_order_count_reduced,pass,,,,latest_l2_received_before_or_at_candidate,latest_l2_exchange_time_equal_candidate,event_driven_current_l2_plus_rolling_public_trades_proxy_not_exact_queue_or_fill_probability
1130,l2Book,1784017635698,1784017635933111839,0.235614,buy,62630,62630,62631,1,0.005,7.36432,16,1472.864,1,0,0,0,7.36932,0,not_depleted,,0.0,False,missing_same_side_strict_through_support;missing_recent_same_side_at_or_through_throughput,111,59875,0,65,same_touch_stable_enough,real_bbo_history_touch_stability,35055,1784017600643,8.89874,7.36432,-1.53442,37,16,-21,reset_supported,same_touch_top_qty_or_order_count_reduced,pass,,,,latest_l2_received_before_or_at_candidate,latest_l2_exchange_time_equal_candidate,event_driven_current_l2_plus_rolling_public_trades_proxy_not_exact_queue_or_fill_probability
1131,trades,1784017635898,1784017636099254463,0.201729,buy,62630,62630,62631,1,0.005,7.36432,16,1472.864,2,0.0032,0,0.0032,7.36932,0.0004342327378916914993513648478,touched_quote_without_depletion,,0.0008,False,missing_same_side_strict_through_support,110,59261,200,65,same_touch_stable_enough,real_bbo_history_touch_stability,35255,1784017600643,8.89874,7.36432,-1.53442,37,16,-21,reset_supported,same_touch_top_qty_or_order_count_reduced,pass,,,,latest_l2_received_before_or_at_candidate,latest_l2_exchange_time_before_candidate,event_driven_current_l2_plus_rolling_public_trades_proxy_not_exact_queue_or_fill_probability
1132,l2Book,1784017636229,1784017636463236637,0.23474,buy,62630,62630,62631,1,0.005,11.54088,44,2308.176,2,0.0032,0,0.0032,11.54588,0.000277155141054644600498186366,touched_quote_without_depletion,,0.0008,False,missing_same_side_strict_through_support,111,59792,0,66,same_touch_stable_enough,real_bbo_history_touch_stability,35586,1784017600643,8.89874,11.54088,2.64214,37,44,7,not_reset,history_present_no_reset,pass,,,history_present_no_reset,latest_l2_received_before_or_at_candidate,latest_l2_exchange_time_equal_candidate,event_driven_current_l2_plus_rolling_public_trades_proxy_not_exact_queue_or_fill_probability
1133,l2Book,1784017636770,1784017636985959146,0.216462,buy,62630,62630,62631,1,0.005,12.3362,49,2467.24,2,0.0032,0,0.0032,12.3412,0.0002592940718892814313032768288,touched_quote_without_depletion,,0.0008,False,missing_same_side_strict_through_support,111,59664,0,67,same_touch_stable_enough,real_bbo_history_touch_stability,36127,1784017600643,11.54088,12.3362,0.79532,44,49,5,not_reset,history_present_no_reset,pass,,,history_present_no_reset,latest_l2_received_before_or_at_candidate,latest_l2_exchange_time_equal_candidate,event_driven_current_l2_plus_rolling_public_trades_proxy_not_exact_queue_or_fill_probability
1134,trades,1784017637040,1784017637262086313,0.222587,buy,62630,62630,62631,1,0.005,12.3362,49,2467.24,3,0.00392,0,0.00392,12.3412,0.0003176352380643697533465141153,touched_quote_without_depletion,,0.00098,False,missing_same_side_strict_through_support,111,59664,270,67,same_touch_stable_enough,real_bbo_history_touch_stability,36397,1784017600643,11.54088,12.3362,0.79532,44,49,5,not_reset,history_present_no_reset,pass,,,history_present_no_reset,latest_l2_received_before_or_at_candidate,latest_l2_exchange_time_before_candidate,event_driven_current_l2_plus_rolling_public_trades_proxy_not_exact_queue_or_fill_probability
1135,l2Book,1784017637287,1784017637534753365,0.24826,buy,62630,62630,62631,1,0.005,11.57328,49,2314.656,3,0.00392,0,0.00392,11.57828,0.0003385649681990762013010568064,touched_quote_without_depletion,,0.00098,False,missing_same_side_strict_through_support,111,59644,0,68,same_touch_stable_enough,real_bbo_history_touch_stability,36644,1784017600643,12.3362,11.57328,-0.76292,49,49,0,not_reset,history_present_no_reset,pass,,,history_present_no_reset,latest_l2_received_before_or_at_candidate,latest_l2_exchange_time_equal_candidate,event_driven_current_l2_plus_rolling_public_trades_proxy_not_exact_queue_or_fill_probability
1136,l2Book,1784017637842,1784017638069770323,0.22828,buy,62630,62630,62631,1,0.005,11.91284,46,2382.568,3,0.00392,0,0.00392,11.91784,0.0003289186631134500882710289784,touched_quote_without_depletion,,0.00098,False,missing_same_side_strict_through_support,111,59665,0,69,same_touch_stable_enough,real_bbo_history_touch_stability,37199,1784017600643,12.3362,11.91284,-0.42336,49,46,-3,reset_supported,same_touch_top_qty_or_order_count_reduced,pass,,,,latest_l2_received_before_or_at_candidate,latest_l2_exchange_time_equal_candidate,event_driven_current_l2_plus_rolling_public_trades_proxy_not_exact_queue_or_fill_probability
1137,trades,1784017637842,1784017638070489329,0.228829,buy,62630,62630,62631,1,0.005,11.91284,46,2382.568,4,0.00392,0,0.00392,11.91784,0.0003289186631134500882710289784,touched_quote_without_depletion,,0.00098,False,missing_same_side_strict_through_support,111,59665,0,69,same_touch_stable_enough,real_bbo_history_touch_stability,37199,1784017600643,12.3362,11.91284,-0.42336,49,46,-3,reset_supported,same_touch_top_qty_or_order_count_reduced,pass,,,,latest_l2_received_before_or_at_candidate,latest_l2_exchange_time_equal_candidate,event_driven_current_l2_plus_rolling_public_trades_proxy_not_exact_queue_or_fill_probability
1138,l2Book,1784017638370,1784017638651295824,0.281802,buy,62630,62630,62631,1,0.005,11.91284,46,2382.568,3,0.00392,0,0.00392,11.91784,0.0003289186631134500882710289784,touched_quote_without_depletion,,0.00098,False,missing_same_side_strict_through_support,111,59623,0,70,same_touch_stable_enough,real_bbo_history_touch_stability,37727,1784017600643,12.3362,11.91284,-0.42336,49,46,-3,reset_supported,same_touch_top_qty_or_order_count_reduced,pass,,,,latest_l2_received_before_or_at_candidate,latest_l2_exchange_time_equal_candidate,event_driven_current_l2_plus_rolling_public_trades_proxy_not_exact_queue_or_fill_probability
1139,l2Book,1784017638949,1784017639189172379,0.2407,buy,62630,62630,62631,1,0.005,11.91284,46,2382.568,2,0.00072,0,0.00072,11.91784,0.00006041363200042960804978083277,touched_quote_without_depletion,,0.00018,False,missing_same_side_strict_through_support,111,59682,0,71,same_touch_stable_enough,real_bbo_history_touch_stability,38306,1784017600643,12.3362,11.91284,-0.42336,49,46,-3,reset_supported,same_touch_top_qty_or_order_count_reduced,pass,,,,latest_l2_received_before_or_at_candidate,latest_l2_exchange_time_equal_candidate,event_driven_current_l2_plus_rolling_public_trades_proxy_not_exact_queue_or_fill_probability
1140,l2Book,1784017639478,1784017639703864453,0.226367,buy,62630,62630,62631,1,0.005,11.91284,46,2382.568,2,0.00072,0,0.00072,11.91784,0.00006041363200042960804978083277,touched_quote_without_depletion,,0.00018,False,missing_same_side_strict_through_support,111,59653,0,72,same_touch_stable_enough,real_bbo_history_touch_stability,38835,1784017600643,12.3362,11.91284,-0.42336,49,46,-3,reset_supported,same_touch_top_qty_or_order_count_reduced,pass,,,,latest_l2_received_before_or_at_candidate,latest_l2_exchange_time_equal_candidate,event_driven_current_l2_plus_rolling_public_trades_proxy_not_exact_queue_or_fill_probability
1141,l2Book,1784017640009,1784017640282278265,0.273826,buy,62630,62630,62631,1,0.005,12.03983,47,2407.966,2,0.00072,0,0.00072,12.04483,0.00005977668427034669646645075107,touched_quote_without_depletion,,0.00018,False,missing_same_side_strict_through_support,111,59650,0,73,same_touch_stable_enough,real_bbo_history_touch_stability,39366,1784017600643,12.3362,12.03983,-0.29637,49,47,-2,reset_supported,same_touch_top_qty_or_order_count_reduced,pass,,,,latest_l2_received_before_or_at_candidate,latest_l2_exchange_time_equal_candidate,event_driven_current_l2_plus_rolling_public_trades_proxy_not_exact_queue_or_fill_probability
1142,l2Book,1784017640530,1784017640771983836,0.242444,buy,62630,62630,62631,1,0.005,12.03983,47,2407.966,1,0,0,0,12.04483,0,not_depleted,,0.0,False,missing_same_side_strict_through_support;missing_recent_same_side_at_or_through_throughput,111,59626,0,74,same_touch_stable_enough,real_bbo_history_touch_stability,39887,1784017600643,12.3362,12.03983,-0.29637,49,47,-2,reset_supported,same_touch_top_qty_or_order_count_reduced,pass,,,,latest_l2_received_before_or_at_candidate,latest_l2_exchange_time_equal_candidate,event_driven_current_l2_plus_rolling_public_trades_proxy_not_exact_queue_or_fill_probability
1143,l2Book,1784017641086,1784017641318810232,0.233332,buy,62630,62630,62631,1,0.005,14.55125,56,2910.25,0,0,0,0,14.55625,0,not_depleted,,0.0,False,missing_same_side_strict_through_support;missing_recent_same_side_at_or_through_throughput,111,59618,0,75,same_touch_stable_enough,real_bbo_history_touch_stability,40443,1784017600643,12.3362,14.55125,2.21505,49,56,7,not_reset,history_present_no_reset,pass,,,history_present_no_reset,latest_l2_received_before_or_at_candidate,latest_l2_exchange_time_equal_candidate,event_driven_current_l2_plus_rolling_public_trades_proxy_not_exact_queue_or_fill_probability
1144,trades,1784017641474,1784017641676462604,0.20293,buy,62630,62630,62631,1,0.005,14.55125,56,2910.25,2,0,0,0,14.55625,0,not_depleted,,0.0,False,missing_same_side_strict_through_support;missing_recent_same_side_at_or_through_throughput,110,59087,388,75,same_touch_stable_enough,real_bbo_history_touch_stability,40831,1784017600643,12.3362,14.55125,2.21505,49,56,7,not_reset,history_present_no_reset,pass,,,history_present_no_reset,latest_l2_received_before_or_at_candidate,latest_l2_exchange_time_before_candidate,event_driven_current_l2_plus_rolling_public_trades_proxy_not_exact_queue_or_fill_probability
1145,l2Book,1784017641613,1784017641867371806,0.254842,buy,62635,62635,62636,1,0.005,29.36115,137,5872.23,2,0,0,0,29.36615,0,not_depleted,,0.0,False,missing_same_side_strict_through_support;missing_touch_freshness_or_queue_reset_evidence;missing_recent_same_side_at_or_through_throughput,111,59614,0,1,same_touch_seen_but_not_stable,real_bbo_history_insufficient,0,1784017641613,,29.36115,,,137,,missing,no_prior_same_touch_bbo,block,no_prior_same_touch_bbo,same_touch_seen_but_not_stable,no_prior_same_touch_bbo,latest_l2_received_before_or_at_candidate,latest_l2_exchange_time_equal_candidate,event_driven_current_l2_plus_rolling_public_trades_proxy_not_exact_queue_or_fill_probability
1146,l2Book,1784017642169,1784017642388509496,0.21998,buy,62636,62636,62637,1,0.005,70.33727,340,14067.454,2,0,0,0,70.34227,0,not_depleted,,0.0,False,missing_same_side_strict_through_support;missing_touch_freshness_or_queue_reset_evidence;missing_recent_same_side_at_or_through_throughput,111,59633,0,1,same_touch_seen_but_not_stable,real_bbo_history_insufficient,0,1784017642169,,70.33727,,,340,,missing,no_prior_same_touch_bbo,block,no_prior_same_touch_bbo,same_touch_seen_but_not_stable,no_prior_same_touch_bbo,latest_l2_received_before_or_at_candidate,latest_l2_exchange_time_equal_candidate,event_driven_current_l2_plus_rolling_public_trades_proxy_not_exact_queue_or_fill_probability
1147,trades,1784017642422,1784017642637945698,0.216398,buy,62636,62636,62637,1,0.005,70.33727,340,14067.454,3,0,0,0,70.34227,0,not_depleted,,0.0,False,missing_same_side_strict_through_support;missing_recent_same_side_at_or_through_throughput,111,59633,253,1,same_touch_stable_enough,real_bbo_history_touch_stability,253,1784017642169,,70.33727,,,340,,missing,no_prior_same_touch_bbo,pass,,,no_prior_same_touch_bbo,latest_l2_received_before_or_at_candidate,latest_l2_exchange_time_before_candidate,event_driven_current_l2_plus_rolling_public_trades_proxy_not_exact_queue_or_fill_probability
1148,l2Book,1784017642713,1784017642930138592,0.217626,buy,62636,62636,62637,1,0.005,13.94908,53,2789.816,3,0,0,0,13.95408,0,not_depleted,,0.0,False,missing_same_side_strict_through_support;missing_recent_same_side_at_or_through_throughput,111,59633,0,2,same_touch_stable_enough,real_bbo_history_touch_stability,544,1784017642169,70.33727,13.94908,-56.38819,340,53,-287,reset_supported,same_touch_top_qty_or_order_count_reduced,pass,,,,latest_l2_received_before_or_at_candidate,latest_l2_exchange_time_equal_candidate,event_driven_current_l2_plus_rolling_public_trades_proxy_not_exact_queue_or_fill_probability
1149,trades,1784017643115,1784017643540165730,0.425647,buy,62636,62636,62637,1,0.005,13.94908,53,2789.816,4,0.00562,0,0.00562,13.95408,0.00040274959008404710306949652,touched_quote_without_depletion,,0.0014,False,missing_same_side_strict_through_support,110,59099,402,2,same_touch_stable_enough,real_bbo_history_touch_stability,946,1784017642169,70.33727,13.94908,-56.38819,340,53,-287,reset_supported,same_touch_top_qty_or_order_count_reduced,pass,,,,latest_l2_received_before_or_at_candidate,latest_l2_exchange_time_before_candidate,event_driven_current_l2_plus_rolling_public_trades_proxy_not_exact_queue_or_fill_probability
1150,trades,1784017643183,1784017643540842398,0.358131,buy,62636,62636,62637,1,0.005,13.94908,53,2789.816,5,0.00562,0,0.00562,13.95408,0.00040274959008404710306949652,touched_quote_without_depletion,,0.0014,False,missing_same_side_strict_through_support,110,59099,470,2,same_touch_stable_enough,real_bbo_history_touch_stability,1014,1784017642169,70.33727,13.94908,-56.38819,340,53,-287,reset_supported,same_touch_top_qty_or_order_count_reduced,pass,,,,latest_l2_received_before_or_at_candidate,latest_l2_exchange_time_before_candidate,event_driven_current_l2_plus_rolling_public_trades_proxy_not_exact_queue_or_fill_probability
1151,l2Book,1784017643226,1784017643541276327,0.315573,buy,62636,62636,62637,1,0.005,14.07342,56,2814.684,5,0.00562,0,0.00562,14.07842,0.0003991925230246007719616263757,touched_quote_without_depletion,,0.0014,False,missing_same_side_strict_through_support,111,59612,0,3,same_touch_stable_enough,real_bbo_history_touch_stability,1057,1784017642169,70.33727,14.07342,-56.26385,340,56,-284,reset_supported,same_touch_top_qty_or_order_count_reduced,pass,,,,latest_l2_received_before_or_at_candidate,latest_l2_exchange_time_equal_candidate,event_driven_current_l2_plus_rolling_public_trades_proxy_not_exact_queue_or_fill_probability
1152,trades,1784017643498,1784017643682876481,0.185403,buy,62636,62636,62637,1,0.005,14.07342,56,2814.684,6,0.00562,0,0.00562,14.07842,0.0003991925230246007719616263757,touched_quote_without_depletion,,0.0014,False,missing_same_side_strict_through_support,111,59612,272,3,same_touch_stable_enough,real_bbo_history_touch_stability,1329,1784017642169,70.33727,14.07342,-56.26385,340,56,-284,reset_supported,same_touch_top_qty_or_order_count_reduced,pass,,,,latest_l2_received_before_or_at_candidate,latest_l2_exchange_time_before_candidate,event_driven_current_l2_plus_rolling_public_trades_proxy_not_exact_queue_or_fill_probability
1153,l2Book,1784017643767,1784017643983279727,0.216753,buy,62636,62636,62637,1,0.005,14.93504,52,2987.008,6,0.00562,0,0.00562,14.94004,0.0003761703449254486601106824346,touched_quote_without_depletion,,0.0014,False,missing_same_side_strict_through_support,111,59628,0,4,same_touch_stable_enough,real_bbo_history_touch_stability,1598,1784017642169,70.33727,14.93504,-55.40223,340,52,-288,reset_supported,same_touch_top_qty_or_order_count_reduced,pass,,,,latest_l2_received_before_or_at_candidate,latest_l2_exchange_time_equal_candidate,event_driven_current_l2_plus_rolling_public_trades_proxy_not_exact_queue_or_fill_probability
1154,trades,1784017643965,1784017644151605578,0.187106,buy,62636,62636,62637,1,0.005,14.93504,52,2987.008,21,0.00562,0,0.00562,14.94004,0.0003761703449254486601106824346,touched_quote_without_depletion,,0.0014,False,missing_same_side_strict_through_support,111,59628,198,4,same_touch_stable_enough,real_bbo_history_touch_stability,1796,1784017642169,70.33727,14.93504,-55.40223,340,52,-288,reset_supported,same_touch_top_qty_or_order_count_reduced,pass,,,,latest_l2_received_before_or_at_candidate,latest_l2_exchange_time_before_candidate,event_driven_current_l2_plus_rolling_public_trades_proxy_not_exact_queue_or_fill_probability
1155,l2Book,1784017644300,1784017644516258198,0.21675,buy,62636,62636,62637,1,0.005,14.43743,54,2887.486,21,0.00562,0,0.00562,14.44243,0.0003891311919116104422870666501,touched_quote_without_depletion,,0.0014,False,missing_same_side_strict_through_support,111,59612,0,5,same_touch_stable_enough,real_bbo_history_touch_stability,2131,1784017642169,70.33727,14.43743,-55.89984,340,54,-286,reset_supported,same_touch_top_qty_or_order_count_reduced,pass,,,,latest_l2_received_before_or_at_candidate,latest_l2_exchange_time_equal_candidate,event_driven_current_l2_plus_rolling_public_trades_proxy_not_exact_queue_or_fill_probability
1156,l2Book,1784017644836,1784017645047310322,0.211807,buy,62636,62636,62637,1,0.005,17.37637,59,3475.274,19,0.00562,0,0.00562,17.38137,0.0003233346968622151188312543833,touched_quote_without_depletion,,0.0014,False,missing_same_side_strict_through_support,111,59612,0,6,same_touch_stable_enough,real_bbo_history_touch_stability,2667,1784017642169,70.33727,17.37637,-52.9609,340,59,-281,reset_supported,same_touch_top_qty_or_order_count_reduced,pass,,,,latest_l2_received_before_or_at_candidate,latest_l2_exchange_time_equal_candidate,event_driven_current_l2_plus_rolling_public_trades_proxy_not_exact_queue_or_fill_probability
1157,l2Book,1784017645383,1784017645607267258,0.224778,buy,62636,62636,62637,1,0.005,20.65444,68,4130.888,19,0.00562,0,0.00562,20.65944,0.0002720306068315501291419322111,touched_quote_without_depletion,,0.0014,False,missing_same_side_strict_through_support,111,59627,0,7,same_touch_stable_enough,real_bbo_history_touch_stability,3214,1784017642169,70.33727,20.65444,-49.68283,340,68,-272,reset_supported,same_touch_top_qty_or_order_count_reduced,pass,,,,latest_l2_received_before_or_at_candidate,latest_l2_exchange_time_equal_candidate,event_driven_current_l2_plus_rolling_public_trades_proxy_not_exact_queue_or_fill_probability
1158,l2Book,1784017645918,1784017646143827751,0.226357,buy,62636,62636,62637,1,0.005,20.82318,72,4164.636,18,0.00562,0,0.00562,20.82818,0.0002698267443434808034115318765,touched_quote_without_depletion,,0.0014,False,missing_same_side_strict_through_support,111,59624,0,8,same_touch_stable_enough,real_bbo_history_touch_stability,3749,1784017642169,70.33727,20.82318,-49.51409,340,72,-268,reset_supported,same_touch_top_qty_or_order_count_reduced,pass,,,,latest_l2_received_before_or_at_candidate,latest_l2_exchange_time_equal_candidate,event_driven_current_l2_plus_rolling_public_trades_proxy_not_exact_queue_or_fill_probability
1159,l2Book,1784017646445,1784017646664328631,0.21982,buy,62636,62636,62637,1,0.005,18.90255,71,3780.51,16,0,0,0,18.90755,0,not_depleted,,0.0,False,missing_same_side_strict_through_support;missing_recent_same_side_at_or_through_throughput,111,59612,0,9,same_touch_stable_enough,real_bbo_history_touch_stability,4276,1784017642169,70.33727,18.90255,-51.43472,340,71,-269,reset_supported,same_touch_top_qty_or_order_count_reduced,pass,,,,latest_l2_received_before_or_at_candidate,latest_l2_exchange_time_equal_candidate,event_driven_current_l2_plus_rolling_public_trades_proxy_not_exact_queue_or_fill_probability
1160,trades,1784017646496,1784017646735601946,0.240063,buy,62636,62636,62637,1,0.005,18.90255,71,3780.51,17,0,0,0,18.90755,0,not_depleted,,0.0,False,missing_same_side_strict_through_support;missing_recent_same_side_at_or_through_throughput,111,59612,51,9,same_touch_stable_enough,real_bbo_history_touch_stability,4327,1784017642169,70.33727,18.90255,-51.43472,340,71,-269,reset_supported,same_touch_top_qty_or_order_count_reduced,pass,,,,latest_l2_received_before_or_at_candidate,latest_l2_exchange_time_before_candidate,event_driven_current_l2_plus_rolling_public_trades_proxy_not_exact_queue_or_fill_probability
1161,l2Book,1784017646971,1784017647195040550,0.22457,buy,62636,62636,62637,1,0.005,20.82105,72,4164.21,1,0,0,0,20.82605,0,not_depleted,,0.0,False,missing_same_side_strict_through_support;missing_recent_same_side_at_or_through_throughput,111,59594,0,10,same_touch_stable_enough,real_bbo_history_touch_stability,4802,1784017642169,70.33727,20.82105,-49.51622,340,72,-268,reset_supported,same_touch_top_qty_or_order_count_reduced,pass,,,,latest_l2_received_before_or_at_candidate,latest_l2_exchange_time_equal_candidate,event_driven_current_l2_plus_rolling_public_trades_proxy_not_exact_queue_or_fill_probability
1162,trades,1784017647051,1784017647287515213,0.237003,buy,62636,62636,62637,1,0.005,20.82105,72,4164.21,2,0,0,0,20.82605,0,not_depleted,,0.0,False,missing_same_side_strict_through_support;missing_recent_same_side_at_or_through_throughput,111,59594,80,10,same_touch_stable_enough,real_bbo_history_touch_stability,4882,1784017642169,70.33727,20.82105,-49.51622,340,72,-268,reset_supported,same_touch_top_qty_or_order_count_reduced,pass,,,,latest_l2_received_before_or_at_candidate,latest_l2_exchange_time_before_candidate,event_driven_current_l2_plus_rolling_public_trades_proxy_not_exact_queue_or_fill_probability
1163,l2Book,1784017647505,1784017647743255846,0.238745,buy,62636,62636,62637,1,0.005,20.82105,72,4164.21,2,0,0,0,20.82605,0,not_depleted,,0.0,False,missing_same_side_strict_through_support;missing_recent_same_side_at_or_through_throughput,111,59609,0,11,same_touch_stable_enough,real_bbo_history_touch_stability,5336,1784017642169,70.33727,20.82105,-49.51622,340,72,-268,reset_supported,same_touch_top_qty_or_order_count_reduced,pass,,,,latest_l2_received_before_or_at_candidate,latest_l2_exchange_time_equal_candidate,event_driven_current_l2_plus_rolling_public_trades_proxy_not_exact_queue_or_fill_probability
1164,l2Book,1784017648056,1784017648542573519,0.487046,buy,62636,62636,62638,2,0.005,43.77487,77,8754.974,2,0,0,0,43.77987,0,not_depleted,,0.0,False,missing_same_side_strict_through_support;missing_touch_freshness_or_queue_reset_evidence;missing_recent_same_side_at_or_through_throughput,111,59613,0,1,same_touch_seen_but_not_stable,real_bbo_history_insufficient,0,1784017648056,,43.77487,,,77,,missing,no_prior_same_touch_bbo,block,no_prior_same_touch_bbo,same_touch_seen_but_not_stable,no_prior_same_touch_bbo,latest_l2_received_before_or_at_candidate,latest_l2_exchange_time_equal_candidate,event_driven_current_l2_plus_rolling_public_trades_proxy_not_exact_queue_or_fill_probability
1165,trades,1784017648314,1784017648543288548,0.229589,buy,62636,62636,62638,2,0.005,43.77487,77,8754.974,3,0,0,0,43.77987,0,not_depleted,,0.0,False,missing_same_side_strict_through_support;missing_recent_same_side_at_or_through_throughput,111,59613,258,1,same_touch_stable_enough,real_bbo_history_touch_stability,258,1784017648056,,43.77487,,,77,,missing,no_prior_same_touch_bbo,pass,,,no_prior_same_touch_bbo,latest_l2_received_before_or_at_candidate,latest_l2_exchange_time_before_candidate,event_driven_current_l2_plus_rolling_public_trades_proxy_not_exact_queue_or_fill_probability
1166,trades,1784017648459,1784017648664477569,0.205937,buy,62636,62636,62638,2,0.005,43.77487,77,8754.974,6,0,0,0,43.77987,0,not_depleted,,0.0,False,missing_same_side_strict_through_support;missing_recent_same_side_at_or_through_throughput,110,59060,403,1,same_touch_stable_enough,real_bbo_history_touch_stability,403,1784017648056,,43.77487,,,77,,missing,no_prior_same_touch_bbo,pass,,,no_prior_same_touch_bbo,latest_l2_received_before_or_at_candidate,latest_l2_exchange_time_before_candidate,event_driven_current_l2_plus_rolling_public_trades_proxy_not_exact_queue_or_fill_probability
1167,l2Book,1784017648592,1784017648832886820,0.241355,buy,62637,62637,62638,1,0.005,42.91262,101,8582.524,6,0,0,0,42.91762,0,not_depleted,,0.0,False,missing_same_side_strict_through_support;missing_touch_freshness_or_queue_reset_evidence;missing_recent_same_side_at_or_through_throughput,111,59596,0,1,same_touch_seen_but_not_stable,real_bbo_history_insufficient,0,1784017648592,,42.91262,,,101,,missing,no_prior_same_touch_bbo,block,no_prior_same_touch_bbo,same_touch_seen_but_not_stable,no_prior_same_touch_bbo,latest_l2_received_before_or_at_candidate,latest_l2_exchange_time_equal_candidate,event_driven_current_l2_plus_rolling_public_trades_proxy_not_exact_queue_or_fill_probability
1168,trades,1784017648794,1784017648995792624,0.202268,buy,62637,62637,62638,1,0.005,42.91262,101,8582.524,7,0,0,0,42.91762,0,not_depleted,,0.0,False,missing_same_side_strict_through_support;missing_touch_freshness_or_queue_reset_evidence;missing_recent_same_side_at_or_through_throughput,111,59596,202,1,same_touch_seen_but_not_stable,real_bbo_history_insufficient,202,1784017648592,,42.91262,,,101,,missing,no_prior_same_touch_bbo,block,no_prior_same_touch_bbo,same_touch_seen_but_not_stable,no_prior_same_touch_bbo,latest_l2_received_before_or_at_candidate,latest_l2_exchange_time_before_candidate,event_driven_current_l2_plus_rolling_public_trades_proxy_not_exact_queue_or_fill_probability
1169,trades,1784017648928,1784017649125545706,0.198053,buy,62637,62637,62638,1,0.005,42.91262,101,8582.524,8,0,0,0,42.91762,0,not_depleted,,0.0,False,missing_same_side_strict_through_support;missing_recent_same_side_at_or_through_throughput,111,59596,336,1,same_touch_stable_enough,real_bbo_history_touch_stability,336,1784017648592,,42.91262,,,101,,missing,no_prior_same_touch_bbo,pass,,,no_prior_same_touch_bbo,latest_l2_received_before_or_at_candidate,latest_l2_exchange_time_before_candidate,event_driven_current_l2_plus_rolling_public_trades_proxy_not_exact_queue_or_fill_probability
1170,trades,1784017648995,1784017649194933831,0.200415,buy,62637,62637,62638,1,0.005,42.91262,101,8582.524,9,0,0,0,42.91762,0,not_depleted,,0.0,False,missing_same_side_strict_through_support;missing_recent_same_side_at_or_through_throughput,111,59596,403,1,same_touch_stable_enough,real_bbo_history_touch_stability,403,1784017648592,,42.91262,,,101,,missing,no_prior_same_touch_bbo,pass,,,no_prior_same_touch_bbo,latest_l2_received_before_or_at_candidate,latest_l2_exchange_time_before_candidate,event_driven_current_l2_plus_rolling_public_trades_proxy_not_exact_queue_or_fill_probability
1171,trades,1784017649060,1784017649347013274,0.287496,buy,62637,62637,62638,1,0.005,42.91262,101,8582.524,10,0,0,0,42.91762,0,not_depleted,,0.0,False,missing_same_side_strict_through_support;missing_recent_same_side_at_or_through_throughput,110,59066,468,1,same_touch_stable_enough,real_bbo_history_touch_stability,468,1784017648592,,42.91262,,,101,,missing,no_prior_same_touch_bbo,pass,,,no_prior_same_touch_bbo,latest_l2_received_before_or_at_candidate,latest_l2_exchange_time_before_candidate,event_driven_current_l2_plus_rolling_public_trades_proxy_not_exact_queue_or_fill_probability
1172,l2Book,1784017649130,1784017649399926372,0.270388,buy,62637,62637,62638,1,0.005,38.67534,98,7735.068,10,0,0,0,38.68034,0,not_depleted,,0.0,False,missing_same_side_strict_through_support;missing_recent_same_side_at_or_through_throughput,111,59604,0,2,same_touch_stable_enough,real_bbo_history_touch_stability,538,1784017648592,42.91262,38.67534,-4.23728,101,98,-3,reset_supported,same_touch_top_qty_or_order_count_reduced,pass,,,,latest_l2_received_before_or_at_candidate,latest_l2_exchange_time_equal_candidate,event_driven_current_l2_plus_rolling_public_trades_proxy_not_exact_queue_or_fill_probability
1173,trades,1784017649130,1784017649400592485,0.270903,buy,62637,62637,62638,1,0.005,38.67534,98,7735.068,11,0,0,0,38.68034,0,not_depleted,,0.0,False,missing_same_side_strict_through_support;missing_recent_same_side_at_or_through_throughput,111,59604,0,2,same_touch_stable_enough,real_bbo_history_touch_stability,538,1784017648592,42.91262,38.67534,-4.23728,101,98,-3,reset_supported,same_touch_top_qty_or_order_count_reduced,pass,,,,latest_l2_received_before_or_at_candidate,latest_l2_exchange_time_equal_candidate,event_driven_current_l2_plus_rolling_public_trades_proxy_not_exact_queue_or_fill_probability
1174,l2Book,1784017649664,1784017649902225965,0.238719,buy,62637,62637,62638,1,0.005,42.23261,111,8446.522,10,0,0,0,42.23761,0,not_depleted,,0.0,False,missing_same_side_strict_through_support;missing_recent_same_side_at_or_through_throughput,111,59588,0,3,same_touch_stable_enough,real_bbo_history_touch_stability,1072,1784017648592,42.91262,42.23261,-0.68001,101,111,10,not_reset,history_present_no_reset,pass,,,history_present_no_reset,latest_l2_received_before_or_at_candidate,latest_l2_exchange_time_equal_candidate,event_driven_current_l2_plus_rolling_public_trades_proxy_not_exact_queue_or_fill_probability
1175,l2Book,1784017650212,1784017650438618024,0.227072,buy,62637,62637,62638,1,0.005,56.26718,101,11253.436,9,0,0,0,56.27218,0,not_depleted,,0.0,False,missing_same_side_strict_through_support;missing_recent_same_side_at_or_through_throughput,111,59597,0,4,same_touch_stable_enough,real_bbo_history_touch_stability,1620,1784017648592,42.91262,56.26718,13.35456,111,101,-10,reset_supported,same_touch_top_qty_or_order_count_reduced,pass,,,,latest_l2_received_before_or_at_candidate,latest_l2_exchange_time_equal_candidate,event_driven_current_l2_plus_rolling_public_trades_proxy_not_exact_queue_or_fill_probability
1176,trades,1784017650588,1784017650793210917,0.20569,buy,62637,62637,62638,1,0.005,56.26718,101,11253.436,11,0,0,0,56.27218,0,not_depleted,,0.0,False,missing_same_side_strict_through_support;missing_recent_same_side_at_or_through_throughput,111,59597,376,4,same_touch_stable_enough,real_bbo_history_touch_stability,1996,1784017648592,42.91262,56.26718,13.35456,111,101,-10,reset_supported,same_touch_top_qty_or_order_count_reduced,pass,,,,latest_l2_received_before_or_at_candidate,latest_l2_exchange_time_before_candidate,event_driven_current_l2_plus_rolling_public_trades_proxy_not_exact_queue_or_fill_probability
1177,l2Book,1784017650716,1784017650975545324,0.260023,buy,62637,62637,62638,1,0.005,55.94191,101,11188.382,11,0,0,0,55.94691,0,not_depleted,,0.0,False,missing_same_side_strict_through_support;missing_recent_same_side_at_or_through_throughput,111,59561,0,5,same_touch_stable_enough,real_bbo_history_touch_stability,2124,1784017648592,56.26718,55.94191,-0.32527,111,101,-10,reset_supported,same_touch_top_qty_or_order_count_reduced,pass,,,,latest_l2_received_before_or_at_candidate,latest_l2_exchange_time_equal_candidate,event_driven_current_l2_plus_rolling_public_trades_proxy_not_exact_queue_or_fill_probability
1178,trades,1784017650790,1784017651049494407,0.26,buy,62637,62637,62638,1,0.005,55.94191,101,11188.382,14,0,0,0,55.94691,0,not_depleted,,0.0,False,missing_same_side_strict_through_support;missing_recent_same_side_at_or_through_throughput,111,59561,74,5,same_touch_stable_enough,real_bbo_history_touch_stability,2198,1784017648592,56.26718,55.94191,-0.32527,111,101,-10,reset_supported,same_touch_top_qty_or_order_count_reduced,pass,,,,latest_l2_received_before_or_at_candidate,latest_l2_exchange_time_before_candidate,event_driven_current_l2_plus_rolling_public_trades_proxy_not_exact_queue_or_fill_probability
1179,trades,1784017650951,1784017651144153313,0.193639,buy,62637,62637,62638,1,0.005,55.94191,101,11188.382,15,0,0,0,55.94691,0,not_depleted,,0.0,False,missing_same_side_strict_through_support;missing_recent_same_side_at_or_through_throughput,111,59561,235,5,same_touch_stable_enough,real_bbo_history_touch_stability,2359,1784017648592,56.26718,55.94191,-0.32527,111,101,-10,reset_supported,same_touch_top_qty_or_order_count_reduced,pass,,,,latest_l2_received_before_or_at_candidate,latest_l2_exchange_time_before_candidate,event_driven_current_l2_plus_rolling_public_trades_proxy_not_exact_queue_or_fill_probability
1180,l2Book,1784017651223,1784017651420560161,0.198046,buy,62637,62637,62638,1,0.005,49.86842,93,9973.684,15,0,0,0,49.87342,0,not_depleted,,0.0,False,missing_same_side_strict_through_support;missing_recent_same_side_at_or_through_throughput,111,59527,0,6,same_touch_stable_enough,real_bbo_history_touch_stability,2631,1784017648592,56.26718,49.86842,-6.39876,111,93,-18,reset_supported,same_touch_top_qty_or_order_count_reduced,pass,,,,latest_l2_received_before_or_at_candidate,latest_l2_exchange_time_equal_candidate,event_driven_current_l2_plus_rolling_public_trades_proxy_not_exact_queue_or_fill_probability
1181,l2Book,1784017651794,1784017652054147762,0.260639,buy,62637,62637,62638,1,0.005,54.18199,96,10836.398,11,0,0,0,54.18699,0,not_depleted,,0.0,False,missing_same_side_strict_through_support;missing_recent_same_side_at_or_through_throughput,111,59561,0,7,same_touch_stable_enough,real_bbo_history_touch_stability,3202,1784017648592,56.26718,54.18199,-2.08519,111,96,-15,reset_supported,same_touch_top_qty_or_order_count_reduced,pass,,,,latest_l2_received_before_or_at_candidate,latest_l2_exchange_time_equal_candidate,event_driven_current_l2_plus_rolling_public_trades_proxy_not_exact_queue_or_fill_probability
1182,trades,1784017652002,1784017652257908546,0.256407,buy,62637,62637,62638,1,0.005,54.18199,96,10836.398,10,0.00145,0,0.00145,54.18699,0.00002675919072087229794458042419,touched_quote_without_depletion,,0.00036,False,missing_same_side_strict_through_support,111,59561,208,7,same_touch_stable_enough,real_bbo_history_touch_stability,3410,1784017648592,56.26718,54.18199,-2.08519,111,96,-15,reset_supported,same_touch_top_qty_or_order_count_reduced,pass,,,,latest_l2_received_before_or_at_candidate,latest_l2_exchange_time_before_candidate,event_driven_current_l2_plus_rolling_public_trades_proxy_not_exact_queue_or_fill_probability
1183,l2Book,1784017652336,1784017652602514805,0.267012,buy,62637,62637,62638,1,0.005,52.56333,88,10512.666,8,0.00145,0,0.00145,52.56833,0.00002758314749584017601472217208,touched_quote_without_depletion,,0.00036,False,missing_same_side_strict_through_support,111,59565,0,8,same_touch_stable_enough,real_bbo_history_touch_stability,3744,1784017648592,56.26718,52.56333,-3.70385,111,88,-23,reset_supported,same_touch_top_qty_or_order_count_reduced,pass,,,,latest_l2_received_before_or_at_candidate,latest_l2_exchange_time_equal_candidate,event_driven_current_l2_plus_rolling_public_trades_proxy_not_exact_queue_or_fill_probability
1184,l2Book,1784017652872,1784017653092230214,0.220749,buy,62637,62637,62638,1,0.005,49.68564,87,9937.128,8,0.00145,0,0.00145,49.69064,0.00002918054587342807418057002285,touched_quote_without_depletion,,0.00036,False,missing_same_side_strict_through_support,111,59564,0,9,same_touch_stable_enough,real_bbo_history_touch_stability,4280,1784017648592,56.26718,49.68564,-6.58154,111,87,-24,reset_supported,same_touch_top_qty_or_order_count_reduced,pass,,,,latest_l2_received_before_or_at_candidate,latest_l2_exchange_time_equal_candidate,event_driven_current_l2_plus_rolling_public_trades_proxy_not_exact_queue_or_fill_probability
1185,l2Book,1784017653410,1784017653623074243,0.213618,buy,62637,62637,62638,1,0.005,52.56334,88,10512.668,8,0.00145,0,0.00145,52.56834,0.00002758314224873754811356036732,touched_quote_without_depletion,,0.00036,False,missing_same_side_strict_through_support,111,59568,0,10,same_touch_stable_enough,real_bbo_history_touch_stability,4818,1784017648592,56.26718,52.56334,-3.70384,111,88,-23,reset_supported,same_touch_top_qty_or_order_count_reduced,pass,,,,latest_l2_received_before_or_at_candidate,latest_l2_exchange_time_equal_candidate,event_driven_current_l2_plus_rolling_public_trades_proxy_not_exact_queue_or_fill_probability
1186,l2Book,1784017653948,1784017654175897608,0.228438,buy,62637,62637,62638,1,0.005,53.41168,89,10682.336,3,0.00145,0,0.00145,53.41668,0.00002714507902774938464913955716,touched_quote_without_depletion,,0.00036,False,missing_same_side_strict_through_support,111,59583,0,11,same_touch_stable_enough,real_bbo_history_touch_stability,5356,1784017648592,56.26718,53.41168,-2.8555,111,89,-22,reset_supported,same_touch_top_qty_or_order_count_reduced,pass,,,,latest_l2_received_before_or_at_candidate,latest_l2_exchange_time_equal_candidate,event_driven_current_l2_plus_rolling_public_trades_proxy_not_exact_queue_or_fill_probability
1187,l2Book,1784017654490,1784017654726539586,0.237016,buy,62637,62637,62638,1,0.005,52.56334,88,10512.668,2,0.00145,0,0.00145,52.56834,0.00002758314224873754811356036732,touched_quote_without_depletion,,0.00036,False,missing_same_side_strict_through_support,111,59620,0,12,same_touch_stable_enough,real_bbo_history_touch_stability,5898,1784017648592,56.26718,52.56334,-3.70384,111,88,-23,reset_supported,same_touch_top_qty_or_order_count_reduced,pass,,,,latest_l2_received_before_or_at_candidate,latest_l2_exchange_time_equal_candidate,event_driven_current_l2_plus_rolling_public_trades_proxy_not_exact_queue_or_fill_probability
1188,trades,1784017654565,1784017654756507530,0.191972,buy,62637,62637,62638,1,0.005,52.56334,88,10512.668,3,0.00145,0,0.00145,52.56834,0.00002758314224873754811356036732,touched_quote_without_depletion,,0.00036,False,missing_same_side_strict_through_support,111,59620,75,12,same_touch_stable_enough,real_bbo_history_touch_stability,5973,1784017648592,56.26718,52.56334,-3.70384,111,88,-23,reset_supported,same_touch_top_qty_or_order_count_reduced,pass,,,,latest_l2_received_before_or_at_candidate,latest_l2_exchange_time_before_candidate,event_driven_current_l2_plus_rolling_public_trades_proxy_not_exact_queue_or_fill_probability
1189,l2Book,1784017655097,1784017655339996580,0.243486,buy,62637,62637,62638,1,0.005,52.60864,89,10521.728,1,0,0,0,52.61364,0,not_depleted,,0.0,False,missing_same_side_strict_through_support;missing_recent_same_side_at_or_through_throughput,111,59721,0,13,same_touch_stable_enough,real_bbo_history_touch_stability,6505,1784017648592,56.26718,52.60864,-3.65854,111,89,-22,reset_supported,same_touch_top_qty_or_order_count_reduced,pass,,,,latest_l2_received_before_or_at_candidate,latest_l2_exchange_time_equal_candidate,event_driven_current_l2_plus_rolling_public_trades_proxy_not_exact_queue_or_fill_probability
1190,trades,1784017655467,1784017655679845190,0.21332,buy,62637,62637,62638,1,0.005,52.60864,89,10521.728,2,0,0,0,52.61364,0,not_depleted,,0.0,False,missing_same_side_strict_through_support;missing_recent_same_side_at_or_through_throughput,110,59176,370,13,same_touch_stable_enough,real_bbo_history_touch_stability,6875,1784017648592,56.26718,52.60864,-3.65854,111,89,-22,reset_supported,same_touch_top_qty_or_order_count_reduced,pass,,,,latest_l2_received_before_or_at_candidate,latest_l2_exchange_time_before_candidate,event_driven_current_l2_plus_rolling_public_trades_proxy_not_exact_queue_or_fill_probability
1191,l2Book,1784017655534,1784017655764563672,0.231039,buy,62637,62637,62638,1,0.005,52.60864,89,10521.728,2,0,0,0,52.61364,0,not_depleted,,0.0,False,missing_same_side_strict_through_support;missing_recent_same_side_at_or_through_throughput,111,59613,0,14,same_touch_stable_enough,real_bbo_history_touch_stability,6942,1784017648592,56.26718,52.60864,-3.65854,111,89,-22,reset_supported,same_touch_top_qty_or_order_count_reduced,pass,,,,latest_l2_received_before_or_at_candidate,latest_l2_exchange_time_equal_candidate,event_driven_current_l2_plus_rolling_public_trades_proxy_not_exact_queue_or_fill_probability
1192,l2Book,1784017656066,1784017656344357927,0.27884,buy,62637,62637,62638,1,0.005,52.38161,87,10476.322,2,0,0,0,52.38661,0,not_depleted,,0.0,False,missing_same_side_strict_through_support;missing_recent_same_side_at_or_through_throughput,111,59608,0,15,same_touch_stable_enough,real_bbo_history_touch_stability,7474,1784017648592,56.26718,52.38161,-3.88557,111,87,-24,reset_supported,same_touch_top_qty_or_order_count_reduced,pass,,,,latest_l2_received_before_or_at_candidate,latest_l2_exchange_time_equal_candidate,event_driven_current_l2_plus_rolling_public_trades_proxy_not_exact_queue_or_fill_probability
1193,trades,1784017656541,1784017656724985523,0.184473,buy,62637,62637,62638,1,0.005,52.38161,87,10476.322,3,0,0,0,52.38661,0,not_depleted,,0.0,False,missing_same_side_strict_through_support;missing_recent_same_side_at_or_through_throughput,110,59069,475,15,same_touch_stable_enough,real_bbo_history_touch_stability,7949,1784017648592,56.26718,52.38161,-3.88557,111,87,-24,reset_supported,same_touch_top_qty_or_order_count_reduced,pass,,,,latest_l2_received_before_or_at_candidate,latest_l2_exchange_time_before_candidate,event_driven_current_l2_plus_rolling_public_trades_proxy_not_exact_queue_or_fill_probability
1194,l2Book,1784017656611,1784017656836999206,0.226492,buy,62637,62637,62638,1,0.005,53.47175,90,10694.35,3,0,0,0,53.47675,0,not_depleted,,0.0,False,missing_same_side_strict_through_support;missing_recent_same_side_at_or_through_throughput,111,59614,0,16,same_touch_stable_enough,real_bbo_history_touch_stability,8019,1784017648592,56.26718,53.47175,-2.79543,111,90,-21,reset_supported,same_touch_top_qty_or_order_count_reduced,pass,,,,latest_l2_received_before_or_at_candidate,latest_l2_exchange_time_equal_candidate,event_driven_current_l2_plus_rolling_public_trades_proxy_not_exact_queue_or_fill_probability
1195,l2Book,1784017657144,1784017657367525118,0.224034,buy,62637,62637,62638,1,0.005,52.10913,88,10421.826,3,0,0,0,52.11413,0,not_depleted,,0.0,False,missing_same_side_strict_through_support;missing_recent_same_side_at_or_through_throughput,111,59612,0,17,same_touch_stable_enough,real_bbo_history_touch_stability,8552,1784017648592,56.26718,52.10913,-4.15805,111,88,-23,reset_supported,same_touch_top_qty_or_order_count_reduced,pass,,,,latest_l2_received_before_or_at_candidate,latest_l2_exchange_time_equal_candidate,event_driven_current_l2_plus_rolling_public_trades_proxy_not_exact_queue_or_fill_probability
1196,l2Book,1784017657690,1784017657894813741,0.205374,buy,62637,62637,62638,1,0.005,51.2594,89,10251.88,2,0,0,0,51.2644,0,not_depleted,,0.0,False,missing_same_side_strict_through_support;missing_recent_same_side_at_or_through_throughput,111,59654,0,18,same_touch_stable_enough,real_bbo_history_touch_stability,9098,1784017648592,56.26718,51.2594,-5.00778,111,89,-22,reset_supported,same_touch_top_qty_or_order_count_reduced,pass,,,,latest_l2_received_before_or_at_candidate,latest_l2_exchange_time_equal_candidate,event_driven_current_l2_plus_rolling_public_trades_proxy_not_exact_queue_or_fill_probability
1197,trades,1784017658017,1784017658258555861,0.24211,buy,62637,62637,62638,1,0.005,51.2594,89,10251.88,4,0.00128,0,0.00128,51.2644,0.00002496859419012023938639679778,touched_quote_without_depletion,,0.00032,False,missing_same_side_strict_through_support,111,59654,327,18,same_touch_stable_enough,real_bbo_history_touch_stability,9425,1784017648592,56.26718,51.2594,-5.00778,111,89,-22,reset_supported,same_touch_top_qty_or_order_count_reduced,pass,,,,latest_l2_received_before_or_at_candidate,latest_l2_exchange_time_before_candidate,event_driven_current_l2_plus_rolling_public_trades_proxy_not_exact_queue_or_fill_probability
1198,l2Book,1784017658219,1784017658514612838,0.296081,buy,62637,62637,62638,1,0.005,51.25812,89,10251.624,4,0.00128,0,0.00128,51.26312,0.00002496921763638264701797315497,touched_quote_without_depletion,,0.00032,False,missing_same_side_strict_through_support,111,59644,0,19,same_touch_stable_enough,real_bbo_history_touch_stability,9627,1784017648592,56.26718,51.25812,-5.00906,111,89,-22,reset_supported,same_touch_top_qty_or_order_count_reduced,pass,,,,latest_l2_received_before_or_at_candidate,latest_l2_exchange_time_equal_candidate,event_driven_current_l2_plus_rolling_public_trades_proxy_not_exact_queue_or_fill_probability
1199,trades,1784017658298,1784017658515336628,0.217643,buy,62637,62637,62638,1,0.005,51.25812,89,10251.624,6,0.00128,0,0.00128,51.26312,0.00002496921763638264701797315497,touched_quote_without_depletion,,0.00032,False,missing_same_side_strict_through_support,111,59644,79,19,same_touch_stable_enough,real_bbo_history_touch_stability,9706,1784017648592,56.26718,51.25812,-5.00906,111,89,-22,reset_supported,same_touch_top_qty_or_order_count_reduced,pass,,,,latest_l2_received_before_or_at_candidate,latest_l2_exchange_time_before_candidate,event_driven_current_l2_plus_rolling_public_trades_proxy_not_exact_queue_or_fill_probability
1200,trades,1784017658419,1784017658617839713,0.199322,buy,62637,62637,62638,1,0.005,51.25812,89,10251.624,7,0.01418,0,0.01418,51.26312,0.0002766121141280515114959838574,touched_quote_without_depletion,,0.00354,False,missing_same_side_strict_through_support,111,59644,200,19,same_touch_stable_enough,real_bbo_history_touch_stability,9827,1784017648592,56.26718,51.25812,-5.00906,111,89,-22,reset_supported,same_touch_top_qty_or_order_count_reduced,pass,,,,latest_l2_received_before_or_at_candidate,latest_l2_exchange_time_before_candidate,event_driven_current_l2_plus_rolling_public_trades_proxy_not_exact_queue_or_fill_probability
1201,l2Book,1784017658763,1784017658977073640,0.214613,buy,62637,62637,62638,1,0.005,51.01816,87,10203.632,6,0.01418,0,0.01418,51.02316,0.0002779130104838665421741812934,touched_quote_without_depletion,,0.00354,False,missing_same_side_strict_through_support,111,59686,0,20,same_touch_stable_enough,real_bbo_history_touch_stability,10171,1784017648592,56.26718,51.01816,-5.24902,111,87,-24,reset_supported,same_touch_top_qty_or_order_count_reduced,pass,,,,latest_l2_received_before_or_at_candidate,latest_l2_exchange_time_equal_candidate,event_driven_current_l2_plus_rolling_public_trades_proxy_not_exact_queue_or_fill_probability
1202,l2Book,1784017659308,1784017659521089429,0.213576,buy,62637,62637,62638,1,0.005,51.24524,89,10249.048,6,0.01418,0,0.01418,51.25024,0.0002766816311494346172817922414,touched_quote_without_depletion,,0.00354,False,missing_same_side_strict_through_support,111,59727,0,21,same_touch_stable_enough,real_bbo_history_touch_stability,10716,1784017648592,56.26718,51.24524,-5.02194,111,89,-22,reset_supported,same_touch_top_qty_or_order_count_reduced,pass,,,,latest_l2_received_before_or_at_candidate,latest_l2_exchange_time_equal_candidate,event_driven_current_l2_plus_rolling_public_trades_proxy_not_exact_queue_or_fill_probability
1203,l2Book,1784017659826,1784017660054939896,0.22946,buy,62637,62637,62638,1,0.005,52.12095,90,10424.19,5,0.01418,0,0.01418,52.12595,0.0002720334113814712249848683813,touched_quote_without_depletion,,0.00354,False,missing_same_side_strict_through_support,111,59735,0,22,same_touch_stable_enough,real_bbo_history_touch_stability,11234,1784017648592,56.26718,52.12095,-4.14623,111,90,-21,reset_supported,same_touch_top_qty_or_order_count_reduced,pass,,,,latest_l2_received_before_or_at_candidate,latest_l2_exchange_time_equal_candidate,event_driven_current_l2_plus_rolling_public_trades_proxy_not_exact_queue_or_fill_probability
1204,trades,1784017660023,1784017660288441234,0.265932,buy,62637,62637,62638,1,0.005,52.12095,90,10424.19,6,0.01418,0,0.01418,52.12595,0.0002720334113814712249848683813,touched_quote_without_depletion,,0.00354,False,missing_same_side_strict_through_support,111,59735,197,22,same_touch_stable_enough,real_bbo_history_touch_stability,11431,1784017648592,56.26718,52.12095,-4.14623,111,90,-21,reset_supported,same_touch_top_qty_or_order_count_reduced,pass,,,,latest_l2_received_before_or_at_candidate,latest_l2_exchange_time_before_candidate,event_driven_current_l2_plus_rolling_public_trades_proxy_not_exact_queue_or_fill_probability
1205,l2Book,1784017660397,1784017660614648201,0.218148,buy,62637,62637,62638,1,0.005,52.12095,90,10424.19,6,0.01418,0,0.01418,52.12595,0.0002720334113814712249848683813,touched_quote_without_depletion,,0.00354,False,missing_same_side_strict_through_support,111,59754,0,23,same_touch_stable_enough,real_bbo_history_touch_stability,11805,1784017648592,56.26718,52.12095,-4.14623,111,90,-21,reset_supported,same_touch_top_qty_or_order_count_reduced,pass,,,,latest_l2_received_before_or_at_candidate,latest_l2_exchange_time_equal_candidate,event_driven_current_l2_plus_rolling_public_trades_proxy_not_exact_queue_or_fill_probability
1206,l2Book,1784017660933,1784017661174147536,0.241616,buy,62637,62637,62638,1,0.005,52.12095,90,10424.19,6,0.01418,0,0.01418,52.12595,0.0002720334113814712249848683813,touched_quote_without_depletion,,0.00354,False,missing_same_side_strict_through_support,111,59747,0,24,same_touch_stable_enough,real_bbo_history_touch_stability,12341,1784017648592,56.26718,52.12095,-4.14623,111,90,-21,reset_supported,same_touch_top_qty_or_order_count_reduced,pass,,,,latest_l2_received_before_or_at_candidate,latest_l2_exchange_time_equal_candidate,event_driven_current_l2_plus_rolling_public_trades_proxy_not_exact_queue_or_fill_probability
1207,l2Book,1784017661444,1784017661736081793,0.292568,buy,62637,62637,62638,1,0.005,52.12095,90,10424.19,1,0,0,0,52.12595,0,not_depleted,,0.0,False,missing_same_side_strict_through_support;missing_recent_same_side_at_or_through_throughput,111,59725,0,25,same_touch_stable_enough,real_bbo_history_touch_stability,12852,1784017648592,56.26718,52.12095,-4.14623,111,90,-21,reset_supported,same_touch_top_qty_or_order_count_reduced,pass,,,,latest_l2_received_before_or_at_candidate,latest_l2_exchange_time_equal_candidate,event_driven_current_l2_plus_rolling_public_trades_proxy_not_exact_queue_or_fill_probability
1208,trades,1784017661533,1784017661806987376,0.274501,buy,62637,62637,62638,1,0.005,52.12095,90,10424.19,2,0,0,0,52.12595,0,not_depleted,,0.0,False,missing_same_side_strict_through_support;missing_recent_same_side_at_or_through_throughput,111,59725,89,25,same_touch_stable_enough,real_bbo_history_touch_stability,12941,1784017648592,56.26718,52.12095,-4.14623,111,90,-21,reset_supported,same_touch_top_qty_or_order_count_reduced,pass,,,,latest_l2_received_before_or_at_candidate,latest_l2_exchange_time_before_candidate,event_driven_current_l2_plus_rolling_public_trades_proxy_not_exact_queue_or_fill_probability
1209,l2Book,1784017662005,1784017662275879927,0.271381,buy,62637,62637,62638,1,0.005,52.12095,90,10424.19,2,0,0,0,52.12595,0,not_depleted,,0.0,False,missing_same_side_strict_through_support;missing_recent_same_side_at_or_through_throughput,111,59771,0,26,same_touch_stable_enough,real_bbo_history_touch_stability,13413,1784017648592,56.26718,52.12095,-4.14623,111,90,-21,reset_supported,same_touch_top_qty_or_order_count_reduced,pass,,,,latest_l2_received_before_or_at_candidate,latest_l2_exchange_time_equal_candidate,event_driven_current_l2_plus_rolling_public_trades_proxy_not_exact_queue_or_fill_probability
1210,l2Book,1784017662544,1784017662778581346,0.235053,buy,62637,62637,62638,1,0.005,52.12096,90,10424.192,2,0,0,0,52.12596,0,not_depleted,,0.0,False,missing_same_side_strict_through_support;missing_recent_same_side_at_or_through_throughput,111,59685,0,27,same_touch_stable_enough,real_bbo_history_touch_stability,13952,1784017648592,56.26718,52.12096,-4.14622,111,90,-21,reset_supported,same_touch_top_qty_or_order_count_reduced,pass,,,,latest_l2_received_before_or_at_candidate,latest_l2_exchange_time_equal_candidate,event_driven_current_l2_plus_rolling_public_trades_proxy_not_exact_queue_or_fill_probability
1211,trades,1784017662744,1784017662947407069,0.203872,buy,62637,62637,62638,1,0.005,52.12096,90,10424.192,3,0,0,0,52.12596,0,not_depleted,,0.0,False,missing_same_side_strict_through_support;missing_recent_same_side_at_or_through_throughput,111,59685,200,27,same_touch_stable_enough,real_bbo_history_touch_stability,14152,1784017648592,56.26718,52.12096,-4.14622,111,90,-21,reset_supported,same_touch_top_qty_or_order_count_reduced,pass,,,,latest_l2_received_before_or_at_candidate,latest_l2_exchange_time_before_candidate,event_driven_current_l2_plus_rolling_public_trades_proxy_not_exact_queue_or_fill_probability
1212,l2Book,1784017663087,1784017663323917700,0.23739,buy,62637,62637,62638,1,0.005,51.24525,89,10249.05,2,0,0,0,51.25025,0,not_depleted,,0.0,False,missing_same_side_strict_through_support;missing_recent_same_side_at_or_through_throughput,111,59710,0,28,same_touch_stable_enough,real_bbo_history_touch_stability,14495,1784017648592,56.26718,51.24525,-5.02193,111,89,-22,reset_supported,same_touch_top_qty_or_order_count_reduced,pass,,,,latest_l2_received_before_or_at_candidate,latest_l2_exchange_time_equal_candidate,event_driven_current_l2_plus_rolling_public_trades_proxy_not_exact_queue_or_fill_probability
1213,l2Book,1784017663623,1784017663869682679,0.247206,buy,62637,62637,62638,1,0.005,51.24525,89,10249.05,2,0,0,0,51.25025,0,not_depleted,,0.0,False,missing_same_side_strict_through_support;missing_recent_same_side_at_or_through_throughput,111,59689,0,29,same_touch_stable_enough,real_bbo_history_touch_stability,15031,1784017648592,56.26718,51.24525,-5.02193,111,89,-22,reset_supported,same_touch_top_qty_or_order_count_reduced,pass,,,,latest_l2_received_before_or_at_candidate,latest_l2_exchange_time_equal_candidate,event_driven_current_l2_plus_rolling_public_trades_proxy_not_exact_queue_or_fill_probability
1214,l2Book,1784017664154,1784017664348441044,0.194928,buy,62637,62637,62638,1,0.005,51.24525,89,10249.05,2,0,0,0,51.25025,0,not_depleted,,0.0,False,missing_same_side_strict_through_support;missing_recent_same_side_at_or_through_throughput,111,59668,0,30,same_touch_stable_enough,real_bbo_history_touch_stability,15562,1784017648592,56.26718,51.24525,-5.02193,111,89,-22,reset_supported,same_touch_top_qty_or_order_count_reduced,pass,,,,latest_l2_received_before_or_at_candidate,latest_l2_exchange_time_equal_candidate,event_driven_current_l2_plus_rolling_public_trades_proxy_not_exact_queue_or_fill_probability
1215,trades,1784017664526,1784017664750785291,0.225381,buy,62637,62637,62638,1,0.005,51.24525,89,10249.05,25,0,0,0,51.25025,0,not_depleted,,0.0,False,missing_same_side_strict_through_support;missing_recent_same_side_at_or_through_throughput,110,59142,372,30,same_touch_stable_enough,real_bbo_history_touch_stability,15934,1784017648592,56.26718,51.24525,-5.02193,111,89,-22,reset_supported,same_touch_top_qty_or_order_count_reduced,pass,,,,latest_l2_received_before_or_at_candidate,latest_l2_exchange_time_before_candidate,event_driven_current_l2_plus_rolling_public_trades_proxy_not_exact_queue_or_fill_probability
1216,l2Book,1784017664667,1784017664899244385,0.232743,buy,62648,62648,62649,1,0.005,1.31206,9,262.412,24,0,0,0,1.31706,0,not_depleted,,0.0,False,missing_same_side_strict_through_support;missing_touch_freshness_or_queue_reset_evidence;missing_recent_same_side_at_or_through_throughput,111,59655,0,1,same_touch_seen_but_not_stable,real_bbo_history_insufficient,0,1784017664667,,1.31206,,,9,,missing,no_prior_same_touch_bbo,block,no_prior_same_touch_bbo,same_touch_seen_but_not_stable,no_prior_same_touch_bbo,latest_l2_received_before_or_at_candidate,latest_l2_exchange_time_equal_candidate,event_driven_current_l2_plus_rolling_public_trades_proxy_not_exact_queue_or_fill_probability
1217,trades,1784017665013,1784017665285151060,0.272598,buy,62648,62648,62649,1,0.005,1.31206,9,262.412,25,0,0,0,1.31706,0,not_depleted,,0.0,False,missing_same_side_strict_through_support;missing_recent_same_side_at_or_through_throughput,110,59102,346,1,same_touch_stable_enough,real_bbo_history_touch_stability,346,1784017664667,,1.31206,,,9,,missing,no_prior_same_touch_bbo,pass,,,no_prior_same_touch_bbo,latest_l2_received_before_or_at_candidate,latest_l2_exchange_time_before_candidate,event_driven_current_l2_plus_rolling_public_trades_proxy_not_exact_queue_or_fill_probability
1218,l2Book,1784017665216,1784017665452160179,0.236691,buy,62648,62648,62649,1,0.005,4.93433,5,986.866,25,0,0,0,4.93933,0,not_depleted,,0.0,False,missing_same_side_strict_through_support;missing_recent_same_side_at_or_through_throughput,111,59651,0,2,same_touch_stable_enough,real_bbo_history_touch_stability,549,1784017664667,1.31206,4.93433,3.62227,9,5,-4,reset_supported,same_touch_top_qty_or_order_count_reduced,pass,,,,latest_l2_received_before_or_at_candidate,latest_l2_exchange_time_equal_candidate,event_driven_current_l2_plus_rolling_public_trades_proxy_not_exact_queue_or_fill_probability
1219,l2Book,1784017665762,1784017665985563457,0.224098,buy,62648,62648,62649,1,0.005,4.97458,6,994.916,24,0,0,0,4.97958,0,not_depleted,,0.0,False,missing_same_side_strict_through_support;missing_recent_same_side_at_or_through_throughput,111,59684,0,3,same_touch_stable_enough,real_bbo_history_touch_stability,1095,1784017664667,4.93433,4.97458,0.04025,9,6,-3,reset_supported,same_touch_top_qty_or_order_count_reduced,pass,,,,latest_l2_received_before_or_at_candidate,latest_l2_exchange_time_equal_candidate,event_driven_current_l2_plus_rolling_public_trades_proxy_not_exact_queue_or_fill_probability
1220,l2Book,1784017666301,1784017666524474380,0.223997,buy,62648,62648,62649,1,0.005,4.97458,6,994.916,24,0,0,0,4.97958,0,not_depleted,,0.0,False,missing_same_side_strict_through_support;missing_recent_same_side_at_or_through_throughput,111,59681,0,4,same_touch_stable_enough,real_bbo_history_touch_stability,1634,1784017664667,4.97458,4.97458,0,9,6,-3,reset_supported,same_touch_top_qty_or_order_count_reduced,pass,,,,latest_l2_received_before_or_at_candidate,latest_l2_exchange_time_equal_candidate,event_driven_current_l2_plus_rolling_public_trades_proxy_not_exact_queue_or_fill_probability
1221,trades,1784017666365,1784017666565817848,0.201324,buy,62648,62648,62649,1,0.005,4.97458,6,994.916,26,0,0,0,4.97958,0,not_depleted,,0.0,False,missing_same_side_strict_through_support;missing_recent_same_side_at_or_through_throughput,111,59681,64,4,same_touch_stable_enough,real_bbo_history_touch_stability,1698,1784017664667,4.97458,4.97458,0,9,6,-3,reset_supported,same_touch_top_qty_or_order_count_reduced,pass,,,,latest_l2_received_before_or_at_candidate,latest_l2_exchange_time_before_candidate,event_driven_current_l2_plus_rolling_public_trades_proxy_not_exact_queue_or_fill_probability
1222,l2Book,1784017666835,1784017667071414593,0.236893,buy,62648,62648,62649,1,0.005,4.97458,6,994.916,26,0,0,0,4.97958,0,not_depleted,,0.0,False,missing_same_side_strict_through_support;missing_recent_same_side_at_or_through_throughput,111,59663,0,5,same_touch_stable_enough,real_bbo_history_touch_stability,2168,1784017664667,4.97458,4.97458,0,9,6,-3,reset_supported,same_touch_top_qty_or_order_count_reduced,pass,,,,latest_l2_received_before_or_at_candidate,latest_l2_exchange_time_equal_candidate,event_driven_current_l2_plus_rolling_public_trades_proxy_not_exact_queue_or_fill_probability
1223,l2Book,1784017667370,1784017667620254904,0.250737,buy,62648,62648,62649,1,0.005,4.97458,6,994.916,26,0,0,0,4.97958,0,not_depleted,,0.0,False,missing_same_side_strict_through_support;missing_recent_same_side_at_or_through_throughput,111,59659,0,6,same_touch_stable_enough,real_bbo_history_touch_stability,2703,1784017664667,4.97458,4.97458,0,9,6,-3,reset_supported,same_touch_top_qty_or_order_count_reduced,pass,,,,latest_l2_received_before_or_at_candidate,latest_l2_exchange_time_equal_candidate,event_driven_current_l2_plus_rolling_public_trades_proxy_not_exact_queue_or_fill_probability
1224,trades,1784017667370,1784017667620929795,0.251244,buy,62648,62648,62649,1,0.005,4.97458,6,994.916,27,0,0,0,4.97958,0,not_depleted,,0.0,False,missing_same_side_strict_through_support;missing_recent_same_side_at_or_through_throughput,111,59659,0,6,same_touch_stable_enough,real_bbo_history_touch_stability,2703,1784017664667,4.97458,4.97458,0,9,6,-3,reset_supported,same_touch_top_qty_or_order_count_reduced,pass,,,,latest_l2_received_before_or_at_candidate,latest_l2_exchange_time_equal_candidate,event_driven_current_l2_plus_rolling_public_trades_proxy_not_exact_queue_or_fill_probability
1225,l2Book,1784017667903,1784017668141747588,0.239259,buy,62648,62648,62649,1,0.005,4.97458,6,994.916,4,0,0,0,4.97958,0,not_depleted,,0.0,False,missing_same_side_strict_through_support;missing_recent_same_side_at_or_through_throughput,111,59675,0,7,same_touch_stable_enough,real_bbo_history_touch_stability,3236,1784017664667,4.97458,4.97458,0,9,6,-3,reset_supported,same_touch_top_qty_or_order_count_reduced,pass,,,,latest_l2_received_before_or_at_candidate,latest_l2_exchange_time_equal_candidate,event_driven_current_l2_plus_rolling_public_trades_proxy_not_exact_queue_or_fill_probability
1226,trades,1784017668118,1784017668331923118,0.214405,buy,62648,62648,62649,1,0.005,4.97458,6,994.916,4,0,0,0,4.97958,0,not_depleted,,0.0,False,missing_same_side_strict_through_support;missing_recent_same_side_at_or_through_throughput,111,59675,215,7,same_touch_stable_enough,real_bbo_history_touch_stability,3451,1784017664667,4.97458,4.97458,0,9,6,-3,reset_supported,same_touch_top_qty_or_order_count_reduced,pass,,,,latest_l2_received_before_or_at_candidate,latest_l2_exchange_time_before_candidate,event_driven_current_l2_plus_rolling_public_trades_proxy_not_exact_queue_or_fill_probability
1227,l2Book,1784017668456,1784017668670841779,0.215368,buy,62648,62648,62649,1,0.005,4.97458,6,994.916,4,0,0,0,4.97958,0,not_depleted,,0.0,False,missing_same_side_strict_through_support;missing_recent_same_side_at_or_through_throughput,111,59671,0,8,same_touch_stable_enough,real_bbo_history_touch_stability,3789,1784017664667,4.97458,4.97458,0,9,6,-3,reset_supported,same_touch_top_qty_or_order_count_reduced,pass,,,,latest_l2_received_before_or_at_candidate,latest_l2_exchange_time_equal_candidate,event_driven_current_l2_plus_rolling_public_trades_proxy_not_exact_queue_or_fill_probability
1228,l2Book,1784017668980,1784017669222855469,0.243341,buy,62648,62648,62649,1,0.005,4.97458,6,994.916,4,0,0,0,4.97958,0,not_depleted,,0.0,False,missing_same_side_strict_through_support;missing_recent_same_side_at_or_through_throughput,111,59686,0,9,same_touch_stable_enough,real_bbo_history_touch_stability,4313,1784017664667,4.97458,4.97458,0,9,6,-3,reset_supported,same_touch_top_qty_or_order_count_reduced,pass,,,,latest_l2_received_before_or_at_candidate,latest_l2_exchange_time_equal_candidate,event_driven_current_l2_plus_rolling_public_trades_proxy_not_exact_queue_or_fill_probability
1229,l2Book,1784017669537,1784017669777387291,0.2409,buy,62648,62648,62649,1,0.005,4.97458,6,994.916,2,0,0,0,4.97958,0,not_depleted,,0.0,False,missing_same_side_strict_through_support;missing_recent_same_side_at_or_through_throughput,111,59699,0,10,same_touch_stable_enough,real_bbo_history_touch_stability,4870,1784017664667,4.97458,4.97458,0,9,6,-3,reset_supported,same_touch_top_qty_or_order_count_reduced,pass,,,,latest_l2_received_before_or_at_candidate,latest_l2_exchange_time_equal_candidate,event_driven_current_l2_plus_rolling_public_trades_proxy_not_exact_queue_or_fill_probability
1230,l2Book,1784017670041,1784017670351847275,0.311466,buy,62648,62648,62649,1,0.005,4.93137,4,986.274,2,0,0,0,4.93637,0,not_depleted,,0.0,False,missing_same_side_strict_through_support;missing_recent_same_side_at_or_through_throughput,111,59658,0,11,same_touch_stable_enough,real_bbo_history_touch_stability,5374,1784017664667,4.97458,4.93137,-0.04321,9,4,-5,reset_supported,same_touch_top_qty_or_order_count_reduced,pass,,,,latest_l2_received_before_or_at_candidate,latest_l2_exchange_time_equal_candidate,event_driven_current_l2_plus_rolling_public_trades_proxy_not_exact_queue_or_fill_probability
1231,l2Book,1784017670550,1784017670782920513,0.233445,buy,62648,62648,62649,1,0.005,5.01298,7,1002.596,1,0,0,0,5.01798,0,not_depleted,,0.0,False,missing_same_side_strict_through_support;missing_recent_same_side_at_or_through_throughput,111,59603,0,12,same_touch_stable_enough,real_bbo_history_touch_stability,5883,1784017664667,4.97458,5.01298,0.0384,9,7,-2,reset_supported,same_touch_top_qty_or_order_count_reduced,pass,,,,latest_l2_received_before_or_at_candidate,latest_l2_exchange_time_equal_candidate,event_driven_current_l2_plus_rolling_public_trades_proxy_not_exact_queue_or_fill_probability
1232,l2Book,1784017671088,1784017671311564220,0.224036,buy,62648,62648,62649,1,0.005,5.01298,7,1002.596,1,0,0,0,5.01798,0,not_depleted,,0.0,False,missing_same_side_strict_through_support;missing_recent_same_side_at_or_through_throughput,111,59607,0,13,same_touch_stable_enough,real_bbo_history_touch_stability,6421,1784017664667,5.01298,5.01298,0,9,7,-2,reset_supported,same_touch_top_qty_or_order_count_reduced,pass,,,,latest_l2_received_before_or_at_candidate,latest_l2_exchange_time_equal_candidate,event_driven_current_l2_plus_rolling_public_trades_proxy_not_exact_queue_or_fill_probability
1233,l2Book,1784017671635,1784017671860670584,0.226168,buy,62648,62648,62649,1,0.005,6.56101,8,1312.202,0,0,0,0,6.56601,0,not_depleted,,0.0,False,missing_same_side_strict_through_support;missing_recent_same_side_at_or_through_throughput,111,59566,0,14,same_touch_stable_enough,real_bbo_history_touch_stability,6968,1784017664667,5.01298,6.56101,1.54803,9,8,-1,reset_supported,same_touch_top_qty_or_order_count_reduced,pass,,,,latest_l2_received_before_or_at_candidate,latest_l2_exchange_time_equal_candidate,event_driven_current_l2_plus_rolling_public_trades_proxy_not_exact_queue_or_fill_probability
1234,trades,1784017671840,1784017672035044372,0.195538,buy,62648,62648,62649,1,0.005,6.56101,8,1312.202,1,0.03749,0,0.03749,6.56601,0.005709708026640227474524102156,touched_quote_without_depletion,,0.005,False,missing_same_side_strict_through_support,111,59566,205,14,same_touch_stable_enough,real_bbo_history_touch_stability,7173,1784017664667,5.01298,6.56101,1.54803,9,8,-1,reset_supported,same_touch_top_qty_or_order_count_reduced,pass,,,,latest_l2_received_before_or_at_candidate,latest_l2_exchange_time_before_candidate,event_driven_current_l2_plus_rolling_public_trades_proxy_not_exact_queue_or_fill_probability
1235,l2Book,1784017672169,1784017672413504254,0.245,buy,62648,62648,62649,1,0.005,6.52352,8,1304.704,1,0.03749,0,0.03749,6.52852,0.005742496002156690949863062379,touched_quote_without_depletion,,0.005,False,missing_same_side_strict_through_support,111,59597,0,15,same_touch_stable_enough,real_bbo_history_touch_stability,7502,1784017664667,6.56101,6.52352,-0.03749,9,8,-1,reset_supported,same_touch_top_qty_or_order_count_reduced,pass,,,,latest_l2_received_before_or_at_candidate,latest_l2_exchange_time_equal_candidate,event_driven_current_l2_plus_rolling_public_trades_proxy_not_exact_queue_or_fill_probability
1236,l2Book,1784017672706,1784017672935506083,0.229978,buy,62648,62648,62649,1,0.005,6.52352,8,1304.704,1,0.03749,0,0.03749,6.52852,0.005742496002156690949863062379,touched_quote_without_depletion,,0.005,False,missing_same_side_strict_through_support,111,59597,0,16,same_touch_stable_enough,real_bbo_history_touch_stability,8039,1784017664667,6.56101,6.52352,-0.03749,9,8,-1,reset_supported,same_touch_top_qty_or_order_count_reduced,pass,,,,latest_l2_received_before_or_at_candidate,latest_l2_exchange_time_equal_candidate,event_driven_current_l2_plus_rolling_public_trades_proxy_not_exact_queue_or_fill_probability
1237,l2Book,1784017673250,1784017673707008103,0.457506,buy,62648,62648,62649,1,0.005,25.24758,53,5049.516,1,0.03749,0,0.03749,25.25258,0.001484600781385505956223086908,touched_quote_without_depletion,,0.005,False,missing_same_side_strict_through_support,111,59610,0,17,same_touch_stable_enough,real_bbo_history_touch_stability,8583,1784017664667,6.56101,25.24758,18.68657,9,53,44,not_reset,history_present_no_reset,pass,,,history_present_no_reset,latest_l2_received_before_or_at_candidate,latest_l2_exchange_time_equal_candidate,event_driven_current_l2_plus_rolling_public_trades_proxy_not_exact_queue_or_fill_probability
1238,l2Book,1784017673751,1784017674009593211,0.259092,buy,62648,62648,62649,1,0.005,8.80216,33,1760.432,1,0.03749,0,0.03749,8.80716,0.004256763814896061840593335423,touched_quote_without_depletion,,0.005,False,missing_same_side_strict_through_support,111,59558,0,18,same_touch_stable_enough,real_bbo_history_touch_stability,9084,1784017664667,25.24758,8.80216,-16.44542,53,33,-20,reset_supported,same_touch_top_qty_or_order_count_reduced,pass,,,,latest_l2_received_before_or_at_candidate,latest_l2_exchange_time_equal_candidate,event_driven_current_l2_plus_rolling_public_trades_proxy_not_exact_queue_or_fill_probability
1239,trades,1784017673810,1784017674044273731,0.234741,buy,62648,62648,62649,1,0.005,8.80216,33,1760.432,2,0.03749,0,0.03749,8.80716,0.004256763814896061840593335423,touched_quote_without_depletion,,0.005,False,missing_same_side_strict_through_support,111,59558,59,18,same_touch_stable_enough,real_bbo_history_touch_stability,9143,1784017664667,25.24758,8.80216,-16.44542,53,33,-20,reset_supported,same_touch_top_qty_or_order_count_reduced,pass,,,,latest_l2_received_before_or_at_candidate,latest_l2_exchange_time_before_candidate,event_driven_current_l2_plus_rolling_public_trades_proxy_not_exact_queue_or_fill_probability
1240,l2Book,1784017674299,1784017674541035082,0.242532,buy,62648,62648,62649,1,0.005,12.72981,35,2545.962,2,0.03749,0,0.03749,12.73481,0.002943899437840062003280771366,touched_quote_without_depletion,,0.005,False,missing_same_side_strict_through_support,111,59571,0,19,same_touch_stable_enough,real_bbo_history_touch_stability,9632,1784017664667,25.24758,12.72981,-12.51777,53,35,-18,reset_supported,same_touch_top_qty_or_order_count_reduced,pass,,,,latest_l2_received_before_or_at_candidate,latest_l2_exchange_time_equal_candidate,event_driven_current_l2_plus_rolling_public_trades_proxy_not_exact_queue_or_fill_probability
1241,l2Book,1784017674832,1784017675032848632,0.201327,buy,62648,62648,62649,1,0.005,12.72981,35,2545.962,2,0.03749,0,0.03749,12.73481,0.002943899437840062003280771366,touched_quote_without_depletion,,0.005,False,missing_same_side_strict_through_support,111,59563,0,20,same_touch_stable_enough,real_bbo_history_touch_stability,10165,1784017664667,25.24758,12.72981,-12.51777,53,35,-18,reset_supported,same_touch_top_qty_or_order_count_reduced,pass,,,,latest_l2_received_before_or_at_candidate,latest_l2_exchange_time_equal_candidate,event_driven_current_l2_plus_rolling_public_trades_proxy_not_exact_queue_or_fill_probability
1242,l2Book,1784017675412,1784017675612387197,0.200859,buy,62648,62648,62649,1,0.005,12.90271,37,2580.542,1,0,0,0,12.90771,0,not_depleted,,0.0,False,missing_same_side_strict_through_support;missing_recent_same_side_at_or_through_throughput,111,59599,0,21,same_touch_stable_enough,real_bbo_history_touch_stability,10745,1784017664667,25.24758,12.90271,-12.34487,53,37,-16,reset_supported,same_touch_top_qty_or_order_count_reduced,pass,,,,latest_l2_received_before_or_at_candidate,latest_l2_exchange_time_equal_candidate,event_driven_current_l2_plus_rolling_public_trades_proxy_not_exact_queue_or_fill_probability
1243,l2Book,1784017675921,1784017676133088622,0.212594,buy,62648,62648,62649,1,0.005,12.69143,34,2538.286,1,0,0,0,12.69643,0,not_depleted,,0.0,False,missing_same_side_strict_through_support;missing_recent_same_side_at_or_through_throughput,111,59576,0,22,same_touch_stable_enough,real_bbo_history_touch_stability,11254,1784017664667,25.24758,12.69143,-12.55615,53,34,-19,reset_supported,same_touch_top_qty_or_order_count_reduced,pass,,,,latest_l2_received_before_or_at_candidate,latest_l2_exchange_time_equal_candidate,event_driven_current_l2_plus_rolling_public_trades_proxy_not_exact_queue_or_fill_probability
1244,l2Book,1784017676463,1784017676691322461,0.228795,buy,62648,62648,62649,1,0.005,0.17322,8,34.644,1,0,0,0,0.17822,0,not_depleted,,0.0,False,missing_same_side_strict_through_support;missing_recent_same_side_at_or_through_throughput,111,59585,0,23,same_touch_stable_enough,real_bbo_history_touch_stability,11796,1784017664667,25.24758,0.17322,-25.07436,53,8,-45,reset_supported,same_touch_top_qty_or_order_count_reduced,pass,,,,latest_l2_received_before_or_at_candidate,latest_l2_exchange_time_equal_candidate,event_driven_current_l2_plus_rolling_public_trades_proxy_not_exact_queue_or_fill_probability
1245,trades,1784017676595,1784017676808667791,0.21425,buy,62648,62648,62649,1,0.005,0.17322,8,34.644,3,0.00569,0,0.00569,0.17822,0.03192683200538660083043429469,touched_quote_without_depletion,,0.00142,False,missing_same_side_strict_through_support,111,59585,132,23,same_touch_stable_enough,real_bbo_history_touch_stability,11928,1784017664667,25.24758,0.17322,-25.07436,53,8,-45,reset_supported,same_touch_top_qty_or_order_count_reduced,pass,,,,latest_l2_received_before_or_at_candidate,latest_l2_exchange_time_before_candidate,event_driven_current_l2_plus_rolling_public_trades_proxy_not_exact_queue_or_fill_probability
1246,l2Book,1784017676998,1784017677233553139,0.236056,buy,62648,62648,62649,1,0.005,0.00282,3,0.564,2,0.00569,0,0.00569,0.00782,0.727621483375959079283887468,depleted_visible_top_proxy_only,,0.00142,False,missing_same_side_strict_through_support,111,59566,0,24,same_touch_stable_enough,real_bbo_history_touch_stability,12331,1784017664667,25.24758,0.00282,-25.24476,53,3,-50,reset_supported,same_touch_top_qty_or_order_count_reduced,pass,,,,latest_l2_received_before_or_at_candidate,latest_l2_exchange_time_equal_candidate,event_driven_current_l2_plus_rolling_public_trades_proxy_not_exact_queue_or_fill_probability
1247,trades,1784017677065,1784017677296989591,0.232513,buy,62648,62648,62649,1,0.005,0.00282,3,0.564,3,0.00569,0,0.00569,0.00782,0.727621483375959079283887468,depleted_visible_top_proxy_only,,0.00142,False,missing_same_side_strict_through_support,111,59566,67,24,same_touch_stable_enough,real_bbo_history_touch_stability,12398,1784017664667,25.24758,0.00282,-25.24476,53,3,-50,reset_supported,same_touch_top_qty_or_order_count_reduced,pass,,,,latest_l2_received_before_or_at_candidate,latest_l2_exchange_time_before_candidate,event_driven_current_l2_plus_rolling_public_trades_proxy_not_exact_queue_or_fill_probability
1248,l2Book,1784017677527,1784017677753123741,0.226648,buy,62648,62648,62649,1,0.005,0.00282,3,0.564,3,0.00569,0,0.00569,0.00782,0.727621483375959079283887468,depleted_visible_top_proxy_only,,0.00142,False,missing_same_side_strict_through_support,111,59489,0,25,same_touch_stable_enough,real_bbo_history_touch_stability,12860,1784017664667,25.24758,0.00282,-25.24476,53,3,-50,reset_supported,same_touch_top_qty_or_order_count_reduced,pass,,,,latest_l2_received_before_or_at_candidate,latest_l2_exchange_time_equal_candidate,event_driven_current_l2_plus_rolling_public_trades_proxy_not_exact_queue_or_fill_probability
1249,l2Book,1784017678074,1784017678300108215,0.226619,buy,62648,62648,62649,1,0.005,0.00282,3,0.564,3,0.00569,0,0.00569,0.00782,0.727621483375959079283887468,depleted_visible_top_proxy_only,,0.00142,False,missing_same_side_strict_through_support,111,59428,0,26,same_touch_stable_enough,real_bbo_history_touch_stability,13407,1784017664667,25.24758,0.00282,-25.24476,53,3,-50,reset_supported,same_touch_top_qty_or_order_count_reduced,pass,,,,latest_l2_received_before_or_at_candidate,latest_l2_exchange_time_equal_candidate,event_driven_current_l2_plus_rolling_public_trades_proxy_not_exact_queue_or_fill_probability
1250,trades,1784017678420,1784017678732070580,0.312534,buy,62648,62648,62649,1,0.005,0.00282,3,0.564,5,0.00651,0,0.00651,0.00782,0.8324808184143222506393861893,depleted_visible_top_proxy_only,,0.00162,False,missing_same_side_strict_through_support,111,59428,346,26,same_touch_stable_enough,real_bbo_history_touch_stability,13753,1784017664667,25.24758,0.00282,-25.24476,53,3,-50,reset_supported,same_touch_top_qty_or_order_count_reduced,pass,,,,latest_l2_received_before_or_at_candidate,latest_l2_exchange_time_before_candidate,event_driven_current_l2_plus_rolling_public_trades_proxy_not_exact_queue_or_fill_probability
1251,l2Book,1784017678671,1784017678927954082,0.257419,buy,62647,62647,62648,1,0.005,0.00017,1,0.034,5,0,0,0,0.00517,0,not_depleted,,0.0,False,missing_same_side_strict_through_support;missing_touch_freshness_or_queue_reset_evidence;missing_recent_same_side_at_or_through_throughput,111,59418,0,1,same_touch_seen_but_not_stable,real_bbo_history_insufficient,0,1784017678671,,0.00017,,,1,,missing,no_prior_same_touch_bbo,block,no_prior_same_touch_bbo,same_touch_seen_but_not_stable,no_prior_same_touch_bbo,latest_l2_received_before_or_at_candidate,latest_l2_exchange_time_equal_candidate,event_driven_current_l2_plus_rolling_public_trades_proxy_not_exact_queue_or_fill_probability
1252,trades,1784017679027,1784017679294971412,0.268547,buy,62647,62647,62648,1,0.005,0.00017,1,0.034,19,0,0,0,0.00517,0,not_depleted,,0.0,False,missing_same_side_strict_through_support;missing_recent_same_side_at_or_through_throughput,111,59418,356,1,same_touch_stable_enough,real_bbo_history_touch_stability,356,1784017678671,,0.00017,,,1,,missing,no_prior_same_touch_bbo,pass,,,no_prior_same_touch_bbo,latest_l2_received_before_or_at_candidate,latest_l2_exchange_time_before_candidate,event_driven_current_l2_plus_rolling_public_trades_proxy_not_exact_queue_or_fill_probability
1253,l2Book,1784017679160,1784017679385912793,0.22642,buy,62643,62643,62644,1,0.005,0.25112,1,50.224,19,0,0,0,0.25612,0,not_depleted,,0.0,False,missing_same_side_strict_through_support;missing_touch_freshness_or_queue_reset_evidence;missing_recent_same_side_at_or_through_throughput,112,59907,0,1,same_touch_seen_but_not_stable,real_bbo_history_insufficient,0,1784017679160,,0.25112,,,1,,missing,no_prior_same_touch_bbo,block,no_prior_same_touch_bbo,same_touch_seen_but_not_stable,no_prior_same_touch_bbo,latest_l2_received_before_or_at_candidate,latest_l2_exchange_time_equal_candidate,event_driven_current_l2_plus_rolling_public_trades_proxy_not_exact_queue_or_fill_probability
1254,trades,1784017679227,1784017679426106519,0.199605,buy,62643,62643,62644,1,0.005,0.25112,1,50.224,20,0,0,0,0.25612,0,not_depleted,,0.0,False,missing_same_side_strict_through_support;missing_touch_freshness_or_queue_reset_evidence;missing_recent_same_side_at_or_through_throughput,112,59907,67,1,same_touch_seen_but_not_stable,real_bbo_history_insufficient,67,1784017679160,,0.25112,,,1,,missing,no_prior_same_touch_bbo,block,no_prior_same_touch_bbo,same_touch_seen_but_not_stable,no_prior_same_touch_bbo,latest_l2_received_before_or_at_candidate,latest_l2_exchange_time_before_candidate,event_driven_current_l2_plus_rolling_public_trades_proxy_not_exact_queue_or_fill_probability
1255,l2Book,1784017679691,1784017679907149763,0.216692,buy,62643,62643,62644,1,0.005,2.64863,4,529.726,18,0,0,0,2.65363,0,not_depleted,,0.0,False,missing_same_side_strict_through_support;missing_recent_same_side_at_or_through_throughput,112,59831,0,2,same_touch_stable_enough,real_bbo_history_touch_stability,531,1784017679160,0.25112,2.64863,2.39751,1,4,3,not_reset,history_present_no_reset,pass,,,history_present_no_reset,latest_l2_received_before_or_at_candidate,latest_l2_exchange_time_equal_candidate,event_driven_current_l2_plus_rolling_public_trades_proxy_not_exact_queue_or_fill_probability
1256,l2Book,1784017680224,1784017680458453865,0.234956,buy,62643,62643,62644,1,0.005,2.64768,3,529.536,17,0,0,0,2.65268,0,not_depleted,,0.0,False,missing_same_side_strict_through_support;missing_recent_same_side_at_or_through_throughput,112,59858,0,3,same_touch_stable_enough,real_bbo_history_touch_stability,1064,1784017679160,2.64863,2.64768,-0.00095,4,3,-1,reset_supported,same_touch_top_qty_or_order_count_reduced,pass,,,,latest_l2_received_before_or_at_candidate,latest_l2_exchange_time_equal_candidate,event_driven_current_l2_plus_rolling_public_trades_proxy_not_exact_queue_or_fill_probability
1257,trades,1784017680575,1784017680761234970,0.186731,buy,62643,62643,62644,1,0.005,2.64768,3,529.536,18,0.0032,0,0.0032,2.65268,0.001206327186091047544370221813,touched_quote_without_depletion,,0.0008,False,missing_same_side_strict_through_support,111,59340,351,3,same_touch_stable_enough,real_bbo_history_touch_stability,1415,1784017679160,2.64863,2.64768,-0.00095,4,3,-1,reset_supported,same_touch_top_qty_or_order_count_reduced,pass,,,,latest_l2_received_before_or_at_candidate,latest_l2_exchange_time_before_candidate,event_driven_current_l2_plus_rolling_public_trades_proxy_not_exact_queue_or_fill_probability
1258,l2Book,1784017680776,1784017681000062387,0.224547,buy,62643,62643,62644,1,0.005,0.72882,3,145.764,18,0.0032,0,0.0032,0.73382,0.004360742416396391485650431986,touched_quote_without_depletion,,0.0008,False,missing_same_side_strict_through_support,112,59892,0,4,same_touch_stable_enough,real_bbo_history_touch_stability,1616,1784017679160,2.64863,0.72882,-1.91981,4,3,-1,reset_supported,same_touch_top_qty_or_order_count_reduced,pass,,,,latest_l2_received_before_or_at_candidate,latest_l2_exchange_time_equal_candidate,event_driven_current_l2_plus_rolling_public_trades_proxy_not_exact_queue_or_fill_probability
1259,l2Book,1784017681307,1784017681539986991,0.233496,buy,62643,62643,62644,1,0.005,0.72882,3,145.764,18,0.0032,0,0.0032,0.73382,0.004360742416396391485650431986,touched_quote_without_depletion,,0.0008,False,missing_same_side_strict_through_support,112,59873,0,5,same_touch_stable_enough,real_bbo_history_touch_stability,2147,1784017679160,2.64863,0.72882,-1.91981,4,3,-1,reset_supported,same_touch_top_qty_or_order_count_reduced,pass,,,,latest_l2_received_before_or_at_candidate,latest_l2_exchange_time_equal_candidate,event_driven_current_l2_plus_rolling_public_trades_proxy_not_exact_queue_or_fill_probability
1260,l2Book,1784017681849,1784017682079886637,0.231402,buy,62643,62643,62644,1,0.005,3.12434,5,624.868,16,0.0032,0,0.0032,3.12934,0.001022579841116657186499389648,touched_quote_without_depletion,,0.0008,False,missing_same_side_strict_through_support,112,59880,0,6,same_touch_stable_enough,real_bbo_history_touch_stability,2689,1784017679160,2.64863,3.12434,0.47571,4,5,1,not_reset,history_present_no_reset,pass,,,history_present_no_reset,latest_l2_received_before_or_at_candidate,latest_l2_exchange_time_equal_candidate,event_driven_current_l2_plus_rolling_public_trades_proxy_not_exact_queue_or_fill_probability
1261,trades,1784017682036,1784017682254498406,0.218984,buy,62643,62643,62644,1,0.005,3.12434,5,624.868,4,0.00465,0,0.00465,3.12934,0.001485936331622642474131925582,touched_quote_without_depletion,,0.00116,False,missing_same_side_strict_through_support,111,59356,187,6,same_touch_stable_enough,real_bbo_history_touch_stability,2876,1784017679160,2.64863,3.12434,0.47571,4,5,1,not_reset,history_present_no_reset,pass,,,history_present_no_reset,latest_l2_received_before_or_at_candidate,latest_l2_exchange_time_before_candidate,event_driven_current_l2_plus_rolling_public_trades_proxy_not_exact_queue_or_fill_probability
1262,trades,1784017682300,1784017682531337664,0.231803,buy,62643,62643,62644,1,0.005,3.12434,5,624.868,4,0.00465,0,0.00465,3.12934,0.001485936331622642474131925582,touched_quote_without_depletion,,0.00116,False,missing_same_side_strict_through_support,111,59356,451,6,same_touch_stable_enough,real_bbo_history_touch_stability,3140,1784017679160,2.64863,3.12434,0.47571,4,5,1,not_reset,history_present_no_reset,pass,,,history_present_no_reset,latest_l2_received_before_or_at_candidate,latest_l2_exchange_time_before_candidate,event_driven_current_l2_plus_rolling_public_trades_proxy_not_exact_queue_or_fill_probability
1263,l2Book,1784017682384,1784017682610492904,0.226955,buy,62643,62643,62644,1,0.005,0.72737,3,145.474,4,0.00465,0,0.00465,0.73237,0.006349249696191815612327102421,touched_quote_without_depletion,,0.00116,False,missing_same_side_strict_through_support,112,59891,0,7,same_touch_stable_enough,real_bbo_history_touch_stability,3224,1784017679160,3.12434,0.72737,-2.39697,5,3,-2,reset_supported,same_touch_top_qty_or_order_count_reduced,pass,,,,latest_l2_received_before_or_at_candidate,latest_l2_exchange_time_equal_candidate,event_driven_current_l2_plus_rolling_public_trades_proxy_not_exact_queue_or_fill_probability
1264,l2Book,1784017682923,1784017683158902690,0.23643,buy,62643,62643,62644,1,0.005,0.72737,3,145.474,4,0.00465,0,0.00465,0.73237,0.006349249696191815612327102421,touched_quote_without_depletion,,0.00116,False,missing_same_side_strict_through_support,112,59880,0,8,same_touch_stable_enough,real_bbo_history_touch_stability,3763,1784017679160,3.12434,0.72737,-2.39697,5,3,-2,reset_supported,same_touch_top_qty_or_order_count_reduced,pass,,,,latest_l2_received_before_or_at_candidate,latest_l2_exchange_time_equal_candidate,event_driven_current_l2_plus_rolling_public_trades_proxy_not_exact_queue_or_fill_probability
1265,l2Book,1784017683468,1784017683807541035,0.340016,buy,62643,62643,62644,1,0.005,5.57602,7,1115.204,4,0.00465,0,0.00465,5.58102,0.0008331810314243632884311469946,touched_quote_without_depletion,,0.00116,False,missing_same_side_strict_through_support,112,59889,0,9,same_touch_stable_enough,real_bbo_history_touch_stability,4308,1784017679160,3.12434,5.57602,2.45168,5,7,2,not_reset,history_present_no_reset,pass,,,history_present_no_reset,latest_l2_received_before_or_at_candidate,latest_l2_exchange_time_equal_candidate,event_driven_current_l2_plus_rolling_public_trades_proxy_not_exact_queue_or_fill_probability
1266,l2Book,1784017684020,1784017684272352619,0.252868,buy,62643,62643,62644,1,0.005,7.13916,19,1427.832,3,0.00145,0,0.00145,7.14416,0.0002029629795525296185975678036,touched_quote_without_depletion,,0.00036,False,missing_same_side_strict_through_support,112,59915,0,10,same_touch_stable_enough,real_bbo_history_touch_stability,4860,1784017679160,5.57602,7.13916,1.56314,7,19,12,not_reset,history_present_no_reset,pass,,,history_present_no_reset,latest_l2_received_before_or_at_candidate,latest_l2_exchange_time_equal_candidate,event_driven_current_l2_plus_rolling_public_trades_proxy_not_exact_queue_or_fill_probability
1267,l2Book,1784017684550,1784017684787070850,0.237602,buy,62643,62643,62644,1,0.005,8.017,22,1603.4,3,0.00145,0,0.00145,8.022,0.0001807529294440289204687110446,touched_quote_without_depletion,,0.00036,False,missing_same_side_strict_through_support,112,59910,0,11,same_touch_stable_enough,real_bbo_history_touch_stability,5390,1784017679160,7.13916,8.017,0.87784,19,22,3,not_reset,history_present_no_reset,pass,,,history_present_no_reset,latest_l2_received_before_or_at_candidate,latest_l2_exchange_time_equal_candidate,event_driven_current_l2_plus_rolling_public_trades_proxy_not_exact_queue_or_fill_probability
1268,l2Book,1784017685077,1784017685330868573,0.254379,buy,62647,62647,62648,1,0.005,19.18411,89,3836.822,1,0,0,0,19.18911,0,not_depleted,,0.0,False,missing_same_side_strict_through_support;missing_touch_freshness_or_queue_reset_evidence;missing_recent_same_side_at_or_through_throughput,112,59888,0,1,same_touch_seen_but_not_stable,real_bbo_history_insufficient,0,1784017685077,,19.18411,,,89,,missing,no_prior_same_touch_bbo,block,no_prior_same_touch_bbo,same_touch_seen_but_not_stable,no_prior_same_touch_bbo,latest_l2_received_before_or_at_candidate,latest_l2_exchange_time_equal_candidate,event_driven_current_l2_plus_rolling_public_trades_proxy_not_exact_queue_or_fill_probability
1269,l2Book,1784017685630,1784017685846531222,0.216993,buy,62648,62648,62649,1,0.005,94.2677,404,18853.54,0,0,0,0,94.2727,0,not_depleted,,0.0,False,missing_same_side_strict_through_support;missing_touch_freshness_or_queue_reset_evidence;missing_recent_same_side_at_or_through_throughput,112,59907,0,1,same_touch_seen_but_not_stable,real_bbo_history_insufficient,0,1784017685630,,94.2677,,,404,,missing,no_prior_same_touch_bbo,block,no_prior_same_touch_bbo,same_touch_seen_but_not_stable,no_prior_same_touch_bbo,latest_l2_received_before_or_at_candidate,latest_l2_exchange_time_equal_candidate,event_driven_current_l2_plus_rolling_public_trades_proxy_not_exact_queue_or_fill_probability
1270,l2Book,1784017686181,1784017686405689972,0.22519,buy,62648,62648,62649,1,0.005,26.29212,97,5258.424,0,0,0,0,26.29712,0,not_depleted,,0.0,False,missing_same_side_strict_through_support;missing_recent_same_side_at_or_through_throughput,112,59853,0,2,same_touch_stable_enough,real_bbo_history_touch_stability,551,1784017685630,94.2677,26.29212,-67.97558,404,97,-307,reset_supported,same_touch_top_qty_or_order_count_reduced,pass,,,,latest_l2_received_before_or_at_candidate,latest_l2_exchange_time_equal_candidate,event_driven_current_l2_plus_rolling_public_trades_proxy_not_exact_queue_or_fill_probability
1271,l2Book,1784017686715,1784017686935117257,0.220612,buy,62648,62648,62649,1,0.005,26.47699,98,5295.398,0,0,0,0,26.48199,0,not_depleted,,0.0,False,missing_same_side_strict_through_support;missing_recent_same_side_at_or_through_throughput,112,59782,0,3,same_touch_stable_enough,real_bbo_history_touch_stability,1085,1784017685630,94.2677,26.47699,-67.79071,404,98,-306,reset_supported,same_touch_top_qty_or_order_count_reduced,pass,,,,latest_l2_received_before_or_at_candidate,latest_l2_exchange_time_equal_candidate,event_driven_current_l2_plus_rolling_public_trades_proxy_not_exact_queue_or_fill_probability
1272,l2Book,1784017687242,1784017687460406129,0.21889,buy,62648,62648,62649,1,0.005,26.24291,84,5248.582,0,0,0,0,26.24791,0,not_depleted,,0.0,False,missing_same_side_strict_through_support;missing_recent_same_side_at_or_through_throughput,112,59708,0,4,same_touch_stable_enough,real_bbo_history_touch_stability,1612,1784017685630,94.2677,26.24291,-68.02479,404,84,-320,reset_supported,same_touch_top_qty_or_order_count_reduced,pass,,,,latest_l2_received_before_or_at_candidate,latest_l2_exchange_time_equal_candidate,event_driven_current_l2_plus_rolling_public_trades_proxy_not_exact_queue_or_fill_probability
1273,l2Book,1784017687793,1784017688019892094,0.227348,buy,62648,62648,62649,1,0.005,26.24291,84,5248.582,0,0,0,0,26.24791,0,not_depleted,,0.0,False,missing_same_side_strict_through_support;missing_recent_same_side_at_or_through_throughput,112,59653,0,5,same_touch_stable_enough,real_bbo_history_touch_stability,2163,1784017685630,94.2677,26.24291,-68.02479,404,84,-320,reset_supported,same_touch_top_qty_or_order_count_reduced,pass,,,,latest_l2_received_before_or_at_candidate,latest_l2_exchange_time_equal_candidate,event_driven_current_l2_plus_rolling_public_trades_proxy_not_exact_queue_or_fill_probability
1274,trades,1784017687861,1784017688051377924,0.190877,buy,62648,62648,62649,1,0.005,26.24291,84,5248.582,13,0,0,0,26.24791,0,not_depleted,,0.0,False,missing_same_side_strict_through_support;missing_recent_same_side_at_or_through_throughput,112,59653,68,5,same_touch_stable_enough,real_bbo_history_touch_stability,2231,1784017685630,94.2677,26.24291,-68.02479,404,84,-320,reset_supported,same_touch_top_qty_or_order_count_reduced,pass,,,,latest_l2_received_before_or_at_candidate,latest_l2_exchange_time_before_candidate,event_driven_current_l2_plus_rolling_public_trades_proxy_not_exact_queue_or_fill_probability
1275,trades,1784017688062,1784017688283268981,0.221743,buy,62648,62648,62649,1,0.005,26.24291,84,5248.582,15,0,0,0,26.24791,0,not_depleted,,0.0,False,missing_same_side_strict_through_support;missing_recent_same_side_at_or_through_throughput,112,59653,269,5,same_touch_stable_enough,real_bbo_history_touch_stability,2432,1784017685630,94.2677,26.24291,-68.02479,404,84,-320,reset_supported,same_touch_top_qty_or_order_count_reduced,pass,,,,latest_l2_received_before_or_at_candidate,latest_l2_exchange_time_before_candidate,event_driven_current_l2_plus_rolling_public_trades_proxy_not_exact_queue_or_fill_probability
1276,l2Book,1784017688333,1784017688727236483,0.394706,buy,62652,62652,62653,1,0.005,14.69778,45,2939.556,15,0.00128,0,0.00128,14.70278,0.00008705836583285609932271311956,touched_quote_without_depletion,,0.00032,False,missing_same_side_strict_through_support;missing_touch_freshness_or_queue_reset_evidence,112,59692,0,1,same_touch_seen_but_not_stable,real_bbo_history_insufficient,0,1784017688333,,14.69778,,,45,,missing,no_prior_same_touch_bbo,block,no_prior_same_touch_bbo,same_touch_seen_but_not_stable,no_prior_same_touch_bbo,latest_l2_received_before_or_at_candidate,latest_l2_exchange_time_equal_candidate,event_driven_current_l2_plus_rolling_public_trades_proxy_not_exact_queue_or_fill_probability
1277,l2Book,1784017688864,1784017689090213844,0.226692,buy,62652,62652,62653,1,0.005,15.05698,47,3011.396,15,0.00128,0,0.00128,15.06198,0.00008498218693691002112604053385,touched_quote_without_depletion,,0.00032,False,missing_same_side_strict_through_support,112,59701,0,2,same_touch_stable_enough,real_bbo_history_touch_stability,531,1784017688333,14.69778,15.05698,0.3592,45,47,2,not_reset,history_present_no_reset,pass,,,history_present_no_reset,latest_l2_received_before_or_at_candidate,latest_l2_exchange_time_equal_candidate,event_driven_current_l2_plus_rolling_public_trades_proxy_not_exact_queue_or_fill_probability
1278,l2Book,1784017689370,1784017689628305832,0.258762,buy,62652,62652,62653,1,0.005,16.31105,52,3262.21,15,0.00128,0,0.00128,16.31605,0.0000784503602281189381008270997,touched_quote_without_depletion,,0.00032,False,missing_same_side_strict_through_support,112,59654,0,3,same_touch_stable_enough,real_bbo_history_touch_stability,1037,1784017688333,15.05698,16.31105,1.25407,47,52,5,not_reset,history_present_no_reset,pass,,,history_present_no_reset,latest_l2_received_before_or_at_candidate,latest_l2_exchange_time_equal_candidate,event_driven_current_l2_plus_rolling_public_trades_proxy_not_exact_queue_or_fill_probability
1279,l2Book,1784017689890,1784017690102601947,0.213112,buy,62652,62652,62653,1,0.005,21.49618,72,4299.236,15,0.00128,0,0.00128,21.50118,0.00005953161640430897280986438884,touched_quote_without_depletion,,0.00032,False,missing_same_side_strict_through_support,112,59643,0,4,same_touch_stable_enough,real_bbo_history_touch_stability,1557,1784017688333,16.31105,21.49618,5.18513,52,72,20,not_reset,history_present_no_reset,pass,,,history_present_no_reset,latest_l2_received_before_or_at_candidate,latest_l2_exchange_time_equal_candidate,event_driven_current_l2_plus_rolling_public_trades_proxy_not_exact_queue_or_fill_probability
1280,trades,1784017690234,1784017690470442455,0.236993,buy,62652,62652,62653,1,0.005,21.49618,72,4299.236,48,0.00128,0,0.00128,21.50118,0.00005953161640430897280986438884,touched_quote_without_depletion,,0.00032,False,missing_same_side_strict_through_support,112,59643,344,4,same_touch_stable_enough,real_bbo_history_touch_stability,1901,1784017688333,16.31105,21.49618,5.18513,52,72,20,not_reset,history_present_no_reset,pass,,,history_present_no_reset,latest_l2_received_before_or_at_candidate,latest_l2_exchange_time_before_candidate,event_driven_current_l2_plus_rolling_public_trades_proxy_not_exact_queue_or_fill_probability
1281,l2Book,1784017690445,1784017690673670808,0.229199,buy,62659,62659,62660,1,0.005,7.20202,13,1440.404,48,0,0.00128,0.00128,7.20702,0.0001776046132798299435827845628,strict_trade_through_seen_but_visible_top_not_depleted,,0.00032,False,missing_touch_freshness_or_queue_reset_evidence,112,59687,0,1,same_touch_seen_but_not_stable,real_bbo_history_insufficient,0,1784017690445,,7.20202,,,13,,missing,no_prior_same_touch_bbo,block,no_prior_same_touch_bbo,same_touch_seen_but_not_stable,no_prior_same_touch_bbo,latest_l2_received_before_or_at_candidate,latest_l2_exchange_time_equal_candidate,event_driven_current_l2_plus_rolling_public_trades_proxy_not_exact_queue_or_fill_probability
1282,l2Book,1784017690980,1784017691208963277,0.229453,buy,62659,62659,62660,1,0.005,13.06233,25,2612.466,35,0,0.00128,0.00128,13.06733,0.00009795421099796209325087833551,strict_trade_through_seen_but_visible_top_not_depleted,,0.00032,False,outside_quality_a_b_queue_bands,112,59693,0,2,same_touch_stable_enough,real_bbo_history_touch_stability,535,1784017690445,7.20202,13.06233,5.86031,13,25,12,not_reset,history_present_no_reset,pass,,,history_present_no_reset,latest_l2_received_before_or_at_candidate,latest_l2_exchange_time_equal_candidate,event_driven_current_l2_plus_rolling_public_trades_proxy_not_exact_queue_or_fill_probability
1283,l2Book,1784017691514,1784017691722004772,0.2085,buy,62659,62659,62660,1,0.005,11.40624,20,2281.248,33,0,0,0,11.41124,0,not_depleted,,0.0,False,missing_same_side_strict_through_support;missing_recent_same_side_at_or_through_throughput,112,59692,0,3,same_touch_stable_enough,real_bbo_history_touch_stability,1069,1784017690445,13.06233,11.40624,-1.65609,25,20,-5,reset_supported,same_touch_top_qty_or_order_count_reduced,pass,,,,latest_l2_received_before_or_at_candidate,latest_l2_exchange_time_equal_candidate,event_driven_current_l2_plus_rolling_public_trades_proxy_not_exact_queue_or_fill_probability
1284,l2Book,1784017692109,1784017692326592190,0.218105,buy,62659,62659,62660,1,0.005,11.09573,15,2219.146,33,0,0,0,11.10073,0,not_depleted,,0.0,False,missing_same_side_strict_through_support;missing_recent_same_side_at_or_through_throughput,112,59742,0,4,same_touch_stable_enough,real_bbo_history_touch_stability,1664,1784017690445,13.06233,11.09573,-1.9666,25,15,-10,reset_supported,same_touch_top_qty_or_order_count_reduced,pass,,,,latest_l2_received_before_or_at_candidate,latest_l2_exchange_time_equal_candidate,event_driven_current_l2_plus_rolling_public_trades_proxy_not_exact_queue_or_fill_probability
1285,l2Book,1784017692606,1784017692811651521,0.206164,buy,62659,62659,62660,1,0.005,13.01598,22,2603.196,33,0,0,0,13.02098,0,not_depleted,,0.0,False,missing_same_side_strict_through_support;missing_recent_same_side_at_or_through_throughput,112,59699,0,5,same_touch_stable_enough,real_bbo_history_touch_stability,2161,1784017690445,13.06233,13.01598,-0.04635,25,22,-3,reset_supported,same_touch_top_qty_or_order_count_reduced,pass,,,,latest_l2_received_before_or_at_candidate,latest_l2_exchange_time_equal_candidate,event_driven_current_l2_plus_rolling_public_trades_proxy_not_exact_queue_or_fill_probability
1286,l2Book,1784017693139,1784017693350093467,0.211583,buy,62659,62659,62660,1,0.005,12.69641,20,2539.282,33,0,0,0,12.70141,0,not_depleted,,0.0,False,missing_same_side_strict_through_support;missing_recent_same_side_at_or_through_throughput,112,59715,0,6,same_touch_stable_enough,real_bbo_history_touch_stability,2694,1784017690445,13.06233,12.69641,-0.36592,25,20,-5,reset_supported,same_touch_top_qty_or_order_count_reduced,pass,,,,latest_l2_received_before_or_at_candidate,latest_l2_exchange_time_equal_candidate,event_driven_current_l2_plus_rolling_public_trades_proxy_not_exact_queue_or_fill_probability
1287,l2Book,1784017693683,1784017693917823268,0.235333,buy,62659,62659,62660,1,0.005,13.70865,25,2741.73,0,0,0,0,13.71365,0,not_depleted,,0.0,False,missing_same_side_strict_through_support;missing_recent_same_side_at_or_through_throughput,112,59707,0,7,same_touch_stable_enough,real_bbo_history_touch_stability,3238,1784017690445,13.06233,13.70865,0.64632,25,25,0,not_reset,history_present_no_reset,pass,,,history_present_no_reset,latest_l2_received_before_or_at_candidate,latest_l2_exchange_time_equal_candidate,event_driven_current_l2_plus_rolling_public_trades_proxy_not_exact_queue_or_fill_probability
1288,trades,1784017694087,1784017694272965796,0.186441,buy,62659,62659,62660,1,0.005,13.70865,25,2741.73,1,1,0,1,13.71365,0.07292004681467005501817532167,touched_quote_without_depletion,,0.005,False,missing_same_side_strict_through_support,111,59156,404,7,same_touch_stable_enough,real_bbo_history_touch_stability,3642,1784017690445,13.06233,13.70865,0.64632,25,25,0,not_reset,history_present_no_reset,pass,,,history_present_no_reset,latest_l2_received_before_or_at_candidate,latest_l2_exchange_time_before_candidate,event_driven_current_l2_plus_rolling_public_trades_proxy_not_exact_queue_or_fill_probability
1289,l2Book,1784017694220,1784017694444558052,0.225085,buy,62659,62659,62660,1,0.005,12.50918,24,2501.836,1,1,0,1,12.51418,0.07990935083241570762127442629,touched_quote_without_depletion,,0.005,False,missing_same_side_strict_through_support,112,59693,0,8,same_touch_stable_enough,real_bbo_history_touch_stability,3775,1784017690445,13.70865,12.50918,-1.19947,25,24,-1,reset_supported,same_touch_top_qty_or_order_count_reduced,pass,,,,latest_l2_received_before_or_at_candidate,latest_l2_exchange_time_equal_candidate,event_driven_current_l2_plus_rolling_public_trades_proxy_not_exact_queue_or_fill_probability
1290,trades,1784017694289,1784017694508102399,0.219606,buy,62659,62659,62660,1,0.005,12.50918,24,2501.836,3,1,0,1,12.51418,0.07990935083241570762127442629,touched_quote_without_depletion,,0.005,False,missing_same_side_strict_through_support,112,59693,69,8,same_touch_stable_enough,real_bbo_history_touch_stability,3844,1784017690445,13.70865,12.50918,-1.19947,25,24,-1,reset_supported,same_touch_top_qty_or_order_count_reduced,pass,,,,latest_l2_received_before_or_at_candidate,latest_l2_exchange_time_before_candidate,event_driven_current_l2_plus_rolling_public_trades_proxy_not_exact_queue_or_fill_probability
1291,trades,1784017694559,1784017694740469157,0.181944,buy,62659,62659,62660,1,0.005,12.50918,24,2501.836,4,1,0,1,12.51418,0.07990935083241570762127442629,touched_quote_without_depletion,,0.005,False,missing_same_side_strict_through_support,111,59087,339,8,same_touch_stable_enough,real_bbo_history_touch_stability,4114,1784017690445,13.70865,12.50918,-1.19947,25,24,-1,reset_supported,same_touch_top_qty_or_order_count_reduced,pass,,,,latest_l2_received_before_or_at_candidate,latest_l2_exchange_time_before_candidate,event_driven_current_l2_plus_rolling_public_trades_proxy_not_exact_queue_or_fill_probability
1292,l2Book,1784017694758,1784017694982073073,0.22455,buy,62659,62659,62660,1,0.005,12.11264,26,2422.528,4,1,0,1,12.11764,0.08252431991707956334731845475,touched_quote_without_depletion,,0.005,False,missing_same_side_strict_through_support,112,59625,0,9,same_touch_stable_enough,real_bbo_history_touch_stability,4313,1784017690445,13.70865,12.11264,-1.59601,25,26,1,not_reset,history_present_no_reset,pass,,,history_present_no_reset,latest_l2_received_before_or_at_candidate,latest_l2_exchange_time_equal_candidate,event_driven_current_l2_plus_rolling_public_trades_proxy_not_exact_queue_or_fill_probability
1293,trades,1784017695027,1784017695264624890,0.238207,buy,62659,62659,62660,1,0.005,12.11264,26,2422.528,5,1,0,1,12.11764,0.08252431991707956334731845475,touched_quote_without_depletion,,0.005,False,missing_same_side_strict_through_support,112,59625,269,9,same_touch_stable_enough,real_bbo_history_touch_stability,4582,1784017690445,13.70865,12.11264,-1.59601,25,26,1,not_reset,history_present_no_reset,pass,,,history_present_no_reset,latest_l2_received_before_or_at_candidate,latest_l2_exchange_time_before_candidate,event_driven_current_l2_plus_rolling_public_trades_proxy_not_exact_queue_or_fill_probability
1294,l2Book,1784017695297,1784017695529902861,0.233387,buy,62659,62659,62660,1,0.005,12.11264,26,2422.528,5,1,0,1,12.11764,0.08252431991707956334731845475,touched_quote_without_depletion,,0.005,False,missing_same_side_strict_through_support,112,59599,0,10,same_touch_stable_enough,real_bbo_history_touch_stability,4852,1784017690445,13.70865,12.11264,-1.59601,26,26,0,not_reset,history_present_no_reset,pass,,,history_present_no_reset,latest_l2_received_before_or_at_candidate,latest_l2_exchange_time_equal_candidate,event_driven_current_l2_plus_rolling_public_trades_proxy_not_exact_queue_or_fill_probability
1295,l2Book,1784017695848,1784017696083907710,0.236391,buy,62659,62659,62660,1,0.005,12.23347,24,2446.694,5,1,0,1,12.23847,0.08170956010024128833097601252,touched_quote_without_depletion,,0.005,False,missing_same_side_strict_through_support,112,59619,0,11,same_touch_stable_enough,real_bbo_history_touch_stability,5403,1784017690445,13.70865,12.23347,-1.47518,26,24,-2,reset_supported,same_touch_top_qty_or_order_count_reduced,pass,,,,latest_l2_received_before_or_at_candidate,latest_l2_exchange_time_equal_candidate,event_driven_current_l2_plus_rolling_public_trades_proxy_not_exact_queue_or_fill_probability
1296,trades,1784017696248,1784017696457366783,0.20985,buy,62659,62659,62660,1,0.005,12.23347,24,2446.694,6,1,0,1,12.23847,0.08170956010024128833097601252,touched_quote_without_depletion,,0.005,False,missing_same_side_strict_through_support,111,59078,400,11,same_touch_stable_enough,real_bbo_history_touch_stability,5803,1784017690445,13.70865,12.23347,-1.47518,26,24,-2,reset_supported,same_touch_top_qty_or_order_count_reduced,pass,,,,latest_l2_received_before_or_at_candidate,latest_l2_exchange_time_before_candidate,event_driven_current_l2_plus_rolling_public_trades_proxy_not_exact_queue_or_fill_probability
1297,l2Book,1784017696381,1784017696593961115,0.21345,buy,62659,62659,62660,1,0.005,10.15494,18,2030.988,6,1,0,1,10.15994,0.09842577810498880898902946277,touched_quote_without_depletion,,0.005,False,missing_same_side_strict_through_support,112,59611,0,12,same_touch_stable_enough,real_bbo_history_touch_stability,5936,1784017690445,13.70865,10.15494,-3.55371,26,18,-8,reset_supported,same_touch_top_qty_or_order_count_reduced,pass,,,,latest_l2_received_before_or_at_candidate,latest_l2_exchange_time_equal_candidate,event_driven_current_l2_plus_rolling_public_trades_proxy_not_exact_queue_or_fill_probability
1298,l2Book,1784017696922,1784017697145143920,0.223652,buy,62659,62659,62660,1,0.005,10.19332,19,2038.664,6,1,0,1,10.19832,0.09805536598184799064944029997,touched_quote_without_depletion,,0.005,False,missing_same_side_strict_through_support,112,59635,0,13,same_touch_stable_enough,real_bbo_history_touch_stability,6477,1784017690445,13.70865,10.19332,-3.51533,26,19,-7,reset_supported,same_touch_top_qty_or_order_count_reduced,pass,,,,latest_l2_received_before_or_at_candidate,latest_l2_exchange_time_equal_candidate,event_driven_current_l2_plus_rolling_public_trades_proxy_not_exact_queue_or_fill_probability
1299,trades,1784017697058,1784017697303871702,0.246351,buy,62659,62659,62660,1,0.005,10.19332,19,2038.664,8,1,0,1,10.19832,0.09805536598184799064944029997,touched_quote_without_depletion,,0.005,False,missing_same_side_strict_through_support,112,59635,136,13,same_touch_stable_enough,real_bbo_history_touch_stability,6613,1784017690445,13.70865,10.19332,-3.51533,26,19,-7,reset_supported,same_touch_top_qty_or_order_count_reduced,pass,,,,latest_l2_received_before_or_at_candidate,latest_l2_exchange_time_before_candidate,event_driven_current_l2_plus_rolling_public_trades_proxy_not_exact_queue_or_fill_probability
1300,l2Book,1784017697473,1784017697720324857,0.247817,buy,62659,62659,62660,1,0.005,10.27045,5,2054.09,5,0,0,0,10.27545,0,not_depleted,,0.0,False,missing_same_side_strict_through_support;missing_recent_same_side_at_or_through_throughput,112,59631,0,14,same_touch_stable_enough,real_bbo_history_touch_stability,7028,1784017690445,13.70865,10.27045,-3.4382,26,5,-21,reset_supported,same_touch_top_qty_or_order_count_reduced,pass,,,,latest_l2_received_before_or_at_candidate,latest_l2_exchange_time_equal_candidate,event_driven_current_l2_plus_rolling_public_trades_proxy_not_exact_queue_or_fill_probability
1301,l2Book,1784017698013,1784017698280202461,0.267693,buy,62659,62659,62660,1,0.005,10.36616,6,2073.232,4,0,0,0,10.37116,0,not_depleted,,0.0,False,missing_same_side_strict_through_support;missing_recent_same_side_at_or_through_throughput,112,59643,0,15,same_touch_stable_enough,real_bbo_history_touch_stability,7568,1784017690445,13.70865,10.36616,-3.34249,26,6,-20,reset_supported,same_touch_top_qty_or_order_count_reduced,pass,,,,latest_l2_received_before_or_at_candidate,latest_l2_exchange_time_equal_candidate,event_driven_current_l2_plus_rolling_public_trades_proxy_not_exact_queue_or_fill_probability
1302,l2Book,1784017698554,1784017698774195362,0.220678,buy,62659,62659,62660,1,0.005,11.90692,7,2381.384,3,0,0,0,11.91192,0,not_depleted,,0.0,False,missing_same_side_strict_through_support;missing_recent_same_side_at_or_through_throughput,112,59605,0,16,same_touch_stable_enough,real_bbo_history_touch_stability,8109,1784017690445,13.70865,11.90692,-1.80173,26,7,-19,reset_supported,same_touch_top_qty_or_order_count_reduced,pass,,,,latest_l2_received_before_or_at_candidate,latest_l2_exchange_time_equal_candidate,event_driven_current_l2_plus_rolling_public_trades_proxy_not_exact_queue_or_fill_probability
1303,l2Book,1784017699096,1784017699341109720,0.245601,buy,62659,62659,62660,1,0.005,9.41642,6,1883.284,3,0,0,0,9.42142,0,not_depleted,,0.0,False,missing_same_side_strict_through_support;missing_recent_same_side_at_or_through_throughput,112,59618,0,17,same_touch_stable_enough,real_bbo_history_touch_stability,8651,1784017690445,13.70865,9.41642,-4.29223,26,6,-20,reset_supported,same_touch_top_qty_or_order_count_reduced,pass,,,,latest_l2_received_before_or_at_candidate,latest_l2_exchange_time_equal_candidate,event_driven_current_l2_plus_rolling_public_trades_proxy_not_exact_queue_or_fill_probability
1304,l2Book,1784017699629,1784017699848808543,0.220317,buy,62659,62659,62660,1,0.005,9.5159,7,1903.18,2,0,0,0,9.5209,0,not_depleted,,0.0,False,missing_same_side_strict_through_support;missing_recent_same_side_at_or_through_throughput,112,59620,0,18,same_touch_stable_enough,real_bbo_history_touch_stability,9184,1784017690445,13.70865,9.5159,-4.19275,26,7,-19,reset_supported,same_touch_top_qty_or_order_count_reduced,pass,,,,latest_l2_received_before_or_at_candidate,latest_l2_exchange_time_equal_candidate,event_driven_current_l2_plus_rolling_public_trades_proxy_not_exact_queue_or_fill_probability
1305,trades,1784017700105,1784017700324190408,0.219652,buy,62659,62659,62660,1,0.005,9.5159,7,1903.18,2,5.47878,0,5.47878,9.5209,0.5754476992721276349924902058,touched_quote_without_depletion,,0.005,False,missing_same_side_strict_through_support,111,59099,476,18,same_touch_stable_enough,real_bbo_history_touch_stability,9660,1784017690445,13.70865,9.5159,-4.19275,26,7,-19,reset_supported,same_touch_top_qty_or_order_count_reduced,pass,,,,latest_l2_received_before_or_at_candidate,latest_l2_exchange_time_before_candidate,event_driven_current_l2_plus_rolling_public_trades_proxy_not_exact_queue_or_fill_probability
1306,l2Book,1784017700172,1784017700408790653,0.237249,buy,62657,62657,62658,1,0.005,0.00155,2,0.31,2,0,0,0,0.00655,0,not_depleted,,0.0,False,missing_same_side_strict_through_support;missing_touch_freshness_or_queue_reset_evidence;missing_recent_same_side_at_or_through_throughput,112,59642,0,1,same_touch_seen_but_not_stable,real_bbo_history_insufficient,0,1784017700172,,0.00155,,,2,,missing,no_prior_same_touch_bbo,block,no_prior_same_touch_bbo,same_touch_seen_but_not_stable,no_prior_same_touch_bbo,latest_l2_received_before_or_at_candidate,latest_l2_exchange_time_equal_candidate,event_driven_current_l2_plus_rolling_public_trades_proxy_not_exact_queue_or_fill_probability
1307,l2Book,1784017700706,1784017700940833299,0.235322,buy,62654,62654,62655,1,0.005,0.00017,1,0.034,2,0,0,0,0.00517,0,not_depleted,,0.0,False,missing_same_side_strict_through_support;missing_touch_freshness_or_queue_reset_evidence;missing_recent_same_side_at_or_through_throughput,112,59620,0,1,same_touch_seen_but_not_stable,real_bbo_history_insufficient,0,1784017700706,,0.00017,,,1,,missing,no_prior_same_touch_bbo,block,no_prior_same_touch_bbo,same_touch_seen_but_not_stable,no_prior_same_touch_bbo,latest_l2_received_before_or_at_candidate,latest_l2_exchange_time_equal_candidate,event_driven_current_l2_plus_rolling_public_trades_proxy_not_exact_queue_or_fill_probability
1308,l2Book,1784017701246,1784017701505881741,0.260375,buy,62653,62653,62654,1,0.005,0.0022,1,0.44,2,0,0,0,0.0072,0,not_depleted,,0.0,False,missing_same_side_strict_through_support;missing_touch_freshness_or_queue_reset_evidence;missing_recent_same_side_at_or_through_throughput,112,59633,0,1,same_touch_seen_but_not_stable,real_bbo_history_insufficient,0,1784017701246,,0.0022,,,1,,missing,no_prior_same_touch_bbo,block,no_prior_same_touch_bbo,same_touch_seen_but_not_stable,no_prior_same_touch_bbo,latest_l2_received_before_or_at_candidate,latest_l2_exchange_time_equal_candidate,event_driven_current_l2_plus_rolling_public_trades_proxy_not_exact_queue_or_fill_probability
1309,l2Book,1784017701776,1784017702003179399,0.227677,buy,62652,62652,62653,1,0.005,0.00019,1,0.038,2,0,0,0,0.00519,0,not_depleted,,0.0,False,missing_same_side_strict_through_support;missing_touch_freshness_or_queue_reset_evidence;missing_recent_same_side_at_or_through_throughput,112,59607,0,1,same_touch_seen_but_not_stable,real_bbo_history_insufficient,0,1784017701776,,0.00019,,,1,,missing,no_prior_same_touch_bbo,block,no_prior_same_touch_bbo,same_touch_seen_but_not_stable,no_prior_same_touch_bbo,latest_l2_received_before_or_at_candidate,latest_l2_exchange_time_equal_candidate,event_driven_current_l2_plus_rolling_public_trades_proxy_not_exact_queue_or_fill_probability
1310,trades,1784017702049,1784017702278197257,0.229687,buy,62652,62652,62653,1,0.005,0.00019,1,0.038,4,0.00019,0.00125,0.00144,0.00519,0.2774566473988439306358381503,depleted_visible_top_proxy_only,quality_a,0.00036,True,,112,59607,273,1,same_touch_stable_enough,real_bbo_history_touch_stability,273,1784017701776,,0.00019,,,1,,missing,no_prior_same_touch_bbo,pass,,,no_prior_same_touch_bbo,latest_l2_received_before_or_at_candidate,latest_l2_exchange_time_before_candidate,event_driven_current_l2_plus_rolling_public_trades_proxy_not_exact_queue_or_fill_probability
