snapshot_phase,scope,role,session_id,segment_id,root,path,relative_path,bytes,sha256,authoritative_manifest_sha256
before,accepted_dependency,stage1,,,/Users/liu/Documents/hftbacktest-0814t001-skhynix-episode-research/local_live_analysis/skhynix_trigger_aligned_episode_research_v1,/Users/liu/Documents/hftbacktest-0814t001-skhynix-episode-research/local_live_analysis/skhynix_trigger_aligned_episode_research_v1/consumption_ledgers/aug07_access_ledger.json,consumption_ledgers/aug07_access_ledger.json,19276,40deed8ba0756e85697ef81e107a211ab2f4fabca638c1b42ae14f8314f7426d,9d8bf64c1a95ea378e88fe8d23243ce2896d727661988402c4e5dfd8600d55c2
before,accepted_dependency,stage1,,,/Users/liu/Documents/hftbacktest-0814t001-skhynix-episode-research/local_live_analysis/skhynix_trigger_aligned_episode_research_v1,/Users/liu/Documents/hftbacktest-0814t001-skhynix-episode-research/local_live_analysis/skhynix_trigger_aligned_episode_research_v1/data_admission/channel_inventory.csv,data_admission/channel_inventory.csv,2937,41a80972f0bf6407128bfcc89bc942a03e27aaeefc40b1f652d89dbd14eda333,9d8bf64c1a95ea378e88fe8d23243ce2896d727661988402c4e5dfd8600d55c2
before,accepted_dependency,stage1,,,/Users/liu/Documents/hftbacktest-0814t001-skhynix-episode-research/local_live_analysis/skhynix_trigger_aligned_episode_research_v1,/Users/liu/Documents/hftbacktest-0814t001-skhynix-episode-research/local_live_analysis/skhynix_trigger_aligned_episode_research_v1/data_admission/hyperliquid_feed_cadence.csv,data_admission/hyperliquid_feed_cadence.csv,7311,2e4060036155f80e6c1cebddd81143edce3c3b534dbc7f5c129d6c3f4ed81c0a,9d8bf64c1a95ea378e88fe8d23243ce2896d727661988402c4e5dfd8600d55c2
before,accepted_dependency,stage1,,,/Users/liu/Documents/hftbacktest-0814t001-skhynix-episode-research/local_live_analysis/skhynix_trigger_aligned_episode_research_v1,/Users/liu/Documents/hftbacktest-0814t001-skhynix-episode-research/local_live_analysis/skhynix_trigger_aligned_episode_research_v1/data_admission/input_manifest_bindings.csv,data_admission/input_manifest_bindings.csv,4098,c08c53f430398e8a68d6e2c8a83d32bd2a2fa889bc9a0fb5bc1c199b70fa59fc,9d8bf64c1a95ea378e88fe8d23243ce2896d727661988402c4e5dfd8600d55c2
before,accepted_dependency,stage1,,,/Users/liu/Documents/hftbacktest-0814t001-skhynix-episode-research/local_live_analysis/skhynix_trigger_aligned_episode_research_v1,/Users/liu/Documents/hftbacktest-0814t001-skhynix-episode-research/local_live_analysis/skhynix_trigger_aligned_episode_research_v1/data_admission/session_topology.csv,data_admission/session_topology.csv,5657,b00f4eae599bba63099d3b8c629324c761ebdacd2481ac56ebd119b182016827,9d8bf64c1a95ea378e88fe8d23243ce2896d727661988402c4e5dfd8600d55c2
before,accepted_dependency,stage1,,,/Users/liu/Documents/hftbacktest-0814t001-skhynix-episode-research/local_live_analysis/skhynix_trigger_aligned_episode_research_v1,/Users/liu/Documents/hftbacktest-0814t001-skhynix-episode-research/local_live_analysis/skhynix_trigger_aligned_episode_research_v1/data_admission/unavailable_fields.csv,data_admission/unavailable_fields.csv,2460,8ba7c2061ac587adbe5fe79ecf5adef120869dd20894f675bc8d16f8232c03e5,9d8bf64c1a95ea378e88fe8d23243ce2896d727661988402c4e5dfd8600d55c2
before,accepted_dependency,stage1,,,/Users/liu/Documents/hftbacktest-0814t001-skhynix-episode-research/local_live_analysis/skhynix_trigger_aligned_episode_research_v1,/Users/liu/Documents/hftbacktest-0814t001-skhynix-episode-research/local_live_analysis/skhynix_trigger_aligned_episode_research_v1/data_admission/underlying_regime_coverage.csv,data_admission/underlying_regime_coverage.csv,1382,ec33eeb2a1e7354d2efdbb4c08d683da2eb0dc1b6c8fc369935f8d2de06f0319,9d8bf64c1a95ea378e88fe8d23243ce2896d727661988402c4e5dfd8600d55c2
before,accepted_dependency,stage1,,,/Users/liu/Documents/hftbacktest-0814t001-skhynix-episode-research/local_live_analysis/skhynix_trigger_aligned_episode_research_v1,/Users/liu/Documents/hftbacktest-0814t001-skhynix-episode-research/local_live_analysis/skhynix_trigger_aligned_episode_research_v1/frozen_research_contract.json,frozen_research_contract.json,8668,8657c6a81cb541c8df1c7696f86b3b4cbfb0c2e01d0bb99a98bbecd158041a6e,9d8bf64c1a95ea378e88fe8d23243ce2896d727661988402c4e5dfd8600d55c2
before,accepted_dependency,stage1,,,/Users/liu/Documents/hftbacktest-0814t001-skhynix-episode-research/local_live_analysis/skhynix_trigger_aligned_episode_research_v1,/Users/liu/Documents/hftbacktest-0814t001-skhynix-episode-research/local_live_analysis/skhynix_trigger_aligned_episode_research_v1/input_inventory.csv,input_inventory.csv,273052,349fb8528437ad2beed538368173c0666f0e0be519a729a74c4b26727acfab42,9d8bf64c1a95ea378e88fe8d23243ce2896d727661988402c4e5dfd8600d55c2
before,accepted_dependency,stage1,,,/Users/liu/Documents/hftbacktest-0814t001-skhynix-episode-research/local_live_analysis/skhynix_trigger_aligned_episode_research_v1,/Users/liu/Documents/hftbacktest-0814t001-skhynix-episode-research/local_live_analysis/skhynix_trigger_aligned_episode_research_v1/research_manifest.json,research_manifest.json,3300,9d8bf64c1a95ea378e88fe8d23243ce2896d727661988402c4e5dfd8600d55c2,9d8bf64c1a95ea378e88fe8d23243ce2896d727661988402c4e5dfd8600d55c2
before,accepted_dependency,stage2,,,/Users/liu/Documents/hftbacktest-0814t001-skhynix-episode-research/local_live_analysis/skhynix_trigger_aligned_episode_research_v1_stage02_density,/Users/liu/Documents/hftbacktest-0814t001-skhynix-episode-research/local_live_analysis/skhynix_trigger_aligned_episode_research_v1_stage02_density/density_manifest.json,density_manifest.json,5386,ac5f4e50cfb653dffa6e6d6fb84ab451da70da415fd3d2785fff52330b9cd43b,ac5f4e50cfb653dffa6e6d6fb84ab451da70da415fd3d2785fff52330b9cd43b
before,accepted_dependency,stage2,,,/Users/liu/Documents/hftbacktest-0814t001-skhynix-episode-research/local_live_analysis/skhynix_trigger_aligned_episode_research_v1_stage02_density,/Users/liu/Documents/hftbacktest-0814t001-skhynix-episode-research/local_live_analysis/skhynix_trigger_aligned_episode_research_v1_stage02_density/effective_sample_size.csv,effective_sample_size.csv,24793,d9b9df5b6d7cee4e7d0c0cb1d4808e0312d497c6016d8d91b07c4ed8e846727b,ac5f4e50cfb653dffa6e6d6fb84ab451da70da415fd3d2785fff52330b9cd43b
before,accepted_dependency,stage2,,,/Users/liu/Documents/hftbacktest-0814t001-skhynix-episode-research/local_live_analysis/skhynix_trigger_aligned_episode_research_v1_stage02_density,/Users/liu/Documents/hftbacktest-0814t001-skhynix-episode-research/local_live_analysis/skhynix_trigger_aligned_episode_research_v1_stage02_density/episode_merging_summary.csv,episode_merging_summary.csv,2593,a0a16d9da2c3a1a18a98da7301beb21ea48ff123012440e7861ed3f1ce122f10,ac5f4e50cfb653dffa6e6d6fb84ab451da70da415fd3d2785fff52330b9cd43b
before,accepted_dependency,stage2,,,/Users/liu/Documents/hftbacktest-0814t001-skhynix-episode-research/local_live_analysis/skhynix_trigger_aligned_episode_research_v1_stage02_density,/Users/liu/Documents/hftbacktest-0814t001-skhynix-episode-research/local_live_analysis/skhynix_trigger_aligned_episode_research_v1_stage02_density/frozen_density_contract.json,frozen_density_contract.json,11586,0cd8b44ce2e39aebe8e8039f1dab0cf4d74dd555a59378e0a5acd33ca3b83815,ac5f4e50cfb653dffa6e6d6fb84ab451da70da415fd3d2785fff52330b9cd43b
before,accepted_dependency,stage2,,,/Users/liu/Documents/hftbacktest-0814t001-skhynix-episode-research/local_live_analysis/skhynix_trigger_aligned_episode_research_v1_stage02_density,/Users/liu/Documents/hftbacktest-0814t001-skhynix-episode-research/local_live_analysis/skhynix_trigger_aligned_episode_research_v1_stage02_density/input_bindings.csv,input_bindings.csv,141764,0c7584fd38ab2baf3acfa19463de7359b0d7ed55e56452a2158c122b321e4013,ac5f4e50cfb653dffa6e6d6fb84ab451da70da415fd3d2785fff52330b9cd43b
before,accepted_dependency,stage2,,,/Users/liu/Documents/hftbacktest-0814t001-skhynix-episode-research/local_live_analysis/skhynix_trigger_aligned_episode_research_v1_stage02_density,/Users/liu/Documents/hftbacktest-0814t001-skhynix-episode-research/local_live_analysis/skhynix_trigger_aligned_episode_research_v1_stage02_density/inter_trigger_distribution.csv,inter_trigger_distribution.csv,2979,a21ad70f0e3dcfc6e4d116b4b101f28bcd6d9916c192462777dc28bc6252402c,ac5f4e50cfb653dffa6e6d6fb84ab451da70da415fd3d2785fff52330b9cd43b
before,accepted_dependency,stage2,,,/Users/liu/Documents/hftbacktest-0814t001-skhynix-episode-research/local_live_analysis/skhynix_trigger_aligned_episode_research_v1_stage02_density,/Users/liu/Documents/hftbacktest-0814t001-skhynix-episode-research/local_live_analysis/skhynix_trigger_aligned_episode_research_v1_stage02_density/reports/trigger_density_admission.md,reports/trigger_density_admission.md,1661,33b8442fc6da371fd2a870d312bb306aefe0769074ef7f732899ea391cd9c98f,ac5f4e50cfb653dffa6e6d6fb84ab451da70da415fd3d2785fff52330b9cd43b
before,accepted_dependency,stage2,,,/Users/liu/Documents/hftbacktest-0814t001-skhynix-episode-research/local_live_analysis/skhynix_trigger_aligned_episode_research_v1_stage02_density,/Users/liu/Documents/hftbacktest-0814t001-skhynix-episode-research/local_live_analysis/skhynix_trigger_aligned_episode_research_v1_stage02_density/trigger_density_by_session.csv,trigger_density_by_session.csv,2316,d8931e98f09357885b5f4fae91d22b42ca51eec852be1cf74c90c1e7a8996fb4,ac5f4e50cfb653dffa6e6d6fb84ab451da70da415fd3d2785fff52330b9cd43b
before,accepted_dependency,stage2,,,/Users/liu/Documents/hftbacktest-0814t001-skhynix-episode-research/local_live_analysis/skhynix_trigger_aligned_episode_research_v1_stage02_density,/Users/liu/Documents/hftbacktest-0814t001-skhynix-episode-research/local_live_analysis/skhynix_trigger_aligned_episode_research_v1_stage02_density/trigger_density_sensitivity_summary.csv,trigger_density_sensitivity_summary.csv,6080,5b6dc67232015796d33950883334babfd17bc1c707778103b1a2fe874faa1eb0,ac5f4e50cfb653dffa6e6d6fb84ab451da70da415fd3d2785fff52330b9cd43b
before,accepted_dependency,stage4_crosscheck,jul30,,/Users/liu/Documents/hftbacktest-0814t001-skhynix-episode-research/local_live_analysis/skhynix_trigger_aligned_episode_research_v1_stage04_jul30_episode_v3,/Users/liu/Documents/hftbacktest-0814t001-skhynix-episode-research/local_live_analysis/skhynix_trigger_aligned_episode_research_v1_stage04_jul30_episode_v3/anchors/segment_0001.csv.gz,anchors/segment_0001.csv.gz,2285823,9121e11bd82ab681b27c3590e6d17949e025975e83fa631489605217c072a52f,2c802336c1446eaf50eaf5ef546b115046abe3a1b69fdd1fcaea31d22a8e64a6
before,accepted_dependency,stage4_crosscheck,jul30,,/Users/liu/Documents/hftbacktest-0814t001-skhynix-episode-research/local_live_analysis/skhynix_trigger_aligned_episode_research_v1_stage04_jul30_episode_v3,/Users/liu/Documents/hftbacktest-0814t001-skhynix-episode-research/local_live_analysis/skhynix_trigger_aligned_episode_research_v1_stage04_jul30_episode_v3/anchors/segment_0002.csv.gz,anchors/segment_0002.csv.gz,1672326,4bd02b5141bd8bb426047cb59974bf1514429e95f65416b3bc37ec5b30ba6bcb,2c802336c1446eaf50eaf5ef546b115046abe3a1b69fdd1fcaea31d22a8e64a6
before,accepted_dependency,stage4_crosscheck,jul30,,/Users/liu/Documents/hftbacktest-0814t001-skhynix-episode-research/local_live_analysis/skhynix_trigger_aligned_episode_research_v1_stage04_jul30_episode_v3,/Users/liu/Documents/hftbacktest-0814t001-skhynix-episode-research/local_live_analysis/skhynix_trigger_aligned_episode_research_v1_stage04_jul30_episode_v3/anchors/segment_0003.csv.gz,anchors/segment_0003.csv.gz,1957687,102adf000fff43e51d28ea0388a62a6218326d69423fe4b32d167e4847ae48c2,2c802336c1446eaf50eaf5ef546b115046abe3a1b69fdd1fcaea31d22a8e64a6
before,accepted_dependency,stage4_crosscheck,jul30,,/Users/liu/Documents/hftbacktest-0814t001-skhynix-episode-research/local_live_analysis/skhynix_trigger_aligned_episode_research_v1_stage04_jul30_episode_v3,/Users/liu/Documents/hftbacktest-0814t001-skhynix-episode-research/local_live_analysis/skhynix_trigger_aligned_episode_research_v1_stage04_jul30_episode_v3/anchors/segment_0004.csv.gz,anchors/segment_0004.csv.gz,1862367,bb7d4c65e311a2679512be2619e5e4bb6e0774b2fd826bcc2ab87765ee0d4734,2c802336c1446eaf50eaf5ef546b115046abe3a1b69fdd1fcaea31d22a8e64a6
before,accepted_dependency,stage4_crosscheck,jul30,,/Users/liu/Documents/hftbacktest-0814t001-skhynix-episode-research/local_live_analysis/skhynix_trigger_aligned_episode_research_v1_stage04_jul30_episode_v3,/Users/liu/Documents/hftbacktest-0814t001-skhynix-episode-research/local_live_analysis/skhynix_trigger_aligned_episode_research_v1_stage04_jul30_episode_v3/anchors/segment_0005.csv.gz,anchors/segment_0005.csv.gz,1607499,3577ebda0f23ec3f5c6bece770e47580ce72888f19f26013c37bbeaa77dba1f2,2c802336c1446eaf50eaf5ef546b115046abe3a1b69fdd1fcaea31d22a8e64a6
before,accepted_dependency,stage4_crosscheck,jul30,,/Users/liu/Documents/hftbacktest-0814t001-skhynix-episode-research/local_live_analysis/skhynix_trigger_aligned_episode_research_v1_stage04_jul30_episode_v3,/Users/liu/Documents/hftbacktest-0814t001-skhynix-episode-research/local_live_analysis/skhynix_trigger_aligned_episode_research_v1_stage04_jul30_episode_v3/anchors/segment_0006.csv.gz,anchors/segment_0006.csv.gz,1355338,c34a1a2e1d3808a76cd06cc93dd7e27f783d8ee10ed9765bbdddda16cb56bad6,2c802336c1446eaf50eaf5ef546b115046abe3a1b69fdd1fcaea31d22a8e64a6
before,accepted_dependency,stage4_crosscheck,jul30,,/Users/liu/Documents/hftbacktest-0814t001-skhynix-episode-research/local_live_analysis/skhynix_trigger_aligned_episode_research_v1_stage04_jul30_episode_v3,/Users/liu/Documents/hftbacktest-0814t001-skhynix-episode-research/local_live_analysis/skhynix_trigger_aligned_episode_research_v1_stage04_jul30_episode_v3/anchors/segment_0007.csv.gz,anchors/segment_0007.csv.gz,1251339,1cee5b6dbf79d17b09ad81fe04077d7f5b4469da03978614c0c8061708265619,2c802336c1446eaf50eaf5ef546b115046abe3a1b69fdd1fcaea31d22a8e64a6
before,accepted_dependency,stage4_crosscheck,jul30,,/Users/liu/Documents/hftbacktest-0814t001-skhynix-episode-research/local_live_analysis/skhynix_trigger_aligned_episode_research_v1_stage04_jul30_episode_v3,/Users/liu/Documents/hftbacktest-0814t001-skhynix-episode-research/local_live_analysis/skhynix_trigger_aligned_episode_research_v1_stage04_jul30_episode_v3/anchors/segment_0008.csv.gz,anchors/segment_0008.csv.gz,1178427,ee8315cf13d201b89bf66e77447687b28f3baa8b9e7dcd22dd6e63259c87c605,2c802336c1446eaf50eaf5ef546b115046abe3a1b69fdd1fcaea31d22a8e64a6
before,accepted_dependency,stage4_crosscheck,jul30,,/Users/liu/Documents/hftbacktest-0814t001-skhynix-episode-research/local_live_analysis/skhynix_trigger_aligned_episode_research_v1_stage04_jul30_episode_v3,/Users/liu/Documents/hftbacktest-0814t001-skhynix-episode-research/local_live_analysis/skhynix_trigger_aligned_episode_research_v1_stage04_jul30_episode_v3/episode_v3_manifest.json,episode_v3_manifest.json,33566,2c802336c1446eaf50eaf5ef546b115046abe3a1b69fdd1fcaea31d22a8e64a6,2c802336c1446eaf50eaf5ef546b115046abe3a1b69fdd1fcaea31d22a8e64a6
before,accepted_dependency,stage4_crosscheck,jul30,,/Users/liu/Documents/hftbacktest-0814t001-skhynix-episode-research/local_live_analysis/skhynix_trigger_aligned_episode_research_v1_stage04_jul30_episode_v3,/Users/liu/Documents/hftbacktest-0814t001-skhynix-episode-research/local_live_analysis/skhynix_trigger_aligned_episode_research_v1_stage04_jul30_episode_v3/frozen_episode_v3_contract.json,frozen_episode_v3_contract.json,63480,b80b9bae2d6cf18cb6e7be4f133467138527fec20eef7054ab38b7f8c70cefde,2c802336c1446eaf50eaf5ef546b115046abe3a1b69fdd1fcaea31d22a8e64a6
before,accepted_dependency,stage4_crosscheck,jul30,,/Users/liu/Documents/hftbacktest-0814t001-skhynix-episode-research/local_live_analysis/skhynix_trigger_aligned_episode_research_v1_stage04_jul30_episode_v3,/Users/liu/Documents/hftbacktest-0814t001-skhynix-episode-research/local_live_analysis/skhynix_trigger_aligned_episode_research_v1_stage04_jul30_episode_v3/input_bindings.csv,input_bindings.csv,403851,50dff4a95405324a674367f27cd66045722629113b948f65fbd61e2b3d519ee2,2c802336c1446eaf50eaf5ef546b115046abe3a1b69fdd1fcaea31d22a8e64a6
before,accepted_dependency,stage4_crosscheck,jul30,,/Users/liu/Documents/hftbacktest-0814t001-skhynix-episode-research/local_live_analysis/skhynix_trigger_aligned_episode_research_v1_stage04_jul30_episode_v3,/Users/liu/Documents/hftbacktest-0814t001-skhynix-episode-research/local_live_analysis/skhynix_trigger_aligned_episode_research_v1_stage04_jul30_episode_v3/quality_intervals.csv,quality_intervals.csv,2010,8610c1f29690834899bb7daa25965a71fd0ed9a85da453adf25dffd339c251ab,2c802336c1446eaf50eaf5ef546b115046abe3a1b69fdd1fcaea31d22a8e64a6
before,accepted_dependency,stage4_crosscheck,jul30,,/Users/liu/Documents/hftbacktest-0814t001-skhynix-episode-research/local_live_analysis/skhynix_trigger_aligned_episode_research_v1_stage04_jul30_episode_v3,/Users/liu/Documents/hftbacktest-0814t001-skhynix-episode-research/local_live_analysis/skhynix_trigger_aligned_episode_research_v1_stage04_jul30_episode_v3/segment_summary.csv,segment_summary.csv,2128,880d0643563e5f1856ca6a4ef7a980dc3b34d0717514f4ca0090d94de6e21d45,2c802336c1446eaf50eaf5ef546b115046abe3a1b69fdd1fcaea31d22a8e64a6
before,accepted_dependency,stage4_crosscheck,jul30,,/Users/liu/Documents/hftbacktest-0814t001-skhynix-episode-research/local_live_analysis/skhynix_trigger_aligned_episode_research_v1_stage04_jul30_episode_v3,/Users/liu/Documents/hftbacktest-0814t001-skhynix-episode-research/local_live_analysis/skhynix_trigger_aligned_episode_research_v1_stage04_jul30_episode_v3/source_event_store_catalog.csv,source_event_store_catalog.csv,145395,013fd58eef23b8ef75112e91079394ae7f29b07e9137757ea7da567cfb444882,2c802336c1446eaf50eaf5ef546b115046abe3a1b69fdd1fcaea31d22a8e64a6
before,historical_source,cadence_inventory_only,aug03,segment_0001,/Users/liu/Documents/hftbacktest/local_live_analysis/skhynix_cross_exchange_research_0803T001,/Users/liu/Documents/hftbacktest/local_live_analysis/skhynix_cross_exchange_research_0803T001/segments/segment_0001/binance_hot_events.csv.gz,segments/segment_0001/binance_hot_events.csv.gz,12259309,849916704345838b2015f1fd2c50b8694f01e32738be590a7172bc0ce9f34da3,4ca8b2e0be7f989eabf11294d9a60da491c0f3fecd8124e9bf097bf1beff5e7a
before,historical_source,cadence_inventory_only,aug03,segment_0002,/Users/liu/Documents/hftbacktest/local_live_analysis/skhynix_cross_exchange_research_0803T001,/Users/liu/Documents/hftbacktest/local_live_analysis/skhynix_cross_exchange_research_0803T001/segments/segment_0002/binance_hot_events.csv.gz,segments/segment_0002/binance_hot_events.csv.gz,22837153,bbf4874554f74e5c7de51e713ab5c1c027b9c5b45f52ed0c823c9c7cee70f377,4ca8b2e0be7f989eabf11294d9a60da491c0f3fecd8124e9bf097bf1beff5e7a
before,historical_source,cadence_inventory_only,aug03,segment_0003,/Users/liu/Documents/hftbacktest/local_live_analysis/skhynix_cross_exchange_research_0803T001,/Users/liu/Documents/hftbacktest/local_live_analysis/skhynix_cross_exchange_research_0803T001/segments/segment_0003/binance_hot_events.csv.gz,segments/segment_0003/binance_hot_events.csv.gz,15785055,9236f8387c7e5e449b3534af3847d677dc8432c3966045dc973ef9be92e02953,4ca8b2e0be7f989eabf11294d9a60da491c0f3fecd8124e9bf097bf1beff5e7a
before,historical_source,cadence_inventory_only,aug03,segment_0004,/Users/liu/Documents/hftbacktest/local_live_analysis/skhynix_cross_exchange_research_0803T001,/Users/liu/Documents/hftbacktest/local_live_analysis/skhynix_cross_exchange_research_0803T001/segments/segment_0004/binance_hot_events.csv.gz,segments/segment_0004/binance_hot_events.csv.gz,13084905,390076a77a30faff70c17b90096b483f99bca671b86713150289e07a2d21a943,4ca8b2e0be7f989eabf11294d9a60da491c0f3fecd8124e9bf097bf1beff5e7a
before,historical_source,cadence_inventory_only,aug03,segment_0005,/Users/liu/Documents/hftbacktest/local_live_analysis/skhynix_cross_exchange_research_0803T001,/Users/liu/Documents/hftbacktest/local_live_analysis/skhynix_cross_exchange_research_0803T001/segments/segment_0005/binance_hot_events.csv.gz,segments/segment_0005/binance_hot_events.csv.gz,12591557,8bf827e13c09d8a43e451ba260bf9728a40875d9f797ef3f4bb2cd02a8eb8f42,4ca8b2e0be7f989eabf11294d9a60da491c0f3fecd8124e9bf097bf1beff5e7a
before,historical_source,cadence_inventory_only,aug03,segment_0006,/Users/liu/Documents/hftbacktest/local_live_analysis/skhynix_cross_exchange_research_0803T001,/Users/liu/Documents/hftbacktest/local_live_analysis/skhynix_cross_exchange_research_0803T001/segments/segment_0006/binance_hot_events.csv.gz,segments/segment_0006/binance_hot_events.csv.gz,9587859,fd7bf90360e2e3f26f2e4dbd48cf1df2e7a9cbcde42b249a6545b034904b0fd5,4ca8b2e0be7f989eabf11294d9a60da491c0f3fecd8124e9bf097bf1beff5e7a
before,historical_source,cadence_inventory_only,aug03,segment_0007,/Users/liu/Documents/hftbacktest/local_live_analysis/skhynix_cross_exchange_research_0803T001,/Users/liu/Documents/hftbacktest/local_live_analysis/skhynix_cross_exchange_research_0803T001/segments/segment_0007/binance_hot_events.csv.gz,segments/segment_0007/binance_hot_events.csv.gz,6389942,4b455d641e1927669500f78a65be2df3a9572fa0890d43f7224221b750378656,4ca8b2e0be7f989eabf11294d9a60da491c0f3fecd8124e9bf097bf1beff5e7a
before,historical_source,cadence_inventory_only,aug03,segment_0008,/Users/liu/Documents/hftbacktest/local_live_analysis/skhynix_cross_exchange_research_0803T001,/Users/liu/Documents/hftbacktest/local_live_analysis/skhynix_cross_exchange_research_0803T001/segments/segment_0008/binance_hot_events.csv.gz,segments/segment_0008/binance_hot_events.csv.gz,6392974,bbda79f8605ffda5395ac15dd949f5cc283502d8b3904c6ff1505d679913fe0a,4ca8b2e0be7f989eabf11294d9a60da491c0f3fecd8124e9bf097bf1beff5e7a
before,historical_source,cadence_inventory_only,aug03,segment_0009,/Users/liu/Documents/hftbacktest/local_live_analysis/skhynix_cross_exchange_research_0803T001,/Users/liu/Documents/hftbacktest/local_live_analysis/skhynix_cross_exchange_research_0803T001/segments/segment_0009/binance_hot_events.csv.gz,segments/segment_0009/binance_hot_events.csv.gz,6603078,d02d93fbff7404876b9b9a9d3c398d878aba5a6d7cc29c288937ccc251b7c636,4ca8b2e0be7f989eabf11294d9a60da491c0f3fecd8124e9bf097bf1beff5e7a
before,historical_source,cadence_inventory_only,aug03,segment_0010,/Users/liu/Documents/hftbacktest/local_live_analysis/skhynix_cross_exchange_research_0803T001,/Users/liu/Documents/hftbacktest/local_live_analysis/skhynix_cross_exchange_research_0803T001/segments/segment_0010/binance_hot_events.csv.gz,segments/segment_0010/binance_hot_events.csv.gz,6729102,7bf863060bcd0bba2dc99745f8065b92a6623c1c838f51ae373d5af3858c7f74,4ca8b2e0be7f989eabf11294d9a60da491c0f3fecd8124e9bf097bf1beff5e7a
before,historical_source,cadence_inventory_only,aug04,segment_0001,/Users/liu/Documents/hftbacktest/local_live_analysis/skhynix_cross_exchange_research_0804T001,/Users/liu/Documents/hftbacktest/local_live_analysis/skhynix_cross_exchange_research_0804T001/segments/segment_0001/binance_hot_events.csv.gz,segments/segment_0001/binance_hot_events.csv.gz,60266083,0f800aa34285e05ea475b3703258d15eb0add95352ff1cfab36c0444ff49502d,ed47cd97b55f5305b0527ac93e6b65d2344ef453b18e7f510f7c7c4e88bcd0cd
before,historical_source,cadence_inventory_only,jul30,segment_0001,/Users/liu/Documents/hftbacktest/local_live_analysis/skhynix_cross_exchange_research_0730T013,/Users/liu/Documents/hftbacktest/local_live_analysis/skhynix_cross_exchange_research_0730T013/segments/segment_0001/binance_hot_events.csv.gz,segments/segment_0001/binance_hot_events.csv.gz,54157067,d56b10d37ede4d31fea2814898a6194946a8e18c57a554807804db35e3cf9ea3,c46c735d7933587af6eece4a9dd1bce241b3c093866efce976b1c3f952e72ce0
before,historical_source,cadence_inventory_only,jul30,segment_0002,/Users/liu/Documents/hftbacktest/local_live_analysis/skhynix_cross_exchange_research_0730T013,/Users/liu/Documents/hftbacktest/local_live_analysis/skhynix_cross_exchange_research_0730T013/segments/segment_0002/binance_hot_events.csv.gz,segments/segment_0002/binance_hot_events.csv.gz,34165823,4a72971f1466145a82f62c5416dd8f723c5fae013c7cdd5d0fd272140d1d0b16,c46c735d7933587af6eece4a9dd1bce241b3c093866efce976b1c3f952e72ce0
before,historical_source,cadence_inventory_only,jul30,segment_0003,/Users/liu/Documents/hftbacktest/local_live_analysis/skhynix_cross_exchange_research_0730T013,/Users/liu/Documents/hftbacktest/local_live_analysis/skhynix_cross_exchange_research_0730T013/segments/segment_0003/binance_hot_events.csv.gz,segments/segment_0003/binance_hot_events.csv.gz,39109458,6ac5cdc3a6fdda5b1da7f23da9161c802d4535fd5f13dc70a96f05b93161f125,c46c735d7933587af6eece4a9dd1bce241b3c093866efce976b1c3f952e72ce0
before,historical_source,cadence_inventory_only,jul30,segment_0004,/Users/liu/Documents/hftbacktest/local_live_analysis/skhynix_cross_exchange_research_0730T013,/Users/liu/Documents/hftbacktest/local_live_analysis/skhynix_cross_exchange_research_0730T013/segments/segment_0004/binance_hot_events.csv.gz,segments/segment_0004/binance_hot_events.csv.gz,37194429,70b9a578cf573fd354720339293f18ebea4c950d389f0c46d3e26e3678d58e05,c46c735d7933587af6eece4a9dd1bce241b3c093866efce976b1c3f952e72ce0
before,historical_source,cadence_inventory_only,jul30,segment_0005,/Users/liu/Documents/hftbacktest/local_live_analysis/skhynix_cross_exchange_research_0730T013,/Users/liu/Documents/hftbacktest/local_live_analysis/skhynix_cross_exchange_research_0730T013/segments/segment_0005/binance_hot_events.csv.gz,segments/segment_0005/binance_hot_events.csv.gz,32082002,38f26f2e6536c36d0fa355bffeb542305760c11eb3797fe2ba9d7cd307123fe8,c46c735d7933587af6eece4a9dd1bce241b3c093866efce976b1c3f952e72ce0
before,historical_source,cadence_inventory_only,jul30,segment_0006,/Users/liu/Documents/hftbacktest/local_live_analysis/skhynix_cross_exchange_research_0730T013,/Users/liu/Documents/hftbacktest/local_live_analysis/skhynix_cross_exchange_research_0730T013/segments/segment_0006/binance_hot_events.csv.gz,segments/segment_0006/binance_hot_events.csv.gz,27640727,a232cf48b80dea49083536c0d99e0b75fa1389fc05f0f0371d2c7cbb92610ab7,c46c735d7933587af6eece4a9dd1bce241b3c093866efce976b1c3f952e72ce0
before,historical_source,cadence_inventory_only,jul30,segment_0007,/Users/liu/Documents/hftbacktest/local_live_analysis/skhynix_cross_exchange_research_0730T013,/Users/liu/Documents/hftbacktest/local_live_analysis/skhynix_cross_exchange_research_0730T013/segments/segment_0007/binance_hot_events.csv.gz,segments/segment_0007/binance_hot_events.csv.gz,25954218,0ed34e58b28b6c1bb929ea0a8333b556a3076fc7ea685fbd60adb23ed09f1930,c46c735d7933587af6eece4a9dd1bce241b3c093866efce976b1c3f952e72ce0
before,historical_source,cadence_inventory_only,jul30,segment_0008,/Users/liu/Documents/hftbacktest/local_live_analysis/skhynix_cross_exchange_research_0730T013,/Users/liu/Documents/hftbacktest/local_live_analysis/skhynix_cross_exchange_research_0730T013/segments/segment_0008/binance_hot_events.csv.gz,segments/segment_0008/binance_hot_events.csv.gz,24175141,bb7d48c26832bb63185edfb49a960cc3d2ecac6a99558040ea03302a02cf48f6,c46c735d7933587af6eece4a9dd1bce241b3c093866efce976b1c3f952e72ce0
before,historical_source,common_timeline_inventory_only,aug03,segment_0001,/Users/liu/Documents/hftbacktest/local_live_analysis/cross_exchange_collection_campaign_0802T001_skhynix_5h_10x30m,/Users/liu/Documents/hftbacktest/local_live_analysis/cross_exchange_collection_campaign_0802T001_skhynix_5h_10x30m/segments/segment_0001/skhynix/common_l2_timeline.csv.gz,segments/segment_0001/skhynix/common_l2_timeline.csv.gz,4538702,0386c5cd31485b65aaade6f67f804f822aec561d406860b9b0c93fac7df9c4bf,c9d7f65ed85157838f55a41d56745e76e8cee845fcd20d066cd0f81ff61f5fe9
before,historical_source,common_timeline_inventory_only,aug03,segment_0002,/Users/liu/Documents/hftbacktest/local_live_analysis/cross_exchange_collection_campaign_0802T001_skhynix_5h_10x30m,/Users/liu/Documents/hftbacktest/local_live_analysis/cross_exchange_collection_campaign_0802T001_skhynix_5h_10x30m/segments/segment_0002/skhynix/common_l2_timeline.csv.gz,segments/segment_0002/skhynix/common_l2_timeline.csv.gz,6324737,c1c7549f04051c97aff956971aa208570e7e434f6297877e8108de8193c619cb,c9d7f65ed85157838f55a41d56745e76e8cee845fcd20d066cd0f81ff61f5fe9
before,historical_source,common_timeline_inventory_only,aug03,segment_0003,/Users/liu/Documents/hftbacktest/local_live_analysis/cross_exchange_collection_campaign_0802T001_skhynix_5h_10x30m,/Users/liu/Documents/hftbacktest/local_live_analysis/cross_exchange_collection_campaign_0802T001_skhynix_5h_10x30m/segments/segment_0003/skhynix/common_l2_timeline.csv.gz,segments/segment_0003/skhynix/common_l2_timeline.csv.gz,5791061,8aebeed4cd867b3abf3808cfde678f74652135c16c4570008a4a0a34a34bbd06,c9d7f65ed85157838f55a41d56745e76e8cee845fcd20d066cd0f81ff61f5fe9
before,historical_source,common_timeline_inventory_only,aug03,segment_0004,/Users/liu/Documents/hftbacktest/local_live_analysis/cross_exchange_collection_campaign_0802T001_skhynix_5h_10x30m,/Users/liu/Documents/hftbacktest/local_live_analysis/cross_exchange_collection_campaign_0802T001_skhynix_5h_10x30m/segments/segment_0004/skhynix/common_l2_timeline.csv.gz,segments/segment_0004/skhynix/common_l2_timeline.csv.gz,5376784,808befb992e2b2c627da0dc480bd5f9bb313ae2234e3cb8021a6b4aae3e9fe02,c9d7f65ed85157838f55a41d56745e76e8cee845fcd20d066cd0f81ff61f5fe9
before,historical_source,common_timeline_inventory_only,aug03,segment_0005,/Users/liu/Documents/hftbacktest/local_live_analysis/cross_exchange_collection_campaign_0802T001_skhynix_5h_10x30m,/Users/liu/Documents/hftbacktest/local_live_analysis/cross_exchange_collection_campaign_0802T001_skhynix_5h_10x30m/segments/segment_0005/skhynix/common_l2_timeline.csv.gz,segments/segment_0005/skhynix/common_l2_timeline.csv.gz,5437078,2fe7547a08867ee39fdcfe9816444f3e6b99f52d4bd62f7fcddb27af07263c1c,c9d7f65ed85157838f55a41d56745e76e8cee845fcd20d066cd0f81ff61f5fe9
before,historical_source,common_timeline_inventory_only,aug03,segment_0006,/Users/liu/Documents/hftbacktest/local_live_analysis/cross_exchange_collection_campaign_0802T001_skhynix_5h_10x30m,/Users/liu/Documents/hftbacktest/local_live_analysis/cross_exchange_collection_campaign_0802T001_skhynix_5h_10x30m/segments/segment_0006/skhynix/common_l2_timeline.csv.gz,segments/segment_0006/skhynix/common_l2_timeline.csv.gz,4923729,6c3ba5fe30ce9e1e257a53f0c0107db4c827c5d95dc3662d436ebe9cf23b3f4d,c9d7f65ed85157838f55a41d56745e76e8cee845fcd20d066cd0f81ff61f5fe9
before,historical_source,common_timeline_inventory_only,aug03,segment_0007,/Users/liu/Documents/hftbacktest/local_live_analysis/cross_exchange_collection_campaign_0802T001_skhynix_5h_10x30m,/Users/liu/Documents/hftbacktest/local_live_analysis/cross_exchange_collection_campaign_0802T001_skhynix_5h_10x30m/segments/segment_0007/skhynix/common_l2_timeline.csv.gz,segments/segment_0007/skhynix/common_l2_timeline.csv.gz,4332265,a0751512f3894b1bd0fc31d0098506873e9eb7db04a9a747d31d9e7ae27cb6ea,c9d7f65ed85157838f55a41d56745e76e8cee845fcd20d066cd0f81ff61f5fe9
before,historical_source,common_timeline_inventory_only,aug03,segment_0008,/Users/liu/Documents/hftbacktest/local_live_analysis/cross_exchange_collection_campaign_0802T001_skhynix_5h_10x30m,/Users/liu/Documents/hftbacktest/local_live_analysis/cross_exchange_collection_campaign_0802T001_skhynix_5h_10x30m/segments/segment_0008/skhynix/common_l2_timeline.csv.gz,segments/segment_0008/skhynix/common_l2_timeline.csv.gz,4247838,ed9f2a17b8583702a01e6c476c32b2b11d6087ab1e2e1faf1c733c1e779effd9,c9d7f65ed85157838f55a41d56745e76e8cee845fcd20d066cd0f81ff61f5fe9
before,historical_source,common_timeline_inventory_only,aug03,segment_0009,/Users/liu/Documents/hftbacktest/local_live_analysis/cross_exchange_collection_campaign_0802T001_skhynix_5h_10x30m,/Users/liu/Documents/hftbacktest/local_live_analysis/cross_exchange_collection_campaign_0802T001_skhynix_5h_10x30m/segments/segment_0009/skhynix/common_l2_timeline.csv.gz,segments/segment_0009/skhynix/common_l2_timeline.csv.gz,4339603,229d25d653d89125013cfbd83f07ef4889111ce331fb2a493a883c3776d9ef88,c9d7f65ed85157838f55a41d56745e76e8cee845fcd20d066cd0f81ff61f5fe9
before,historical_source,common_timeline_inventory_only,aug03,segment_0010,/Users/liu/Documents/hftbacktest/local_live_analysis/cross_exchange_collection_campaign_0802T001_skhynix_5h_10x30m,/Users/liu/Documents/hftbacktest/local_live_analysis/cross_exchange_collection_campaign_0802T001_skhynix_5h_10x30m/segments/segment_0010/skhynix/common_l2_timeline.csv.gz,segments/segment_0010/skhynix/common_l2_timeline.csv.gz,4380476,aaedcfdb9aae8dcbb629ad562e79719360625c09d9407588ff1e6734b30f5ef9,c9d7f65ed85157838f55a41d56745e76e8cee845fcd20d066cd0f81ff61f5fe9
before,historical_source,common_timeline_inventory_only,aug04,segment_0001,/Users/liu/Documents/hftbacktest/local_live_analysis/cross_exchange_collection_campaign_0804T001_skhynix_2h_continuous,/Users/liu/Documents/hftbacktest/local_live_analysis/cross_exchange_collection_campaign_0804T001_skhynix_2h_continuous/segments/segment_0001/skhynix/common_l2_timeline.csv.gz,segments/segment_0001/skhynix/common_l2_timeline.csv.gz,23379173,6b18543ef767d062fbe7fe94705ca858f9f1511b7f2033237a3e56cb51ff1039,1853924b91ad9751239387c303a18c7906510c63d6c7449b28c59668d377885b
before,historical_source,common_timeline_inventory_only,jul30,segment_0001,/Users/liu/Documents/hftbacktest/local_live_analysis/cross_exchange_collection_campaign_0730T011_skhynix_4h_8x30m,/Users/liu/Documents/hftbacktest/local_live_analysis/cross_exchange_collection_campaign_0730T011_skhynix_4h_8x30m/segments/segment_0001/skhynix/common_l2_timeline.csv.gz,segments/segment_0001/skhynix/common_l2_timeline.csv.gz,7609734,376f5a1396558f6181f500686696eae76fa1d44e78a2988908e238842c74adbd,fc4d962bd96792b87671a35974601827864267f7a3d3181ff8237b050b497b12
before,historical_source,common_timeline_inventory_only,jul30,segment_0002,/Users/liu/Documents/hftbacktest/local_live_analysis/cross_exchange_collection_campaign_0730T011_skhynix_4h_8x30m,/Users/liu/Documents/hftbacktest/local_live_analysis/cross_exchange_collection_campaign_0730T011_skhynix_4h_8x30m/segments/segment_0002/skhynix/common_l2_timeline.csv.gz,segments/segment_0002/skhynix/common_l2_timeline.csv.gz,7286154,7e18432216c26ecedeafb2bc9286f1620aafd6ae03b2c499c3675853f15a65d0,fc4d962bd96792b87671a35974601827864267f7a3d3181ff8237b050b497b12
before,historical_source,common_timeline_inventory_only,jul30,segment_0003,/Users/liu/Documents/hftbacktest/local_live_analysis/cross_exchange_collection_campaign_0730T011_skhynix_4h_8x30m,/Users/liu/Documents/hftbacktest/local_live_analysis/cross_exchange_collection_campaign_0730T011_skhynix_4h_8x30m/segments/segment_0003/skhynix/common_l2_timeline.csv.gz,segments/segment_0003/skhynix/common_l2_timeline.csv.gz,7436077,6bbc81286497f2c4a9ddf21ec755d7bb598d060775a935b352b7a47b639f8b75,fc4d962bd96792b87671a35974601827864267f7a3d3181ff8237b050b497b12
before,historical_source,common_timeline_inventory_only,jul30,segment_0004,/Users/liu/Documents/hftbacktest/local_live_analysis/cross_exchange_collection_campaign_0730T011_skhynix_4h_8x30m,/Users/liu/Documents/hftbacktest/local_live_analysis/cross_exchange_collection_campaign_0730T011_skhynix_4h_8x30m/segments/segment_0004/skhynix/common_l2_timeline.csv.gz,segments/segment_0004/skhynix/common_l2_timeline.csv.gz,7315936,57aa52466d7c08bf4f020d987cd750d3afc880730dbfc918b6a7931c00498e56,fc4d962bd96792b87671a35974601827864267f7a3d3181ff8237b050b497b12
before,historical_source,common_timeline_inventory_only,jul30,segment_0005,/Users/liu/Documents/hftbacktest/local_live_analysis/cross_exchange_collection_campaign_0730T011_skhynix_4h_8x30m,/Users/liu/Documents/hftbacktest/local_live_analysis/cross_exchange_collection_campaign_0730T011_skhynix_4h_8x30m/segments/segment_0005/skhynix/common_l2_timeline.csv.gz,segments/segment_0005/skhynix/common_l2_timeline.csv.gz,6961712,38298d61c26c5c03c4d6231d1d8170161dff93d98fd13663fe07b5f173769bd8,fc4d962bd96792b87671a35974601827864267f7a3d3181ff8237b050b497b12
before,historical_source,common_timeline_inventory_only,jul30,segment_0006,/Users/liu/Documents/hftbacktest/local_live_analysis/cross_exchange_collection_campaign_0730T011_skhynix_4h_8x30m,/Users/liu/Documents/hftbacktest/local_live_analysis/cross_exchange_collection_campaign_0730T011_skhynix_4h_8x30m/segments/segment_0006/skhynix/common_l2_timeline.csv.gz,segments/segment_0006/skhynix/common_l2_timeline.csv.gz,6533767,2fd870f33c7dd31501b3e4ada4c57e8d857f56a9dc7532ecb20def83db3b8e7e,fc4d962bd96792b87671a35974601827864267f7a3d3181ff8237b050b497b12
before,historical_source,common_timeline_inventory_only,jul30,segment_0007,/Users/liu/Documents/hftbacktest/local_live_analysis/cross_exchange_collection_campaign_0730T011_skhynix_4h_8x30m,/Users/liu/Documents/hftbacktest/local_live_analysis/cross_exchange_collection_campaign_0730T011_skhynix_4h_8x30m/segments/segment_0007/skhynix/common_l2_timeline.csv.gz,segments/segment_0007/skhynix/common_l2_timeline.csv.gz,6329190,4605e9f8bdac165f0f7ed2194955ece13b9af92360ca8be997451ea65cdbb0d1,fc4d962bd96792b87671a35974601827864267f7a3d3181ff8237b050b497b12
before,historical_source,common_timeline_inventory_only,jul30,segment_0008,/Users/liu/Documents/hftbacktest/local_live_analysis/cross_exchange_collection_campaign_0730T011_skhynix_4h_8x30m,/Users/liu/Documents/hftbacktest/local_live_analysis/cross_exchange_collection_campaign_0730T011_skhynix_4h_8x30m/segments/segment_0008/skhynix/common_l2_timeline.csv.gz,segments/segment_0008/skhynix/common_l2_timeline.csv.gz,6206205,092c7b46e92013f9893353e0d393b3595edb7289a1f423336339be4e41c51152,fc4d962bd96792b87671a35974601827864267f7a3d3181ff8237b050b497b12
before,historical_source,r0_manifest,aug03,,/Users/liu/Documents/hftbacktest/local_live_analysis/skhynix_cross_exchange_research_0803T001,/Users/liu/Documents/hftbacktest/local_live_analysis/skhynix_cross_exchange_research_0803T001/research_input_manifest.json,research_input_manifest.json,12763,4ca8b2e0be7f989eabf11294d9a60da491c0f3fecd8124e9bf097bf1beff5e7a,4ca8b2e0be7f989eabf11294d9a60da491c0f3fecd8124e9bf097bf1beff5e7a
before,historical_source,r0_manifest,aug04,,/Users/liu/Documents/hftbacktest/local_live_analysis/skhynix_cross_exchange_research_0804T001,/Users/liu/Documents/hftbacktest/local_live_analysis/skhynix_cross_exchange_research_0804T001/research_input_manifest.json,research_input_manifest.json,3821,ed47cd97b55f5305b0527ac93e6b65d2344ef453b18e7f510f7c7c4e88bcd0cd,ed47cd97b55f5305b0527ac93e6b65d2344ef453b18e7f510f7c7c4e88bcd0cd
before,historical_source,r0_manifest,jul30,,/Users/liu/Documents/hftbacktest/local_live_analysis/skhynix_cross_exchange_research_0730T013,/Users/liu/Documents/hftbacktest/local_live_analysis/skhynix_cross_exchange_research_0730T013/research_input_manifest.json,research_input_manifest.json,11733,c46c735d7933587af6eece4a9dd1bce241b3c093866efce976b1c3f952e72ce0,c46c735d7933587af6eece4a9dd1bce241b3c093866efce976b1c3f952e72ce0
before,historical_source,r0_segment_manifest,aug03,segment_0001,/Users/liu/Documents/hftbacktest/local_live_analysis/skhynix_cross_exchange_research_0803T001,/Users/liu/Documents/hftbacktest/local_live_analysis/skhynix_cross_exchange_research_0803T001/segments/segment_0001/segment_event_store_manifest.json,segments/segment_0001/segment_event_store_manifest.json,5912,b492583a91bb1c4c90b15eee62b2c3d85d92a03733bb4e0ab79d719a42599df4,4ca8b2e0be7f989eabf11294d9a60da491c0f3fecd8124e9bf097bf1beff5e7a
before,historical_source,r0_segment_manifest,aug03,segment_0002,/Users/liu/Documents/hftbacktest/local_live_analysis/skhynix_cross_exchange_research_0803T001,/Users/liu/Documents/hftbacktest/local_live_analysis/skhynix_cross_exchange_research_0803T001/segments/segment_0002/segment_event_store_manifest.json,segments/segment_0002/segment_event_store_manifest.json,5919,4e712d7406f8280b2412d4604682a14a41e14092afa7133501223aae929a6d52,4ca8b2e0be7f989eabf11294d9a60da491c0f3fecd8124e9bf097bf1beff5e7a
before,historical_source,r0_segment_manifest,aug03,segment_0003,/Users/liu/Documents/hftbacktest/local_live_analysis/skhynix_cross_exchange_research_0803T001,/Users/liu/Documents/hftbacktest/local_live_analysis/skhynix_cross_exchange_research_0803T001/segments/segment_0003/segment_event_store_manifest.json,segments/segment_0003/segment_event_store_manifest.json,5919,e0f1a767d7407dc54cf7a7d96c62c00dda4ba196df02cc2bb324742357d98eb4,4ca8b2e0be7f989eabf11294d9a60da491c0f3fecd8124e9bf097bf1beff5e7a
before,historical_source,r0_segment_manifest,aug03,segment_0004,/Users/liu/Documents/hftbacktest/local_live_analysis/skhynix_cross_exchange_research_0803T001,/Users/liu/Documents/hftbacktest/local_live_analysis/skhynix_cross_exchange_research_0803T001/segments/segment_0004/segment_event_store_manifest.json,segments/segment_0004/segment_event_store_manifest.json,5919,164b44f88451a41b70566ea0d2ca7fcbb07080b78e14c604eb450958a295d385,4ca8b2e0be7f989eabf11294d9a60da491c0f3fecd8124e9bf097bf1beff5e7a
before,historical_source,r0_segment_manifest,aug03,segment_0005,/Users/liu/Documents/hftbacktest/local_live_analysis/skhynix_cross_exchange_research_0803T001,/Users/liu/Documents/hftbacktest/local_live_analysis/skhynix_cross_exchange_research_0803T001/segments/segment_0005/segment_event_store_manifest.json,segments/segment_0005/segment_event_store_manifest.json,5918,1de31af6931a5b7c6c0a84c4ec055d095038ec3d8279e06416f5c405a9c111fc,4ca8b2e0be7f989eabf11294d9a60da491c0f3fecd8124e9bf097bf1beff5e7a
before,historical_source,r0_segment_manifest,aug03,segment_0006,/Users/liu/Documents/hftbacktest/local_live_analysis/skhynix_cross_exchange_research_0803T001,/Users/liu/Documents/hftbacktest/local_live_analysis/skhynix_cross_exchange_research_0803T001/segments/segment_0006/segment_event_store_manifest.json,segments/segment_0006/segment_event_store_manifest.json,5918,445b6b1aa1e5a71f3ee09e5cad8209055556fe1a77107f950579a8c675cb17a0,4ca8b2e0be7f989eabf11294d9a60da491c0f3fecd8124e9bf097bf1beff5e7a
before,historical_source,r0_segment_manifest,aug03,segment_0007,/Users/liu/Documents/hftbacktest/local_live_analysis/skhynix_cross_exchange_research_0803T001,/Users/liu/Documents/hftbacktest/local_live_analysis/skhynix_cross_exchange_research_0803T001/segments/segment_0007/segment_event_store_manifest.json,segments/segment_0007/segment_event_store_manifest.json,5917,deff8c296ab5e96c45e66c23e80884428ab678fc7eb1322f279d88972356ea85,4ca8b2e0be7f989eabf11294d9a60da491c0f3fecd8124e9bf097bf1beff5e7a
before,historical_source,r0_segment_manifest,aug03,segment_0008,/Users/liu/Documents/hftbacktest/local_live_analysis/skhynix_cross_exchange_research_0803T001,/Users/liu/Documents/hftbacktest/local_live_analysis/skhynix_cross_exchange_research_0803T001/segments/segment_0008/segment_event_store_manifest.json,segments/segment_0008/segment_event_store_manifest.json,5916,7f739c7b4918e4ec9495fafe0813db47f236d8b382f9603fe9a988ce2618f128,4ca8b2e0be7f989eabf11294d9a60da491c0f3fecd8124e9bf097bf1beff5e7a
before,historical_source,r0_segment_manifest,aug03,segment_0009,/Users/liu/Documents/hftbacktest/local_live_analysis/skhynix_cross_exchange_research_0803T001,/Users/liu/Documents/hftbacktest/local_live_analysis/skhynix_cross_exchange_research_0803T001/segments/segment_0009/segment_event_store_manifest.json,segments/segment_0009/segment_event_store_manifest.json,5916,2c9a9a9b3e0f85645b6c0137fae161ed1f64bfe70cc613256d33d1bc961b76ee,4ca8b2e0be7f989eabf11294d9a60da491c0f3fecd8124e9bf097bf1beff5e7a
before,historical_source,r0_segment_manifest,aug03,segment_0010,/Users/liu/Documents/hftbacktest/local_live_analysis/skhynix_cross_exchange_research_0803T001,/Users/liu/Documents/hftbacktest/local_live_analysis/skhynix_cross_exchange_research_0803T001/segments/segment_0010/segment_event_store_manifest.json,segments/segment_0010/segment_event_store_manifest.json,5915,f5baf506dfd39166ff26fc5ac567a360c30584fc1423021e99a7770ae2b69504,4ca8b2e0be7f989eabf11294d9a60da491c0f3fecd8124e9bf097bf1beff5e7a
before,historical_source,r0_segment_manifest,aug04,segment_0001,/Users/liu/Documents/hftbacktest/local_live_analysis/skhynix_cross_exchange_research_0804T001,/Users/liu/Documents/hftbacktest/local_live_analysis/skhynix_cross_exchange_research_0804T001/segments/segment_0001/segment_event_store_manifest.json,segments/segment_0001/segment_event_store_manifest.json,5968,63226b762d80c5be12e1b2f832112cb7c7e3bf22b4575180e13d297c26f43f44,ed47cd97b55f5305b0527ac93e6b65d2344ef453b18e7f510f7c7c4e88bcd0cd
before,historical_source,r0_segment_manifest,jul30,segment_0001,/Users/liu/Documents/hftbacktest/local_live_analysis/skhynix_cross_exchange_research_0730T013,/Users/liu/Documents/hftbacktest/local_live_analysis/skhynix_cross_exchange_research_0730T013/segments/segment_0001/segment_event_store_manifest.json,segments/segment_0001/segment_event_store_manifest.json,5908,dc97af701e9c0501f93b03b9e9ec9edf9c59498e558a62fcceb4bd9bbe2ba19a,c46c735d7933587af6eece4a9dd1bce241b3c093866efce976b1c3f952e72ce0
before,historical_source,r0_segment_manifest,jul30,segment_0002,/Users/liu/Documents/hftbacktest/local_live_analysis/skhynix_cross_exchange_research_0730T013,/Users/liu/Documents/hftbacktest/local_live_analysis/skhynix_cross_exchange_research_0730T013/segments/segment_0002/segment_event_store_manifest.json,segments/segment_0002/segment_event_store_manifest.json,5913,e5d2559bb80e80c38b25d653dea963492b1eb86b4ef6b08a3d01ba7f9a8a0efd,c46c735d7933587af6eece4a9dd1bce241b3c093866efce976b1c3f952e72ce0
before,historical_source,r0_segment_manifest,jul30,segment_0003,/Users/liu/Documents/hftbacktest/local_live_analysis/skhynix_cross_exchange_research_0730T013,/Users/liu/Documents/hftbacktest/local_live_analysis/skhynix_cross_exchange_research_0730T013/segments/segment_0003/segment_event_store_manifest.json,segments/segment_0003/segment_event_store_manifest.json,5913,ec96289d5bb89f2a70ab68f69fab30f822f03a226b38c3fbbc1713d4680f6daa,c46c735d7933587af6eece4a9dd1bce241b3c093866efce976b1c3f952e72ce0
before,historical_source,r0_segment_manifest,jul30,segment_0004,/Users/liu/Documents/hftbacktest/local_live_analysis/skhynix_cross_exchange_research_0730T013,/Users/liu/Documents/hftbacktest/local_live_analysis/skhynix_cross_exchange_research_0730T013/segments/segment_0004/segment_event_store_manifest.json,segments/segment_0004/segment_event_store_manifest.json,5913,442a1ab2bf48c9d61d46ffa2724538eec03430e406ce3dd0d68a4a360a7b9a3e,c46c735d7933587af6eece4a9dd1bce241b3c093866efce976b1c3f952e72ce0
before,historical_source,r0_segment_manifest,jul30,segment_0005,/Users/liu/Documents/hftbacktest/local_live_analysis/skhynix_cross_exchange_research_0730T013,/Users/liu/Documents/hftbacktest/local_live_analysis/skhynix_cross_exchange_research_0730T013/segments/segment_0005/segment_event_store_manifest.json,segments/segment_0005/segment_event_store_manifest.json,5913,836a9b5f450f1230e7da109c5b84b0ec3f8b1916563627e87eedf4c7c8c237c3,c46c735d7933587af6eece4a9dd1bce241b3c093866efce976b1c3f952e72ce0
before,historical_source,r0_segment_manifest,jul30,segment_0006,/Users/liu/Documents/hftbacktest/local_live_analysis/skhynix_cross_exchange_research_0730T013,/Users/liu/Documents/hftbacktest/local_live_analysis/skhynix_cross_exchange_research_0730T013/segments/segment_0006/segment_event_store_manifest.json,segments/segment_0006/segment_event_store_manifest.json,5913,88d3f3a4a93f095eb888fd012c9e5da117626a16ec350f5fb700caf8649f0356,c46c735d7933587af6eece4a9dd1bce241b3c093866efce976b1c3f952e72ce0
before,historical_source,r0_segment_manifest,jul30,segment_0007,/Users/liu/Documents/hftbacktest/local_live_analysis/skhynix_cross_exchange_research_0730T013,/Users/liu/Documents/hftbacktest/local_live_analysis/skhynix_cross_exchange_research_0730T013/segments/segment_0007/segment_event_store_manifest.json,segments/segment_0007/segment_event_store_manifest.json,5913,040caf595af5bcadec4bd5b597e7ca296535d6f031c637936eaf06d84c6dacc6,c46c735d7933587af6eece4a9dd1bce241b3c093866efce976b1c3f952e72ce0
before,historical_source,r0_segment_manifest,jul30,segment_0008,/Users/liu/Documents/hftbacktest/local_live_analysis/skhynix_cross_exchange_research_0730T013,/Users/liu/Documents/hftbacktest/local_live_analysis/skhynix_cross_exchange_research_0730T013/segments/segment_0008/segment_event_store_manifest.json,segments/segment_0008/segment_event_store_manifest.json,5911,7121cc395fd4b0cf70e6b9e8ded76809984e67e03fa68c92464e8b99d85d418a,c46c735d7933587af6eece4a9dd1bce241b3c093866efce976b1c3f952e72ce0
before,historical_source,r1_manifest,aug03,,/Users/liu/Documents/hftbacktest/local_live_analysis/skhynix_cross_exchange_research_0804T001_old5h_replay/alignment,/Users/liu/Documents/hftbacktest/local_live_analysis/skhynix_cross_exchange_research_0804T001_old5h_replay/alignment/alignment_manifest.json,alignment_manifest.json,5610,1c4119daa4aa1f2575e4184e11058c81b626a91c3e1f1497f6424cf00fe752a3,1c4119daa4aa1f2575e4184e11058c81b626a91c3e1f1497f6424cf00fe752a3
before,historical_source,r1_manifest,aug04,,/Users/liu/Documents/hftbacktest/local_live_analysis/skhynix_cross_exchange_research_0804T001/alignment,/Users/liu/Documents/hftbacktest/local_live_analysis/skhynix_cross_exchange_research_0804T001/alignment/alignment_manifest.json,alignment_manifest.json,4318,9d14558be47731fa274b2ede853a0f36ac27d3a0640da8ef9de56c136fcca221,9d14558be47731fa274b2ede853a0f36ac27d3a0640da8ef9de56c136fcca221
before,historical_source,r1_manifest,jul30,,/Users/liu/Documents/hftbacktest/local_live_analysis/skhynix_cross_exchange_research_0730T013/alignment,/Users/liu/Documents/hftbacktest/local_live_analysis/skhynix_cross_exchange_research_0730T013/alignment/alignment_manifest.json,alignment_manifest.json,4986,6123b408cbdfdc95758c8d27e6e0664959caaebeb0de843a5978cfee6c6c8ffd,6123b408cbdfdc95758c8d27e6e0664959caaebeb0de843a5978cfee6c6c8ffd
before,historical_source,r1_quality,aug03,,/Users/liu/Documents/hftbacktest/local_live_analysis/skhynix_cross_exchange_research_0804T001_old5h_replay/alignment,/Users/liu/Documents/hftbacktest/local_live_analysis/skhynix_cross_exchange_research_0804T001_old5h_replay/alignment/alignment_quality_by_segment.csv,alignment_quality_by_segment.csv,885,318951391fec1a4116df435c3945c4bcb7259448ab36a553c4f21c06660dcf4f,1c4119daa4aa1f2575e4184e11058c81b626a91c3e1f1497f6424cf00fe752a3
before,historical_source,r1_quality,aug04,,/Users/liu/Documents/hftbacktest/local_live_analysis/skhynix_cross_exchange_research_0804T001/alignment,/Users/liu/Documents/hftbacktest/local_live_analysis/skhynix_cross_exchange_research_0804T001/alignment/alignment_quality_by_segment.csv,alignment_quality_by_segment.csv,306,69bb6af65c9bb420f8117fc34bbb2976518a6deea6cfb70b58038cebac64c3b5,9d14558be47731fa274b2ede853a0f36ac27d3a0640da8ef9de56c136fcca221
before,historical_source,r1_quality,jul30,,/Users/liu/Documents/hftbacktest/local_live_analysis/skhynix_cross_exchange_research_0730T013/alignment,/Users/liu/Documents/hftbacktest/local_live_analysis/skhynix_cross_exchange_research_0730T013/alignment/alignment_quality_by_segment.csv,alignment_quality_by_segment.csv,766,486b73b6d26796a20705ad84df1eb42b37840f56aeb66f7143c9ce31738dcdde,6123b408cbdfdc95758c8d27e6e0664959caaebeb0de843a5978cfee6c6c8ffd
before,historical_source,raw_manifest,aug03,,/Users/liu/Documents/hftbacktest/local_live_analysis/cross_exchange_collection_campaign_0802T001_skhynix_5h_10x30m,/Users/liu/Documents/hftbacktest/local_live_analysis/cross_exchange_collection_campaign_0802T001_skhynix_5h_10x30m/campaign_manifest.json,campaign_manifest.json,6921,c9d7f65ed85157838f55a41d56745e76e8cee845fcd20d066cd0f81ff61f5fe9,c9d7f65ed85157838f55a41d56745e76e8cee845fcd20d066cd0f81ff61f5fe9
before,historical_source,raw_manifest,aug04,,/Users/liu/Documents/hftbacktest/local_live_analysis/cross_exchange_collection_campaign_0804T001_skhynix_2h_continuous,/Users/liu/Documents/hftbacktest/local_live_analysis/cross_exchange_collection_campaign_0804T001_skhynix_2h_continuous/campaign_manifest.json,campaign_manifest.json,8866,1853924b91ad9751239387c303a18c7906510c63d6c7449b28c59668d377885b,1853924b91ad9751239387c303a18c7906510c63d6c7449b28c59668d377885b
before,historical_source,raw_manifest,jul30,,/Users/liu/Documents/hftbacktest/local_live_analysis/cross_exchange_collection_campaign_0730T011_skhynix_4h_8x30m,/Users/liu/Documents/hftbacktest/local_live_analysis/cross_exchange_collection_campaign_0730T011_skhynix_4h_8x30m/campaign_manifest.json,campaign_manifest.json,7560,fc4d962bd96792b87671a35974601827864267f7a3d3181ff8237b050b497b12,fc4d962bd96792b87671a35974601827864267f7a3d3181ff8237b050b497b12
before,historical_source,segment_index,aug03,,/Users/liu/Documents/hftbacktest/local_live_analysis/cross_exchange_collection_campaign_0802T001_skhynix_5h_10x30m,/Users/liu/Documents/hftbacktest/local_live_analysis/cross_exchange_collection_campaign_0802T001_skhynix_5h_10x30m/timeline_index.csv,timeline_index.csv,2885,5345bad5edd9f98fcb7610a7aab3efa907d231e20ae4f36f9b9cd6622e4b5649,c9d7f65ed85157838f55a41d56745e76e8cee845fcd20d066cd0f81ff61f5fe9
before,historical_source,segment_index,aug04,,/Users/liu/Documents/hftbacktest/local_live_analysis/cross_exchange_collection_campaign_0804T001_skhynix_2h_continuous,/Users/liu/Documents/hftbacktest/local_live_analysis/cross_exchange_collection_campaign_0804T001_skhynix_2h_continuous/timeline_index.csv,timeline_index.csv,516,b72f48f056d5243739aaac61a2c49911b7c5fa7c51b34998e95f30e7e0b2a0e9,1853924b91ad9751239387c303a18c7906510c63d6c7449b28c59668d377885b
before,historical_source,segment_index,jul30,,/Users/liu/Documents/hftbacktest/local_live_analysis/cross_exchange_collection_campaign_0730T011_skhynix_4h_8x30m,/Users/liu/Documents/hftbacktest/local_live_analysis/cross_exchange_collection_campaign_0730T011_skhynix_4h_8x30m/timeline_index.csv,timeline_index.csv,2326,97ecb71b9515835ee155ca330738b058b15b4e5604e6afdb5bac7bb642332aac,fc4d962bd96792b87671a35974601827864267f7a3d3181ff8237b050b497b12
before,historical_source,segment_quality,aug03,,/Users/liu/Documents/hftbacktest/local_live_analysis/skhynix_cross_exchange_research_0803T001,/Users/liu/Documents/hftbacktest/local_live_analysis/skhynix_cross_exchange_research_0803T001/segment_and_mask_index.csv,segment_and_mask_index.csv,2630,719b0b5a1eb430618d3e17e70e697eb6c89462ba5bfa02fef82040cc638ef78c,4ca8b2e0be7f989eabf11294d9a60da491c0f3fecd8124e9bf097bf1beff5e7a
before,historical_source,segment_quality,aug04,,/Users/liu/Documents/hftbacktest/local_live_analysis/skhynix_cross_exchange_research_0804T001,/Users/liu/Documents/hftbacktest/local_live_analysis/skhynix_cross_exchange_research_0804T001/segment_and_mask_index.csv,segment_and_mask_index.csv,385,8f3bb4fa4caa3f11838b7e0f060525016774303f7a444abf7a0a59c0ede27378,ed47cd97b55f5305b0527ac93e6b65d2344ef453b18e7f510f7c7c4e88bcd0cd
before,historical_source,segment_quality,jul30,,/Users/liu/Documents/hftbacktest/local_live_analysis/skhynix_cross_exchange_research_0730T013,/Users/liu/Documents/hftbacktest/local_live_analysis/skhynix_cross_exchange_research_0730T013/segment_and_mask_index.csv,segment_and_mask_index.csv,2254,c2a1cb84797ff701f22279a577105ce9429e9d901ef3a15df49c5dd7336fe45b,c46c735d7933587af6eece4a9dd1bce241b3c093866efce976b1c3f952e72ce0
before,historical_source,target_bbo_event_store,aug03,segment_0001,/Users/liu/Documents/hftbacktest/local_live_analysis/skhynix_cross_exchange_research_0803T001,/Users/liu/Documents/hftbacktest/local_live_analysis/skhynix_cross_exchange_research_0803T001/segments/segment_0001/hyperliquid_hot_events.csv.gz,segments/segment_0001/hyperliquid_hot_events.csv.gz,1634985,3ada3e695c02ea6a99e5f49ec38f471e370946bde66d9de759e5af59790db0a3,4ca8b2e0be7f989eabf11294d9a60da491c0f3fecd8124e9bf097bf1beff5e7a
before,historical_source,target_bbo_event_store,aug03,segment_0002,/Users/liu/Documents/hftbacktest/local_live_analysis/skhynix_cross_exchange_research_0803T001,/Users/liu/Documents/hftbacktest/local_live_analysis/skhynix_cross_exchange_research_0803T001/segments/segment_0002/hyperliquid_hot_events.csv.gz,segments/segment_0002/hyperliquid_hot_events.csv.gz,2335881,9353d21ca500e21674b0ffcaf38028e0fef274f7fadd087e29c9ffb3964ab463,4ca8b2e0be7f989eabf11294d9a60da491c0f3fecd8124e9bf097bf1beff5e7a
before,historical_source,target_bbo_event_store,aug03,segment_0003,/Users/liu/Documents/hftbacktest/local_live_analysis/skhynix_cross_exchange_research_0803T001,/Users/liu/Documents/hftbacktest/local_live_analysis/skhynix_cross_exchange_research_0803T001/segments/segment_0003/hyperliquid_hot_events.csv.gz,segments/segment_0003/hyperliquid_hot_events.csv.gz,1890033,d32a4d65d791c8a02dff49e5a994069fb5305356468c90b78dd78f6d5884a035,4ca8b2e0be7f989eabf11294d9a60da491c0f3fecd8124e9bf097bf1beff5e7a
before,historical_source,target_bbo_event_store,aug03,segment_0004,/Users/liu/Documents/hftbacktest/local_live_analysis/skhynix_cross_exchange_research_0803T001,/Users/liu/Documents/hftbacktest/local_live_analysis/skhynix_cross_exchange_research_0803T001/segments/segment_0004/hyperliquid_hot_events.csv.gz,segments/segment_0004/hyperliquid_hot_events.csv.gz,1393863,6b9e1790f7288acf770e92436f343f8996745a2b0cfc132f9df01beaa1394fbb,4ca8b2e0be7f989eabf11294d9a60da491c0f3fecd8124e9bf097bf1beff5e7a
before,historical_source,target_bbo_event_store,aug03,segment_0005,/Users/liu/Documents/hftbacktest/local_live_analysis/skhynix_cross_exchange_research_0803T001,/Users/liu/Documents/hftbacktest/local_live_analysis/skhynix_cross_exchange_research_0803T001/segments/segment_0005/hyperliquid_hot_events.csv.gz,segments/segment_0005/hyperliquid_hot_events.csv.gz,1230987,2bd26e16aa1346d25a5c3458c532d7530da541f58f44c092fae5c9d3ec3c6b6f,4ca8b2e0be7f989eabf11294d9a60da491c0f3fecd8124e9bf097bf1beff5e7a
before,historical_source,target_bbo_event_store,aug03,segment_0006,/Users/liu/Documents/hftbacktest/local_live_analysis/skhynix_cross_exchange_research_0803T001,/Users/liu/Documents/hftbacktest/local_live_analysis/skhynix_cross_exchange_research_0803T001/segments/segment_0006/hyperliquid_hot_events.csv.gz,segments/segment_0006/hyperliquid_hot_events.csv.gz,1128764,e102ae9b7db7525180baf38dce0d23bc77671e59a43bb6ee6fce6ef3aabff1a1,4ca8b2e0be7f989eabf11294d9a60da491c0f3fecd8124e9bf097bf1beff5e7a
before,historical_source,target_bbo_event_store,aug03,segment_0007,/Users/liu/Documents/hftbacktest/local_live_analysis/skhynix_cross_exchange_research_0803T001,/Users/liu/Documents/hftbacktest/local_live_analysis/skhynix_cross_exchange_research_0803T001/segments/segment_0007/hyperliquid_hot_events.csv.gz,segments/segment_0007/hyperliquid_hot_events.csv.gz,843843,16af769c69e301c7b3284d1f4bc788e4d6ab39da0d4ad0c8c6ce9dd1e879fb67,4ca8b2e0be7f989eabf11294d9a60da491c0f3fecd8124e9bf097bf1beff5e7a
before,historical_source,target_bbo_event_store,aug03,segment_0008,/Users/liu/Documents/hftbacktest/local_live_analysis/skhynix_cross_exchange_research_0803T001,/Users/liu/Documents/hftbacktest/local_live_analysis/skhynix_cross_exchange_research_0803T001/segments/segment_0008/hyperliquid_hot_events.csv.gz,segments/segment_0008/hyperliquid_hot_events.csv.gz,830480,4d69cbc7d8e6b0d1622da885dfb459f9e1c468091fd2fc5b4e999e5db22679d3,4ca8b2e0be7f989eabf11294d9a60da491c0f3fecd8124e9bf097bf1beff5e7a
before,historical_source,target_bbo_event_store,aug03,segment_0009,/Users/liu/Documents/hftbacktest/local_live_analysis/skhynix_cross_exchange_research_0803T001,/Users/liu/Documents/hftbacktest/local_live_analysis/skhynix_cross_exchange_research_0803T001/segments/segment_0009/hyperliquid_hot_events.csv.gz,segments/segment_0009/hyperliquid_hot_events.csv.gz,866675,fbc9a1cc95715e9a5a9ac1be95759e4c5de2553f6c0544d47de464092aacb63c,4ca8b2e0be7f989eabf11294d9a60da491c0f3fecd8124e9bf097bf1beff5e7a
before,historical_source,target_bbo_event_store,aug03,segment_0010,/Users/liu/Documents/hftbacktest/local_live_analysis/skhynix_cross_exchange_research_0803T001,/Users/liu/Documents/hftbacktest/local_live_analysis/skhynix_cross_exchange_research_0803T001/segments/segment_0010/hyperliquid_hot_events.csv.gz,segments/segment_0010/hyperliquid_hot_events.csv.gz,993048,647abf3580ccf02dabf7c465821eaaa02e18eaeedcec434796734772b8795430,4ca8b2e0be7f989eabf11294d9a60da491c0f3fecd8124e9bf097bf1beff5e7a
before,historical_source,target_bbo_event_store,aug04,segment_0001,/Users/liu/Documents/hftbacktest/local_live_analysis/skhynix_cross_exchange_research_0804T001,/Users/liu/Documents/hftbacktest/local_live_analysis/skhynix_cross_exchange_research_0804T001/segments/segment_0001/hyperliquid_hot_events.csv.gz,segments/segment_0001/hyperliquid_hot_events.csv.gz,6528224,b8e542f3c823c6fa1abaa42c1262c6fd03f06781c650996bb7d22fe5881a17ce,ed47cd97b55f5305b0527ac93e6b65d2344ef453b18e7f510f7c7c4e88bcd0cd
before,historical_source,target_bbo_event_store,jul30,segment_0001,/Users/liu/Documents/hftbacktest/local_live_analysis/skhynix_cross_exchange_research_0730T013,/Users/liu/Documents/hftbacktest/local_live_analysis/skhynix_cross_exchange_research_0730T013/segments/segment_0001/hyperliquid_hot_events.csv.gz,segments/segment_0001/hyperliquid_hot_events.csv.gz,3731041,cd06f647dc1758e7a172c558d2555b12f4dcab72fea302c00b8656a8676f8aec,c46c735d7933587af6eece4a9dd1bce241b3c093866efce976b1c3f952e72ce0
before,historical_source,target_bbo_event_store,jul30,segment_0002,/Users/liu/Documents/hftbacktest/local_live_analysis/skhynix_cross_exchange_research_0730T013,/Users/liu/Documents/hftbacktest/local_live_analysis/skhynix_cross_exchange_research_0730T013/segments/segment_0002/hyperliquid_hot_events.csv.gz,segments/segment_0002/hyperliquid_hot_events.csv.gz,3348466,edc5398646ae7be575fd582cc7eed879b3175dd7a140404a4c6ed62c51a3acaf,c46c735d7933587af6eece4a9dd1bce241b3c093866efce976b1c3f952e72ce0
before,historical_source,target_bbo_event_store,jul30,segment_0003,/Users/liu/Documents/hftbacktest/local_live_analysis/skhynix_cross_exchange_research_0730T013,/Users/liu/Documents/hftbacktest/local_live_analysis/skhynix_cross_exchange_research_0730T013/segments/segment_0003/hyperliquid_hot_events.csv.gz,segments/segment_0003/hyperliquid_hot_events.csv.gz,3617245,70c52294fe23281f6fdbbe902ce1da35200a4d427db0b35d655f27cccf42543f,c46c735d7933587af6eece4a9dd1bce241b3c093866efce976b1c3f952e72ce0
before,historical_source,target_bbo_event_store,jul30,segment_0004,/Users/liu/Documents/hftbacktest/local_live_analysis/skhynix_cross_exchange_research_0730T013,/Users/liu/Documents/hftbacktest/local_live_analysis/skhynix_cross_exchange_research_0730T013/segments/segment_0004/hyperliquid_hot_events.csv.gz,segments/segment_0004/hyperliquid_hot_events.csv.gz,2728759,f8af712933106124200b69fcaa1a91f5737ef431e4d00a497f385b4742176f50,c46c735d7933587af6eece4a9dd1bce241b3c093866efce976b1c3f952e72ce0
before,historical_source,target_bbo_event_store,jul30,segment_0005,/Users/liu/Documents/hftbacktest/local_live_analysis/skhynix_cross_exchange_research_0730T013,/Users/liu/Documents/hftbacktest/local_live_analysis/skhynix_cross_exchange_research_0730T013/segments/segment_0005/hyperliquid_hot_events.csv.gz,segments/segment_0005/hyperliquid_hot_events.csv.gz,2814202,df1cb5ebe8966e275891434cc3889cec467454f9b30f094781acddc599ff8ce2,c46c735d7933587af6eece4a9dd1bce241b3c093866efce976b1c3f952e72ce0
before,historical_source,target_bbo_event_store,jul30,segment_0006,/Users/liu/Documents/hftbacktest/local_live_analysis/skhynix_cross_exchange_research_0730T013,/Users/liu/Documents/hftbacktest/local_live_analysis/skhynix_cross_exchange_research_0730T013/segments/segment_0006/hyperliquid_hot_events.csv.gz,segments/segment_0006/hyperliquid_hot_events.csv.gz,2885812,a69618e00c93aa088cc42ebb56d01cca61929412fb661ab7b63358c7dca09166,c46c735d7933587af6eece4a9dd1bce241b3c093866efce976b1c3f952e72ce0
before,historical_source,target_bbo_event_store,jul30,segment_0007,/Users/liu/Documents/hftbacktest/local_live_analysis/skhynix_cross_exchange_research_0730T013,/Users/liu/Documents/hftbacktest/local_live_analysis/skhynix_cross_exchange_research_0730T013/segments/segment_0007/hyperliquid_hot_events.csv.gz,segments/segment_0007/hyperliquid_hot_events.csv.gz,2730926,e2ea70eddcb6e63c9c3de58e09911e96925f47d1b4a68502bec9b7f72cfb2411,c46c735d7933587af6eece4a9dd1bce241b3c093866efce976b1c3f952e72ce0
before,historical_source,target_bbo_event_store,jul30,segment_0008,/Users/liu/Documents/hftbacktest/local_live_analysis/skhynix_cross_exchange_research_0730T013,/Users/liu/Documents/hftbacktest/local_live_analysis/skhynix_cross_exchange_research_0730T013/segments/segment_0008/hyperliquid_hot_events.csv.gz,segments/segment_0008/hyperliquid_hot_events.csv.gz,2451347,5aa726cf402c955bdd3ade04163198612fec8e29887eed0ec383f5282c82b541,c46c735d7933587af6eece4a9dd1bce241b3c093866efce976b1c3f952e72ce0
after,accepted_dependency,stage1,,,/Users/liu/Documents/hftbacktest-0814t001-skhynix-episode-research/local_live_analysis/skhynix_trigger_aligned_episode_research_v1,/Users/liu/Documents/hftbacktest-0814t001-skhynix-episode-research/local_live_analysis/skhynix_trigger_aligned_episode_research_v1/consumption_ledgers/aug07_access_ledger.json,consumption_ledgers/aug07_access_ledger.json,19276,40deed8ba0756e85697ef81e107a211ab2f4fabca638c1b42ae14f8314f7426d,9d8bf64c1a95ea378e88fe8d23243ce2896d727661988402c4e5dfd8600d55c2
after,accepted_dependency,stage1,,,/Users/liu/Documents/hftbacktest-0814t001-skhynix-episode-research/local_live_analysis/skhynix_trigger_aligned_episode_research_v1,/Users/liu/Documents/hftbacktest-0814t001-skhynix-episode-research/local_live_analysis/skhynix_trigger_aligned_episode_research_v1/data_admission/channel_inventory.csv,data_admission/channel_inventory.csv,2937,41a80972f0bf6407128bfcc89bc942a03e27aaeefc40b1f652d89dbd14eda333,9d8bf64c1a95ea378e88fe8d23243ce2896d727661988402c4e5dfd8600d55c2
after,accepted_dependency,stage1,,,/Users/liu/Documents/hftbacktest-0814t001-skhynix-episode-research/local_live_analysis/skhynix_trigger_aligned_episode_research_v1,/Users/liu/Documents/hftbacktest-0814t001-skhynix-episode-research/local_live_analysis/skhynix_trigger_aligned_episode_research_v1/data_admission/hyperliquid_feed_cadence.csv,data_admission/hyperliquid_feed_cadence.csv,7311,2e4060036155f80e6c1cebddd81143edce3c3b534dbc7f5c129d6c3f4ed81c0a,9d8bf64c1a95ea378e88fe8d23243ce2896d727661988402c4e5dfd8600d55c2
after,accepted_dependency,stage1,,,/Users/liu/Documents/hftbacktest-0814t001-skhynix-episode-research/local_live_analysis/skhynix_trigger_aligned_episode_research_v1,/Users/liu/Documents/hftbacktest-0814t001-skhynix-episode-research/local_live_analysis/skhynix_trigger_aligned_episode_research_v1/data_admission/input_manifest_bindings.csv,data_admission/input_manifest_bindings.csv,4098,c08c53f430398e8a68d6e2c8a83d32bd2a2fa889bc9a0fb5bc1c199b70fa59fc,9d8bf64c1a95ea378e88fe8d23243ce2896d727661988402c4e5dfd8600d55c2
after,accepted_dependency,stage1,,,/Users/liu/Documents/hftbacktest-0814t001-skhynix-episode-research/local_live_analysis/skhynix_trigger_aligned_episode_research_v1,/Users/liu/Documents/hftbacktest-0814t001-skhynix-episode-research/local_live_analysis/skhynix_trigger_aligned_episode_research_v1/data_admission/session_topology.csv,data_admission/session_topology.csv,5657,b00f4eae599bba63099d3b8c629324c761ebdacd2481ac56ebd119b182016827,9d8bf64c1a95ea378e88fe8d23243ce2896d727661988402c4e5dfd8600d55c2
after,accepted_dependency,stage1,,,/Users/liu/Documents/hftbacktest-0814t001-skhynix-episode-research/local_live_analysis/skhynix_trigger_aligned_episode_research_v1,/Users/liu/Documents/hftbacktest-0814t001-skhynix-episode-research/local_live_analysis/skhynix_trigger_aligned_episode_research_v1/data_admission/unavailable_fields.csv,data_admission/unavailable_fields.csv,2460,8ba7c2061ac587adbe5fe79ecf5adef120869dd20894f675bc8d16f8232c03e5,9d8bf64c1a95ea378e88fe8d23243ce2896d727661988402c4e5dfd8600d55c2
after,accepted_dependency,stage1,,,/Users/liu/Documents/hftbacktest-0814t001-skhynix-episode-research/local_live_analysis/skhynix_trigger_aligned_episode_research_v1,/Users/liu/Documents/hftbacktest-0814t001-skhynix-episode-research/local_live_analysis/skhynix_trigger_aligned_episode_research_v1/data_admission/underlying_regime_coverage.csv,data_admission/underlying_regime_coverage.csv,1382,ec33eeb2a1e7354d2efdbb4c08d683da2eb0dc1b6c8fc369935f8d2de06f0319,9d8bf64c1a95ea378e88fe8d23243ce2896d727661988402c4e5dfd8600d55c2
after,accepted_dependency,stage1,,,/Users/liu/Documents/hftbacktest-0814t001-skhynix-episode-research/local_live_analysis/skhynix_trigger_aligned_episode_research_v1,/Users/liu/Documents/hftbacktest-0814t001-skhynix-episode-research/local_live_analysis/skhynix_trigger_aligned_episode_research_v1/frozen_research_contract.json,frozen_research_contract.json,8668,8657c6a81cb541c8df1c7696f86b3b4cbfb0c2e01d0bb99a98bbecd158041a6e,9d8bf64c1a95ea378e88fe8d23243ce2896d727661988402c4e5dfd8600d55c2
after,accepted_dependency,stage1,,,/Users/liu/Documents/hftbacktest-0814t001-skhynix-episode-research/local_live_analysis/skhynix_trigger_aligned_episode_research_v1,/Users/liu/Documents/hftbacktest-0814t001-skhynix-episode-research/local_live_analysis/skhynix_trigger_aligned_episode_research_v1/input_inventory.csv,input_inventory.csv,273052,349fb8528437ad2beed538368173c0666f0e0be519a729a74c4b26727acfab42,9d8bf64c1a95ea378e88fe8d23243ce2896d727661988402c4e5dfd8600d55c2
after,accepted_dependency,stage1,,,/Users/liu/Documents/hftbacktest-0814t001-skhynix-episode-research/local_live_analysis/skhynix_trigger_aligned_episode_research_v1,/Users/liu/Documents/hftbacktest-0814t001-skhynix-episode-research/local_live_analysis/skhynix_trigger_aligned_episode_research_v1/research_manifest.json,research_manifest.json,3300,9d8bf64c1a95ea378e88fe8d23243ce2896d727661988402c4e5dfd8600d55c2,9d8bf64c1a95ea378e88fe8d23243ce2896d727661988402c4e5dfd8600d55c2
after,accepted_dependency,stage2,,,/Users/liu/Documents/hftbacktest-0814t001-skhynix-episode-research/local_live_analysis/skhynix_trigger_aligned_episode_research_v1_stage02_density,/Users/liu/Documents/hftbacktest-0814t001-skhynix-episode-research/local_live_analysis/skhynix_trigger_aligned_episode_research_v1_stage02_density/density_manifest.json,density_manifest.json,5386,ac5f4e50cfb653dffa6e6d6fb84ab451da70da415fd3d2785fff52330b9cd43b,ac5f4e50cfb653dffa6e6d6fb84ab451da70da415fd3d2785fff52330b9cd43b
after,accepted_dependency,stage2,,,/Users/liu/Documents/hftbacktest-0814t001-skhynix-episode-research/local_live_analysis/skhynix_trigger_aligned_episode_research_v1_stage02_density,/Users/liu/Documents/hftbacktest-0814t001-skhynix-episode-research/local_live_analysis/skhynix_trigger_aligned_episode_research_v1_stage02_density/effective_sample_size.csv,effective_sample_size.csv,24793,d9b9df5b6d7cee4e7d0c0cb1d4808e0312d497c6016d8d91b07c4ed8e846727b,ac5f4e50cfb653dffa6e6d6fb84ab451da70da415fd3d2785fff52330b9cd43b
after,accepted_dependency,stage2,,,/Users/liu/Documents/hftbacktest-0814t001-skhynix-episode-research/local_live_analysis/skhynix_trigger_aligned_episode_research_v1_stage02_density,/Users/liu/Documents/hftbacktest-0814t001-skhynix-episode-research/local_live_analysis/skhynix_trigger_aligned_episode_research_v1_stage02_density/episode_merging_summary.csv,episode_merging_summary.csv,2593,a0a16d9da2c3a1a18a98da7301beb21ea48ff123012440e7861ed3f1ce122f10,ac5f4e50cfb653dffa6e6d6fb84ab451da70da415fd3d2785fff52330b9cd43b
after,accepted_dependency,stage2,,,/Users/liu/Documents/hftbacktest-0814t001-skhynix-episode-research/local_live_analysis/skhynix_trigger_aligned_episode_research_v1_stage02_density,/Users/liu/Documents/hftbacktest-0814t001-skhynix-episode-research/local_live_analysis/skhynix_trigger_aligned_episode_research_v1_stage02_density/frozen_density_contract.json,frozen_density_contract.json,11586,0cd8b44ce2e39aebe8e8039f1dab0cf4d74dd555a59378e0a5acd33ca3b83815,ac5f4e50cfb653dffa6e6d6fb84ab451da70da415fd3d2785fff52330b9cd43b
after,accepted_dependency,stage2,,,/Users/liu/Documents/hftbacktest-0814t001-skhynix-episode-research/local_live_analysis/skhynix_trigger_aligned_episode_research_v1_stage02_density,/Users/liu/Documents/hftbacktest-0814t001-skhynix-episode-research/local_live_analysis/skhynix_trigger_aligned_episode_research_v1_stage02_density/input_bindings.csv,input_bindings.csv,141764,0c7584fd38ab2baf3acfa19463de7359b0d7ed55e56452a2158c122b321e4013,ac5f4e50cfb653dffa6e6d6fb84ab451da70da415fd3d2785fff52330b9cd43b
after,accepted_dependency,stage2,,,/Users/liu/Documents/hftbacktest-0814t001-skhynix-episode-research/local_live_analysis/skhynix_trigger_aligned_episode_research_v1_stage02_density,/Users/liu/Documents/hftbacktest-0814t001-skhynix-episode-research/local_live_analysis/skhynix_trigger_aligned_episode_research_v1_stage02_density/inter_trigger_distribution.csv,inter_trigger_distribution.csv,2979,a21ad70f0e3dcfc6e4d116b4b101f28bcd6d9916c192462777dc28bc6252402c,ac5f4e50cfb653dffa6e6d6fb84ab451da70da415fd3d2785fff52330b9cd43b
after,accepted_dependency,stage2,,,/Users/liu/Documents/hftbacktest-0814t001-skhynix-episode-research/local_live_analysis/skhynix_trigger_aligned_episode_research_v1_stage02_density,/Users/liu/Documents/hftbacktest-0814t001-skhynix-episode-research/local_live_analysis/skhynix_trigger_aligned_episode_research_v1_stage02_density/reports/trigger_density_admission.md,reports/trigger_density_admission.md,1661,33b8442fc6da371fd2a870d312bb306aefe0769074ef7f732899ea391cd9c98f,ac5f4e50cfb653dffa6e6d6fb84ab451da70da415fd3d2785fff52330b9cd43b
after,accepted_dependency,stage2,,,/Users/liu/Documents/hftbacktest-0814t001-skhynix-episode-research/local_live_analysis/skhynix_trigger_aligned_episode_research_v1_stage02_density,/Users/liu/Documents/hftbacktest-0814t001-skhynix-episode-research/local_live_analysis/skhynix_trigger_aligned_episode_research_v1_stage02_density/trigger_density_by_session.csv,trigger_density_by_session.csv,2316,d8931e98f09357885b5f4fae91d22b42ca51eec852be1cf74c90c1e7a8996fb4,ac5f4e50cfb653dffa6e6d6fb84ab451da70da415fd3d2785fff52330b9cd43b
after,accepted_dependency,stage2,,,/Users/liu/Documents/hftbacktest-0814t001-skhynix-episode-research/local_live_analysis/skhynix_trigger_aligned_episode_research_v1_stage02_density,/Users/liu/Documents/hftbacktest-0814t001-skhynix-episode-research/local_live_analysis/skhynix_trigger_aligned_episode_research_v1_stage02_density/trigger_density_sensitivity_summary.csv,trigger_density_sensitivity_summary.csv,6080,5b6dc67232015796d33950883334babfd17bc1c707778103b1a2fe874faa1eb0,ac5f4e50cfb653dffa6e6d6fb84ab451da70da415fd3d2785fff52330b9cd43b
after,accepted_dependency,stage4_crosscheck,jul30,,/Users/liu/Documents/hftbacktest-0814t001-skhynix-episode-research/local_live_analysis/skhynix_trigger_aligned_episode_research_v1_stage04_jul30_episode_v3,/Users/liu/Documents/hftbacktest-0814t001-skhynix-episode-research/local_live_analysis/skhynix_trigger_aligned_episode_research_v1_stage04_jul30_episode_v3/anchors/segment_0001.csv.gz,anchors/segment_0001.csv.gz,2285823,9121e11bd82ab681b27c3590e6d17949e025975e83fa631489605217c072a52f,2c802336c1446eaf50eaf5ef546b115046abe3a1b69fdd1fcaea31d22a8e64a6
after,accepted_dependency,stage4_crosscheck,jul30,,/Users/liu/Documents/hftbacktest-0814t001-skhynix-episode-research/local_live_analysis/skhynix_trigger_aligned_episode_research_v1_stage04_jul30_episode_v3,/Users/liu/Documents/hftbacktest-0814t001-skhynix-episode-research/local_live_analysis/skhynix_trigger_aligned_episode_research_v1_stage04_jul30_episode_v3/anchors/segment_0002.csv.gz,anchors/segment_0002.csv.gz,1672326,4bd02b5141bd8bb426047cb59974bf1514429e95f65416b3bc37ec5b30ba6bcb,2c802336c1446eaf50eaf5ef546b115046abe3a1b69fdd1fcaea31d22a8e64a6
after,accepted_dependency,stage4_crosscheck,jul30,,/Users/liu/Documents/hftbacktest-0814t001-skhynix-episode-research/local_live_analysis/skhynix_trigger_aligned_episode_research_v1_stage04_jul30_episode_v3,/Users/liu/Documents/hftbacktest-0814t001-skhynix-episode-research/local_live_analysis/skhynix_trigger_aligned_episode_research_v1_stage04_jul30_episode_v3/anchors/segment_0003.csv.gz,anchors/segment_0003.csv.gz,1957687,102adf000fff43e51d28ea0388a62a6218326d69423fe4b32d167e4847ae48c2,2c802336c1446eaf50eaf5ef546b115046abe3a1b69fdd1fcaea31d22a8e64a6
after,accepted_dependency,stage4_crosscheck,jul30,,/Users/liu/Documents/hftbacktest-0814t001-skhynix-episode-research/local_live_analysis/skhynix_trigger_aligned_episode_research_v1_stage04_jul30_episode_v3,/Users/liu/Documents/hftbacktest-0814t001-skhynix-episode-research/local_live_analysis/skhynix_trigger_aligned_episode_research_v1_stage04_jul30_episode_v3/anchors/segment_0004.csv.gz,anchors/segment_0004.csv.gz,1862367,bb7d4c65e311a2679512be2619e5e4bb6e0774b2fd826bcc2ab87765ee0d4734,2c802336c1446eaf50eaf5ef546b115046abe3a1b69fdd1fcaea31d22a8e64a6
after,accepted_dependency,stage4_crosscheck,jul30,,/Users/liu/Documents/hftbacktest-0814t001-skhynix-episode-research/local_live_analysis/skhynix_trigger_aligned_episode_research_v1_stage04_jul30_episode_v3,/Users/liu/Documents/hftbacktest-0814t001-skhynix-episode-research/local_live_analysis/skhynix_trigger_aligned_episode_research_v1_stage04_jul30_episode_v3/anchors/segment_0005.csv.gz,anchors/segment_0005.csv.gz,1607499,3577ebda0f23ec3f5c6bece770e47580ce72888f19f26013c37bbeaa77dba1f2,2c802336c1446eaf50eaf5ef546b115046abe3a1b69fdd1fcaea31d22a8e64a6
after,accepted_dependency,stage4_crosscheck,jul30,,/Users/liu/Documents/hftbacktest-0814t001-skhynix-episode-research/local_live_analysis/skhynix_trigger_aligned_episode_research_v1_stage04_jul30_episode_v3,/Users/liu/Documents/hftbacktest-0814t001-skhynix-episode-research/local_live_analysis/skhynix_trigger_aligned_episode_research_v1_stage04_jul30_episode_v3/anchors/segment_0006.csv.gz,anchors/segment_0006.csv.gz,1355338,c34a1a2e1d3808a76cd06cc93dd7e27f783d8ee10ed9765bbdddda16cb56bad6,2c802336c1446eaf50eaf5ef546b115046abe3a1b69fdd1fcaea31d22a8e64a6
after,accepted_dependency,stage4_crosscheck,jul30,,/Users/liu/Documents/hftbacktest-0814t001-skhynix-episode-research/local_live_analysis/skhynix_trigger_aligned_episode_research_v1_stage04_jul30_episode_v3,/Users/liu/Documents/hftbacktest-0814t001-skhynix-episode-research/local_live_analysis/skhynix_trigger_aligned_episode_research_v1_stage04_jul30_episode_v3/anchors/segment_0007.csv.gz,anchors/segment_0007.csv.gz,1251339,1cee5b6dbf79d17b09ad81fe04077d7f5b4469da03978614c0c8061708265619,2c802336c1446eaf50eaf5ef546b115046abe3a1b69fdd1fcaea31d22a8e64a6
after,accepted_dependency,stage4_crosscheck,jul30,,/Users/liu/Documents/hftbacktest-0814t001-skhynix-episode-research/local_live_analysis/skhynix_trigger_aligned_episode_research_v1_stage04_jul30_episode_v3,/Users/liu/Documents/hftbacktest-0814t001-skhynix-episode-research/local_live_analysis/skhynix_trigger_aligned_episode_research_v1_stage04_jul30_episode_v3/anchors/segment_0008.csv.gz,anchors/segment_0008.csv.gz,1178427,ee8315cf13d201b89bf66e77447687b28f3baa8b9e7dcd22dd6e63259c87c605,2c802336c1446eaf50eaf5ef546b115046abe3a1b69fdd1fcaea31d22a8e64a6
after,accepted_dependency,stage4_crosscheck,jul30,,/Users/liu/Documents/hftbacktest-0814t001-skhynix-episode-research/local_live_analysis/skhynix_trigger_aligned_episode_research_v1_stage04_jul30_episode_v3,/Users/liu/Documents/hftbacktest-0814t001-skhynix-episode-research/local_live_analysis/skhynix_trigger_aligned_episode_research_v1_stage04_jul30_episode_v3/episode_v3_manifest.json,episode_v3_manifest.json,33566,2c802336c1446eaf50eaf5ef546b115046abe3a1b69fdd1fcaea31d22a8e64a6,2c802336c1446eaf50eaf5ef546b115046abe3a1b69fdd1fcaea31d22a8e64a6
after,accepted_dependency,stage4_crosscheck,jul30,,/Users/liu/Documents/hftbacktest-0814t001-skhynix-episode-research/local_live_analysis/skhynix_trigger_aligned_episode_research_v1_stage04_jul30_episode_v3,/Users/liu/Documents/hftbacktest-0814t001-skhynix-episode-research/local_live_analysis/skhynix_trigger_aligned_episode_research_v1_stage04_jul30_episode_v3/frozen_episode_v3_contract.json,frozen_episode_v3_contract.json,63480,b80b9bae2d6cf18cb6e7be4f133467138527fec20eef7054ab38b7f8c70cefde,2c802336c1446eaf50eaf5ef546b115046abe3a1b69fdd1fcaea31d22a8e64a6
after,accepted_dependency,stage4_crosscheck,jul30,,/Users/liu/Documents/hftbacktest-0814t001-skhynix-episode-research/local_live_analysis/skhynix_trigger_aligned_episode_research_v1_stage04_jul30_episode_v3,/Users/liu/Documents/hftbacktest-0814t001-skhynix-episode-research/local_live_analysis/skhynix_trigger_aligned_episode_research_v1_stage04_jul30_episode_v3/input_bindings.csv,input_bindings.csv,403851,50dff4a95405324a674367f27cd66045722629113b948f65fbd61e2b3d519ee2,2c802336c1446eaf50eaf5ef546b115046abe3a1b69fdd1fcaea31d22a8e64a6
after,accepted_dependency,stage4_crosscheck,jul30,,/Users/liu/Documents/hftbacktest-0814t001-skhynix-episode-research/local_live_analysis/skhynix_trigger_aligned_episode_research_v1_stage04_jul30_episode_v3,/Users/liu/Documents/hftbacktest-0814t001-skhynix-episode-research/local_live_analysis/skhynix_trigger_aligned_episode_research_v1_stage04_jul30_episode_v3/quality_intervals.csv,quality_intervals.csv,2010,8610c1f29690834899bb7daa25965a71fd0ed9a85da453adf25dffd339c251ab,2c802336c1446eaf50eaf5ef546b115046abe3a1b69fdd1fcaea31d22a8e64a6
after,accepted_dependency,stage4_crosscheck,jul30,,/Users/liu/Documents/hftbacktest-0814t001-skhynix-episode-research/local_live_analysis/skhynix_trigger_aligned_episode_research_v1_stage04_jul30_episode_v3,/Users/liu/Documents/hftbacktest-0814t001-skhynix-episode-research/local_live_analysis/skhynix_trigger_aligned_episode_research_v1_stage04_jul30_episode_v3/segment_summary.csv,segment_summary.csv,2128,880d0643563e5f1856ca6a4ef7a980dc3b34d0717514f4ca0090d94de6e21d45,2c802336c1446eaf50eaf5ef546b115046abe3a1b69fdd1fcaea31d22a8e64a6
after,accepted_dependency,stage4_crosscheck,jul30,,/Users/liu/Documents/hftbacktest-0814t001-skhynix-episode-research/local_live_analysis/skhynix_trigger_aligned_episode_research_v1_stage04_jul30_episode_v3,/Users/liu/Documents/hftbacktest-0814t001-skhynix-episode-research/local_live_analysis/skhynix_trigger_aligned_episode_research_v1_stage04_jul30_episode_v3/source_event_store_catalog.csv,source_event_store_catalog.csv,145395,013fd58eef23b8ef75112e91079394ae7f29b07e9137757ea7da567cfb444882,2c802336c1446eaf50eaf5ef546b115046abe3a1b69fdd1fcaea31d22a8e64a6
after,historical_source,cadence_inventory_only,aug03,segment_0001,/Users/liu/Documents/hftbacktest/local_live_analysis/skhynix_cross_exchange_research_0803T001,/Users/liu/Documents/hftbacktest/local_live_analysis/skhynix_cross_exchange_research_0803T001/segments/segment_0001/binance_hot_events.csv.gz,segments/segment_0001/binance_hot_events.csv.gz,12259309,849916704345838b2015f1fd2c50b8694f01e32738be590a7172bc0ce9f34da3,4ca8b2e0be7f989eabf11294d9a60da491c0f3fecd8124e9bf097bf1beff5e7a
after,historical_source,cadence_inventory_only,aug03,segment_0002,/Users/liu/Documents/hftbacktest/local_live_analysis/skhynix_cross_exchange_research_0803T001,/Users/liu/Documents/hftbacktest/local_live_analysis/skhynix_cross_exchange_research_0803T001/segments/segment_0002/binance_hot_events.csv.gz,segments/segment_0002/binance_hot_events.csv.gz,22837153,bbf4874554f74e5c7de51e713ab5c1c027b9c5b45f52ed0c823c9c7cee70f377,4ca8b2e0be7f989eabf11294d9a60da491c0f3fecd8124e9bf097bf1beff5e7a
after,historical_source,cadence_inventory_only,aug03,segment_0003,/Users/liu/Documents/hftbacktest/local_live_analysis/skhynix_cross_exchange_research_0803T001,/Users/liu/Documents/hftbacktest/local_live_analysis/skhynix_cross_exchange_research_0803T001/segments/segment_0003/binance_hot_events.csv.gz,segments/segment_0003/binance_hot_events.csv.gz,15785055,9236f8387c7e5e449b3534af3847d677dc8432c3966045dc973ef9be92e02953,4ca8b2e0be7f989eabf11294d9a60da491c0f3fecd8124e9bf097bf1beff5e7a
after,historical_source,cadence_inventory_only,aug03,segment_0004,/Users/liu/Documents/hftbacktest/local_live_analysis/skhynix_cross_exchange_research_0803T001,/Users/liu/Documents/hftbacktest/local_live_analysis/skhynix_cross_exchange_research_0803T001/segments/segment_0004/binance_hot_events.csv.gz,segments/segment_0004/binance_hot_events.csv.gz,13084905,390076a77a30faff70c17b90096b483f99bca671b86713150289e07a2d21a943,4ca8b2e0be7f989eabf11294d9a60da491c0f3fecd8124e9bf097bf1beff5e7a
after,historical_source,cadence_inventory_only,aug03,segment_0005,/Users/liu/Documents/hftbacktest/local_live_analysis/skhynix_cross_exchange_research_0803T001,/Users/liu/Documents/hftbacktest/local_live_analysis/skhynix_cross_exchange_research_0803T001/segments/segment_0005/binance_hot_events.csv.gz,segments/segment_0005/binance_hot_events.csv.gz,12591557,8bf827e13c09d8a43e451ba260bf9728a40875d9f797ef3f4bb2cd02a8eb8f42,4ca8b2e0be7f989eabf11294d9a60da491c0f3fecd8124e9bf097bf1beff5e7a
after,historical_source,cadence_inventory_only,aug03,segment_0006,/Users/liu/Documents/hftbacktest/local_live_analysis/skhynix_cross_exchange_research_0803T001,/Users/liu/Documents/hftbacktest/local_live_analysis/skhynix_cross_exchange_research_0803T001/segments/segment_0006/binance_hot_events.csv.gz,segments/segment_0006/binance_hot_events.csv.gz,9587859,fd7bf90360e2e3f26f2e4dbd48cf1df2e7a9cbcde42b249a6545b034904b0fd5,4ca8b2e0be7f989eabf11294d9a60da491c0f3fecd8124e9bf097bf1beff5e7a
after,historical_source,cadence_inventory_only,aug03,segment_0007,/Users/liu/Documents/hftbacktest/local_live_analysis/skhynix_cross_exchange_research_0803T001,/Users/liu/Documents/hftbacktest/local_live_analysis/skhynix_cross_exchange_research_0803T001/segments/segment_0007/binance_hot_events.csv.gz,segments/segment_0007/binance_hot_events.csv.gz,6389942,4b455d641e1927669500f78a65be2df3a9572fa0890d43f7224221b750378656,4ca8b2e0be7f989eabf11294d9a60da491c0f3fecd8124e9bf097bf1beff5e7a
after,historical_source,cadence_inventory_only,aug03,segment_0008,/Users/liu/Documents/hftbacktest/local_live_analysis/skhynix_cross_exchange_research_0803T001,/Users/liu/Documents/hftbacktest/local_live_analysis/skhynix_cross_exchange_research_0803T001/segments/segment_0008/binance_hot_events.csv.gz,segments/segment_0008/binance_hot_events.csv.gz,6392974,bbda79f8605ffda5395ac15dd949f5cc283502d8b3904c6ff1505d679913fe0a,4ca8b2e0be7f989eabf11294d9a60da491c0f3fecd8124e9bf097bf1beff5e7a
after,historical_source,cadence_inventory_only,aug03,segment_0009,/Users/liu/Documents/hftbacktest/local_live_analysis/skhynix_cross_exchange_research_0803T001,/Users/liu/Documents/hftbacktest/local_live_analysis/skhynix_cross_exchange_research_0803T001/segments/segment_0009/binance_hot_events.csv.gz,segments/segment_0009/binance_hot_events.csv.gz,6603078,d02d93fbff7404876b9b9a9d3c398d878aba5a6d7cc29c288937ccc251b7c636,4ca8b2e0be7f989eabf11294d9a60da491c0f3fecd8124e9bf097bf1beff5e7a
after,historical_source,cadence_inventory_only,aug03,segment_0010,/Users/liu/Documents/hftbacktest/local_live_analysis/skhynix_cross_exchange_research_0803T001,/Users/liu/Documents/hftbacktest/local_live_analysis/skhynix_cross_exchange_research_0803T001/segments/segment_0010/binance_hot_events.csv.gz,segments/segment_0010/binance_hot_events.csv.gz,6729102,7bf863060bcd0bba2dc99745f8065b92a6623c1c838f51ae373d5af3858c7f74,4ca8b2e0be7f989eabf11294d9a60da491c0f3fecd8124e9bf097bf1beff5e7a
after,historical_source,cadence_inventory_only,aug04,segment_0001,/Users/liu/Documents/hftbacktest/local_live_analysis/skhynix_cross_exchange_research_0804T001,/Users/liu/Documents/hftbacktest/local_live_analysis/skhynix_cross_exchange_research_0804T001/segments/segment_0001/binance_hot_events.csv.gz,segments/segment_0001/binance_hot_events.csv.gz,60266083,0f800aa34285e05ea475b3703258d15eb0add95352ff1cfab36c0444ff49502d,ed47cd97b55f5305b0527ac93e6b65d2344ef453b18e7f510f7c7c4e88bcd0cd
after,historical_source,cadence_inventory_only,jul30,segment_0001,/Users/liu/Documents/hftbacktest/local_live_analysis/skhynix_cross_exchange_research_0730T013,/Users/liu/Documents/hftbacktest/local_live_analysis/skhynix_cross_exchange_research_0730T013/segments/segment_0001/binance_hot_events.csv.gz,segments/segment_0001/binance_hot_events.csv.gz,54157067,d56b10d37ede4d31fea2814898a6194946a8e18c57a554807804db35e3cf9ea3,c46c735d7933587af6eece4a9dd1bce241b3c093866efce976b1c3f952e72ce0
after,historical_source,cadence_inventory_only,jul30,segment_0002,/Users/liu/Documents/hftbacktest/local_live_analysis/skhynix_cross_exchange_research_0730T013,/Users/liu/Documents/hftbacktest/local_live_analysis/skhynix_cross_exchange_research_0730T013/segments/segment_0002/binance_hot_events.csv.gz,segments/segment_0002/binance_hot_events.csv.gz,34165823,4a72971f1466145a82f62c5416dd8f723c5fae013c7cdd5d0fd272140d1d0b16,c46c735d7933587af6eece4a9dd1bce241b3c093866efce976b1c3f952e72ce0
after,historical_source,cadence_inventory_only,jul30,segment_0003,/Users/liu/Documents/hftbacktest/local_live_analysis/skhynix_cross_exchange_research_0730T013,/Users/liu/Documents/hftbacktest/local_live_analysis/skhynix_cross_exchange_research_0730T013/segments/segment_0003/binance_hot_events.csv.gz,segments/segment_0003/binance_hot_events.csv.gz,39109458,6ac5cdc3a6fdda5b1da7f23da9161c802d4535fd5f13dc70a96f05b93161f125,c46c735d7933587af6eece4a9dd1bce241b3c093866efce976b1c3f952e72ce0
after,historical_source,cadence_inventory_only,jul30,segment_0004,/Users/liu/Documents/hftbacktest/local_live_analysis/skhynix_cross_exchange_research_0730T013,/Users/liu/Documents/hftbacktest/local_live_analysis/skhynix_cross_exchange_research_0730T013/segments/segment_0004/binance_hot_events.csv.gz,segments/segment_0004/binance_hot_events.csv.gz,37194429,70b9a578cf573fd354720339293f18ebea4c950d389f0c46d3e26e3678d58e05,c46c735d7933587af6eece4a9dd1bce241b3c093866efce976b1c3f952e72ce0
after,historical_source,cadence_inventory_only,jul30,segment_0005,/Users/liu/Documents/hftbacktest/local_live_analysis/skhynix_cross_exchange_research_0730T013,/Users/liu/Documents/hftbacktest/local_live_analysis/skhynix_cross_exchange_research_0730T013/segments/segment_0005/binance_hot_events.csv.gz,segments/segment_0005/binance_hot_events.csv.gz,32082002,38f26f2e6536c36d0fa355bffeb542305760c11eb3797fe2ba9d7cd307123fe8,c46c735d7933587af6eece4a9dd1bce241b3c093866efce976b1c3f952e72ce0
after,historical_source,cadence_inventory_only,jul30,segment_0006,/Users/liu/Documents/hftbacktest/local_live_analysis/skhynix_cross_exchange_research_0730T013,/Users/liu/Documents/hftbacktest/local_live_analysis/skhynix_cross_exchange_research_0730T013/segments/segment_0006/binance_hot_events.csv.gz,segments/segment_0006/binance_hot_events.csv.gz,27640727,a232cf48b80dea49083536c0d99e0b75fa1389fc05f0f0371d2c7cbb92610ab7,c46c735d7933587af6eece4a9dd1bce241b3c093866efce976b1c3f952e72ce0
after,historical_source,cadence_inventory_only,jul30,segment_0007,/Users/liu/Documents/hftbacktest/local_live_analysis/skhynix_cross_exchange_research_0730T013,/Users/liu/Documents/hftbacktest/local_live_analysis/skhynix_cross_exchange_research_0730T013/segments/segment_0007/binance_hot_events.csv.gz,segments/segment_0007/binance_hot_events.csv.gz,25954218,0ed34e58b28b6c1bb929ea0a8333b556a3076fc7ea685fbd60adb23ed09f1930,c46c735d7933587af6eece4a9dd1bce241b3c093866efce976b1c3f952e72ce0
after,historical_source,cadence_inventory_only,jul30,segment_0008,/Users/liu/Documents/hftbacktest/local_live_analysis/skhynix_cross_exchange_research_0730T013,/Users/liu/Documents/hftbacktest/local_live_analysis/skhynix_cross_exchange_research_0730T013/segments/segment_0008/binance_hot_events.csv.gz,segments/segment_0008/binance_hot_events.csv.gz,24175141,bb7d48c26832bb63185edfb49a960cc3d2ecac6a99558040ea03302a02cf48f6,c46c735d7933587af6eece4a9dd1bce241b3c093866efce976b1c3f952e72ce0
after,historical_source,common_timeline_inventory_only,aug03,segment_0001,/Users/liu/Documents/hftbacktest/local_live_analysis/cross_exchange_collection_campaign_0802T001_skhynix_5h_10x30m,/Users/liu/Documents/hftbacktest/local_live_analysis/cross_exchange_collection_campaign_0802T001_skhynix_5h_10x30m/segments/segment_0001/skhynix/common_l2_timeline.csv.gz,segments/segment_0001/skhynix/common_l2_timeline.csv.gz,4538702,0386c5cd31485b65aaade6f67f804f822aec561d406860b9b0c93fac7df9c4bf,c9d7f65ed85157838f55a41d56745e76e8cee845fcd20d066cd0f81ff61f5fe9
after,historical_source,common_timeline_inventory_only,aug03,segment_0002,/Users/liu/Documents/hftbacktest/local_live_analysis/cross_exchange_collection_campaign_0802T001_skhynix_5h_10x30m,/Users/liu/Documents/hftbacktest/local_live_analysis/cross_exchange_collection_campaign_0802T001_skhynix_5h_10x30m/segments/segment_0002/skhynix/common_l2_timeline.csv.gz,segments/segment_0002/skhynix/common_l2_timeline.csv.gz,6324737,c1c7549f04051c97aff956971aa208570e7e434f6297877e8108de8193c619cb,c9d7f65ed85157838f55a41d56745e76e8cee845fcd20d066cd0f81ff61f5fe9
after,historical_source,common_timeline_inventory_only,aug03,segment_0003,/Users/liu/Documents/hftbacktest/local_live_analysis/cross_exchange_collection_campaign_0802T001_skhynix_5h_10x30m,/Users/liu/Documents/hftbacktest/local_live_analysis/cross_exchange_collection_campaign_0802T001_skhynix_5h_10x30m/segments/segment_0003/skhynix/common_l2_timeline.csv.gz,segments/segment_0003/skhynix/common_l2_timeline.csv.gz,5791061,8aebeed4cd867b3abf3808cfde678f74652135c16c4570008a4a0a34a34bbd06,c9d7f65ed85157838f55a41d56745e76e8cee845fcd20d066cd0f81ff61f5fe9
after,historical_source,common_timeline_inventory_only,aug03,segment_0004,/Users/liu/Documents/hftbacktest/local_live_analysis/cross_exchange_collection_campaign_0802T001_skhynix_5h_10x30m,/Users/liu/Documents/hftbacktest/local_live_analysis/cross_exchange_collection_campaign_0802T001_skhynix_5h_10x30m/segments/segment_0004/skhynix/common_l2_timeline.csv.gz,segments/segment_0004/skhynix/common_l2_timeline.csv.gz,5376784,808befb992e2b2c627da0dc480bd5f9bb313ae2234e3cb8021a6b4aae3e9fe02,c9d7f65ed85157838f55a41d56745e76e8cee845fcd20d066cd0f81ff61f5fe9
after,historical_source,common_timeline_inventory_only,aug03,segment_0005,/Users/liu/Documents/hftbacktest/local_live_analysis/cross_exchange_collection_campaign_0802T001_skhynix_5h_10x30m,/Users/liu/Documents/hftbacktest/local_live_analysis/cross_exchange_collection_campaign_0802T001_skhynix_5h_10x30m/segments/segment_0005/skhynix/common_l2_timeline.csv.gz,segments/segment_0005/skhynix/common_l2_timeline.csv.gz,5437078,2fe7547a08867ee39fdcfe9816444f3e6b99f52d4bd62f7fcddb27af07263c1c,c9d7f65ed85157838f55a41d56745e76e8cee845fcd20d066cd0f81ff61f5fe9
after,historical_source,common_timeline_inventory_only,aug03,segment_0006,/Users/liu/Documents/hftbacktest/local_live_analysis/cross_exchange_collection_campaign_0802T001_skhynix_5h_10x30m,/Users/liu/Documents/hftbacktest/local_live_analysis/cross_exchange_collection_campaign_0802T001_skhynix_5h_10x30m/segments/segment_0006/skhynix/common_l2_timeline.csv.gz,segments/segment_0006/skhynix/common_l2_timeline.csv.gz,4923729,6c3ba5fe30ce9e1e257a53f0c0107db4c827c5d95dc3662d436ebe9cf23b3f4d,c9d7f65ed85157838f55a41d56745e76e8cee845fcd20d066cd0f81ff61f5fe9
after,historical_source,common_timeline_inventory_only,aug03,segment_0007,/Users/liu/Documents/hftbacktest/local_live_analysis/cross_exchange_collection_campaign_0802T001_skhynix_5h_10x30m,/Users/liu/Documents/hftbacktest/local_live_analysis/cross_exchange_collection_campaign_0802T001_skhynix_5h_10x30m/segments/segment_0007/skhynix/common_l2_timeline.csv.gz,segments/segment_0007/skhynix/common_l2_timeline.csv.gz,4332265,a0751512f3894b1bd0fc31d0098506873e9eb7db04a9a747d31d9e7ae27cb6ea,c9d7f65ed85157838f55a41d56745e76e8cee845fcd20d066cd0f81ff61f5fe9
after,historical_source,common_timeline_inventory_only,aug03,segment_0008,/Users/liu/Documents/hftbacktest/local_live_analysis/cross_exchange_collection_campaign_0802T001_skhynix_5h_10x30m,/Users/liu/Documents/hftbacktest/local_live_analysis/cross_exchange_collection_campaign_0802T001_skhynix_5h_10x30m/segments/segment_0008/skhynix/common_l2_timeline.csv.gz,segments/segment_0008/skhynix/common_l2_timeline.csv.gz,4247838,ed9f2a17b8583702a01e6c476c32b2b11d6087ab1e2e1faf1c733c1e779effd9,c9d7f65ed85157838f55a41d56745e76e8cee845fcd20d066cd0f81ff61f5fe9
after,historical_source,common_timeline_inventory_only,aug03,segment_0009,/Users/liu/Documents/hftbacktest/local_live_analysis/cross_exchange_collection_campaign_0802T001_skhynix_5h_10x30m,/Users/liu/Documents/hftbacktest/local_live_analysis/cross_exchange_collection_campaign_0802T001_skhynix_5h_10x30m/segments/segment_0009/skhynix/common_l2_timeline.csv.gz,segments/segment_0009/skhynix/common_l2_timeline.csv.gz,4339603,229d25d653d89125013cfbd83f07ef4889111ce331fb2a493a883c3776d9ef88,c9d7f65ed85157838f55a41d56745e76e8cee845fcd20d066cd0f81ff61f5fe9
after,historical_source,common_timeline_inventory_only,aug03,segment_0010,/Users/liu/Documents/hftbacktest/local_live_analysis/cross_exchange_collection_campaign_0802T001_skhynix_5h_10x30m,/Users/liu/Documents/hftbacktest/local_live_analysis/cross_exchange_collection_campaign_0802T001_skhynix_5h_10x30m/segments/segment_0010/skhynix/common_l2_timeline.csv.gz,segments/segment_0010/skhynix/common_l2_timeline.csv.gz,4380476,aaedcfdb9aae8dcbb629ad562e79719360625c09d9407588ff1e6734b30f5ef9,c9d7f65ed85157838f55a41d56745e76e8cee845fcd20d066cd0f81ff61f5fe9
after,historical_source,common_timeline_inventory_only,aug04,segment_0001,/Users/liu/Documents/hftbacktest/local_live_analysis/cross_exchange_collection_campaign_0804T001_skhynix_2h_continuous,/Users/liu/Documents/hftbacktest/local_live_analysis/cross_exchange_collection_campaign_0804T001_skhynix_2h_continuous/segments/segment_0001/skhynix/common_l2_timeline.csv.gz,segments/segment_0001/skhynix/common_l2_timeline.csv.gz,23379173,6b18543ef767d062fbe7fe94705ca858f9f1511b7f2033237a3e56cb51ff1039,1853924b91ad9751239387c303a18c7906510c63d6c7449b28c59668d377885b
after,historical_source,common_timeline_inventory_only,jul30,segment_0001,/Users/liu/Documents/hftbacktest/local_live_analysis/cross_exchange_collection_campaign_0730T011_skhynix_4h_8x30m,/Users/liu/Documents/hftbacktest/local_live_analysis/cross_exchange_collection_campaign_0730T011_skhynix_4h_8x30m/segments/segment_0001/skhynix/common_l2_timeline.csv.gz,segments/segment_0001/skhynix/common_l2_timeline.csv.gz,7609734,376f5a1396558f6181f500686696eae76fa1d44e78a2988908e238842c74adbd,fc4d962bd96792b87671a35974601827864267f7a3d3181ff8237b050b497b12
after,historical_source,common_timeline_inventory_only,jul30,segment_0002,/Users/liu/Documents/hftbacktest/local_live_analysis/cross_exchange_collection_campaign_0730T011_skhynix_4h_8x30m,/Users/liu/Documents/hftbacktest/local_live_analysis/cross_exchange_collection_campaign_0730T011_skhynix_4h_8x30m/segments/segment_0002/skhynix/common_l2_timeline.csv.gz,segments/segment_0002/skhynix/common_l2_timeline.csv.gz,7286154,7e18432216c26ecedeafb2bc9286f1620aafd6ae03b2c499c3675853f15a65d0,fc4d962bd96792b87671a35974601827864267f7a3d3181ff8237b050b497b12
after,historical_source,common_timeline_inventory_only,jul30,segment_0003,/Users/liu/Documents/hftbacktest/local_live_analysis/cross_exchange_collection_campaign_0730T011_skhynix_4h_8x30m,/Users/liu/Documents/hftbacktest/local_live_analysis/cross_exchange_collection_campaign_0730T011_skhynix_4h_8x30m/segments/segment_0003/skhynix/common_l2_timeline.csv.gz,segments/segment_0003/skhynix/common_l2_timeline.csv.gz,7436077,6bbc81286497f2c4a9ddf21ec755d7bb598d060775a935b352b7a47b639f8b75,fc4d962bd96792b87671a35974601827864267f7a3d3181ff8237b050b497b12
after,historical_source,common_timeline_inventory_only,jul30,segment_0004,/Users/liu/Documents/hftbacktest/local_live_analysis/cross_exchange_collection_campaign_0730T011_skhynix_4h_8x30m,/Users/liu/Documents/hftbacktest/local_live_analysis/cross_exchange_collection_campaign_0730T011_skhynix_4h_8x30m/segments/segment_0004/skhynix/common_l2_timeline.csv.gz,segments/segment_0004/skhynix/common_l2_timeline.csv.gz,7315936,57aa52466d7c08bf4f020d987cd750d3afc880730dbfc918b6a7931c00498e56,fc4d962bd96792b87671a35974601827864267f7a3d3181ff8237b050b497b12
after,historical_source,common_timeline_inventory_only,jul30,segment_0005,/Users/liu/Documents/hftbacktest/local_live_analysis/cross_exchange_collection_campaign_0730T011_skhynix_4h_8x30m,/Users/liu/Documents/hftbacktest/local_live_analysis/cross_exchange_collection_campaign_0730T011_skhynix_4h_8x30m/segments/segment_0005/skhynix/common_l2_timeline.csv.gz,segments/segment_0005/skhynix/common_l2_timeline.csv.gz,6961712,38298d61c26c5c03c4d6231d1d8170161dff93d98fd13663fe07b5f173769bd8,fc4d962bd96792b87671a35974601827864267f7a3d3181ff8237b050b497b12
after,historical_source,common_timeline_inventory_only,jul30,segment_0006,/Users/liu/Documents/hftbacktest/local_live_analysis/cross_exchange_collection_campaign_0730T011_skhynix_4h_8x30m,/Users/liu/Documents/hftbacktest/local_live_analysis/cross_exchange_collection_campaign_0730T011_skhynix_4h_8x30m/segments/segment_0006/skhynix/common_l2_timeline.csv.gz,segments/segment_0006/skhynix/common_l2_timeline.csv.gz,6533767,2fd870f33c7dd31501b3e4ada4c57e8d857f56a9dc7532ecb20def83db3b8e7e,fc4d962bd96792b87671a35974601827864267f7a3d3181ff8237b050b497b12
after,historical_source,common_timeline_inventory_only,jul30,segment_0007,/Users/liu/Documents/hftbacktest/local_live_analysis/cross_exchange_collection_campaign_0730T011_skhynix_4h_8x30m,/Users/liu/Documents/hftbacktest/local_live_analysis/cross_exchange_collection_campaign_0730T011_skhynix_4h_8x30m/segments/segment_0007/skhynix/common_l2_timeline.csv.gz,segments/segment_0007/skhynix/common_l2_timeline.csv.gz,6329190,4605e9f8bdac165f0f7ed2194955ece13b9af92360ca8be997451ea65cdbb0d1,fc4d962bd96792b87671a35974601827864267f7a3d3181ff8237b050b497b12
after,historical_source,common_timeline_inventory_only,jul30,segment_0008,/Users/liu/Documents/hftbacktest/local_live_analysis/cross_exchange_collection_campaign_0730T011_skhynix_4h_8x30m,/Users/liu/Documents/hftbacktest/local_live_analysis/cross_exchange_collection_campaign_0730T011_skhynix_4h_8x30m/segments/segment_0008/skhynix/common_l2_timeline.csv.gz,segments/segment_0008/skhynix/common_l2_timeline.csv.gz,6206205,092c7b46e92013f9893353e0d393b3595edb7289a1f423336339be4e41c51152,fc4d962bd96792b87671a35974601827864267f7a3d3181ff8237b050b497b12
after,historical_source,r0_manifest,aug03,,/Users/liu/Documents/hftbacktest/local_live_analysis/skhynix_cross_exchange_research_0803T001,/Users/liu/Documents/hftbacktest/local_live_analysis/skhynix_cross_exchange_research_0803T001/research_input_manifest.json,research_input_manifest.json,12763,4ca8b2e0be7f989eabf11294d9a60da491c0f3fecd8124e9bf097bf1beff5e7a,4ca8b2e0be7f989eabf11294d9a60da491c0f3fecd8124e9bf097bf1beff5e7a
after,historical_source,r0_manifest,aug04,,/Users/liu/Documents/hftbacktest/local_live_analysis/skhynix_cross_exchange_research_0804T001,/Users/liu/Documents/hftbacktest/local_live_analysis/skhynix_cross_exchange_research_0804T001/research_input_manifest.json,research_input_manifest.json,3821,ed47cd97b55f5305b0527ac93e6b65d2344ef453b18e7f510f7c7c4e88bcd0cd,ed47cd97b55f5305b0527ac93e6b65d2344ef453b18e7f510f7c7c4e88bcd0cd
after,historical_source,r0_manifest,jul30,,/Users/liu/Documents/hftbacktest/local_live_analysis/skhynix_cross_exchange_research_0730T013,/Users/liu/Documents/hftbacktest/local_live_analysis/skhynix_cross_exchange_research_0730T013/research_input_manifest.json,research_input_manifest.json,11733,c46c735d7933587af6eece4a9dd1bce241b3c093866efce976b1c3f952e72ce0,c46c735d7933587af6eece4a9dd1bce241b3c093866efce976b1c3f952e72ce0
after,historical_source,r0_segment_manifest,aug03,segment_0001,/Users/liu/Documents/hftbacktest/local_live_analysis/skhynix_cross_exchange_research_0803T001,/Users/liu/Documents/hftbacktest/local_live_analysis/skhynix_cross_exchange_research_0803T001/segments/segment_0001/segment_event_store_manifest.json,segments/segment_0001/segment_event_store_manifest.json,5912,b492583a91bb1c4c90b15eee62b2c3d85d92a03733bb4e0ab79d719a42599df4,4ca8b2e0be7f989eabf11294d9a60da491c0f3fecd8124e9bf097bf1beff5e7a
after,historical_source,r0_segment_manifest,aug03,segment_0002,/Users/liu/Documents/hftbacktest/local_live_analysis/skhynix_cross_exchange_research_0803T001,/Users/liu/Documents/hftbacktest/local_live_analysis/skhynix_cross_exchange_research_0803T001/segments/segment_0002/segment_event_store_manifest.json,segments/segment_0002/segment_event_store_manifest.json,5919,4e712d7406f8280b2412d4604682a14a41e14092afa7133501223aae929a6d52,4ca8b2e0be7f989eabf11294d9a60da491c0f3fecd8124e9bf097bf1beff5e7a
after,historical_source,r0_segment_manifest,aug03,segment_0003,/Users/liu/Documents/hftbacktest/local_live_analysis/skhynix_cross_exchange_research_0803T001,/Users/liu/Documents/hftbacktest/local_live_analysis/skhynix_cross_exchange_research_0803T001/segments/segment_0003/segment_event_store_manifest.json,segments/segment_0003/segment_event_store_manifest.json,5919,e0f1a767d7407dc54cf7a7d96c62c00dda4ba196df02cc2bb324742357d98eb4,4ca8b2e0be7f989eabf11294d9a60da491c0f3fecd8124e9bf097bf1beff5e7a
after,historical_source,r0_segment_manifest,aug03,segment_0004,/Users/liu/Documents/hftbacktest/local_live_analysis/skhynix_cross_exchange_research_0803T001,/Users/liu/Documents/hftbacktest/local_live_analysis/skhynix_cross_exchange_research_0803T001/segments/segment_0004/segment_event_store_manifest.json,segments/segment_0004/segment_event_store_manifest.json,5919,164b44f88451a41b70566ea0d2ca7fcbb07080b78e14c604eb450958a295d385,4ca8b2e0be7f989eabf11294d9a60da491c0f3fecd8124e9bf097bf1beff5e7a
after,historical_source,r0_segment_manifest,aug03,segment_0005,/Users/liu/Documents/hftbacktest/local_live_analysis/skhynix_cross_exchange_research_0803T001,/Users/liu/Documents/hftbacktest/local_live_analysis/skhynix_cross_exchange_research_0803T001/segments/segment_0005/segment_event_store_manifest.json,segments/segment_0005/segment_event_store_manifest.json,5918,1de31af6931a5b7c6c0a84c4ec055d095038ec3d8279e06416f5c405a9c111fc,4ca8b2e0be7f989eabf11294d9a60da491c0f3fecd8124e9bf097bf1beff5e7a
after,historical_source,r0_segment_manifest,aug03,segment_0006,/Users/liu/Documents/hftbacktest/local_live_analysis/skhynix_cross_exchange_research_0803T001,/Users/liu/Documents/hftbacktest/local_live_analysis/skhynix_cross_exchange_research_0803T001/segments/segment_0006/segment_event_store_manifest.json,segments/segment_0006/segment_event_store_manifest.json,5918,445b6b1aa1e5a71f3ee09e5cad8209055556fe1a77107f950579a8c675cb17a0,4ca8b2e0be7f989eabf11294d9a60da491c0f3fecd8124e9bf097bf1beff5e7a
after,historical_source,r0_segment_manifest,aug03,segment_0007,/Users/liu/Documents/hftbacktest/local_live_analysis/skhynix_cross_exchange_research_0803T001,/Users/liu/Documents/hftbacktest/local_live_analysis/skhynix_cross_exchange_research_0803T001/segments/segment_0007/segment_event_store_manifest.json,segments/segment_0007/segment_event_store_manifest.json,5917,deff8c296ab5e96c45e66c23e80884428ab678fc7eb1322f279d88972356ea85,4ca8b2e0be7f989eabf11294d9a60da491c0f3fecd8124e9bf097bf1beff5e7a
after,historical_source,r0_segment_manifest,aug03,segment_0008,/Users/liu/Documents/hftbacktest/local_live_analysis/skhynix_cross_exchange_research_0803T001,/Users/liu/Documents/hftbacktest/local_live_analysis/skhynix_cross_exchange_research_0803T001/segments/segment_0008/segment_event_store_manifest.json,segments/segment_0008/segment_event_store_manifest.json,5916,7f739c7b4918e4ec9495fafe0813db47f236d8b382f9603fe9a988ce2618f128,4ca8b2e0be7f989eabf11294d9a60da491c0f3fecd8124e9bf097bf1beff5e7a
after,historical_source,r0_segment_manifest,aug03,segment_0009,/Users/liu/Documents/hftbacktest/local_live_analysis/skhynix_cross_exchange_research_0803T001,/Users/liu/Documents/hftbacktest/local_live_analysis/skhynix_cross_exchange_research_0803T001/segments/segment_0009/segment_event_store_manifest.json,segments/segment_0009/segment_event_store_manifest.json,5916,2c9a9a9b3e0f85645b6c0137fae161ed1f64bfe70cc613256d33d1bc961b76ee,4ca8b2e0be7f989eabf11294d9a60da491c0f3fecd8124e9bf097bf1beff5e7a
after,historical_source,r0_segment_manifest,aug03,segment_0010,/Users/liu/Documents/hftbacktest/local_live_analysis/skhynix_cross_exchange_research_0803T001,/Users/liu/Documents/hftbacktest/local_live_analysis/skhynix_cross_exchange_research_0803T001/segments/segment_0010/segment_event_store_manifest.json,segments/segment_0010/segment_event_store_manifest.json,5915,f5baf506dfd39166ff26fc5ac567a360c30584fc1423021e99a7770ae2b69504,4ca8b2e0be7f989eabf11294d9a60da491c0f3fecd8124e9bf097bf1beff5e7a
after,historical_source,r0_segment_manifest,aug04,segment_0001,/Users/liu/Documents/hftbacktest/local_live_analysis/skhynix_cross_exchange_research_0804T001,/Users/liu/Documents/hftbacktest/local_live_analysis/skhynix_cross_exchange_research_0804T001/segments/segment_0001/segment_event_store_manifest.json,segments/segment_0001/segment_event_store_manifest.json,5968,63226b762d80c5be12e1b2f832112cb7c7e3bf22b4575180e13d297c26f43f44,ed47cd97b55f5305b0527ac93e6b65d2344ef453b18e7f510f7c7c4e88bcd0cd
after,historical_source,r0_segment_manifest,jul30,segment_0001,/Users/liu/Documents/hftbacktest/local_live_analysis/skhynix_cross_exchange_research_0730T013,/Users/liu/Documents/hftbacktest/local_live_analysis/skhynix_cross_exchange_research_0730T013/segments/segment_0001/segment_event_store_manifest.json,segments/segment_0001/segment_event_store_manifest.json,5908,dc97af701e9c0501f93b03b9e9ec9edf9c59498e558a62fcceb4bd9bbe2ba19a,c46c735d7933587af6eece4a9dd1bce241b3c093866efce976b1c3f952e72ce0
after,historical_source,r0_segment_manifest,jul30,segment_0002,/Users/liu/Documents/hftbacktest/local_live_analysis/skhynix_cross_exchange_research_0730T013,/Users/liu/Documents/hftbacktest/local_live_analysis/skhynix_cross_exchange_research_0730T013/segments/segment_0002/segment_event_store_manifest.json,segments/segment_0002/segment_event_store_manifest.json,5913,e5d2559bb80e80c38b25d653dea963492b1eb86b4ef6b08a3d01ba7f9a8a0efd,c46c735d7933587af6eece4a9dd1bce241b3c093866efce976b1c3f952e72ce0
after,historical_source,r0_segment_manifest,jul30,segment_0003,/Users/liu/Documents/hftbacktest/local_live_analysis/skhynix_cross_exchange_research_0730T013,/Users/liu/Documents/hftbacktest/local_live_analysis/skhynix_cross_exchange_research_0730T013/segments/segment_0003/segment_event_store_manifest.json,segments/segment_0003/segment_event_store_manifest.json,5913,ec96289d5bb89f2a70ab68f69fab30f822f03a226b38c3fbbc1713d4680f6daa,c46c735d7933587af6eece4a9dd1bce241b3c093866efce976b1c3f952e72ce0
after,historical_source,r0_segment_manifest,jul30,segment_0004,/Users/liu/Documents/hftbacktest/local_live_analysis/skhynix_cross_exchange_research_0730T013,/Users/liu/Documents/hftbacktest/local_live_analysis/skhynix_cross_exchange_research_0730T013/segments/segment_0004/segment_event_store_manifest.json,segments/segment_0004/segment_event_store_manifest.json,5913,442a1ab2bf48c9d61d46ffa2724538eec03430e406ce3dd0d68a4a360a7b9a3e,c46c735d7933587af6eece4a9dd1bce241b3c093866efce976b1c3f952e72ce0
after,historical_source,r0_segment_manifest,jul30,segment_0005,/Users/liu/Documents/hftbacktest/local_live_analysis/skhynix_cross_exchange_research_0730T013,/Users/liu/Documents/hftbacktest/local_live_analysis/skhynix_cross_exchange_research_0730T013/segments/segment_0005/segment_event_store_manifest.json,segments/segment_0005/segment_event_store_manifest.json,5913,836a9b5f450f1230e7da109c5b84b0ec3f8b1916563627e87eedf4c7c8c237c3,c46c735d7933587af6eece4a9dd1bce241b3c093866efce976b1c3f952e72ce0
after,historical_source,r0_segment_manifest,jul30,segment_0006,/Users/liu/Documents/hftbacktest/local_live_analysis/skhynix_cross_exchange_research_0730T013,/Users/liu/Documents/hftbacktest/local_live_analysis/skhynix_cross_exchange_research_0730T013/segments/segment_0006/segment_event_store_manifest.json,segments/segment_0006/segment_event_store_manifest.json,5913,88d3f3a4a93f095eb888fd012c9e5da117626a16ec350f5fb700caf8649f0356,c46c735d7933587af6eece4a9dd1bce241b3c093866efce976b1c3f952e72ce0
after,historical_source,r0_segment_manifest,jul30,segment_0007,/Users/liu/Documents/hftbacktest/local_live_analysis/skhynix_cross_exchange_research_0730T013,/Users/liu/Documents/hftbacktest/local_live_analysis/skhynix_cross_exchange_research_0730T013/segments/segment_0007/segment_event_store_manifest.json,segments/segment_0007/segment_event_store_manifest.json,5913,040caf595af5bcadec4bd5b597e7ca296535d6f031c637936eaf06d84c6dacc6,c46c735d7933587af6eece4a9dd1bce241b3c093866efce976b1c3f952e72ce0
after,historical_source,r0_segment_manifest,jul30,segment_0008,/Users/liu/Documents/hftbacktest/local_live_analysis/skhynix_cross_exchange_research_0730T013,/Users/liu/Documents/hftbacktest/local_live_analysis/skhynix_cross_exchange_research_0730T013/segments/segment_0008/segment_event_store_manifest.json,segments/segment_0008/segment_event_store_manifest.json,5911,7121cc395fd4b0cf70e6b9e8ded76809984e67e03fa68c92464e8b99d85d418a,c46c735d7933587af6eece4a9dd1bce241b3c093866efce976b1c3f952e72ce0
after,historical_source,r1_manifest,aug03,,/Users/liu/Documents/hftbacktest/local_live_analysis/skhynix_cross_exchange_research_0804T001_old5h_replay/alignment,/Users/liu/Documents/hftbacktest/local_live_analysis/skhynix_cross_exchange_research_0804T001_old5h_replay/alignment/alignment_manifest.json,alignment_manifest.json,5610,1c4119daa4aa1f2575e4184e11058c81b626a91c3e1f1497f6424cf00fe752a3,1c4119daa4aa1f2575e4184e11058c81b626a91c3e1f1497f6424cf00fe752a3
after,historical_source,r1_manifest,aug04,,/Users/liu/Documents/hftbacktest/local_live_analysis/skhynix_cross_exchange_research_0804T001/alignment,/Users/liu/Documents/hftbacktest/local_live_analysis/skhynix_cross_exchange_research_0804T001/alignment/alignment_manifest.json,alignment_manifest.json,4318,9d14558be47731fa274b2ede853a0f36ac27d3a0640da8ef9de56c136fcca221,9d14558be47731fa274b2ede853a0f36ac27d3a0640da8ef9de56c136fcca221
after,historical_source,r1_manifest,jul30,,/Users/liu/Documents/hftbacktest/local_live_analysis/skhynix_cross_exchange_research_0730T013/alignment,/Users/liu/Documents/hftbacktest/local_live_analysis/skhynix_cross_exchange_research_0730T013/alignment/alignment_manifest.json,alignment_manifest.json,4986,6123b408cbdfdc95758c8d27e6e0664959caaebeb0de843a5978cfee6c6c8ffd,6123b408cbdfdc95758c8d27e6e0664959caaebeb0de843a5978cfee6c6c8ffd
after,historical_source,r1_quality,aug03,,/Users/liu/Documents/hftbacktest/local_live_analysis/skhynix_cross_exchange_research_0804T001_old5h_replay/alignment,/Users/liu/Documents/hftbacktest/local_live_analysis/skhynix_cross_exchange_research_0804T001_old5h_replay/alignment/alignment_quality_by_segment.csv,alignment_quality_by_segment.csv,885,318951391fec1a4116df435c3945c4bcb7259448ab36a553c4f21c06660dcf4f,1c4119daa4aa1f2575e4184e11058c81b626a91c3e1f1497f6424cf00fe752a3
after,historical_source,r1_quality,aug04,,/Users/liu/Documents/hftbacktest/local_live_analysis/skhynix_cross_exchange_research_0804T001/alignment,/Users/liu/Documents/hftbacktest/local_live_analysis/skhynix_cross_exchange_research_0804T001/alignment/alignment_quality_by_segment.csv,alignment_quality_by_segment.csv,306,69bb6af65c9bb420f8117fc34bbb2976518a6deea6cfb70b58038cebac64c3b5,9d14558be47731fa274b2ede853a0f36ac27d3a0640da8ef9de56c136fcca221
after,historical_source,r1_quality,jul30,,/Users/liu/Documents/hftbacktest/local_live_analysis/skhynix_cross_exchange_research_0730T013/alignment,/Users/liu/Documents/hftbacktest/local_live_analysis/skhynix_cross_exchange_research_0730T013/alignment/alignment_quality_by_segment.csv,alignment_quality_by_segment.csv,766,486b73b6d26796a20705ad84df1eb42b37840f56aeb66f7143c9ce31738dcdde,6123b408cbdfdc95758c8d27e6e0664959caaebeb0de843a5978cfee6c6c8ffd
after,historical_source,raw_manifest,aug03,,/Users/liu/Documents/hftbacktest/local_live_analysis/cross_exchange_collection_campaign_0802T001_skhynix_5h_10x30m,/Users/liu/Documents/hftbacktest/local_live_analysis/cross_exchange_collection_campaign_0802T001_skhynix_5h_10x30m/campaign_manifest.json,campaign_manifest.json,6921,c9d7f65ed85157838f55a41d56745e76e8cee845fcd20d066cd0f81ff61f5fe9,c9d7f65ed85157838f55a41d56745e76e8cee845fcd20d066cd0f81ff61f5fe9
after,historical_source,raw_manifest,aug04,,/Users/liu/Documents/hftbacktest/local_live_analysis/cross_exchange_collection_campaign_0804T001_skhynix_2h_continuous,/Users/liu/Documents/hftbacktest/local_live_analysis/cross_exchange_collection_campaign_0804T001_skhynix_2h_continuous/campaign_manifest.json,campaign_manifest.json,8866,1853924b91ad9751239387c303a18c7906510c63d6c7449b28c59668d377885b,1853924b91ad9751239387c303a18c7906510c63d6c7449b28c59668d377885b
after,historical_source,raw_manifest,jul30,,/Users/liu/Documents/hftbacktest/local_live_analysis/cross_exchange_collection_campaign_0730T011_skhynix_4h_8x30m,/Users/liu/Documents/hftbacktest/local_live_analysis/cross_exchange_collection_campaign_0730T011_skhynix_4h_8x30m/campaign_manifest.json,campaign_manifest.json,7560,fc4d962bd96792b87671a35974601827864267f7a3d3181ff8237b050b497b12,fc4d962bd96792b87671a35974601827864267f7a3d3181ff8237b050b497b12
after,historical_source,segment_index,aug03,,/Users/liu/Documents/hftbacktest/local_live_analysis/cross_exchange_collection_campaign_0802T001_skhynix_5h_10x30m,/Users/liu/Documents/hftbacktest/local_live_analysis/cross_exchange_collection_campaign_0802T001_skhynix_5h_10x30m/timeline_index.csv,timeline_index.csv,2885,5345bad5edd9f98fcb7610a7aab3efa907d231e20ae4f36f9b9cd6622e4b5649,c9d7f65ed85157838f55a41d56745e76e8cee845fcd20d066cd0f81ff61f5fe9
after,historical_source,segment_index,aug04,,/Users/liu/Documents/hftbacktest/local_live_analysis/cross_exchange_collection_campaign_0804T001_skhynix_2h_continuous,/Users/liu/Documents/hftbacktest/local_live_analysis/cross_exchange_collection_campaign_0804T001_skhynix_2h_continuous/timeline_index.csv,timeline_index.csv,516,b72f48f056d5243739aaac61a2c49911b7c5fa7c51b34998e95f30e7e0b2a0e9,1853924b91ad9751239387c303a18c7906510c63d6c7449b28c59668d377885b
after,historical_source,segment_index,jul30,,/Users/liu/Documents/hftbacktest/local_live_analysis/cross_exchange_collection_campaign_0730T011_skhynix_4h_8x30m,/Users/liu/Documents/hftbacktest/local_live_analysis/cross_exchange_collection_campaign_0730T011_skhynix_4h_8x30m/timeline_index.csv,timeline_index.csv,2326,97ecb71b9515835ee155ca330738b058b15b4e5604e6afdb5bac7bb642332aac,fc4d962bd96792b87671a35974601827864267f7a3d3181ff8237b050b497b12
after,historical_source,segment_quality,aug03,,/Users/liu/Documents/hftbacktest/local_live_analysis/skhynix_cross_exchange_research_0803T001,/Users/liu/Documents/hftbacktest/local_live_analysis/skhynix_cross_exchange_research_0803T001/segment_and_mask_index.csv,segment_and_mask_index.csv,2630,719b0b5a1eb430618d3e17e70e697eb6c89462ba5bfa02fef82040cc638ef78c,4ca8b2e0be7f989eabf11294d9a60da491c0f3fecd8124e9bf097bf1beff5e7a
after,historical_source,segment_quality,aug04,,/Users/liu/Documents/hftbacktest/local_live_analysis/skhynix_cross_exchange_research_0804T001,/Users/liu/Documents/hftbacktest/local_live_analysis/skhynix_cross_exchange_research_0804T001/segment_and_mask_index.csv,segment_and_mask_index.csv,385,8f3bb4fa4caa3f11838b7e0f060525016774303f7a444abf7a0a59c0ede27378,ed47cd97b55f5305b0527ac93e6b65d2344ef453b18e7f510f7c7c4e88bcd0cd
after,historical_source,segment_quality,jul30,,/Users/liu/Documents/hftbacktest/local_live_analysis/skhynix_cross_exchange_research_0730T013,/Users/liu/Documents/hftbacktest/local_live_analysis/skhynix_cross_exchange_research_0730T013/segment_and_mask_index.csv,segment_and_mask_index.csv,2254,c2a1cb84797ff701f22279a577105ce9429e9d901ef3a15df49c5dd7336fe45b,c46c735d7933587af6eece4a9dd1bce241b3c093866efce976b1c3f952e72ce0
after,historical_source,target_bbo_event_store,aug03,segment_0001,/Users/liu/Documents/hftbacktest/local_live_analysis/skhynix_cross_exchange_research_0803T001,/Users/liu/Documents/hftbacktest/local_live_analysis/skhynix_cross_exchange_research_0803T001/segments/segment_0001/hyperliquid_hot_events.csv.gz,segments/segment_0001/hyperliquid_hot_events.csv.gz,1634985,3ada3e695c02ea6a99e5f49ec38f471e370946bde66d9de759e5af59790db0a3,4ca8b2e0be7f989eabf11294d9a60da491c0f3fecd8124e9bf097bf1beff5e7a
after,historical_source,target_bbo_event_store,aug03,segment_0002,/Users/liu/Documents/hftbacktest/local_live_analysis/skhynix_cross_exchange_research_0803T001,/Users/liu/Documents/hftbacktest/local_live_analysis/skhynix_cross_exchange_research_0803T001/segments/segment_0002/hyperliquid_hot_events.csv.gz,segments/segment_0002/hyperliquid_hot_events.csv.gz,2335881,9353d21ca500e21674b0ffcaf38028e0fef274f7fadd087e29c9ffb3964ab463,4ca8b2e0be7f989eabf11294d9a60da491c0f3fecd8124e9bf097bf1beff5e7a
after,historical_source,target_bbo_event_store,aug03,segment_0003,/Users/liu/Documents/hftbacktest/local_live_analysis/skhynix_cross_exchange_research_0803T001,/Users/liu/Documents/hftbacktest/local_live_analysis/skhynix_cross_exchange_research_0803T001/segments/segment_0003/hyperliquid_hot_events.csv.gz,segments/segment_0003/hyperliquid_hot_events.csv.gz,1890033,d32a4d65d791c8a02dff49e5a994069fb5305356468c90b78dd78f6d5884a035,4ca8b2e0be7f989eabf11294d9a60da491c0f3fecd8124e9bf097bf1beff5e7a
after,historical_source,target_bbo_event_store,aug03,segment_0004,/Users/liu/Documents/hftbacktest/local_live_analysis/skhynix_cross_exchange_research_0803T001,/Users/liu/Documents/hftbacktest/local_live_analysis/skhynix_cross_exchange_research_0803T001/segments/segment_0004/hyperliquid_hot_events.csv.gz,segments/segment_0004/hyperliquid_hot_events.csv.gz,1393863,6b9e1790f7288acf770e92436f343f8996745a2b0cfc132f9df01beaa1394fbb,4ca8b2e0be7f989eabf11294d9a60da491c0f3fecd8124e9bf097bf1beff5e7a
after,historical_source,target_bbo_event_store,aug03,segment_0005,/Users/liu/Documents/hftbacktest/local_live_analysis/skhynix_cross_exchange_research_0803T001,/Users/liu/Documents/hftbacktest/local_live_analysis/skhynix_cross_exchange_research_0803T001/segments/segment_0005/hyperliquid_hot_events.csv.gz,segments/segment_0005/hyperliquid_hot_events.csv.gz,1230987,2bd26e16aa1346d25a5c3458c532d7530da541f58f44c092fae5c9d3ec3c6b6f,4ca8b2e0be7f989eabf11294d9a60da491c0f3fecd8124e9bf097bf1beff5e7a
after,historical_source,target_bbo_event_store,aug03,segment_0006,/Users/liu/Documents/hftbacktest/local_live_analysis/skhynix_cross_exchange_research_0803T001,/Users/liu/Documents/hftbacktest/local_live_analysis/skhynix_cross_exchange_research_0803T001/segments/segment_0006/hyperliquid_hot_events.csv.gz,segments/segment_0006/hyperliquid_hot_events.csv.gz,1128764,e102ae9b7db7525180baf38dce0d23bc77671e59a43bb6ee6fce6ef3aabff1a1,4ca8b2e0be7f989eabf11294d9a60da491c0f3fecd8124e9bf097bf1beff5e7a
after,historical_source,target_bbo_event_store,aug03,segment_0007,/Users/liu/Documents/hftbacktest/local_live_analysis/skhynix_cross_exchange_research_0803T001,/Users/liu/Documents/hftbacktest/local_live_analysis/skhynix_cross_exchange_research_0803T001/segments/segment_0007/hyperliquid_hot_events.csv.gz,segments/segment_0007/hyperliquid_hot_events.csv.gz,843843,16af769c69e301c7b3284d1f4bc788e4d6ab39da0d4ad0c8c6ce9dd1e879fb67,4ca8b2e0be7f989eabf11294d9a60da491c0f3fecd8124e9bf097bf1beff5e7a
after,historical_source,target_bbo_event_store,aug03,segment_0008,/Users/liu/Documents/hftbacktest/local_live_analysis/skhynix_cross_exchange_research_0803T001,/Users/liu/Documents/hftbacktest/local_live_analysis/skhynix_cross_exchange_research_0803T001/segments/segment_0008/hyperliquid_hot_events.csv.gz,segments/segment_0008/hyperliquid_hot_events.csv.gz,830480,4d69cbc7d8e6b0d1622da885dfb459f9e1c468091fd2fc5b4e999e5db22679d3,4ca8b2e0be7f989eabf11294d9a60da491c0f3fecd8124e9bf097bf1beff5e7a
after,historical_source,target_bbo_event_store,aug03,segment_0009,/Users/liu/Documents/hftbacktest/local_live_analysis/skhynix_cross_exchange_research_0803T001,/Users/liu/Documents/hftbacktest/local_live_analysis/skhynix_cross_exchange_research_0803T001/segments/segment_0009/hyperliquid_hot_events.csv.gz,segments/segment_0009/hyperliquid_hot_events.csv.gz,866675,fbc9a1cc95715e9a5a9ac1be95759e4c5de2553f6c0544d47de464092aacb63c,4ca8b2e0be7f989eabf11294d9a60da491c0f3fecd8124e9bf097bf1beff5e7a
after,historical_source,target_bbo_event_store,aug03,segment_0010,/Users/liu/Documents/hftbacktest/local_live_analysis/skhynix_cross_exchange_research_0803T001,/Users/liu/Documents/hftbacktest/local_live_analysis/skhynix_cross_exchange_research_0803T001/segments/segment_0010/hyperliquid_hot_events.csv.gz,segments/segment_0010/hyperliquid_hot_events.csv.gz,993048,647abf3580ccf02dabf7c465821eaaa02e18eaeedcec434796734772b8795430,4ca8b2e0be7f989eabf11294d9a60da491c0f3fecd8124e9bf097bf1beff5e7a
after,historical_source,target_bbo_event_store,aug04,segment_0001,/Users/liu/Documents/hftbacktest/local_live_analysis/skhynix_cross_exchange_research_0804T001,/Users/liu/Documents/hftbacktest/local_live_analysis/skhynix_cross_exchange_research_0804T001/segments/segment_0001/hyperliquid_hot_events.csv.gz,segments/segment_0001/hyperliquid_hot_events.csv.gz,6528224,b8e542f3c823c6fa1abaa42c1262c6fd03f06781c650996bb7d22fe5881a17ce,ed47cd97b55f5305b0527ac93e6b65d2344ef453b18e7f510f7c7c4e88bcd0cd
after,historical_source,target_bbo_event_store,jul30,segment_0001,/Users/liu/Documents/hftbacktest/local_live_analysis/skhynix_cross_exchange_research_0730T013,/Users/liu/Documents/hftbacktest/local_live_analysis/skhynix_cross_exchange_research_0730T013/segments/segment_0001/hyperliquid_hot_events.csv.gz,segments/segment_0001/hyperliquid_hot_events.csv.gz,3731041,cd06f647dc1758e7a172c558d2555b12f4dcab72fea302c00b8656a8676f8aec,c46c735d7933587af6eece4a9dd1bce241b3c093866efce976b1c3f952e72ce0
after,historical_source,target_bbo_event_store,jul30,segment_0002,/Users/liu/Documents/hftbacktest/local_live_analysis/skhynix_cross_exchange_research_0730T013,/Users/liu/Documents/hftbacktest/local_live_analysis/skhynix_cross_exchange_research_0730T013/segments/segment_0002/hyperliquid_hot_events.csv.gz,segments/segment_0002/hyperliquid_hot_events.csv.gz,3348466,edc5398646ae7be575fd582cc7eed879b3175dd7a140404a4c6ed62c51a3acaf,c46c735d7933587af6eece4a9dd1bce241b3c093866efce976b1c3f952e72ce0
after,historical_source,target_bbo_event_store,jul30,segment_0003,/Users/liu/Documents/hftbacktest/local_live_analysis/skhynix_cross_exchange_research_0730T013,/Users/liu/Documents/hftbacktest/local_live_analysis/skhynix_cross_exchange_research_0730T013/segments/segment_0003/hyperliquid_hot_events.csv.gz,segments/segment_0003/hyperliquid_hot_events.csv.gz,3617245,70c52294fe23281f6fdbbe902ce1da35200a4d427db0b35d655f27cccf42543f,c46c735d7933587af6eece4a9dd1bce241b3c093866efce976b1c3f952e72ce0
after,historical_source,target_bbo_event_store,jul30,segment_0004,/Users/liu/Documents/hftbacktest/local_live_analysis/skhynix_cross_exchange_research_0730T013,/Users/liu/Documents/hftbacktest/local_live_analysis/skhynix_cross_exchange_research_0730T013/segments/segment_0004/hyperliquid_hot_events.csv.gz,segments/segment_0004/hyperliquid_hot_events.csv.gz,2728759,f8af712933106124200b69fcaa1a91f5737ef431e4d00a497f385b4742176f50,c46c735d7933587af6eece4a9dd1bce241b3c093866efce976b1c3f952e72ce0
after,historical_source,target_bbo_event_store,jul30,segment_0005,/Users/liu/Documents/hftbacktest/local_live_analysis/skhynix_cross_exchange_research_0730T013,/Users/liu/Documents/hftbacktest/local_live_analysis/skhynix_cross_exchange_research_0730T013/segments/segment_0005/hyperliquid_hot_events.csv.gz,segments/segment_0005/hyperliquid_hot_events.csv.gz,2814202,df1cb5ebe8966e275891434cc3889cec467454f9b30f094781acddc599ff8ce2,c46c735d7933587af6eece4a9dd1bce241b3c093866efce976b1c3f952e72ce0
after,historical_source,target_bbo_event_store,jul30,segment_0006,/Users/liu/Documents/hftbacktest/local_live_analysis/skhynix_cross_exchange_research_0730T013,/Users/liu/Documents/hftbacktest/local_live_analysis/skhynix_cross_exchange_research_0730T013/segments/segment_0006/hyperliquid_hot_events.csv.gz,segments/segment_0006/hyperliquid_hot_events.csv.gz,2885812,a69618e00c93aa088cc42ebb56d01cca61929412fb661ab7b63358c7dca09166,c46c735d7933587af6eece4a9dd1bce241b3c093866efce976b1c3f952e72ce0
after,historical_source,target_bbo_event_store,jul30,segment_0007,/Users/liu/Documents/hftbacktest/local_live_analysis/skhynix_cross_exchange_research_0730T013,/Users/liu/Documents/hftbacktest/local_live_analysis/skhynix_cross_exchange_research_0730T013/segments/segment_0007/hyperliquid_hot_events.csv.gz,segments/segment_0007/hyperliquid_hot_events.csv.gz,2730926,e2ea70eddcb6e63c9c3de58e09911e96925f47d1b4a68502bec9b7f72cfb2411,c46c735d7933587af6eece4a9dd1bce241b3c093866efce976b1c3f952e72ce0
after,historical_source,target_bbo_event_store,jul30,segment_0008,/Users/liu/Documents/hftbacktest/local_live_analysis/skhynix_cross_exchange_research_0730T013,/Users/liu/Documents/hftbacktest/local_live_analysis/skhynix_cross_exchange_research_0730T013/segments/segment_0008/hyperliquid_hot_events.csv.gz,segments/segment_0008/hyperliquid_hot_events.csv.gz,2451347,5aa726cf402c955bdd3ade04163198612fec8e29887eed0ec383f5282c82b541,c46c735d7933587af6eece4a9dd1bce241b3c093866efce976b1c3f952e72ce0
